variant,activity,original,mutation,resid,n_mut,activity_binary,activity_scaled,y_pred
R2F,-0.262092199800612,R,F,2,1,0,0.892972854240266,0.56378896882494
R2W,-0.225549176664719,R,W,2,1,0,0.902701762735443,0.6100719424460431
R2P,-0.350819897555777,R,P,2,1,0,0.869350734930717,0.4721023181454836
R2M,-0.451304616865482,R,M,2,1,0,0.842598524647178,0.37617905675459634
R2I,-0.12912097356389,R,I,2,1,0,0.928374000109828,0.7529976019184652
R2L,-0.314242497163876,R,L,2,1,0,0.879088795738683,0.5066346922462031
R2V,-0.225549176664719,R,V,2,1,0,0.902701762735443,0.6100719424460431
R2A,-0.539344769500498,R,A,2,1,0,0.819159451593418,0.270343725019984
R2G,-0.0267111279177696,R,G,2,1,0,0.955638739909575,0.9221422861710632
R2C,-0.225549176664719,R,C,2,1,0,0.902701762735443,0.6100719424460431
R2S,-0.104128708446492,R,S,2,1,0,0.935027731507752,0.7924860111910471
R2T,-0.221011378871738,R,T,2,1,0,0.90390986802365,0.6146282973621103
R2N,-0.564646429921964,R,N,2,1,0,0.812423349380388,0.24668265387689847
R2Q,-0.478600158135378,R,Q,2,1,0,0.835331588292361,0.34716227018385293
R2D,-0.225721062944756,R,D,2,1,0,0.902656001171496,0.6094324540367706
R2K,-0.158204132146172,R,K,2,1,0,0.92063114348996,0.7058353317346123
H3F,-0.288940836742411,H,F,3,1,0,0.885824897951712,0.533013589128697
H3Y,-0.0937467771322493,H,Y,3,1,0,0.937791729970163,0.8119104716227018
H3P,-0.356767162845062,H,P,3,1,0,0.867767384818143,0.46698641087130294
H3I,0.0907215786035958,H,I,3,1,1,0.986903040398309,0.99568345323741
H3L,0.0808553061294647,H,L,3,1,1,0.984276326627739,0.9942446043165467
H3V,0.11416686720066,H,V,3,1,1,0.993144917720708,0.9990407673860912
H3A,-0.198322389906838,H,A,3,1,0,0.909950394464681,0.6458832933653078
H3G,-0.405479734607584,H,G,3,1,0,0.854798557595504,0.4229416466826539
H3C,-0.127608374299563,H,C,3,1,0,0.928776701872563,0.7558752997601919
H3S,-0.105503798686789,H,S,3,1,0,0.934661638996174,0.7904876099120703
H3T,0.0983877066932517,H,T,3,1,1,0.988944006150354,0.9972821742605915
H3N,-0.0288081405342225,H,N,3,1,0,0.955080448829419,0.9195843325339729
H3Q,0.106122589294922,H,Q,3,1,1,0.991003276527978,0.9982414068745004
H3D,-0.207982398844924,H,D,3,1,0,0.907378594570848,0.6324540367705835
H3E,-0.370346178967995,H,E,3,1,0,0.864152221266314,0.4550759392486011
H3K,-0.338306576369074,H,K,3,1,0,0.872682176786074,0.4839328537170264
H3R,-0.188249853896662,H,R,3,1,0,0.912632022111988,0.6586730615507594
G4F,-0.68754512014851,G,F,4,1,0,0.779703831158133,0.15523581135091927
G4W,-0.669565815256626,G,W,4,1,0,0.784490490747012,0.164828137490008
G4Y,-0.504004950324865,G,Y,4,1,0,0.828568029140964,0.31526778577138287
G4P,-0.474199869366427,G,P,4,1,0,0.83650308432941,0.3510791366906475
G4M,-0.421533913163051,G,M,4,1,0,0.850524427522835,0.40591526778577136
G4I,-0.159647976898484,G,I,4,1,0,0.920246746352803,0.7027977617905675
G4L,-0.374058922616797,G,L,4,1,0,0.863163771485054,0.45083932853717024
G4V,-0.123104953762591,G,V,4,1,0,0.92997565484798,0.7619504396482814
G4A,-0.03458351954347,G,A,4,1,0,0.953542860280793,0.9125499600319744
G4C,-0.0608477431331431,G,C,4,1,0,0.946550493309659,0.8653876898481215
G4S,0.0549692323558733,G,S,4,1,1,0.977384635097289,0.9876898481215028
G4T,-0.327340231702705,G,T,4,1,0,0.875601764565906,0.49488409272581935
G4N,-0.405479734607584,G,N,4,1,0,0.854798557595504,0.4229416466826539
G4Q,-0.370346178967995,G,Q,4,1,0,0.864152221266314,0.4550759392486011
G4D,-0.0598851799649352,G,D,4,1,0,0.946806758067764,0.8673061550759392
G4E,-0.340437966241535,G,E,4,1,0,0.872114733393128,0.4817745803357314
G4H,-0.460311457939427,G,H,4,1,0,0.840200618696344,0.3672262190247802
G4K,-0.75643714118739,G,K,4,1,0,0.761362596328092,0.12398081534772182
G4R,-0.298394582144453,G,R,4,1,0,0.883308011934616,0.5221422861710632
D5F,-0.504004950324865,D,F,5,1,0,0.828568029140964,0.31526778577138287
D5W,-0.170579944308845,D,W,5,1,0,0.917336310885761,0.6854516386890488
D5Y,-0.148165973392004,D,Y,5,1,0,0.923303618824477,0.7233413269384492
D5P,-0.670975282752931,D,P,5,1,0,0.784115245922644,0.16354916067146283
D5M,-0.345697686410671,D,M,5,1,0,0.870714429536343,0.4776978417266187
D5I,-0.645845508611503,D,I,5,1,0,0.790805586571726,0.1809752198241407
D5L,-0.524562549417306,D,L,5,1,0,0.823094946092878,0.28792965627498
D5V,-0.189109285296848,D,V,5,1,0,0.912403214292251,0.6574740207833732
D5A,-0.139056000550036,D,A,5,1,0,0.925728981713679,0.7382893685051959
D5G,-0.260888995840352,D,G,5,1,0,0.893293185187897,0.564748201438849
D5C,0.0335178246072398,D,C,5,1,1,0.971673591916677,0.9785771382893685
D5S,-0.52356560899309,D,S,5,1,0,0.823360363163771,0.2903277378097522
D5T,-0.599986249097597,D,T,5,1,0,0.803014771832842,0.21294964028776978
D5N,-0.149644195400323,D,N,5,1,0,0.922910069374531,0.720863309352518
D5Q,-0.312798652411564,D,Q,5,1,0,0.87947319287584,0.5079136690647482
D5E,-0.176595964110145,D,E,5,1,0,0.915734656147608,0.6764188649080736
D5H,-0.278730791708206,D,H,5,1,0,0.888543134850176,0.5443645083932853
D5K,-0.567602873938602,D,K,5,1,0,0.811636250480496,0.24364508393285372
D5R,-0.473306060710234,D,R,5,1,0,0.836741044461935,0.3518784972022382
I6F,-0.0889339612912097,I,F,6,1,0,0.939073053760685,0.8188649080735412
I6Y,-0.641823369658634,I,Y,6,1,0,0.791876407168091,0.18281374900079936
I6P,-0.436763037574341,I,P,6,1,0,0.846469952957112,0.3911270983213429
I6M,-0.109800955687717,I,M,6,1,0,0.933517599897494,0.7827338129496403
I6L,-0.161229330674826,I,L,6,1,0,0.919825739964489,0.700079936051159
I6V,-0.0587507305166901,I,V,6,1,0,0.947108784389815,0.870343725019984
I6A,-0.496235690467187,I,A,6,1,0,0.830636451831377,0.3247002398081535
I6G,-0.789542438722541,I,G,6,1,0,0.752548919111859,0.10663469224620303
I6C,-0.220598851799649,I,C,6,1,0,0.904019695777123,0.6155075939248601
I6S,-0.365155213310874,I,S,6,1,0,0.86553422049752,0.4586730615507594
I6T,-0.188696758224759,I,T,6,1,0,0.912513042045725,0.658193445243805
I6N,-0.172230052597202,I,N,6,1,0,0.916896999871867,0.6823341326938449
I6Q,-0.58606346041459,I,Q,6,1,0,0.806721458512566,0.22621902478017586
I6D,-0.499879679603974,I,D,6,1,0,0.829666306675697,0.31958433253397284
I6E,-0.58606346041459,I,E,6,1,0,0.806721458512566,0.22621902478017586
I6H,-0.464505483172333,I,H,6,1,0,0.839084036536032,0.3619504396482814
I6K,-0.566846574306439,I,K,6,1,0,0.811837601361864,0.2442845723421263
I6R,-0.307951459314517,I,R,6,1,0,0.880763668979151,0.5116706634692246
S7F,-0.332737460895871,S,F,7,1,0,0.874164851457963,0.48896882494004795
S7W,-0.306129464746124,S,W,7,1,0,0.881248741556991,0.5152677857713829
S7Y,-0.478600158135378,S,Y,7,1,0,0.835331588292361,0.34716227018385293
S7P,-0.60301144762625,S,P,7,1,0,0.802209368307371,0.20911270983213429
S7I,-0.0781395029048781,S,I,7,1,0,0.94194687997657,0.8361310951239008
S7L,-0.192237615593523,S,L,7,1,0,0.911570353828413,0.6546762589928058
S7V,-0.669565815256626,S,V,7,1,0,0.784490490747012,0.164828137490008
S7A,-0.4430540754237,S,A,7,1,0,0.844795079716644,0.38545163868904875
S7G,0.0671731582385094,S,G,7,1,1,0.980633706137541,0.991207034372502
S7C,-0.0656949362301901,S,C,7,1,0,0.945260017206348,0.8548361310951239
S7T,-0.163429475059301,S,T,7,1,0,0.919239991945964,0.696722621902478
S7N,-0.15810100037815,S,N,7,1,0,0.920658600428328,0.7063149480415667
S7Q,-0.451304616865482,S,Q,7,1,0,0.842598524647178,0.37617905675459634
S7D,-0.584688370174293,S,D,7,1,0,0.807087551024143,0.22765787370103918
S7E,-0.388462992883908,S,E,7,1,0,0.859328952426278,0.43772981614708234
S7H,-0.426690501564165,S,H,7,1,0,0.849151580604419,0.39888089528377296
S7K,-0.781326274536766,S,K,7,1,0,0.754736321868536,0.11159072741806554
S7R,-0.0881089071470315,S,R,7,1,0,0.939292709267632,0.8204636290967227
S8W,-0.189865584929011,S,W,8,1,0,0.912201863410884,0.6562749800159872
S8Y,-0.44078517652721,S,Y,8,1,0,0.845399132360747,0.38848920863309355
S8P,-0.129464746123964,S,P,8,1,0,0.928282476981933,0.7523581135091927
S8I,-0.0592320121007941,S,I,8,1,0,0.946980652010763,0.8690647482014389
S8L,-0.170579944308845,S,L,8,1,0,0.917336310885761,0.6854516386890488
S8V,-0.268176974113926,S,V,8,1,0,0.891352894876535,0.556115107913669
S8A,0.0382618859362645,S,A,8,1,1,0.97293661108162,0.9804956035171862
S8G,0.102478600158135,S,G,8,1,1,0.990033131372297,0.9976019184652278
S8T,0.0705421293272371,S,T,8,1,1,0.981530632790906,0.9918465227817745
S8Q,-0.350819897555777,S,Q,8,1,0,0.869350734930717,0.4721023181454836
S8D,-0.279762109388429,S,D,8,1,0,0.888268565466493,0.5430855315747402
S8E,-0.306129464746124,S,E,8,1,0,0.881248741556991,0.5152677857713829
S8H,-0.966035271064663,S,H,8,1,0,0.705560945250865,0.057234212629896086
S8K,0.100381587541682,S,K,8,1,1,0.989474840292142,0.9974420463629097
S8R,-0.136890233421568,S,R,8,1,0,0.926305577419414,0.7424460431654676
S9Y,0.0255079239575097,S,Y,9,1,1,0.969541103036737,0.9732214228617106
S9P,-0.0692701708549623,S,P,9,1,0,0.944308176676246,0.8499600319744205
S9M,0.0607102341091134,S,M,9,1,1,0.978913071333126,0.9897681854516387
S9I,0.0953625081645982,S,I,9,1,1,0.988138602624883,0.996642685851319
S9L,0.045652995977861,S,L,9,1,1,0.97490435833135,0.983533173461231
S9V,-0.128845955515831,S,V,9,1,0,0.928447218612143,0.7534772182254197
S9A,0.113410567568497,S,A,9,1,1,0.99294356683934,0.998880895283773
S9G,0.0957750352366874,S,G,9,1,1,0.988248430378357,0.9969624300559552
S9C,0.117398329265358,S,C,9,1,1,0.994005235122915,0.9993605115907274
S9T,0.0837429956340884,S,T,9,1,1,0.985045120902052,0.9947242206235012
S9N,0.058338203444601,S,N,9,1,1,0.978281561750654,0.988968824940048
S9Q,0.114579394272749,S,Q,9,1,1,0.993254745474181,0.9992006394884093
S9D,0.0838805046581181,S,D,9,1,1,0.98508173015321,0.9948840927258193
S9E,-0.135102616109182,S,E,9,1,0,0.926781497684465,0.7448441247002399
S9H,0.119735982673863,S,H,9,1,1,0.994627592392598,0.9995203836930455
S9K,-0.222077073807969,S,K,9,1,0,0.903626146327177,0.6127897681854516
S9R,-0.445907387672316,S,R,9,1,0,0.844035437755121,0.3820943245403677
N10F,-0.371583760184262,N,F,10,1,0,0.863822738005894,0.45387689848121504
N10W,-0.443432225239781,N,W,10,1,0,0.84469440427596,0.3852917665867306
N10Y,-0.177524150022345,N,Y,10,1,0,0.915487543702294,0.6746602717825739
N10P,0.0217951803087077,N,P,10,1,1,0.968552653255478,0.9707434052757794
N10M,-0.0719859740795489,N,M,10,1,0,0.94358514396588,0.846123101518785
N10I,-0.0508783388909897,N,I,10,1,0,0.949204664018597,0.8840127897681854
N10L,-0.0758018494963732,N,L,10,1,0,0.942569237246252,0.8403677058353317
N10V,-0.0896902609233731,N,V,10,1,0,0.938871702879317,0.8168665067945643
N10A,0.0768331671765959,N,A,10,1,1,0.983205506031374,0.9932853717026379
N10G,-0.0245453607893018,N,G,10,1,0,0.95621533561531,0.925339728217426
N10C,-0.44411977035993,N,C,10,1,0,0.844511358020171,0.3838529176658673
N10S,-0.0705077520712296,N,S,10,1,0,0.943978693415826,0.8484412470023981
N10T,0.0586132214926604,N,T,10,1,1,0.97835478025297,0.9894484412470024
N10Q,0.0577537900924748,N,Q,10,1,1,0.978125972433234,0.9886490807354117
N10D,-0.0458592595139056,N,D,10,1,0,0.950540901685856,0.8940047961630695
N10E,-0.121936127058338,N,E,10,1,0,0.930286833482821,0.7635491606714628
N10H,0.0238234384131458,N,H,10,1,1,0.969092639710055,0.9718625099920064
N10K,0.051634638523153,N,K,10,1,1,0.976496860756713,0.9860911270983214
N10R,0.0354429509436556,N,R,10,1,1,0.972186121432886,0.9796962430055955
D11F,-0.789542438722541,D,F,11,1,0,0.752548919111859,0.10663469224620303
D11W,-0.638660662105951,D,W,11,1,0,0.79271841994472,0.1844924060751399
D11Y,-0.151259926432672,D,Y,11,1,0,0.922479910673427,0.7181454836131095
D11P,-0.563271339681667,D,P,11,1,0,0.812789441891966,0.2489208633093525
D11M,-0.651173983292654,D,M,11,1,0,0.789386978089363,0.17777777777777778
D11I,-0.494035546082712,D,I,11,1,0,0.831222199849902,0.328537170263789
D11L,-0.55254563580735,D,L,11,1,0,0.815644963482272,0.2586730615507594
D11V,-0.155213310873526,D,V,11,1,0,0.921427394702641,0.7112709832134293
D11A,-0.344150709890337,D,A,11,1,0,0.871126283611868,0.4794564348521183
D11G,-0.177902299838427,D,G,11,1,0,0.915386868261609,0.6740207833733014
D11C,-0.286190656261817,D,C,11,1,0,0.886557082974868,0.5361310951239009
D11S,-0.41273333562515,D,S,11,1,0,0.852867419596932,0.4158273381294964
D11T,-0.326549554814535,D,T,11,1,0,0.875812267760063,0.49544364508393285
D11N,-0.169823644676682,D,N,11,1,0,0.917537661767129,0.6866506794564349
D11Q,-0.403107703943071,D,Q,11,1,0,0.855430067177976,0.4246203037569944
D11E,-0.145759565471484,D,E,11,1,0,0.923944280719738,0.7276578737010392
D11H,-0.241328337172127,D,H,11,1,0,0.898500851165089,0.5888089528377298
D11K,-0.568599814362818,D,K,11,1,0,0.811370833409602,0.24316546762589927
D11R,-0.419780673106673,D,R,11,1,0,0.850991195475096,0.4081534772182254
T12W,-0.370346178967995,T,W,12,1,0,0.864152221266314,0.4550759392486011
T12Y,-0.306129464746124,T,Y,12,1,0,0.881248741556991,0.5152677857713829
T12P,-0.467015022860875,T,P,12,1,0,0.838415917702403,0.3601918465227818
T12M,-0.410911341056757,T,M,12,1,0,0.853352492174772,0.41742605915267783
T12I,-0.0842930317302072,T,I,12,1,0,0.94030861598726,0.8257394084732215
T12L,-0.415208498057685,T,L,12,1,0,0.852208453076092,0.41223021582733815
T12V,-0.433772216301695,T,V,12,1,0,0.847266204169793,0.3932853717026379
T12A,-0.0589226167967272,T,A,12,1,0,0.947063022825868,0.8698641087130295
T12G,-0.186152841280209,T,G,12,1,0,0.913190313192144,0.660431654676259
T12C,0.0224139709168414,T,C,12,1,1,0.968717394885688,0.9710631494804157
T12S,-0.0719172195675341,T,S,12,1,0,0.943603448591459,0.8465227817745803
T12N,-0.0945374540204201,T,N,12,1,0,0.937581226776006,0.8097521982414069
T12Q,-0.231565196466018,T,Q,12,1,0,0.901100107997291,0.5991207034372502
T12D,-0.350579256763725,T,D,12,1,0,0.869414801120243,0.47282174260591525
T12E,-0.121729863522294,T,E,12,1,0,0.930341747359558,0.7641087130295764
T12H,-0.331293616143559,T,H,12,1,0,0.87454924859512,0.4902478017585931
T12K,-0.405479734607584,T,K,12,1,0,0.854798557595504,0.4229416466826539
T12R,-0.75643714118739,T,R,12,1,0,0.761362596328092,0.12398081534772182
V13F,-0.719069063907319,V,F,13,1,0,0.771311160330215,0.13924860111910473
V13W,-0.421533913163051,V,W,13,1,0,0.850524427522835,0.40591526778577136
V13Y,-0.504004950324865,V,Y,13,1,0,0.828568029140964,0.31526778577138287
V13P,-0.75643714118739,V,P,13,1,0,0.761362596328092,0.12398081534772182
V13M,-0.431743958197257,V,M,13,1,0,0.84780619062437,0.3959232613908873
V13I,-0.031833339062876,V,I,13,1,0,0.954275045303948,0.9155875299760192
V13L,-0.153700711609199,V,L,13,1,0,0.921830096465377,0.7135891286970424
V13A,-0.204407164220152,V,A,13,1,0,0.90833043510095,0.6388489208633094
V13G,-0.349204166523428,V,G,13,1,0,0.869780893631821,0.4737010391686651
V13C,-0.269208291794149,V,C,13,1,0,0.891078325492852,0.5550759392486011
V13S,-0.595448451304617,V,S,13,1,0,0.804222877121048,0.21774580335731414
V13T,-0.548832892158548,V,T,13,1,0,0.816633413263532,0.262669864108713
V13N,-0.918078998934305,V,N,13,1,0,0.718328421592136,0.06922462030375699
V13Q,-0.958025370414933,V,Q,13,1,0,0.707693434130805,0.05963229416466827
V13D,-0.702671112791777,V,D,13,1,0,0.775676813530779,0.14548361310951238
V13E,-0.177008491182234,V,E,13,1,0,0.915624828394135,0.6756195043964828
V13H,-1.59482966069648,V,H,13,1,0,0.538155992019184,0.01310951239008793
V13K,-0.746811509505311,V,K,13,1,0,0.763925243909136,0.12741806554756194
V13R,-0.547664065454296,V,R,13,1,0,0.816944591898372,0.2633093525179856
G14F,-0.75643714118739,G,F,14,1,0,0.761362596328092,0.12398081534772182
G14W,-0.739592285743752,G,W,14,1,0,0.765847229594918,0.1310951239008793
G14Y,-0.533672522259273,G,Y,14,1,0,0.820669583203676,0.27689848121502797
G14P,-0.451304616865482,G,P,14,1,0,0.842598524647178,0.37617905675459634
G14I,-0.535563271339682,G,I,14,1,0,0.820166206000256,0.2749800159872102
G14L,-0.550551754958919,G,L,14,1,0,0.816175797624059,0.26131095123900877
G14V,-0.096875107428925,G,V,14,1,0,0.936958869506324,0.8053557154276578
G14A,-0.236859293891162,G,A,14,1,0,0.899690651827717,0.5925659472422062
G14C,-0.0055691154732029,G,C,14,1,0,0.961267412275082,0.9469224620303757
G14S,-0.211832651517756,G,S,14,1,0,0.90635353553843,0.6265387689848122
G14T,-0.460620853243494,G,T,14,1,0,0.840118247881239,0.3667466027178257
G14N,-0.396163498229571,G,N,14,1,0,0.857278834361443,0.42957633892885694
G14Q,-0.436763037574341,G,Q,14,1,0,0.846469952957112,0.3911270983213429
G14D,-0.0504314345628931,G,D,14,1,0,0.94932364408486,0.884572342126299
G14E,-0.471965347725944,G,E,14,1,0,0.837097984660724,0.3528377298161471
G14K,-0.641823369658634,G,K,14,1,0,0.791876407168091,0.18281374900079936
G14R,-0.271545945202654,G,R,14,1,0,0.89045596822317,0.5510791366906475
V15F,-0.518512152359999,V,F,15,1,0,0.824705753143819,0.2945643485211831
V15W,-0.805871635326068,V,W,15,1,0,0.748201570536875,0.10015987210231815
V15Y,-0.617828044965451,V,Y,15,1,0,0.798264721495122,0.19872102318145485
V15P,-0.524665681185328,V,P,15,1,0,0.823067489154509,0.2876099120703437
V15M,-0.73106672625391,V,M,15,1,0,0.7681170031667,0.13453237410071942
V15I,-0.119701605417856,V,I,15,1,0,0.930881733814135,0.7673860911270983
V15L,-0.18666850012032,V,L,15,1,0,0.913053028500302,0.6601119104716227
V15A,-0.228986902265461,V,A,15,1,0,0.901786531456499,0.6038369304556355
V15G,-0.412320808553061,V,G,15,1,0,0.852977247350405,0.4163868904876099
V15C,-0.166042146515865,V,C,15,1,0,0.918544416173967,0.6925659472422062
V15S,-0.596273505448795,V,S,15,1,0,0.804003221614102,0.21638689048760992
V15T,-0.347382171955035,V,T,15,1,0,0.870265966209661,0.4752997601918465
V15N,-0.785451545257658,V,N,15,1,0,0.753638044333803,0.1093525179856115
V15Q,-0.634707277665097,V,Q,15,1,0,0.793770935915506,0.18609112709832135
V15D,-0.625906700127196,V,D,15,1,0,0.796113927989603,0.19296562749800159
V15E,-0.210870088349548,V,E,15,1,0,0.906609800296535,0.6277378097521983
V15H,-0.363986386606621,V,H,15,1,0,0.865845399132361,0.4611510791366906
V15K,-0.514799408711197,V,K,15,1,0,0.825694202925079,0.30063948840927257
V15R,-0.509024029701949,V,R,15,1,0,0.827231791473705,0.3079136690647482
A16F,-0.75643714118739,A,F,16,1,0,0.761362596328092,0.12398081534772182
A16W,-0.388462992883908,A,W,16,1,0,0.859328952426278,0.43772981614708234
A16Y,-0.608546185843446,A,Y,16,1,0,0.800735845948271,0.2052757793764988
A16P,-0.388978651724019,A,P,16,1,0,0.859191667734436,0.4369304556354916
A16M,-0.279762109388429,A,M,16,1,0,0.888268565466493,0.5430855315747402
A16I,-0.499054625459796,A,I,16,1,0,0.829885962182643,0.3203037569944045
A16L,-0.334868850768332,A,L,16,1,0,0.873597408065018,0.4874500399680256
A16V,-0.0126508302107325,A,V,16,1,0,0.959382035840457,0.9383693045563549
A16G,-0.232562136890233,A,G,16,1,0,0.900834690926397,0.5971223021582733
A16C,0.0015813537763415,A,C,16,1,0,0.963171093335286,0.9525179856115108
A16S,-0.136855856165561,A,S,16,1,0,0.926314729732203,0.7426858513189448
A16T,-0.140190449998281,A,T,16,1,0,0.925426955391627,0.7358912869704236
A16N,-0.471346557117811,A,N,16,1,0,0.837262726290934,0.3533173461231015
A16Q,-0.442435284815566,A,Q,16,1,0,0.844959821346854,0.38657074340527575
A16D,-0.158685413730276,A,D,16,1,0,0.920503011110907,0.7051958433253397
A16E,-0.592904534360067,A,E,16,1,0,0.804900148267467,0.22078337330135892
A16H,-0.653030355117055,A,H,16,1,0,0.788892753198733,0.17569944044764188
A16K,-0.464161710612259,A,K,16,1,0,0.839175559663927,0.36227018385291765
A16R,-0.692632954037609,A,R,16,1,0,0.778349288865296,0.15227817745803357
V17F,-0.356182749492935,V,F,17,1,0,0.867922974135564,0.4680255795363709
V17W,-0.406751693079858,V,W,17,1,0,0.854459922022295,0.4207833733013589
V17Y,-0.44652617828045,V,Y,17,1,0,0.843870696124911,0.3814548361310951
V17P,-0.59740795489704,V,P,17,1,0,0.80370119529205,0.21534772182254197
V17M,-0.0385025267283165,V,M,17,1,0,0.952499496622797,0.9046362909672262
V17I,-0.504004950324865,V,I,17,1,0,0.828568029140964,0.31526778577138287
V17L,-0.393757090309051,V,L,17,1,0,0.857919496256704,0.43213429256594726
V17A,-0.148234727904019,V,A,17,1,0,0.923285314198898,0.7229416466826539
V17G,-0.344700745986455,V,G,17,1,0,0.870979846607237,0.479136690647482
V17C,-0.314689401491973,V,C,17,1,0,0.87896981567242,0.5063149480415667
V17S,-0.695520643542233,V,S,17,1,0,0.777580494590983,0.15027977617905675
V17T,-0.399635601086321,V,T,17,1,0,0.856354450769709,0.4275779376498801
V17N,-0.176492832342122,V,N,17,1,0,0.915762113085977,0.6768984812150279
V17Q,-0.522053009728763,V,Q,17,1,0,0.823763064926507,0.29048760991207034
V17D,-0.68500120320396,V,D,17,1,0,0.780381102304552,0.157154276578737
V17E,-0.192581388153598,V,E,17,1,0,0.911478830700518,0.6537170263788968
V17H,-0.514799408711197,V,H,17,1,0,0.825694202925079,0.30063948840927257
V17K,-0.575165870260236,V,K,17,1,0,0.809622741666819,0.23804956035171862
V17R,-0.562343153769466,V,R,17,1,0,0.813036554337281,0.2495603517186251
V18F,-0.32861219017498,V,F,18,1,0,0.875263128992696,0.49320543565147884
V18W,-0.637079308329609,V,W,18,1,0,0.793139426333034,0.18497202238209431
V18Y,-0.622709615318505,V,Y,18,1,0,0.796965093079021,0.194484412470024
V18P,-0.577812918972808,V,P,18,1,0,0.808918013582032,0.2354116706634692
V18M,-0.048884458042559,V,M,18,1,0,0.949735498160385,0.8880895283772982
V18I,-0.139159132318058,V,I,18,1,0,0.925701524775311,0.7380495603517186
V18L,-0.246450548317233,V,L,18,1,0,0.897137156559463,0.5816147082334133
V18A,-0.140912372374437,V,A,18,1,0,0.925234756823049,0.7350919264588329
V18G,-0.183265151775585,V,G,18,1,0,0.913959107466457,0.6651478816946443
V18C,-0.204957200316271,V,C,18,1,0,0.908183998096319,0.6377298161470824
V18S,-0.575750283612362,V,S,18,1,0,0.809467152349398,0.23677058353317346
V18T,-0.430850149541064,V,T,18,1,0,0.848044150756896,0.39632294164668264
V18N,-0.606311664202963,V,N,18,1,0,0.801330746279585,0.20711430855315746
V18Q,-0.677781979442401,V,Q,18,1,0,0.782303087990335,0.15971223021582734
V18D,-0.623775310254735,V,D,18,1,0,0.796681371382548,0.19408473221422862
V18E,-0.168551686204407,V,E,18,1,0,0.917876297340338,0.6886490807354116
V18H,-0.194850287050088,V,H,18,1,0,0.910874778056415,0.6510791366906474
V18K,-0.476709409054969,V,K,18,1,0,0.835834965495781,0.34916067146282975
V18R,-0.586819760046753,V,R,18,1,0,0.806520107631198,0.2257394084732214
N19F,-0.575681529100347,N,F,19,1,0,0.809485456974977,0.23709032773780975
N19W,-0.504004950324865,N,W,19,1,0,0.828568029140964,0.31526778577138287
N19Y,-0.187287290728454,N,Y,19,1,0,0.912888286870092,0.6591526778577138
N19P,-0.41421155763347,N,P,19,1,0,0.852473870146986,0.4143884892086331
N19M,-0.461170889339613,N,M,19,1,0,0.839971810876608,0.36594724220623503
N19I,-0.321839870741517,N,I,19,1,0,0.877066134612216,0.5005595523581136
N19L,-0.599642476537523,N,L,19,1,0,0.803106294960736,0.2135091926458833
N19V,-0.673450445185465,N,V,19,1,0,0.783456279401805,0.16258992805755396
N19A,-0.551823713431194,N,A,19,1,0,0.81583716205085,0.2592326139088729
N19G,-0.504004950324865,N,G,19,1,0,0.828568029140964,0.31526778577138287
N19C,-1.12351748083468,N,C,19,1,0,0.663634200362431,0.03325339728217426
N19S,-0.299150881776617,N,S,19,1,0,0.883106661053248,0.5213429256594724
N19T,-0.367492866719378,N,T,19,1,0,0.864911863227838,0.45755395683453237
N19Q,-0.127127092715459,N,Q,19,1,0,0.928904834251615,0.7568345323741007
N19D,-0.235965485234968,N,D,19,1,0,0.899928611960242,0.593445243804956
N19E,-0.605933514386882,N,E,19,1,0,0.801431421720269,0.207673860911271
N19H,-0.390181855684279,N,H,19,1,0,0.858871336786806,0.4343725019984013
N19K,-0.172608202413283,N,K,19,1,0,0.916796324431184,0.6815347721822542
N19R,-0.58231633950978,N,R,19,1,0,0.807719060606615,0.23101518784972022
Y20F,-0.117604592801403,Y,F,20,1,0,0.93144002489429,0.7709032773780975
Y20W,-0.397091684141772,Y,W,20,1,0,0.857031721916128,0.42861710631494804
Y20P,-0.47055588022964,Y,P,20,1,0,0.837473229485091,0.35459632294164667
Y20M,-0.421533913163051,Y,M,20,1,0,0.850524427522835,0.40591526778577136
Y20I,-0.601567602873939,Y,I,20,1,0,0.802593765444528,0.2111910471622702
Y20L,-0.490769706762006,Y,L,20,1,0,0.832091669564899,0.33269384492406073
Y20V,-0.516105744439479,Y,V,20,1,0,0.82534641503908,0.29696243005595524
Y20A,-0.463577297260133,Y,A,20,1,0,0.839331148981347,0.36314948041566747
Y20G,-0.371790023720307,Y,G,20,1,0,0.863767824129157,0.4537170263788969
Y20C,-0.061329024717247,Y,C,20,1,0,0.946422360930607,0.8639488409272582
Y20S,-0.440991440063254,Y,S,20,1,0,0.845344218484011,0.38784972022382097
Y20T,-0.644161023067139,Y,T,20,1,0,0.791254049898409,0.18225419664268586
Y20N,-0.389494310564131,Y,N,20,1,0,0.859054383042595,0.43501199040767385
Y20Q,-0.612912097356389,Y,Q,20,1,0,0.799573502224012,0.20191846522781776
Y20D,-0.251675891230362,Y,D,20,1,0,0.895746005015467,0.5744204636290967
Y20E,-0.789542438722541,Y,E,20,1,0,0.752548919111859,0.10663469224620303
Y20H,-0.208738698477087,Y,H,20,1,0,0.90717724368948,0.6306954436450839
Y20K,-0.445563615112242,Y,K,20,1,0,0.844126960883015,0.38257394084732216
Y20R,-0.530991096290694,Y,R,20,1,0,0.821383463601252,0.2797761790567546
K21F,-0.18120251641514,K,F,21,1,0,0.914508246233823,0.6685851318944844
K21W,-1.06401045068583,K,W,21,1,0,0.679476853800954,0.03884892086330935
K21Y,-0.468458867613187,K,Y,21,1,0,0.838031520565247,0.35891286970423664
K21P,-0.036439891367871,K,P,21,1,0,0.953048635390163,0.9081534772182254
K21M,-0.127642751555571,K,M,21,1,0,0.928767549559774,0.7556354916067146
K21I,-0.151225549176665,K,I,21,1,0,0.922489062986216,0.7183852917665867
K21L,-0.414486575681529,K,L,21,1,0,0.85240065164467,0.4141486810551559
K21V,-0.127642751555571,K,V,21,1,0,0.928767549559774,0.7556354916067146
K21A,-0.0654542954381381,K,A,21,1,0,0.945324083395874,0.8550759392486011
K21G,-0.221183265151775,K,G,21,1,0,0.903864106459702,0.6141486810551559
K21C,-0.203169583003885,K,C,21,1,0,0.90865991836137,0.6401278976818545
K21S,-0.0651792773900787,K,S,21,1,0,0.94539730189819,0.8557953637090328
K21T,-0.018666850012032,K,T,21,1,0,0.957780381102304,0.9323741007194245
K21N,-0.206813572140672,K,N,21,1,0,0.907689773205689,0.6338928856914469
K21Q,-0.158066623122142,K,Q,21,1,0,0.920667752741118,0.7064748201438849
K21D,-0.39458214445323,K,D,21,1,0,0.857699840749757,0.4316546762589928
K21E,-0.0668293856784351,K,E,21,1,0,0.944957990884296,0.853796962430056
K21H,-0.265873697961429,K,H,21,1,0,0.891966099833428,0.5581135091926459
K21R,-0.0574100175324005,K,R,21,1,0,0.947465724588603,0.8727418065547562
M22F,-0.436763037574341,M,F,22,1,0,0.846469952957112,0.3911270983213429
M22W,-0.512117982742617,M,W,22,1,0,0.826408083322656,0.30399680255795364
M22Y,-0.575990924404414,M,Y,22,1,0,0.809403086159872,0.23661071143085532
M22P,-0.365120836054866,M,P,22,1,0,0.865543372810309,0.45883293365307753
M22I,-0.103406786070336,M,I,22,1,0,0.93521993007633,0.7937649880095923
M22L,-0.240503283027949,M,L,22,1,0,0.898720506672036,0.5899280575539568
M22V,-0.170958094124927,M,V,22,1,0,0.917235635445077,0.6845723421262989
M22A,-0.458730104163086,M,A,22,1,0,0.840621625084659,0.36754596322941646
M22G,-0.669565815256626,M,G,22,1,0,0.784490490747012,0.164828137490008
M22C,-0.244147272164736,M,C,22,1,0,0.897750361516355,0.5860111910471623
M22S,-0.525696998865551,M,S,22,1,0,0.822792919770826,0.28617106314948043
M22T,-0.227680566537179,M,T,22,1,0,0.902134319342498,0.605435651478817
M22N,-0.565058956994053,M,N,22,1,0,0.812313521626915,0.24620303756994405
M22Q,-0.66550929904775,M,Q,22,1,0,0.785570463656166,0.1677857713828937
M22D,-0.693458008181787,M,D,22,1,0,0.778129633358349,0.1518784972022382
M22E,-0.52476881295335,M,E,22,1,0,0.823040032216141,0.2873701039168665
M22H,-0.632335247000584,M,H,22,1,0,0.794402445497977,0.1882494004796163
M22K,-0.294406820447592,M,K,22,1,0,0.884369680218191,0.5266187050359712
M22R,-0.508302107325793,M,R,22,1,0,0.827423990042283,0.30839328537170263
P23F,-0.539344769500498,P,F,23,1,0,0.819159451593418,0.270343725019984
P23W,-1.03090515315068,P,W,23,1,0,0.688290531017187,0.046203037569944046
P23Y,-0.400941936814603,P,Y,23,1,0,0.856006662883711,0.4255795363709033
P23M,-0.336862731616762,P,M,23,1,0,0.87306657392323,0.4856115107913669
P23I,-0.659115129430369,P,I,23,1,0,0.787272793835002,0.17138289368505197
P23L,-0.12939599161195,P,L,23,1,0,0.928300781607512,0.7525179856115108
P23V,-0.179036749286672,P,V,23,1,0,0.915084841939558,0.6722621902478018
P23A,-0.310667262539104,P,A,23,1,0,0.880040636268785,0.5098321342925659
P23G,-0.476846918078999,P,G,23,1,0,0.835798356244623,0.3486810551558753
P23C,-0.624634741654921,P,C,23,1,0,0.796452563562812,0.1936051159072742
P23S,-0.0576850355804599,P,S,23,1,0,0.947392506086288,0.8724220623501199
P23T,-0.167657877548214,P,T,23,1,0,0.918114257472863,0.690167865707434
P23N,-1.14978170442435,P,N,23,1,0,0.656641833391299,0.030695443645083934
P23Q,-0.112654267936333,P,Q,23,1,0,0.93275795793597,0.7770583533173461
P23D,-0.415208498057685,P,D,23,1,0,0.852208453076092,0.41223021582733815
P23E,-0.474543641926501,P,E,23,1,0,0.836411561201516,0.350599520383693
P23H,-0.364330159166695,P,H,23,1,0,0.865753876004466,0.4605915267785771
P23K,-0.114201244456667,P,K,23,1,0,0.932346103860446,0.7749000799360511
P23R,-0.317748977276634,P,R,23,1,0,0.87815525983416,0.5032773780975219
R24F,-0.68754512014851,R,F,24,1,0,0.779703831158133,0.15523581135091927
R24W,-0.478600158135378,R,W,24,1,0,0.835331588292361,0.34716227018385293
R24Y,-0.482347279040187,R,Y,24,1,0,0.834333986198312,0.3419664268585132
R24P,-0.444291656639967,R,P,24,1,0,0.844465596456224,0.383533173461231
R24M,-0.0346522740554848,R,M,24,1,0,0.953524555655214,0.9122302158273381
R24I,-0.15782598233009,R,I,24,1,0,0.920731818930644,0.7071143085531575
R24L,-0.291691017223005,R,L,24,1,0,0.885092712928557,0.5290167865707434
R24V,-0.336312695520644,R,V,24,1,0,0.873213010927861,0.4864908073541167
R24A,-0.226958644161023,R,A,24,1,0,0.902326517911076,0.6060751398880895
R24G,-0.264532984977139,R,G,24,1,0,0.892323040032216,0.5603517186250999
R24C,-0.128089655883667,R,C,24,1,0,0.928648569493511,0.7550759392486012
R24S,-0.123414349066657,R,S,24,1,0,0.929893284032875,0.761470823341327
R24T,-0.217745539551033,R,T,24,1,0,0.904779337738646,0.6193445243804956
R24N,-0.280827804324659,R,N,24,1,0,0.88798484377002,0.5414868105515588
R24Q,-0.235552958162879,R,Q,24,1,0,0.900038439713716,0.5937649880095923
R24D,-0.44652617828045,R,D,24,1,0,0.843870696124911,0.3814548361310951
R24E,-0.527897143250026,R,E,24,1,0,0.822207171752302,0.2836131095123901
R24H,-0.124789439306955,R,H,24,1,0,0.929527191521297,0.7598721023181455
R24K,-0.200350648011276,R,K,24,1,0,0.909410408010104,0.6434852118305355
L25F,-0.0512221114510639,L,F,25,1,0,0.949113140890703,0.883453237410072
L25W,-0.427137405892262,L,W,25,1,0,0.849032600538156,0.39872102318145486
L25Y,-0.310357867235037,L,Y,25,1,0,0.88012300708389,0.5101518784972022
L25P,-0.436144246966207,L,P,25,1,0,0.846634694587322,0.39168665067945646
L25M,-0.128502182955756,L,M,25,1,0,0.928538741740038,0.7540367705835331
L25I,-0.0614665337412767,L,I,25,1,0,0.946385751679449,0.8634692246203037
L25V,-0.0950874901165389,L,V,25,1,0,0.937434789771375,0.8084732214228617
L25A,-0.261439031936471,L,A,25,1,0,0.893146748183266,0.5640287769784172
L25G,-0.0906872013475884,L,G,25,1,0,0.938606285808424,0.8159872102318145
L25C,-0.0365774003919007,L,C,25,1,0,0.953012026139005,0.9077537969624301
L25S,-0.0369899274639898,L,S,25,1,0,0.952902198385532,0.9071143085531574
L25T,-0.181477534463199,L,T,25,1,0,0.914435027731508,0.6676258992805756
L25N,-0.197669222042696,L,N,25,1,0,0.910124288407681,0.6470023980815348
L25Q,-0.110591632575888,L,Q,25,1,0,0.933307096703337,0.7808153477218226
L25D,-0.511327305854447,L,D,25,1,0,0.826618586516812,0.30487609912070346
L25E,-0.459727044587301,L,E,25,1,0,0.840356208013765,0.3673860911270983
L25H,-0.329987280415277,L,H,25,1,0,0.874897036481119,0.49112709832134294
L25K,-0.550551754958919,L,K,25,1,0,0.816175797624059,0.26131095123900877
L25R,-0.570284299907181,L,R,25,1,0,0.81092237008292,0.2418864908073541
H26F,-0.2606483550483,H,F,26,1,0,0.893357251377423,0.5649880095923261
H26W,-0.20176011550758,H,W,26,1,0,0.909035163185737,0.6415667466027178
H26Y,-0.13018666850012,H,Y,26,1,0,0.928090278413355,0.7507593924860112
H26P,-0.266664374849599,H,P,26,1,0,0.891755596639271,0.5573141486810551
H26M,-0.162673175427137,H,M,26,1,0,0.919441342827332,0.6984812150279777
H26I,-0.357007803637114,H,I,26,1,0,0.867703318628617,0.46682653876898483
H26L,-0.197050431434563,H,L,26,1,0,0.91028903003789,0.6477218225419664
H26V,-0.478600158135378,H,V,26,1,0,0.835331588292361,0.34716227018385293
H26A,-0.282890439685104,H,A,26,1,0,0.887435705002654,0.5394084732214228
H26G,-0.193578328577813,H,G,26,1,0,0.911213413629624,0.6526778577138289
H26C,-0.362164392038227,H,C,26,1,0,0.866330471710201,0.4633093525179856
H26S,-0.219189384303345,H,S,26,1,0,0.90439494060149,0.6178257394084732
H26T,-0.185430918904053,H,T,26,1,0,0.913382511760722,0.6617106314948041
H26N,-0.103063013510262,H,N,26,1,0,0.935311453204224,0.7944044764188649
H26Q,-0.0745642682801058,H,Q,26,1,0,0.942898720506672,0.8415667466027178
H26D,-0.0072536010175667,H,D,26,1,0,0.960818948948399,0.945003996802558
H26E,-0.204475918732167,H,E,26,1,0,0.908312130475371,0.6386890487609912
H26K,-0.181408779951184,H,K,26,1,0,0.914453332357087,0.6678657074340527
H26R,-0.149541063632301,H,R,26,1,0,0.922937526312899,0.7210231814548361
T27F,-0.270824022826498,T,F,27,1,0,0.890648166791748,0.5518784972022382
T27W,-0.301591666953144,T,W,27,1,0,0.882456846845198,0.518625099920064
T27Y,-0.286190656261817,T,Y,27,1,0,0.886557082974868,0.5361310951239009
T27P,-0.262745367664753,T,P,27,1,0,0.892798960297267,0.5625899280575539
T27M,-0.282168517308948,T,M,27,1,0,0.887627903571232,0.5403677058353318
T27I,-0.24222214582832,T,I,27,1,0,0.898262891032564,0.5876898481215028
T27L,-0.159991749458558,T,L,27,1,0,0.920155223224909,0.7019984012789768
T27V,-0.24449104472481,T,V,27,1,0,0.897658838388461,0.5851318944844125
T27A,-0.0916153872597889,T,A,27,1,0,0.938359173363109,0.814388489208633
T27G,-0.0881432844030389,T,G,27,1,0,0.939283556954842,0.8203037569944045
T27C,-0.0246828698133315,T,C,27,1,0,0.956178726364152,0.9250999200639488
T27S,-0.0024407851765272,T,S,27,1,0,0.962100272738921,0.9493205435651478
T27N,0.0148165973392003,T,N,27,1,1,0.966694733759221,0.9661071143085531
T27Q,-0.178074186118464,T,Q,27,1,0,0.915341106697662,0.673621103117506
T27D,-0.150641135824538,T,D,27,1,0,0.922644652303637,0.7201438848920864
T27E,-0.200075629963216,T,E,27,1,0,0.90948362651242,0.6436450839328537
T27H,-0.106191343806937,T,H,27,1,0,0.934478592740386,0.7884892086330936
T27K,-0.0811647014335315,T,K,27,1,0,0.941141476451099,0.8310151878497202
T27R,-0.122967444738561,T,R,27,1,0,0.930012264099138,0.7624300559552358
A28F,-0.270170854962357,A,F,28,1,0,0.890822060734747,0.5533173461231016
A28Y,-0.318161504348723,A,Y,28,1,0,0.878045432080687,0.5026378896882494
A28P,0.0503626800508783,A,P,28,1,1,0.976158225183504,0.985771382893685
A28M,-0.117570215545395,A,M,28,1,0,0.93144917720708,0.7710631494804157
A28I,-0.214548454742342,A,I,28,1,0,0.905630502828065,0.6230215827338129
A28L,-0.196637904362474,A,L,28,1,0,0.910398857791364,0.6486810551558753
A28V,-0.0138884114269998,A,V,28,1,0,0.959052552580037,0.9371702637889688
A28G,-0.0607446113651208,A,G,28,1,0,0.946577950248028,0.8657074340527577
A28S,0.0081474096737598,A,S,28,1,0,0.964919185078069,0.9597122302158273
A28T,0.0020282581044381,A,T,28,1,0,0.963290073401548,0.9531574740207833
A28N,-0.0254735467015022,A,N,28,1,0,0.955968223169995,0.9237410071942446
A28Q,0.0256798102375468,A,Q,28,1,1,0.969586864600684,0.9734612310151879
A28D,-0.127023960947437,A,D,28,1,0,0.928932291189984,0.7569944044764189
A28E,-0.150847399360583,A,E,28,1,0,0.9225897384269,0.7191846522781774
A28H,0.0027158032245866,A,H,28,1,0,0.963473119657337,0.953796962430056
A28K,0.0923716868919522,A,K,28,1,1,0.987342351412202,0.9961630695443645
A28R,0.0939186634122864,A,R,28,1,1,0.987754205487727,0.9964828137490008
A29F,-0.171336243941009,A,F,29,1,0,0.917134960004393,0.6840927258193445
A29W,-0.202000756299632,A,W,29,1,0,0.908971096996211,0.6409272581934452
A29Y,-0.147134655711781,A,Y,29,1,0,0.92357818820816,0.7253397282174261
A29P,-0.0630135102616109,A,P,29,1,0,0.945973897603924,0.8602717825739409
A29M,-0.058578844236653,A,M,29,1,0,0.947154545953763,0.8711430855315747
A29I,0.0088005775379009,A,I,29,1,0,0.965093079021069,0.9603517186250999
A29L,-0.112894908728385,A,L,29,1,0,0.932693891746444,0.7765787370103917
A29V,-0.0506376980989377,A,V,29,1,0,0.949268730208124,0.8843325339728217
A29G,-0.0227577434769156,A,G,29,1,0,0.956691255880361,0.9282174260591527
A29C,-0.074736154560143,A,C,29,1,0,0.942852958942725,0.8412470023980816
A29S,-0.0060160198012994,A,S,29,1,0,0.961148432208819,0.9464428457234213
A29T,-0.0401526350166729,A,T,29,1,0,0.952060185608903,0.9030375699440447
A29N,-0.0965313348688507,A,N,29,1,0,0.937050392634219,0.8063948840927259
A29Q,-0.0411495754408883,A,Q,29,1,0,0.951794768538009,0.9014388489208633
A29D,-0.0283956134621334,A,D,29,1,0,0.955190276582892,0.9200639488409272
A29E,-0.0228952525009453,A,E,29,1,0,0.956654646629203,0.9278976818545164
A29H,-0.0602289525250094,A,H,29,1,0,0.946715234939869,0.8669064748201439
A29K,-0.0496063804187149,A,K,29,1,0,0.949543299591807,0.8869704236610712
A29R,-0.0525284471793461,A,R,29,1,0,0.948765353004704,0.8807354116706635
E30F,-0.397091684141772,E,F,30,1,0,0.857031721916128,0.42861710631494804
E30W,-0.713878098250198,E,W,30,1,0,0.772693159561421,0.1416466826538769
E30Y,-0.474818659974561,E,Y,30,1,0,0.8363383426992,0.3504396482813749
E30P,-0.574787720444154,E,P,30,1,0,0.809723417107503,0.23820943245403678
E30M,-0.233318436522397,E,M,30,1,0,0.900633340045029,0.5956834532374101
E30I,-0.547354670150229,E,I,30,1,0,0.817026962713477,0.26346922462030375
E30L,-0.423218398707415,E,L,30,1,0,0.850075964196152,0.4023980815347722
E30V,-0.157516587026024,E,V,30,1,0,0.920814189745748,0.7075139888089529
E30A,-0.042662174705215,E,A,30,1,0,0.951392066775274,0.8991207034372501
E30G,-0.0553817594279624,E,G,30,1,0,0.94800571104318,0.8751398880895284
E30C,-0.0609508749011653,E,C,30,1,0,0.946523036371291,0.8650679456434852
E30S,-0.221011378871738,E,S,30,1,0,0.90390986802365,0.6146282973621103
E30T,-0.373921413592767,E,T,30,1,0,0.863200380736212,0.45115907274180655
E30N,-0.391797586716628,E,N,30,1,0,0.858441178085702,0.43325339728217427
E30Q,-0.0216232940286706,E,Q,30,1,0,0.956993282202412,0.9291766586730615
E30D,-0.0164667056275568,E,D,30,1,0,0.958366129120829,0.9342925659472422
E30H,-0.183643301591667,E,H,30,1,0,0.913858432025773,0.6639488409272581
E30K,-0.192375124617553,E,K,30,1,0,0.911533744577254,0.6542765787370104
E30R,-0.396782288837705,E,R,30,1,0,0.857114092731233,0.42909672262190246
V31F,-0.162741929939152,V,F,31,1,0,0.919423038201754,0.6983213429256595
V31W,-0.468905771941284,V,W,31,1,0,0.837912540498984,0.3585931254996003
V31Y,-0.488157035305442,V,Y,31,1,0,0.832787245336897,0.33589128697042364
V31P,-0.670253360376775,V,P,31,1,0,0.784307444491223,0.1641886490807354
V31M,-0.374402695176871,V,M,31,1,0,0.86307224835716,0.450519584332534
V31I,-0.084189899962185,V,I,31,1,0,0.940336072925628,0.8258992805755395
V31L,-0.205335350132352,V,L,31,1,0,0.908083322655635,0.6374900079936051
V31A,-0.205679122692427,V,A,31,1,0,0.90799179952774,0.6367705835331735
V31G,-0.298119564096394,V,G,31,1,0,0.883381230436931,0.5224620303756995
V31C,-0.151053662896628,V,C,31,1,0,0.922534824550164,0.718625099920064
V31S,-0.409776891608512,V,S,31,1,0,0.853654518496824,0.41838529176658673
V31T,-0.241122073636082,V,T,31,1,0,0.898555765041826,0.5891286970423661
V31N,-0.692632954037609,V,N,31,1,0,0.778349288865296,0.15227817745803357
V31D,-0.204785314036234,V,D,31,1,0,0.908229759660266,0.6382893685051958
V31E,-0.579806799821238,V,E,31,1,0,0.808387179440244,0.23341326938449242
V31H,-0.598439272577263,V,H,31,1,0,0.803426625908367,0.2147082334132694
V31K,-0.513733713774966,V,K,31,1,0,0.825977924621552,0.30183852917665865
V31R,-0.588366736567087,V,R,31,1,0,0.806108253555673,0.22414068745003995
L32F,-0.183505792567637,L,F,32,1,0,0.91389504127693,0.6642685851318945
L32W,-0.275396197875486,L,W,32,1,0,0.889430909190752,0.5474020783373301
L32Y,-0.147856578087937,L,Y,32,1,0,0.923385989639582,0.7242206235011991
L32P,-0.116023239025061,L,P,32,1,0,0.931861031282605,0.7729816147082335
L32M,-0.0118945305785692,L,M,32,1,0,0.959583386721824,0.9396482813749001
L32I,0.0122383031386434,L,I,32,1,1,0.966008310300013,0.96378896882494
L32V,-0.0296331946784007,L,V,32,1,0,0.954860793322473,0.9180655475619505
L32A,-0.0921654233559077,L,A,32,1,0,0.938212736358478,0.8139088729016787
L32G,-0.172298807109216,L,G,32,1,0,0.916878695246289,0.6821742605915267
L32C,-0.10254735467015,L,C,32,1,0,0.935448737896066,0.7953637090327738
L32S,-0.14634397882361,L,S,32,1,0,0.923788691402317,0.7262190247801759
L32T,0.0113444944824504,L,T,32,1,1,0.965770350167487,0.9630695443645084
L32N,-0.0979064251091477,L,N,32,1,0,0.936684300122641,0.8039968025579536
L32Q,-0.0160198012994602,L,Q,32,1,0,0.958485109187092,0.9346123101518785
L32D,-0.581147512805528,L,D,32,1,0,0.808030239241456,0.23245403677058354
L32E,-0.0864931761146825,L,E,32,1,0,0.939722867968736,0.8228617106314948
L32H,-0.105950703014885,L,H,32,1,0,0.934542658929912,0.7891286970423661
L32K,-0.005500360961188,L,K,32,1,0,0.961285716900661,0.9470823341326938
L32R,-0.0109663446663687,L,R,32,1,0,0.959830499167139,0.940687450039968
D33F,-0.152428753136925,D,F,33,1,0,0.922168732038586,0.715427657873701
D33W,-0.306129464746124,D,W,33,1,0,0.881248741556991,0.5152677857713829
D33Y,-0.0637698098937742,D,Y,33,1,0,0.945772546722557,0.8586730615507594
D33P,-0.408745573928289,D,P,33,1,0,0.853929087880507,0.41886490807354115
D33M,-0.0758018494963732,D,M,33,1,0,0.942569237246252,0.8403677058353317
D33I,-0.0563099453401629,D,I,33,1,0,0.947758598597865,0.8739408473221423
D33L,-0.073120423527794,D,L,33,1,0,0.943283117643828,0.84396482813749
D33V,-0.01842620921998,D,V,33,1,0,0.957844447291831,0.9327737809752198
D33A,-0.02537041493348,D,A,33,1,0,0.955995680108363,0.9239008792965627
D33G,-0.0295988174223933,D,G,33,1,0,0.954869945635262,0.9183053557154277
D33C,-0.0996596651655264,D,C,33,1,0,0.936217532170379,0.7998401278976819
D33S,-0.0859775172745711,D,S,33,1,0,0.939860152660577,0.8238209432454037
D33T,-0.0296331946784007,D,T,33,1,0,0.954860793322473,0.9180655475619505
D33N,-0.0542816872357248,D,N,33,1,0,0.948298585052443,0.8773780975219824
D33Q,-0.0029564440166385,D,Q,33,1,0,0.96196298804708,0.9491606714628298
D33E,0.0206263536044552,D,E,33,1,1,0.968241474620636,0.9697841726618706
D33H,-0.0651792773900787,D,H,33,1,0,0.94539730189819,0.8557953637090328
D33K,-0.0963594485888136,D,K,33,1,0,0.937096154198166,0.8068745003996802
D33R,-0.080236515521331,D,R,33,1,0,0.941388588896414,0.8330935251798561
N34F,-0.550551754958919,N,F,34,1,0,0.816175797624059,0.26131095123900877
N34W,-0.388222352091856,N,W,34,1,0,0.859393018615804,0.438449240607514
N34Y,-0.356285881260958,N,Y,34,1,0,0.867895517197196,0.4677058353317346
N34P,-0.611055725531988,N,P,34,1,0,0.800067727114642,0.20463629096722621
N34M,-0.44652617828045,N,M,34,1,0,0.843870696124911,0.3814548361310951
N34I,-0.263914194369005,N,I,34,1,0,0.892487781662426,0.5609912070343726
N34L,-0.488328921585479,N,L,34,1,0,0.832741483772949,0.3354916067146283
N34V,-0.658874488638317,N,V,34,1,0,0.787336860024528,0.1715427657873701
N34A,-0.359929870397745,N,A,34,1,0,0.866925372041515,0.46458832933653077
N34G,-0.289765890886589,N,G,34,1,0,0.885605242444766,0.5312549960031975
N34C,-0.403967135343257,N,C,34,1,0,0.85520125935824,0.42414068745003997
N34S,-0.0914778782357592,N,S,34,1,0,0.938395782614267,0.8146282973621103
N34T,-0.495891917907113,N,T,34,1,0,0.830727974959272,0.3251798561151079
N34Q,-0.232802777682285,N,Q,34,1,0,0.900770624736871,0.5964828137490008
N34D,-0.211867028773763,N,D,34,1,0,0.906344383225641,0.626378896882494
N34E,-0.0998315514455636,N,E,34,1,0,0.936171770606432,0.7992006394884092
N34H,-0.171576884733061,N,H,34,1,0,0.917070893814867,0.6836131095123901
N34K,-0.19161882498539,N,K,34,1,0,0.911735095458622,0.6551558752997602
N34R,-0.590807521743614,N,R,34,1,0,0.805458439347623,0.22238209432454037
A35F,-0.451304616865482,A,F,35,1,0,0.842598524647178,0.37617905675459634
A35W,-0.32180549348551,A,W,35,1,0,0.877075286925006,0.5007194244604316
A35Y,-0.507064526109526,A,Y,35,1,0,0.827753473302703,0.3101518784972022
A35P,-0.443535357007804,A,P,35,1,0,0.844666947337592,0.3851318944844125
A35M,-0.538313451820276,A,M,35,1,0,0.819434020977101,0.27162270183852916
A35I,-1.04737185877823,A,I,35,1,0,0.683906573191046,0.042605915267785774
A35L,-0.674997421705799,A,L,35,1,0,0.78304442532628,0.16211031175059953
A35V,-0.0526315789473684,A,V,35,1,0,0.948737896066336,0.8804156674660272
A35G,-0.120561036818041,A,G,35,1,0,0.930652925994399,0.7661071143085532
A35C,-0.143353157550964,A,C,35,1,0,0.924584942614999,0.7309352517985611
A35S,-0.206641685860634,A,S,35,1,0,0.907735534769636,0.6342126298960832
A35T,-0.169307985836571,A,T,35,1,0,0.91767494645897,0.6872901678657074
A35N,-0.632335247000584,A,N,35,1,0,0.794402445497977,0.1882494004796163
A35Q,-0.739592285743752,A,Q,35,1,0,0.765847229594918,0.1310951239008793
A35D,-0.211592010725704,A,D,35,1,0,0.906417601727956,0.6266986410871302
A35E,-0.288940836742411,A,E,35,1,0,0.885824897951712,0.533013589128697
A35H,-0.576369074220496,A,H,35,1,0,0.809302410719189,0.23629096722621903
A35K,-0.582625734813847,A,K,35,1,0,0.80763668979151,0.2302158273381295
A35R,-0.793633332187425,A,R,35,1,0,0.751459793889916,0.10399680255795364
R36F,-0.0990064973013853,R,F,36,1,0,0.936391426113379,0.8012789768185452
R36W,-0.101584791501942,R,W,36,1,0,0.935705002654171,0.7970423661071143
R36Y,-0.0943999449963903,R,Y,36,1,0,0.937617836027164,0.8105515587529976
R36P,-0.353810718828423,R,P,36,1,0,0.868554483718035,0.469224620303757
R36M,-0.0592320121007941,R,M,36,1,0,0.946980652010763,0.8690647482014389
R36I,-0.192100106569494,R,I,36,1,0,0.91160696307957,0.6549160671462829
R36L,-0.0877995118429647,R,L,36,1,0,0.939375080082737,0.8217426059152678
R36V,-0.0418714978170442,R,V,36,1,0,0.951602569969431,0.9003197442046363
R36A,-0.0518409020591976,R,A,36,1,0,0.948948399260493,0.8828936850519584
R36G,-0.0801677610093162,R,G,36,1,0,0.941406893521993,0.8334932054356515
R36C,-0.0459623912819278,R,C,36,1,0,0.950513444747488,0.8936850519584333
R36S,-0.0415277252569699,R,S,36,1,0,0.951694093097326,0.901039168665068
R36T,-0.0381587541682422,R,T,36,1,0,0.952591019750691,0.9051958433253398
R36N,-0.0019251263364158,R,N,36,1,0,0.962237557430763,0.9499600319744205
R36Q,-0.0684794939667915,R,Q,36,1,0,0.944518679870403,0.8508393285371703
R36D,-0.210491938533466,R,D,36,1,0,0.906710475737219,0.6288569144684253
R36E,-0.0839836364261404,R,E,36,1,0,0.940390986802365,0.8266986410871303
R36H,0.0160198012994602,R,H,36,1,1,0.967015064706851,0.9669064748201439
R36K,-0.0089380865619306,R,K,36,1,0,0.960370485621717,0.942765787370104
K37F,-0.250953968854206,K,F,37,1,0,0.895938203584045,0.5750599520383693
K37W,-0.322046134277562,K,W,37,1,0,0.87701122073548,0.5003996802557954
K37Y,-0.0892433565952765,K,Y,37,1,0,0.93899068294558,0.8184652278177458
K37P,-0.670872150984908,K,P,37,1,0,0.784142702861013,0.16378896882494004
K37M,0.0178074186118464,K,M,37,1,1,0.967490984971902,0.9685051958433254
K37I,-0.153803843377222,K,I,37,1,0,0.921802639527008,0.7131095123900879
K37L,-0.106328852830967,K,L,37,1,0,0.934441983489228,0.7883293365307754
K37V,-0.101825432293994,K,V,37,1,0,0.935640936464644,0.7963229416466826
K37A,-0.0173261370277424,K,A,37,1,0,0.958137321301093,0.9338928856914468
K37G,-0.147615937295885,K,G,37,1,0,0.923450055829108,0.7247002398081535
K37C,-0.0704733748152222,K,C,37,1,0,0.943987845728615,0.8486011191047163
K37S,-0.0563786998521778,K,S,37,1,0,0.947740293972287,0.873701039168665
K37T,-0.0813709649695761,K,T,37,1,0,0.941086562574363,0.8308553157474021
K37N,-0.0306301351026161,K,N,37,1,0,0.954595376251579,0.9167865707434053
K37Q,-0.0173261370277424,K,Q,37,1,0,0.958137321301093,0.9338928856914468
K37D,-0.0963250713328062,K,D,37,1,0,0.937105306510955,0.8070343725019984
K37E,-0.046134277561965,K,E,37,1,0,0.95046768318354,0.893365307753797
K37H,-0.0780019938808484,K,H,37,1,0,0.941983489227728,0.8366107114308553
K37R,-0.0281549726700814,K,R,37,1,0,0.955254342772419,0.9205435651478817
I38F,-0.15208498057685,I,F,38,1,0,0.922260255166481,0.716466826538769
I38Y,-0.618515590085599,I,Y,38,1,0,0.798081675239333,0.1982414068745004
I38P,-0.57884423665303,I,P,38,1,0,0.808643444198349,0.2343725019984013
I38M,-0.0605383478290762,I,M,38,1,0,0.946632864124764,0.8660271782573941
I38L,-0.0738423459039499,I,L,38,1,0,0.94309091907525,0.842845723421263
I38V,-0.105606930454811,I,V,38,1,0,0.934634182057806,0.790087929656275
I38A,-0.50194231496442,I,A,38,1,0,0.82911716790833,0.3173461231015188
I38G,-0.433015916669531,I,G,38,1,0,0.847467555051161,0.39408473221422863
I38C,-0.582625734813847,I,C,38,1,0,0.80763668979151,0.2302158273381295
I38S,-0.306129464746124,I,S,38,1,0,0.881248741556991,0.5152677857713829
I38T,-0.2319433462821,I,T,38,1,0,0.900999432556607,0.5984012789768185
I38N,-0.369280484031765,I,N,38,1,0,0.864435942962786,0.4557953637090328
I38Q,-0.335281377840421,I,Q,38,1,0,0.873487580311545,0.48697042366107113
I38D,-0.642854687338857,I,D,38,1,0,0.791601837784408,0.182414068745004
I38E,-0.673209804393413,I,E,38,1,0,0.783520345591331,0.16274980015987212
I38H,-0.53745402042009,I,H,38,1,0,0.819662828796837,0.2729016786570743
I38K,-0.407542369968029,I,K,38,1,0,0.854249418828138,0.4203037569944045
I38R,-0.632335247000584,I,R,38,1,0,0.794402445497977,0.1882494004796163
A39W,-0.279762109388429,A,W,39,1,0,0.888268565466493,0.5430855315747402
A39P,-0.17319261576541,A,P,39,1,0,0.916640735113763,0.6807354116706634
A39I,-0.519715356320259,A,I,39,1,0,0.824385422196189,0.29376498800959233
A39L,-0.200453779779298,A,L,39,1,0,0.909382951071736,0.6433253397282174
A39V,-0.0059128880332771,A,V,39,1,0,0.961175889147187,0.9466027178257395
A39G,-0.0743580047440613,A,G,39,1,0,0.942953634383409,0.8422062350119904
A39C,-0.313108047715631,A,C,39,1,0,0.879390822060735,0.5075939248601119
A39S,-0.0666231221423905,A,S,39,1,0,0.945012904761033,0.8540367705835332
A39T,-0.0912028601876998,A,T,39,1,0,0.938469001116582,0.8154276578737011
A39N,-0.356182749492935,A,N,39,1,0,0.867922974135564,0.4680255795363709
A39Q,-0.145106397607343,A,Q,39,1,0,0.924118174662737,0.7289368505195843
A39D,-0.805871635326068,A,D,39,1,0,0.748201570536875,0.10015987210231815
A39E,-0.0762831310804771,A,E,39,1,0,0.9424411048672,0.839488409272582
A39H,-0.451304616865482,A,H,39,1,0,0.842598524647178,0.37617905675459634
A39R,-0.527897143250026,A,R,39,1,0,0.822207171752302,0.2836131095123901
E40F,-0.384062704114957,E,F,40,1,0,0.860500448463327,0.4422062350119904
E40W,-0.377737289009591,E,W,40,1,0,0.862184474016584,0.4471622701838529
E40Y,-0.290109663446664,E,Y,40,1,0,0.885513719316871,0.5309352517985612
E40P,-0.516105744439479,E,P,40,1,0,0.82534641503908,0.29696243005595524
E40M,-0.219533156863419,E,M,40,1,0,0.904303417473595,0.6172661870503597
E40I,-0.455979923682492,E,I,40,1,0,0.841353810107814,0.36994404476418863
E40L,-0.27092715459452,E,L,40,1,0,0.89062070985338,0.5517186250999201
E40V,-0.154869538313452,E,V,40,1,0,0.921518917830536,0.7116706634692246
E40A,-0.0481969129224105,E,A,40,1,0,0.949918544416174,0.8892885691446842
E40G,-0.0676544398226133,E,G,40,1,0,0.94473833537735,0.8514788169464429
E40C,-0.168036027364296,E,C,40,1,0,0.918013582032179,0.6896882494004796
E40S,-0.0411839526968957,E,S,40,1,0,0.95178561622522,0.9011990407673861
E40T,-0.0553817594279624,E,T,40,1,0,0.94800571104318,0.8751398880895284
E40N,-0.0098662724741311,E,N,40,1,0,0.960123373176402,0.941806554756195
E40Q,-0.0780363711368558,E,Q,40,1,0,0.941974336914938,0.8363709032773781
E40D,0.0047784385850321,E,D,40,1,0,0.964022258424704,0.9558752997601918
E40H,-0.0801677610093162,E,H,40,1,0,0.941406893521993,0.8334932054356515
E40K,-0.0740486094399945,E,K,40,1,0,0.943036005198514,0.8425259792166268
E40R,-0.0604008388050465,E,R,40,1,0,0.946669473375922,0.8663469224620304
M41F,-0.0452404689057719,M,F,41,1,0,0.950705643316066,0.8951239008792966
M41W,-0.274055484891196,M,W,41,1,0,0.889787849389541,0.5486810551558753
M41Y,-0.0872838530028533,M,Y,41,1,0,0.939512364774578,0.8222222222222222
M41P,-0.486025645432981,M,P,41,1,0,0.833354688729842,0.33828936850519586
M41I,-0.096875107428925,M,I,41,1,0,0.936958869506324,0.8053557154276578
M41L,-0.0817491147856578,M,L,41,1,0,0.940985887133679,0.8302158273381295
M41V,-0.0633916600776926,M,V,41,1,0,0.94587322216324,0.8594724220623501
M41A,-0.263157894736842,M,A,41,1,0,0.892689132543794,0.5620303756994405
M41G,-0.421533913163051,M,G,41,1,0,0.850524427522835,0.40591526778577136
M41C,-0.173123861253395,M,C,41,1,0,0.916659039739342,0.6808952837729816
M41S,-0.353604455292378,M,S,41,1,0,0.868609397594772,0.46938449240607516
M41T,-0.117329574753343,M,T,41,1,0,0.931513243396606,0.7715427657873701
M41N,-0.485097459520781,M,N,41,1,0,0.833601801175157,0.34004796163069545
M41Q,-0.0524596926673313,M,Q,41,1,0,0.948783657630283,0.8808952837729817
M41D,-0.165079583347657,M,D,41,1,0,0.918800680932072,0.6940047961630695
M41H,-0.177008491182234,M,H,41,1,0,0.915624828394135,0.6756195043964828
M41K,-0.226580494344941,M,K,41,1,0,0.90242719335176,0.6067945643485212
M41R,-0.2319433462821,M,R,41,1,0,0.900999432556607,0.5984012789768185
I42F,-0.163016947987212,I,F,42,1,0,0.919349819699438,0.6975219824140687
I42W,-0.773075733094984,I,W,42,1,0,0.756932876938002,0.11534772182254197
I42Y,-0.340919247825638,I,Y,42,1,0,0.871986601014076,0.48137490007993605
I42P,-0.545567052837842,I,P,42,1,0,0.817502882978529,0.2649080735411671
I42M,-0.0863556670906528,I,M,42,1,0,0.939759477219893,0.8231814548361311
I42L,-0.0607102341091134,I,L,42,1,0,0.946587102560817,0.8658673061550759
I42V,0.0184949637319949,I,V,42,1,1,0.967674031227691,0.9688249400479616
I42A,-0.264876757537213,I,A,42,1,0,0.892231516904322,0.559312549960032
I42G,-0.592904534360067,I,G,42,1,0,0.804900148267467,0.22078337330135892
I42C,-0.272164735810787,I,C,42,1,0,0.89029122659296,0.5501998401278977
I42S,-0.387741070507752,I,S,42,1,0,0.859521150994856,0.4386890487609912
I42T,-0.107910206607309,I,T,42,1,0,0.934020977100913,0.7848920863309352
I42N,-0.147237787479803,I,N,42,1,0,0.923550731269792,0.7250199840127898
I42Q,-0.678607033586579,I,Q,42,1,0,0.782083432483388,0.15907274180655476
I42D,-0.588813640895184,I,D,42,1,0,0.80598927348941,0.2237410071942446
I42E,-0.572140671731582,I,E,42,1,0,0.81042814519229,0.24004796163069544
I42H,-0.605624119082815,I,H,42,1,0,0.801513792535373,0.2081534772182254
I42K,-0.592904534360067,I,K,42,1,0,0.804900148267467,0.22078337330135892
I42R,-0.527897143250026,I,R,42,1,0,0.822207171752302,0.2836131095123901
V43F,-0.1754615146619,V,F,43,1,0,0.91603668246966,0.678017585931255
V43W,-0.0816803602736429,V,W,43,1,0,0.941004191759257,0.8305355715427658
V43Y,-0.0722953693836157,V,Y,43,1,0,0.943502773150775,0.8458033573141487
V43P,-0.203822750868026,V,P,43,1,0,0.90848602441837,0.6396482813749
V43M,-0.0393963353845096,V,M,43,1,0,0.952261536490271,0.9035971223021583
V43I,0.0097631407061088,V,I,43,1,0,0.965349343779173,0.9616306954436451
V43L,-0.0545223280277768,V,L,43,1,0,0.948234518862916,0.8768185451638689
V43A,-0.0640448279418336,V,A,43,1,0,0.945699328220241,0.8578737010391687
V43G,-0.0654199181821307,V,G,43,1,0,0.945333235708663,0.8553157474020784
V43C,-0.0537660283956134,V,C,43,1,0,0.948435869744284,0.8780975219824141
V43S,-0.0878682663549795,V,S,43,1,0,0.939356775457158,0.8215827338129497
V43T,-0.0719859740795489,V,T,43,1,0,0.94358514396588,0.846123101518785
V43N,-0.0408745573928289,V,N,43,1,0,0.951867987040325,0.9016786570743405
V43Q,0.0024407851765272,V,Q,43,1,0,0.963399901155022,0.9534772182254196
V43D,-0.107497679535219,V,D,43,1,0,0.934130804854387,0.7860111910471622
V43E,-0.0185637182440097,V,E,43,1,0,0.957807838040673,0.9325339728217426
V43H,-0.0338272199113066,V,H,43,1,0,0.953744211162161,0.9136690647482014
V43K,-0.0896902609233731,V,K,43,1,0,0.938871702879317,0.8168665067945643
V43R,-0.138780982501977,V,R,43,1,0,0.925802200215994,0.7386091127098321
G44F,-0.274433634707278,G,F,44,1,0,0.889687173948857,0.548361310951239
G44W,-0.316133246244285,G,W,44,1,0,0.878585418535264,0.5055955235811351
G44Y,-0.284506170717453,G,Y,44,1,0,0.88700554630155,0.5371702637889688
G44P,-0.165285846883702,G,P,44,1,0,0.918745767055335,0.693365307753797
G44M,-0.177008491182234,G,M,44,1,0,0.915624828394135,0.6756195043964828
G44I,-0.546839011310117,G,I,44,1,0,0.817164247405319,0.2636290967226219
G44L,-0.305201278833923,G,L,44,1,0,0.881495854002306,0.5162270183852917
G44V,-0.300766612808966,G,V,44,1,0,0.882676502352144,0.5195843325339728
G44A,-0.0727078964557049,G,A,44,1,0,0.943392945397302,0.8445243804956035
G44C,-0.0946749630444497,G,C,44,1,0,0.937544617524848,0.8094324540367706
G44S,-0.103578672350373,G,S,44,1,0,0.935174168512383,0.7935251798561151
G44T,-0.30097287634501,G,T,44,1,0,0.882621588475408,0.5194244604316547
G44N,-0.0803396472893533,G,N,44,1,0,0.941361131958046,0.8325339728217426
G44Q,-0.161160576162811,G,Q,44,1,0,0.919844044590068,0.7002398081534772
G44D,-0.168276668156348,G,D,44,1,0,0.917949515842653,0.6893685051958434
G44E,-0.319020935748908,G,E,44,1,0,0.877816624260951,0.5023181454836131
G44H,-0.0763175083364845,G,H,44,1,0,0.942431952554411,0.8393285371702638
G44K,-0.0498470212107669,G,K,44,1,0,0.94947923340228,0.8860911270983214
G44R,-0.197806731066726,G,R,44,1,0,0.910087679156523,0.6466826538768985
M45F,-0.201794492763588,M,F,45,1,0,0.909026010872947,0.6414068745003997
M45W,-0.297741414280312,M,W,45,1,0,0.883481905877615,0.5231814548361311
M45Y,-0.332737460895871,M,Y,45,1,0,0.874164851457963,0.48896882494004795
M45P,-0.573550139227887,M,P,45,1,0,0.810052900367923,0.23884892086330936
M45I,-0.11550758018495,M,I,45,1,0,0.931998315974447,0.7741007194244605
M45L,-0.0893808656193062,M,L,45,1,0,0.938954073694423,0.8179056754596323
M45V,-0.145106397607343,M,V,45,1,0,0.924118174662737,0.7289368505195843
M45A,-0.38495651277115,M,A,45,1,0,0.860262488330801,0.4398880895283773
M45G,-0.599642476537523,M,G,45,1,0,0.803106294960736,0.2135091926458833
M45C,-0.368249166351542,M,C,45,1,0,0.86471051234647,0.45675459632294163
M45S,-0.292859843927258,M,S,45,1,0,0.884781534293716,0.5281374900079936
M45T,-0.219017498023308,M,T,45,1,0,0.904440702165437,0.6180655475619504
M45N,-0.622709615318505,M,N,45,1,0,0.796965093079021,0.194484412470024
M45Q,-0.433600330021658,M,Q,45,1,0,0.847311965733741,0.3935251798561151
M45D,-0.656468080717797,M,D,45,1,0,0.787977521919789,0.17322142286171063
M45E,-0.511808587438551,M,E,45,1,0,0.82649045413776,0.30455635491606714
M45H,-0.307229536938362,M,H,45,1,0,0.880955867547729,0.5123900879296562
M45K,-0.308020213826532,M,K,45,1,0,0.880745364353572,0.5114308553157474
M45R,-0.479459589535563,M,R,45,1,0,0.835102780472625,0.34500399680255794
K46F,-0.388462992883908,K,F,46,1,0,0.859328952426278,0.43772981614708234
K46W,-0.561449345113273,K,W,46,1,0,0.813274514469806,0.2503597122302158
K46Y,-0.578706727629001,K,Y,46,1,0,0.808680053449506,0.23453237410071942
K46P,-0.536010175667778,K,P,46,1,0,0.820047225933993,0.27434052757793764
K46M,-0.155900855993675,K,M,46,1,0,0.921244348446852,0.7099920063948841
K46I,-0.667743820688233,K,I,46,1,0,0.784975563324852,0.16610711430855316
K46L,-0.518512152359999,K,L,46,1,0,0.824705753143819,0.2945643485211831
K46V,-0.495720031627076,K,V,46,1,0,0.830773736523219,0.32565947242206233
K46A,-0.209426243597236,K,A,46,1,0,0.906994197433691,0.6300559552358114
K46G,-0.288253291622263,K,G,46,1,0,0.886007944207501,0.534132693844924
K46C,-0.471002784557737,K,C,46,1,0,0.837354249418828,0.3541966426858513
K46S,-0.276633779091753,K,S,46,1,0,0.889101425930332,0.5458033573141486
K46T,-0.270273986730379,K,T,46,1,0,0.890794603796379,0.5531574740207834
K46N,-0.146034583519543,K,N,46,1,0,0.923871062217422,0.7274180655475619
K46Q,-0.17865859947059,K,Q,46,1,0,0.915185517380242,0.6732214228617106
K46D,-0.632335247000584,K,D,46,1,0,0.794402445497977,0.1882494004796163
K46E,-0.0944686995084052,K,E,46,1,0,0.937599531401585,0.8099920063948841
K46H,-0.447213723400598,K,H,46,1,0,0.843687649869122,0.3808153477218225
K46R,-0.141393653958541,K,R,46,1,0,0.925106624443997,0.7338129496402878
Q47F,-0.163051325243219,Q,F,47,1,0,0.919340667386649,0.6973621103117505
Q47W,-0.465227405548489,Q,W,47,1,0,0.838891837967454,0.3613109512390088
Q47Y,0.0002062635360445,Q,Y,47,1,0,0.962805000823708,0.9512390087929656
Q47P,-0.216748599126818,Q,P,47,1,0,0.90504475480954,0.6204636290967226
Q47M,-0.0716422015194747,Q,M,47,1,0,0.943676667093775,0.8471622701838529
Q47I,-0.120320396025989,Q,I,47,1,0,0.930716992183925,0.7665067945643486
Q47L,-0.133383753308811,Q,L,47,1,0,0.927239113323937,0.7462829736211031
Q47V,-0.0443466602495788,Q,V,47,1,0,0.950943603448591,0.8962430055955236
Q47A,-0.0158135377634157,Q,A,47,1,0,0.958540023063828,0.9349320543565148
Q47G,-0.0481969129224105,Q,G,47,1,0,0.949918544416174,0.8892885691446842
Q47C,0.0228952525009453,Q,C,47,1,1,0.96884552726474,0.971462829736211
Q47S,-0.0536285193715837,Q,S,47,1,0,0.948472478995442,0.8786570743405275
Q47T,-0.0635291691017223,Q,T,47,1,0,0.945836612912083,0.859232613908873
Q47N,-0.0896215064113582,Q,N,47,1,0,0.938890007504896,0.8173461231015188
Q47D,-0.132558699164633,Q,D,47,1,0,0.927458768830883,0.7482014388489209
Q47E,-0.105675684966826,Q,E,47,1,0,0.934615877432227,0.7898481215027977
Q47H,-0.0545910825397916,Q,H,47,1,0,0.948216214237338,0.8765787370103917
Q47K,-0.0239609474371755,Q,K,47,1,0,0.95637092493273,0.9265387689848121
Q47R,-0.0226889889649008,Q,R,47,1,0,0.95670956050594,0.9283772981614709
G48F,-0.471140293581766,G,F,48,1,0,0.83731764016767,0.3539568345323741
G48W,-0.451304616865482,G,W,48,1,0,0.842598524647178,0.37617905675459634
G48Y,-0.317061432156485,G,Y,48,1,0,0.878338306089949,0.504396482813749
G48P,-0.524253154113239,G,P,48,1,0,0.823177316907982,0.28888888888888886
G48M,-0.552992540135446,G,M,48,1,0,0.815525983416009,0.25819344524380494
G48I,-0.567430987658565,G,I,48,1,0,0.811682012044443,0.24396482813749001
G48L,-0.590085599367458,G,L,48,1,0,0.805650637916201,0.2225419664268585
G48V,-0.321702361717488,G,V,48,1,0,0.877102743863374,0.5008792965627498
G48A,-0.192615765409605,G,A,48,1,0,0.911469678387728,0.6533972821742606
G48C,-0.23300904121833,G,C,48,1,0,0.900715710860134,0.5963229416466826
G48S,-0.316717659596411,G,S,48,1,0,0.878429829217843,0.5046362909672262
G48T,-0.585513424318471,G,T,48,1,0,0.806867895517197,0.22677857713828936
G48N,-0.208463680429028,G,N,48,1,0,0.907250462191796,0.6318145483613109
G48Q,-0.787720444154148,G,Q,48,1,0,0.7530339916897,0.10831334932054357
G48D,-0.242256523084327,G,D,48,1,0,0.898253738719774,0.5873701039168665
G48E,-0.53078483275465,G,E,48,1,0,0.821438377477988,0.2803357314148681
G48H,-0.379284265529925,G,H,48,1,0,0.861772619941059,0.44636290967226216
G48K,-0.439719481590979,G,K,48,1,0,0.84568285405722,0.38912869704236613
G48R,-0.438653786654749,G,R,48,1,0,0.845966575753693,0.3894484412470024
L49F,-0.0439685104334972,L,F,49,1,0,0.951044278889275,0.8970423661071143
L49W,-0.096634466636873,L,W,49,1,0,0.93702293569585,0.8060751398880895
L49Y,-0.0268142596857918,L,Y,49,1,0,0.955611282971207,0.9216626698641087
L49P,-0.245144212588951,L,P,49,1,0,0.897484944445461,0.5836930455635492
L49M,0.0122383031386434,L,M,49,1,1,0.966008310300013,0.96378896882494
L49I,-0.0448623190896902,L,I,49,1,0,0.95080631875675,0.8957633892885691
L49V,-0.160816803602736,L,V,49,1,0,0.919935567717962,0.7007993605115908
L49A,-0.245453607893018,L,A,49,1,0,0.897402573630356,0.5828936850519585
L49G,-0.452473443569734,L,G,49,1,0,0.842287346012337,0.373621103117506
L49C,-0.190003093953041,L,C,49,1,0,0.912165254159726,0.6557953637090328
L49S,-0.303585547801574,L,S,49,1,0,0.88192601270341,0.5173461231015188
L49T,-0.249922651173983,L,T,49,1,0,0.896212772967729,0.57585931254996
L49N,-0.363986386606621,L,N,49,1,0,0.865845399132361,0.4611510791366906
L49Q,-0.278765168964213,L,Q,49,1,0,0.888533982537387,0.5442046362909673
L49D,-0.651173983292654,L,D,49,1,0,0.789386978089363,0.17777777777777778
L49E,-1.04737185877823,L,E,49,1,0,0.683906573191046,0.042605915267785774
L49H,-0.25250094537454,L,H,49,1,0,0.895526349508521,0.5733812949640288
L49K,-0.359689229605693,L,K,49,1,0,0.866989438231041,0.4649080735411671
L49R,-0.407095465639933,L,R,49,1,0,0.8543683988944,0.4206235011990408
P50F,-0.424971638763794,P,F,50,1,0,0.849609196243891,0.40047961630695444
P50W,-0.24930386056585,P,W,50,1,0,0.896377514597939,0.5774580335731415
P50Y,-0.14634397882361,P,Y,50,1,0,0.923788691402317,0.7262190247801759
P50M,-0.368249166351542,P,M,50,1,0,0.86471051234647,0.45675459632294163
P50I,-0.310873526075149,P,I,50,1,0,0.879985722392048,0.5095123900879297
P50L,-0.138127814637836,P,L,50,1,0,0.925976094158994,0.740687450039968
P50V,-0.315617587404173,P,V,50,1,0,0.878722703227105,0.5058353317346123
P50A,-0.101137887173846,P,A,50,1,0,0.935823982720433,0.7979216626698641
P50G,-0.431743958197257,P,G,50,1,0,0.84780619062437,0.3959232613908873
P50C,-0.321083571109354,P,C,50,1,0,0.877267485493584,0.5013589128697042
P50S,-0.0545223280277768,P,S,50,1,0,0.948234518862916,0.8768185451638689
P50T,-0.12791776960363,P,T,50,1,0,0.928694331057458,0.7553157474020783
P50N,-0.277424455979924,P,N,50,1,0,0.888890922736175,0.5456434852118305
P50Q,-0.190518752793152,P,Q,50,1,0,0.912027969467884,0.6554756195043965
P50D,-0.767540994877789,P,D,50,1,0,0.758406399297102,0.11734612310151879
P50E,-0.739592285743752,P,E,50,1,0,0.765847229594918,0.1310951239008793
P50H,-0.32847468115095,P,H,50,1,0,0.875299738243854,0.49336530775379694
P50K,-0.246966207157345,P,K,50,1,0,0.896999871867621,0.5806554756195044
P50R,-0.27800886933205,P,R,50,1,0,0.888735333418755,0.5451638689048761
G51F,-0.669565815256626,G,F,51,1,0,0.784490490747012,0.164828137490008
G51W,-0.432672144109457,G,W,51,1,0,0.847559078179056,0.39456434852118305
G51Y,-0.612912097356389,G,Y,51,1,0,0.799573502224012,0.20191846522781776
G51P,-0.64948949774829,G,P,51,1,0,0.789835441416046,0.17873701039168666
G51M,-0.450995221561415,G,M,51,1,0,0.842680895462283,0.3776978417266187
G51I,-0.441300835367321,G,I,51,1,0,0.845261847668906,0.38760991207034373
G51L,-0.389219292516071,G,L,51,1,0,0.85912760154491,0.43597122302158275
G51V,-0.139296641342088,G,V,51,1,0,0.925664915524153,0.7376498800959232
G51A,-0.306748255354258,G,A,51,1,0,0.881083999926781,0.5127098321342926
G51C,-0.112894908728385,G,C,51,1,0,0.932693891746444,0.7765787370103917
G51S,-0.210526315789474,G,S,51,1,0,0.906701323424429,0.628617106314948
G51T,-0.311629825707312,G,T,51,1,0,0.87978437151068,0.5089528377298161
G51N,-0.506445735501392,G,N,51,1,0,0.827918214932913,0.3111910471622702
G51Q,-0.508095843789749,G,Q,51,1,0,0.82747890391902,0.30879296562749803
G51D,-0.0594382756368386,G,D,51,1,0,0.946925738134026,0.86810551558753
G51E,-0.739592285743752,G,E,51,1,0,0.765847229594918,0.1310951239008793
G51H,-0.607274227371171,G,H,51,1,0,0.80107448152148,0.20623501199040767
G51K,-0.298394582144453,G,K,51,1,0,0.883308011934616,0.5221422861710632
G51R,-0.373955790848774,G,R,51,1,0,0.863191228423423,0.4509992006394884
M52F,-0.192615765409605,M,F,52,1,0,0.911469678387728,0.6533972821742606
M52W,-0.710990408745574,M,W,52,1,0,0.773461953835734,0.14244604316546763
M52Y,-0.478600158135378,M,Y,52,1,0,0.835331588292361,0.34716227018385293
M52P,-0.517274571143731,M,P,52,1,0,0.825035236404239,0.2960831334932054
M52I,-0.0571006222283337,M,I,52,1,0,0.947548095403708,0.8730615507593925
M52L,0.0333459383272027,M,L,52,1,1,0.97162783035273,0.9784172661870504
M52V,-0.12111107291416,M,V,52,1,0,0.930506488989768,0.7647482014388489
M52A,-0.428237478084499,M,A,52,1,0,0.848739726528894,0.3980815347721823
M52G,-0.601326962081887,M,G,52,1,0,0.802657831634054,0.21151079136690648
M52C,-0.13860909622194,M,C,52,1,0,0.925847961779941,0.7394084732214229
M52S,-0.569321736738973,M,S,52,1,0,0.811178634841024,0.24268585131894485
M52T,-0.153185052769088,M,T,52,1,0,0.921967381157218,0.714308553157474
M52N,-0.822097700161573,M,N,52,1,0,0.743881678900258,0.09448441247002398
M52Q,-0.654886726941456,M,Q,52,1,0,0.788398528308103,0.17490007993605117
M52D,-0.421533913163051,M,D,52,1,0,0.850524427522835,0.40591526778577136
M52E,-0.60301144762625,M,E,52,1,0,0.802209368307371,0.20911270983213429
M52H,-0.562652549073533,M,H,52,1,0,0.812954183522176,0.24940047961630696
M52K,-0.375158994809034,M,K,52,1,0,0.862870897475792,0.4495603517186251
M52R,-0.337722163016948,M,R,52,1,0,0.872837766103494,0.4844124700239808
D53F,-0.625906700127196,D,F,53,1,0,0.796113927989603,0.19296562749800159
D53W,-0.805871635326068,D,W,53,1,0,0.748201570536875,0.10015987210231815
D53Y,-0.133314998796796,D,Y,53,1,0,0.927257417949516,0.7465227817745803
D53P,-0.488569562377531,D,P,53,1,0,0.832677417583423,0.33477218225419664
D53M,-0.539344769500498,D,M,53,1,0,0.819159451593418,0.270343725019984
D53I,-0.50152978789233,D,I,53,1,0,0.829226995661804,0.31750599520383693
D53L,-0.584103956822166,D,L,53,1,0,0.807243140341564,0.22805755395683452
D53V,-0.13740589226168,D,V,53,1,0,0.926168292727572,0.741726618705036
D53A,-0.38041871497817,D,A,53,1,0,0.861470593619007,0.4460431654676259
D53G,-0.143765684623053,D,G,53,1,0,0.924475114861525,0.7304556354916067
D53C,-0.627522431159545,D,C,53,1,0,0.795683769288499,0.19160671462829737
D53S,-0.532503695555021,D,S,53,1,0,0.820980761838516,0.27849720223820945
D53T,-0.368352298119564,D,T,53,1,0,0.864683055408102,0.45643485211830537
D53N,-0.187390422496476,D,N,53,1,0,0.912860829931724,0.6589928057553956
D53Q,-0.572140671731582,D,Q,53,1,0,0.81042814519229,0.24004796163069544
D53E,-0.0692014163429475,D,E,53,1,0,0.944326481301825,0.8501998401278977
D53H,-0.394960294269311,D,H,53,1,0,0.857599165309074,0.4313349320543565
D53K,-0.646498676475644,D,K,53,1,0,0.790631692628727,0.18017585931254995
D53R,-0.584103956822166,D,R,53,1,0,0.807243140341564,0.22805755395683452
L54F,-0.561449345113273,L,F,54,1,0,0.813274514469806,0.2503597122302158
L54Y,-0.465227405548489,L,Y,54,1,0,0.838891837967454,0.3613109512390088
L54P,-0.183024510983533,L,P,54,1,0,0.914023173655983,0.6657873701039169
L54M,-0.106053834782908,L,M,54,1,0,0.934515201991543,0.7887290167865707
L54I,-0.181030630135103,L,I,54,1,0,0.91455400779777,0.669224620303757
L54V,-0.211935783285778,L,V,54,1,0,0.906326078600062,0.6262190247801759
L54A,-0.606311664202963,L,A,54,1,0,0.801330746279585,0.20711430855315746
L54G,-0.499054625459796,L,G,54,1,0,0.829885962182643,0.3203037569944045
L54C,-0.346247722506789,L,C,54,1,0,0.870567992531713,0.4762589928057554
L54S,-0.443707243287841,L,S,54,1,0,0.844621185773645,0.38481215027977617
L54T,-0.506445735501392,L,T,54,1,0,0.827918214932913,0.3111910471622702
L54N,-0.797724225652308,L,N,54,1,0,0.750370668667972,0.10199840127897682
L54Q,-0.246003643989137,L,Q,54,1,0,0.897256136625725,0.582414068745004
L54D,-0.870260235827976,L,D,54,1,0,0.73105928868225,0.08129496402877698
L54E,-1.0226889889649,L,E,54,1,0,0.690477933773865,0.04748201438848921
L54H,-0.169273608580563,L,H,54,1,0,0.91768409877176,0.6875299760191846
L54K,-0.631888342672488,L,K,54,1,0,0.79452142556424,0.1888089528377298
L54R,-0.383993949602943,L,R,54,1,0,0.860518753088905,0.44236610711430857
V55F,-0.105985080270893,V,F,55,1,0,0.934533506617122,0.7889688249400479
V55W,-0.539344769500498,V,W,55,1,0,0.819159451593418,0.270343725019984
V55Y,-0.681597854859225,V,Y,55,1,0,0.781287181270707,0.15827338129496402
V55P,-0.386194093987418,V,P,55,1,0,0.859933005070381,0.43932853717026377
V55M,-0.451304616865482,V,M,55,1,0,0.842598524647178,0.37617905675459634
V55I,-0.037814981608168,V,I,55,1,0,0.952682542878585,0.9061550759392486
V55L,-0.272027226786758,V,L,55,1,0,0.890327835844118,0.5505995203836931
V55A,-0.146790883151707,V,A,55,1,0,0.923669711336054,0.7254996003197443
V55G,-0.414933480009626,V,G,55,1,0,0.852281671578408,0.41294964028776976
V55C,-0.10361304960638,V,C,55,1,0,0.935165016199594,0.7932054356514788
V55S,-0.582006944205714,V,S,55,1,0,0.80780143142172,0.23149480415667467
V55T,-0.34504451854653,V,T,55,1,0,0.870888323479343,0.4784972022382094
V55N,-0.487263226649249,V,N,55,1,0,0.833025205469422,0.3374900079936051
V55Q,-0.3805562240022,V,Q,55,1,0,0.86143398436785,0.4457234212629896
V55D,-0.119804737185878,V,D,55,1,0,0.930854276875766,0.767066346922462
V55E,-1.01454157929114,V,E,55,1,0,0.692647031904962,0.04892086330935252
V55H,-0.524012513321187,V,H,55,1,0,0.823241383097508,0.28952837729816144
V55K,-0.363745745814569,V,K,55,1,0,0.865909465321887,0.46195043964828136
V55R,-0.739592285743752,V,R,55,1,0,0.765847229594918,0.1310951239008793
V56F,-0.542748117845234,V,F,56,1,0,0.818253372627263,0.2674660271782574
V56W,-0.249097597029805,V,W,56,1,0,0.896432428474675,0.578017585931255
V56Y,-0.862250335178246,V,Y,56,1,0,0.73319177756219,0.0832933653077538
V56P,-0.452954725153838,V,P,56,1,0,0.842159213633285,0.37234212629896085
V56M,-0.0417683660490219,V,M,56,1,0,0.9516300269078,0.9008792965627498
V56I,-0.0473718587782323,V,I,56,1,0,0.950138199923121,0.8912869704236611
V56L,-0.23314655024236,V,L,56,1,0,0.900679101608976,0.5960031974420463
V56A,-0.141221767678504,V,A,56,1,0,0.925152386007944,0.7344524380495604
V56G,-0.206057272508508,V,G,56,1,0,0.907891124087057,0.636290967226219
V56C,-0.148165973392004,V,C,56,1,0,0.923303618824477,0.7233413269384492
V56S,-0.515040049503249,V,S,56,1,0,0.825630136735553,0.30023980815347723
V56T,-0.451304616865482,V,T,56,1,0,0.842598524647178,0.37617905675459634
V56N,-0.410636323008697,V,N,56,1,0,0.853425710677088,0.417585931254996
V56Q,-0.504004950324865,V,Q,56,1,0,0.828568029140964,0.31526778577138287
V56D,-0.249097597029805,V,D,56,1,0,0.896432428474675,0.578017585931255
V56E,-0.194850287050088,V,E,56,1,0,0.910874778056415,0.6510791366906474
V56H,-0.421224517858984,V,H,56,1,0,0.85060679833794,0.4071143085531575
V56K,-0.579153631957097,V,K,56,1,0,0.808561073383244,0.23421262989608313
V56R,-0.639451338994122,V,R,56,1,0,0.792507916750563,0.1841726618705036
F57Y,-0.146240847055588,F,Y,57,1,0,0.923816148340686,0.7267785771382894
F57P,-0.886211282615422,F,P,57,1,0,0.726812615547949,0.07753796962430055
F57M,-0.368902334215683,F,M,57,1,0,0.86453661840347,0.45611510791366905
F57I,-0.124101894186806,F,I,57,1,0,0.929710237777086,0.760511590727418
F57L,-0.0766612808965588,F,L,57,1,0,0.942340429426516,0.8386091127098322
F57V,-0.153253807281103,F,V,57,1,0,0.921949076531639,0.7141486810551558
F57A,-0.457561277458833,F,A,57,1,0,0.8409328037195,0.36818545163868904
F57G,-0.60301144762625,F,G,57,1,0,0.802209368307371,0.20911270983213429
F57C,-0.2319433462821,F,C,57,1,0,0.900999432556607,0.5984012789768185
F57S,-0.155797724225652,F,S,57,1,0,0.921271805385221,0.7104716227018385
F57T,-0.484409914400633,F,T,57,1,0,0.833784847430946,0.3402078337330136
F57N,-0.510124101894187,F,N,57,1,0,0.826938917464443,0.3068745003996803
F57Q,-0.497817044243528,F,Q,57,1,0,0.830215445443063,0.3215027977617906
F57D,-0.451304616865482,F,D,57,1,0,0.842598524647178,0.37617905675459634
F57H,-0.68754512014851,F,H,57,1,0,0.779703831158133,0.15523581135091927
F57R,-0.705180652480319,F,R,57,1,0,0.77500869469715,0.14532374100719425
P58F,-0.612912097356389,P,F,58,1,0,0.799573502224012,0.20191846522781776
P58W,-0.357489085221218,P,W,58,1,0,0.867575186249565,0.46610711430855317
P58Y,-0.773075733094984,P,Y,58,1,0,0.756932876938002,0.11534772182254197
P58I,-0.24930386056585,P,I,58,1,0,0.896377514597939,0.5774580335731415
P58L,-0.246313039293204,P,L,58,1,0,0.89717376581062,0.5819344524380495
P58V,-0.565058956994053,P,V,58,1,0,0.812313521626915,0.24620303756994405
P58A,-0.310598508027089,P,A,58,1,0,0.880058940894364,0.5099920063948841
P58G,-0.722506789508061,P,G,58,1,0,0.770395929051271,0.13764988009592327
P58C,-0.651173983292654,P,C,58,1,0,0.789386978089363,0.17777777777777778
P58S,-0.279452714084362,P,S,58,1,0,0.888350936281598,0.5437250199840128
P58T,-0.223005259720169,P,T,58,1,0,0.903379033881862,0.6119904076738609
P58N,-0.669565815256626,P,N,58,1,0,0.784490490747012,0.164828137490008
P58Q,-1.17659596411014,P,Q,58,1,0,0.649503029415534,0.028936850519584334
P58D,-0.68754512014851,P,D,58,1,0,0.779703831158133,0.15523581135091927
P58E,-0.421224517858984,P,E,58,1,0,0.85060679833794,0.4071143085531575
P58H,-0.0847055588022964,P,H,58,1,0,0.940198788233787,0.8250999200639488
P58K,-0.376259067001272,P,K,58,1,0,0.86257802346653,0.4487609912070344
P58R,-0.368455429887586,P,R,58,1,0,0.864655598469733,0.4562749800159872
E59F,-0.485544363848878,E,F,59,1,0,0.833482821108894,0.33884892086330937
E59W,-0.421533913163051,E,W,59,1,0,0.850524427522835,0.40591526778577136
E59Y,-0.615112241740864,E,Y,59,1,0,0.798987754205488,0.2003197442046363
E59P,-0.367011585135274,E,P,59,1,0,0.86503999560689,0.45819344524380495
E59M,-0.870260235827976,E,M,59,1,0,0.73105928868225,0.08129496402877698
E59I,-0.451304616865482,E,I,59,1,0,0.842598524647178,0.37617905675459634
E59L,-0.525146962769432,E,L,59,1,0,0.822939356775457,0.2865707434052758
E59V,-0.175220873869848,E,V,59,1,0,0.916100748659186,0.6783373301358913
E59A,-0.582935130117914,E,A,59,1,0,0.807554318976405,0.22965627498001598
E59G,-0.192100106569494,E,G,59,1,0,0.91160696307957,0.6549160671462829
E59C,-0.587060400838805,E,C,59,1,0,0.806456041441672,0.22557953637090328
E59S,-0.512427378046684,E,S,59,1,0,0.826325712507551,0.30343725019984014
E59T,-0.749699199009935,E,T,59,1,0,0.763156449634823,0.12677857713828936
E59N,-0.543676303757434,E,N,59,1,0,0.818006260181948,0.2665067945643485
E59Q,-0.335075114304376,E,Q,59,1,0,0.873542494188281,0.48729016786570745
E59D,-0.180343085014954,E,D,59,1,0,0.914737054053559,0.6701838529176659
E59H,-0.557461583416412,E,H,59,1,0,0.814336182753381,0.2535571542765787
E59K,-0.171198734916979,E,K,59,1,0,0.917171569255551,0.6842525979216627
E59R,-0.796555398948056,E,R,59,1,0,0.750681847302813,0.1026378896882494
Y60F,-0.188765512736773,Y,F,60,1,0,0.912494737420146,0.6578737010391686
Y60P,-0.495720031627076,Y,P,60,1,0,0.830773736523219,0.32565947242206233
Y60I,-0.421533913163051,Y,I,60,1,0,0.850524427522835,0.40591526778577136
Y60L,-0.485544363848878,Y,L,60,1,0,0.833482821108894,0.33884892086330937
Y60V,-0.269930214170305,Y,V,60,1,0,0.890886126924274,0.5539568345323741
Y60A,-0.388222352091856,Y,A,60,1,0,0.859393018615804,0.438449240607514
Y60C,-0.0848430678263261,Y,C,60,1,0,0.940162178982629,0.8249400479616307
Y60S,-0.368249166351542,Y,S,60,1,0,0.86471051234647,0.45675459632294163
Y60T,-0.26893327374609,Y,T,60,1,0,0.891151543995167,0.5553956834532374
Y60N,-0.230774519577847,Y,N,60,1,0,0.901310611191448,0.6001598721023181
Y60Q,-0.290315926982708,Y,Q,60,1,0,0.885458805440135,0.5304556354916067
Y60D,-0.104644367286603,Y,D,60,1,0,0.93489044681591,0.7916866506794564
Y60H,-0.111038536903984,Y,H,60,1,0,0.933188116637074,0.7799360511590727
Y60K,-0.612912097356389,Y,K,60,1,0,0.799573502224012,0.20191846522781776
Y60R,-1.38715665715563,Y,R,60,1,0,0.5934451135802,0.017106314948041566
S61F,-0.22620234452886,S,F,61,1,0,0.902527868792444,0.6078337330135891
S61Y,-0.0961875623087765,S,Y,61,1,0,0.937141915762113,0.8072741806554756
S61P,-0.185155900855994,S,P,61,1,0,0.913455730263037,0.6623501199040768
S61M,-0.469421430781395,S,M,61,1,0,0.837775255807142,0.35731414868105515
S61I,-0.565058956994053,S,I,61,1,0,0.812313521626915,0.24620303756994405
S61L,-0.651173983292654,S,L,61,1,0,0.789386978089363,0.17777777777777778
S61V,-0.527897143250026,S,V,61,1,0,0.822207171752302,0.2836131095123901
S61A,-0.140431090790333,S,A,61,1,0,0.925362889202101,0.7354116706634692
S61G,-0.612912097356389,S,G,61,1,0,0.799573502224012,0.20191846522781776
S61C,-0.142837498710853,S,C,61,1,0,0.92472222730684,0.7315747402078338
S61T,-0.217642407783011,S,T,61,1,0,0.904806794677015,0.6195843325339728
S61N,-0.249097597029805,S,N,61,1,0,0.896432428474675,0.578017585931255
S61Q,-0.286706315101928,S,Q,61,1,0,0.886419798283026,0.5348521183053557
S61D,-0.651173983292654,S,D,61,1,0,0.789386978089363,0.17777777777777778
S61E,-0.269930214170305,S,E,61,1,0,0.890886126924274,0.5539568345323741
S61H,-0.577400391900718,S,H,61,1,0,0.809027841335505,0.2357314148681055
S61K,-0.49152600639417,S,K,61,1,0,0.831890318683531,0.3317346123101519
S61R,-0.495720031627076,S,R,61,1,0,0.830773736523219,0.32565947242206233
L62F,-0.0892433565952765,L,F,62,1,0,0.93899068294558,0.8184652278177458
L62W,-0.363745745814569,L,W,62,1,0,0.865909465321887,0.46195043964828136
L62Y,-0.544982639485716,L,Y,62,1,0,0.817658472295949,0.2653077537969624
L62P,-0.59152944411977,L,P,62,1,0,0.805266240779045,0.22206235011990408
L62M,-0.421533913163051,L,M,62,1,0,0.850524427522835,0.40591526778577136
L62I,-0.210079411461377,L,I,62,1,0,0.906820303490692,0.6294164668265387
L62V,-0.178967994774657,L,V,62,1,0,0.915103146565137,0.6724220623501199
L62A,-0.388462992883908,L,A,62,1,0,0.859328952426278,0.43772981614708234
L62G,-0.451304616865482,L,G,62,1,0,0.842598524647178,0.37617905675459634
L62C,-0.241809618756231,L,C,62,1,0,0.898372718786037,0.5881694644284572
L62S,-0.18013682147891,L,S,62,1,0,0.914791967930296,0.6708233413269384
L62T,0.0338615971673141,L,T,62,1,1,0.971765115044572,0.9787370103916867
L62N,-0.521193578328578,L,N,62,1,0,0.823991872746243,0.29160671462829735
L62Q,-0.128295919419712,L,Q,62,1,0,0.928593655616774,0.7547561950439649
L62D,-0.205988517996493,L,D,62,1,0,0.907909428712636,0.6364508393285372
L62E,-0.68754512014851,L,E,62,1,0,0.779703831158133,0.15523581135091927
L62H,-0.627522431159545,L,H,62,1,0,0.795683769288499,0.19160671462829737
L62K,-0.397091684141772,L,K,62,1,0,0.857031721916128,0.42861710631494804
L62R,-0.499501529787892,L,R,62,1,0,0.829766982116381,0.31974420463629094
Q63F,-0.357489085221218,Q,F,63,1,0,0.867575186249565,0.46610711430855317
Q63W,-0.544982639485716,Q,W,63,1,0,0.817658472295949,0.2653077537969624
Q63Y,-0.408745573928289,Q,Y,63,1,0,0.853929087880507,0.41886490807354115
Q63P,-0.295610024407852,Q,P,63,1,0,0.884049349270561,0.525339728217426
Q63M,-0.306129464746124,Q,M,63,1,0,0.881248741556991,0.5152677857713829
Q63I,-0.606999209323112,Q,I,63,1,0,0.801147700023796,0.20639488409272583
Q63L,-0.297432018976245,Q,L,63,1,0,0.88356427669272,0.5234212629896083
Q63V,-0.73106672625391,Q,V,63,1,0,0.7681170031667,0.13453237410071942
Q63A,-0.478600158135378,Q,A,63,1,0,0.835331588292361,0.34716227018385293
Q63G,-0.878235759221699,Q,G,63,1,0,0.728935952115099,0.0794564348521183
Q63C,-0.75083364845818,Q,C,63,1,0,0.762854423312771,0.12629896083133493
Q63S,-0.13592767025336,Q,S,63,1,0,0.926561842177518,0.7437250199840127
Q63T,-0.177283509230293,Q,T,63,1,0,0.91555160989182,0.6749800159872102
Q63N,-0.399910619134381,Q,N,63,1,0,0.856281232267394,0.4273381294964029
Q63D,-0.408229915088178,Q,D,63,1,0,0.854066372572349,0.41982414068745005
Q63E,-0.24930386056585,Q,E,63,1,0,0.896377514597939,0.5774580335731415
Q63H,-0.0635291691017223,Q,H,63,1,0,0.945836612912083,0.859232613908873
Q63K,-0.228677506961394,Q,K,63,1,0,0.901868902271604,0.60431654676259
Q63R,-0.215339131630513,Q,R,63,1,0,0.905419999633907,0.6217426059152678
G64F,-0.269930214170305,G,F,64,1,0,0.890886126924274,0.5539568345323741
G64Y,-0.405479734607584,G,Y,64,1,0,0.854798557595504,0.4229416466826539
G64P,-0.483481728488432,G,P,64,1,0,0.834031959876261,0.3410071942446043
G64M,-0.421533913163051,G,M,64,1,0,0.850524427522835,0.40591526778577136
G64I,-0.550551754958919,G,I,64,1,0,0.816175797624059,0.26131095123900877
G64L,-0.461789679947747,G,L,64,1,0,0.839807069246398,0.364828137490008
G64V,-0.0851524631303929,G,V,64,1,0,0.940079808167524,0.8243005595523581
G64A,-0.361786242222146,G,A,64,1,0,0.866431147150885,0.46346922462030377
G64C,-0.101584791501942,G,C,64,1,0,0.935705002654171,0.7970423661071143
G64S,-0.195297191378184,G,S,64,1,0,0.910755797990152,0.6501998401278977
G64T,-0.592904534360067,G,T,64,1,0,0.804900148267467,0.22078337330135892
G64N,-0.554195744095706,G,N,64,1,0,0.815205652468379,0.2577138289368505
G64Q,-0.363745745814569,G,Q,64,1,0,0.865909465321887,0.46195043964828136
G64D,-0.128570937467771,G,D,64,1,0,0.928520437114459,0.7537170263788969
G64E,-0.541613668396989,G,E,64,1,0,0.818555398949314,0.26834532374100717
G64H,-0.421224517858984,G,H,64,1,0,0.85060679833794,0.4071143085531575
G64K,-0.350579256763725,G,K,64,1,0,0.869414801120243,0.47282174260591525
G64R,-0.358245384853381,G,R,64,1,0,0.867373835368197,0.46554756195043967
I65F,-0.198631785210904,I,F,65,1,0,0.909868023649576,0.6455635491606715
I65W,-0.58606346041459,I,W,65,1,0,0.806721458512566,0.22621902478017586
I65Y,-0.541613668396989,I,Y,65,1,0,0.818555398949314,0.26834532374100717
I65P,-0.329918525903262,I,P,65,1,0,0.874915341106698,0.4912869704236611
I65M,-0.111038536903984,I,M,65,1,0,0.933188116637074,0.7799360511590727
I65L,-0.29310048471931,I,L,65,1,0,0.88471746810419,0.5278976818545164
I65V,-0.0944343222523978,I,V,65,1,0,0.937608683714375,0.8102318145483614
I65A,-0.134449448245041,I,A,65,1,0,0.926955391627464,0.7453237410071942
I65G,-0.228918147753446,I,G,65,1,0,0.901804836082078,0.6040767386091127
I65C,-0.268176974113926,I,C,65,1,0,0.891352894876535,0.556115107913669
I65S,-0.395888480181512,I,S,65,1,0,0.857352052863758,0.42973621103117504
I65T,-0.306954518890302,I,T,65,1,0,0.881029086050045,0.5125499600319744
I65N,-0.273780466843136,I,N,65,1,0,0.889861067891856,0.5490007993605116
I65Q,-0.436763037574341,I,Q,65,1,0,0.846469952957112,0.3911270983213429
I65D,-0.793633332187425,I,D,65,1,0,0.751459793889916,0.10399680255795364
I65E,-0.4569424868507,I,E,65,1,0,0.841097545349709,0.36850519584332536
I65H,-0.535907043899756,I,H,65,1,0,0.820074682872362,0.2745003996802558
I65K,-0.569115473202929,I,K,65,1,0,0.811233548717761,0.24284572342126298
I65R,-0.582625734813847,I,R,65,1,0,0.80763668979151,0.2302158273381295
M66F,-0.279762109388429,M,F,66,1,0,0.888268565466493,0.5430855315747402
M66W,-0.363745745814569,M,W,66,1,0,0.865909465321887,0.46195043964828136
M66Y,-0.527897143250026,M,Y,66,1,0,0.822207171752302,0.2836131095123901
M66P,-0.231565196466018,M,P,66,1,0,0.901100107997291,0.5991207034372502
M66I,-0.114269998968682,M,I,66,1,0,0.932327799234866,0.774740207833733
M66L,-0.13259307642064,M,L,66,1,0,0.927449616518094,0.7479616306954436
M66V,-0.0730172917597717,M,V,66,1,0,0.943310574582197,0.8441247002398081
M66A,-0.245384853381003,M,A,66,1,0,0.897420878255935,0.5832134292565947
M66G,-0.176595964110145,M,G,66,1,0,0.915734656147608,0.6764188649080736
M66C,-0.336862731616762,M,C,66,1,0,0.87306657392323,0.4856115107913669
M66S,-0.328268417614906,M,S,66,1,0,0.875354652120591,0.4940047961630695
M66T,-0.123311217298635,M,T,66,1,0,0.929920740971243,0.7617905675459632
M66N,-0.306129464746124,M,N,66,1,0,0.881248741556991,0.5152677857713829
M66Q,-0.141496785726563,M,Q,66,1,0,0.925079167505629,0.7334932054356514
M66D,-0.399635601086321,M,D,66,1,0,0.856354450769709,0.4275779376498801
M66E,-0.805871635326068,M,E,66,1,0,0.748201570536875,0.10015987210231815
M66H,-0.108941524287531,M,H,66,1,0,0.93374640771723,0.7838529176658673
M66K,-0.110144728247791,M,K,66,1,0,0.9334260767696,0.7816946442845724
M66R,-0.213689023342157,M,R,66,1,0,0.9058593106478,0.6238209432454037
Y67F,0.0068066966894702,Y,F,67,1,0,0.964562244879281,0.9587529976019185
Y67P,-0.481694111176046,Y,P,67,1,0,0.834507880141311,0.3424460431654676
Y67I,-0.212588951149919,Y,I,67,1,0,0.906152184657063,0.6257394084732214
Y67L,-0.178864863006635,Y,L,67,1,0,0.915130603503505,0.6726618705035972
Y67V,-0.306129464746124,Y,V,67,1,0,0.881248741556991,0.5152677857713829
Y67A,-0.451304616865482,Y,A,67,1,0,0.842598524647178,0.37617905675459634
Y67G,-0.421224517858984,Y,G,67,1,0,0.85060679833794,0.4071143085531575
Y67C,0.0185637182440097,Y,C,67,1,1,0.96769233585327,0.9689848121502798
Y67S,-0.275430575131493,Y,S,67,1,0,0.889421756877963,0.547242206235012
Y67T,-0.240847055588023,Y,T,67,1,0,0.898628983544141,0.5896083133493205
Y67N,-0.0869057031867716,Y,N,67,1,0,0.939613040215262,0.8225419664268585
Y67D,-0.124892571074977,Y,D,67,1,0,0.929499734582929,0.759392486011191
Y67H,-0.0325552614390319,Y,H,67,1,0,0.95408284673537,0.9152677857713829
Y67K,-0.350819897555777,Y,K,67,1,0,0.869350734930717,0.4721023181454836
Y67R,-0.327855890542817,Y,R,67,1,0,0.875464479874064,0.49432454036770584
D68F,-0.446869950840524,D,F,68,1,0,0.843779172997016,0.3809752198241407
D68W,-0.328405926638936,D,W,68,1,0,0.875318042869433,0.49368505195843326
D68Y,-0.26745505173777,D,Y,68,1,0,0.891545093445113,0.5565147881694644
D68P,-0.177867922582419,D,P,68,1,0,0.915396020574399,0.6741806554756195
D68M,-0.561449345113273,D,M,68,1,0,0.813274514469806,0.2503597122302158
D68I,-0.32393688335797,D,I,68,1,0,0.87650784353206,0.4980015987210232
D68L,-0.362645673622331,D,L,68,1,0,0.866202339331149,0.46298960831334934
D68V,-0.205404104644367,D,V,68,1,0,0.908065018030056,0.6372501998401279
D68A,-0.163807624875382,D,A,68,1,0,0.919139316505281,0.6954436450839329
D68G,-0.162879438963182,D,G,68,1,0,0.919386428950596,0.6979216626698641
D68C,-0.202860187699818,D,C,68,1,0,0.908742289176475,0.6404476418864908
D68S,-0.141565540238578,D,S,68,1,0,0.92506086288005,0.7333333333333333
D68T,-0.227852452817216,D,T,68,1,0,0.90208855777855,0.6051159072741806
D68N,-0.0489532125545738,D,N,68,1,0,0.949717193534806,0.8878497202238209
D68Q,-0.215029736326446,D,Q,68,1,0,0.905502370449013,0.6221422861710632
D68E,-0.0229296297569528,D,E,68,1,0,0.956645494316414,0.9277378097521982
D68H,-0.199113066795008,D,H,68,1,0,0.909739891270524,0.645083932853717
D68K,-0.179793048918835,D,K,68,1,0,0.91488349105819,0.6713029576338929
D68R,-0.288940836742411,D,R,68,1,0,0.885824897951712,0.533013589128697
P69F,-0.157241568977964,P,F,69,1,0,0.920887408248064,0.7079136690647482
P69W,-0.212588951149919,P,W,69,1,0,0.906152184657063,0.6257394084732214
P69Y,-0.0366117776479081,P,Y,69,1,0,0.953002873826216,0.9075939248601119
P69M,-0.117810856337447,P,M,69,1,0,0.931385111017554,0.7698641087130296
P69I,-0.172951974973358,P,I,69,1,0,0.916704801303289,0.6812150279776179
P69L,-0.13273058544467,P,L,69,1,0,0.927413007266936,0.7475619504396482
P69V,-0.0432122108013338,P,V,69,1,0,0.951245629770643,0.8984812150279776
P69A,-0.0240640792051978,P,A,69,1,0,0.956343467994362,0.9262989608313349
P69G,-0.152944411977036,P,G,69,1,0,0.922031447346744,0.7147881694644285
P69C,-0.129808518684039,P,C,69,1,0,0.928190953854039,0.7513189448441246
P69S,-0.0553817594279624,P,S,69,1,0,0.94800571104318,0.8751398880895284
P69T,-0.0298394582144453,P,T,69,1,0,0.954805879445736,0.9175059952038369
P69N,-0.0948468493244869,P,N,69,1,0,0.937498855960901,0.8090327737809753
P69Q,-0.0140259204510296,P,Q,69,1,0,0.959015943328879,0.9369304556354916
P69D,-0.217229880710922,P,D,69,1,0,0.904916622430488,0.6199840127897682
P69E,-0.105297535150744,P,E,69,1,0,0.934716552872911,0.7908872901678657
P69H,-0.010828835642339,P,H,69,1,0,0.959867108418297,0.9408473221422862
P69K,-0.0387087902643611,P,K,69,1,0,0.95244458274606,0.9042366107114309
P69R,-0.0191825088521434,P,R,69,1,0,0.957643096410463,0.9315747402078337
A70F,-0.106638248135034,A,F,70,1,0,0.934359612674123,0.7872102318145484
A70W,-0.146240847055588,A,W,70,1,0,0.923816148340686,0.7267785771382894
A70Y,-0.104438103750559,A,Y,70,1,0,0.934945360692647,0.7921662669864109
A70P,-0.231118292137921,A,P,70,1,0,0.901219088063554,0.5995203836930456
A70M,-0.0084224277218192,A,M,70,1,0,0.960507770313558,0.9430855315747402
A70I,-0.0080442779057375,A,I,70,1,0,0.960608445754242,0.9434052757793765
A70L,-0.0385712812403313,A,L,70,1,0,0.952481191997218,0.904396482813749
A70V,0.0095912544260717,A,V,70,1,0,0.965303582215226,0.9614708233413269
A70G,-0.0077692598576781,A,G,70,1,0,0.960681664256557,0.9441247002398081
A70C,-0.0405995393447695,A,C,70,1,0,0.95194120554264,0.9019984012789768
A70S,-0.0113788717384578,A,S,70,1,0,0.959720671413666,0.9403677058353317
A70T,0.0067723194334628,A,T,70,1,0,0.964553092566491,0.9585931254996003
A70N,0.0159510467874454,A,N,70,1,1,0.966996760081272,0.9667466027178258
A70Q,0.0316270755268314,A,Q,70,1,1,0.971170214713258,0.9777777777777777
A70D,-0.0302863625425418,A,D,70,1,0,0.954686899379473,0.9171862509992006
A70E,-0.0042971570009281,A,E,70,1,0,0.961606047848291,0.9480415667466027
A70H,0.003884629928839,A,H,70,1,0,0.963784298292178,0.9550759392486011
A70K,0.0471655952421877,A,K,70,1,1,0.975307060094086,0.9840127897681854
A70R,-0.0043315342569356,A,R,70,1,0,0.961596895535502,0.9478816946442846
E71F,-0.276083742995634,E,F,71,1,0,0.889247862934964,0.5464428457234213
E71W,-0.306129464746124,E,W,71,1,0,0.881248741556991,0.5152677857713829
E71Y,-0.259479528344048,E,Y,71,1,0,0.893668430012264,0.5657873701039169
E71P,-0.102272336622091,E,P,71,1,0,0.935521956398382,0.7957633892885692
E71M,-0.216645467358795,E,M,71,1,0,0.905072211747909,0.6206235011990408
E71I,-0.21324211901406,E,I,71,1,0,0.905978290714063,0.6243804956035172
E71L,-0.168826704252466,E,L,71,1,0,0.917803078838023,0.6882494004796164
E71V,-0.0575819038124377,E,V,71,1,0,0.947419963024656,0.872581934452438
E71A,-0.14527828388738,E,A,71,1,0,0.92407241309879,0.728617106314948
E71G,-0.11069476434391,E,G,71,1,0,0.933279639764968,0.7806554756195044
E71C,-0.163635738595345,E,C,71,1,0,0.919185078069228,0.6959232613908873
E71S,-0.0354429509436556,E,S,71,1,0,0.953314052461057,0.9105515587529976
E71T,-0.167417236756162,E,T,71,1,0,0.918178323662389,0.6908073541167067
E71N,-0.177249131974286,E,N,71,1,0,0.915560762204609,0.6751398880895284
E71Q,-0.0885901887311354,E,Q,71,1,0,0.939164576888579,0.8191846522781775
E71D,-0.0974595207810512,E,D,71,1,0,0.936803280188903,0.8044764188649081
E71H,-0.175289628381862,E,H,71,1,0,0.916082444033607,0.6781774580335731
E71K,-0.0474406132902471,E,K,71,1,0,0.950119895297541,0.8910471622701839
E71R,-0.145003265839321,E,R,71,1,0,0.924145631601105,0.7293365307753797
M72F,-0.350819897555777,M,F,72,1,0,0.869350734930717,0.4721023181454836
M72Y,-0.373646395544708,M,Y,72,1,0,0.863273599238527,0.4520383693045564
M72P,-0.534463199147444,M,P,72,1,0,0.820459080009518,0.27641886490807355
M72I,-0.093884286156279,M,I,72,1,0,0.937755120719006,0.8115107913669065
M72L,-0.120595414074049,M,L,72,1,0,0.930643773681609,0.7658673061550759
M72V,-0.0688232665268658,M,V,72,1,0,0.944427156742509,0.8505195843325339
M72A,-0.297741414280312,M,A,72,1,0,0.883481905877615,0.5231814548361311
M72G,-0.540376087180721,M,G,72,1,0,0.818884882209734,0.2695443645083933
M72C,-0.0519096565712124,M,C,72,1,0,0.948930094634914,0.8825739408473221
M72S,-0.417030492626079,M,S,72,1,0,0.851723380498252,0.40951239008792967
M72T,0.0258860737735913,M,T,72,1,1,0.969641778477421,0.9737809752198241
M72N,-0.15208498057685,M,N,72,1,0,0.922260255166481,0.716466826538769
M72Q,-0.267317542713741,M,Q,72,1,0,0.891581702696271,0.5566746602717826
M72D,-0.350819897555777,M,D,72,1,0,0.869350734930717,0.4721023181454836
M72E,-0.662277836983052,M,E,72,1,0,0.786430781058373,0.16882494004796164
M72H,-0.660421465158651,M,H,72,1,0,0.786925005949003,0.17114308553157473
M72K,-0.119151569321737,M,K,72,1,0,0.931028170818766,0.7683453237410072
M72R,-0.0370930592320121,M,R,72,1,0,0.952874741447164,0.9067146282973622
M73F,-0.0464780501220392,M,F,73,1,0,0.950376160055646,0.8928856914468425
M73W,-0.211282615421637,M,W,73,1,0,0.906499972543062,0.6270183852917666
M73Y,-0.0875932483069201,M,Y,73,1,0,0.939429993959473,0.821902478017586
M73P,-0.508095843789749,M,P,73,1,0,0.82747890391902,0.30879296562749803
M73I,-0.0483687992024476,M,I,73,1,0,0.949872782852227,0.8888888888888888
M73L,-0.0359929870397744,M,L,73,1,0,0.953167615456426,0.9094324540367705
M73V,-0.109147787823576,M,V,73,1,0,0.933691493840493,0.7834532374100719
M73A,-0.279762109388429,M,A,73,1,0,0.888268565466493,0.5430855315747402
M73G,-0.382206332290556,M,G,73,1,0,0.860994673353956,0.44412470023980816
M73C,0.0019938808484306,M,C,73,1,0,0.963280921088759,0.9529976019184653
M73S,-0.196637904362474,M,S,73,1,0,0.910398857791364,0.6486810551558753
M73T,-0.174223933445632,M,T,73,1,0,0.91636616573008,0.6797761790567546
M73N,-0.301282271649077,M,N,73,1,0,0.882539217660303,0.5192645883293365
M73Q,-0.128570937467771,M,Q,73,1,0,0.928520437114459,0.7537170263788969
M73D,-0.524975076489395,M,D,73,1,0,0.822985118339404,0.2869704236610711
M73E,-0.421533913163051,M,E,73,1,0,0.850524427522835,0.40591526778577136
M73H,-0.192512633641583,M,H,73,1,0,0.911497135326097,0.653876898481215
M73K,-0.0980439341331775,M,K,73,1,0,0.936647690871483,0.8034372501998401
M73R,-0.0597476709409055,M,R,73,1,0,0.946843367318921,0.8676258992805755
E74F,-0.295988174223933,E,F,74,1,0,0.883948673829877,0.5251798561151079
E74W,-0.38495651277115,E,W,74,1,0,0.860262488330801,0.4398880895283773
E74Y,-0.247309979717419,E,Y,74,1,0,0.896908348739726,0.580335731414868
E74P,-0.421533913163051,E,P,74,1,0,0.850524427522835,0.40591526778577136
E74M,-0.125133211867029,E,M,74,1,0,0.929435668393403,0.7585931254996003
E74I,-0.197394203994637,E,I,74,1,0,0.910197506909996,0.647322142286171
E74L,-0.145759565471484,E,L,74,1,0,0.923944280719738,0.7276578737010392
E74V,-0.0941249269483309,E,V,74,1,0,0.93769105452948,0.811031175059952
E74A,0.0413902162329402,E,A,74,1,1,0.973769471545459,0.9817745803357314
E74G,0.0444497920176011,E,G,74,1,1,0.97458402738372,0.9827338129496402
E74C,-0.110110350991784,E,C,74,1,0,0.933435229082389,0.7819344524380496
E74S,-0.0118945305785692,E,S,74,1,0,0.959583386721824,0.9396482813749001
E74T,-0.0592320121007941,E,T,74,1,0,0.946980652010763,0.8690647482014389
E74N,0.0408401801368214,E,N,74,1,1,0.973623034540828,0.9814548361310951
E74Q,-0.0191481315961359,E,Q,74,1,0,0.957652248723252,0.931814548361311
E74D,-0.0096256316820791,E,D,74,1,0,0.960187439365928,0.9419664268585132
E74H,-0.0388462992883908,E,H,74,1,0,0.952407973494902,0.9040767386091128
E74K,-0.0533191240675169,E,K,74,1,0,0.948554849810547,0.8792965627498002
E74R,-0.0206263536044552,E,R,74,1,0,0.957258699273306,0.9301358912869704
T75F,-0.221595792223865,T,F,75,1,0,0.903754278706229,0.6132693844924061
T75W,-0.488328921585479,T,W,75,1,0,0.832741483772949,0.3354916067146283
T75Y,-0.0896215064113582,T,Y,75,1,0,0.938890007504896,0.8173461231015188
T75P,-0.344803877754478,T,P,75,1,0,0.870952389668869,0.4788169464428457
T75M,-0.181099384647117,T,M,75,1,0,0.914535703172192,0.6688249400479617
T75I,-0.235002922066761,T,I,75,1,0,0.900184876718347,0.5943245403677059
T75L,-0.0914778782357592,T,L,75,1,0,0.938395782614267,0.8146282973621103
T75V,-0.219189384303345,T,V,75,1,0,0.90439494060149,0.6178257394084732
T75A,-0.12018288700196,T,A,75,1,0,0.930753601435082,0.7667466027178257
T75G,-0.142665612430816,T,G,75,1,0,0.924767988870788,0.7317346123101519
T75C,-0.135480765925264,T,C,75,1,0,0.926680822243781,0.7445243804956035
T75S,-0.15328818453711,T,S,75,1,0,0.92193992421885,0.7139888089528378
T75N,-0.183058888239541,T,N,75,1,0,0.914014021343193,0.6655475619504396
T75Q,-0.16009488122658,T,Q,75,1,0,0.92012776628654,0.7018385291766587
T75D,-0.205438481900375,T,D,75,1,0,0.908055865717266,0.6370103916866506
T75E,-0.489910275361821,T,E,75,1,0,0.832320477384635,0.3333333333333333
T75H,-0.213929664134209,T,H,75,1,0,0.905795244458274,0.6235011990407674
T75K,-0.124617553026917,T,K,75,1,0,0.929572953085245,0.7600319744204637
T75R,-0.206091649764516,T,R,75,1,0,0.907881971774267,0.6360511590727418
A76F,-0.539344769500498,A,F,76,1,0,0.819159451593418,0.270343725019984
A76W,-0.759221698923992,A,W,76,1,0,0.760621258992147,0.12150279776179057
A76Y,-0.550551754958919,A,Y,76,1,0,0.816175797624059,0.26131095123900877
A76P,-0.218226821135137,A,P,76,1,0,0.904651205359594,0.618625099920064
A76M,-0.271958472274743,A,M,76,1,0,0.890346140469696,0.5507593924860112
A76I,-0.594348379112379,A,I,76,1,0,0.804515751130311,0.2182254196642686
A76L,-0.451304616865482,A,L,76,1,0,0.842598524647178,0.37617905675459634
A76V,-0.0586819760046753,A,V,76,1,0,0.947127089015394,0.8706634692246203
A76G,-0.228643129705387,A,G,76,1,0,0.901878054584393,0.6044764188649081
A76C,-0.139777922926192,A,C,76,1,0,0.925536783145101,0.7367705835331735
A76S,-0.110763518855925,A,S,76,1,0,0.93326133513939,0.780255795363709
A76T,-0.179071126542679,A,T,76,1,0,0.915075689626769,0.6721023181454836
A76N,-0.471002784557737,A,N,76,1,0,0.837354249418828,0.3541966426858513
A76Q,-0.554539516655781,A,Q,76,1,0,0.815114129340484,0.2574740207833733
A76D,-0.113341813056482,A,D,76,1,0,0.932574911680181,0.7759392486011191
A76E,-0.630203857128124,A,E,76,1,0,0.794969888890923,0.18992805755395684
A76H,-0.465227405548489,A,H,76,1,0,0.838891837967454,0.3613109512390088
A76K,-0.592904534360067,A,K,76,1,0,0.804900148267467,0.22078337330135892
A76R,-0.571693767403486,A,R,76,1,0,0.810547125258553,0.24060751398880895
V77F,-0.660421465158651,V,F,77,1,0,0.786925005949003,0.17114308553157473
V77W,-0.625906700127196,V,W,77,1,0,0.796113927989603,0.19296562749800159
V77Y,-0.388462992883908,V,Y,77,1,0,0.859328952426278,0.43772981614708234
V77P,-0.90745642682801,V,P,77,1,0,0.721156486244074,0.07034372501998401
V77M,-0.0116195125305098,V,M,77,1,0,0.95965660522414,0.9402078337330136
V77I,-0.18587782323215,V,I,77,1,0,0.913263531694459,0.6609112709832135
V77L,-0.204819691292241,V,L,77,1,0,0.908220607347477,0.6380495603517187
V77A,-0.115851352745024,V,A,77,1,0,0.931906792846552,0.7734612310151878
V77G,-0.0137165251469627,V,G,77,1,0,0.959098314143984,0.9374900079936052
V77C,-0.105263157894737,V,C,77,1,0,0.9347257051857,0.7910471622701839
V77S,-0.298394582144453,V,S,77,1,0,0.883308011934616,0.5221422861710632
V77T,-0.327340231702705,V,T,77,1,0,0.875601764565906,0.49488409272581935
V77N,-0.467943208773076,V,N,77,1,0,0.838168805257088,0.35939248601119106
V77Q,-0.388462992883908,V,Q,77,1,0,0.859328952426278,0.43772981614708234
V77D,-0.325071332806215,V,D,77,1,0,0.876205817210009,0.49720223820943243
V77E,-0.0616040427653064,V,E,77,1,0,0.946349142428291,0.8629896083133494
V77H,-0.391969472996665,V,H,77,1,0,0.858395416521755,0.4330935251798561
V77K,-0.288734573206367,V,K,77,1,0,0.885879811828449,0.5337330135891287
V77R,-0.490666574993984,V,R,77,1,0,0.832119126503267,0.3328537170263789
A78F,-0.0700608477431331,A,F,78,1,0,0.944097673482089,0.8490807354116706
A78W,-0.140087318230259,A,W,78,1,0,0.925454412329996,0.7362110311750599
A78Y,-0.132936848980714,A,Y,78,1,0,0.9273580933902,0.7470823341326939
A78P,-0.0499501529787892,A,P,78,1,0,0.949451776463912,0.8855315747402078
A78M,0.0091099728419677,A,M,78,1,0,0.965175449836173,0.9606714628297363
A78I,-0.0242359654852349,A,I,78,1,0,0.956297706430415,0.9260591526778578
A78L,-0.0439341331774897,A,L,78,1,0,0.951053431202065,0.8972022382094325
A78V,-0.0360617415517893,A,V,78,1,0,0.953149310830847,0.9089528377298162
A78G,-0.0840523909381553,A,G,78,1,0,0.940372682176786,0.8264588329336531
A78C,0.0020626353604455,A,C,78,1,0,0.963299225714338,0.9533173461231015
A78S,0.0127539619787548,A,S,78,1,1,0.966145594991854,0.9645083932853717
A78T,0.0049847021210766,A,T,78,1,0,0.964077172301441,0.9561950439648281
A78N,-0.012203925882636,A,N,78,1,0,0.95950101590672,0.9390087929656274
A78Q,0.0111038536903984,A,Q,78,1,1,0.965706283977961,0.9629096722621903
A78D,-0.0866650623947196,A,D,78,1,0,0.939677106404788,0.8227018385291767
A78E,-0.0093849908900271,A,E,78,1,0,0.960251505555454,0.9424460431654677
A78H,0.0343772560074254,A,H,78,1,1,0.971902399736413,0.9788968824940047
A78K,-0.029736326446423,A,K,78,1,0,0.954833336384104,0.9177458033573141
A78R,-0.0381243769122348,A,R,78,1,0,0.95260017206348,0.905435651478817
I79F,-0.152978789233043,I,F,79,1,0,0.922022295033955,0.7146282973621103
I79W,-0.451304616865482,I,W,79,1,0,0.842598524647178,0.37617905675459634
I79Y,-0.461617793667709,I,Y,79,1,0,0.839852830810346,0.3651478816946443
I79P,-0.507992712021726,I,P,79,1,0,0.827506360857389,0.3090327737809752
I79M,-0.1833339062876,I,M,79,1,0,0.913940802840878,0.6649080735411671
I79L,-0.253188490494689,I,L,79,1,0,0.895343303252732,0.5720223820943245
I79V,0.0146103338031558,I,V,79,1,1,0.966639819882484,0.965947242206235
I79A,-0.0512908659630788,I,A,79,1,0,0.949094836265124,0.8832933653077538
I79G,-0.661040255766785,I,G,79,1,0,0.786760264318793,0.17058353317346123
I79C,-0.0402901440407026,I,C,79,1,0,0.952023576357746,0.9026378896882494
I79S,-0.247206847949397,I,S,79,1,0,0.896935805678095,0.5804956035171862
I79T,-0.138368455429888,I,T,79,1,0,0.925912027969468,0.7398880895283773
I79N,-0.252947849702637,I,N,79,1,0,0.895407369442258,0.5728217426059152
I79Q,-0.556808415552271,I,Q,79,1,0,0.814510076696381,0.25435651478816945
I79D,-0.44772938224071,I,D,79,1,0,0.84355036517728,0.37985611510791367
I79E,-0.629928839080065,I,E,79,1,0,0.795043107393238,0.19008792965627497
I79H,-0.543848190037471,I,H,79,1,0,0.817960498618001,0.2663469224620304
I79K,-0.656468080717797,I,K,79,1,0,0.787977521919789,0.17322142286171063
I79R,-0.52009350613634,I,R,79,1,0,0.824284746755505,0.293365307753797
P80F,-0.75643714118739,P,F,80,1,0,0.761362596328092,0.12398081534772182
P80Y,-0.512117982742617,P,Y,80,1,0,0.826408083322656,0.30399680255795364
P80M,-0.539344769500498,P,M,80,1,0,0.819159451593418,0.270343725019984
P80I,-0.735329505998831,P,I,80,1,0,0.766982116380809,0.13333333333333333
P80L,-0.248616315445701,P,L,80,1,0,0.896560560853728,0.5788968824940048
P80V,-0.546082711677954,P,V,80,1,0,0.817365598286687,0.2642685851318945
P80A,-0.304823129017842,P,A,80,1,0,0.88159652944299,0.5167066346922462
P80G,-0.417030492626079,P,G,80,1,0,0.851723380498252,0.40951239008792967
P80C,-0.495376259067001,P,C,80,1,0,0.830865259651114,0.32597921662669865
P80S,-0.23541544913885,P,S,80,1,0,0.900075048964873,0.5939248601119105
P80T,-0.251916532022414,P,T,80,1,0,0.895681938825941,0.5742605915267786
P80N,-0.388462992883908,P,N,80,1,0,0.859328952426278,0.43772981614708234
P80Q,-0.121729863522294,P,Q,80,1,0,0.930341747359558,0.7641087130295764
P80D,-0.176699095878167,P,D,80,1,0,0.91570719920924,0.6760991207034373
P80E,-0.146240847055588,P,E,80,1,0,0.923816148340686,0.7267785771382894
P80H,-0.382584482106638,P,H,80,1,0,0.860893997913273,0.4434852118305356
P80K,-0.370346178967995,P,K,80,1,0,0.864152221266314,0.4550759392486011
P80R,-0.304032452129671,P,R,80,1,0,0.881807032637147,0.5170263788968825
G81F,-0.540479218948744,G,F,81,1,0,0.818857425271366,0.26938449240607515
G81W,-0.418371205610368,G,W,81,1,0,0.851366440299464,0.40895283772981617
G81Y,-0.472618515590086,G,Y,81,1,0,0.836924090717724,0.3521982414068745
G81P,-0.534772594451511,G,P,81,1,0,0.820376709194413,0.27609912070343723
G81M,-0.53625081645983,G,M,81,1,0,0.819983159744467,0.2741806554756195
G81I,-0.519818488088281,G,I,81,1,0,0.82435796525782,0.2935251798561151
G81L,-0.494448073154801,G,L,81,1,0,0.831112372096428,0.32773780975219824
G81V,-0.332187424799752,G,V,81,1,0,0.874311288462594,0.48952837729816145
G81A,-0.409708137096497,G,A,81,1,0,0.853672823122403,0.4185451638689049
G81C,-0.042421533913163,G,C,81,1,0,0.9514561329648,0.8996003197442046
G81S,-0.169858021932689,G,S,81,1,0,0.917528509454339,0.6864908073541167
G81T,-0.602323902506102,G,T,81,1,0,0.80239241456316,0.20991207034372503
G81N,-0.389391178796108,G,N,81,1,0,0.859081839980963,0.435171862509992
G81Q,-0.589501186015332,G,Q,81,1,0,0.805806227233622,0.22302158273381295
G81D,-0.244800440028877,G,D,81,1,0,0.897576467573356,0.5844924060751399
G81E,-0.479665853071608,G,E,81,1,0,0.835047866595889,0.3448441247002398
G81H,-0.483825501048506,G,H,81,1,0,0.833940436748366,0.34068745003996803
G81K,-0.504004950324865,G,K,81,1,0,0.828568029140964,0.31526778577138287
G81R,-0.503042387156657,G,R,81,1,0,0.828824293899068,0.31654676258992803
E82F,-0.206160404276531,E,F,82,1,0,0.907863667148688,0.6358113509192646
E82W,-0.31726769569253,E,W,82,1,0,0.878283392213212,0.5042366107114309
E82Y,-0.148200350648011,E,Y,82,1,0,0.923294466511687,0.723101518784972
E82P,0.0843274089862147,E,P,82,1,1,0.985200710219472,0.9950439648281375
E82M,-0.071264051703393,E,M,82,1,0,0.943777342534458,0.8474820143884892
E82I,0.0169823644676681,E,I,82,1,1,0.967271329464956,0.9677058353317346
E82L,-0.0247860015813537,E,L,82,1,0,0.956151269425784,0.9247002398081535
E82V,0.0254047921894874,E,V,82,1,1,0.969513646098369,0.9729816147082334
E82A,0.0394650898965244,E,A,82,1,1,0.973256942029251,0.9808153477218226
E82G,-0.0840867681941627,E,G,82,1,0,0.940363529863996,0.8262190247801758
E82C,0.0054659837051806,E,C,82,1,0,0.964205304680493,0.9566746602717826
E82S,-0.0499157757227818,E,S,82,1,0,0.949460928776702,0.8857713828936851
E82T,-0.0223108391488191,E,T,82,1,0,0.956810235946624,0.9286970423661071
E82N,-0.0544879507717694,E,N,82,1,0,0.948243671175706,0.8770583533173462
E82Q,0.0305957578466086,E,Q,82,1,1,0.970895645329575,0.976898481215028
E82D,-0.0030939530406682,E,D,82,1,0,0.961926378795921,0.9490007993605116
E82H,-0.0986283474853037,E,H,82,1,0,0.936492101554063,0.8019184652278177
E82K,0.0050534566330915,E,K,82,1,0,0.964095476927019,0.9564348521183054
E82R,0.0097975179621162,E,R,82,1,0,0.965358496091962,0.9617905675459633
E83F,-0.504004950324865,E,F,83,1,0,0.828568029140964,0.31526778577138287
E83W,-0.482966069648321,E,W,83,1,0,0.834169244568102,0.34180655475619504
E83Y,-0.377977929801643,E,Y,83,1,0,0.862120407827058,0.44700239808153475
E83P,-0.331878029495686,E,P,83,1,0,0.874393659277699,0.4897681854516387
E83M,-1.29103784935886,E,M,83,1,0,0.619034980139482,0.021422861710631496
E83I,-0.533397504211214,E,I,83,1,0,0.820742801705991,0.27753796962430055
E83L,-0.760871807212348,E,L,83,1,0,0.760181947978254,0.12102318145483613
E83V,-0.305545051393998,E,V,83,1,0,0.881404330874412,0.5160671462829736
E83A,-0.0864244216026676,E,A,83,1,0,0.939741172594315,0.823021582733813
E83G,-0.206091649764516,E,G,83,1,0,0.907881971774267,0.6360511590727418
E83C,-0.299529031592698,E,C,83,1,0,0.883005985612564,0.5202238209432454
E83S,-0.350029220667606,E,S,83,1,0,0.869561238124874,0.47330135891286973
E83T,-0.340197325449483,E,T,83,1,0,0.872178799582654,0.4821742605915268
E83N,-0.451304616865482,E,N,83,1,0,0.842598524647178,0.37617905675459634
E83Q,-0.230052597201691,E,Q,83,1,0,0.901502809760026,0.6019184652278178
E83D,-0.286293788029839,E,D,83,1,0,0.886529626036499,0.5357314148681055
E83H,-0.108116470143353,E,H,83,1,0,0.933966063224177,0.7844924060751399
E83K,-0.290006531678641,E,K,83,1,0,0.88554117625524,0.5310951239008793
E83R,-0.557392828904397,E,R,83,1,0,0.81435448737896,0.25371702637889687
T84F,-0.902162329402867,T,F,84,1,0,0.722565942413648,0.0724220623501199
T84W,-0.444910447248101,T,W,84,1,0,0.844300854826014,0.3830535571542766
T84Y,-0.137302760493657,T,Y,84,1,0,0.92619574966594,0.7421262989608314
T84P,-0.429131286740692,T,P,84,1,0,0.848501766396368,0.39728217426059154
T84M,-0.105778816734848,T,M,84,1,0,0.934588420493859,0.7896083133493206
T84I,-0.131011722644299,T,I,84,1,0,0.927870622906408,0.7498001598721024
T84L,-0.280484031764584,T,L,84,1,0,0.888076366897915,0.5424460431654676
T84V,-0.048643817250507,T,V,84,1,0,0.949799564349911,0.8884892086330936
T84A,-0.264842380281206,T,A,84,1,0,0.892240669217111,0.5597122302158274
T84G,-0.265598679913369,T,G,84,1,0,0.892039318335744,0.5582733812949641
T84C,-0.237512461755303,T,C,84,1,0,0.899516757884717,0.5916866506794565
T84S,-0.225961703736808,T,S,84,1,0,0.90259193498197,0.608872901678657
T84N,-0.5768503558046,T,N,84,1,0,0.809174278340136,0.23613109512390087
T84Q,-0.414486575681529,T,Q,84,1,0,0.85240065164467,0.4141486810551559
T84D,-0.5560177386641,T,D,84,1,0,0.814720579890538,0.2565947242206235
T84E,-0.441300835367321,T,E,84,1,0,0.845261847668906,0.38760991207034373
T84H,-0.663481040943312,T,H,84,1,0,0.786110450110743,0.16818545163868906
T84K,-0.286706315101928,T,K,84,1,0,0.886419798283026,0.5348521183053557
T84R,-0.490150916153873,T,R,84,1,0,0.832256411195109,0.3331734612310152
E85F,-0.221802055759909,E,F,85,1,0,0.903699364829492,0.6130295763389288
E85Y,-0.142012444566675,E,Y,85,1,0,0.924941882813787,0.7328537170263789
E85P,-0.47041837120561,E,P,85,1,0,0.837509838736249,0.35499600319744207
E85M,-0.0809240606414796,E,M,85,1,0,0.941205542640625,0.8316546762589928
E85I,-0.242565918388394,E,I,85,1,0,0.898171367904669,0.5870503597122302
E85L,-0.0888308295231874,E,L,85,1,0,0.939100510699054,0.8190247801758593
E85V,-0.0893464883632988,E,V,85,1,0,0.938963226007212,0.8181454836131095
E85A,0.01495410636323,E,A,85,1,1,0.966731343010379,0.9662669864108713
E85G,-0.0668637629344425,E,G,85,1,0,0.944948838571507,0.8534772182254197
E85C,-0.550551754958919,E,C,85,1,0,0.816175797624059,0.26131095123900877
E85S,-0.097768916085118,E,S,85,1,0,0.936720909373799,0.8043165467625899
E85T,-0.100966000893809,E,T,85,1,0,0.93586974428438,0.7982414068745004
E85N,-0.0404620303207398,E,N,85,1,0,0.951977814793798,0.9023181454836131
E85Q,-0.0448966963456976,E,Q,85,1,0,0.95079716644396,0.895603517186251
E85D,-0.0231702705490047,E,D,85,1,0,0.956581428126887,0.9270983213429257
E85H,-0.105847571246863,E,H,85,1,0,0.93457011586828,0.7893685051958433
E85K,-0.0091443500979751,E,K,85,1,0,0.96031557174498,0.9426059152677858
E85R,-0.053731651139606,E,R,85,1,0,0.948445022057074,0.8783373301358913
I86F,-0.0913403692117295,I,F,86,1,0,0.938432391865424,0.8150279776179057
I86W,-0.325621368902334,I,W,86,1,0,0.876059380205378,0.4964828137490008
I86Y,-0.254872976039052,I,Y,86,1,0,0.894894839926049,0.5705035971223021
I86P,-0.51541819931933,I,P,86,1,0,0.825529461294869,0.29840127897681856
I86M,-0.130977345388291,I,M,86,1,0,0.927879775219198,0.7501199040767386
I86L,-0.15088177661659,I,L,86,1,0,0.922580586114111,0.7189448441247003
I86V,-0.0352366874076111,I,V,86,1,0,0.953368966337793,0.9107913669064748
I86A,-0.314380006187906,I,A,86,1,0,0.879052186487525,0.5064748201438849
I86G,-0.50073911100416,I,G,86,1,0,0.829437498855961,0.318705035971223
I86C,-0.23273402317027,I,C,86,1,0,0.90078892936245,0.596722621902478
I86S,-0.333390628760012,I,S,86,1,0,0.873990957514964,0.48792965627498003
I86T,-0.169342363092578,I,T,86,1,0,0.917665794146181,0.6871302957633892
I86N,-0.156107119529719,I,N,86,1,0,0.921189434570116,0.7096722621902478
I86Q,-0.226271099040874,I,Q,86,1,0,0.902509564166865,0.6075939248601119
I86D,-0.556430265736189,I,D,86,1,0,0.814610752137065,0.25547561950439646
I86E,-0.263123517480835,I,E,86,1,0,0.892698284856583,0.5622701838529177
I86H,-0.220117570215545,I,H,86,1,0,0.904147828156175,0.6163069544364509
I86K,-0.838323764997078,I,K,86,1,0,0.739561787263641,0.08752997601918465
I86R,-0.415758534153804,I,R,86,1,0,0.852062016071461,0.41079136690647483
F87Y,-0.0959469215167245,F,Y,87,1,0,0.937205981951639,0.8078337330135892
F87P,-0.559971123104954,F,P,87,1,0,0.813668063919752,0.2513189448441247
F87I,-0.140121695486266,F,I,87,1,0,0.925445260017206,0.7360511590727418
F87L,-0.0477843858503214,F,L,87,1,0,0.950028372169647,0.8902478017585931
F87V,-0.158719790986283,F,V,87,1,0,0.920493858798118,0.7050359712230215
F87A,-0.599986249097597,F,A,87,1,0,0.803014771832842,0.21294964028776978
F87G,-0.400632541510537,F,G,87,1,0,0.856089033698815,0.42581934452438047
F87C,-0.0944686995084052,F,C,87,1,0,0.937599531401585,0.8099920063948841
F87S,-0.127230224483482,F,S,87,1,0,0.928877377313247,0.7566746602717825
F87T,-0.440819553783217,F,T,87,1,0,0.845389980047958,0.3882494004796163
F87N,-0.617587404173399,F,N,87,1,0,0.798328787684648,0.19896083133493206
F87Q,-0.443775997799856,F,Q,87,1,0,0.844602881148066,0.38433253397282174
F87D,-0.363780123070576,F,D,87,1,0,0.865900313009097,0.46147082334132694
F87E,-0.546563993262058,F,E,87,1,0,0.817237465907635,0.2638689048760991
F87H,-0.475506205094709,F,H,87,1,0,0.836155296443411,0.3500399680255795
F87R,-0.483859878304514,F,R,87,1,0,0.833931284435577,0.3404476418864908
S88F,-0.296710096600089,S,F,88,1,0,0.883756475261298,0.5243005595523581
S88Y,-0.281137199628726,S,Y,88,1,0,0.887902472954915,0.5410871302957634
S88P,-0.670115851352745,S,P,88,1,0,0.784344053742381,0.16434852118305357
S88I,-0.124961325586992,S,I,88,1,0,0.92948142995735,0.7590727418065547
S88L,-0.594004606552305,S,L,88,1,0,0.804607274258205,0.21918465227817746
S88V,-0.34009419368146,S,V,88,1,0,0.872206256521023,0.482414068745004
S88A,0.031352057478772,S,A,88,1,1,0.971096996210942,0.9774580335731415
S88G,0.0349616693595517,S,G,88,1,1,0.972057989053834,0.9795363709032774
S88C,-0.0162604420915122,S,C,88,1,0,0.958421042997565,0.9344524380495604
S88T,-0.125305098147066,S,T,88,1,0,0.929389906829456,0.7583533173461231
S88N,-0.131252363436351,S,N,88,1,0,0.927806556716882,0.7490807354116706
S88Q,-0.124205025954828,S,Q,88,1,0,0.929682780838718,0.7603517186250999
S88H,-0.594004606552305,S,H,88,1,0,0.804607274258205,0.21918465227817746
S88R,-0.0242359654852349,S,R,88,1,0,0.956297706430415,0.9260591526778578
R89F,-0.103269277046306,R,F,89,1,0,0.935256539327488,0.7939248601119104
R89W,-0.0602289525250094,R,W,89,1,0,0.946715234939869,0.8669064748201439
R89Y,-0.028361236206126,R,Y,89,1,0,0.955199428895682,0.9202238209432454
R89P,-0.268898896490082,R,P,89,1,0,0.891160696307957,0.5555555555555556
R89M,0.0416652342809996,R,M,89,1,1,0.973842690047775,0.9819344524380496
R89I,-0.0209357489085221,R,I,89,1,0,0.957176328458201,0.9299760191846522
R89L,-0.0258173192615765,R,L,89,1,0,0.9558767000421,0.9232613908872902
R89V,-0.0506376980989377,R,V,89,1,0,0.949268730208124,0.8843325339728217
R89A,0.0584757124686307,R,A,89,1,1,0.978318171001812,0.9891286970423661
R89G,-0.0034721028567499,R,G,89,1,0,0.961825703355238,0.948361310951239
R89C,-0.0069442057134999,R,C,89,1,0,0.960901319763504,0.9453237410071943
R89S,0.0296675719344081,R,S,89,1,1,0.97064853288426,0.9761790567545964
R89T,0.0215201622606483,R,T,89,1,1,0.968479434753162,0.9705835331734612
R89N,0.0497095121867372,R,N,89,1,1,0.975984331240504,0.9853717026378896
R89Q,0.0490907215786036,R,Q,89,1,1,0.975819589610294,0.9849720223820944
R89D,0.0760424902884251,R,D,89,1,1,0.982995002837217,0.9928057553956835
R89E,0.104713121798618,R,E,89,1,1,0.990628031703611,0.9979216626698642
R89H,-0.0023032761524975,R,H,89,1,0,0.962136881990079,0.949480415667466
R89K,0.0058097562652549,R,K,89,1,0,0.964296827808387,0.957234212629896
A90F,-0.50073911100416,A,F,90,1,0,0.829437498855961,0.318705035971223
A90Y,-0.403726494551205,A,Y,90,1,0,0.855265325547766,0.4243005595523581
A90P,-0.353398191756334,A,P,90,1,0,0.868664311471509,0.46954436450839326
A90M,-1.02949568565437,A,M,90,1,0,0.688665775841555,0.04652278177458034
A90I,-0.462786620371962,A,I,90,1,0,0.839541652175505,0.36370903277378097
A90L,-0.460483344219464,A,L,90,1,0,0.840154857132397,0.3669064748201439
A90V,-0.183265151775585,A,V,90,1,0,0.913959107466457,0.6651478816946443
A90G,-0.186874763656365,A,G,90,1,0,0.912998114623565,0.6597921662669864
A90C,-0.242256523084327,A,C,90,1,0,0.898253738719774,0.5873701039168665
A90S,-0.130633572828217,A,S,90,1,0,0.927971298347092,0.7504396482813749
A90T,-0.189762453160989,A,T,90,1,0,0.912229320349252,0.6564348521183053
A90N,-0.57324074392382,A,N,90,1,0,0.810135271183028,0.23916866506794565
A90Q,-0.449070095224999,A,Q,90,1,0,0.843193424978492,0.3792166266986411
A90D,-0.25583553920726,A,D,90,1,0,0.894638575167945,0.5689848121502797
A90E,-0.40578912991165,A,E,90,1,0,0.854716186780399,0.4212629896083134
A90H,-0.455429887586373,A,H,90,1,0,0.841500247112445,0.37026378896882495
A90K,-0.753549451682767,A,K,90,1,0,0.762131390602405,0.12501998401278977
A90R,-0.584894633710337,A,R,90,1,0,0.807032637147407,0.2272581934452438
C91F,-0.0743923820000687,C,F,91,1,0,0.942944482070619,0.8419664268585132
C91W,-0.159819863178521,C,W,91,1,0,0.920200984788856,0.7026378896882494
C91Y,-0.0861150262986008,C,Y,91,1,0,0.939823543409419,0.8236610711430855
C91P,-0.831413936539585,C,P,91,1,0,0.741401402134319,0.09080735411670664
C91I,-0.562927567121592,C,I,91,1,0,0.81288096501986,0.24916067146282975
C91L,-0.616521709237169,C,L,91,1,0,0.79861250938112,0.19960031974420464
C91V,-0.408745573928289,C,V,91,1,0,0.853929087880507,0.41886490807354115
C91A,-0.655608649317611,C,A,91,1,0,0.788206329739525,0.17378097521982414
C91G,-0.0943999449963903,C,G,91,1,0,0.937617836027164,0.8105515587529976
C91S,-0.15930420433841,C,S,91,1,0,0.920338269480698,0.704396482813749
C91T,-0.699817800543161,C,T,91,1,0,0.776436455492303,0.147242206235012
C91N,-0.469421430781395,C,N,91,1,0,0.837775255807142,0.35731414868105515
C91Q,-0.662071573447007,C,Q,91,1,0,0.78648569493511,0.16938449240607514
C91D,-0.415758534153804,C,D,91,1,0,0.852062016071461,0.41079136690647483
C91E,-0.443775997799856,C,E,91,1,0,0.844602881148066,0.38433253397282174
C91H,-0.469421430781395,C,H,91,1,0,0.837775255807142,0.35731414868105515
C91K,-0.893086733816907,C,K,91,1,0,0.72498215299006,0.0753796962430056
C91R,-0.156725910137853,C,R,91,1,0,0.921024692939906,0.7083932853717027
R92F,-0.3953728213414,R,F,92,1,0,0.8574893375556,0.43061550759392486
R92W,-0.332840592663893,R,W,92,1,0,0.874137394519595,0.4886490807354117
R92Y,-0.262607858640723,R,Y,92,1,0,0.892835569548425,0.5629096722621902
R92P,-0.55147994087112,R,P,92,1,0,0.815928685178744,0.2597921662669864
R92M,-0.117913988105469,R,M,92,1,0,0.931357654079186,0.769304556354916
R92I,-0.109044656055554,R,I,92,1,0,0.933718950778862,0.7836930455635491
R92L,-0.180755612087043,R,L,92,1,0,0.914627226300086,0.6693844924060751
R92V,-0.115851352745024,R,V,92,1,0,0.931906792846552,0.7734612310151878
R92A,-0.0418714978170442,R,A,92,1,0,0.951602569969431,0.9003197442046363
R92G,-0.160335522018632,R,G,92,1,0,0.920063700097015,0.7013589128697042
R92C,-0.148991027536182,R,C,92,1,0,0.92308396331753,0.7218225419664268
R92S,-0.0924404414039671,R,S,92,1,0,0.938139517856162,0.8137490007993605
R92T,-0.194987796074117,R,T,92,1,0,0.910838168805257,0.6506794564348521
R92N,-0.20977001615731,R,N,92,1,0,0.906902674305797,0.6298161470823341
R92Q,-0.0214857850046409,R,Q,92,1,0,0.95702989145357,0.9297362110311751
R92D,-0.20643542232459,R,D,92,1,0,0.907790448646373,0.6353317346123102
R92E,-0.135687029461308,R,E,92,1,0,0.926625908367044,0.7442046362909672
R92H,-0.203685241843996,R,H,92,1,0,0.908522633669528,0.6398081534772182
R92K,0.0259204510295988,R,K,92,1,1,0.96965093079021,0.9739408473221423
K93F,-0.317783354532641,K,F,93,1,0,0.878146107521371,0.5031175059952039
K93W,-0.246794320877307,K,W,93,1,0,0.897045633431568,0.581294964028777
K93Y,-0.148406614184056,K,Y,93,1,0,0.923239552634951,0.7226219024780176
K93P,-0.465330537316511,K,P,93,1,0,0.838864381029086,0.3609912070343725
K93M,-0.0257141874935542,K,M,93,1,0,0.955904156980469,0.9235011990407674
K93I,-0.0964969576128433,K,I,93,1,0,0.937059544947008,0.806634692246203
K93L,-0.0683763621987692,K,L,93,1,0,0.944546136808771,0.8509992006394884
K93V,-0.0549004778438585,K,V,93,1,0,0.948133843422233,0.8762589928057554
K93A,0.0249578878613909,K,A,93,1,1,0.969394666032106,0.9728217426059153
K93G,-0.0559317955240812,K,G,93,1,0,0.947859274038549,0.8743405275779377
K93C,-0.0590601258207569,K,C,93,1,0,0.94702641357471,0.8696243005595523
K93S,-0.0126508302107325,K,S,93,1,0,0.959382035840457,0.9383693045563549
K93T,0.0174980233077795,K,T,93,1,1,0.967408614156797,0.9683453237410072
K93N,-0.0099694042421533,K,N,93,1,0,0.960095916238033,0.9414068745003997
K93Q,0.0465124273780466,K,Q,93,1,1,0.975133166151086,0.9836930455635492
K93D,0.0571693767403485,K,D,93,1,1,0.977970383115813,0.9883293365307754
K93E,0.0475781223142768,K,E,93,1,1,0.975416887847559,0.9841726618705036
K93H,-0.0360617415517893,K,H,93,1,0,0.953149310830847,0.9089528377298162
K93R,0.0036096118807796,K,R,93,1,0,0.963711079789863,0.9545963229416466
A94F,-0.607377359139193,A,F,94,1,0,0.801047024583112,0.20607513988808954
A94W,-0.556430265736189,A,W,94,1,0,0.814610752137065,0.25547561950439646
A94Y,-0.493141737426519,A,Y,94,1,0,0.831460159982427,0.32973621103117506
A94P,-0.441335212623328,A,P,94,1,0,0.845252695356117,0.3873701039168665
A94M,-0.310839148819141,A,M,94,1,0,0.879994874704838,0.5096722621902477
A94I,-0.491147856578088,A,I,94,1,0,0.831990994124215,0.3322142286171063
A94L,-0.403245212967101,A,L,94,1,0,0.855393457926818,0.4244604316546763
A94V,-0.286225033517825,A,V,94,1,0,0.886547930662078,0.5358912869704237
A94G,-0.226305476296882,A,G,94,1,0,0.902500411854075,0.6072741806554757
A94C,-0.120320396025989,A,C,94,1,0,0.930716992183925,0.7665067945643486
A94S,-0.142528103406786,A,S,94,1,0,0.924804598121945,0.7320543565147881
A94T,-0.241465846196157,A,T,94,1,0,0.898464241913931,0.5886490807354117
A94N,-0.290590945030768,A,N,94,1,0,0.885385586937819,0.5298960831334932
A94Q,-0.438206882326653,A,Q,94,1,0,0.846085555819955,0.3899280575539568
A94D,-0.4925917013304,A,D,94,1,0,0.831606596987058,0.3306155075939249
A94E,-0.150778644848568,A,E,94,1,0,0.922608043052479,0.7194244604316546
A94H,-0.423837189315549,A,H,94,1,0,0.849911222565942,0.4017585931254996
A94K,-0.507614562205645,A,K,94,1,0,0.827607036298072,0.30927258193445245
A94R,-0.464264842380281,A,R,94,1,0,0.839148102725559,0.36211031175059955
N95F,-0.475918732166798,N,F,95,1,0,0.836045468689938,0.3496402877697842
N95W,-0.526075148681632,N,W,95,1,0,0.822692244330142,0.2858513189448441
N95Y,-0.253222867750696,N,Y,95,1,0,0.895334150939942,0.5718625099920064
N95P,-0.563477603217711,N,P,95,1,0,0.812734528015229,0.2478017585931255
N95M,-0.401457595654715,N,M,95,1,0,0.855869378191869,0.42525979216626697
N95I,-0.333356251504005,N,I,95,1,0,0.874000109827753,0.4880895283772982
N95L,-0.494585582178831,N,L,95,1,0,0.831075762845271,0.3275779376498801
N95V,-0.488294544329472,N,V,95,1,0,0.832750636085739,0.33573141486810554
N95A,-0.208876207501117,N,A,95,1,0,0.907140634438323,0.6305355715427657
N95G,0.0081474096737598,N,G,95,1,0,0.964919185078069,0.9597122302158273
N95C,-0.188696758224759,N,C,95,1,0,0.912513042045725,0.658193445243805
N95S,-0.118120251641514,N,S,95,1,0,0.931302740202449,0.7690647482014389
N95T,-0.180068066966895,N,T,95,1,0,0.914810272555875,0.6711430855315748
N95Q,-0.0468905771941283,N,Q,95,1,0,0.950266332302173,0.8924060751398881
N95D,-0.0668637629344425,N,D,95,1,0,0.944948838571507,0.8534772182254197
N95E,-0.142596857918801,N,E,95,1,0,0.924786293496366,0.7318944844124701
N95H,-0.151947471552821,N,H,95,1,0,0.922296864417638,0.7171063149480416
N95K,-0.0578225446044896,N,K,95,1,0,0.94735589683513,0.8721023181454837
N95R,-0.1120354773282,N,R,95,1,0,0.93292269956618,0.7783373301358912
V96F,-0.226271099040874,V,F,96,1,0,0.902509564166865,0.6075939248601119
V96W,-0.415758534153804,V,W,96,1,0,0.852062016071461,0.41079136690647483
V96Y,-0.482209770016157,V,Y,96,1,0,0.83437059544947,0.34228617106314946
V96P,-0.494207432362749,V,P,96,1,0,0.831176438285955,0.32821742605915266
V96M,-0.226683626112964,V,M,96,1,0,0.902399736413391,0.606554756195044
V96I,-0.117673347313417,V,I,96,1,0,0.931421720268712,0.7704236610711431
V96L,-0.193647083089828,V,L,96,1,0,0.911195109004045,0.6523581135091926
V96A,-0.194506514490013,V,A,96,1,0,0.910966301184309,0.6514788169464428
V96G,-0.162088762075011,V,G,96,1,0,0.919596932144753,0.6991207034372502
V96C,-0.0079411461377152,V,C,96,1,0,0.96063590269261,0.9437250199840128
V96S,-0.263742308088968,V,S,96,1,0,0.892533543226373,0.5611510791366906
V96T,-0.0497438894427446,V,T,96,1,0,0.949506690340649,0.8863309352517985
V96N,-0.538313451820276,V,N,96,1,0,0.819434020977101,0.27162270183852916
V96Q,-0.611021348275981,V,Q,96,1,0,0.800076879427431,0.20479616306954437
V96D,-0.246863075389322,V,D,96,1,0,0.897027328805989,0.5808153477218225
V96E,-0.452576575337756,V,E,96,1,0,0.842259889073969,0.3730615507593925
V96H,-0.597786104713122,V,H,96,1,0,0.803600519851366,0.2151878497202238
V96K,-0.559902368592939,V,K,96,1,0,0.813686368545331,0.25147881694644286
V96R,-0.582178830485751,V,R,96,1,0,0.807755669857773,0.23117505995203838
W97F,-0.258688851455877,W,F,97,1,0,0.893878933206421,0.5664268585131894
W97Y,-0.21472034102238,W,Y,97,1,0,0.905584741264117,0.6225419664268586
W97P,-0.513802468286981,W,P,97,1,0,0.825959619995973,0.30167865707434055
W97M,-0.382000068754512,W,M,97,1,0,0.861049587230693,0.4442845723421263
W97I,-0.424455979923682,W,I,97,1,0,0.849746480935732,0.4007993605115907
W97L,-0.164220151947471,W,L,97,1,0,0.919029488751808,0.6948041566746602
W97V,-0.543229399429338,W,V,97,1,0,0.818125240248211,0.266986410871303
W97A,-0.472068479493967,W,A,97,1,0,0.837070527722355,0.35259792166266984
W97G,-0.0757674722403657,W,G,97,1,0,0.942578389559042,0.840607513988809
W97C,-0.137955928357798,W,C,97,1,0,0.926021855722941,0.7408473221422862
W97S,-0.375812162673175,W,S,97,1,0,0.862697003532793,0.4489208633093525
W97T,-0.45439856990615,W,T,97,1,0,0.841774816496128,0.37090327737809753
W97N,-0.552511258551342,W,N,97,1,0,0.815654115795061,0.2588329336530775
W97Q,-0.583863316030114,W,Q,97,1,0,0.80730720653109,0.22829736211031176
W97D,-0.466671250300801,W,D,97,1,0,0.838507440830298,0.3603517186250999
W97E,-0.568187287290728,W,E,97,1,0,0.811480661163076,0.24348521183053556
W97H,-0.338787857953178,W,H,97,1,0,0.872554044407022,0.48313349320543564
W97K,-0.636494894977483,W,K,97,1,0,0.793295015650455,0.18513189448441247
W97R,-0.184708996527897,W,R,97,1,0,0.9135747103293,0.6631494804156675
G98F,-0.508955275189934,G,F,98,1,0,0.827250096099284,0.30807354116706637
G98W,-0.669222042696552,G,W,98,1,0,0.784582013874906,0.16530775379696244
G98Y,-0.569734263811063,G,Y,98,1,0,0.811068807087551,0.24236610711430856
G98P,-0.52157172814466,G,P,98,1,0,0.823891197305559,0.2911270983213429
G98M,-0.487056963113204,G,M,98,1,0,0.833080119346159,0.3376498800959233
G98I,-0.471380934373818,G,I,98,1,0,0.837253573978144,0.35315747402078335
G98L,-0.5134243184709,G,L,98,1,0,0.826060295436657,0.3019984012789768
G98V,-0.15435387947334,G,V,98,1,0,0.921656202522378,0.7122302158273381
G98A,-0.226718003368971,G,A,98,1,0,0.902390584100602,0.6063149480415667
G98C,-0.16731410498814,G,C,98,1,0,0.918205780600758,0.6909672262190247
G98S,-0.301316648905084,G,S,98,1,0,0.882530065347513,0.5190247801758593
G98T,-0.559180446216783,G,T,98,1,0,0.81387856711391,0.2521982414068745
G98N,-0.521743614424697,G,N,98,1,0,0.823845435741612,0.2906474820143885
G98Q,-0.565608993090172,G,Q,98,1,0,0.812167084622284,0.2454836131095124
G98D,-0.188799889992781,G,D,98,1,0,0.912485585107356,0.6577138289368505
G98E,-0.422255835539207,G,E,98,1,0,0.850332228954257,0.4035971223021583
G98H,-0.551823713431194,G,H,98,1,0,0.81583716205085,0.2592326139088729
G98K,-0.527003334593833,G,K,98,1,0,0.822445131884827,0.2848121502797762
G98R,-0.414520952937536,G,R,98,1,0,0.852391499331881,0.41390887290167866
V99F,-0.363780123070576,V,F,99,1,0,0.865900313009097,0.46147082334132694
V99W,-0.499364020763863,V,W,99,1,0,0.829803591367538,0.3199040767386091
V99Y,-0.431056413077108,V,Y,99,1,0,0.84798923688016,0.39616306954436453
V99P,-0.537385265908075,V,P,99,1,0,0.819681133422416,0.2730615507593925
V99M,-0.111382309464059,V,M,99,1,0,0.93309659350918,0.7796163069544364
V99I,-0.111794836536148,V,I,99,1,0,0.932986765755706,0.7788169464428457
V99L,-0.0861494035546082,V,L,99,1,0,0.93981439109663,0.8235011990407674
V99A,-0.219911306679501,V,A,99,1,0,0.904202742032911,0.6166266986410871
V99G,-0.334800096256317,V,G,99,1,0,0.873615712690597,0.4876099120703437
V99C,-0.337550276736911,V,C,99,1,0,0.872883527667441,0.48465227817745804
V99S,-0.442985320911685,V,S,99,1,0,0.844813384342223,0.3856115107913669
V99T,-0.450204544673244,V,T,99,1,0,0.84289139865644,0.3782573940847322
V99N,-0.743820688232665,V,N,99,1,0,0.764721495121817,0.12893685051958434
V99Q,-0.495891917907113,V,Q,99,1,0,0.830727974959272,0.3251798561151079
V99D,-0.534566330915466,V,D,99,1,0,0.82043162307115,0.2762589928057554
V99E,-0.160541785554677,V,E,99,1,0,0.920008786220278,0.701199040767386
V99H,-0.90212795214686,V,H,99,1,0,0.722575094726437,0.07258193445243805
V99K,-0.597270445873011,V,K,99,1,0,0.803737804543208,0.21558752997601918
V99R,-0.583244525421981,V,R,99,1,0,0.8074719481613,0.22925659472422064
F100W,-0.693664271717831,F,W,100,1,0,0.778074719481613,0.1513189448441247
F100Y,-0.192271992849531,F,Y,100,1,0,0.911561201515623,0.6545163868904876
F100P,-0.524046890577194,F,P,100,1,0,0.823232230784719,0.28928856914468426
F100M,-0.629000653167864,F,M,100,1,0,0.795290219838553,0.1908872901678657
F100I,-0.168311045412355,F,I,100,1,0,0.917940363529864,0.6892086330935252
F100L,-0.146687751383685,F,L,100,1,0,0.923697168274423,0.7258193445243805
F100V,-0.294681838495651,F,V,100,1,0,0.884296461715876,0.526298960831335
F100A,-0.442435284815566,F,A,100,1,0,0.844959821346854,0.38657074340527575
F100G,-0.51541819931933,F,G,100,1,0,0.825529461294869,0.29840127897681856
F100C,-0.166076523771872,F,C,100,1,0,0.918535263861178,0.692406075139888
F100S,-0.226030458248822,F,S,100,1,0,0.902573630356391,0.6085531574740208
F100T,-0.467049400116883,F,T,100,1,0,0.838406765389614,0.35995203836930456
F100N,-0.583038261885936,F,N,100,1,0,0.807526862038037,0.22941646682653877
F100Q,-1.30062910378494,F,Q,100,1,0,0.616481484871226,0.02094324540367706
F100D,-0.561311836089243,F,D,100,1,0,0.813311123720964,0.2506794564348521
F100E,-0.469421430781395,F,E,100,1,0,0.837775255807142,0.35731414868105515
F100H,-0.521399841864622,F,H,100,1,0,0.823936958869506,0.29144684252597924
F100K,-0.337550276736911,F,K,100,1,0,0.872883527667441,0.48465227817745804
F100R,-0.584894633710337,F,R,100,1,0,0.807032637147407,0.2272581934452438
S101F,-0.1685173089484,S,F,101,1,0,0.917885449653127,0.6888888888888889
S101W,-0.415758534153804,S,W,101,1,0,0.852062016071461,0.41079136690647483
S101Y,-0.161263707930833,S,Y,101,1,0,0.919816587651699,0.6999200639488409
S101P,-0.17425831070164,S,P,101,1,0,0.91635701341729,0.6794564348521183
S101M,-0.564199525593867,S,M,101,1,0,0.812542329446651,0.24708233413269384
S101I,-0.624737873422943,S,I,101,1,0,0.796425106624444,0.19344524380495604
S101L,-0.550448623190897,S,L,101,1,0,0.816203254562428,0.26187050359712233
S101V,-0.508542748117845,S,V,101,1,0,0.827359923852758,0.30823341326938447
S101A,-0.172505070645261,S,A,101,1,0,0.916823781369552,0.6816946442845724
S101G,-0.600536285193716,S,G,101,1,0,0.802868334828211,0.21247002398081535
S101C,-0.223349032280243,S,C,101,1,0,0.903287510753967,0.6116706634692246
S101T,-0.229949465433669,S,T,101,1,0,0.901530266698395,0.6020783373301359
S101N,-0.407989274296126,S,N,101,1,0,0.854130438761875,0.4199840127897682
S101Q,-0.64574237684348,S,Q,101,1,0,0.790833043510095,0.18113509192645882
S101D,-0.505689435869229,S,D,101,1,0,0.828119565814281,0.3122302158273381
S101E,-0.523943758809172,S,E,101,1,0,0.823259687723087,0.28992805755395684
S101H,-0.504451854652962,S,H,101,1,0,0.828449049074701,0.31414868105515587
S101K,-0.570215545395167,S,K,101,1,0,0.810940674708499,0.24212629896083135
S101R,-0.678675788098594,S,R,101,1,0,0.782065127857809,0.1589128697042366
L102F,-0.0712296744473856,L,F,102,1,0,0.943786494847248,0.8478816946442845
L102W,-0.469421430781395,L,W,102,1,0,0.837775255807142,0.35731414868105515
L102Y,-0.389734951356183,L,Y,102,1,0,0.858990316853069,0.4346922462030376
L102P,-0.24662243459727,L,P,102,1,0,0.897091394995515,0.5814548361310952
L102M,-0.0292894221183265,L,M,102,1,0,0.954952316450367,0.9189448441247002
L102I,-0.0673450445185465,L,I,102,1,0,0.944820706192455,0.8521982414068745
L102V,-0.123861253394754,L,V,102,1,0,0.929774303966612,0.7608313349320543
L102A,-0.247584997765478,L,A,102,1,0,0.896835130237411,0.5800159872102318
L102G,-0.611777647908144,L,G,102,1,0,0.799875528546063,0.20271782573940847
L102C,-0.0776238440647667,L,C,102,1,0,0.942084164668412,0.8369304556354916
L102S,-0.519302829248169,L,S,102,1,0,0.824495249949662,0.2941646682653877
L102T,-0.473718587782323,L,T,102,1,0,0.836631216708462,0.3515587529976019
L102N,-0.588813640895184,L,N,102,1,0,0.80598927348941,0.2237410071942446
L102Q,-0.189899962185018,L,Q,102,1,0,0.912192711098095,0.6561151079136691
L102D,-0.551514318127127,L,D,102,1,0,0.815919532865955,0.2595523581135092
L102E,-0.611777647908144,L,E,102,1,0,0.799875528546063,0.20271782573940847
L102H,-0.51541819931933,L,H,102,1,0,0.825529461294869,0.29840127897681856
L102K,-0.494241809618756,L,K,102,1,0,0.831167285973165,0.3278976818545164
L102R,-0.455120492282306,L,R,102,1,0,0.84158261792755,0.3705835331734612
T103F,-0.474474887414487,T,F,103,1,0,0.836429865827094,0.3507593924860112
T103W,-0.678022620234453,T,W,103,1,0,0.782239021800809,0.15939248601119105
T103Y,-0.50620509470934,T,Y,103,1,0,0.82798228112244,0.31159072741806554
T103P,-0.304135583897693,T,P,103,1,0,0.881779575698779,0.5168665067945644
T103M,-0.386778507339544,T,M,103,1,0,0.859777415752961,0.43916866506794566
T103I,-0.242256523084327,T,I,103,1,0,0.898253738719774,0.5873701039168665
T103L,-0.529547251538382,T,L,103,1,0,0.821767860738408,0.2820143884892086
T103V,-0.495307504554986,T,V,103,1,0,0.830883564276693,0.3261390887290168
T103A,-0.159201072570387,T,A,103,1,0,0.920365726419066,0.7045563549160672
T103G,-0.501117260820241,T,G,103,1,0,0.829336823415277,0.3178257394084732
T103C,-0.446079273952353,T,C,103,1,0,0.843989676191173,0.3819344524380496
T103S,-0.18106500739111,T,S,103,1,0,0.914544855484981,0.6690647482014388
T103N,-0.181236893671147,T,N,103,1,0,0.914499093921034,0.6683453237410072
T103Q,-0.491801024442229,T,Q,103,1,0,0.831817100181216,0.3311750599520384
T103D,-0.542610608821204,T,D,103,1,0,0.81828998187842,0.26762589928057556
T103E,-0.655608649317611,T,E,103,1,0,0.788206329739525,0.17378097521982414
T103H,-0.526625184777751,T,H,103,1,0,0.822545807325511,0.28521183053557153
T103K,-0.40578912991165,T,K,103,1,0,0.854716186780399,0.4212629896083134
T103R,-0.487435112929286,T,R,103,1,0,0.832979443905475,0.3371702637889688
G104F,-0.51541819931933,G,F,104,1,0,0.825529461294869,0.29840127897681856
G104W,-0.974595207810513,G,W,104,1,0,0.703282019366293,0.05523581135091926
G104Y,-0.479115816975489,G,Y,104,1,0,0.83519430360052,0.34612310151878495
G104P,-0.557324074392382,G,P,104,1,0,0.814372792004539,0.2540367705835332
G104M,-0.485406854824848,G,M,104,1,0,0.833519430360052,0.33940847322142287
G104I,-0.578534841348963,G,I,104,1,0,0.808725815013454,0.23469224620303758
G104L,-0.483172333184365,G,L,104,1,0,0.834114330691365,0.3413269384492406
G104V,-0.126370793083296,G,V,104,1,0,0.929106185132983,0.7573141486810552
G104A,-0.340437966241535,G,A,104,1,0,0.872114733393128,0.4817745803357314
G104C,-0.142184330846712,G,C,104,1,0,0.92489612124984,0.7326938449240608
G104S,-0.153803843377222,G,S,104,1,0,0.921802639527008,0.7131095123900879
G104T,-0.5143525043831,G,T,104,1,0,0.825813182991342,0.3011990407673861
G104N,-0.496029426931142,G,N,104,1,0,0.830691365708114,0.32486011191047165
G104Q,-0.687441988380487,G,Q,104,1,0,0.779731288096502,0.1557154276578737
G104D,-0.0951562446285537,G,D,104,1,0,0.937416485145796,0.8083133493205436
G104E,-0.415758534153804,G,E,104,1,0,0.852062016071461,0.41079136690647483
G104H,-0.544054453573516,G,H,104,1,0,0.817905584741264,0.26618705035971224
G104K,-0.619237512461755,G,K,104,1,0,0.797889476670755,0.1973621103117506
G104R,-0.336725222592733,G,R,104,1,0,0.873103183174388,0.48609112709832136
E105F,-0.531300491594761,E,F,105,1,0,0.821301092786147,0.27913669064748203
E105W,-0.496407576747224,E,W,105,1,0,0.83059069026743,0.32414068745004
E105Y,-0.516965175839665,E,Y,105,1,0,0.825117607219344,0.29640287769784174
E105P,-0.512324246278662,E,P,105,1,0,0.826353169445919,0.3036770583533173
E105M,-0.693664271717831,E,M,105,1,0,0.778074719481613,0.1513189448441247
E105I,-0.580391213173365,E,I,105,1,0,0.808231590122824,0.23277378097521984
E105L,-0.520677919488466,E,L,105,1,0,0.824129157438085,0.29256594724220625
E105V,-0.263673553576953,E,V,105,1,0,0.892551847851952,0.5613109512390088
E105A,-0.422840248891334,E,A,105,1,0,0.850176639636836,0.4028776978417266
E105G,-0.235002922066761,E,G,105,1,0,0.900184876718347,0.5943245403677059
E105C,-0.535769534875726,E,C,105,1,0,0.82011129212352,0.27482014388489207
E105S,-0.524218776857231,E,S,105,1,0,0.823186469220772,0.289048760991207
E105T,-0.506961394341504,E,T,105,1,0,0.827780930241072,0.3103117505995204
E105N,-0.524390663137268,E,N,105,1,0,0.823140707656825,0.2882494004796163
E105Q,-0.151638076248754,E,Q,105,1,0,0.922379235232743,0.7177458033573142
E105D,-0.253394754030733,E,D,105,1,0,0.895288389375995,0.5715427657873701
E105H,-0.518718415896043,E,H,105,1,0,0.824650839267083,0.29432454036770583
E105K,-0.135618274949293,E,K,105,1,0,0.926644212992623,0.7443645083932854
E105R,-0.491663515418199,E,R,105,1,0,0.831853709432373,0.33141486810551557
R106F,-0.3458351954347,R,F,106,1,0,0.870677820285186,0.47705835331734614
R106Y,-0.434734779469903,R,Y,106,1,0,0.847009939411689,0.39288569144684254
R106P,-0.275258688851456,R,P,106,1,0,0.88946751844191,0.5476418864908074
R106I,-0.51541819931933,R,I,106,1,0,0.825529461294869,0.29840127897681856
R106L,-0.204613427756196,R,L,106,1,0,0.908275521224213,0.638529176658673
R106V,-0.367389734951356,R,V,106,1,0,0.864939320166206,0.4578737010391687
R106A,-0.351919969748015,R,A,106,1,0,0.869057860921455,0.47050359712230216
R106G,-0.238165629619444,R,G,106,1,0,0.899342863941718,0.5913669064748202
R106C,-0.0943999449963903,R,C,106,1,0,0.937617836027164,0.8105515587529976
R106S,-0.119976623465915,R,S,106,1,0,0.930808515311819,0.7669064748201438
R106T,-0.402351404310908,R,T,106,1,0,0.855631418059343,0.4249400479616307
R106N,-0.469421430781395,R,N,106,1,0,0.837775255807142,0.35731414868105515
R106Q,-0.0453436006737942,R,Q,106,1,0,0.950678186377698,0.8948041566746603
R106D,-0.469421430781395,R,D,106,1,0,0.837775255807142,0.35731414868105515
R106H,-0.0590601258207569,R,H,106,1,0,0.94702641357471,0.8696243005595523
H107F,-0.933823782185706,H,F,107,1,0,0.714136662334572,0.06506794564348521
H107W,-0.51541819931933,H,W,107,1,0,0.825529461294869,0.29840127897681856
H107Y,-0.0754236996802915,H,Y,107,1,0,0.942669912686936,0.8407673860911271
H107P,-0.348860393963354,H,P,107,1,0,0.869872416759715,0.47442046362909673
H107M,-0.974595207810513,H,M,107,1,0,0.703282019366293,0.05523581135091926
H107I,-0.497713912475506,H,I,107,1,0,0.830242902381432,0.32182254196642684
H107L,-0.233284059266389,H,L,107,1,0,0.900642492357819,0.5958433253397282
H107V,-0.597270445873011,H,V,107,1,0,0.803737804543208,0.21558752997601918
H107A,-0.601189453057857,H,A,107,1,0,0.802694440885212,0.21183053557154277
H107G,-0.475506205094709,H,G,107,1,0,0.836155296443411,0.3500399680255795
H107C,-0.51541819931933,H,C,107,1,0,0.825529461294869,0.29840127897681856
H107S,-0.526075148681632,H,S,107,1,0,0.822692244330142,0.2858513189448441
H107T,-0.532813090859088,H,T,107,1,0,0.820898391023411,0.27817745803357313
H107N,-0.0585100897246381,H,N,107,1,0,0.947172850579341,0.8713029576338929
H107Q,-0.0740829866960019,H,Q,107,1,0,0.943026852885724,0.8423661071143086
H107D,-0.219430025095397,H,D,107,1,0,0.904330874411964,0.6174260591526779
H107E,-0.461102134827598,H,E,107,1,0,0.839990115502187,0.3662669864108713
H107K,-0.536422702739867,H,K,107,1,0,0.81993739818052,0.273621103117506
H107R,-0.157619718794046,H,R,107,1,0,0.92078673280738,0.7072741806554756
E108F,-0.611777647908144,E,F,108,1,0,0.799875528546063,0.20271782573940847
E108W,-0.322699302141703,E,W,108,1,0,0.87683732679248,0.4984012789768185
E108Y,-0.409811268864519,E,Y,108,1,0,0.853645366184035,0.4181454836131095
E108P,-0.221011378871738,E,P,108,1,0,0.90390986802365,0.6146282973621103
E108M,-0.389253669772079,E,M,108,1,0,0.859118449232121,0.4357314148681055
E108I,-0.373233868472618,E,I,108,1,0,0.863383426992001,0.4525179856115108
E108L,-0.382928254666712,E,L,108,1,0,0.860802474785378,0.4433253397282174
E108V,-0.169961153700712,E,V,108,1,0,0.91750105251597,0.6861710631494804
E108A,-0.203925882636048,E,A,108,1,0,0.908458567480002,0.6394884092725819
E108G,-0.167245350476125,E,G,108,1,0,0.918224085226337,0.691286970423661
E108C,-0.504451854652962,E,C,108,1,0,0.828449049074701,0.31414868105515587
E108S,-0.316133246244285,E,S,108,1,0,0.878585418535264,0.5055955235811351
E108T,-0.230224483481728,E,T,108,1,0,0.901457048196079,0.6015187849720224
E108N,-0.391660077692599,E,N,108,1,0,0.85847778733686,0.43341326938449243
E108Q,-0.116642029633195,E,Q,108,1,0,0.931696289652395,0.7721822541966427
E108D,-0.083467977586029,E,D,108,1,0,0.940528271494206,0.8271782573940847
E108H,-0.338650348929148,E,H,108,1,0,0.872590653658179,0.48353317346123104
E108K,-0.107119529719138,E,K,108,1,0,0.93423148029507,0.7864108713029576
E108R,-0.324074392382,E,R,108,1,0,0.876471234280903,0.497841726618705
E109F,-0.234349754202619,E,F,109,1,0,0.900358770661346,0.5948840927258193
E109W,-0.328646567430988,E,W,109,1,0,0.875253976679907,0.4929656274980016
E109Y,-0.13819656914985,E,Y,109,1,0,0.925957789533415,0.7402078337330136
E109P,-0.479940871119667,E,P,109,1,0,0.834974648093573,0.3445243804956035
E109M,-0.0305613805906012,E,M,109,1,0,0.954613680877158,0.9170263788968825
E109I,-0.29870397744852,E,I,109,1,0,0.883225641119511,0.5215027977617905
E109L,-0.104747499054625,E,L,109,1,0,0.934862989877542,0.7914468425259792
E109V,-0.105503798686789,E,V,109,1,0,0.934661638996174,0.7904876099120703
E109A,-0.125752002475162,E,A,109,1,0,0.929270926763193,0.7577937649880095
E109G,-0.07611124480044,E,G,109,1,0,0.942486866431147,0.8396482813749001
E109C,-0.0145072020351335,E,C,109,1,0,0.958887810949827,0.9364508393285371
E109S,-0.130977345388291,E,S,109,1,0,0.927879775219198,0.7501199040767386
E109T,-0.194025232905909,E,T,109,1,0,0.911094433563361,0.6519584332533973
E109N,-0.114132489944653,E,N,109,1,0,0.932364408486024,0.7750599520383693
E109Q,-0.0495720031627075,E,Q,109,1,0,0.949552451904596,0.8871302957633893
E109D,0.0037127436488019,E,D,109,1,0,0.963738536728231,0.954916067146283
E109H,-0.0928873457320636,E,H,109,1,0,0.938020537789899,0.8131095123900879
E109K,-0.0988346110213482,E,K,109,1,0,0.936437187677326,0.8015987210231814
E109R,-0.269964591426312,E,R,109,1,0,0.890876974611484,0.5536370903277378
H110F,-0.619237512461755,H,F,110,1,0,0.797889476670755,0.1973621103117506
H110Y,-0.144315720719172,H,Y,110,1,0,0.924328677856894,0.7302957633892886
H110P,-0.379078001993881,H,P,110,1,0,0.861827533817796,0.4465227817745803
H110M,-0.462305338787858,H,M,110,1,0,0.839669784554557,0.3642685851318945
H110I,-0.468115095053113,H,I,110,1,0,0.838123043693141,0.3592326139088729
H110L,-0.264842380281206,H,L,110,1,0,0.892240669217111,0.5597122302158274
H110V,-0.650589569940527,H,V,110,1,0,0.789542567406784,0.17841726618705037
H110A,-0.447419986936643,H,A,110,1,0,0.843632735992385,0.3803357314148681
H110G,-0.511189796830417,H,G,110,1,0,0.82665519576797,0.3051958433253397
H110C,-0.204785314036234,H,C,110,1,0,0.908229759660266,0.6382893685051958
H110S,-0.51208360548661,H,S,110,1,0,0.826417235635445,0.3043165467625899
H110T,-0.556430265736189,H,T,110,1,0,0.814610752137065,0.25547561950439646
H110N,-0.105675684966826,H,N,110,1,0,0.934615877432227,0.7898481215027977
H110Q,-0.0926123276840042,H,Q,110,1,0,0.938093756292215,0.8135891286970424
H110D,-0.295266251847777,H,D,110,1,0,0.884140872398455,0.5255795363709033
H110E,-0.789404929698511,H,E,110,1,0,0.752585528363017,0.10711430855315747
H110K,-0.500154697652033,H,K,110,1,0,0.829593088173381,0.3194244604316547
H110R,-0.237374952731273,H,R,110,1,0,0.899553367135875,0.5918465227817746
P111F,-0.431881467221286,P,F,111,1,0,0.847769581373213,0.39552358113509195
P111W,-0.451338994121489,P,W,111,1,0,0.842589372334389,0.3749000799360512
P111Y,-0.463199147444051,P,Y,111,1,0,0.839431824422031,0.3635491606714628
P111M,-0.546563993262058,P,M,111,1,0,0.817237465907635,0.2638689048760991
P111I,-0.517171439375709,P,I,111,1,0,0.825062693342608,0.2962430055955236
P111L,-0.33222180205576,P,L,111,1,0,0.874302136149805,0.48936850519584335
P111V,-0.558733541888686,P,V,111,1,0,0.813997547180172,0.25291766586730613
P111A,-0.325518237134312,P,A,111,1,0,0.876086837143746,0.496722621902478
P111G,-0.510124101894187,P,G,111,1,0,0.826938917464443,0.3068745003996803
P111C,-0.404689057719413,P,C,111,1,0,0.855009060789661,0.4235011990407674
P111S,-0.264876757537213,P,S,111,1,0,0.892231516904322,0.559312549960032
P111T,-0.180274330502939,P,T,111,1,0,0.914755358679138,0.670423661071143
P111N,-0.621403279590223,P,N,111,1,0,0.79731288096502,0.19568345323741007
P111Q,-0.520609164976452,P,Q,111,1,0,0.824147462063663,0.29280575539568343
P111D,-0.50073911100416,P,D,111,1,0,0.829437498855961,0.318705035971223
P111E,-0.53064732373062,P,E,111,1,0,0.821474986729146,0.2805755395683453
P111H,-0.188387362920692,P,H,111,1,0,0.91259541286083,0.6585131894484413
P111K,-0.537729038468149,P,K,111,1,0,0.819589610294521,0.272501998401279
P111R,-0.379593660833992,P,R,111,1,0,0.861690249125954,0.44620303756994406
R112F,-0.0465468046340541,R,F,112,1,0,0.950357855430067,0.8927258193445243
R112W,-0.129602255147994,R,W,112,1,0,0.928245867730775,0.7520383693045564
R112Y,-0.0181168139159132,R,Y,112,1,0,0.957926818106935,0.9333333333333333
R112P,-0.602977070370243,R,P,112,1,0,0.802218520620161,0.20951239008792966
R112M,-0.0016157310323489,R,M,112,1,0,0.962319928245868,0.9501199040767386
R112I,-0.0218295575647151,R,I,112,1,0,0.956938368325676,0.9288569144684252
R112L,-0.0191481315961359,R,L,112,1,0,0.957652248723252,0.931814548361311
R112V,-0.0339303516793289,R,V,112,1,0,0.953716754223792,0.9133493205435651
R112A,-0.0077692598576781,R,A,112,1,0,0.960681664256557,0.9441247002398081
R112G,-0.106603870879026,R,G,112,1,0,0.934368764986912,0.7874500399680255
R112C,-0.0633572828216851,R,C,112,1,0,0.94588237447603,0.8597122302158273
R112S,-0.0424559111691704,R,S,112,1,0,0.951446980652011,0.8994404476418865
R112T,-0.0158822922754305,R,T,112,1,0,0.958521718438249,0.9347721822541967
R112N,0.0125133211867028,R,N,112,1,1,0.966081528802328,0.9640287769784173
R112Q,-0.0243390972532572,R,Q,112,1,0,0.956270249492047,0.9256594724220624
R112D,-0.0766612808965588,R,D,112,1,0,0.942340429426516,0.8386091127098322
R112E,-0.0306301351026161,R,E,112,1,0,0.954595376251579,0.9167865707434053
R112H,0.0231358932929973,R,H,112,1,1,0.968909593454266,0.9717026378896882
R112K,0.008972463817938,R,K,112,1,0,0.965138840585016,0.9605115907274181
K113F,-0.424077830107601,K,F,113,1,0,0.849847156376416,0.4013589128697042
K113W,-0.651242737804668,K,W,113,1,0,0.789368673463784,0.17729816147082333
K113Y,-0.575578397332325,K,Y,113,1,0,0.809512913913346,0.23764988009592325
K113P,-0.502217333012479,K,P,113,1,0,0.829043949406015,0.3171862509992006
K113M,-0.160919935370759,K,M,113,1,0,0.919908110779594,0.7005595523581135
K113I,-0.511258551342432,K,I,113,1,0,0.826636891142391,0.30503597122302156
K113L,-0.458420708859019,K,L,113,1,0,0.840703995899764,0.3677058353317346
K113V,-0.485406854824848,K,V,113,1,0,0.833519430360052,0.33940847322142287
K113A,-0.38310014094675,K,A,113,1,0,0.860756713221431,0.44300559552358115
K113G,-0.599986249097597,K,G,113,1,0,0.803014771832842,0.21294964028776978
K113C,-0.312145484547423,K,C,113,1,0,0.879647086818839,0.5082334132693845
K113S,-0.531919282202894,K,S,113,1,0,0.821136351155937,0.27865707434052756
K113T,-0.299563408848706,K,T,113,1,0,0.882996833299775,0.5200639488409272
K113N,-0.217126748942899,K,N,113,1,0,0.904944079368856,0.6203037569944044
K113Q,-0.291553508198976,K,Q,113,1,0,0.885129322179714,0.5293365307753797
K113D,-0.552889408367424,K,D,113,1,0,0.815553440354377,0.2584332533972822
K113E,-0.123070576506583,K,E,113,1,0,0.92998480716077,0.7621103117505995
K113H,-0.433600330021658,K,H,113,1,0,0.847311965733741,0.3935251798561151
K113R,-0.207260476468768,K,R,113,1,0,0.907570793139426,0.6331734612310151
A114F,-0.424077830107601,A,F,114,1,0,0.849847156376416,0.4013589128697042
A114W,-0.296710096600089,A,W,114,1,0,0.883756475261298,0.5243005595523581
A114Y,-0.237203066451236,A,Y,114,1,0,0.899599128699822,0.5920863309352518
A114P,-0.19842552167486,A,P,114,1,0,0.909922937526313,0.6457234212629896
A114M,-0.0477843858503214,A,M,114,1,0,0.950028372169647,0.8902478017585931
A114I,-0.449448245041081,A,I,114,1,0,0.843092749537808,0.37905675459632293
A114L,-0.292275430575131,A,L,114,1,0,0.884937123611137,0.528537170263789
A114V,-0.104506858262573,A,V,114,1,0,0.934927056067068,0.7918465227817746
A114G,-0.236034239746983,A,G,114,1,0,0.899910307334663,0.5932853717026378
A114C,-0.141118635910482,A,C,114,1,0,0.925179842946312,0.7348521183053557
A114S,-0.0349616693595517,A,S,114,1,0,0.953442184840109,0.9114308553157474
A114T,-0.042180893121111,A,T,114,1,0,0.951520199154326,0.8999200639488409
A114N,-0.0088693320499157,A,N,114,1,0,0.960388790247295,0.942925659472422
A114Q,-0.0577537900924748,A,Q,114,1,0,0.947374201460709,0.8722621902478017
A114D,-0.397504211213861,A,D,114,1,0,0.856921894162655,0.4282973621103118
A114E,-0.0701296022551479,A,E,114,1,0,0.94407936885651,0.8489208633093526
A114H,-0.107875829351301,A,H,114,1,0,0.934030129413703,0.7852118305355715
A114K,-0.150606758568531,A,K,114,1,0,0.922653804616427,0.7203836930455636
A114R,-0.053250369555502,A,R,114,1,0,0.948573154436126,0.8794564348521183
P115F,-0.47750008594314,P,F,115,1,0,0.835624462301623,0.34796163069544367
P115Y,-0.461102134827598,P,Y,115,1,0,0.839990115502187,0.3662669864108713
P115M,-0.456873732338685,P,M,115,1,0,0.841115849975289,0.3688249400479616
P115I,-0.536422702739867,P,I,115,1,0,0.81993739818052,0.273621103117506
P115L,-0.227749321049194,P,L,115,1,0,0.902116014716919,0.6052757793764988
P115V,-0.622193956478394,P,V,115,1,0,0.797102377770862,0.19520383693045565
P115A,-0.348860393963354,P,A,115,1,0,0.869872416759715,0.47442046362909673
P115G,-0.565058956994053,P,G,115,1,0,0.812313521626915,0.24620303756994405
P115C,-0.456873732338685,P,C,115,1,0,0.841115849975289,0.3688249400479616
P115S,-0.25263845439857,P,S,115,1,0,0.895489740257363,0.5731414868105515
P115T,-0.169926776444704,P,T,115,1,0,0.91751020482876,0.6863309352517986
P115N,-0.810512564887071,P,N,115,1,0,0.7469660083103,0.0982414068745004
P115Q,-0.0615352882532916,P,Q,115,1,0,0.94636744705387,0.8633093525179856
P115D,-0.920244766062773,P,D,115,1,0,0.717751825886401,0.06874500399680256
P115E,-0.306301351026161,P,E,115,1,0,0.881202979993044,0.5141486810551559
P115H,-0.51541819931933,P,H,115,1,0,0.825529461294869,0.29840127897681856
P115K,-0.506651999037437,P,K,115,1,0,0.827863301056177,0.3108713029576339
P115R,-0.347863453539138,P,R,115,1,0,0.870137833830609,0.4751398880895284
Y116F,-0.0894839973873285,Y,F,116,1,0,0.938926616756054,0.817585931254996
Y116P,-0.586200969438619,Y,P,116,1,0,0.806684849261408,0.22589928057553957
Y116I,-0.458283199834989,Y,I,116,1,0,0.840740605150921,0.3678657074340528
Y116L,-0.544363848877583,Y,L,116,1,0,0.817823213926159,0.26554756195043966
Y116V,-0.893086733816907,Y,V,116,1,0,0.72498215299006,0.0753796962430056
Y116A,-0.556430265736189,Y,A,116,1,0,0.814610752137065,0.25547561950439646
Y116G,-0.438413145862697,Y,G,116,1,0,0.846030641943219,0.38968824940047964
Y116C,-0.10361304960638,Y,C,116,1,0,0.935165016199594,0.7932054356514788
Y116S,-0.363092577950428,Y,S,116,1,0,0.866083359264886,0.462669864108713
Y116T,-0.491629138162192,Y,T,116,1,0,0.831862861745163,0.33157474020783373
Y116N,-0.213757777854172,Y,N,116,1,0,0.905841006022222,0.6236610711430856
Y116Q,-0.440819553783217,Y,Q,116,1,0,0.845389980047958,0.3882494004796163
Y116D,-0.217504898758981,Y,D,116,1,0,0.904843403928173,0.6198241406874501
Y116E,-0.693664271717831,Y,E,116,1,0,0.778074719481613,0.1513189448441247
Y116H,-0.107497679535219,Y,H,116,1,0,0.934130804854387,0.7860111910471622
Y116K,-0.575578397332325,Y,K,116,1,0,0.809512913913346,0.23764988009592325
Y116R,-0.531025473546702,Y,R,116,1,0,0.821374311288462,0.27961630695443646
N117F,-0.662071573447007,N,F,117,1,0,0.78648569493511,0.16938449240607514
N117W,-0.452576575337756,N,W,117,1,0,0.842259889073969,0.3730615507593925
N117Y,-0.122658049434494,N,Y,117,1,0,0.930094634914243,0.7627498001598721
N117P,-0.497713912475506,N,P,117,1,0,0.830242902381432,0.32182254196642684
N117M,-0.594004606552305,N,M,117,1,0,0.804607274258205,0.21918465227817746
N117I,-0.0984220839492591,N,I,117,1,0,0.936547015430799,0.8024780175859313
N117L,-0.524562549417306,N,L,117,1,0,0.823094946092878,0.28792965627498
N117V,-0.536422702739867,N,V,117,1,0,0.81993739818052,0.273621103117506
N117A,-0.571831276427516,N,A,117,1,0,0.810510516007395,0.24036770583533174
N117G,-0.575578397332325,N,G,117,1,0,0.809512913913346,0.23764988009592325
N117C,-0.640242015882292,N,C,117,1,0,0.792297413556406,0.1836131095123901
N117S,-0.123895630650761,N,S,117,1,0,0.929765151653823,0.7606714628297362
N117T,-0.257073120423528,N,T,117,1,0,0.894309091907525,0.5672262190247802
N117Q,-0.497713912475506,N,Q,117,1,0,0.830242902381432,0.32182254196642684
N117D,-0.0980439341331775,N,D,117,1,0,0.936647690871483,0.8034372501998401
N117E,-1.05734126302039,N,E,117,1,0,0.681252402482106,0.03996802557953637
N117H,-0.338650348929148,N,H,117,1,0,0.872590653658179,0.48353317346123104
N117K,-0.16023239025061,N,K,117,1,0,0.920091157035383,0.7015187849720224
N117R,-0.40578912991165,N,R,117,1,0,0.854716186780399,0.4212629896083134
T118F,-0.629000653167864,T,F,118,1,0,0.795290219838553,0.1908872901678657
T118Y,-0.483172333184365,T,Y,118,1,0,0.834114330691365,0.3413269384492406
T118P,-0.382240709546564,T,P,118,1,0,0.860985521041167,0.44396482813749
T118I,-0.207604249028842,T,I,118,1,0,0.907479270011532,0.6327737809752199
T118L,-0.523943758809172,T,L,118,1,0,0.823259687723087,0.28992805755395684
T118V,-0.402660799614975,T,V,118,1,0,0.855549047244238,0.42478017585931255
T118A,-0.103578672350373,T,A,118,1,0,0.935174168512383,0.7935251798561151
T118G,-0.614287187596686,T,G,118,1,0,0.799207409712434,0.20095923261390888
T118C,-0.594004606552305,T,C,118,1,0,0.804607274258205,0.21918465227817746
T118S,-0.0326583932070542,T,S,118,1,0,0.954055389797002,0.9151079136690647
T118N,-0.118464024201588,T,N,118,1,0,0.931211217074555,0.7686650679456435
T118Q,-0.838323764997078,T,Q,118,1,0,0.739561787263641,0.08752997601918465
T118D,-0.498401457595655,T,D,118,1,0,0.830059856125643,0.32070343725019984
T118E,-0.452576575337756,T,E,118,1,0,0.842259889073969,0.3730615507593925
T118H,-0.655608649317611,T,H,118,1,0,0.788206329739525,0.17378097521982414
T118K,-0.810512564887071,T,K,118,1,0,0.7469660083103,0.0982414068745004
T118R,-0.541132386812885,T,R,118,1,0,0.818683531328366,0.26906474820143883
L119W,-0.51541819931933,L,W,119,1,0,0.825529461294869,0.29840127897681856
L119P,-0.121007941146138,L,P,119,1,0,0.930533945928136,0.7650679456434852
L119M,-0.0670012719584722,L,M,119,1,0,0.944912229320349,0.852837729816147
L119I,-0.51541819931933,L,I,119,1,0,0.825529461294869,0.29840127897681856
L119V,0.0508783388909897,L,V,119,1,1,0.976295509875345,0.9859312549960032
L119A,0.103991199422462,L,A,119,1,1,0.990435833135033,0.997761790567546
L119C,0.0884870569631132,L,C,119,1,1,0.986308140066995,0.9955235811350919
L119S,0.0798927429612568,L,S,119,1,1,0.984020061869634,0.9940847322142287
L119T,-0.0558974182680738,L,T,119,1,0,0.947868426351339,0.8745003996802558
L119Q,-0.0312833029667571,L,Q,119,1,0,0.954421482308579,0.9159072741806554
L119E,-0.67485991268177,L,E,119,1,0,0.783081034577438,0.16227018385291767
L119H,-0.384578362955069,L,H,119,1,0,0.860363163771485,0.4410871302957634
L119K,-0.230361992505758,L,K,119,1,0,0.901420438944921,0.6009592326139088
L119R,-0.163738870363368,L,R,119,1,0,0.91915762113086,0.695603517186251
V120F,-0.0625322286775069,V,F,120,1,0,0.946102029982977,0.8613109512390088
V120Y,-0.415758534153804,V,Y,120,1,0,0.852062016071461,0.41079136690647483
V120P,-0.693664271717831,V,P,120,1,0,0.778074719481613,0.1513189448441247
V120M,-0.415758534153804,V,M,120,1,0,0.852062016071461,0.41079136690647483
V120I,-0.0136133933789404,V,I,120,1,0,0.959125771082352,0.9376498800959233
V120L,-0.078861425281034,V,L,120,1,0,0.941754681407992,0.8354916067146283
V120A,-0.105366289662759,V,A,120,1,0,0.934698248247332,0.7907274180655476
V120G,-0.173330124789439,V,G,120,1,0,0.916604125862605,0.6805755395683454
V120C,-0.098731479253326,V,C,120,1,0,0.936464644615694,0.8017585931254996
V120S,-0.549279796486645,V,S,120,1,0,0.816514433197269,0.2625099920063949
V120T,-0.415758534153804,V,T,120,1,0,0.852062016071461,0.41079136690647483
V120N,-0.640242015882292,V,N,120,1,0,0.792297413556406,0.1836131095123901
V120Q,-0.348860393963354,V,Q,120,1,0,0.869872416759715,0.47442046362909673
V120D,-0.0966000893808656,V,D,120,1,0,0.93703208800864,0.8062350119904077
V120E,-0.611777647908144,V,E,120,1,0,0.799875528546063,0.20271782573940847
V120H,-0.605933514386882,V,H,120,1,0,0.801431421720269,0.207673860911271
V120K,-0.708996527897143,V,K,120,1,0,0.773992787977522,0.14412470023980814
V120R,-0.561999381209392,V,R,120,1,0,0.813128077465175,0.24972022382094325
L121F,-0.106672625391041,L,F,121,1,0,0.934350460361333,0.7870503597122303
L121W,-0.0368524184399601,L,W,121,1,0,0.95293880763669,0.9072741806554756
L121Y,-0.469421430781395,L,Y,121,1,0,0.837775255807142,0.35731414868105515
L121P,-0.397022929629757,L,P,121,1,0,0.857050026541707,0.42893685051958436
L121M,-0.0973220117570215,L,M,121,1,0,0.936839889440061,0.8047162270183853
L121I,-0.594004606552305,L,I,121,1,0,0.804607274258205,0.21918465227817746
L121V,-0.161126198906803,L,V,121,1,0,0.919853196902857,0.7003996802557954
L121A,-0.384578362955069,L,A,121,1,0,0.860363163771485,0.4410871302957634
L121G,-0.430128227164908,L,G,121,1,0,0.848236349325474,0.3969624300559552
L121C,-0.282271649076971,L,C,121,1,0,0.887600446632864,0.5398880895283773
L121S,-0.0450342053697273,L,S,121,1,0,0.950760557192803,0.8954436450839328
L121T,-0.488535185121524,L,T,121,1,0,0.832686569896212,0.3350119904076739
L121Q,-0.296710096600089,L,Q,121,1,0,0.883756475261298,0.5243005595523581
L121E,-0.282271649076971,L,E,121,1,0,0.887600446632864,0.5398880895283773
L121K,-0.208669943965073,L,K,121,1,0,0.907195548315059,0.6312549960031975
L121R,-0.525250094537454,L,R,121,1,0,0.822911899837089,0.28633093525179854
I122F,-0.0800646292412939,I,F,122,1,0,0.941434350460361,0.8338928856914468
I122W,-0.348860393963354,I,W,122,1,0,0.869872416759715,0.47442046362909673
I122Y,-0.529547251538382,I,Y,122,1,0,0.821767860738408,0.2820143884892086
I122P,-0.537797792980164,I,P,122,1,0,0.819571305668942,0.27210231814548363
I122M,-0.0767644126645811,I,M,122,1,0,0.942312972488148,0.8382893685051959
I122L,-0.178074186118464,I,L,122,1,0,0.915341106697662,0.673621103117506
I122V,-0.0537660283956134,I,V,122,1,0,0.948435869744284,0.8780975219824141
I122A,-0.541304273092922,I,A,122,1,0,0.818637769764419,0.26874500399680257
I122G,-0.678022620234453,I,G,122,1,0,0.782239021800809,0.15939248601119105
I122C,-0.496957612843343,I,C,122,1,0,0.830444253262799,0.32302158273381293
I122S,-0.391419436900547,I,S,122,1,0,0.858541853526386,0.43357314148681053
I122T,-0.205885386228471,I,T,122,1,0,0.907936885651004,0.6366107114308553
I122N,-0.112172986352229,I,N,122,1,0,0.932886090315023,0.7778577138289369
I122Q,-0.757193440819554,I,Q,122,1,0,0.761161245446724,0.12246203037569944
I122D,-0.604249028842518,I,D,122,1,0,0.801879885046951,0.20863309352517986
I122E,-0.376534085049331,I,E,122,1,0,0.862504804964214,0.448361310951239
I122H,-0.452576575337756,I,H,122,1,0,0.842259889073969,0.3730615507593925
I122K,-0.404310907903331,I,K,122,1,0,0.855109736230345,0.4238209432454037
I122R,-0.507477053181615,I,R,122,1,0,0.82764364554923,0.3097521982414069
D123F,-0.3953728213414,D,F,123,1,0,0.8574893375556,0.43061550759392486
D123W,-0.310117226442985,D,W,123,1,0,0.880187073273416,0.5103117505995204
D123Y,-0.106431984598989,D,Y,123,1,0,0.934414526550859,0.7880895283772982
D123P,-0.533019354395132,D,P,123,1,0,0.820843477146675,0.278017585931255
D123I,-1.26728316545773,D,I,123,1,0,0.625359228276986,0.023101518784972023
D123L,-0.493141737426519,D,L,123,1,0,0.831460159982427,0.32973621103117506
D123V,-0.075870604008388,D,V,123,1,0,0.942550932620673,0.8400479616306954
D123A,-0.221286396919798,D,A,123,1,0,0.903836649521334,0.6136690647482015
D123G,-0.0810959469215167,D,G,123,1,0,0.941159781076678,0.8313349320543565
D123C,-0.299460277080683,D,C,123,1,0,0.883024290238143,0.5205435651478817
D123S,-0.0999690604695933,D,S,123,1,0,0.936135161355274,0.7990407673860911
D123T,-0.443775997799856,D,T,123,1,0,0.844602881148066,0.38433253397282174
D123N,0.0247172470693389,D,N,123,1,1,0.96933059984258,0.9725019984012789
D123Q,-0.356457767540995,D,Q,123,1,0,0.867849755633248,0.46738609112709834
D123E,-0.0884526797071057,D,E,123,1,0,0.939201186139737,0.8195843325339728
D123H,-0.25944515108804,D,H,123,1,0,0.893677582325053,0.5661071143085532
D123K,-0.330262298463337,D,K,123,1,0,0.874823817978803,0.4908073541167066
D123R,-0.276393138299701,D,R,123,1,0,0.889165492119859,0.5462829736211031
N124F,-0.599986249097597,N,F,124,1,0,0.803014771832842,0.21294964028776978
N124W,-0.373233868472618,N,W,124,1,0,0.863383426992001,0.4525179856115108
N124Y,-0.294131802399532,N,Y,124,1,0,0.884442898720507,0.5268585131894484
N124P,-0.0335522018632472,N,P,124,1,0,0.953817429664476,0.9139888089528377
N124M,-0.299460277080683,N,M,124,1,0,0.883024290238143,0.5205435651478817
N124I,-0.151981848808828,N,I,124,1,0,0.922287712104849,0.7168665067945643
N124L,-0.526453298497714,N,L,124,1,0,0.822591568889458,0.2853717026378897
N124V,-0.521124823816563,N,V,124,1,0,0.824010177371822,0.2918465227817746
N124A,-0.0627728694695589,N,A,124,1,0,0.946037963793451,0.8607513988808952
N124G,-0.185293409880023,N,G,124,1,0,0.91341912101188,0.6620303756994405
N124C,-0.113032417752415,N,C,124,1,0,0.932657282495286,0.7763389288569145
N124S,-0.0148509745952078,N,S,124,1,0,0.958796287821932,0.93621103117506
N124T,-0.207329230980783,N,T,124,1,0,0.907552488513847,0.632933653077538
N124Q,-0.158926054522328,N,Q,124,1,0,0.920438944921381,0.7047162270183853
N124D,-0.0619821925813881,N,D,124,1,0,0.946248466987608,0.8621902478017586
N124E,-0.321461720925436,N,E,124,1,0,0.8771668100529,0.501119104716227
N124H,-0.0799271202172642,N,H,124,1,0,0.941470959711519,0.834052757793765
N124K,-0.0880401526350166,N,K,124,1,0,0.939311013893211,0.8207833733013589
N124R,-0.248994465261783,N,R,124,1,0,0.896459885413044,0.5784172661870504
N125Y,-0.0350648011275739,N,Y,125,1,0,0.953414727901741,0.9112709832134293
N125P,-0.4370380556224,N,P,125,1,0,0.846396734454797,0.3903277378097522
N125M,-0.0432465880573412,N,M,125,1,0,0.951236477457853,0.8982414068745004
N125I,-0.0927498367080339,N,I,125,1,0,0.938057147041057,0.8133493205435651
N125L,-0.102581731926158,N,L,125,1,0,0.935439585583277,0.7952038369304556
N125V,-0.296641342088074,N,V,125,1,0,0.883774779886877,0.5247002398081535
N125A,-0.0638041871497817,N,A,125,1,0,0.945763394409767,0.8585131894484412
N125G,-0.222798996184124,N,G,125,1,0,0.903433947758599,0.6123101518784972
N125C,-0.0807865516174499,N,C,125,1,0,0.941242151891783,0.8319744204636291
N125S,-0.0639760734298188,N,S,125,1,0,0.94571763284582,0.8583533173461231
N125T,-0.0181511911719206,N,T,125,1,0,0.957917665794146,0.9331734612310152
N125Q,0.0061879060813365,N,Q,125,1,0,0.964397503249071,0.9578737010391687
N125D,-0.0345147650314551,N,D,125,1,0,0.953561164906372,0.9128697042366107
N125E,-0.101275396197875,N,E,125,1,0,0.935787373469276,0.7977617905675459
N125H,0.058578844236653,N,H,125,1,1,0.97834562794018,0.9892885691446842
N125K,0.0209701261645295,N,K,125,1,1,0.968332997748531,0.9701039168665068
N125R,0.0223108391488191,N,R,125,1,1,0.968689937947319,0.9709032773780976
G126F,-0.469421430781395,G,F,126,1,0,0.837775255807142,0.35731414868105515
G126Y,-0.556430265736189,G,Y,126,1,0,0.814610752137065,0.25547561950439646
G126P,-0.528172161298085,G,P,126,1,0,0.822133953249986,0.2831334932054356
G126I,-0.3458351954347,G,I,126,1,0,0.870677820285186,0.47705835331734614
G126L,-0.208669943965073,G,L,126,1,0,0.907195548315059,0.6312549960031975
G126V,-0.0633572828216851,G,V,126,1,0,0.94588237447603,0.8597122302158273
G126A,-0.223039636976176,G,A,126,1,0,0.903369881569073,0.6118305355715428
G126C,-0.039671353432569,G,C,126,1,0,0.952188317987956,0.9034372501998401
G126S,-0.0597820481969129,G,S,126,1,0,0.946834215006132,0.8674660271782574
G126T,-0.620475093678023,G,T,126,1,0,0.797559993410335,0.1968025579536371
G126N,-0.753549451682767,G,N,126,1,0,0.762131390602405,0.12501998401278977
G126Q,-0.384578362955069,G,Q,126,1,0,0.860363163771485,0.4410871302957634
G126D,-0.0784488982089449,G,D,126,1,0,0.941864509161465,0.8358912869704237
G126E,-0.230361992505758,G,E,126,1,0,0.901420438944921,0.6009592326139088
G126R,-0.139021623294029,G,R,126,1,0,0.925738134026468,0.7384492406075139
E127F,-0.0145072020351335,E,F,127,1,0,0.958887810949827,0.9364508393285371
E127W,-0.237203066451236,E,W,127,1,0,0.899599128699822,0.5920863309352518
E127Y,-0.0673794217745539,E,Y,127,1,0,0.944811553879665,0.8519584332533973
E127P,-0.602461411530132,E,P,127,1,0,0.802355805312002,0.20975219824140687
E127I,-0.0566880951562446,E,I,127,1,0,0.947657923157182,0.8735411670663469
E127L,-0.0293581766303413,E,L,127,1,0,0.954934011824788,0.9187849720223821
E127V,0.0093506136340197,E,V,127,1,0,0.9652395160257,0.9610711430855315
E127A,0.0119289078345766,E,A,127,1,1,0.965925939484908,0.9635491606714628
E127G,-0.0551754958919179,E,G,127,1,0,0.948060624919917,0.8754596322941647
E127C,0.0261267145656433,E,C,127,1,1,0.969705844666947,0.9744204636290967
E127S,-0.0014782220083192,E,S,127,1,0,0.962356537497025,0.9502797761790568
E127T,0.0302863625425418,E,T,127,1,1,0.97081327451447,0.9764988009592326
E127N,0.0497095121867372,E,N,127,1,1,0.975984331240504,0.9853717026378896
E127Q,0.0195950359242325,E,Q,127,1,1,0.967966905236953,0.9693045563549161
E127D,0.0305270033345938,E,D,127,1,1,0.970877340703996,0.9766586730615507
E127H,0.0313864347347794,E,H,127,1,1,0.971106148523732,0.9776179056754596
E127K,0.0162260648355048,E,K,127,1,1,0.967069978583588,0.9670663469224621
E127R,0.0383650177042868,E,R,127,1,1,0.972964068019988,0.9806554756195044
I128F,-0.185327787136031,I,F,128,1,0,0.91340996869909,0.6618705035971223
I128W,-0.581800680669669,I,W,128,1,0,0.807856345298457,0.23189448441247001
I128Y,-0.452576575337756,I,Y,128,1,0,0.842259889073969,0.3730615507593925
I128P,-0.504898758981058,I,P,128,1,0,0.828330069008438,0.3134292565947242
I128M,-0.141462408470556,I,M,128,1,0,0.925088319818418,0.7336530775379696
I128L,-0.0752518134002544,I,L,128,1,0,0.942715674250883,0.8409272581934453
I128V,-0.0514283749871085,I,V,128,1,0,0.949058227013966,0.8831334932054357
I128A,-0.409811268864519,I,A,128,1,0,0.853645366184035,0.4181454836131095
I128G,-0.605933514386882,I,G,128,1,0,0.801431421720269,0.207673860911271
I128C,-0.197875485578741,I,C,128,1,0,0.910069374530944,0.6465227817745803
I128S,-0.339097253257245,I,S,128,1,0,0.872471673591916,0.4826538768984812
I128T,-0.201828870019595,I,T,128,1,0,0.909016858560158,0.6411670663469224
I128N,-0.203547732819966,I,N,128,1,0,0.908559242920686,0.6399680255795364
I128Q,-0.451545257657534,I,Q,128,1,0,0.842534458457652,0.374740207833733
I128D,-0.533500635979236,I,D,128,1,0,0.820715344767623,0.2772182254196643
I128E,-0.479803362095637,I,E,128,1,0,0.835011257344731,0.3446842525979217
I128H,-0.428581250644573,I,H,128,1,0,0.848648203400999,0.3974420463629097
I128K,-0.629000653167864,I,K,128,1,0,0.795290219838553,0.1908872901678657
I128R,-0.467874454261061,I,R,128,1,0,0.838187109882667,0.3595523581135092
V129F,-0.415758534153804,V,F,129,1,0,0.852062016071461,0.41079136690647483
V129W,-0.384578362955069,V,W,129,1,0,0.860363163771485,0.4410871302957634
V129Y,-0.614287187596686,V,Y,129,1,0,0.799207409712434,0.20095923261390888
V129P,-0.608271167795387,V,P,129,1,0,0.800809064450586,0.2055955235811351
V129M,-0.28495307504555,V,M,129,1,0,0.886886566235287,0.5370103916866507
V129I,-0.0616384200213138,V,I,129,1,0,0.946339990115502,0.8628297362110312
V129L,-0.207191721956753,V,L,129,1,0,0.907589097765005,0.6334132693844924
V129A,-0.106500739111004,V,A,129,1,0,0.93439622192528,0.7878497202238209
V129G,-0.210491938533466,V,G,129,1,0,0.906710475737219,0.6288569144684253
V129C,-0.111382309464059,V,C,129,1,0,0.93309659350918,0.7796163069544364
V129S,-0.203135205747877,V,S,129,1,0,0.908669070674159,0.6402877697841727
V129T,-0.246347416549211,V,T,129,1,0,0.897164613497831,0.5817745803357314
V129N,-0.272199113066795,V,N,129,1,0,0.890282074280171,0.5499600319744204
V129Q,-0.0356148372236928,V,Q,129,1,0,0.95326829089711,0.9103117505995204
V129D,-0.551514318127127,V,D,129,1,0,0.815919532865955,0.2595523581135092
V129E,-0.21458283199835,V,E,129,1,0,0.905621350515275,0.6228617106314948
V129H,-0.380831242050259,V,H,129,1,0,0.861360765865534,0.44476418864908074
V129K,-0.0400151259926432,V,K,129,1,0,0.952096794860061,0.903277378097522
V129R,0.0012375812162673,V,R,129,1,0,0.963079570207391,0.9521982414068745
Q130F,-0.782323214960982,Q,F,130,1,0,0.754470904797642,0.11063149480415667
Q130W,-0.485406854824848,Q,W,130,1,0,0.833519430360052,0.33940847322142287
Q130Y,-0.413077108185225,Q,Y,130,1,0,0.852775896469037,0.4155075939248601
Q130P,-0.483000446904328,Q,P,130,1,0,0.834160092255313,0.3416466826538769
Q130M,-0.150022345216405,Q,M,130,1,0,0.922809393933847,0.7207034372501998
Q130I,-0.22018632472756,Q,I,130,1,0,0.904129523530596,0.6161470823341327
Q130L,-0.292172298807109,Q,L,130,1,0,0.884964580549505,0.5286970423661072
Q130V,-0.18013682147891,Q,V,130,1,0,0.914791967930296,0.6708233413269384
Q130A,-0.469421430781395,Q,A,130,1,0,0.837775255807142,0.35731414868105515
Q130G,-0.810512564887071,Q,G,130,1,0,0.7469660083103,0.0982414068745004
Q130C,-0.271167795386572,Q,C,130,1,0,0.890556643663854,0.5513988808952838
Q130S,-0.3597236068617,Q,S,130,1,0,0.866980285918251,0.46474820143884893
Q130T,-0.444188524871945,Q,T,130,1,0,0.844493053394593,0.38369304556354916
Q130N,-0.68847330606071,Q,N,130,1,0,0.779456718712819,0.15459632294164669
Q130D,-0.575578397332325,Q,D,130,1,0,0.809512913913346,0.23764988009592325
Q130E,-0.313176802227646,Q,E,130,1,0,0.879372517435156,0.5074340527577937
Q130H,-0.286087524493795,Q,H,130,1,0,0.886584539913236,0.5363709032773781
Q130K,-0.226030458248822,Q,K,130,1,0,0.902573630356391,0.6085531574740208
Q130R,-0.245247344356973,Q,R,130,1,0,0.897457487507093,0.583533173461231
K131F,-0.572896971363746,K,F,131,1,0,0.810226794310922,0.23964828137490007
K131W,-0.3458351954347,K,W,131,1,0,0.870677820285186,0.47705835331734614
K131Y,-0.412320808553061,K,Y,131,1,0,0.852977247350405,0.4163868904876099
K131P,-0.617931176733473,K,P,131,1,0,0.798237264556753,0.1985611510791367
K131M,-0.129774141428031,K,M,131,1,0,0.928200106166828,0.7515587529976019
K131I,-0.387087902643611,K,I,131,1,0,0.859695044937856,0.4390087929656275
K131L,-0.390697514524391,K,L,131,1,0,0.858734052094964,0.4342126298960831
K131V,-0.317302072948537,K,V,131,1,0,0.878274239900423,0.5040767386091127
K131A,-0.549864209838771,K,A,131,1,0,0.816358843879848,0.26235011990407675
K131G,-0.473856096806353,K,G,131,1,0,0.836594607457304,0.3513189448441247
K131C,-0.343978823610299,K,C,131,1,0,0.871172045175816,0.47961630695443647
K131S,-0.506136340197325,K,S,131,1,0,0.828000585748018,0.3117505995203837
K131T,-0.313211179483654,K,T,131,1,0,0.879363365122366,0.5072741806554756
K131N,-0.185534050672075,K,N,131,1,0,0.913355054822354,0.6612310151878498
K131Q,-0.208188662380969,K,Q,131,1,0,0.907323680694111,0.6321342925659472
K131D,-0.520196637904363,K,D,131,1,0,0.824257289817136,0.29312549960031975
K131E,-0.131183608924336,K,E,131,1,0,0.927824861342461,0.7493205435651479
K131H,-0.184777751039912,K,H,131,1,0,0.913556405703721,0.6628297362110311
K131R,-0.0157104059953934,K,R,131,1,0,0.958567480002196,0.9350919264588329
Y132F,-0.109147787823576,Y,F,132,1,0,0.933691493840493,0.7834532374100719
Y132P,-0.599986249097597,Y,P,132,1,0,0.803014771832842,0.21294964028776978
Y132I,-0.485406854824848,Y,I,132,1,0,0.833519430360052,0.33940847322142287
Y132L,-0.438413145862697,Y,L,132,1,0,0.846030641943219,0.38968824940047964
Y132V,-0.611777647908144,Y,V,132,1,0,0.799875528546063,0.20271782573940847
Y132A,-0.543229399429338,Y,A,132,1,0,0.818125240248211,0.266986410871303
Y132G,-0.865791192547011,Y,G,132,1,0,0.732249089344877,0.08233413269384493
Y132C,-0.0526315789473684,Y,C,132,1,0,0.948737896066336,0.8804156674660272
Y132S,-0.299460277080683,Y,S,132,1,0,0.883024290238143,0.5205435651478817
Y132T,-0.443775997799856,Y,T,132,1,0,0.844602881148066,0.38433253397282174
Y132N,-0.146722128639692,Y,N,132,1,0,0.923688015961633,0.7256594724220623
Y132Q,-0.359620475093678,Y,Q,132,1,0,0.86700774285662,0.46514788169464427
Y132D,-0.242944068204476,Y,D,132,1,0,0.898070692463985,0.5866506794564349
Y132H,-0.159854240434529,Y,H,132,1,0,0.920191832476066,0.7023980815347722
Y132R,-0.678022620234453,Y,R,132,1,0,0.782239021800809,0.15939248601119105
R133F,-0.698786482862938,R,F,133,1,0,0.776711024875986,0.1475619504396483
R133W,-0.469421430781395,R,W,133,1,0,0.837775255807142,0.35731414868105515
R133Y,-0.543229399429338,R,Y,133,1,0,0.818125240248211,0.266986410871303
R133P,-0.53037230568256,R,P,133,1,0,0.821548205231462,0.2810551558752998
R133M,-0.493141737426519,R,M,133,1,0,0.831460159982427,0.32973621103117506
R133I,-0.259960809928151,R,I,133,1,0,0.893540297633212,0.5651478816946442
R133L,-0.536422702739867,R,L,133,1,0,0.81993739818052,0.273621103117506
R133V,-0.527003334593833,R,V,133,1,0,0.822445131884827,0.2848121502797762
R133A,-0.885283096703221,R,A,133,1,0,0.727059727993264,0.07785771382893684
R133G,-0.0732923098078311,R,G,133,1,0,0.943237356079881,0.8436450839328538
R133C,-0.583553920726048,R,C,133,1,0,0.807389577346195,0.2290167865707434
R133S,-0.188696758224759,R,S,133,1,0,0.912513042045725,0.658193445243805
R133T,-0.283062325965141,R,T,133,1,0,0.887389943438707,0.5392486011191047
R133N,-0.489875898105813,R,N,133,1,0,0.832329629697424,0.33357314148681055
R133Q,-0.415758534153804,R,Q,133,1,0,0.852062016071461,0.41079136690647483
R133D,-0.753549451682767,R,D,133,1,0,0.762131390602405,0.12501998401278977
R133E,-0.505311286053147,R,E,133,1,0,0.828220241254965,0.31270983213429254
R133H,-0.291484753686961,R,H,133,1,0,0.885147626805293,0.5294964028776978
R133K,-0.23421224517859,R,K,133,1,0,0.900395379912504,0.5952038369304556
K134F,-0.51541819931933,K,F,134,1,0,0.825529461294869,0.29840127897681856
K134Y,-0.536422702739867,K,Y,134,1,0,0.81993739818052,0.273621103117506
K134P,-0.595723469352676,K,P,134,1,0,0.804149658618733,0.21678657074340527
K134M,-0.165767128467806,K,M,134,1,0,0.918617634676282,0.6929656274980016
K134I,-0.523943758809172,K,I,134,1,0,0.823259687723087,0.28992805755395684
K134L,-0.546048334421946,K,L,134,1,0,0.817374750599476,0.26458832933653076
K134V,-0.596789164288906,K,V,134,1,0,0.80386593692226,0.21614708233413268
K134A,-0.570456186187218,K,A,134,1,0,0.810876608518973,0.24156674660271782
K134G,-0.50073911100416,K,G,134,1,0,0.829437498855961,0.318705035971223
K134C,-0.581800680669669,K,C,134,1,0,0.807856345298457,0.23189448441247001
K134S,-0.508130221045756,K,S,134,1,0,0.827469751606231,0.3085531574740208
K134T,-0.375090240297019,K,T,134,1,0,0.862889202101371,0.44972022382094323
K134N,-0.167451614012169,K,N,134,1,0,0.9181691713496,0.6906474820143885
K134Q,-0.335590773144488,K,Q,134,1,0,0.873405209496439,0.48665067945643486
K134D,-0.3458351954347,K,D,134,1,0,0.870677820285186,0.47705835331734614
K134E,-0.06689814019045,K,E,134,1,0,0.944939686258718,0.8532374100719424
K134H,-0.433153425693561,K,H,134,1,0,0.847430945800003,0.39392486011191047
K134R,-0.151947471552821,K,R,134,1,0,0.922296864417638,0.7171063149480416
I135F,-0.103853690398432,I,F,135,1,0,0.935100950010068,0.7928057553956834
I135W,-0.893086733816907,I,W,135,1,0,0.72498215299006,0.0753796962430056
I135Y,-0.566984083330469,I,Y,135,1,0,0.811800992110706,0.24412470023980815
I135P,-0.598576781601293,I,P,135,1,0,0.803390016657209,0.21422861710631494
I135M,-0.0775550895527519,I,M,135,1,0,0.942102469293991,0.8371702637889689
I135L,0.0035408573687648,I,L,135,1,0,0.963692775164284,0.9544364508393285
I135V,-0.108494619959435,I,V,135,1,0,0.933865387783493,0.7843325339728218
I135A,-0.592423252775963,I,A,135,1,0,0.805028280646519,0.2214228617106315
I135G,-0.496407576747224,I,G,135,1,0,0.83059069026743,0.32414068745004
I135C,-0.635772972601327,I,C,135,1,0,0.793487214219033,0.1852917665867306
I135S,-0.369830520127883,I,S,135,1,0,0.864289505958156,0.4556354916067146
I135T,-0.222867750696139,I,T,135,1,0,0.90341564313302,0.6121502797761791
I135N,-0.131252363436351,I,N,135,1,0,0.927806556716882,0.7490807354116706
I135Q,-0.666678125752002,I,Q,135,1,0,0.785259285021325,0.16642685851318945
I135D,-0.507477053181615,I,D,135,1,0,0.82764364554923,0.3097521982414069
I135E,-0.587954209494998,I,E,135,1,0,0.806218081309147,0.22430055955235811
I135H,-0.562927567121592,I,H,135,1,0,0.81288096501986,0.24916067146282975
I135K,-0.51541819931933,I,K,135,1,0,0.825529461294869,0.29840127897681856
I135R,-0.535081989755578,I,R,135,1,0,0.820294338379308,0.27577937649880097
I136F,0.0195606586682251,I,F,136,1,1,0.967957752924164,0.9691446842525979
I136W,-0.246072398501152,I,W,136,1,0,0.897237832000146,0.5821742605915268
I136Y,-0.224174086424422,I,Y,136,1,0,0.903067855247021,0.6113509192645883
I136P,-0.582110075973736,I,P,136,1,0,0.807773974483352,0.2313349320543565
I136M,0.0114476262504726,I,M,136,1,1,0.965797807105856,0.9632294164668266
I136L,0.0455842414658461,I,L,136,1,1,0.974886053705771,0.9832933653077538
I136V,-0.0128227164907697,I,V,136,1,0,0.95933627427651,0.9381294964028777
I136A,-0.117742101825432,I,A,136,1,0,0.931403415643133,0.7701039168665068
I136G,-0.528997215442263,I,G,136,1,0,0.82191429774304,0.28249400479616305
I136C,0.0278112001100072,I,C,136,1,1,0.97015430799363,0.9752997601918465
I136S,-0.0773488260167073,I,S,136,1,0,0.942157383170727,0.8375699440447641
I136T,-0.25703874316752,I,T,136,1,0,0.894318244220314,0.5673860911270984
I136N,-0.0939874179243012,I,N,136,1,0,0.937727663780637,0.8111910471622702
I136Q,-0.492144797002303,I,Q,136,1,0,0.831725577053321,0.330775379696243
I136D,-0.476778163566984,I,D,136,1,0,0.835816660870202,0.34884092725819343
I136E,-0.60074254872976,I,E,136,1,0,0.802813420951475,0.2123101518784972
I136H,-0.0884870569631132,I,H,136,1,0,0.939192033826948,0.8193445243804957
I136K,-0.462614734091925,I,K,136,1,0,0.839587413739452,0.36386890487609913
I136R,-0.563305716937674,I,R,136,1,0,0.812780289579177,0.24876099120703438
P137F,-0.5638901302898,P,F,137,1,0,0.812624700261756,0.24732214228617105
P137W,-0.553645707999587,P,W,137,1,0,0.81535208947301,0.2580335731414868
P137Y,-0.662071573447007,P,Y,137,1,0,0.78648569493511,0.16938449240607514
P137M,-0.487366358417271,P,M,137,1,0,0.832997748531054,0.33733013589128696
P137I,-0.557736601464471,P,I,137,1,0,0.814262964251066,0.2533972821742606
P137L,-0.345903949946715,P,L,137,1,0,0.870659515659607,0.47641886490807356
P137V,-0.493141737426519,P,V,137,1,0,0.831460159982427,0.32973621103117506
P137A,-0.405685998143628,P,A,137,1,0,0.854743643718768,0.42158273381294964
P137G,-0.541544913884974,P,G,137,1,0,0.818573703574893,0.2685851318944844
P137C,-0.571831276427516,P,C,137,1,0,0.810510516007395,0.24036770583533174
P137S,-0.35384509608443,P,S,137,1,0,0.868545331405246,0.46906474820143884
P137T,-0.257107497679535,P,T,137,1,0,0.894299939594736,0.567066346922462
P137N,-0.577812918972808,P,N,137,1,0,0.808918013582032,0.2354116706634692
P137Q,-0.261060882120389,P,Q,137,1,0,0.89324742362395,0.5643485211830536
P137D,-0.599161194953419,P,D,137,1,0,0.803234427339788,0.21390887290167865
P137E,-0.546048334421946,P,E,137,1,0,0.817374750599476,0.26458832933653076
P137H,-0.520781051256489,P,H,137,1,0,0.824101700499716,0.292326139088729
P137K,-0.552064354223246,P,K,137,1,0,0.815773095861324,0.2589928057553957
P137R,-0.497645157963491,P,R,137,1,0,0.83026120700701,0.32214228617106316
W138F,-0.199663102891127,W,F,138,1,0,0.909593454265893,0.6441247002398082
W138Y,-0.225136649592629,W,Y,138,1,0,0.902811590488917,0.6107913669064748
W138P,-0.513905600055004,W,P,138,1,0,0.825932163057604,0.3015187849720224
W138M,-0.469421430781395,W,M,138,1,0,0.837775255807142,0.35731414868105515
W138I,-0.424696620715735,W,I,138,1,0,0.849682414746206,0.4006394884092726
W138L,-0.220495720031627,W,L,138,1,0,0.904047152715491,0.6158273381294964
W138V,-0.475506205094709,W,V,138,1,0,0.836155296443411,0.3500399680255795
W138A,-0.430643886005019,W,A,138,1,0,0.848099064633633,0.39664268585131895
W138G,-0.249578878613909,W,G,138,1,0,0.896304296095623,0.5771382893685052
W138C,-0.15208498057685,W,C,138,1,0,0.922260255166481,0.716466826538769
W138S,-0.333528137784042,W,S,138,1,0,0.873954348263806,0.48776978417266187
W138T,-0.601980129946028,W,T,138,1,0,0.802483937691054,0.2108713029576339
W138N,-0.693664271717831,W,N,138,1,0,0.778074719481613,0.1513189448441247
W138Q,-0.548557874110488,W,Q,138,1,0,0.816706631765847,0.2628297362110312
W138D,-0.421602667675066,W,D,138,1,0,0.850506122897256,0.4049560351718625
W138E,-0.479115816975489,W,E,138,1,0,0.83519430360052,0.34612310151878495
W138H,-0.566124651930283,W,H,138,1,0,0.812029799930442,0.24476418864908073
W138K,-0.637457458145691,W,K,138,1,0,0.79303875089235,0.18465227817745802
W138R,-0.177352263742308,W,R,138,1,0,0.915533305266241,0.6748201438848921
C139F,-0.113960603664616,C,F,139,1,0,0.932410170049971,0.7752198241406875
C139W,-0.132318058372581,C,W,139,1,0,0.927522835020409,0.748361310951239
C139Y,-0.110213482759806,C,Y,139,1,0,0.933407772144021,0.7814548361310951
C139P,-0.441782116951425,C,P,139,1,0,0.845133715289854,0.3872102318145484
C139M,-0.50287050087662,C,M,139,1,0,0.828870055463015,0.31678657074340527
C139I,-0.47162157516587,C,I,139,1,0,0.837189507788618,0.35299760191846524
C139L,-0.530819210010657,C,L,139,1,0,0.821429225165199,0.2800959232613909
C139V,-0.183574547079652,C,V,139,1,0,0.913876736651352,0.6641087130295763
C139A,-0.175564646429922,C,A,139,1,0,0.916009225531292,0.6778577138289369
C139G,-0.183987074151741,C,G,139,1,0,0.913766908897878,0.6636290967226219
C139S,-0.167004709684073,C,S,139,1,0,0.918288151415863,0.6916067146282974
C139T,-0.0328646567430987,C,T,139,1,0,0.954000475920265,0.9147082334132693
C139N,-0.357901612293307,C,N,139,1,0,0.867465358496092,0.4657074340527578
C139Q,-0.449654508577125,C,Q,139,1,0,0.843037835661071,0.37889688249400477
C139D,-0.221011378871738,C,D,139,1,0,0.90390986802365,0.6146282973621103
C139E,-0.618721853621644,C,E,139,1,0,0.798026761362596,0.1976818545163869
C139H,-0.490597820481969,C,H,139,1,0,0.832137431128846,0.33301358912869705
C139K,-0.56536835229812,C,K,139,1,0,0.81223115081181,0.2457234212629896
C139R,-0.263157894736842,C,R,139,1,0,0.892689132543794,0.5620303756994405
P140F,-0.367389734951356,P,F,140,1,0,0.864939320166206,0.4578737010391687
P140Y,-0.460345835195435,P,Y,140,1,0,0.840191466383555,0.36706634692246204
P140I,-0.385953453195366,P,I,140,1,0,0.859997071259907,0.4394884092725819
P140L,-0.0996940424215339,P,L,140,1,0,0.93620837985759,0.7996802557953637
P140V,-0.701364777063495,P,V,140,1,0,0.776024601416778,0.14564348521183054
P140A,-0.260957750352367,P,A,140,1,0,0.893274880562318,0.5645083932853717
P140G,-0.545120148509746,P,G,140,1,0,0.817621863044791,0.26506794564348524
P140C,-0.662071573447007,P,C,140,1,0,0.78648569493511,0.16938449240607514
P140S,-0.152153735088865,P,S,140,1,0,0.922241950540902,0.7160671462829736
P140T,-0.210320052253429,P,T,140,1,0,0.906756237301166,0.6290967226219025
P140N,-1.203685241844,P,N,140,1,0,0.642291006937452,0.027817745803357313
P140Q,-0.122589294922479,P,Q,140,1,0,0.930112939539822,0.7630695443645084
P140D,-0.376534085049331,P,D,140,1,0,0.862504804964214,0.448361310951239
P140E,-0.556430265736189,P,E,140,1,0,0.814610752137065,0.25547561950439646
P140H,-0.54426071710956,P,H,140,1,0,0.817850670864527,0.26578737010391684
P140K,-0.629000653167864,P,K,140,1,0,0.795290219838553,0.1908872901678657
P140R,-0.258757605967892,P,R,140,1,0,0.893860628580842,0.5662669864108713
I141F,-0.117398329265358,I,F,141,1,0,0.931494938771027,0.771382893685052
I141W,-0.411530131664891,I,W,141,1,0,0.853187750544562,0.41710631494804157
I141Y,-0.340300457217505,I,Y,141,1,0,0.872151342644286,0.48201438848920863
I141P,-0.479322080511534,I,P,141,1,0,0.835139389723783,0.3458033573141487
I141M,-0.0658324452542198,I,M,141,1,0,0.94522340795519,0.8546762589928057
I141L,-0.186049709512187,I,L,141,1,0,0.913217770130512,0.6607513988808953
I141V,0.0070817147375296,I,V,141,1,0,0.964635463381596,0.9590727418065548
I141A,-0.145347038399395,I,A,141,1,0,0.924054108473211,0.7283772981614708
I141G,-0.378046684313658,I,G,141,1,0,0.862102103201479,0.44684252597921664
I141C,-0.301316648905084,I,C,141,1,0,0.882530065347513,0.5190247801758593
I141S,-0.244903571796899,I,S,141,1,0,0.897549010634987,0.5838529176658673
I141T,-0.0819210010656949,I,T,141,1,0,0.940940125569731,0.8298960831334932
I141N,-0.196225377290385,I,N,141,1,0,0.910508685544837,0.6492406075139888
I141Q,-0.264189212417065,I,Q,141,1,0,0.892414563160111,0.5607513988808953
I141D,-0.506651999037437,I,D,141,1,0,0.827863301056177,0.3108713029576339
I141E,-0.181099384647117,I,E,141,1,0,0.914535703172192,0.6688249400479617
I141H,-0.363367595998487,I,H,141,1,0,0.866010140762571,0.46250999200639487
I141K,-0.283234212245179,I,K,141,1,0,0.887344181874759,0.5389288569144685
I141R,-0.218329952903159,I,R,141,1,0,0.904623748421226,0.6183852917665867
E142F,-0.525146962769432,E,F,142,1,0,0.822939356775457,0.2865707434052758
E142W,-0.581800680669669,E,W,142,1,0,0.807856345298457,0.23189448441247001
E142Y,-0.573962666299976,E,Y,142,1,0,0.80994307261445,0.23852917665867307
E142P,-0.533810031283303,E,P,142,1,0,0.820632973952518,0.2765787370103917
E142M,-0.476056241190828,E,M,142,1,0,0.83600885943878,0.349480415667466
E142I,-0.566468424490357,E,I,142,1,0,0.811938276802548,0.24444444444444444
E142L,-0.527622125201966,E,L,142,1,0,0.822280390254617,0.2840927258193445
E142V,-0.26504864381725,E,V,142,1,0,0.892185755340375,0.5585931254996003
E142A,-0.479047062463474,E,A,142,1,0,0.835212608226099,0.3466027178257394
E142G,-0.239471965347726,E,G,142,1,0,0.898995076055719,0.5907274180655475
E142C,-0.537935302004194,E,C,142,1,0,0.819534696417784,0.2719424460431655
E142S,-0.569424868506996,E,S,142,1,0,0.811151177902656,0.2425259792166267
E142T,-0.505620681357214,E,T,142,1,0,0.82813787043986,0.31254996003197444
E142N,-0.477156313383066,E,N,142,1,0,0.835715985429518,0.348361310951239
E142Q,-0.375055863041012,E,Q,142,1,0,0.86289835441416,0.4498800959232614
E142D,-0.241053319124067,E,D,142,1,0,0.898574069667405,0.5892885691446843
E142H,-0.514524390663137,E,H,142,1,0,0.825767421427395,0.3008792965627498
E142K,-0.288803327718381,E,K,142,1,0,0.88586150720287,0.5334132693844924
E142R,-0.542060572725085,E,R,142,1,0,0.818436418883052,0.26810551558753
G143F,0.017051118979683,G,F,143,1,1,0.967289634090534,0.9680255795363709
G143Y,-0.0584069579566159,G,Y,143,1,0,0.94720030751771,0.8717026378896883
G143P,-0.0044690432809653,G,P,143,1,0,0.961560286284344,0.9477218225419665
G143I,-0.0695795661590291,G,I,143,1,0,0.944225805861141,0.8495603517186251
G143L,-0.0640448279418336,G,L,143,1,0,0.945699328220241,0.8578737010391687
G143V,-0.0485750627384922,G,V,143,1,0,0.94981786897549,0.8887290167865708
G143A,-0.0020282581044381,G,A,143,1,0,0.962210100492394,0.9498001598721023
G143C,0.005981642545292,G,C,143,1,0,0.964342589372334,0.9574740207833733
G143S,0.0028189349926088,G,S,143,1,0,0.963500576595706,0.9539568345323741
G143T,-0.029495685654371,G,T,143,1,0,0.95489740257363,0.9184652278177458
G143N,0.0012032039602598,G,N,143,1,0,0.963070417894602,0.9520383693045563
G143Q,0.0297707037024304,G,Q,143,1,1,0.970675989822628,0.9763389288569144
G143D,-0.120457905050019,G,D,143,1,0,0.930680382932767,0.7662669864108713
G143E,-0.079102066073086,G,E,143,1,0,0.941690615218466,0.8352517985611511
G143H,-0.0052940974251435,G,H,143,1,0,0.961340630777397,0.947242206235012
G143K,-0.0978032933411255,G,K,143,1,0,0.936711757061009,0.8041566746602717
G143R,-0.0626353604455292,G,R,143,1,0,0.946074573044608,0.8609112709832134
W144F,-0.509986592870157,W,F,144,1,0,0.826975526715601,0.30719424460431655
W144Y,-0.519715356320259,W,Y,144,1,0,0.824385422196189,0.29376498800959233
W144P,-0.516862044071642,W,P,144,1,0,0.825145064157712,0.2965627498001599
W144M,-0.3458351954347,W,M,144,1,0,0.870677820285186,0.47705835331734614
W144I,-0.306301351026161,W,I,144,1,0,0.881202979993044,0.5141486810551559
W144L,-0.206882326652686,W,L,144,1,0,0.90767146858011,0.6336530775379696
W144V,-0.584894633710337,W,V,144,1,0,0.807032637147407,0.2272581934452438
W144A,-0.605933514386882,W,A,144,1,0,0.801431421720269,0.207673860911271
W144G,-0.284231152669394,W,G,144,1,0,0.887078764803866,0.5375699440447642
W144C,-0.125030080099007,W,C,144,1,0,0.929463125331771,0.7588329336530776
W144S,-0.32634329127849,W,S,144,1,0,0.8758671816368,0.49576338928856917
W144T,-0.572278180755612,W,T,144,1,0,0.810391535941132,0.23980815347721823
W144N,-0.617587404173399,W,N,144,1,0,0.798328787684648,0.19896083133493206
W144Q,-0.492076042490288,W,Q,144,1,0,0.8317438816789,0.33093525179856115
W144E,-0.56749974217058,W,E,144,1,0,0.811663707418865,0.24380495603517185
W144H,-0.556430265736189,W,H,144,1,0,0.814610752137065,0.25547561950439646
W144K,-0.824469730826085,W,K,144,1,0,0.743250169317787,0.09280575539568345
W144R,-0.214823472790402,W,R,144,1,0,0.905557284325749,0.6223820943245404
Y145F,-0.0119289078345766,Y,F,145,1,0,0.959574234409035,0.9394084732214228
Y145W,-0.50287050087662,Y,W,145,1,0,0.828870055463015,0.31678657074340527
Y145P,-0.489875898105813,Y,P,145,1,0,0.832329629697424,0.33357314148681055
Y145M,-0.653958541029255,Y,M,145,1,0,0.788645640753418,0.17545963229416467
Y145I,-0.602977070370243,Y,I,145,1,0,0.802218520620161,0.20951239008792966
Y145L,-0.593110797896112,Y,L,145,1,0,0.80484523439073,0.22030375699440446
Y145V,-0.583553920726048,Y,V,145,1,0,0.807389577346195,0.2290167865707434
Y145A,-0.526247034961669,Y,A,145,1,0,0.822646482766195,0.28553157474020785
Y145G,-0.621884561174327,Y,G,145,1,0,0.797184748585967,0.19552358113509194
Y145C,-0.0792739523531231,Y,C,145,1,0,0.941644853654518,0.8345323741007195
Y145S,-0.331809274983671,Y,S,145,1,0,0.874411963903278,0.49000799360511593
Y145T,-0.225652308432741,Y,T,145,1,0,0.902674305797075,0.6097521982414069
Y145N,-0.133865034892915,Y,N,145,1,0,0.927110980944885,0.7456434852118305
Y145Q,-0.491079102066073,Y,Q,145,1,0,0.832009298749794,0.33237410071942447
Y145D,-0.235037299322768,Y,D,145,1,0,0.900175724405557,0.5940847322142286
Y145E,-0.67125030080099,Y,E,145,1,0,0.784042027420329,0.1633892885691447
Y145H,-0.152806902953006,Y,H,145,1,0,0.922068056597902,0.7151079136690648
Y145K,-0.50073911100416,Y,K,145,1,0,0.829437498855961,0.318705035971223
Y145R,-0.448623190896902,Y,R,145,1,0,0.843312405044755,0.37937649880095925
P146F,-0.656674344253842,P,F,146,1,0,0.787922608043052,0.17298161470823342
P146W,-0.693664271717831,P,W,146,1,0,0.778074719481613,0.1513189448441247
P146Y,-0.524562549417306,P,Y,146,1,0,0.823094946092878,0.28792965627498
P146M,-0.493141737426519,P,M,146,1,0,0.831460159982427,0.32973621103117506
P146I,-0.357282821685173,P,I,146,1,0,0.867630100126302,0.46634692246203036
P146L,-0.22032383375159,P,L,146,1,0,0.904092914279438,0.6159872102318146
P146V,-0.485406854824848,P,V,146,1,0,0.833519430360052,0.33940847322142287
P146A,-0.42569356113995,P,A,146,1,0,0.849416997675312,0.39936051159072744
P146G,-0.616521709237169,P,G,146,1,0,0.79861250938112,0.19960031974420464
P146C,-0.509195915981986,P,C,146,1,0,0.827186029909758,0.30767386091127097
P146S,-0.280518409020592,P,S,146,1,0,0.888067214585126,0.5422062350119904
P146T,-0.183368283543608,P,T,146,1,0,0.913931650528088,0.6647482014388489
P146N,-0.4638866925642,P,N,146,1,0,0.839248778166242,0.3627498001598721
P146Q,-0.146309601567603,P,Q,146,1,0,0.923797843715107,0.7264588329336531
P146D,-0.493141737426519,P,D,146,1,0,0.831460159982427,0.32973621103117506
P146E,-0.450995221561415,P,E,146,1,0,0.842680895462283,0.3776978417266187
P146H,-0.52490632197738,P,H,146,1,0,0.823003422964983,0.2871302957633893
P146K,-0.648492557324074,P,K,146,1,0,0.79010085848694,0.17969624300559553
P146R,-0.296022551479941,P,R,146,1,0,0.883939521517087,0.5250199840127898
G147F,-0.475506205094709,G,F,147,1,0,0.836155296443411,0.3500399680255795
G147W,-0.448451304616865,G,W,147,1,0,0.843358166608702,0.37953637090327735
G147Y,-0.538691601636357,G,Y,147,1,0,0.819333345536417,0.2713029576338929
G147P,-0.5837945615181,G,P,147,1,0,0.807325511156669,0.2284572342126299
G147M,-0.506033208429303,G,M,147,1,0,0.828028042686387,0.31191047162270186
G147I,-0.542541854309189,G,I,147,1,0,0.818308286503999,0.26778577138289367
G147L,-0.514902540479219,G,L,147,1,0,0.825666745986711,0.3003996802557954
G147V,-0.288803327718381,G,V,147,1,0,0.88586150720287,0.5334132693844924
G147A,-0.481350338615972,G,A,147,1,0,0.834599403269206,0.3435651478816946
G147C,-0.192615765409605,G,C,147,1,0,0.911469678387728,0.6533972821742606
G147S,-0.302210457561277,G,S,147,1,0,0.882292105214988,0.5181454836131095
G147T,-0.646429921963629,G,T,147,1,0,0.790649997254306,0.1803357314148681
G147N,-0.582866375605899,G,N,147,1,0,0.807572623601984,0.22989608313349322
G147Q,-0.614287187596686,G,Q,147,1,0,0.799207409712434,0.20095923261390888
G147D,-0.212829591941971,G,D,147,1,0,0.906088118467537,0.625259792166267
G147E,-0.39111004159648,G,E,147,1,0,0.858624224341491,0.43389288569144685
G147H,-0.608271167795387,G,H,147,1,0,0.800809064450586,0.2055955235811351
G147K,-0.483859878304514,G,K,147,1,0,0.833931284435577,0.3404476418864908
G147R,-0.429440682044759,G,R,147,1,0,0.848419395581263,0.3971223021582734
G148F,-0.0510158479150194,G,F,148,1,0,0.94916805476744,0.8836131095123901
G148W,-0.50073911100416,G,W,148,1,0,0.829437498855961,0.318705035971223
G148Y,-0.268555123930008,G,Y,148,1,0,0.891252219435851,0.5557154276578737
G148P,-0.467118154628898,G,P,148,1,0,0.838388460764035,0.3597122302158273
G148M,-0.0584413352126233,G,M,148,1,0,0.94719115520492,0.871462829736211
G148I,-0.13939977311011,G,I,148,1,0,0.925637458585785,0.7374900079936051
G148L,-0.112448004400289,G,L,148,1,0,0.932812871812707,0.7776179056754596
G148V,-0.0664856131183608,G,V,148,1,0,0.945049514012191,0.8541966426858513
G148A,0.0106569493623019,G,A,148,1,1,0.965587303911698,0.9622701838529176
G148C,-0.0330709202791433,G,C,148,1,0,0.953945562043528,0.9143085531574741
G148S,0.0285331224861631,G,S,148,1,1,0.970346506562208,0.9758593125499601
G148T,0.0409089346488363,G,T,148,1,1,0.973641339166407,0.9816147082334132
G148N,0.0622915878854549,G,N,148,1,1,0.97933407772144,0.990087929656275
G148Q,0.0044002887689504,G,Q,148,1,0,0.96392158298402,0.9554756195043965
G148D,0.0305957578466086,G,D,148,1,1,0.970895645329575,0.976898481215028
G148E,0.0134415070989033,G,E,148,1,1,0.966328641247643,0.9649880095923261
G148H,0.0008594314001856,G,H,148,1,0,0.962978894766707,0.9518784972022382
G148K,0.0320396025989205,G,K,148,1,1,0.971280042466731,0.9780975219824141
G148R,-0.0132696208188662,G,R,148,1,0,0.959217294210247,0.9379696243005595
Q149F,-0.326446423046512,Q,F,149,1,0,0.875839724698431,0.495603517186251
Q149W,-0.493141737426519,Q,W,149,1,0,0.831460159982427,0.32973621103117506
Q149Y,-0.251950909278421,Q,Y,149,1,0,0.895672786513152,0.5740207833733013
Q149P,-0.35532331809275,Q,P,149,1,0,0.8681517819553,0.46842525979216626
Q149M,-0.0835023548420365,Q,M,149,1,0,0.940519119181417,0.8270183852917666
Q149I,-0.325621368902334,Q,I,149,1,0,0.876059380205378,0.4964828137490008
Q149L,-0.181615043487229,Q,L,149,1,0,0.91439841848035,0.6674660271782574
Q149V,-0.253119735982674,Q,V,149,1,0,0.895361607878311,0.5721822541966427
Q149A,-0.029736326446423,Q,A,149,1,0,0.954833336384104,0.9177458033573141
Q149G,-0.0669668947024648,Q,G,149,1,0,0.944921381633139,0.8530775379696243
Q149C,-0.0652480319020935,Q,C,149,1,0,0.945378997272611,0.8554756195043964
Q149S,-0.0095912544260717,Q,S,149,1,0,0.960196591678717,0.9422062350119904
Q149T,-0.0033345938327202,Q,T,149,1,0,0.961862312606396,0.9487609912070344
Q149N,-0.0099006497301385,Q,N,149,1,0,0.960114220863612,0.9416466826538769
Q149D,-0.137852796589776,Q,D,149,1,0,0.926049312661309,0.7410071942446043
Q149E,-0.0247172470693389,Q,E,149,1,0,0.956169574051363,0.9248601119104716
Q149H,-0.0707140156072742,Q,H,149,1,0,0.943923779539089,0.8481215027977618
Q149K,-0.022792120732923,Q,K,149,1,0,0.956682103567571,0.9280575539568345
Q149R,-0.0497095121867372,Q,R,149,1,0,0.949515842653439,0.8865707434052758
T150F,-0.577847296228815,T,F,150,1,0,0.808908861269243,0.235171862509992
T150W,-0.729038468149472,T,W,150,1,0,0.768656989621277,0.13573141486810553
T150Y,-0.546048334421946,T,Y,150,1,0,0.817374750599476,0.26458832933653076
T150P,-0.4152772525697,T,P,150,1,0,0.852190148450513,0.4119904076738609
T150M,-0.453882911066039,T,M,150,1,0,0.84191210118797,0.37170263788968827
T150I,-0.220908247103716,T,I,150,1,0,0.903937324962018,0.6150279776179057
T150L,-0.498126439547595,T,L,150,1,0,0.830133074627958,0.3210231814548361
T150V,-0.303276152497508,T,V,150,1,0,0.882008383518515,0.5175059952038369
T150A,-0.271408436178624,T,A,150,1,0,0.890492577474328,0.5512390087929656
T150G,-0.542301213517137,T,G,150,1,0,0.818372352693526,0.2679456434852118
T150C,-0.462030320739799,T,C,150,1,0,0.839743003056872,0.36466826538768987
T150S,-0.269758327890268,T,S,150,1,0,0.890931888488221,0.5545163868904877
T150N,-0.529203478978308,T,N,150,1,0,0.821859383866303,0.28233413269384494
T150Q,-0.483172333184365,T,Q,150,1,0,0.834114330691365,0.3413269384492406
T150D,-0.526831448313796,T,D,150,1,0,0.822490893448774,0.28505195843325337
T150E,-0.6967582247585,T,E,150,1,0,0.777251011330563,0.14948041566746603
T150H,-0.480697170751831,T,H,150,1,0,0.834773297212205,0.3437250199840128
T150K,-0.284093643645364,T,K,150,1,0,0.887115374055024,0.5378097521982415
T150R,-0.422324590051222,T,R,150,1,0,0.850313924328678,0.40335731414868103
Y151F,0.0032314620646979,Y,F,151,1,0,0.963610404349179,0.9542765787370104
Y151W,-0.176767850390182,Y,W,151,1,0,0.915688894583661,0.6759392486011191
Y151P,-0.65495548145347,Y,P,151,1,0,0.788380223682524,0.174740207833733
Y151M,-0.343635051050225,Y,M,151,1,0,0.87126356830371,0.47977617905675457
Y151I,-0.456598714290625,Y,I,151,1,0,0.841189068477604,0.36922462030375697
Y151L,-0.408436178624222,Y,L,151,1,0,0.854011458695612,0.4196642685851319
Y151V,-0.573790780019939,Y,V,151,1,0,0.809988834178397,0.2386890487609912
Y151A,-0.504176836604902,Y,A,151,1,0,0.828522267577017,0.3144684252597922
Y151G,-0.51541819931933,Y,G,151,1,0,0.825529461294869,0.29840127897681856
Y151C,-0.154560143009385,Y,C,151,1,0,0.921601288645641,0.71207034372502
Y151S,-0.384922135515143,Y,S,151,1,0,0.86027164064359,0.4401278976818545
Y151T,-0.224655368008525,Y,T,151,1,0,0.902939722867969,0.6110311750599521
Y151N,-0.256969988655505,Y,N,151,1,0,0.894336548845893,0.5675459632294164
Y151Q,-0.501392278868301,Y,Q,151,1,0,0.829263604912961,0.3176658673061551
Y151D,-0.356457767540995,Y,D,151,1,0,0.867849755633248,0.46738609112709834
Y151E,-0.43930695451889,Y,E,151,1,0,0.845792681810694,0.38928856914468424
Y151H,-0.118326515177559,Y,H,151,1,0,0.931247826325712,0.7688249400479616
Y151K,-0.512599264326721,Y,K,151,1,0,0.826279950943603,0.3031974420463629
Y151R,-0.51449001340713,Y,R,151,1,0,0.825776573740184,0.30103916866506797
V152F,-0.277630719515968,V,F,152,1,0,0.888836008859439,0.5454836131095124
V152W,-0.415758534153804,V,W,152,1,0,0.852062016071461,0.41079136690647483
V152Y,-0.486094399944996,V,Y,152,1,0,0.833336384104263,0.3381294964028777
V152P,-0.530544191962597,V,P,152,1,0,0.821502443667515,0.28073541167066346
V152M,-0.368042902815497,V,M,152,1,0,0.864765426223207,0.45715427657873703
V152I,-0.154285124961325,V,I,152,1,0,0.921674507147956,0.7125499600319745
V152L,-0.377152875657465,V,L,152,1,0,0.862340063334004,0.4475619504396483
V152A,-0.187252913472447,V,A,152,1,0,0.912897439182881,0.659312549960032
V152G,-0.303826188593626,V,G,152,1,0,0.881861946513884,0.5171862509992007
V152C,-0.0111726082024132,V,C,152,1,0,0.959775585290403,0.9405275779376499
V152S,-0.456358073498573,V,S,152,1,0,0.84125313466713,0.3697841726618705
V152T,-0.400632541510537,V,T,152,1,0,0.856089033698815,0.42581934452438047
V152N,-0.521537350888652,V,N,152,1,0,0.823900349618348,0.2912869704236611
V152Q,-0.512324246278662,V,Q,152,1,0,0.826353169445919,0.3036770583533173
V152D,-0.185087146343979,V,D,152,1,0,0.913474034888616,0.6625099920063949
V152E,-0.608271167795387,V,E,152,1,0,0.800809064450586,0.2055955235811351
V152H,-0.618721853621644,V,H,152,1,0,0.798026761362596,0.1976818545163869
V152K,-0.573343875691842,V,K,152,1,0,0.810107814244659,0.2390087929656275
V152R,-0.548214101550414,V,R,152,1,0,0.816798154893741,0.26298960831334933
S153F,-0.0919247825638557,S,F,153,1,0,0.938276802548004,0.8140687450039968
S153W,-0.208669943965073,S,W,153,1,0,0.907195548315059,0.6312549960031975
S153Y,-0.164976451579635,S,Y,153,1,0,0.91882813787044,0.6941646682653877
S153P,-0.210113788717384,S,P,153,1,0,0.906811151177903,0.6292565947242206
S153M,-0.708996527897143,S,M,153,1,0,0.773992787977522,0.14412470023980814
S153I,-0.724053766028396,S,I,153,1,0,0.769984074975746,0.13717026378896882
S153L,-0.538313451820276,S,L,153,1,0,0.819434020977101,0.27162270183852916
S153V,-0.531678641410843,S,V,153,1,0,0.821200417345463,0.2789768185451639
S153A,-0.174842724053766,S,A,153,1,0,0.91620142409987,0.6789768185451639
S153G,-0.373233868472618,S,G,153,1,0,0.863383426992001,0.4525179856115108
S153C,-0.0726735191996974,S,C,153,1,0,0.943402097710091,0.8449240607513989
S153T,-0.0118601533225617,S,T,153,1,0,0.959592539034614,0.9398880895283773
S153N,-0.210698202069511,S,N,153,1,0,0.906655561860482,0.6282973621103117
S153Q,-0.503454914228746,S,Q,153,1,0,0.828714466145595,0.31622701838529177
S153D,-0.275671215923545,S,D,153,1,0,0.889357690688437,0.5466826538768985
S153E,-0.509986592870157,S,E,153,1,0,0.826975526715601,0.30719424460431655
S153H,-0.533500635979236,S,H,153,1,0,0.820715344767623,0.2772182254196643
S153K,-0.581800680669669,S,K,153,1,0,0.807856345298457,0.23189448441247001
S153R,-0.594004606552305,S,R,153,1,0,0.804607274258205,0.21918465227817746
E154F,-0.189109285296848,E,F,154,1,0,0.912403214292251,0.6574740207833732
E154W,-0.306301351026161,E,W,154,1,0,0.881202979993044,0.5141486810551559
E154Y,-0.130530441060195,E,Y,154,1,0,0.927998755285461,0.750599520383693
E154P,-0.034342878751418,E,P,154,1,0,0.953606926470319,0.9130295763389289
E154I,-0.0095912544260717,E,I,154,1,0,0.960196591678717,0.9422062350119904
E154L,-0.0502251710268486,E,L,154,1,0,0.949378557961597,0.8853717026378897
E154V,0.0101412905221905,E,V,154,1,1,0.965450019219857,0.9619504396482814
E154A,-0.0294269311423562,E,A,154,1,0,0.954915707199209,0.9186250999200639
E154G,-0.0811303241775241,E,G,154,1,0,0.941150628763888,0.8311750599520383
E154C,-0.0642167142218708,E,C,154,1,0,0.945653566656294,0.8572342126298961
E154S,-0.0431778335453264,E,S,154,1,0,0.951254782083432,0.8986410871302958
E154T,0.0064973013854034,E,T,154,1,0,0.964479874064176,0.958273381294964
E154N,0.0058097562652549,E,N,154,1,0,0.964296827808387,0.957234212629896
E154Q,-0.0465811818900615,E,Q,154,1,0,0.950348703117278,0.8925659472422063
E154D,0.0151259926432672,E,D,154,1,1,0.966777104574326,0.9664268585131894
E154H,-0.0518409020591976,E,H,154,1,0,0.948948399260493,0.8828936850519584
E154K,-0.0402213895286878,E,K,154,1,0,0.952041880983324,0.9027977617905676
E154R,-0.0530784832754649,E,R,154,1,0,0.948618916000073,0.8797761790567546
G155F,-0.525112585513424,G,F,155,1,0,0.822948509088246,0.286810551558753
G155W,-0.493141737426519,G,W,155,1,0,0.831460159982427,0.32973621103117506
G155Y,-0.598508027089278,G,Y,155,1,0,0.803408321282788,0.21446842525979218
G155P,-0.559283577984805,G,P,155,1,0,0.813851110175541,0.2519584332533973
G155M,-0.672762900065317,G,M,155,1,0,0.783639325657593,0.16298960831334933
G155I,-0.509195915981986,G,I,155,1,0,0.827186029909758,0.30767386091127097
G155L,-0.559696105056894,G,L,155,1,0,0.813741282422068,0.25163868904876097
G155V,-0.324555673966104,G,V,155,1,0,0.876343101901851,0.49752198241406875
G155A,-0.413627144281343,G,A,155,1,0,0.852629459464407,0.41454836131095124
G155C,-0.216164185774691,G,C,155,1,0,0.905200344126961,0.6209432454036771
G155S,-0.307504554986421,G,S,155,1,0,0.880882649045414,0.51207034372502
G155T,-0.551411186359105,G,T,155,1,0,0.815946989804323,0.26027178257394085
G155N,-0.51301179139881,G,N,155,1,0,0.82617012319013,0.30279776179056755
G155Q,-0.629000653167864,G,Q,155,1,0,0.795290219838553,0.1908872901678657
G155D,-0.176595964110145,G,D,155,1,0,0.915734656147608,0.6764188649080736
G155E,-0.457836295506893,G,E,155,1,0,0.840859585217184,0.3680255795363709
G155H,-0.652342809996906,G,H,155,1,0,0.789075799454522,0.17601918465227817
G155K,-0.480181511911719,G,K,155,1,0,0.834910581904047,0.3442046362909672
G155R,-0.486919454089175,G,R,155,1,0,0.833116728597316,0.3378097521982414
P156F,-0.556430265736189,P,F,156,1,0,0.814610752137065,0.25547561950439646
P156M,-0.556430265736189,P,M,156,1,0,0.814610752137065,0.25547561950439646
P156I,-0.543229399429338,P,I,156,1,0,0.818125240248211,0.266986410871303
P156L,-0.142321839870742,P,L,156,1,0,0.924859511998682,0.7325339728217426
P156V,-0.281137199628726,P,V,156,1,0,0.887902472954915,0.5410871302957634
P156A,-0.200660043315342,P,A,156,1,0,0.909328037194999,0.6426858513189448
P156G,-0.481487847640001,P,G,156,1,0,0.834562794018048,0.34268585131894486
P156C,-0.208669943965073,P,C,156,1,0,0.907195548315059,0.6312549960031975
P156S,-0.166729691636014,P,S,156,1,0,0.918361369918178,0.6917665867306155
P156T,-0.11430437622469,P,T,156,1,0,0.932318646922077,0.7745003996802557
P156N,-0.469421430781395,P,N,156,1,0,0.837775255807142,0.35731414868105515
P156Q,-0.0795489704011825,P,Q,156,1,0,0.941571635152203,0.8343725019984013
P156D,-0.51541819931933,P,D,156,1,0,0.825529461294869,0.29840127897681856
P156E,-0.594004606552305,P,E,156,1,0,0.804607274258205,0.21918465227817746
P156H,-0.473168551686204,P,H,156,1,0,0.836777653713093,0.35203836930455634
P156K,-0.230361992505758,P,K,156,1,0,0.901420438944921,0.6009592326139088
P156R,-0.235759221698924,P,R,156,1,0,0.899983525836979,0.5936051159072742
K157F,-0.51541819931933,K,F,157,1,0,0.825529461294869,0.29840127897681856
K157W,-0.852074667400048,K,W,157,1,0,0.735900862147865,0.08473221422861711
K157Y,-0.51208360548661,K,Y,157,1,0,0.826417235635445,0.3043165467625899
K157P,-0.465605555364571,K,P,157,1,0,0.83879116252677,0.3608313349320544
K157M,-0.3953728213414,K,M,157,1,0,0.8574893375556,0.43061550759392486
K157I,-0.317508336484582,K,I,157,1,0,0.878219326023686,0.5038369304556355
K157L,-0.463577297260133,K,L,157,1,0,0.839331148981347,0.36314948041566747
K157V,-0.552889408367424,K,V,157,1,0,0.815553440354377,0.2584332533972822
K157A,-0.41995255938671,K,A,157,1,0,0.850945433911149,0.4079136690647482
K157G,-0.424318470899653,K,G,157,1,0,0.84978309018689,0.40095923261390887
K157C,-0.389253669772079,K,C,157,1,0,0.859118449232121,0.4357314148681055
K157S,-0.384990890027158,K,S,157,1,0,0.860253336018012,0.4396482813749001
K157T,-0.324968201038193,K,T,157,1,0,0.876233274148377,0.4973621103117506
K157N,-0.125305098147066,K,N,157,1,0,0.929389906829456,0.7583533173461231
K157Q,-0.330124789439307,K,Q,157,1,0,0.874860427229961,0.4909672262190248
K157D,-0.504451854652962,K,D,157,1,0,0.828449049074701,0.31414868105515587
K157E,-0.108872769775517,K,E,157,1,0,0.933764712342809,0.7840127897681854
K157H,-0.523943758809172,K,H,157,1,0,0.823259687723087,0.28992805755395684
K157R,-0.129671009660009,K,R,157,1,0,0.928227563105197,0.7518784972022382
G158F,-0.566124651930283,G,F,158,1,0,0.812029799930442,0.24476418864908073
G158L,-0.3953728213414,G,L,158,1,0,0.8574893375556,0.43061550759392486
G158V,-0.0608133658771356,G,V,158,1,0,0.946559645622449,0.8655475619504397
G158A,-0.217195503454914,G,A,158,1,0,0.904925774743277,0.6201438848920864
G158C,-0.0231015160369899,G,C,158,1,0,0.956599732752466,0.9273381294964029
G158S,-0.0817147375296503,G,S,158,1,0,0.940995039446468,0.8303756994404476
G158T,-0.367389734951356,G,T,158,1,0,0.864939320166206,0.4578737010391687
G158N,-0.452576575337756,G,N,158,1,0,0.842259889073969,0.3730615507593925
G158Q,-0.294131802399532,G,Q,158,1,0,0.884442898720507,0.5268585131894484
G158D,-0.0269173914538141,G,D,158,1,0,0.955583826032838,0.9215027977617906
G158H,-0.443775997799856,G,H,158,1,0,0.844602881148066,0.38433253397282174
G158R,-0.151638076248754,G,R,158,1,0,0.922379235232743,0.7177458033573142
M159W,-0.282271649076971,M,W,159,1,0,0.887600446632864,0.5398880895283773
M159Y,-0.282271649076971,M,Y,159,1,0,0.887600446632864,0.5398880895283773
M159P,-0.384578362955069,M,P,159,1,0,0.860363163771485,0.4410871302957634
M159I,-0.0453092234177867,M,I,159,1,0,0.950687338690487,0.8949640287769784
M159L,-0.0262986008456804,M,L,159,1,0,0.955748567663048,0.9226219024780176
M159V,0.0064285468733885,M,V,159,1,0,0.964461569438597,0.9581135091926459
M159G,-0.384578362955069,M,G,159,1,0,0.860363163771485,0.4410871302957634
M159S,-0.3953728213414,M,S,159,1,0,0.8574893375556,0.43061550759392486
M159T,-0.0670012719584722,M,T,159,1,0,0.944912229320349,0.852837729816147
M159N,-0.3458351954347,M,N,159,1,0,0.870677820285186,0.47705835331734614
M159Q,-0.469421430781395,M,Q,159,1,0,0.837775255807142,0.35731414868105515
M159K,-0.013338375330881,M,K,159,1,0,0.959198989584668,0.9378097521982414
M159R,-0.0832273367939771,M,R,159,1,0,0.940592337683733,0.827498001598721
K160F,-0.345147650314552,K,F,160,1,0,0.870860866540975,0.47817745803357314
K160W,-0.338994121489223,K,W,160,1,0,0.872499130530285,0.4828137490007994
K160Y,-0.301522912441129,K,Y,160,1,0,0.882475151470776,0.518784972022382
K160P,-0.571349994843412,K,P,160,1,0,0.810638648386447,0.24092725819344524
K160M,-0.029255044862319,K,M,160,1,0,0.954961468763156,0.9191047162270184
K160I,-0.23273402317027,K,I,160,1,0,0.90078892936245,0.596722621902478
K160L,-0.0951906218845611,K,L,160,1,0,0.937407332833007,0.8081534772182254
K160V,-0.348860393963354,K,V,160,1,0,0.869872416759715,0.47442046362909673
K160A,-0.240159510467874,K,A,160,1,0,0.89881202979993,0.5903277378097522
K160G,-0.259479528344048,K,G,160,1,0,0.893668430012264,0.5657873701039169
K160C,-0.275671215923545,K,C,160,1,0,0.889357690688437,0.5466826538768985
K160S,-0.318952181236894,K,S,160,1,0,0.87783492888653,0.5024780175859312
K160T,-0.410361304960638,K,T,160,1,0,0.853498929179403,0.41774580335731415
K160N,-0.178761731238613,K,N,160,1,0,0.915158060441873,0.6730615507593924
K160Q,-0.0979751796211626,K,Q,160,1,0,0.936665995497062,0.8037569944044765
K160D,-0.565058956994053,K,D,160,1,0,0.812313521626915,0.24620303756994405
K160E,-0.111794836536148,K,E,160,1,0,0.932986765755706,0.7788169464428457
K160H,-0.251950909278421,K,H,160,1,0,0.895672786513152,0.5740207833733013
K160R,-0.0488157035305441,K,R,160,1,0,0.949753802785964,0.8882494004796163
I161F,-0.17092371686892,I,F,161,1,0,0.917244787757866,0.6848121502797762
I161Y,-0.526075148681632,I,Y,161,1,0,0.822692244330142,0.2858513189448441
I161P,-0.527553370689952,I,P,161,1,0,0.822298694880196,0.2842525979216627
I161M,-0.0273642957819106,I,M,161,1,0,0.955464845966576,0.9211031175059952
I161L,-0.0808896833854721,I,L,161,1,0,0.941214694953415,0.831814548361311
I161V,-0.0368180411839526,I,V,161,1,0,0.952947959949479,0.9074340527577938
I161A,-0.564199525593867,I,A,161,1,0,0.812542329446651,0.24708233413269384
I161G,-0.633847846264911,I,G,161,1,0,0.793999743735242,0.18657074340527577
I161C,-0.271924095018736,I,C,161,1,0,0.890355292782486,0.5509192645883293
I161S,-0.367664752999415,I,S,161,1,0,0.86486610166389,0.4573940847322142
I161T,-0.194093987417924,I,T,161,1,0,0.911076128937783,0.6517985611510791
I161N,-0.181855684279281,I,N,161,1,0,0.914334352290824,0.6665067945643485
I161Q,-0.629000653167864,I,Q,161,1,0,0.795290219838553,0.1908872901678657
I161D,-0.450410808209289,I,D,161,1,0,0.842836484779704,0.3779376498800959
I161H,-0.589466808759325,I,H,161,1,0,0.805815379546411,0.22318145483613108
I161R,-0.563615112241741,I,R,161,1,0,0.812697918764071,0.24764188649080734
S162F,-0.510571006222283,S,F,162,1,0,0.826819937398181,0.30607513988808954
S162Y,-0.434150366117776,S,Y,162,1,0,0.84716552872911,0.3931254996003197
S162P,-0.236859293891162,S,P,162,1,0,0.899690651827717,0.5925659472422062
S162M,-0.556430265736189,S,M,162,1,0,0.814610752137065,0.25547561950439646
S162I,-0.520781051256489,S,I,162,1,0,0.824101700499716,0.292326139088729
S162L,-0.193062669737702,S,L,162,1,0,0.911350698321466,0.6529176658673062
S162V,-0.507236412389563,S,V,162,1,0,0.827707711738756,0.3099920063948841
S162A,-0.1625012891471,S,A,162,1,0,0.91948710439128,0.6986410871302957
S162G,-0.420640104506858,S,G,162,1,0,0.85076238765536,0.40751398880895284
S162C,-0.44759187321668,S,C,162,1,0,0.843586974428438,0.3800959232613909
S162T,-0.244869194540892,S,T,162,1,0,0.897558162947777,0.5840927258193446
S162N,-0.469421430781395,S,N,162,1,0,0.837775255807142,0.35731414868105515
S162Q,-0.3953728213414,S,Q,162,1,0,0.8574893375556,0.43061550759392486
S162D,-0.557358451648389,S,D,162,1,0,0.81436363969175,0.25387689848121503
S162E,-0.481487847640001,S,E,162,1,0,0.834562794018048,0.34268585131894486
S162H,-0.649042593420193,S,H,162,1,0,0.789954421482308,0.17905675459632295
S162K,-0.533500635979236,S,K,162,1,0,0.820715344767623,0.2772182254196643
S162R,-0.507614562205645,S,R,162,1,0,0.827607036298072,0.30927258193445245
L163F,-0.142940630478875,L,F,163,1,0,0.924694770368472,0.7312549960031974
L163W,-0.373233868472618,L,W,163,1,0,0.863383426992001,0.4525179856115108
L163Y,-0.746261473409192,L,Y,163,1,0,0.764071680913767,0.1278976818545164
L163P,-0.587576059678916,L,P,163,1,0,0.806318756749831,0.22541966426858512
L163M,0.0018219945683935,L,M,163,1,0,0.963235159524812,0.9528377298161471
L163I,-0.135274502389219,L,I,163,1,0,0.926735736120518,0.7446842525979217
L163V,-0.12203925882636,L,V,163,1,0,0.930259376544453,0.7633892885691447
L163A,-1.63175083364846,L,A,163,1,0,0.528326408083322,0.011990407673860911
L163G,-0.520196637904363,L,G,163,1,0,0.824257289817136,0.29312549960031975
L163C,-0.121145450170167,L,C,163,1,0,0.930497336676978,0.7645083932853717
L163S,-0.198872426002956,L,S,163,1,0,0.90980395746005,0.6452438049560352
L163T,-0.332840592663893,L,T,163,1,0,0.874137394519595,0.4886490807354117
L163N,-0.743820688232665,L,N,163,1,0,0.764721495121817,0.12893685051958434
L163Q,-1.48991027536182,L,Q,163,1,0,0.56608885065256,0.01454836131095124
L163D,-0.708996527897143,L,D,163,1,0,0.773992787977522,0.14412470023980814
L163E,-0.359620475093678,L,E,163,1,0,0.86700774285662,0.46514788169464427
L163H,-0.535357007803637,L,H,163,1,0,0.820221119876993,0.27521982414068746
L163K,-0.534875726219533,L,K,163,1,0,0.820349252256045,0.2759392486011191
L163R,-0.556430265736189,L,R,163,1,0,0.814610752137065,0.25547561950439646
I164F,-0.172333184365224,I,F,164,1,0,0.916869542933499,0.6820143884892086
I164W,-0.282271649076971,I,W,164,1,0,0.887600446632864,0.5398880895283773
I164Y,-0.580253704149335,I,Y,164,1,0,0.808268199373982,0.23309352517985613
I164P,-0.517377702911754,I,P,164,1,0,0.825007779465871,0.2959232613908873
I164M,-0.0266767506617621,I,M,164,1,0,0.955647892222364,0.9223021582733812
I164L,-0.308260854618584,I,L,164,1,0,0.880681298164046,0.5112709832134292
I164V,-0.129980404964076,I,V,164,1,0,0.928145192290092,0.7510791366906475
I164A,-0.824469730826085,I,A,164,1,0,0.743250169317787,0.09280575539568345
I164G,-0.4370380556224,I,G,164,1,0,0.846396734454797,0.3903277378097522
I164C,-0.510571006222283,I,C,164,1,0,0.826819937398181,0.30607513988808954
I164S,-0.149162913816219,I,S,164,1,0,0.923038201753583,0.7216626698641088
I164T,-0.289662759118567,I,T,164,1,0,0.885632699383134,0.5314148681055156
I164N,-0.201038193131424,I,N,164,1,0,0.909227361754315,0.6422861710631494
I164Q,-0.539344769500498,I,Q,164,1,0,0.819159451593418,0.270343725019984
I164D,-0.743820688232665,I,D,164,1,0,0.764721495121817,0.12893685051958434
I164E,-0.495238750042972,I,E,164,1,0,0.830901868902271,0.3264588329336531
I164H,-0.488535185121524,I,H,164,1,0,0.832686569896212,0.3350119904076739
I164K,-0.598508027089278,I,K,164,1,0,0.803408321282788,0.21446842525979218
I164R,-0.431812712709271,I,R,164,1,0,0.847787885998792,0.39568345323741005
I165F,-0.107875829351301,I,F,165,1,0,0.934030129413703,0.7852118305355715
I165W,-0.321461720925436,I,W,165,1,0,0.8771668100529,0.501119104716227
I165Y,-0.412492694833098,I,Y,165,1,0,0.852931485786458,0.41614708233413267
I165P,-0.592285743751934,I,P,165,1,0,0.805064889897677,0.2217426059152678
I165M,-0.0359242325277596,I,M,165,1,0,0.953185920082004,0.9097521982414069
I165L,-0.23074014232184,I,L,165,1,0,0.901319763504237,0.6003197442046363
I165V,0.0031970848086905,I,V,165,1,0,0.963601252036389,0.9541167066346923
I165A,-0.345628931898656,I,A,165,1,0,0.870732734161923,0.4778577138289368
I165G,-0.543229399429338,I,G,165,1,0,0.818125240248211,0.266986410871303
I165C,0.0862181580666231,I,C,165,1,1,0.985704087422892,0.9952038369304557
I165S,-0.172401938877239,I,S,165,1,0,0.91685123830792,0.6818545163868905
I165T,-0.100209701261645,I,T,165,1,0,0.936071095165748,0.7988808952837729
I165N,-0.153047543745058,I,N,165,1,0,0.922003990408376,0.7144684252597922
I165Q,-0.536422702739867,I,Q,165,1,0,0.81993739818052,0.273621103117506
I165D,-0.46588057341263,I,D,165,1,0,0.838717944024455,0.3606714628297362
I165E,-0.44759187321668,I,E,165,1,0,0.843586974428438,0.3800959232613909
I165H,-0.708996527897143,I,H,165,1,0,0.773992787977522,0.14412470023980814
I165K,-0.461102134827598,I,K,165,1,0,0.839990115502187,0.3662669864108713
I165R,-0.521124823816563,I,R,165,1,0,0.824010177371822,0.2918465227817746
D167F,-0.387569184227715,D,F,167,1,0,0.859566912558803,0.43884892086330934
D167W,-0.529547251538382,D,W,167,1,0,0.821767860738408,0.2820143884892086
D167Y,-0.127573997043556,D,Y,167,1,0,0.928785854185353,0.75603517186251
D167P,-0.447248100656606,D,P,167,1,0,0.843678497556332,0.3806554756195044
D167M,-0.893086733816907,D,M,167,1,0,0.72498215299006,0.0753796962430056
D167I,-0.344975764034515,D,I,167,1,0,0.870906628104922,0.47865707434052757
D167L,-0.576197187940459,D,L,167,1,0,0.809348172283136,0.23645083932853717
D167V,-0.15823850940218,D,V,167,1,0,0.92062199117717,0.7055955235811351
D167A,-0.29963216336072,D,A,167,1,0,0.882978528674196,0.5199040767386092
D167G,-0.109972841967754,D,G,167,1,0,0.933471838333547,0.7823341326938449
D167C,-0.51541819931933,D,C,167,1,0,0.825529461294869,0.29840127897681856
D167S,-0.420021313898725,D,S,167,1,0,0.85092712928557,0.407673860911271
D167T,-0.38963181958816,D,T,167,1,0,0.859017773791437,0.4348521183053557
D167N,-0.105847571246863,D,N,167,1,0,0.93457011586828,0.7893685051958433
D167Q,-0.570215545395167,D,Q,167,1,0,0.810940674708499,0.24212629896083135
D167E,0.0126508302107325,D,E,167,1,1,0.966118138053486,0.9643485211830536
D167H,-0.247860015813538,D,H,167,1,0,0.896761911735095,0.5796962430055955
D167K,-0.47750008594314,D,K,167,1,0,0.835624462301623,0.34796163069544367
D167R,-0.595826601120699,D,R,167,1,0,0.804122201680364,0.21662669864108713
D168F,-0.364811440750799,D,F,168,1,0,0.865625743625414,0.45915267785771385
D168W,-0.208669943965073,D,W,168,1,0,0.907195548315059,0.6312549960031975
D168Y,-0.0903778060435216,D,Y,168,1,0,0.938688656623529,0.816466826538769
D168P,-0.486335040737048,D,P,168,1,0,0.833272317914737,0.33796962430055955
D168I,-0.556430265736189,D,I,168,1,0,0.814610752137065,0.25547561950439646
D168L,-0.506376980989377,D,L,168,1,0,0.827936519558492,0.3114308553157474
D168V,-0.118120251641514,D,V,168,1,0,0.931302740202449,0.7690647482014389
D168A,-0.392106982020695,D,A,168,1,0,0.858358807270597,0.4324540367705835
D168G,-0.0968407301729176,D,G,168,1,0,0.936968021819114,0.8055955235811351
D168C,-0.348860393963354,D,C,168,1,0,0.869872416759715,0.47442046362909673
D168S,-0.479115816975489,D,S,168,1,0,0.83519430360052,0.34612310151878495
D168T,-0.596273505448795,D,T,168,1,0,0.804003221614102,0.21638689048760992
D168N,-0.124342534978858,D,N,168,1,0,0.92964617158756,0.7601918465227818
D168Q,-0.446216782976383,D,Q,168,1,0,0.843953066940016,0.3817745803357314
D168E,-0.17092371686892,D,E,168,1,0,0.917244787757866,0.6848121502797762
D168H,-0.288734573206367,D,H,168,1,0,0.885879811828449,0.5337330135891287
D168K,-0.653958541029255,D,K,168,1,0,0.788645640753418,0.17545963229416467
D168R,-0.601189453057857,D,R,168,1,0,0.802694440885212,0.21183053557154277
G169F,-0.782323214960982,G,F,169,1,0,0.754470904797642,0.11063149480415667
G169W,-0.384578362955069,G,W,169,1,0,0.860363163771485,0.4410871302957634
G169Y,-0.296710096600089,G,Y,169,1,0,0.883756475261298,0.5243005595523581
G169P,-1.04338409708137,G,P,169,1,0,0.684968241474621,0.04316546762589928
G169M,-0.322699302141703,G,M,169,1,0,0.87683732679248,0.4984012789768185
G169I,-0.328646567430988,G,I,169,1,0,0.875253976679907,0.4929656274980016
G169L,-0.796486644436041,G,L,169,1,0,0.750700151928392,0.10279776179056754
G169V,-0.0743923820000687,G,V,169,1,0,0.942944482070619,0.8419664268585132
G169A,-0.2180549348551,G,A,169,1,0,0.904696966923541,0.6190247801758593
G169C,-0.0443466602495788,G,C,169,1,0,0.950943603448591,0.8962430055955236
G169S,-0.0726735191996974,G,S,169,1,0,0.943402097710091,0.8449240607513989
G169T,-0.473856096806353,G,T,169,1,0,0.836594607457304,0.3513189448441247
G169N,-0.208669943965073,G,N,169,1,0,0.907195548315059,0.6312549960031975
G169Q,-0.782323214960982,G,Q,169,1,0,0.754470904797642,0.11063149480415667
G169D,-0.0690639073189178,G,D,169,1,0,0.944363090552983,0.8503597122302158
G169E,-0.662071573447007,G,E,169,1,0,0.78648569493511,0.16938449240607514
G169H,-0.556430265736189,G,H,169,1,0,0.814610752137065,0.25547561950439646
G169K,-0.605933514386882,G,K,169,1,0,0.801431421720269,0.207673860911271
G169R,-0.27467427549933,G,R,169,1,0,0.88962310775933,0.5482014388489208
N170F,-0.629000653167864,N,F,170,1,0,0.795290219838553,0.1908872901678657
N170Y,-0.180618103063014,N,Y,170,1,0,0.914663835551244,0.6697042366107114
N170P,-0.772800715046925,N,P,170,1,0,0.757006095440318,0.11574740207833734
N170M,-0.810512564887071,N,M,170,1,0,0.7469660083103,0.0982414068745004
N170I,-0.127333356251504,N,I,170,1,0,0.928849920374879,0.7565147881694644
N170L,-0.39004434666025,N,L,170,1,0,0.858907946037964,0.43453237410071943
N170V,-0.662071573447007,N,V,170,1,0,0.78648569493511,0.16938449240607514
N170A,-0.498710852899722,N,A,170,1,0,0.829977485310538,0.3205435651478817
N170G,-0.432122108013338,N,G,170,1,0,0.847705515183687,0.3953637090327738
N170C,-0.434734779469903,N,C,170,1,0,0.847009939411689,0.39288569144684254
N170S,-0.0993158926054522,N,S,170,1,0,0.936309055298274,0.8006394884092726
N170T,-0.347210285674997,N,T,170,1,0,0.870311727773608,0.4756195043964828
N170Q,-0.415758534153804,N,Q,170,1,0,0.852062016071461,0.41079136690647483
N170D,-0.0249235106053834,N,D,170,1,0,0.956114660174626,0.924220623501199
N170E,-0.3458351954347,N,E,170,1,0,0.870677820285186,0.47705835331734614
N170H,-0.212554573893912,N,H,170,1,0,0.906161336969852,0.6260591526778577
N170K,-0.0253360376774725,N,K,170,1,0,0.956004832421153,0.9240607513988809
N170R,-1.26728316545773,N,R,170,1,0,0.625359228276986,0.023101518784972023
Y171F,-0.172780088693321,Y,F,171,1,0,0.916750562867236,0.6813749000799361
Y171W,-0.452060916497645,Y,W,171,1,0,0.84239717376581,0.3741806554756195
Y171P,-0.962597545463921,Y,P,171,1,0,0.706476176529809,0.05787370103916867
Y171M,-0.414933480009626,Y,M,171,1,0,0.852281671578408,0.41294964028776976
Y171I,-1.11602323902506,Y,I,171,1,0,0.66562940455053,0.033733013589128696
Y171L,-0.791845714875039,Y,L,171,1,0,0.751935714154967,0.104396482813749
Y171V,-0.888514558767919,Y,V,171,1,0,0.726199410591056,0.07665867306155076
Y171A,-0.627144281343463,Y,A,171,1,0,0.795784444729183,0.1920863309352518
Y171G,-0.646223658427584,Y,G,171,1,0,0.790704911131043,0.1806554756195044
Y171C,-0.230155728969714,Y,C,171,1,0,0.901475352821658,0.6017585931254996
Y171S,-0.177764790814397,Y,S,171,1,0,0.915423477512767,0.6744204636290967
Y171T,-0.700127195847228,Y,T,171,1,0,0.776354084677198,0.14684252597921663
Y171N,-0.28014025920451,Y,N,171,1,0,0.888167890025809,0.5426059152677858
Y171Q,-0.806524803190209,Y,Q,171,1,0,0.748027676593875,0.09976019184652278
Y171D,-0.448073154800784,Y,D,171,1,0,0.843458842049385,0.3796962430055955
Y171E,-0.43250025782942,Y,E,171,1,0,0.847604839743003,0.39488409272581937
Y171H,-0.110729141599918,Y,H,171,1,0,0.933270487452179,0.7804956035171863
Y171K,-3.43772560074255,Y,K,171,1,0,0.0475188080027815,0.0041566746602717825
Y171R,-0.953281309085909,Y,R,171,1,0,0.708956453295748,0.06115107913669065
P172F,-0.364605177214755,P,F,172,1,0,0.865680657502151,0.45979216626698644
P172W,-0.364605177214755,P,W,172,1,0,0.865680657502151,0.45979216626698644
P172M,-0.504898758981058,P,M,172,1,0,0.828330069008438,0.3134292565947242
P172I,-0.55495204372787,P,I,172,1,0,0.815004301587011,0.25699440447641886
P172L,-0.171783148269105,P,L,172,1,0,0.91701597993813,0.6832933653077538
P172V,-0.504898758981058,P,V,172,1,0,0.828330069008438,0.3134292565947242
P172A,-0.296331946784008,P,A,172,1,0,0.883857150701982,0.5248601119104717
P172G,-1.08302107325793,P,G,172,1,0,0.674415624828395,0.03717026378896882
P172C,-0.558871050912716,P,C,172,1,0,0.813960937929014,0.25259792166266987
P172S,-0.12351748083468,P,S,172,1,0,0.929865827094507,0.7613109512390088
P172T,-0.121901749802331,P,T,172,1,0,0.93029598579561,0.7637889688249401
P172N,-0.521021692048541,P,N,172,1,0,0.82403763431019,0.2920863309352518
P172Q,-0.0533535013235243,P,Q,172,1,0,0.948545697497758,0.879136690647482
P172D,-0.594038983808312,P,D,172,1,0,0.804598121945416,0.2184652278177458
P172E,-0.364605177214755,P,E,172,1,0,0.865680657502151,0.45979216626698644
P172H,-0.676544398226134,P,H,172,1,0,0.782632571250755,0.16059152677857713
P172K,-0.795180308707759,P,K,172,1,0,0.751047939814391,0.1035171862509992
P172R,-0.352951287428237,P,R,172,1,0,0.868783291537772,0.46994404476418866
E173F,-0.611090102787995,E,F,173,1,0,0.800058574801852,0.2040767386091127
E173W,-0.352951287428237,E,W,173,1,0,0.868783291537772,0.46994404476418866
E173Y,-0.504898758981058,E,Y,173,1,0,0.828330069008438,0.3134292565947242
E173P,-1.25734813847159,E,P,173,1,0,0.628004246673133,0.02390087929656275
E173M,-0.479425212279556,E,M,173,1,0,0.835111932785415,0.34540367705835334
E173I,-0.947712193612706,E,I,173,1,0,0.710439127967637,0.06211031175059952
E173L,-0.83282340403589,E,L,173,1,0,0.741026157309952,0.09008792965627498
E173V,-0.245866134965107,E,V,173,1,0,0.897292745876883,0.5825739408473222
E173A,-0.0443466602495788,E,A,173,1,0,0.950943603448591,0.8962430055955236
E173G,-0.135790161229331,E,G,173,1,0,0.926598451428676,0.74396482813749
E173C,-0.4222214582832,E,C,173,1,0,0.850341381267046,0.40431654676258993
E173S,-3.43772560074255,E,S,173,1,0,0.0475188080027815,0.0041566746602717825
E173T,-0.678847674378631,E,T,173,1,0,0.782019366293862,0.15875299760191847
E173N,-0.981230018219946,E,N,173,1,0,0.701515622997931,0.05403677058353317
E173Q,-0.362542541854309,E,Q,173,1,0,0.866229796269517,0.46314948041566745
E173D,0.0079755233937227,E,D,173,1,0,0.964873423514122,0.9593924860111911
E173H,-1.02836123620613,E,H,173,1,0,0.688967802163605,0.04700239808153477
E173K,-0.0632885283096703,E,K,173,1,0,0.945900679101609,0.8600319744204636
E173R,-3.43772560074255,E,R,173,1,0,0.0475188080027815,0.0041566746602717825
I174F,-0.163979511155419,I,F,174,1,0,0.919093554941334,0.6952837729816147
I174Y,-1.15665715562584,I,Y,174,1,0,0.654811370833409,0.02997601918465228
I174P,-0.592457630031971,I,P,174,1,0,0.80501912833373,0.22126298960831334
I174M,-0.0497095121867372,I,M,174,1,0,0.949515842653439,0.8865707434052758
I174L,-0.294063047887518,I,L,174,1,0,0.884461203346085,0.5270983213429257
I174V,0.0069785829695073,I,V,174,1,0,0.964608006443228,0.9589128697042366
I174A,-0.788064216714222,I,A,174,1,0,0.752942468561805,0.10799360511590728
I174G,-0.270583382034446,I,G,174,1,0,0.890712232981274,0.5525179856115108
I174C,-0.500670356492145,I,C,174,1,0,0.82945580348154,0.3192645883293365
I174S,-0.141324899446526,I,S,174,1,0,0.925124929069576,0.7341326938449241
I174T,-0.165148337859672,I,T,174,1,0,0.918782376306493,0.6936850519584332
I174N,-0.0737392141359276,I,N,174,1,0,0.943118376013619,0.8430055955235811
I174Q,-0.962597545463921,I,Q,174,1,0,0.706476176529809,0.05787370103916867
I174D,-1.15665715562584,I,D,174,1,0,0.654811370833409,0.02997601918465228
I174E,-0.322561793117673,I,E,174,1,0,0.876873936043638,0.4991207034372502
I174H,-0.676544398226134,I,H,174,1,0,0.782632571250755,0.16059152677857713
I174K,-0.65842758431022,I,K,174,1,0,0.787455840090791,0.17202238209432455
I174R,-0.771322493038606,I,R,174,1,0,0.757399644890263,0.11630695443645084
W175F,-0.319605349101035,W,F,175,1,0,0.87766103494353,0.5016786570743406
W175Y,-0.4222214582832,W,Y,175,1,0,0.850341381267046,0.40431654676258993
W175P,-0.962597545463921,W,P,175,1,0,0.706476176529809,0.05787370103916867
W175I,-0.712399876241878,W,I,175,1,0,0.773086709011367,0.14212629896083134
W175L,-0.0481281584103956,W,L,175,1,0,0.949936849041753,0.8895283772981615
W175V,-0.306645123586235,W,V,175,1,0,0.88111145686515,0.5132693844924061
W175G,-0.145690810959469,W,G,175,1,0,0.923962585345317,0.7278976818545164
W175C,-0.0650761456220564,W,C,175,1,0,0.945424758836558,0.8562749800159872
W175S,-0.0640104506858262,W,S,175,1,0,0.945708480533031,0.8581934452438049
W175T,-1.04427790573756,W,T,175,1,0,0.684730281342096,0.04300559552358114
W175Q,-0.778851112104232,W,Q,175,1,0,0.755395288389376,0.11239008792965627
W175D,-0.400598164254529,W,D,175,1,0,0.856098186011605,0.42645883293365305
W175E,-0.400598164254529,W,E,175,1,0,0.856098186011605,0.42645883293365305
W175H,-0.270583382034446,W,H,175,1,0,0.890712232981274,0.5525179856115108
W175K,-0.43250025782942,W,K,175,1,0,0.847604839743003,0.39488409272581937
W175R,-0.0939530406682938,W,R,175,1,0,0.937736816093427,0.8113509192645884
R176F,-1.11602323902506,R,F,176,1,0,0.66562940455053,0.033733013589128696
R176W,-0.289422118326515,R,W,176,1,0,0.88569676557266,0.53189448441247
R176Y,-0.700814740967376,R,Y,176,1,0,0.776171038421409,0.14628297362110312
R176P,-1.69741139262264,R,P,176,1,0,0.510845490655489,0.011031175059952039
R176M,-0.851455876791914,R,M,176,1,0,0.736065603778075,0.08521183053557155
R176I,-0.176045928014026,R,I,176,1,0,0.915881093152239,0.6776978417266187
R176L,-0.894668087593248,R,L,176,1,0,0.724561146601746,0.07458033573141487
R176V,-0.488122658049434,R,V,176,1,0,0.832796397649686,0.3365307753796962
R176A,-0.778026057960054,R,A,176,1,0,0.755614943896322,0.1128697042366107
R176G,-0.0637010553817594,R,G,176,1,0,0.945790851348136,0.8588329336530776
R176C,-0.836536147684692,R,C,176,1,0,0.740037707528692,0.08880895283772981
R176S,-0.115816975489016,R,S,176,1,0,0.931915945159342,0.7737809752198241
R176T,-0.506823885317474,R,T,176,1,0,0.82781753949223,0.31047162270183853
R176N,-1.16703908694008,R,N,176,1,0,0.652047372370998,0.02909672262190248
R176Q,-1.24235965485235,R,Q,176,1,0,0.631994655049331,0.025019984012789768
R176D,-0.721441094571831,R,D,176,1,0,0.770679650747744,0.13828936850519585
R176E,-0.44986077211317,R,E,176,1,0,0.842982921784335,0.3785771382893685
R176H,-3.43772560074255,R,H,176,1,0,0.0475188080027815,0.0041566746602717825
R176K,-0.200522534291313,R,K,176,1,0,0.909364646446157,0.6430855315747402
D177F,-0.756849668259479,D,F,177,1,0,0.761252768574619,0.12302158273381295
D177Y,-0.0437622468974526,D,Y,177,1,0,0.951099192766012,0.8973621103117506
D177P,-3.44387912956788,D,P,177,1,0,0.0458805440134712,0.00047961630695443646
D177M,-0.322561793117673,D,M,177,1,0,0.876873936043638,0.4991207034372502
D177I,-0.607480490907216,D,I,177,1,0,0.801019567644743,0.20591526778577138
D177L,-1.34435697342638,D,L,177,1,0,0.604839743003057,0.019184652278177457
D177V,-0.163670115851353,D,V,177,1,0,0.919175925756438,0.6957633892885692
D177A,-0.208944962013132,D,A,177,1,0,0.907122329812744,0.6303756994404477
D177G,-0.058819485028705,D,G,177,1,0,0.947090479764236,0.8701039168665068
D177C,-0.244559799236825,D,C,177,1,0,0.897640533762882,0.5848920863309353
D177S,-0.740314208119908,D,S,177,1,0,0.76565503102634,0.13061550759392487
D177T,-0.846127402110763,D,T,177,1,0,0.737484212260438,0.08649080735411671
D177N,-0.208429303173021,D,N,177,1,0,0.907259614504585,0.6319744204636291
D177Q,-0.851455876791914,D,Q,177,1,0,0.736065603778075,0.08521183053557155
D177E,-0.0880057753790092,D,E,177,1,0,0.939320166206,0.820943245403677
D177H,-0.360101756677782,D,H,177,1,0,0.866879610477568,0.4644284572342126
D177K,-0.4222214582832,D,K,177,1,0,0.850341381267046,0.40431654676258993
D177R,-0.973770153666334,D,R,177,1,0,0.70350167487324,0.055635491606714625
C178F,-0.25837945615181,C,F,178,1,0,0.893961304021526,0.5665867306155076
C178W,-0.061810306301351,C,W,178,1,0,0.946294228551555,0.8624300559552358
C178Y,-0.0348929148475368,C,Y,178,1,0,0.953460489465688,0.9116706634692247
C178P,-0.528859706418234,C,P,178,1,0,0.821950906994197,0.28281374900079936
C178I,-0.614115301316649,C,I,178,1,0,0.799253171276381,0.20127897681854517
C178L,-0.835470452748461,C,L,178,1,0,0.740321429225165,0.0891286970423661
C178V,-0.419505655058613,C,V,178,1,0,0.851064413977412,0.40863309352517985
C178A,-0.0967375984048953,C,A,178,1,0,0.936995478757482,0.8057553956834532
C178G,-0.0692701708549623,C,G,178,1,0,0.944308176676246,0.8499600319744205
C178S,-0.0555192684519921,C,S,178,1,0,0.947969101792023,0.874820143884892
C178T,-0.722438034996047,C,T,178,1,0,0.77041423367685,0.13788968824940048
C178N,-0.633572828216852,C,N,178,1,0,0.794072962237557,0.18729016786570743
C178Q,-1.15665715562584,C,Q,178,1,0,0.654811370833409,0.02997601918465228
C178D,-0.389116160748049,C,D,178,1,0,0.859155058483278,0.4364508393285372
C178E,-0.488947712193613,C,E,178,1,0,0.832576742142739,0.3339728217426059
C178H,-0.455326755818351,C,H,178,1,0,0.841527704050813,0.3704236610711431
C178K,-0.697205129086596,C,K,178,1,0,0.7771320312643,0.14860111910471624
C178R,-0.11763897005741,C,R,178,1,0,0.931430872581501,0.7706634692246203
A179F,-0.663137268383238,A,F,179,1,0,0.786201973238637,0.1683453237410072
A179W,-0.328405926638936,A,W,179,1,0,0.875318042869433,0.49368505195843326
A179Y,-0.894668087593248,A,Y,179,1,0,0.724561146601746,0.07458033573141487
A179P,-0.357214067173158,A,P,179,1,0,0.867648404751881,0.4665867306155076
A179M,-0.550689263982949,A,M,179,1,0,0.816139188372902,0.26059152677857716
A179I,-1.07652377187253,A,I,179,1,0,0.676145411945598,0.037569944044764186
A179L,-1.01509161538726,A,L,179,1,0,0.692500594900331,0.04860111910471623
A179V,0.0398088624565987,A,V,179,1,1,0.973348465157145,0.9811350919264589
A179G,-0.108013338375331,A,G,179,1,0,0.933993520162545,0.7846522781774581
A179C,-0.341022379593661,A,C,179,1,0,0.871959144075708,0.4811350919264588
A179S,-0.230293237993743,A,S,179,1,0,0.9014387435705,0.6012789768185451
A179T,-0.156382137577778,A,T,179,1,0,0.9211162160678,0.7091926458832933
A179N,-0.524356285881261,A,N,179,1,0,0.823149859969614,0.2885691446842526
A179Q,-2.22242084636804,A,Q,179,1,0,0.371071369735132,0.008872901678657074
A179D,-0.166214032795902,A,D,179,1,0,0.91849865461002,0.6922462030375699
A179E,-0.858881364089518,A,E,179,1,0,0.734088704215555,0.08377298161470824
A179H,-0.902368592938912,A,H,179,1,0,0.722511028536911,0.07226219024780176
A179K,-0.750352366874076,A,K,179,1,0,0.762982555691823,0.12661870503597122
A179R,-1.08769638007494,A,R,179,1,0,0.67317091028903,0.03677058353317346
M180F,-0.524356285881261,M,F,180,1,0,0.823149859969614,0.2885691446842526
M180W,-0.611090102787995,M,W,180,1,0,0.800058574801852,0.2040767386091127
M180Y,-0.517515211935783,M,Y,180,1,0,0.824971170214713,0.29576338928856916
M180P,-0.883873629206917,M,P,180,1,0,0.727434972817631,0.07825739408473222
M180I,-0.0780363711368558,M,I,180,1,0,0.941974336914938,0.8363709032773781
M180L,-0.20162260648355,M,L,180,1,0,0.909071772436895,0.641726618705036
M180V,-0.0770738079686479,M,V,180,1,0,0.942230601673043,0.8379696243005595
M180A,-0.22939942933755,M,A,180,1,0,0.901676703703026,0.6030375699440448
M180G,-0.64453917288322,M,G,180,1,0,0.791153374457725,0.18185451638689049
M180C,-0.925504486231909,M,C,180,1,0,0.716351522029617,0.0671462829736211
M180S,-0.422771494379319,M,S,180,1,0,0.850194944262415,0.40303756994404477
M180T,-0.171817525525113,M,T,180,1,0,0.917006827625341,0.6831334932054357
M180N,-0.505861322149266,M,N,180,1,0,0.828073804250334,0.31207034372501996
M180Q,-0.76458455086115,M,Q,180,1,0,0.759193498196994,0.1187849720223821
M180D,-0.888514558767919,M,D,180,1,0,0.726199410591056,0.07665867306155076
M180E,-1.05710062222833,M,E,180,1,0,0.681316468671634,0.04068745003996803
M180H,-0.851455876791914,M,H,180,1,0,0.736065603778075,0.08521183053557155
M180K,-0.297810168792327,M,K,180,1,0,0.883463601252036,0.5227817745803357
M180R,-0.43690054659837,M,R,180,1,0,0.846433343705954,0.3905675459632294
K181F,-0.312489257107498,K,F,181,1,0,0.879555563690944,0.5080735411670664
K181W,-0.364605177214755,K,W,181,1,0,0.865680657502151,0.45979216626698644
K181Y,-0.729794767781636,K,Y,181,1,0,0.768455638739909,0.13525179856115108
K181P,-1.03551170545567,K,P,181,1,0,0.687064121103403,0.04492406075139888
K181M,-0.0007562996321633,K,M,181,1,0,0.962548736065604,0.9507593924860112
K181I,-1.28801265083021,K,I,181,1,0,0.619840383664952,0.02158273381294964
K181L,-0.785210904465606,K,L,181,1,0,0.753702110523329,0.10951239008792965
K181V,-0.729622881501598,K,V,181,1,0,0.768501400303857,0.1354916067146283
K181A,-1.02076386262849,K,A,181,1,0,0.690990463290072,0.04812150279776179
K181G,-0.57458145690811,K,G,181,1,0,0.809778330984239,0.2383693045563549
K181C,-0.962597545463921,K,C,181,1,0,0.706476176529809,0.05787370103916867
K181S,-0.673622331465502,K,S,181,1,0,0.783410517837858,0.16243005595523582
K181T,-0.423699680291519,K,T,181,1,0,0.8499478318171,0.40191846522781777
K181N,-0.138643473477947,K,N,181,1,0,0.925838809467152,0.7391686650679457
K181Q,-0.256385575303379,K,Q,181,1,0,0.894492138163314,0.5685051958433254
K181D,-0.496579463027261,K,D,181,1,0,0.830544928703483,0.3237410071942446
K181E,-0.0937467771322493,K,E,181,1,0,0.937791729970163,0.8119104716227018
K181H,-0.443604111519818,K,H,181,1,0,0.844648642712013,0.3849720223820943
K181R,-0.0322458661349651,K,R,181,1,0,0.954165217550475,0.9154276578737011
G182F,-0.802743305029393,G,F,182,1,0,0.749034431000714,0.10103916866506794
G182W,-0.662484100519097,G,W,182,1,0,0.786375867181636,0.1685851318944844
G182Y,-1.43439100690983,G,Y,182,1,0,0.580869835807508,0.01598721023181455
G182P,-0.881742239334456,G,P,182,1,0,0.728002416210576,0.07881694644284572
G182M,-0.717418955618963,G,M,182,1,0,0.771750471344108,0.14060751398880894
G182I,-2.22242084636804,G,I,182,1,0,0.371071369735132,0.008872901678657074
G182L,-3.43772560074255,G,L,182,1,0,0.0475188080027815,0.0041566746602717825
G182V,-0.183127642751555,G,V,182,1,0,0.913995716717615,0.6653876898481215
G182A,-0.350166729691636,G,A,182,1,0,0.869524628873716,0.4730615507593925
G182C,-0.169995530956719,G,C,182,1,0,0.917491900203181,0.6860111910471622
G182S,-0.427412423940321,G,S,182,1,0,0.84895938203584,0.3985611510791367
G182T,-0.77981367527244,G,T,182,1,0,0.755139023631271,0.11207034372501998
G182N,-0.872838530028533,G,N,182,1,0,0.730372865223042,0.08017585931254996
G182Q,-0.784317095809412,G,Q,182,1,0,0.753940070655855,0.10983213429256594
G182D,-0.183677678847674,G,D,182,1,0,0.913849279712983,0.6637889688249401
G182E,-0.934751968097906,G,E,182,1,0,0.713889549889257,0.064828137490008
G182H,-1.04940011688267,G,H,182,1,0,0.683366586736468,0.041726618705035974
G182K,-0.740864244216027,G,K,182,1,0,0.765508594021709,0.13045563549160671
G182R,-0.561208704321221,G,R,182,1,0,0.813338580659332,0.2508393285371703
A183F,-1.6347072776651,A,F,183,1,0,0.52753930918343,0.01167066346922462
A183W,-0.709374677713225,A,W,183,1,0,0.773892112536838,0.1437250199840128
A183Y,-1.05710062222833,A,Y,183,1,0,0.681316468671634,0.04068745003996803
A183P,-0.455842414658462,A,P,183,1,0,0.841390419358972,0.3701039168665068
A183M,-0.595620337584654,A,M,183,1,0,0.804177115557101,0.21710631494804156
A183I,-0.683488603939634,A,I,183,1,0,0.780783804067288,0.15763389288569143
A183L,-0.689504623740933,A,L,183,1,0,0.779182149329135,0.15411670663469224
A183V,-0.0333459383272027,A,V,183,1,0,0.953872343541213,0.9141486810551559
A183G,-0.463646051772148,A,G,183,1,0,0.839312844355768,0.36290967226219023
A183C,-0.44986077211317,A,C,183,1,0,0.842982921784335,0.3785771382893685
A183S,-0.13486197531713,A,S,183,1,0,0.926845563873991,0.7450039968025579
A183T,-0.163223211523256,A,T,183,1,0,0.919294905822701,0.6972022382094325
A183N,-0.341022379593661,A,N,183,1,0,0.871959144075708,0.4811350919264588
A183Q,-1.08958712915535,A,Q,183,1,0,0.672667533085611,0.036370903277378096
A183D,-0.710749767953522,A,D,183,1,0,0.77352602002526,0.14268585131894485
A183E,-0.196672281618481,A,E,183,1,0,0.910389705478574,0.6483613109512391
A183H,-0.81092509195916,A,H,183,1,0,0.746856180556826,0.09752198241406874
A183K,-0.649970779332394,A,K,183,1,0,0.789707309036993,0.1785771382893685
A183R,-0.764103269277046,A,R,183,1,0,0.759321630576047,0.11950439648281375
E184F,-0.984977139124755,E,F,184,1,0,0.700518020903882,0.05331734612310152
E184W,-0.488122658049434,E,W,184,1,0,0.832796397649686,0.3365307753796962
E184Y,-0.600811303241775,E,Y,184,1,0,0.802795116325895,0.21215027977617906
E184P,-1.24235965485235,E,P,184,1,0,0.631994655049331,0.025019984012789768
E184M,-1.18804359036062,E,M,184,1,0,0.646455309256648,0.028137490007993603
E184I,-3.43772560074255,E,I,184,1,0,0.0475188080027815,0.0041566746602717825
E184L,-0.722197394203995,E,L,184,1,0,0.770478299866376,0.1381294964028777
E184V,-0.150709890336553,E,V,184,1,0,0.922626347678058,0.719744204636291
E184A,-0.453711024786002,E,A,184,1,0,0.841957862751917,0.37202238209432453
E184G,-0.189143662552855,E,G,184,1,0,0.912394061979462,0.657154276578737
E184C,-1.33607205472859,E,C,184,1,0,0.607045450385312,0.019744204636290966
E184S,-1.990752518134,E,S,184,1,0,0.432748805623181,0.009272581934452438
E184T,-0.885661246519303,E,T,184,1,0,0.72695905255258,0.0776978417266187
E184N,-0.795180308707759,E,N,184,1,0,0.751047939814391,0.1035171862509992
E184Q,-0.423940321083571,E,Q,184,1,0,0.849883765627574,0.40159872102318145
E184D,-0.138402832685895,E,D,184,1,0,0.925902875656678,0.7397282174260591
E184H,-0.735638901302898,E,H,184,1,0,0.766899745565704,0.13301358912869704
E184K,-0.146068960775551,E,K,184,1,0,0.923861909904633,0.7272581934452438
E184R,-0.723675616212314,E,R,184,1,0,0.77008475041643,0.13733013589128698
L185F,-0.0401526350166729,L,F,185,1,0,0.952060185608903,0.9030375699440447
L185W,-0.132833717212692,L,W,185,1,0,0.927385550328568,0.7474020783373302
L185Y,-3.43772560074255,L,Y,185,1,0,0.0475188080027815,0.0041566746602717825
L185P,-1.02124514421259,L,P,185,1,0,0.690862330911021,0.047961630695443645
L185M,-0.168551686204407,L,M,185,1,0,0.917876297340338,0.6886490807354116
L185I,-0.444704183712056,L,I,185,1,0,0.844355768702751,0.38337330135891284
L185V,-0.148853518512152,L,V,185,1,0,0.923120572568688,0.721982414068745
L185A,-1.00625666059335,L,A,185,1,0,0.694852739287218,0.049400479616306954
L185G,-0.83282340403589,L,G,185,1,0,0.741026157309952,0.09008792965627498
L185C,-0.44986077211317,L,C,185,1,0,0.842982921784335,0.3785771382893685
L185S,-0.197050431434563,L,S,185,1,0,0.91028903003789,0.6477218225419664
L185T,-1.06356354635773,L,T,185,1,0,0.679595833867218,0.039008792965627495
L185N,-0.774828973151363,L,N,185,1,0,0.756466108985741,0.11486810551558753
L185Q,-0.752930661074633,L,Q,185,1,0,0.762296132232615,0.12557953637090327
L185D,-0.620818866238097,L,D,185,1,0,0.79746847028244,0.1964828137490008
L185E,-0.969576128433428,L,E,185,1,0,0.704618257033552,0.05643485211830535
L185H,-1.27254288562687,L,H,185,1,0,0.623958924420201,0.02238209432454037
L185K,-0.83282340403589,L,K,185,1,0,0.741026157309952,0.09008792965627498
L185R,-0.787582935130118,L,R,185,1,0,0.753070600940858,0.10855315747402078
I186F,-0.174498951493692,I,F,186,1,0,0.916292947227764,0.679136690647482
I186Y,-0.920863556670907,I,Y,186,1,0,0.717587084256191,0.06842525979216627
I186P,-0.960913059919557,I,P,186,1,0,0.706924639856492,0.05883293365307754
I186M,-0.148544123208085,I,M,186,1,0,0.923202943383793,0.7224620303756994
I186L,-0.109250919591598,I,L,186,1,0,0.933664036902125,0.7832134292565948
I186V,-0.0571349994843411,I,V,186,1,0,0.947538943090919,0.8729016786570744
I186A,-0.815394135240125,I,A,186,1,0,0.745666379894199,0.09576338928856915
I186G,-0.762384406476675,I,G,186,1,0,0.759779246215518,0.11990407673860912
I186C,-0.683488603939634,I,C,186,1,0,0.780783804067288,0.15763389288569143
I186S,-0.445701124136271,I,S,186,1,0,0.844090351631857,0.38225419664268584
I186T,-0.281034067860703,I,T,186,1,0,0.887929929893284,0.5413269384492406
I186N,-0.0779332393688335,I,N,186,1,0,0.942001793853307,0.8367705835331735
I186Q,-3.43772560074255,I,Q,186,1,0,0.0475188080027815,0.0041566746602717825
I186D,-0.275258688851456,I,D,186,1,0,0.88946751844191,0.5476418864908074
I186E,-1.05710062222833,I,E,186,1,0,0.681316468671634,0.04068745003996803
I186H,-0.579738045309223,I,H,186,1,0,0.808405484065823,0.23381294964028776
I186K,-0.587713568702946,I,K,186,1,0,0.806282147498673,0.22486011191047162
I186R,-0.685654371068101,I,R,186,1,0,0.780207208361553,0.15699440447641885
V187F,-0.253016604214651,V,F,187,1,0,0.895389064816679,0.5726618705035971
V187W,-0.364605177214755,V,W,187,1,0,0.865680657502151,0.45979216626698644
V187Y,-1.91319742858125,V,Y,187,1,0,0.453396423276162,0.009592326139088728
V187P,-0.877204441541476,V,P,187,1,0,0.729210521498783,0.07977617905675459
V187M,-0.925504486231909,V,M,187,1,0,0.716351522029617,0.0671462829736211
V187I,-0.0434184743373783,V,I,187,1,0,0.951190715893906,0.897841726618705
V187L,-0.515211935783286,V,L,187,1,0,0.825584375171606,0.29984012789768183
V187A,-0.163395097803293,V,A,187,1,0,0.919249144258754,0.6968824940047962
V187G,-0.243872254116676,V,G,187,1,0,0.897823580018671,0.5862509992006395
V187C,-0.0520815428512496,V,C,187,1,0,0.948884333070967,0.8820143884892087
V187S,-3.43772560074255,V,S,187,1,0,0.0475188080027815,0.0041566746602717825
V187T,-0.95018735604524,V,T,187,1,0,0.709780161446797,0.0618705035971223
V187N,-1.13620268830142,V,N,187,1,0,0.660256996943127,0.03157474020783373
V187Q,-0.676544398226134,V,Q,187,1,0,0.782632571250755,0.16059152677857713
V187D,-0.0677231943346282,V,D,187,1,0,0.944720030751771,0.8513189448441247
V187E,-0.690364055141119,V,E,187,1,0,0.778953341509399,0.1537170263788969
V187H,-1.48994465261783,V,H,187,1,0,0.56607969833977,0.014308553157474022
V187K,-0.772285056206814,V,K,187,1,0,0.757143380132159,0.11590727418065548
V187R,-3.43772560074255,V,R,187,1,0,0.0475188080027815,0.0041566746602717825
R188F,-0.877926363917632,R,F,188,1,0,0.729018322930204,0.07961630695443644
R188Y,-0.226099212760837,R,Y,188,1,0,0.902555325730812,0.6081534772182254
R188P,-0.375262126577057,R,P,188,1,0,0.862843440537424,0.4492406075139888
R188M,-0.452060916497645,R,M,188,1,0,0.84239717376581,0.3741806554756195
R188I,-1.6731410498814,R,I,188,1,0,0.517307023484834,0.011270983213429257
R188L,-0.185774691464127,R,L,188,1,0,0.913290988632827,0.6610711430855316
R188V,-0.594038983808312,R,V,188,1,0,0.804598121945416,0.2184652278177458
R188A,-1.06786070335866,R,A,188,1,0,0.678451794768537,0.03836930455635491
R188G,-0.215407886142528,R,G,188,1,0,0.905401695008328,0.6215827338129496
R188C,-0.0534566330915466,R,C,188,1,0,0.948518240559389,0.8788169464428457
R188S,-0.281171576884733,R,S,188,1,0,0.887893320642126,0.5408473221422861
R188T,-0.776100931623638,R,T,188,1,0,0.756127473412531,0.11342925659472422
R188N,-0.83282340403589,R,N,188,1,0,0.741026157309952,0.09008792965627498
R188Q,-0.515211935783286,R,Q,188,1,0,0.825584375171606,0.29984012789768183
R188D,-0.530131664890508,R,D,188,1,0,0.821612271420988,0.28129496402877696
R188E,-0.622434597270446,R,E,188,1,0,0.797038311581336,0.19488409272581936
R188H,-0.139812300182199,R,H,188,1,0,0.925527630832311,0.7365307753796962
R188K,-0.496270067723194,R,K,188,1,0,0.830627299518588,0.32446043165467625
C189F,-0.168586063460415,C,F,189,1,0,0.917867145027548,0.6884092725819344
C189W,-0.100244078517653,C,W,189,1,0,0.936061942852959,0.7987210231814549
C189Y,0.0277080683419849,C,Y,189,1,1,0.970126851055262,0.9750599520383693
C189P,-0.589982467599436,C,P,189,1,0,0.80567809485457,0.22270183852917666
C189M,-1.13620268830142,C,M,189,1,0,0.660256996943127,0.03157474020783373
C189I,-0.789748702258586,C,I,189,1,0,0.752494005235123,0.10631494804156674
C189L,-0.990615009109973,C,L,189,1,0,0.699017041606414,0.052118305355715426
C189V,-0.433462820997628,C,V,189,1,0,0.847348574984899,0.3937649880095923
C189A,-0.133486885076833,C,A,189,1,0,0.927211656385568,0.746123101518785
C189G,-0.371893155488329,C,G,189,1,0,0.863740367190789,0.45347721822541964
C189S,0.0136477706349479,C,S,189,1,1,0.96638355512438,0.9651478816946443
C189T,-0.259513905600055,C,T,189,1,0,0.893659277699475,0.5654676258992806
C189N,-0.498367080339647,C,N,189,1,0,0.830069008438432,0.320863309352518
C189Q,-0.603389597442332,C,Q,189,1,0,0.802108692866687,0.208792965627498
C189E,-3.43772560074255,C,E,189,1,0,0.0475188080027815,0.0041566746602717825
C189H,-3.43772560074255,C,H,189,1,0,0.0475188080027815,0.0041566746602717825
C189K,-0.82601670734642,C,K,189,1,0,0.742838315242262,0.09224620303756995
C189R,-0.107566434047234,C,R,189,1,0,0.934112500228808,0.7857713828936851
Q190F,-1.11602323902506,Q,F,190,1,0,0.66562940455053,0.033733013589128696
Q190Y,-0.981230018219946,Q,Y,190,1,0,0.701515622997931,0.05403677058353317
Q190P,-0.251194609646258,Q,P,190,1,0,0.895874137394519,0.5745803357314149
Q190M,0.0706452610952593,Q,M,190,1,1,0.981558089729274,0.9920063948840927
Q190I,-0.786310976657843,Q,I,190,1,0,0.753409236514067,0.10871302957633892
Q190L,-0.179105503798687,Q,L,190,1,0,0.915066537313979,0.6719424460431654
Q190V,-0.995290315926983,Q,V,190,1,0,0.69777232706705,0.051159072741806554
Q190A,0.0293925538863487,Q,A,190,1,1,0.970575314381944,0.9760191846522782
Q190G,-0.457148750386744,Q,G,190,1,0,0.841042631472973,0.3683453237410072
Q190C,-0.103166145278284,Q,C,190,1,0,0.935283996265856,0.7942446043165468
Q190S,-0.012203925882636,Q,S,190,1,0,0.95950101590672,0.9390087929656274
Q190T,-0.167761009316236,Q,T,190,1,0,0.918086800534495,0.6900079936051159
Q190N,-0.0034377256007425,Q,N,190,1,0,0.961834855668027,0.9485211830535571
Q190D,-1.05710062222833,Q,D,190,1,0,0.681316468671634,0.04068745003996803
Q190E,-0.131046099900306,Q,E,190,1,0,0.927861470593619,0.7496402877697842
Q190H,-0.069648320671044,Q,H,190,1,0,0.944207501235562,0.8494004796163069
Q190K,-0.154319502217333,Q,K,190,1,0,0.921665354835167,0.7123900879296563
Q190R,-0.110763518855925,Q,R,190,1,0,0.93326133513939,0.780255795363709
G191F,-0.563340094193682,G,F,191,1,0,0.812771137266387,0.24828137490007993
G191W,-0.479425212279556,G,W,191,1,0,0.835111932785415,0.34540367705835334
G191Y,-0.870019595035924,G,Y,191,1,0,0.731123354871776,0.08169464428457235
G191P,-0.986867888205163,G,P,191,1,0,0.700014643700463,0.05291766586730615
G191I,-0.769706762006257,G,I,191,1,0,0.757829803591367,0.11670663469224621
G191L,-0.676544398226134,G,L,191,1,0,0.782632571250755,0.16059152677857713
G191V,-0.0502939255388634,G,V,191,1,0,0.949360253336018,0.8850519584332533
G191A,-0.254288562686926,G,A,191,1,0,0.89505042924347,0.5709032773780975
G191C,-0.189143662552855,G,C,191,1,0,0.912394061979462,0.657154276578737
G191S,-0.145037643095328,G,S,191,1,0,0.924136479288316,0.7291766586730616
G191T,-1.02519852865344,G,T,191,1,0,0.689809814940236,0.04716227018385292
G191Q,-0.322561793117673,G,Q,191,1,0,0.876873936043638,0.4991207034372502
G191D,-0.0469593317061432,G,D,191,1,0,0.950248027676594,0.8920863309352518
G191E,-0.544088830829523,G,E,191,1,0,0.817896432428475,0.2660271782573941
G191H,-0.575681529100347,G,H,191,1,0,0.809485456974977,0.23709032773780975
G191K,-0.479425212279556,G,K,191,1,0,0.835111932785415,0.34540367705835334
G191R,-0.42809996906047,G,R,191,1,0,0.848776335780051,0.3982414068745004
Y192F,-0.0257141874935542,Y,F,192,1,0,0.955904156980469,0.9235011990407674
Y192P,-0.730722953693836,Y,P,192,1,0,0.768208526294594,0.1348521183053557
Y192I,-0.691601636357386,Y,I,192,1,0,0.778623858248979,0.15315747402078336
Y192L,-0.759599848740074,Y,L,192,1,0,0.760520583551463,0.12134292565947243
Y192V,-1.16356698408333,Y,V,192,1,0,0.652971755962732,0.029576338928856916
Y192A,-0.368042902815497,Y,A,192,1,0,0.864765426223207,0.45715427657873703
Y192G,-1.13620268830142,Y,G,192,1,0,0.660256996943127,0.03157474020783373
Y192C,-0.185224655368009,Y,C,192,1,0,0.913437425637458,0.6621902478017586
Y192S,-0.342741242394032,Y,S,192,1,0,0.871501528436236,0.4805755395683453
Y192T,-0.772903846814947,Y,T,192,1,0,0.756978638501949,0.11558752997601919
Y192N,-0.381312523634363,Y,N,192,1,0,0.861232633486482,0.4445243804956035
Y192Q,-1.07652377187253,Y,Q,192,1,0,0.676145411945598,0.037569944044764186
Y192D,-0.17064869882086,Y,D,192,1,0,0.917318006260182,0.6852118305355716
Y192E,-0.846780569974905,Y,E,192,1,0,0.737310318317439,0.08633093525179857
Y192H,-0.0640448279418336,Y,H,192,1,0,0.945699328220241,0.8578737010391687
Y192K,-3.43772560074255,Y,K,192,1,0,0.0475188080027815,0.0041566746602717825
Y192R,-0.905978204819691,Y,R,192,1,0,0.72155003569402,0.07146282973621103
M193F,-0.776100931623638,M,F,193,1,0,0.756127473412531,0.11342925659472422
M193W,-0.676544398226134,M,W,193,1,0,0.782632571250755,0.16059152677857713
M193Y,-0.568324796314758,M,Y,193,1,0,0.811444051911918,0.24332533972821743
M193P,-0.156519646601808,M,P,193,1,0,0.921079606816643,0.7089528377298161
M193I,-0.0948468493244869,M,I,193,1,0,0.937498855960901,0.8090327737809753
M193L,-0.134483825501049,M,L,193,1,0,0.926946239314674,0.7451638689048761
M193V,-0.196672281618481,M,V,193,1,0,0.910389705478574,0.6483613109512391
M193A,-0.33314998796796,M,A,193,1,0,0.87405502370449,0.48832933653077537
M193G,-0.281240331396748,M,G,193,1,0,0.887875016016547,0.540687450039968
M193C,-0.633572828216852,M,C,193,1,0,0.794072962237557,0.18729016786570743
M193S,-0.510571006222283,M,S,193,1,0,0.826819937398181,0.30607513988808954
M193T,-0.130014782220083,M,T,193,1,0,0.928136039977302,0.7509192645883294
M193N,-0.606483550483,M,N,193,1,0,0.801284984715637,0.20671462829736212
M193Q,-0.661005878510777,M,Q,193,1,0,0.786769416631583,0.1707434052757794
M193D,-0.452060916497645,M,D,193,1,0,0.84239717376581,0.3741806554756195
M193E,-0.697205129086596,M,E,193,1,0,0.7771320312643,0.14860111910471624
M193H,-1.6347072776651,M,H,193,1,0,0.52753930918343,0.01167066346922462
M193K,-0.212863969197979,M,K,193,1,0,0.906078966154747,0.6250199840127898
M193R,-0.456426828010588,M,R,193,1,0,0.841234830041551,0.36962430055955237
Y194F,-0.210595070301488,Y,F,194,1,0,0.90668301879885,0.6284572342126299
Y194P,-0.974560830554505,Y,P,194,1,0,0.703291171679083,0.05547561950439648
Y194M,-0.479425212279556,Y,M,194,1,0,0.835111932785415,0.34540367705835334
Y194I,-0.585547801574478,Y,I,194,1,0,0.806858743204408,0.22653876898481215
Y194L,-0.737289009591254,Y,L,194,1,0,0.766460434551811,0.13237410071942446
Y194V,-0.968785451545258,Y,V,194,1,0,0.704828760227709,0.05683453237410072
Y194A,-0.093162363780123,Y,A,194,1,0,0.937947319287584,0.8129496402877698
Y194G,-0.64453917288322,Y,G,194,1,0,0.791153374457725,0.18185451638689049
Y194C,-0.0432809653133486,Y,C,194,1,0,0.951227325145064,0.8980015987210231
Y194S,-0.127436488019526,Y,S,194,1,0,0.92882246343651,0.7563549160671463
Y194T,-0.765443982261336,Y,T,194,1,0,0.758964690377258,0.11798561151079137
Y194N,-0.0347897830795145,Y,N,194,1,0,0.953487946404056,0.9119104716227019
Y194Q,-0.0477156313383065,Y,Q,194,1,0,0.950046676795226,0.8904876099120703
Y194D,-0.0307332668706383,Y,D,194,1,0,0.95456791931321,0.9163868904876099
Y194E,-1.11602323902506,Y,E,194,1,0,0.66562940455053,0.033733013589128696
Y194H,-0.18013682147891,Y,H,194,1,0,0.914791967930296,0.6708233413269384
Y194K,-0.488122658049434,Y,K,194,1,0,0.832796397649686,0.3365307753796962
Y194R,-1.6731410498814,Y,R,194,1,0,0.517307023484834,0.011270983213429257
P195F,-0.306645123586235,P,F,195,1,0,0.88111145686515,0.5132693844924061
P195Y,-0.64453917288322,P,Y,195,1,0,0.791153374457725,0.18185451638689049
P195I,-0.528859706418234,P,I,195,1,0,0.821950906994197,0.28281374900079936
P195L,-0.154903915569459,P,L,195,1,0,0.921509765517746,0.7114308553157475
P195V,-0.249716387637939,P,V,195,1,0,0.896267686844465,0.5764988009592326
P195A,-0.322114888789577,P,A,195,1,0,0.876992916109901,0.5002398081534772
P195G,-0.461411530131665,P,G,195,1,0,0.839907744687082,0.36554756195043964
P195C,-0.481453470383994,P,C,195,1,0,0.834571946330838,0.3430855315747402
P195S,-0.329746639623225,P,S,195,1,0,0.874961102670645,0.4914468425259792
P195T,-0.286362542541854,P,T,195,1,0,0.88651132141092,0.5354116706634692
P195N,-0.510571006222283,P,N,195,1,0,0.826819937398181,0.30607513988808954
P195Q,-1.11103853690398,P,Q,195,1,0,0.666956489905,0.03445243804956035
P195H,-0.0733610643198459,P,H,195,1,0,0.943219051454303,0.8433253397282174
P195K,-0.611090102787995,P,K,195,1,0,0.800058574801852,0.2040767386091127
P195R,-0.442297775791536,P,R,195,1,0,0.844996430598012,0.38705035971223023
A196F,-1.01887311354808,A,F,196,1,0,0.691493840493492,0.04844124700239808
A196W,-0.249716387637939,A,W,196,1,0,0.896267686844465,0.5764988009592326
A196Y,-0.742892502320465,A,Y,196,1,0,0.764968607567132,0.1293365307753797
A196P,-0.335109491560384,A,P,196,1,0,0.873533341875492,0.4871302957633893
A196M,-1.07652377187253,A,M,196,1,0,0.676145411945598,0.037569944044764186
A196I,-0.697205129086596,A,I,196,1,0,0.7771320312643,0.14860111910471624
A196L,-1.0532503695555,A,L,196,1,0,0.682341527704051,0.04156674660271783
A196V,-0.106053834782908,A,V,196,1,0,0.934515201991543,0.7887290167865707
A196G,-0.150159854240434,A,G,196,1,0,0.922772784682689,0.7205435651478816
A196C,-0.101378527965898,A,C,196,1,0,0.935759916530907,0.7974420463629097
A196S,-0.0837429956340884,A,S,196,1,0,0.940455052991891,0.8268585131894485
A196T,-0.088074529891024,A,T,196,1,0,0.939301861580421,0.8206235011990408
A196N,-0.280518409020592,A,N,196,1,0,0.888067214585126,0.5422062350119904
A196Q,-0.351026161091822,A,Q,196,1,0,0.86929582105398,0.47162270183852917
A196D,-0.0797896111932345,A,D,196,1,0,0.941507568962677,0.8342126298960831
A196E,-0.931211110729142,A,E,196,1,0,0.714832238106569,0.06578737010391687
A196H,-1.0,A,H,196,1,0,0.696518460214896,0.05019984012789768
A196K,-0.717418955618963,A,K,196,1,0,0.771750471344108,0.14060751398880894
A196R,-0.934751968097906,A,R,196,1,0,0.713889549889257,0.064828137490008
K197F,-1.75798411770773,K,F,197,1,0,0.49471911552049,0.010711430855315748
K197W,-0.573206366667813,K,W,197,1,0,0.810144423495817,0.23940847322142286
K197Y,-3.43772560074255,K,Y,197,1,0,0.0475188080027815,0.0041566746602717825
K197P,-0.742204957200316,K,P,197,1,0,0.765151653822921,0.1302158273381295
K197M,-0.481453470383994,K,M,197,1,0,0.834571946330838,0.3430855315747402
K197I,-0.228608752449379,K,I,197,1,0,0.901887206897183,0.6046362909672263
K197L,-0.434803533981918,K,L,197,1,0,0.84699163478611,0.3926458832933653
K197V,-0.0706796383512668,K,V,197,1,0,0.943932931851879,0.8482813749000799
K197A,-0.594829660696483,K,A,197,1,0,0.804387618751258,0.21806554756195043
K197G,-3.43772560074255,K,G,197,1,0,0.0475188080027815,0.0041566746602717825
K197C,-0.405514111863591,K,C,197,1,0,0.854789405282715,0.4223820943245404
K197S,-0.535838289387741,K,S,197,1,0,0.820092987497941,0.27466027178257396
K197T,-0.384509608443054,K,T,197,1,0,0.860381468397064,0.441726618705036
K197N,-0.167589123036199,K,N,197,1,0,0.918132562098442,0.6903277378097522
K197Q,-0.0984220839492591,K,Q,197,1,0,0.936547015430799,0.8024780175859313
K197D,-0.901715425074771,K,D,197,1,0,0.72268492247991,0.07306155075939248
K197E,-0.0947437175564646,K,E,197,1,0,0.937526312899269,0.8092725819344524
K197H,-0.561071195297191,K,H,197,1,0,0.81337518991049,0.2509992006394884
K197R,-0.0462030320739798,K,R,197,1,0,0.950449378557961,0.8932054356514788
D198F,-0.390938155316443,D,F,198,1,0,0.858669985905438,0.434052757793765
D198W,-0.601464471105916,D,W,198,1,0,0.802621222382896,0.21135091926458832
D198Y,-0.0938155316442641,D,Y,198,1,0,0.937773425344584,0.8116706634692247
D198P,-0.497198253635395,D,P,198,1,0,0.830380187073273,0.3224620303756994
D198M,-0.583725807006085,D,M,198,1,0,0.807343815782248,0.2286970423661071
D198I,-0.469558939805425,D,I,198,1,0,0.837738646555984,0.35603517186251
D198L,-0.239918869675822,D,L,198,1,0,0.898876095989457,0.5905675459632295
D198V,-0.10375055863041,D,V,198,1,0,0.935128406948436,0.7929656274980016
D198A,-0.275636838667537,D,A,198,1,0,0.889366843001226,0.5469224620303756
D198G,-0.0722953693836157,D,G,198,1,0,0.943502773150775,0.8458033573141487
D198C,-0.40032314620647,D,C,198,1,0,0.85617140451392,0.4270183852917666
D198S,-0.415655402385782,D,S,198,1,0,0.852089473009829,0.41183053557154276
D198T,-0.112619890680326,D,T,198,1,0,0.93276711024876,0.7772981614708233
D198N,-0.156691532881845,D,N,198,1,0,0.921033845252695,0.7085531574740208
D198Q,-0.199834989171164,D,Q,198,1,0,0.909547692701946,0.64396482813749
D198E,0.0045034205369727,D,E,198,1,0,0.963949039922388,0.9557154276578737
D198H,-0.21324211901406,D,H,198,1,0,0.905978290714063,0.6243804956035172
D198K,-0.0503626800508783,D,K,198,1,0,0.949341948710439,0.8848920863309353
D198R,-0.617071745333287,D,R,198,1,0,0.79846607237649,0.19920063948840927
Q199F,-0.829695073739214,Q,F,199,1,0,0.741859017773791,0.09144684252597922
Q199W,-0.270583382034446,Q,W,199,1,0,0.890712232981274,0.5525179856115108
Q199Y,-0.546426484238028,Q,Y,199,1,0,0.817274075158793,0.26410871302957634
Q199P,-0.211007597373578,Q,P,199,1,0,0.906573191045377,0.627498001598721
Q199M,-0.230912028601877,Q,M,199,1,0,0.90127400194029,0.5999200639488409
Q199I,-0.179380521846746,Q,I,199,1,0,0.914993318811664,0.6714628297362111
Q199L,-0.204200900684107,Q,L,199,1,0,0.908385348977687,0.6390087929656275
Q199V,-0.158135377634157,Q,V,199,1,0,0.920649448115539,0.7061550759392486
Q199A,-0.0594038983808312,Q,A,199,1,0,0.946934890446816,0.8684252597921662
Q199G,-0.488122658049434,Q,G,199,1,0,0.832796397649686,0.3365307753796962
Q199C,-0.414933480009626,Q,C,199,1,0,0.852281671578408,0.41294964028776976
Q199S,-0.349101034755406,Q,S,199,1,0,0.869808350570189,0.47386091127098323
Q199T,-0.133968166660937,Q,T,199,1,0,0.927083524006516,0.7454836131095124
Q199N,-0.477671972223177,Q,N,199,1,0,0.835578700737676,0.34772182254196643
Q199D,-0.375262126577057,Q,D,199,1,0,0.862843440537424,0.4492406075139888
Q199E,-0.252191550070473,Q,E,199,1,0,0.895608720323626,0.573621103117506
Q199H,-0.0584069579566159,Q,H,199,1,0,0.94720030751771,0.8717026378896883
Q199K,-0.159854240434529,Q,K,199,1,0,0.920191832476066,0.7023980815347722
Q199R,-0.181683797999244,Q,R,199,1,0,0.914380113854771,0.667066346922462
Q200F,-1.06194781532538,Q,F,200,1,0,0.680025992568322,0.03916866506794564
Q200Y,-0.597854859225137,Q,Y,200,1,0,0.803582215225787,0.21502797761790568
Q200P,-0.222352091856028,Q,P,200,1,0,0.903552927824861,0.6126298960831335
Q200M,-1.12606139777923,Q,M,200,1,0,0.662956929216012,0.0328537170263789
Q200I,-0.289318986558493,Q,I,200,1,0,0.885724222511028,0.5323741007194245
Q200L,-0.445632369624257,Q,L,200,1,0,0.844108656257436,0.382414068745004
Q200V,-0.72106294475575,Q,V,200,1,0,0.770780326188427,0.13844924060751398
Q200A,-0.395200935061363,Q,A,200,1,0,0.857535099119547,0.43117505995203836
Q200G,-0.65536800852556,Q,G,200,1,0,0.788270395929051,0.17434052757793764
Q200C,-0.383684554298876,Q,C,200,1,0,0.86060112390401,0.4425259792166267
Q200S,-0.0469249544501357,Q,S,200,1,0,0.950257179989383,0.89224620303757
Q200T,-0.688988964900822,Q,T,200,1,0,0.779319434020977,0.15435651478816947
Q200N,-0.408711196672282,Q,N,200,1,0,0.853938240193297,0.41926458832933655
Q200D,-0.988724260029564,Q,D,200,1,0,0.699520418809833,0.05259792166266986
Q200E,-0.284231152669394,Q,E,200,1,0,0.887078764803866,0.5375699440447642
Q200H,-0.133211867028774,Q,H,200,1,0,0.927284874887884,0.7469224620303757
Q200K,-0.252088418302451,Q,K,200,1,0,0.895636177261994,0.5737809752198242
Q200R,-0.109972841967754,Q,R,200,1,0,0.933471838333547,0.7823341326938449
V201F,-0.181683797999244,V,F,201,1,0,0.914380113854771,0.667066346922462
V201W,-0.238268761387466,V,W,201,1,0,0.899315407003349,0.591207034372502
V201Y,-0.298085186840386,V,Y,201,1,0,0.883390382749721,0.5226219024780175
V201P,-0.65536800852556,V,P,201,1,0,0.788270395929051,0.17434052757793764
V201M,0.127058338203445,V,M,201,1,1,0.996577035016749,0.9998401278976818
V201I,0.0674825535425762,V,I,201,1,1,0.980716076952646,0.9913669064748202
V201L,0.053491010347554,V,L,201,1,1,0.976991085647343,0.986810551558753
V201A,-0.007356732785589,V,A,201,1,0,0.960791492010031,0.9448441247002398
V201G,-0.0636323008697445,V,G,201,1,0,0.945809155973715,0.8589928057553957
V201C,0.0455842414658461,V,C,201,1,1,0.974886053705771,0.9832933653077538
V201S,0.0049503248650692,V,S,201,1,0,0.964068019988651,0.95603517186251
V201T,0.0678607033586579,V,T,201,1,1,0.98081675239333,0.9915267785771383
V201N,-0.039190071848465,V,N,201,1,0,0.952316450367008,0.9039168665067946
V201Q,0.0061879060813365,V,Q,201,1,0,0.964397503249071,0.9578737010391687
V201D,-0.174945855821788,V,D,201,1,0,0.916173967161502,0.6788169464428457
V201E,-0.239231324555674,V,E,201,1,0,0.899059142245245,0.5910471622701838
V201H,-0.219567534119427,V,H,201,1,0,0.904294265160806,0.6170263788968825
V201K,-0.112516758912304,V,K,201,1,0,0.932794567187128,0.7774580335731415
V201R,0.0242015882292275,V,R,201,1,1,0.969193315150739,0.9721822541966427
M202F,-0.499329643507855,M,F,202,1,0,0.829812743680328,0.32006394884092726
M202W,-0.253085358726666,M,W,202,1,0,0.8953707601911,0.5724220623501199
M202Y,-0.430781395029049,M,Y,202,1,0,0.848062455382475,0.3964828137490008
M202P,-0.732166798446148,M,P,202,1,0,0.767824129157438,0.13413269384492407
M202I,-0.020523221836433,M,I,202,1,0,0.957286156211675,0.9302957633892885
M202L,-0.0125476984427103,M,L,202,1,0,0.959409492778825,0.9386091127098322
M202V,-0.0819897555777097,M,V,202,1,0,0.940921820944152,0.829736211031175
M202A,-0.0991440063254151,M,A,202,1,0,0.936354816862221,0.801119104716227
M202G,-0.249991405685998,M,G,202,1,0,0.89619446834215,0.5756195043964828
M202C,-0.144693870535254,M,C,202,1,0,0.92422800241621,0.7298161470823341
M202S,-0.159372958850424,M,S,202,1,0,0.920319964855119,0.7036770583533174
M202T,-0.0359242325277596,M,T,202,1,0,0.953185920082004,0.9097521982414069
M202N,-0.0383306404482794,M,N,202,1,0,0.952545258186744,0.9048760991207034
M202Q,-0.116813915913232,M,Q,202,1,0,0.931650528088448,0.7720223820943245
M202D,-0.661934064422978,M,D,202,1,0,0.786522304186268,0.16994404476418865
M202E,-0.595620337584654,M,E,202,1,0,0.804177115557101,0.21710631494804156
M202H,-0.0273642957819106,M,H,202,1,0,0.955464845966576,0.9211031175059952
M202K,-0.240159510467874,M,K,202,1,0,0.89881202979993,0.5903277378097522
M202R,-0.225961703736808,M,R,202,1,0,0.90259193498197,0.608872901678657
M203F,-0.471243425349789,M,F,203,1,0,0.837290183229302,0.3536370903277378
M203W,-0.756849668259479,M,W,203,1,0,0.761252768574619,0.12302158273381295
M203Y,-1.6347072776651,M,Y,203,1,0,0.52753930918343,0.01167066346922462
M203P,-0.476400013750902,M,P,203,1,0,0.835917336310886,0.34932054356514786
M203I,-0.163532606827323,M,I,203,1,0,0.919212535007596,0.6964028776978417
M203L,-0.229090034033483,M,L,203,1,0,0.901759074518131,0.6036770583533173
M203V,-0.180686857575028,M,V,203,1,0,0.914645530925665,0.6695443645083933
M203A,-0.920107257038743,M,A,203,1,0,0.717788435137559,0.0689048760991207
M203G,-0.743820688232665,M,G,203,1,0,0.764721495121817,0.12893685051958434
M203C,-0.801505723813125,M,C,203,1,0,0.749363914261134,0.10143884892086331
M203S,-0.89838083124205,M,S,203,1,0,0.723572696820486,0.07370103916866506
M203T,-0.266870638385644,M,T,203,1,0,0.891700682762534,0.5571542765787371
M203N,-1.84344597614218,M,N,203,1,0,0.47196646592594,0.00991207034372502
M203Q,-0.753583828938774,M,Q,203,1,0,0.762122238289616,0.12470023980815348
M203D,-0.780363711368558,M,D,203,1,0,0.75499258662664,0.11183053557154277
M203E,-3.43772560074255,M,E,203,1,0,0.0475188080027815,0.0041566746602717825
M203H,-0.690364055141119,M,H,203,1,0,0.778953341509399,0.1537170263788969
M203K,-0.240400151259926,M,K,203,1,0,0.898747963610404,0.590087929656275
M203R,-0.453642270273987,M,R,203,1,0,0.841976167377496,0.3721822541966427
A204F,-0.907009522499914,A,F,204,1,0,0.721275466310336,0.07090327737809753
A204Y,-0.790951906218846,A,Y,204,1,0,0.752173674287492,0.10455635491606714
A204P,-0.176286568806078,A,P,204,1,0,0.915817026962713,0.6770583533173461
A204M,-0.717418955618963,A,M,204,1,0,0.771750471344108,0.14060751398880894
A204I,-0.593660833992231,A,I,204,1,0,0.804698797386099,0.21998401278976817
A204L,-0.940321083571109,A,L,204,1,0,0.712406875217367,0.06378896882494005
A204V,-0.0698202069510811,A,V,204,1,0,0.944161739671615,0.8492406075139888
A204G,-0.140293581766303,A,G,204,1,0,0.925399498453259,0.7357314148681056
A204C,0.0747705318161504,A,C,204,1,1,0.982656367264008,0.9924860111910472
A204S,0.0310082849186977,A,S,204,1,1,0.971005473083048,0.9772182254196643
A204T,-0.0587163532606827,A,T,204,1,0,0.947117936702605,0.8705035971223022
A204N,-0.0908247103716181,A,N,204,1,0,0.938569676557266,0.8158273381294964
A204Q,-0.494207432362749,A,Q,204,1,0,0.831176438285955,0.32821742605915266
A204D,-0.101378527965898,A,D,204,1,0,0.935759916530907,0.7974420463629097
A204E,-0.707380796864794,A,E,204,1,0,0.774422946678626,0.1448441247002398
A204H,-0.538966619684417,A,H,204,1,0,0.819260127034101,0.27114308553157473
A204K,-0.742204957200316,A,K,204,1,0,0.765151653822921,0.1302158273381295
A204R,-0.835470452748461,A,R,204,1,0,0.740321429225165,0.0891286970423661
K205F,-0.270583382034446,K,F,205,1,0,0.890712232981274,0.5525179856115108
K205Y,-0.667537557152188,K,Y,205,1,0,0.785030477201589,0.16626698641087131
K205P,-1.43576609715013,K,P,205,1,0,0.580503743295929,0.015827338129496403
K205M,-0.0671387809825019,K,M,205,1,0,0.944875620069191,0.8524380495603517
K205I,-0.943999449963904,K,I,205,1,0,0.711427577748897,0.06314948041566747
K205L,-0.435353570078036,K,L,205,1,0,0.846845197781479,0.39184652278177456
K205V,-0.778232321496098,K,V,205,1,0,0.755560030019586,0.11270983213429256
K205A,-0.529753515074427,K,A,205,1,0,0.821712946861672,0.2815347721822542
K205G,-0.860737735913919,K,G,205,1,0,0.733594479324925,0.08353317346123101
K205C,-0.717418955618963,K,C,205,1,0,0.771750471344108,0.14060751398880894
K205S,-0.464883632988415,K,S,205,1,0,0.838983361095349,0.3617905675459632
K205T,-0.346522740554849,K,T,205,1,0,0.870494774029397,0.47585931254996006
K205N,-0.219842552167486,K,N,205,1,0,0.904221046658491,0.6167865707434053
K205Q,-0.208979339269139,K,Q,205,1,0,0.907113177499954,0.6302158273381295
K205D,-0.377152875657465,K,D,205,1,0,0.862340063334004,0.4475619504396483
K205E,-0.117879610849462,K,E,205,1,0,0.931366806391975,0.7694644284572342
K205H,-0.380453092234178,K,H,205,1,0,0.861461441306218,0.44588329336530774
K205R,-0.0586132214926604,K,R,205,1,0,0.947145393640973,0.8709032773780975
A206F,-1.38698477087559,A,F,206,1,0,0.593490875144148,0.017426059152677857
A206W,-1.09615318505277,A,W,206,1,0,0.670919441342827,0.036051159072741805
A206Y,-0.531094228058716,A,Y,206,1,0,0.821356006662884,0.2793764988009592
A206P,-0.401595104678744,A,P,206,1,0,0.855832768940711,0.42509992006394887
A206M,-0.351404310907903,A,M,206,1,0,0.869195145613296,0.47106314948041567
A206I,-0.48537247756884,A,I,206,1,0,0.833528582672841,0.3398880895283773
A206L,-0.626181718175255,A,L,206,1,0,0.796040709487287,0.1926458832933653
A206V,-0.0068066966894702,A,V,206,1,0,0.960937929014662,0.9454836131095123
A206G,-0.311801711987349,A,G,206,1,0,0.879738609946733,0.5087130295763389
A206C,0.048643817250507,A,C,206,1,1,0.975700609544032,0.9848121502797762
A206S,-0.0801333837533088,A,S,206,1,0,0.941416045834782,0.8337330135891287
A206T,0.0050534566330915,A,T,206,1,0,0.964095476927019,0.9564348521183054
A206N,-0.414933480009626,A,N,206,1,0,0.852281671578408,0.41294964028776976
A206Q,-0.587713568702946,A,Q,206,1,0,0.806282147498673,0.22486011191047162
A206D,-0.493382378218571,A,D,206,1,0,0.831396093792901,0.3289368505195843
A206E,-0.332256179311767,A,E,206,1,0,0.874292983837016,0.4892086330935252
A206H,-0.686926329540376,A,H,206,1,0,0.779868572788343,0.15619504396482814
A206K,-0.646120526659562,A,K,206,1,0,0.790732368069411,0.18081534772182253
A206R,-0.692804840317646,A,R,206,1,0,0.778303527301349,0.15203836930455636
M207F,-0.593660833992231,M,F,207,1,0,0.804698797386099,0.21998401278976817
M207W,-0.315067551308055,M,W,207,1,0,0.878869140231736,0.5059952038369304
M207Y,-0.626731754271374,M,Y,207,1,0,0.795894272482656,0.19248601119104716
M207P,-1.09615318505277,M,P,207,1,0,0.670919441342827,0.036051159072741805
M207I,-0.101653546013957,M,I,207,1,0,0.935686698028592,0.7965627498001598
M207L,-0.110075973735776,M,L,207,1,0,0.933444381395178,0.7820943245403678
M207V,-0.0651449001340713,M,V,207,1,0,0.945406454210979,0.8561151079136691
M207A,-0.700333459383272,M,A,207,1,0,0.776299170800461,0.14660271782573941
M207G,-0.579738045309223,M,G,207,1,0,0.808405484065823,0.23381294964028776
M207C,-0.697205129086596,M,C,207,1,0,0.7771320312643,0.14860111910471624
M207S,-1.23864691120355,M,S,207,1,0,0.63298310483059,0.02541966426858513
M207T,-0.218467461927189,M,T,207,1,0,0.904587139170068,0.6182254196642686
M207N,-1.04554986420984,M,N,207,1,0,0.684391645768885,0.04284572342126299
M207Q,-0.531094228058716,M,Q,207,1,0,0.821356006662884,0.2793764988009592
M207D,-0.807796761662484,M,D,207,1,0,0.747689041020666,0.0991207034372502
M207E,-1.05710062222833,M,E,207,1,0,0.681316468671634,0.04068745003996803
M207H,-0.558871050912716,M,H,207,1,0,0.813960937929014,0.25259792166266987
M207K,-0.12791776960363,M,K,207,1,0,0.928694331057458,0.7553157474020783
M207R,-0.262573481384716,M,R,207,1,0,0.892844721861214,0.5630695443645084
A208F,-0.54426071710956,A,F,208,1,0,0.817850670864527,0.26578737010391684
A208W,-0.573206366667813,A,W,208,1,0,0.810144423495817,0.23940847322142286
A208Y,-0.95726907078277,A,Y,208,1,0,0.707894785012172,0.06003197442046363
A208P,-0.423115266939393,A,P,208,1,0,0.850103421134521,0.40255795363709035
A208M,-0.676544398226134,A,M,208,1,0,0.782632571250755,0.16059152677857713
A208I,-0.776100931623638,A,I,208,1,0,0.756127473412531,0.11342925659472422
A208L,-0.686926329540376,A,L,208,1,0,0.779868572788343,0.15619504396482814
A208V,-0.0997627969335487,A,V,208,1,0,0.936190075232011,0.7993605115907274
A208G,-0.325380728110282,A,G,208,1,0,0.876123446394904,0.49688249400479617
A208C,-0.474406132902472,A,C,208,1,0,0.836448170452673,0.35091926458832934
A208S,-0.233112172986352,A,S,208,1,0,0.900688253921766,0.5961630695443645
A208T,-0.220564474543642,A,T,208,1,0,0.904028848089912,0.6156674660271783
A208N,-0.737289009591254,A,N,208,1,0,0.766460434551811,0.13237410071942446
A208Q,-1.00941936814603,A,Q,208,1,0,0.69401072651059,0.04924060751398881
A208D,-0.260888995840352,A,D,208,1,0,0.893293185187897,0.564748201438849
A208E,-0.708480869057032,A,E,208,1,0,0.774130072669363,0.1445243804956035
A208H,-0.921791742583107,A,H,208,1,0,0.717339971810876,0.06810551558752997
A208K,-0.599504967513493,A,K,208,1,0,0.803142904211894,0.21374900079936052
A208R,-0.895321255457389,A,R,208,1,0,0.724387252658747,0.0741806554756195
W209F,-0.193578328577813,W,F,209,1,0,0.911213413629624,0.6526778577138289
W209Y,-0.230912028601877,W,Y,209,1,0,0.90127400194029,0.5999200639488409
W209P,-1.03217711162295,W,P,209,1,0,0.687951895443979,0.0460431654676259
W209M,-0.47055588022964,W,M,209,1,0,0.837473229485091,0.35459632294164667
W209I,-0.496579463027261,W,I,209,1,0,0.830544928703483,0.3237410071942446
W209L,-0.11657327512118,W,L,209,1,0,0.931714594277974,0.7723421262989608
W209V,-0.249716387637939,W,V,209,1,0,0.896267686844465,0.5764988009592326
W209A,-0.601189453057857,W,A,209,1,0,0.802694440885212,0.21183053557154277
W209G,-0.349410430059473,W,G,209,1,0,0.869725979755084,0.4735411670663469
W209C,0.0007562996321633,W,C,209,1,0,0.962951437828339,0.9517186250999201
W209S,-0.31125167589123,W,S,209,1,0,0.879885046951365,0.5091926458832934
W209T,-3.43772560074255,W,T,209,1,0,0.0475188080027815,0.0041566746602717825
W209N,-0.65536800852556,W,N,209,1,0,0.788270395929051,0.17434052757793764
W209Q,-0.488122658049434,W,Q,209,1,0,0.832796397649686,0.3365307753796962
W209D,-0.471243425349789,W,D,209,1,0,0.837290183229302,0.3536370903277378
W209E,-0.686926329540376,W,E,209,1,0,0.779868572788343,0.15619504396482814
W209H,-0.43250025782942,W,H,209,1,0,0.847604839743003,0.39488409272581937
W209K,-0.943999449963904,W,K,209,1,0,0.711427577748897,0.06314948041566747
W209R,-0.256729347863453,W,R,209,1,0,0.89440061503542,0.5680255795363709
A210F,-0.683488603939634,A,F,210,1,0,0.780783804067288,0.15763389288569143
A210W,-1.39578534841349,A,W,210,1,0,0.591147883070051,0.01694644284572342
A210Y,-0.550689263982949,A,Y,210,1,0,0.816139188372902,0.26059152677857716
A210P,-0.456598714290625,A,P,210,1,0,0.841189068477604,0.36922462030375697
A210M,-0.575681529100347,A,M,210,1,0,0.809485456974977,0.23709032773780975
A210I,-0.351404310907903,A,I,210,1,0,0.869195145613296,0.47106314948041567
A210L,-0.764103269277046,A,L,210,1,0,0.759321630576047,0.11950439648281375
A210V,-0.0648698820860119,A,V,210,1,0,0.945479672713294,0.8565947242206235
A210G,-0.216095431262677,A,G,210,1,0,0.90521864875254,0.6211031175059952
A210C,-0.155625837945615,A,C,210,1,0,0.921317566949168,0.7106314948041567
A210S,-0.241878373268246,A,S,210,1,0,0.898354414160458,0.5880095923261391
A210T,-0.148784764000137,A,T,210,1,0,0.923138877194267,0.7221422861710631
A210N,-0.776100931623638,A,N,210,1,0,0.756127473412531,0.11342925659472422
A210Q,-1.0,A,Q,210,1,0,0.696518460214896,0.05019984012789768
A210D,-0.717418955618963,A,D,210,1,0,0.771750471344108,0.14060751398880894
A210E,-0.0912028601876998,A,E,210,1,0,0.938469001116582,0.8154276578737011
A210H,-1.21303585547802,A,H,210,1,0,0.639801577858724,0.02717825739408473
A210K,-0.452060916497645,A,K,210,1,0,0.84239717376581,0.3741806554756195
A210R,-0.812506445735501,A,R,210,1,0,0.746435174168512,0.09720223820943245
N211F,-1.24235965485235,N,F,211,1,0,0.631994655049331,0.025019984012789768
N211Y,-0.150641135824538,N,Y,211,1,0,0.922644652303637,0.7201438848920864
N211P,-1.16442641548352,N,P,211,1,0,0.652742948142994,0.02941646682653877
N211M,-0.785864072329747,N,M,211,1,0,0.75352821658033,0.10895283772981615
N211I,-0.0489532125545738,N,I,211,1,0,0.949717193534806,0.8878497202238209
N211L,-0.984977139124755,N,L,211,1,0,0.700518020903882,0.05331734612310152
N211V,-1.07002647048713,N,V,211,1,0,0.677875199062802,0.038129496402877695
N211A,-0.904362473787342,N,A,211,1,0,0.721980194395124,0.07162270183852917
N211G,-0.872460380212451,N,G,211,1,0,0.730473540663726,0.08073541167066348
N211C,-0.579738045309223,N,C,211,1,0,0.808405484065823,0.23381294964028776
N211S,-0.212588951149919,N,S,211,1,0,0.906152184657063,0.6257394084732214
N211T,-0.729622881501598,N,T,211,1,0,0.768501400303857,0.1354916067146283
N211Q,-0.783767059713294,N,Q,211,1,0,0.754086507660486,0.10999200639488409
N211D,-0.181683797999244,N,D,211,1,0,0.914380113854771,0.667066346922462
N211E,-0.611090102787995,N,E,211,1,0,0.800058574801852,0.2040767386091127
N211H,-0.262367217848671,N,H,211,1,0,0.892899635737951,0.5635491606714629
N211K,-0.173433256557462,N,K,211,1,0,0.916576668924237,0.6802557953637091
N211R,-1.05857884423665,N,R,211,1,0,0.680922919221688,0.03964828137490008
N212F,-0.352951287428237,N,F,212,1,0,0.868783291537772,0.46994404476418866
N212W,-0.47055588022964,N,W,212,1,0,0.837473229485091,0.35459632294164667
N212Y,-0.244869194540892,N,Y,212,1,0,0.897558162947777,0.5840927258193446
N212P,-0.982948881020317,N,P,212,1,0,0.701058007358459,0.053557154276578735
N212I,-0.167520368524184,N,I,212,1,0,0.918150866724021,0.6904876099120704
N212L,-0.278112001100072,N,L,212,1,0,0.888707876480387,0.5448441247002398
N212V,-0.165767128467806,N,V,212,1,0,0.918617634676282,0.6929656274980016
N212A,-0.372752586888515,N,A,212,1,0,0.863511559371053,0.4529976019184652
N212G,-0.0941593042043384,N,G,212,1,0,0.93768190221669,0.8108713029576339
N212C,-0.133314998796796,N,C,212,1,0,0.927257417949516,0.7465227817745803
N212S,-0.110316614527828,N,S,212,1,0,0.933380315205652,0.781294964028777
N212T,-0.0848774450823335,N,T,212,1,0,0.940153026669839,0.8247801758593125
N212Q,0.0006187906081336,N,Q,212,1,0,0.962914828577181,0.9513988808952838
N212D,-0.0935061363401973,N,D,212,1,0,0.937855796159689,0.8124700239808154
N212E,-0.347279040187012,N,E,212,1,0,0.870293423148029,0.47545963229416466
N212H,-0.137646533053732,N,H,212,1,0,0.926104226538046,0.7411670663469224
N212K,-0.131974285812506,N,K,212,1,0,0.927614358148304,0.7486810551558754
N212R,-0.8384268967651,N,R,212,1,0,0.739534330325273,0.08729016786570744
C213F,-0.096153185052769,C,F,213,1,0,0.937151068074902,0.8075139888089529
C213W,-0.16717659596411,C,W,213,1,0,0.918242389851915,0.6914468425259792
C213Y,-0.102650486438173,C,Y,213,1,0,0.935421280957698,0.7949640287769785
C213P,-0.916257004365911,C,P,213,1,0,0.718813494169977,0.06938449240607514
C213I,-0.33314998796796,C,I,213,1,0,0.87405502370449,0.48832933653077537
C213L,-0.432878407645502,C,L,213,1,0,0.847504164302319,0.3943245403677058
C213V,0.0109663446663687,C,V,213,1,1,0.965669674726803,0.9625099920063949
C213A,-0.396404139021623,C,A,213,1,0,0.857214768171917,0.4294164668265388
C213G,-0.200728797827357,C,G,213,1,0,0.90930973256942,0.6425259792166267
C213S,-0.210870088349548,C,S,213,1,0,0.906609800296535,0.6277378097521983
C213T,-0.173742651861528,C,T,213,1,0,0.916494298109132,0.6799360511590727
C213N,-0.524356285881261,C,N,213,1,0,0.823149859969614,0.2885691446842526
C213Q,-0.658668225102272,C,Q,213,1,0,0.787391773901265,0.1717825739408473
C213D,-0.801505723813125,C,D,213,1,0,0.749363914261134,0.10143884892086331
C213E,-0.907009522499914,C,E,213,1,0,0.721275466310336,0.07090327737809753
C213H,-1.88428615627901,C,H,213,1,0,0.461093518332081,0.009752198241406874
C213K,-0.615627900580976,C,K,213,1,0,0.798850469513646,0.2
C213R,-0.168482931692392,C,R,213,1,0,0.917894601965917,0.689048760991207
Y214F,-0.227164907697068,Y,F,214,1,0,0.902271604034339,0.6057553956834533
Y214W,-0.65536800852556,Y,W,214,1,0,0.788270395929051,0.17434052757793764
Y214P,-0.889339612912097,Y,P,214,1,0,0.72597975508411,0.07625899280575539
Y214M,-0.377152875657465,Y,M,214,1,0,0.862340063334004,0.4475619504396483
Y214I,-0.825329162226271,Y,I,214,1,0,0.74302136149805,0.09256594724220624
Y214L,-0.932208051153357,Y,L,214,1,0,0.714566821035676,0.0653876898481215
Y214V,-0.91440063254151,Y,V,214,1,0,0.719307719060607,0.06970423661071143
Y214A,-0.647667503179896,Y,A,214,1,0,0.790320513993886,0.17985611510791366
Y214G,-0.871704080580288,Y,G,214,1,0,0.730674891545093,0.08105515587529977
Y214C,-0.230224483481728,Y,C,214,1,0,0.901457048196079,0.6015187849720224
Y214S,-0.626800508783389,Y,S,214,1,0,0.795875967857077,0.192326139088729
Y214T,-0.742445597992368,Y,T,214,1,0,0.765087587633395,0.1299760191846523
Y214N,-0.346522740554849,Y,N,214,1,0,0.870494774029397,0.47585931254996006
Y214Q,-0.681735363883255,Y,Q,214,1,0,0.781250572019549,0.1580335731414868
Y214D,-0.283509230293238,Y,D,214,1,0,0.887270963372444,0.5387689848121503
Y214E,-0.528859706418234,Y,E,214,1,0,0.821950906994197,0.28281374900079936
Y214H,-0.150984908384613,Y,H,214,1,0,0.922553129175742,0.7187849720223821
Y214K,-0.976554711402936,Y,K,214,1,0,0.702760337537296,0.05451638689048761
Y214R,-0.651655264876758,Y,R,214,1,0,0.789258845710311,0.17673860911270983
V215F,-0.232252741586166,V,F,215,1,0,0.900917061741502,0.5976818545163869
V215W,-0.337412767712881,V,W,215,1,0,0.872920136918599,0.48513189448441246
V215Y,-3.43772560074255,V,Y,215,1,0,0.0475188080027815,0.0041566746602717825
V215P,-3.43772560074255,V,P,215,1,0,0.0475188080027815,0.0041566746602717825
V215M,-0.389116160748049,V,M,215,1,0,0.859155058483278,0.4364508393285372
V215I,-0.213620268830142,V,I,215,1,0,0.90587761527338,0.6239808153477219
V215L,-0.601739489153976,V,L,215,1,0,0.80254800388058,0.21103117505995203
V215A,-0.226305476296882,V,A,215,1,0,0.902500411854075,0.6072741806554757
V215G,-0.395819725669497,V,G,215,1,0,0.857370357489337,0.4299760191846523
V215C,-0.737289009591254,V,C,215,1,0,0.766460434551811,0.13237410071942446
V215S,-0.85819381896937,V,S,215,1,0,0.734271750471344,0.08393285371702638
V215T,-0.925504486231909,V,T,215,1,0,0.716351522029617,0.0671462829736211
V215N,-0.883873629206917,V,N,215,1,0,0.727434972817631,0.07825739408473222
V215Q,-3.43772560074255,V,Q,215,1,0,0.0475188080027815,0.0041566746602717825
V215D,-0.169754890164667,V,D,215,1,0,0.917555966392707,0.686810551558753
V215E,-1.05710062222833,V,E,215,1,0,0.681316468671634,0.04068745003996803
V215H,-1.31173295747533,V,H,215,1,0,0.613525287840238,0.02038369304556355
V215K,-0.780363711368558,V,K,215,1,0,0.75499258662664,0.11183053557154277
V215R,-0.718553405067207,V,R,215,1,0,0.771448445022057,0.13940847322142286
A216F,-0.646739317267696,A,F,216,1,0,0.790567626439201,0.18001598721023182
A216W,-0.442435284815566,A,W,216,1,0,0.844959821346854,0.38657074340527575
A216Y,-0.727388359861116,A,Y,216,1,0,0.76909630063517,0.13605115907274182
A216P,-0.338134690089037,A,P,216,1,0,0.872727938350021,0.48409272581934454
A216I,-3.43772560074255,A,I,216,1,0,0.0475188080027815,0.0041566746602717825
A216L,-0.697205129086596,A,L,216,1,0,0.7771320312643,0.14860111910471624
A216V,-0.19495341881811,A,V,216,1,0,0.910847321118046,0.6508393285371703
A216G,-0.278077623844065,A,G,216,1,0,0.888717028793176,0.545003996802558
A216C,-0.400598164254529,A,C,216,1,0,0.856098186011605,0.42645883293365305
A216S,-0.112860531472378,A,S,216,1,0,0.932703044059234,0.776818545163869
A216T,-0.0616727972773213,A,T,216,1,0,0.946330837802713,0.862669864108713
A216N,-1.04747499054625,A,N,216,1,0,0.683879116252678,0.042366107114308556
A216Q,-0.960534910103476,A,Q,216,1,0,0.707025315297175,0.058992805755395686
A216D,-0.0856681219705043,A,D,216,1,0,0.939942523475682,0.8239808153477218
A216E,-0.676544398226134,A,E,216,1,0,0.782632571250755,0.16059152677857713
A216H,-0.55495204372787,A,H,216,1,0,0.815004301587011,0.25699440447641886
A216K,-1.361133074358,A,K,216,1,0,0.60037341436181,0.018465227817745802
A216R,-0.947712193612706,A,R,216,1,0,0.710439127967637,0.06211031175059952
V217F,-0.700127195847228,V,F,217,1,0,0.776354084677198,0.14684252597921663
V217W,-0.513046168654818,V,W,217,1,0,0.82616097087734,0.30247801758593124
V217Y,-1.02856749974217,V,Y,217,1,0,0.68891288828687,0.04668265387689848
V217P,-0.664202963319468,V,P,217,1,0,0.785918251542164,0.1680255795363709
V217M,-0.456873732338685,V,M,217,1,0,0.841115849975289,0.3688249400479616
V217I,-0.13740589226168,V,I,217,1,0,0.926168292727572,0.741726618705036
V217L,-0.244147272164736,V,L,217,1,0,0.897750361516355,0.5860111910471623
V217A,-0.244766062772869,V,A,217,1,0,0.897585619886145,0.584652278177458
V217G,-0.412802090137165,V,G,217,1,0,0.852849114971353,0.41566746602717825
V217C,-0.143456289318987,V,C,217,1,0,0.92455748567663,0.730775379696243
V217S,-0.619993812093919,V,S,217,1,0,0.797688125789387,0.19696243005595523
V217T,-0.156519646601808,V,T,217,1,0,0.921079606816643,0.7089528377298161
V217N,-3.43772560074255,V,N,217,1,0,0.0475188080027815,0.0041566746602717825
V217Q,-0.0292206676063116,V,Q,217,1,0,0.954970621075946,0.9192645883293366
V217D,-1.17748977276634,V,D,217,1,0,0.649265069283007,0.028617106314948043
V217E,-0.27921207329231,V,E,217,1,0,0.888415002471124,0.543884892086331
V217H,-0.925504486231909,V,H,217,1,0,0.716351522029617,0.0671462829736211
V217K,-0.657396266629998,V,K,217,1,0,0.787730409474474,0.17282174260591526
V217R,-0.76138746605246,V,R,217,1,0,0.760044663286412,0.1205435651478817
A218F,-0.697205129086596,A,F,218,1,0,0.7771320312643,0.14860111910471624
A218P,-0.307951459314517,A,P,218,1,0,0.880763668979151,0.5116706634692246
A218M,-0.925504486231909,A,M,218,1,0,0.716351522029617,0.0671462829736211
A218I,-0.973220117570216,A,I,218,1,0,0.703648111877871,0.05579536370903277
A218L,-0.618653099109629,A,L,218,1,0,0.798045065988175,0.1980015987210232
A218V,-0.0612602702052322,A,V,218,1,0,0.946440665556186,0.8641087130295764
A218G,-0.22125201966379,A,G,218,1,0,0.903845801834123,0.6139088729016786
A218C,-0.470315239437588,A,C,218,1,0,0.837537295674617,0.35523581135091925
A218S,-0.183024510983533,A,S,218,1,0,0.914023173655983,0.6657873701039169
A218T,-0.0436591151294303,A,T,218,1,0,0.95112664970438,0.8976019184652279
A218N,-1.41369589879336,A,N,218,1,0,0.586379528106752,0.016386890487609912
A218Q,-1.56402763931383,A,Q,218,1,0,0.546356464278523,0.013509192645883293
A218D,-0.513046168654818,A,D,218,1,0,0.82616097087734,0.30247801758593124
A218E,-0.0849461995943483,A,E,218,1,0,0.94013472204426,0.8246203037569944
A218H,-3.43772560074255,A,H,218,1,0,0.0475188080027815,0.0041566746602717825
A218K,-0.953281309085909,A,K,218,1,0,0.708956453295748,0.06115107913669065
A218R,-0.712159235449826,A,R,218,1,0,0.773150775200893,0.14228617106314947
N219F,-0.962597545463921,N,F,219,1,0,0.706476176529809,0.05787370103916867
N219W,-1.10110350991784,N,W,219,1,0,0.669601508301147,0.035171862509992005
N219Y,-0.240984564612053,N,Y,219,1,0,0.898592374292983,0.5894484412470024
N219P,-0.817422393344563,N,P,219,1,0,0.745126393439622,0.09512390087929656
N219M,-0.328405926638936,N,M,219,1,0,0.875318042869433,0.49368505195843326
N219I,-0.290797208566812,N,I,219,1,0,0.885330673061082,0.529656274980016
N219L,-1.0148165973392,N,L,219,1,0,0.692573813402647,0.04876099120703437
N219V,-0.611090102787995,N,V,219,1,0,0.800058574801852,0.2040767386091127
N219A,-0.661487160094881,N,A,219,1,0,0.78664128425253,0.1701039168665068
N219G,-0.641582728866582,N,G,219,1,0,0.791940473357617,0.18305355715427657
N219C,-1.03313967479116,N,C,219,1,0,0.687695630685874,0.04524380495603517
N219S,-0.126680188387363,N,S,219,1,0,0.929023814317878,0.757154276578737
N219T,-0.311939221011379,N,T,219,1,0,0.879702000695576,0.5085531574740207
N219Q,-0.962597545463921,N,Q,219,1,0,0.706476176529809,0.05787370103916867
N219D,-0.132249303860566,N,D,219,1,0,0.927541139645988,0.7485211830535572
N219E,-1.26872701021005,N,E,219,1,0,0.624974831139828,0.022861710631494805
N219H,-0.559317955240813,N,H,219,1,0,0.813841957862752,0.2517985611510791
N219K,-0.232080855306129,N,K,219,1,0,0.900962823305449,0.5980815347721823
N219R,-1.11602323902506,N,R,219,1,0,0.66562940455053,0.033733013589128696
A220F,-0.389116160748049,A,F,220,1,0,0.859155058483278,0.4364508393285372
A220Y,-0.88236102994259,A,Y,220,1,0,0.727837674580366,0.0785771382893685
A220P,-0.527209598129877,A,P,220,1,0,0.822390218008091,0.2844124700239808
A220M,-0.622434597270446,A,M,220,1,0,0.797038311581336,0.19488409272581936
A220I,-0.020041940252329,A,I,220,1,0,0.957414288590727,0.9308553157474021
A220L,-0.241500223452164,A,L,220,1,0,0.898455089601142,0.5884892086330935
A220V,-0.19467840077005,A,V,220,1,0,0.910920539620362,0.6513189448441247
A220G,-0.19735982673863,A,G,220,1,0,0.910206659222785,0.6474820143884892
A220C,-0.246828698133315,A,C,220,1,0,0.897036481118779,0.5810551558752998
A220S,-0.199559971123105,A,S,220,1,0,0.909620911204261,0.6446043165467625
A220T,-0.173570765581491,A,T,220,1,0,0.916540059673079,0.6800959232613909
A220N,-0.752930661074633,A,N,220,1,0,0.762296132232615,0.12557953637090327
A220Q,-1.23125580116195,A,Q,220,1,0,0.634950852080321,0.02597921662669864
A220D,-0.0927498367080339,A,D,220,1,0,0.938057147041057,0.8133493205435651
A220E,-0.64453917288322,A,E,220,1,0,0.791153374457725,0.18185451638689049
A220H,-0.614699714668775,A,H,220,1,0,0.799097581958961,0.2006394884092726
A220K,-0.488122658049434,A,K,220,1,0,0.832796397649686,0.3365307753796962
A220R,-0.941146137715287,A,R,220,1,0,0.712187219710421,0.0636290967226219
A221F,-1.46041458970745,A,F,221,1,0,0.573941535025901,0.01486810551558753
A221W,-0.563340094193682,A,W,221,1,0,0.812771137266387,0.24828137490007993
A221Y,-0.86259410773832,A,Y,221,1,0,0.733100254434295,0.08313349320543566
A221P,-0.417477396954175,A,P,221,1,0,0.851604400431989,0.40927258193445243
A221M,-0.289422118326515,A,M,221,1,0,0.88569676557266,0.53189448441247
A221I,-0.707380796864794,A,I,221,1,0,0.774422946678626,0.1448441247002398
A221L,-1.10010656949362,A,L,221,1,0,0.669866925372042,0.03533173461231015
A221V,-0.071264051703393,A,V,221,1,0,0.943777342534458,0.8474820143884892
A221G,-0.17425831070164,A,G,221,1,0,0.91635701341729,0.6794564348521183
A221C,-0.102237959366083,A,C,221,1,0,0.935531108711171,0.7960031974420464
A221S,-0.0063941696173811,A,S,221,1,0,0.961047756768135,0.9458832933653077
A221T,0.0144728247791261,A,T,221,1,1,0.966603210631326,0.9657873701039169
A221N,-3.43772560074255,A,N,221,1,0,0.0475188080027815,0.0041566746602717825
A221Q,-0.88236102994259,A,Q,221,1,0,0.727837674580366,0.0785771382893685
A221D,-0.763278215132868,A,D,221,1,0,0.759541286082993,0.11974420463629097
A221E,-0.118910928529685,A,E,221,1,0,0.931092237008292,0.7685051958433253
A221H,-0.493382378218571,A,H,221,1,0,0.831396093792901,0.3289368505195843
A221K,-1.22248960088006,A,K,221,1,0,0.637284691841628,0.02653876898481215
A221R,-1.13111485441232,A,R,221,1,0,0.661611539235965,0.032214228617106315
G222F,-1.33607205472859,G,F,222,1,0,0.607045450385312,0.019744204636290966
G222W,-0.504898758981058,G,W,222,1,0,0.828330069008438,0.3134292565947242
G222Y,-1.25356664031077,G,Y,222,1,0,0.629011001079973,0.024300559552358113
G222P,-0.858090687201348,G,P,222,1,0,0.734299207409712,0.08409272581934453
G222M,-0.461411530131665,G,M,222,1,0,0.839907744687082,0.36554756195043964
G222I,-0.895905668809516,G,I,222,1,0,0.724231663341326,0.07402078337330135
G222L,-1.06098525215717,G,L,222,1,0,0.680282257326427,0.03948840927258193
G222V,-0.248135033861597,G,V,222,1,0,0.89668869323278,0.5793764988009592
G222A,-0.491801024442229,G,A,222,1,0,0.831817100181216,0.3311750599520384
G222C,-0.11763897005741,G,C,222,1,0,0.931430872581501,0.7706634692246203
G222S,-0.454432947162158,G,S,222,1,0,0.841765664183339,0.37074340527577937
G222T,-0.996218501839183,G,T,222,1,0,0.697525214621735,0.05099920063948841
G222N,-0.947299666540617,G,N,222,1,0,0.71054895572111,0.06235011990407674
G222Q,-0.907009522499914,G,Q,222,1,0,0.721275466310336,0.07090327737809753
G222D,-0.139915431950222,G,D,222,1,0,0.925500173893943,0.7363709032773781
G222E,-1.26491113479322,G,E,222,1,0,0.625990737859457,0.023501199040767386
G222H,-3.43772560074255,G,H,222,1,0,0.0475188080027815,0.0041566746602717825
G222K,-0.788064216714222,G,K,222,1,0,0.752942468561805,0.10799360511590728
G222R,-0.622090824710372,G,R,222,1,0,0.797129834709231,0.19536370903277378
F223W,-0.0832960913059919,F,W,223,1,0,0.940574033058154,0.8273381294964028
F223Y,-0.103991199422462,F,Y,223,1,0,0.93506434075891,0.7926458832933653
F223P,-0.926363917632095,F,P,223,1,0,0.716122714209881,0.06666666666666667
F223M,-0.521640482656674,F,M,223,1,0,0.82387289267998,0.2908872901678657
F223I,-0.497542026195469,F,I,223,1,0,0.830288663945379,0.32230215827338127
F223L,-0.255147994087112,F,L,223,1,0,0.894821621423734,0.5701039168665067
F223V,-0.0829523187459177,F,V,223,1,0,0.940665556186048,0.8276578737010392
F223A,-0.384887758259136,F,A,223,1,0,0.86028079295638,0.44028776978417267
F223G,-1.13620268830142,F,G,223,1,0,0.660256996943127,0.03157474020783373
F223C,-0.170545567052838,F,C,223,1,0,0.91734546319855,0.685691446842526
F223S,-0.285778129189728,F,S,223,1,0,0.886666910728341,0.5365307753796963
F223T,-0.27213035855478,F,T,223,1,0,0.890300378905749,0.5504396482813749
F223N,-0.329162226271099,F,N,223,1,0,0.875116691988065,0.4924060751398881
F223Q,-0.0659699542782495,F,Q,223,1,0,0.945186798704032,0.8545163868904876
F223D,-0.771322493038606,F,D,223,1,0,0.757399644890263,0.11630695443645084
F223E,-0.668912647392485,F,E,223,1,0,0.784664384690011,0.16546762589928057
F223H,-0.162982570731204,F,H,223,1,0,0.919358972012227,0.6976818545163869
F223K,-0.284368661693424,F,K,223,1,0,0.887042155552708,0.537330135891287
F223R,-0.585513424318471,F,R,223,1,0,0.806867895517197,0.22677857713828936
D224F,-1.0,D,F,224,1,0,0.696518460214896,0.05019984012789768
D224W,-0.537729038468149,D,W,224,1,0,0.819589610294521,0.272501998401279
D224Y,-0.163463852315308,D,Y,224,1,0,0.919230839633175,0.6965627498001599
D224P,-0.950565505861322,D,P,224,1,0,0.709679486006114,0.06171063149480416
D224M,-0.411598886176905,D,M,224,1,0,0.853169445918984,0.41686650679456433
D224I,-0.952249991405686,D,I,224,1,0,0.709231022679431,0.06155075939248601
D224L,-3.43772560074255,D,L,224,1,0,0.0475188080027815,0.0041566746602717825
D224V,-0.100347210285675,D,V,224,1,0,0.936034485914591,0.7985611510791367
D224A,-0.256694970607446,D,A,224,1,0,0.894409767348209,0.5682653876898481
D224G,-0.113479322080511,D,G,224,1,0,0.932538302429024,0.7756994404476419
D224C,-1.33607205472859,D,C,224,1,0,0.607045450385312,0.019744204636290966
D224S,-0.583725807006085,D,S,224,1,0,0.807343815782248,0.2286970423661071
D224T,-0.997318574031421,D,T,224,1,0,0.697232340612473,0.05067945643485212
D224N,-0.162054384819004,D,N,224,1,0,0.919606084457542,0.6992805755395683
D224Q,-0.717418955618963,D,Q,224,1,0,0.771750471344108,0.14060751398880894
D224E,-0.0805459108253979,D,E,224,1,0,0.941306218081309,0.8322142286171064
D224H,-0.472515383822063,D,H,224,1,0,0.836951547656093,0.35235811350919266
D224K,-0.851455876791914,D,K,224,1,0,0.736065603778075,0.08521183053557155
D224R,-0.713774966482175,D,R,224,1,0,0.772720616499789,0.14180655475619505
G225F,-0.351404310907903,G,F,225,1,0,0.869195145613296,0.47106314948041567
G225Y,-0.581731926157654,G,Y,225,1,0,0.807874649924036,0.23229416466826538
G225P,-0.737289009591254,G,P,225,1,0,0.766460434551811,0.13237410071942446
G225I,-0.591116917047681,G,I,225,1,0,0.805376068532518,0.2222222222222222
G225L,-0.685998143628176,G,L,225,1,0,0.780115685233658,0.15667466027178256
G225V,-0.04032452129671,G,V,225,1,0,0.952014424044956,0.9024780175859313
G225A,-0.28722197394204,G,A,225,1,0,0.886282513591184,0.5344524380495603
G225C,-0.0474406132902471,G,C,225,1,0,0.950119895297541,0.8910471622701839
G225S,-0.15583210148166,G,S,225,1,0,0.921262653072431,0.7103117505995203
G225T,-0.975007734882602,G,T,225,1,0,0.70317219161282,0.05491606714628297
G225N,-0.888514558767919,G,N,225,1,0,0.726199410591056,0.07665867306155076
G225Q,-3.43772560074255,G,Q,225,1,0,0.0475188080027815,0.0041566746602717825
G225D,-0.180583725807006,G,D,225,1,0,0.914672987864033,0.6698641087130296
G225E,-0.734470074598645,G,E,225,1,0,0.767210924200545,0.13365307753796962
G225H,-0.814053422255835,G,H,225,1,0,0.746023320092987,0.09664268585131894
G225K,-0.971913781841933,G,K,225,1,0,0.70399589976387,0.056195043964828134
G225R,-0.229708824641617,G,R,225,1,0,0.901594332887921,0.6027178257394085
V226F,-0.185465296160061,V,F,226,1,0,0.913373359447932,0.6614708233413269
V226Y,-0.737289009591254,V,Y,226,1,0,0.766460434551811,0.13237410071942446
V226P,-1.97583278902678,V,P,226,1,0,0.436720909373798,0.009432454036770583
V226M,-0.208154285124961,V,M,226,1,0,0.907332833006901,0.6322941646682654
V226I,-0.0519440338272199,V,I,226,1,0,0.948920942322125,0.882334132693845
V226L,-0.317508336484582,V,L,226,1,0,0.878219326023686,0.5038369304556355
V226A,-0.13967479115817,V,A,226,1,0,0.925564240083469,0.7371702637889688
V226G,-0.138162191893843,V,G,226,1,0,0.925966941846204,0.7405275779376499
V226C,-0.0460999003059575,V,C,226,1,0,0.95047683549633,0.8935251798561151
V226S,-0.354326377668534,V,S,226,1,0,0.868417199026194,0.4687450039968026
V226T,-0.116848293169239,V,T,226,1,0,0.931641375775658,0.7718625099920063
V226N,-0.201828870019595,V,N,226,1,0,0.909016858560158,0.6411670663469224
V226Q,-0.409948777888549,V,Q,226,1,0,0.853608756932877,0.4179056754596323
V226D,-0.278696414452198,V,D,226,1,0,0.888552287162966,0.5445243804956035
V226E,-0.270583382034446,V,E,226,1,0,0.890712232981274,0.5525179856115108
V226H,-0.0719172195675341,V,H,226,1,0,0.943603448591459,0.8465227817745803
V226K,-0.375262126577057,V,K,226,1,0,0.862843440537424,0.4492406075139888
V226R,-0.114648148784764,V,R,226,1,0,0.932227123794183,0.7742605915267786
Y227F,-0.0287050087662002,Y,F,227,1,0,0.955107905767787,0.91982414068745
Y227P,-0.814053422255835,Y,P,227,1,0,0.746023320092987,0.09664268585131894
Y227M,-1.17748977276634,Y,M,227,1,0,0.649265069283007,0.028617106314948043
Y227I,-0.981230018219946,Y,I,227,1,0,0.701515622997931,0.05403677058353317
Y227L,-0.570421808931211,Y,L,227,1,0,0.810885760831762,0.24172661870503598
Y227V,-1.22028945649558,Y,V,227,1,0,0.637870439860153,0.026778577138289367
Y227A,-0.242669050156416,Y,A,227,1,0,0.898143910966301,0.586890487609912
Y227G,-0.4222214582832,Y,G,227,1,0,0.850341381267046,0.40431654676258993
Y227C,-0.0550379868678882,Y,C,227,1,0,0.948097234171075,0.875779376498801
Y227S,-0.261267145656434,Y,S,227,1,0,0.893192509747213,0.5641886490807354
Y227T,-0.842139640413902,Y,T,227,1,0,0.738545880544013,0.086810551558753
Y227N,-0.198081749114786,Y,N,227,1,0,0.910014460654207,0.6460431654676259
Y227Q,-0.491422874626147,Y,Q,227,1,0,0.8319177756219,0.33189448441247005
Y227D,-0.17425831070164,Y,D,227,1,0,0.91635701341729,0.6794564348521183
Y227E,-0.322561793117673,Y,E,227,1,0,0.876873936043638,0.4991207034372502
Y227H,-0.12925848258792,Y,H,227,1,0,0.92833739085867,0.7526778577138289
Y227K,-0.818763106328853,Y,K,227,1,0,0.744769453240834,0.09496402877697842
Y227R,-0.907009522499914,Y,R,227,1,0,0.721275466310336,0.07090327737809753
S228F,-0.633572828216852,S,F,228,1,0,0.794072962237557,0.18729016786570743
S228Y,-0.354326377668534,S,Y,228,1,0,0.868417199026194,0.4687450039968026
S228P,-0.782013819656915,S,P,228,1,0,0.754553275612747,0.11127098321342925
S228M,-0.400598164254529,S,M,228,1,0,0.856098186011605,0.42645883293365305
S228I,-0.0764550173605142,S,I,228,1,0,0.942395343303253,0.8390087929656275
S228L,-1.7694661212142,S,L,228,1,0,0.491662243048819,0.010551558752997603
S228V,-0.827460552098732,S,V,228,1,0,0.742453918105105,0.09176658673061551
S228A,-0.106947643439101,S,A,228,1,0,0.934277241859018,0.7867306155075939
S228G,0.0170167417236756,S,G,228,1,1,0.967280481777745,0.9678657074340528
S228C,-0.0668293856784351,S,C,228,1,0,0.944957990884296,0.853796962430056
S228T,-0.125545738939118,S,T,228,1,0,0.929325840639929,0.7579536370903277
S228N,-0.23768434803534,S,N,228,1,0,0.89947099632077,0.5915267785771383
S228Q,-0.571590635635464,S,Q,228,1,0,0.810574582196921,0.2407673860911271
S228D,-0.881570353054419,S,D,228,1,0,0.728048177774523,0.07897681854516386
S228E,-0.700608477431331,S,E,228,1,0,0.776225952298146,0.14644284572342126
S228H,-0.194231496441954,S,H,228,1,0,0.911039519686625,0.651638689048761
S228K,-0.356285881260958,S,K,228,1,0,0.867895517197196,0.4677058353317346
S228R,-0.17625219155007,S,R,228,1,0,0.915826179275503,0.6772182254196643
Y229F,0.0126164529547251,Y,F,229,1,1,0.966108985740697,0.9641886490807354
Y229W,-0.337412767712881,Y,W,229,1,0,0.872920136918599,0.48513189448441246
Y229P,-0.907972085668122,Y,P,229,1,0,0.721019201552232,0.07018385291766586
Y229M,-0.823438413145863,Y,M,229,1,0,0.74352473870147,0.09320543565147882
Y229I,-0.76458455086115,Y,I,229,1,0,0.759193498196994,0.1187849720223821
Y229L,-1.14524390663137,Y,L,229,1,0,0.657849938679505,0.031015187849720224
Y229V,-0.717418955618963,Y,V,229,1,0,0.771750471344108,0.14060751398880894
Y229A,-0.559180446216783,Y,A,229,1,0,0.81387856711391,0.2521982414068745
Y229G,-1.32991852590326,Y,G,229,1,0,0.608683714374623,0.02014388489208633
Y229C,-0.0748736635841727,Y,C,229,1,0,0.942816349691567,0.8410871302957634
Y229S,-0.414933480009626,Y,S,229,1,0,0.852281671578408,0.41294964028776976
Y229T,-0.936058303826189,Y,T,229,1,0,0.713541762003258,0.06458832933653078
Y229N,-0.227233662209082,Y,N,229,1,0,0.902253299408761,0.6055955235811351
Y229Q,-1.04269655196122,Y,Q,229,1,0,0.68515128773041,0.04332533972821743
Y229D,-0.101378527965898,Y,D,229,1,0,0.935759916530907,0.7974420463629097
Y229E,-0.587713568702946,Y,E,229,1,0,0.806282147498673,0.22486011191047162
Y229H,-0.0613634019732544,Y,H,229,1,0,0.946413208617818,0.86378896882494
Y229K,-0.322561793117673,Y,K,229,1,0,0.876873936043638,0.4991207034372502
Y229R,-0.989274296125683,Y,R,229,1,0,0.699373981805202,0.05243804956035172
F230Y,-0.0786895390009969,F,Y,230,1,0,0.941800442971939,0.8356514788169465
F230P,-1.20942624359724,F,P,230,1,0,0.640762570701615,0.027338129496402876
F230I,-0.212623328405927,F,I,230,1,0,0.906143032344273,0.6254196642685851
F230L,-0.0935405135962047,F,L,230,1,0,0.9378466438469,0.8123101518784972
F230V,-0.18439960122383,F,V,230,1,0,0.913657081144405,0.6633093525179856
F230A,-0.756849668259479,F,A,230,1,0,0.761252768574619,0.12302158273381295
F230G,-0.717418955618963,F,G,230,1,0,0.771750471344108,0.14060751398880894
F230C,-0.066416858606346,F,C,230,1,0,0.94506781863777,0.8543565147881694
F230S,-0.0764206401045068,F,S,230,1,0,0.942404495616042,0.8391686650679456
F230T,-0.266458111313555,F,T,230,1,0,0.891810510516007,0.5574740207833733
F230N,-0.747086527553371,F,N,230,1,0,0.76385202540682,0.12717825739408473
F230D,-0.676544398226134,F,D,230,1,0,0.782632571250755,0.16059152677857713
F230E,-0.4222214582832,F,E,230,1,0,0.850341381267046,0.40431654676258993
F230H,-0.268417614905978,F,H,230,1,0,0.891288828687009,0.5558752997601919
F230K,-0.633572828216852,F,K,230,1,0,0.794072962237557,0.18729016786570743
F230R,-3.43772560074255,F,R,230,1,0,0.0475188080027815,0.0041566746602717825
G231F,-0.461411530131665,G,F,231,1,0,0.839907744687082,0.36554756195043964
G231W,-0.306645123586235,G,W,231,1,0,0.88111145686515,0.5132693844924061
G231Y,-0.756849668259479,G,Y,231,1,0,0.761252768574619,0.12302158273381295
G231P,-3.43772560074255,G,P,231,1,0,0.0475188080027815,0.0041566746602717825
G231M,-0.244559799236825,G,M,231,1,0,0.897640533762882,0.5848920863309353
G231I,-0.351404310907903,G,I,231,1,0,0.869195145613296,0.47106314948041567
G231L,-1.24235965485235,G,L,231,1,0,0.631994655049331,0.025019984012789768
G231V,-0.225342913128674,G,V,231,1,0,0.90275667661218,0.6105515587529976
G231A,-0.0881776616590463,G,A,231,1,0,0.939274404642053,0.8201438848920863
G231C,-0.0470624634741654,G,C,231,1,0,0.950220570738225,0.8919264588329336
G231S,-0.091305991955722,G,S,231,1,0,0.938441544178214,0.8151878497202238
G231T,-0.577400391900718,G,T,231,1,0,0.809027841335505,0.2357314148681055
G231N,-0.633572828216852,G,N,231,1,0,0.794072962237557,0.18729016786570743
G231Q,-1.21592354498264,G,Q,231,1,0,0.639032783584411,0.027018385291766586
G231D,-0.17879610849462,G,D,231,1,0,0.915148908129084,0.6729016786570743
G231H,-0.62064697995806,G,H,231,1,0,0.797514231846387,0.19664268585131894
G231K,-0.351404310907903,G,K,231,1,0,0.869195145613296,0.47106314948041567
G231R,-0.264567362233146,G,R,231,1,0,0.892313887719427,0.5601918465227818
H232F,-0.432878407645502,H,F,232,1,0,0.847504164302319,0.3943245403677058
H232W,-0.270583382034446,H,W,232,1,0,0.890712232981274,0.5525179856115108
H232Y,-0.007838014369693,H,Y,232,1,0,0.960663359630979,0.943884892086331
H232P,-0.462477225067895,H,P,232,1,0,0.83962402299061,0.3640287769784173
H232I,-0.971913781841933,H,I,232,1,0,0.70399589976387,0.056195043964828134
H232L,-0.164804565299598,H,L,232,1,0,0.918873899434387,0.694484412470024
H232V,-0.510571006222283,H,V,232,1,0,0.826819937398181,0.30607513988808954
H232A,-0.776100931623638,H,A,232,1,0,0.756127473412531,0.11342925659472422
H232G,-0.313073670459624,H,G,232,1,0,0.879399974373524,0.5077537969624301
H232C,-0.221183265151775,H,C,232,1,0,0.903864106459702,0.6141486810551559
H232S,-0.657740039190072,H,S,232,1,0,0.78763888634658,0.17218225419664268
H232T,-0.553886348791639,H,T,232,1,0,0.815288023283484,0.2578737010391687
H232N,-0.0802021382653236,H,N,232,1,0,0.941397741209203,0.8332533972821743
H232Q,-0.0350991783835814,H,Q,232,1,0,0.953405575588951,0.9111111111111111
H232D,-0.173364502045447,H,D,232,1,0,0.916594973549816,0.6804156674660272
H232E,-0.633572828216852,H,E,232,1,0,0.794072962237557,0.18729016786570743
H232K,-0.164151397435457,H,K,232,1,0,0.919047793377386,0.6949640287769784
H232R,-0.0718140877995118,H,R,232,1,0,0.943630905529827,0.8470023980815348
S233F,-0.692392313245557,S,F,233,1,0,0.778413355054822,0.15283772981614707
S233W,-0.633572828216852,S,W,233,1,0,0.794072962237557,0.18729016786570743
S233Y,-1.38698477087559,S,Y,233,1,0,0.593490875144148,0.017426059152677857
S233P,-0.924782563855753,S,P,233,1,0,0.716543720598195,0.06762589928057554
S233M,-1.24796314758156,S,M,233,1,0,0.630502828064652,0.02454036770583533
S233I,-0.29856646842449,S,I,233,1,0,0.883262250370669,0.5218225419664269
S233L,-0.814603458351954,S,L,233,1,0,0.745876883088356,0.09592326139088729
S233V,-0.798514902540479,S,V,233,1,0,0.750160165473815,0.10183852917665867
S233A,-0.762006256660593,S,A,233,1,0,0.759879921656203,0.12022382094324541
S233G,-0.183402660799615,S,G,233,1,0,0.913922498215299,0.6645083932853717
S233C,-0.206401045068583,S,C,233,1,0,0.907799600959162,0.6354916067146283
S233T,-0.539447901268521,S,T,233,1,0,0.819131994655049,0.2697042366107114
S233N,-0.240709546563993,S,N,233,1,0,0.898665592795299,0.5897681854516387
S233Q,-1.07002647048713,S,Q,233,1,0,0.677875199062802,0.038129496402877695
S233D,-0.728316545773316,S,D,233,1,0,0.768849188189856,0.13589128697042366
S233E,-1.05496923235587,S,E,233,1,0,0.681883912064579,0.04140687450039968
S233H,-0.758327890267799,S,H,233,1,0,0.760859219124673,0.1223021582733813
S233K,-1.38261885936265,S,K,233,1,0,0.594653218868407,0.017745803357314148
S233R,-0.232149609818144,S,R,233,1,0,0.90094451867987,0.5979216626698641
A234F,-0.595620337584654,A,F,234,1,0,0.804177115557101,0.21710631494804156
A234Y,-0.587713568702946,A,Y,234,1,0,0.806282147498673,0.22486011191047162
A234P,-0.383409536250816,A,P,234,1,0,0.860674342406326,0.44268585131894483
A234M,0.112448004400289,A,M,234,1,1,0.992687302081236,0.9987210231814548
A234I,-0.159888617690536,A,I,234,1,0,0.920182680163277,0.702158273381295
A234L,-0.0610540066691876,A,L,234,1,0,0.946495579432922,0.864828137490008
A234V,-0.117845233593455,A,V,234,1,0,0.931375958704765,0.7696243005595523
A234G,-0.265908075217436,A,G,234,1,0,0.891956947520638,0.5579536370903277
A234C,0.0959125442607171,A,C,234,1,1,0.988285039629514,0.9971223021582734
A234S,-0.0153666334353191,A,S,234,1,0,0.958659003130091,0.9357314148681055
A234T,0.0246141153013166,A,T,234,1,1,0.969303142904212,0.9723421262989609
A234N,-0.501082883564234,A,N,234,1,0,0.829345975728066,0.31798561151079136
A234Q,0.0168448554436384,A,Q,234,1,1,0.967234720213798,0.9673860911270983
A234D,-0.317577090996597,A,D,234,1,0,0.878201021398107,0.5035971223021583
A234E,-0.688988964900822,A,E,234,1,0,0.779319434020977,0.15435651478816947
A234H,-0.255629275671216,A,H,234,1,0,0.894693489044681,0.5694644284572342
A234K,-0.836536147684692,A,K,234,1,0,0.740037707528692,0.08880895283772981
A234R,-0.95726907078277,A,R,234,1,0,0.707894785012172,0.06003197442046363
I235F,-0.0982158204132146,I,F,235,1,0,0.936601929307536,0.8031974420463629
I235W,-0.872666643748496,I,W,235,1,0,0.730418626786989,0.08057553956834532
I235Y,-1.25638557530338,I,Y,235,1,0,0.628260511431238,0.024140687450039968
I235P,-0.770806834198494,I,P,235,1,0,0.757536929582105,0.11654676258992806
I235M,-0.253635394822785,I,M,235,1,0,0.895224323186469,0.5712230215827339
I235L,-0.23166832823404,I,L,235,1,0,0.901072651058922,0.598880895283773
I235V,-0.0862525353226305,I,V,235,1,0,0.939786934158262,0.8233413269384492
I235A,-0.892227302416721,I,A,235,1,0,0.725210960809796,0.07577937649880095
I235G,-1.48994465261783,I,G,235,1,0,0.56607969833977,0.014308553157474022
I235C,-1.08628691257864,I,C,235,1,0,0.673546155113396,0.036930455635491605
I235S,-0.557255319880367,I,S,235,1,0,0.814391096630118,0.2541966426858513
I235T,-0.290590945030768,I,T,235,1,0,0.885385586937819,0.5298960831334932
I235N,-0.263020385712812,I,N,235,1,0,0.892725741794952,0.5624300559552358
I235Q,-1.15665715562584,I,Q,235,1,0,0.654811370833409,0.02997601918465228
I235D,-2.33834095362508,I,D,235,1,0,0.340209771009134,0.00847322142286171
I235E,-0.662484100519097,I,E,235,1,0,0.786375867181636,0.1685851318944844
I235H,-0.651070851524631,I,H,235,1,0,0.789414435027731,0.1782573940847322
I235K,-0.776100931623638,I,K,235,1,0,0.756127473412531,0.11342925659472422
I235R,-0.968785451545258,I,R,235,1,0,0.704828760227709,0.05683453237410072
I236F,-0.0411495754408883,I,F,236,1,0,0.951794768538009,0.9014388489208633
I236W,-0.461411530131665,I,W,236,1,0,0.839907744687082,0.36554756195043964
I236Y,0.0907559558596032,I,Y,236,1,1,0.986912192711098,0.9958433253397282
I236P,-0.90319364708309,I,P,236,1,0,0.722291373029964,0.07178257394084732
I236M,-0.305166901577916,I,M,236,1,0,0.881505006315096,0.5163868904876099
I236L,-0.156313383065764,I,L,236,1,0,0.921134520693379,0.7093525179856115
I236V,-0.08185224655368,I,V,236,1,0,0.94095843019531,0.8300559552358113
I236A,-3.43772560074255,I,A,236,1,0,0.0475188080027815,0.0041566746602717825
I236G,-0.888514558767919,I,G,236,1,0,0.726199410591056,0.07665867306155076
I236C,-1.59840489532126,I,C,236,1,0,0.53720415148908,0.012869704236610711
I236S,-0.326996459142631,I,S,236,1,0,0.8756932876938,0.4951239008792966
I236T,-0.269758327890268,I,T,236,1,0,0.890931888488221,0.5545163868904877
I236N,-0.236687407611124,I,N,236,1,0,0.899736413391664,0.5928057553956835
I236Q,-0.651792773900787,I,Q,236,1,0,0.789222236459153,0.17625899280575538
I236D,-0.774828973151363,I,D,236,1,0,0.756466108985741,0.11486810551558753
I236E,-0.707380796864794,I,E,236,1,0,0.774422946678626,0.1448441247002398
I236H,-0.560383650177043,I,H,236,1,0,0.813558236166279,0.25115907274180654
I236K,-0.710749767953522,I,K,236,1,0,0.77352602002526,0.14268585131894485
I236R,-0.907009522499914,I,R,236,1,0,0.721275466310336,0.07090327737809753
G237F,-0.527072089105848,G,F,237,1,0,0.822426827259248,0.28457234212629895
G237W,-0.513046168654818,G,W,237,1,0,0.82616097087734,0.30247801758593124
G237Y,-0.920519784110832,G,Y,237,1,0,0.717678607384086,0.06858513189448441
G237P,-0.958884801815119,G,P,237,1,0,0.707464626311069,0.059232613908872904
G237M,-0.289422118326515,G,M,237,1,0,0.88569676557266,0.53189448441247
G237I,-2.40754236996803,G,I,237,1,0,0.321786165363987,0.008313349320543565
G237L,-0.860737735913919,G,L,237,1,0,0.733594479324925,0.08353317346123101
G237V,-0.21791742583107,G,V,237,1,0,0.904733576174699,0.6191846522781774
G237A,-0.229811956409639,G,A,237,1,0,0.901566875949552,0.6025579536370903
G237C,-0.181683797999244,G,C,237,1,0,0.914380113854771,0.667066346922462
G237S,0.0260923373096359,G,S,237,1,1,0.969696692354158,0.9742605915267786
G237T,-0.865584929010966,G,T,237,1,0,0.732304003221614,0.08249400479616308
G237N,-0.370964969576128,G,N,237,1,0,0.863987479636104,0.4540367705835332
G237Q,-1.41369589879336,G,Q,237,1,0,0.586379528106752,0.016386890487609912
G237D,-0.164735810787583,G,D,237,1,0,0.918892204059966,0.6946442845723422
G237E,-1.38698477087559,G,E,237,1,0,0.593490875144148,0.017426059152677857
G237H,-1.22028945649558,G,H,237,1,0,0.637870439860153,0.026778577138289367
G237K,-3.43772560074255,G,K,237,1,0,0.0475188080027815,0.0041566746602717825
G237R,-0.514283749871085,G,R,237,1,0,0.825831487616921,0.30135891286970423
F238W,-0.249716387637939,F,W,238,1,0,0.896267686844465,0.5764988009592326
F238Y,-0.173020729485372,F,Y,238,1,0,0.916686496677711,0.6810551558752997
F238P,-0.622434597270446,F,P,238,1,0,0.797038311581336,0.19488409272581936
F238M,-0.414933480009626,F,M,238,1,0,0.852281671578408,0.41294964028776976
F238I,-0.262710990408745,F,I,238,1,0,0.892808112610057,0.5627498001598721
F238L,-0.192478256385575,F,L,238,1,0,0.911506287638886,0.6540367705835332
F238V,-0.338684726185156,F,V,238,1,0,0.87258150134539,0.4832933653077538
F238A,-0.681735363883255,F,A,238,1,0,0.781250572019549,0.1580335731414868
F238G,-0.958884801815119,F,G,238,1,0,0.707464626311069,0.059232613908872904
F238C,-0.21083571109354,F,C,238,1,0,0.906618952609324,0.6280575539568345
F238S,-0.294475574959607,F,S,238,1,0,0.884351375592612,0.526458832933653
F238T,-0.966310289112723,F,T,238,1,0,0.705487726748549,0.05707434052757794
F238N,-1.03791811337619,F,N,238,1,0,0.686423459208142,0.044124700239808155
F238Q,-0.637251194609646,F,Q,238,1,0,0.793093664769087,0.18481215027977618
F238D,-0.785864072329747,F,D,238,1,0,0.75352821658033,0.10895283772981615
F238E,-0.46828698133315,F,E,238,1,0,0.838077282129194,0.35907274180655474
F238H,-0.505655058613221,F,H,238,1,0,0.828128718127071,0.3123900879296563
F238K,-1.361133074358,F,K,238,1,0,0.60037341436181,0.018465227817745802
F238R,-0.827185534050672,F,R,238,1,0,0.74252713660742,0.09192645883293366
D239F,-1.44140396713534,D,F,239,1,0,0.579002763998463,0.015587529976019185
D239W,-0.226099212760837,D,W,239,1,0,0.902555325730812,0.6081534772182254
D239Y,-0.214067173158238,D,Y,239,1,0,0.905758635207117,0.6233413269384492
D239P,-1.12606139777923,D,P,239,1,0,0.662956929216012,0.0328537170263789
D239M,-0.563340094193682,D,M,239,1,0,0.812771137266387,0.24828137490007993
D239I,-1.25734813847159,D,I,239,1,0,0.628004246673133,0.02390087929656275
D239L,-1.27969335487641,D,L,239,1,0,0.622055243359998,0.022062350119904078
D239V,-0.2259273264808,D,V,239,1,0,0.902601087294759,0.6091127098321343
D239A,-0.280587163532607,D,A,239,1,0,0.888048909959547,0.5419664268585132
D239G,-0.0418027433050293,D,G,239,1,0,0.95162087459501,0.9006394884092725
D239C,-0.460723985011516,D,C,239,1,0,0.840090790942871,0.3665867306155076
D239S,-1.11103853690398,D,S,239,1,0,0.666956489905,0.03445243804956035
D239T,-0.699920932311183,D,T,239,1,0,0.776408998553934,0.14708233413269384
D239N,-0.283165457733164,D,N,239,1,0,0.887362486500338,0.5390887290167866
D239Q,-0.851455876791914,D,Q,239,1,0,0.736065603778075,0.08521183053557155
D239E,-0.204888445804256,D,E,239,1,0,0.908202302721898,0.6378896882494005
D239H,-0.395819725669497,D,H,239,1,0,0.857370357489337,0.4299760191846523
D239K,-0.605314723778748,D,K,239,1,0,0.801596163350478,0.20831334932054357
D239R,-1.24796314758156,D,R,239,1,0,0.630502828064652,0.02454036770583533
G240F,-0.627144281343463,G,F,240,1,0,0.795784444729183,0.1920863309352518
G240W,-0.352951287428237,G,W,240,1,0,0.868783291537772,0.46994404476418866
G240Y,-0.749046031145794,G,Y,240,1,0,0.763330343577822,0.12693844924060751
G240P,-0.872769775516518,G,P,240,1,0,0.730391169848621,0.08041566746602717
G240M,-0.270583382034446,G,M,240,1,0,0.890712232981274,0.5525179856115108
G240I,-0.550689263982949,G,I,240,1,0,0.816139188372902,0.26059152677857716
G240L,-1.23125580116195,G,L,240,1,0,0.634950852080321,0.02597921662669864
G240V,-0.153700711609199,G,V,240,1,0,0.921830096465377,0.7135891286970424
G240A,-0.249097597029805,G,A,240,1,0,0.896432428474675,0.578017585931255
G240C,-0.147444051015848,G,C,240,1,0,0.923495817393055,0.7248601119104716
G240S,-0.166420296331947,G,S,240,1,0,0.918443740733283,0.6919264588329337
G240T,-0.937399016810478,G,T,240,1,0,0.71318482180447,0.06426858513189448
G240N,-0.834679775860291,G,N,240,1,0,0.740531932419322,0.08936850519584333
G240Q,-0.95513768091031,G,Q,240,1,0,0.708462228405118,0.06067146282973621
G240D,-0.10962906940768,G,D,240,1,0,0.933563361461441,0.7828936850519584
G240E,-0.720753549451683,G,E,240,1,0,0.770862697003533,0.13860911270983214
G240H,-1.17748977276634,G,H,240,1,0,0.649265069283007,0.028617106314948043
G240K,-0.744439478840799,G,K,240,1,0,0.764556753491607,0.12853717026378897
G240R,-0.496270067723194,G,R,240,1,0,0.830627299518588,0.32446043165467625
R241F,-0.618653099109629,R,F,241,1,0,0.798045065988175,0.1980015987210232
R241W,-0.306645123586235,R,W,241,1,0,0.88111145686515,0.5132693844924061
R241Y,-0.730722953693836,R,Y,241,1,0,0.768208526294594,0.1348521183053557
R241P,-0.724603802124515,R,P,241,1,0,0.769837637971115,0.13685051958433253
R241M,-0.587713568702946,R,M,241,1,0,0.806282147498673,0.22486011191047162
R241I,-0.408711196672282,R,I,241,1,0,0.853938240193297,0.41926458832933655
R241L,-0.222661487160095,R,L,241,1,0,0.903470557009756,0.6124700239808153
R241V,-0.490804084018014,R,V,241,1,0,0.832082517252109,0.33253397282174263
R241A,-0.383203272714772,R,A,241,1,0,0.860729256283062,0.442845723421263
R241G,-0.373646395544708,R,G,241,1,0,0.863273599238527,0.4520383693045564
R241C,-0.160816803602736,R,C,241,1,0,0.919935567717962,0.7007993605115908
R241S,-0.233696586338478,R,S,241,1,0,0.900532664604346,0.5953637090327738
R241T,-0.336793977104747,R,T,241,1,0,0.873084878548809,0.4858513189448441
R241N,-0.0365086458798858,R,N,241,1,0,0.953030330764584,0.9079136690647482
R241Q,-0.146137715287566,R,Q,241,1,0,0.923843605279054,0.7270983213429256
R241D,-0.697205129086596,R,D,241,1,0,0.7771320312643,0.14860111910471624
R241E,-1.33961291209736,R,E,241,1,0,0.606102762167999,0.019344524380495602
R241H,-0.0823679053937914,R,H,241,1,0,0.940821145503469,0.828617106314948
R241K,-0.176080305270033,R,K,241,1,0,0.91587194083945,0.6774580335731415
T242F,-0.272164735810787,T,F,242,1,0,0.89029122659296,0.5501998401278977
T242Y,-0.580528722197394,T,Y,242,1,0,0.808194980871666,0.23261390887290168
T242P,-0.139777922926192,T,P,242,1,0,0.925536783145101,0.7367705835331735
T242M,-0.17518649661384,T,M,242,1,0,0.916109900971976,0.6784972022382094
T242I,-0.0370586819760046,T,I,242,1,0,0.952883893759953,0.9069544364508393
T242L,-0.249991405685998,T,L,242,1,0,0.89619446834215,0.5756195043964828
T242V,0.0316614527828388,T,V,242,1,1,0.971179367026048,0.9779376498800959
T242A,-0.139227886830073,T,A,242,1,0,0.925683220149732,0.7378097521982414
T242G,-0.645020454467324,T,G,242,1,0,0.791025242078673,0.18145483613109512
T242C,-0.141118635910482,T,C,242,1,0,0.925179842946312,0.7348521183053557
T242S,-0.137543401285709,T,S,242,1,0,0.926131683476415,0.7413269384492406
T242N,-0.331293616143559,T,N,242,1,0,0.87454924859512,0.4902478017585931
T242Q,-0.685791880092131,T,Q,242,1,0,0.780170599110395,0.15683453237410072
T242D,-1.08302107325793,T,D,242,1,0,0.674415624828395,0.03717026378896882
T242E,-0.565608993090172,T,E,242,1,0,0.812167084622284,0.2454836131095124
T242H,-1.35271064663619,T,H,242,1,0,0.602615730995221,0.01870503597122302
T242K,-0.724088143284403,T,K,242,1,0,0.769974922662957,0.1370103916866507
T242R,-0.822132077417581,T,R,242,1,0,0.743872526587468,0.09432454036770584
L243F,-0.293375502767369,L,F,243,1,0,0.884644249601874,0.5277378097521982
L243W,-0.488122658049434,L,W,243,1,0,0.832796397649686,0.3365307753796962
L243Y,-0.932895596273505,L,Y,243,1,0,0.714383774779887,0.06522781774580336
L243P,-0.121179827426175,L,P,243,1,0,0.930488184364189,0.7643485211830535
L243M,-0.040565162088762,L,M,243,1,0,0.95195035785543,0.902158273381295
L243I,0.0397401079445838,L,I,243,1,1,0.973330160531566,0.9809752198241407
L243V,-0.0983189521812368,L,V,243,1,0,0.936574472369168,0.8030375699440447
L243A,-0.75898105813194,L,A,243,1,0,0.760685325181673,0.12166266986410872
L243G,-0.826566743442538,L,G,243,1,0,0.742691878237631,0.0920863309352518
L243C,-0.405514111863591,L,C,243,1,0,0.854789405282715,0.4223820943245404
L243S,-0.494207432362749,L,S,243,1,0,0.831176438285955,0.32821742605915266
L243T,-0.768434803533982,L,T,243,1,0,0.758168439164577,0.11718625099920064
L243N,-0.695348757262195,L,N,243,1,0,0.77762625615493,0.1504396482813749
L243Q,-0.231771460002063,L,Q,243,1,0,0.901045194120554,0.5987210231814548
L243D,-0.306645123586235,L,D,243,1,0,0.88111145686515,0.5132693844924061
L243E,-0.931658015057238,L,E,243,1,0,0.714713258040307,0.06554756195043965
L243H,-0.975007734882602,L,H,243,1,0,0.70317219161282,0.05491606714628297
L243K,-1.59840489532126,L,K,243,1,0,0.53720415148908,0.012869704236610711
L243R,-0.472068479493967,L,R,243,1,0,0.837070527722355,0.35259792166266984
G244Y,-0.955618962494414,G,Y,244,1,0,0.708334096026065,0.060431654676258995
G244P,-1.13111485441232,G,P,244,1,0,0.661611539235965,0.032214228617106315
G244M,-0.289422118326515,G,M,244,1,0,0.88569676557266,0.53189448441247
G244I,-0.471243425349789,G,I,244,1,0,0.837290183229302,0.3536370903277378
G244L,-0.761662484100519,G,L,244,1,0,0.759971444784097,0.12038369304556355
G244V,-0.154835161057444,G,V,244,1,0,0.921528070143325,0.7119104716227018
G244A,0.0658668225102272,G,A,244,1,1,0.980285918251542,0.9907274180655475
G244C,-0.020041940252329,G,C,244,1,0,0.957414288590727,0.9308553157474021
G244S,-0.157860359586098,G,S,244,1,0,0.920722666617854,0.7069544364508393
G244T,-0.63907318917804,G,T,244,1,0,0.792608592191246,0.18433253397282173
G244N,-0.907009522499914,G,N,244,1,0,0.721275466310336,0.07090327737809753
G244Q,-1.27254288562687,G,Q,244,1,0,0.623958924420201,0.02238209432454037
G244D,0.010347554058235,G,D,244,1,1,0.965504933096593,0.9621103117505995
G244E,-0.226099212760837,G,E,244,1,0,0.902555325730812,0.6081534772182254
G244H,-0.722438034996047,G,H,244,1,0,0.77041423367685,0.13788968824940048
G244R,-0.248581938189694,G,R,244,1,0,0.896569713166517,0.5790567545963229
E245F,-0.563340094193682,E,F,245,1,0,0.812771137266387,0.24828137490007993
E245W,-0.249716387637939,E,W,245,1,0,0.896267686844465,0.5764988009592326
E245Y,-1.08958712915535,E,Y,245,1,0,0.672667533085611,0.036370903277378096
E245P,-1.27254288562687,E,P,245,1,0,0.623958924420201,0.02238209432454037
E245M,-0.189178039808862,E,M,245,1,0,0.912384909666673,0.6569144684252598
E245I,-0.393997731101103,E,I,245,1,0,0.857855430067178,0.43181454836131095
E245L,-0.530131664890508,E,L,245,1,0,0.821612271420988,0.28129496402877696
E245V,-0.157482209770016,E,V,245,1,0,0.920823342058538,0.70775379696243
E245A,-0.216404826566743,E,A,245,1,0,0.905136277937435,0.6207833733013589
E245G,-0.0626009831895218,E,G,245,1,0,0.946083725357398,0.8610711430855316
E245C,-0.464058578844237,E,C,245,1,0,0.839203016602295,0.3624300559552358
E245S,-0.31926157654096,E,S,245,1,0,0.877752558071425,0.5021582733812949
E245T,-0.364983327030836,E,T,245,1,0,0.865579982061467,0.4589928057553957
E245N,-0.640929561002441,E,N,245,1,0,0.792114367300617,0.18337330135891286
E245Q,-0.13259307642064,E,Q,245,1,0,0.927449616518094,0.7479616306954436
E245D,-0.133624394100863,E,D,245,1,0,0.927175047134411,0.7459632294164669
E245H,-0.519405961016192,E,H,245,1,0,0.824467793011294,0.29400479616306957
E245K,-0.191137543401286,E,K,245,1,0,0.911863227837674,0.6553157474020783
E245R,-0.533741276771288,E,R,245,1,0,0.820651278578096,0.2767386091127098
C246F,-0.0259892055416136,C,F,246,1,0,0.955830938478153,0.9229416466826539
C246W,-0.0337928426552992,C,W,246,1,0,0.95375336347495,0.9138289368505196
C246Y,-0.0063254151053662,C,Y,246,1,0,0.961066061393714,0.946123101518785
C246P,-1.33607205472859,C,P,246,1,0,0.607045450385312,0.019744204636290966
C246M,-0.4222214582832,C,M,246,1,0,0.850341381267046,0.40431654676258993
C246I,-0.337412767712881,C,I,246,1,0,0.872920136918599,0.48513189448441246
C246L,-0.253085358726666,C,L,246,1,0,0.8953707601911,0.5724220623501199
C246V,-0.756849668259479,C,V,246,1,0,0.761252768574619,0.12302158273381295
C246A,-0.193647083089828,C,A,246,1,0,0.911195109004045,0.6523581135091926
C246G,-0.256248066279349,C,G,246,1,0,0.894528747414472,0.5686650679456435
C246S,-0.185465296160061,C,S,246,1,0,0.913373359447932,0.6614708233413269
C246T,-0.354326377668534,C,T,246,1,0,0.868417199026194,0.4687450039968026
C246N,-0.442435284815566,C,N,246,1,0,0.844959821346854,0.38657074340527575
C246Q,-1.05710062222833,C,Q,246,1,0,0.681316468671634,0.04068745003996803
C246E,-0.289422118326515,C,E,246,1,0,0.88569676557266,0.53189448441247
C246H,-0.943999449963904,C,H,246,1,0,0.711427577748897,0.06314948041566747
C246K,-0.737289009591254,C,K,246,1,0,0.766460434551811,0.13237410071942446
C246R,-0.112069854584207,C,R,246,1,0,0.932913547253391,0.7780975219824141
G247F,-3.43772560074255,G,F,247,1,0,0.0475188080027815,0.0041566746602717825
G247W,-0.442435284815566,G,W,247,1,0,0.844959821346854,0.38657074340527575
G247Y,-0.337412767712881,G,Y,247,1,0,0.872920136918599,0.48513189448441246
G247P,-0.76458455086115,G,P,247,1,0,0.759193498196994,0.1187849720223821
G247M,-0.537729038468149,G,M,247,1,0,0.819589610294521,0.272501998401279
G247I,-0.504898758981058,G,I,247,1,0,0.828330069008438,0.3134292565947242
G247L,-0.913163051325243,G,L,247,1,0,0.719637202321026,0.06986410871302957
G247V,-0.154869538313452,G,V,247,1,0,0.921518917830536,0.7116706634692246
G247A,-0.242050259548283,G,A,247,1,0,0.898308652596511,0.587849720223821
G247C,0.0262298463336656,G,C,247,1,1,0.969733301605316,0.9745803357314149
G247S,-0.0775550895527519,G,S,247,1,0,0.942102469293991,0.8371702637889689
G247T,-0.760356148372237,G,T,247,1,0,0.760319232670095,0.12118305355715428
G247N,-0.405514111863591,G,N,247,1,0,0.854789405282715,0.4223820943245404
G247Q,-0.530475437450583,G,Q,247,1,0,0.821520748293093,0.2808952837729816
G247D,0.0156072742273711,G,D,247,1,1,0.966905236953378,0.9665867306155076
G247E,-0.138746605245969,G,E,247,1,0,0.925811352528784,0.7387689848121503
G247H,-0.634810409433119,G,H,247,1,0,0.793743478977137,0.1859312549960032
G247K,-0.414933480009626,G,K,247,1,0,0.852281671578408,0.41294964028776976
G247R,-0.286328165285847,G,R,247,1,0,0.88652047372371,0.5355715427657873
E248F,-0.60689607755509,E,F,248,1,0,0.801175156962164,0.20655475619504396
E248W,-0.4222214582832,E,W,248,1,0,0.850341381267046,0.40431654676258993
E248Y,-0.381312523634363,E,Y,248,1,0,0.861232633486482,0.4445243804956035
E248P,0.0544879507717694,E,P,248,1,1,0.977256502718237,0.9875299760191847
E248M,-0.360617415517893,E,M,248,1,0,0.866742325785726,0.46402877697841727
E248I,-0.477396954175118,E,I,248,1,0,0.835651919239992,0.34820143884892085
E248L,-0.680944686995084,E,L,248,1,0,0.781461075213706,0.15843325339728218
E248V,-0.152566262160954,E,V,248,1,0,0.922132122787428,0.715267785771383
E248A,0.0377462270961531,E,A,248,1,1,0.972799326389779,0.9801758593125499
E248G,-0.020282581044381,E,G,248,1,0,0.957350222401201,0.9306155075939249
E248C,-0.0339991061913438,E,C,248,1,0,0.953698449598213,0.913189448441247
E248S,0.049365739626663,E,S,248,1,1,0.97589280811261,0.9851318944844125
E248T,-0.0317302072948537,E,T,248,1,0,0.954302502242316,0.9157474020783374
E248N,-0.311629825707312,E,N,248,1,0,0.87978437151068,0.5089528377298161
E248Q,-0.0991783835814225,E,Q,248,1,0,0.936345664549432,0.8009592326139089
E248D,-0.0381243769122348,E,D,248,1,0,0.95260017206348,0.905435651478817
E248H,-0.34009419368146,E,H,248,1,0,0.872206256521023,0.482414068745004
E248K,-0.151913094296813,E,K,248,1,0,0.922306016730428,0.7173461231015188
E248R,-0.422255835539207,E,R,248,1,0,0.850332228954257,0.4035971223021583
E249F,-0.870019595035924,E,F,249,1,0,0.731123354871776,0.08169464428457235
E249W,-0.400598164254529,E,W,249,1,0,0.856098186011605,0.42645883293365305
E249Y,-0.587713568702946,E,Y,249,1,0,0.806282147498673,0.22486011191047162
E249P,-0.936608339922307,E,P,249,1,0,0.713395324998627,0.06442845723421263
E249M,-0.737289009591254,E,M,249,1,0,0.766460434551811,0.13237410071942446
E249I,-0.452851593385816,E,I,249,1,0,0.842186670571653,0.37250199840127896
E249L,-0.676544398226134,E,L,249,1,0,0.782632571250755,0.16059152677857713
E249V,-0.248719447213723,E,V,249,1,0,0.896533103915359,0.5787370103916867
E249A,-0.302588607377359,E,A,249,1,0,0.882191429774304,0.5179856115107914
E249G,-0.197462958506652,E,G,249,1,0,0.910179202284417,0.647162270183853
E249C,-0.510571006222283,E,C,249,1,0,0.826819937398181,0.30607513988808954
E249S,-0.437450582694489,E,S,249,1,0,0.846286906701323,0.390087929656275
E249T,-0.489394616521709,E,T,249,1,0,0.832457762076477,0.3338129496402878
E249N,-0.360617415517893,E,N,249,1,0,0.866742325785726,0.46402877697841727
E249Q,-0.157069682697927,E,Q,249,1,0,0.920933169812011,0.7080735411670663
E249D,-0.106431984598989,E,D,249,1,0,0.934414526550859,0.7880895283772982
E249H,-0.579738045309223,E,H,249,1,0,0.808405484065823,0.23381294964028776
E249K,-0.045171714393757,E,K,249,1,0,0.950723947941645,0.8952837729816147
E249R,-0.563340094193682,E,R,249,1,0,0.812771137266387,0.24828137490007993
E250F,-1.56402763931383,E,F,250,1,0,0.546356464278523,0.013509192645883293
E250W,-0.366564680807178,E,W,250,1,0,0.865158975673153,0.4583533173461231
E250Y,-0.747086527553371,E,Y,250,1,0,0.76385202540682,0.12717825739408473
E250P,0.0722953693836157,E,P,250,1,1,0.981997400743168,0.992326139088729
E250M,-0.249716387637939,E,M,250,1,0,0.896267686844465,0.5764988009592326
E250I,-0.297053869160164,E,I,250,1,0,0.883664952133404,0.5237410071942447
E250L,-0.566124651930283,E,L,250,1,0,0.812029799930442,0.24476418864908073
E250V,-0.0649386365980267,E,V,250,1,0,0.945461368087716,0.8564348521183054
E250A,-0.01495410636323,E,A,250,1,0,0.958768830883564,0.9360511590727418
E250G,-0.103200522534291,E,G,250,1,0,0.935274843953067,0.7940847322142286
E250C,-0.33541888686445,E,C,250,1,0,0.873450971060387,0.486810551558753
E250S,-0.150847399360583,E,S,250,1,0,0.9225897384269,0.7191846522781774
E250T,-0.301797930489188,E,T,250,1,0,0.882401932968461,0.5184652278177458
E250N,-0.510571006222283,E,N,250,1,0,0.826819937398181,0.30607513988808954
E250Q,-0.293959916119495,E,Q,250,1,0,0.884488660284454,0.5272581934452438
E250D,-0.0893464883632988,E,D,250,1,0,0.938963226007212,0.8181454836131095
E250H,-0.255079239575097,E,H,250,1,0,0.894839926049313,0.5702637889688249
E250K,-0.155866478737667,E,K,250,1,0,0.921253500759642,0.7101518784972023
E250R,-0.64921447970023,E,R,250,1,0,0.789908659918361,0.1788968824940048
M251F,-0.13819656914985,M,F,251,1,0,0.925957789533415,0.7402078337330136
M251W,-0.389116160748049,M,W,251,1,0,0.859155058483278,0.4364508393285372
M251Y,0.0568256041802743,M,Y,251,1,1,0.977878859987919,0.9881694644284572
M251P,-1.02203582110076,M,P,251,1,0,0.690651827716864,0.0478017585931255
M251I,-0.0729141599917494,M,I,251,1,0,0.943338031520565,0.8442845723421263
M251L,-0.292859843927258,M,L,251,1,0,0.884781534293716,0.5281374900079936
M251V,-0.224139709168414,M,V,251,1,0,0.90307700755981,0.6115107913669064
M251A,-0.872838530028533,M,A,251,1,0,0.730372865223042,0.08017585931254996
M251G,-0.338547217161126,M,G,251,1,0,0.872618110596548,0.4837729816147082
M251C,-0.510571006222283,M,C,251,1,0,0.826819937398181,0.30607513988808954
M251S,-0.582935130117914,M,S,251,1,0,0.807554318976405,0.22965627498001598
M251T,-0.243356595276565,M,T,251,1,0,0.897960864710512,0.5864108713029577
M251N,-0.032727147719069,M,N,251,1,0,0.954037085171423,0.9149480415667466
M251Q,-0.633572828216852,M,Q,251,1,0,0.794072962237557,0.18729016786570743
M251D,-0.566090274674276,M,D,251,1,0,0.812038952243232,0.2451638689048761
M251E,-0.766509677197566,M,E,251,1,0,0.758680968680785,0.11782573940847323
M251H,-0.365223967822888,M,H,251,1,0,0.865515915871941,0.45851318944844127
M251K,-0.050259548282856,M,K,251,1,0,0.949369405648807,0.8852118305355715
M251R,-0.394650898965245,M,R,251,1,0,0.857681536124178,0.4314948041566747
G252F,-0.931211110729142,G,F,252,1,0,0.714832238106569,0.06578737010391687
G252W,-1.31173295747533,G,W,252,1,0,0.613525287840238,0.02038369304556355
G252Y,-0.593660833992231,G,Y,252,1,0,0.804698797386099,0.21998401278976817
G252P,-0.993158926054522,G,P,252,1,0,0.698339770459995,0.051478816946442844
G252M,-0.496579463027261,G,M,252,1,0,0.830544928703483,0.3237410071942446
G252I,-1.05710062222833,G,I,252,1,0,0.681316468671634,0.04068745003996803
G252L,-0.676544398226134,G,L,252,1,0,0.782632571250755,0.16059152677857713
G252V,-0.0932654955481453,G,V,252,1,0,0.937919862349215,0.8126298960831335
G252A,0.0197325449482622,G,A,252,1,1,0.968003514488111,0.9695443645083933
G252C,-0.0480250266423734,G,C,252,1,0,0.949964305980121,0.8898481215027978
G252S,-0.0983877066932517,G,S,252,1,0,0.936556167743589,0.8027977617905675
G252T,-0.4856474956169,G,T,252,1,0,0.833455364170526,0.33852917665867305
G252N,-0.411598886176905,G,N,252,1,0,0.853169445918984,0.41686650679456433
G252Q,-0.389116160748049,G,Q,252,1,0,0.859155058483278,0.4364508393285372
G252D,0.0279830863900443,G,D,252,1,1,0.970200069557577,0.9755395683453237
G252E,-0.364364536422703,G,E,252,1,0,0.865744723691677,0.460431654676259
G252H,-0.651552133108735,G,H,252,1,0,0.789286302648679,0.1771382893685052
G252K,-0.666024957887861,G,K,252,1,0,0.785433178964324,0.16754596322941648
G252R,-0.241775241500223,G,R,252,1,0,0.898381871098827,0.5883293365307753
I253F,-0.0357523462477225,I,F,253,1,0,0.953231681645952,0.9099920063948841
I253W,-0.425831070163979,I,W,253,1,0,0.849380388424155,0.3992006394884093
I253Y,-0.164838942555605,I,Y,253,1,0,0.918864747121597,0.6943245403677059
I253P,-0.481453470383994,I,P,253,1,0,0.834571946330838,0.3430855315747402
I253M,-0.0124101894186806,I,M,253,1,0,0.959446102029983,0.9387689848121503
I253L,-0.126027020523222,I,L,253,1,0,0.929197708260877,0.7576338928856915
I253V,-0.0226546117088933,I,V,253,1,0,0.956718712818729,0.928537170263789
I253A,-0.467049400116883,I,A,253,1,0,0.838406765389614,0.35995203836930456
I253G,-0.651792773900787,I,G,253,1,0,0.789222236459153,0.17625899280575538
I253C,-0.225136649592629,I,C,253,1,0,0.902811590488917,0.6107913669064748
I253S,-0.0774519577847296,I,S,253,1,0,0.942129926232359,0.837410071942446
I253T,-0.167898518340266,I,T,253,1,0,0.918050191283337,0.6898481215027977
I253N,-0.215029736326446,I,N,253,1,0,0.905502370449013,0.6221422861710632
I253Q,-0.440922685551239,I,Q,253,1,0,0.84536252310959,0.3880095923261391
I253D,-0.558871050912716,I,D,253,1,0,0.813960937929014,0.25259792166266987
I253E,-0.513114923166833,I,E,253,1,0,0.826142666251762,0.302158273381295
I253H,-0.435112929285984,I,H,253,1,0,0.846909263971005,0.39248601119104715
I253K,-0.53078483275465,I,K,253,1,0,0.821438377477988,0.2803357314148681
I253R,-0.613874660524597,I,R,253,1,0,0.799317237465907,0.2014388489208633
Q254F,-0.377152875657465,Q,F,254,1,0,0.862340063334004,0.4475619504396483
Q254Y,-1.44140396713534,Q,Y,254,1,0,0.579002763998463,0.015587529976019185
Q254P,-0.440338272199113,Q,P,254,1,0,0.84551811242701,0.388968824940048
Q254M,-0.0496407576747224,Q,M,254,1,0,0.949534147279017,0.886810551558753
Q254I,-0.236584275843102,Q,I,254,1,0,0.899763870330032,0.5929656274980016
Q254L,-0.412664581113136,Q,L,254,1,0,0.852885724222511,0.41598721023181456
Q254V,-0.957922238646911,Q,V,254,1,0,0.707720891069173,0.05979216626698641
Q254A,-1.09811268864519,Q,A,254,1,0,0.67039775951383,0.03581135091926459
Q254G,-0.870019595035924,Q,G,254,1,0,0.731123354871776,0.08169464428457235
Q254C,-0.400598164254529,Q,C,254,1,0,0.856098186011605,0.42645883293365305
Q254S,-0.327787136030802,Q,S,254,1,0,0.875482784499643,0.4946442845723421
Q254T,-0.138643473477947,Q,T,254,1,0,0.925838809467152,0.7391686650679457
Q254N,-0.408642442160267,Q,N,254,1,0,0.853956544818876,0.41950439648281374
Q254D,-0.611090102787995,Q,D,254,1,0,0.800058574801852,0.2040767386091127
Q254E,-0.0622572106294475,Q,E,254,1,0,0.946175248485292,0.8620303756994404
Q254H,-0.152325621368902,Q,H,254,1,0,0.922196188976954,0.7155875299760192
Q254K,-0.211213860909622,Q,K,254,1,0,0.90651827716864,0.6271782573940847
Q254R,-0.111966722816185,Q,R,254,1,0,0.932941004191759,0.7785771382893685
Y255F,0.0197325449482622,Y,F,255,1,1,0.968003514488111,0.9695443645083933
Y255W,-0.364605177214755,Y,W,255,1,0,0.865680657502151,0.45979216626698644
Y255P,-0.893121111072914,Y,P,255,1,0,0.724973000677271,0.07498001598721023
Y255M,-0.226442985320912,Y,M,255,1,0,0.902463802602918,0.6070343725019984
Y255I,-0.309773453882911,Y,I,255,1,0,0.88027859640131,0.5106314948041567
Y255L,-0.416411702017945,Y,L,255,1,0,0.851888122128462,0.40975219824140685
Y255V,-0.436591151294304,Y,V,255,1,0,0.846515714521059,0.3915267785771383
Y255A,-0.95513768091031,Y,A,255,1,0,0.708462228405118,0.06067146282973621
Y255G,-0.962597545463921,Y,G,255,1,0,0.706476176529809,0.05787370103916867
Y255C,-0.0190449998281137,Y,C,255,1,0,0.957679705661621,0.9320543565147882
Y255S,-0.462236584275843,Y,S,255,1,0,0.839688089180136,0.3645083932853717
Y255T,-0.537729038468149,Y,T,255,1,0,0.819589610294521,0.272501998401279
Y255N,-0.206229158788545,Y,N,255,1,0,0.90784536252311,0.6356514788169464
Y255Q,-0.497885798755543,Y,Q,255,1,0,0.830197140817484,0.3213429256594724
Y255D,-0.401285709374678,Y,D,255,1,0,0.855915139755816,0.42541966426858513
Y255E,-0.697205129086596,Y,E,255,1,0,0.7771320312643,0.14860111910471624
Y255H,-0.232252741586166,Y,H,255,1,0,0.900917061741502,0.5976818545163869
Y255K,-0.879267076901922,Y,K,255,1,0,0.728661382731416,0.07913669064748201
Y255R,-0.596823541544914,Y,R,255,1,0,0.803856784609471,0.21598721023181455
A256F,-0.621093884286156,A,F,256,1,0,0.797395251780125,0.19608313349320544
A256W,-0.837979992437004,A,W,256,1,0,0.739653310391536,0.08816946442845723
A256Y,-0.551445563615112,A,Y,256,1,0,0.815937837491534,0.2600319744204636
A256P,-0.412114545017017,A,P,256,1,0,0.853032161227142,0.41662669864108715
A256M,-0.822372718209632,A,M,256,1,0,0.743808460397943,0.09376498800959232
A256I,-0.666506239471965,A,I,256,1,0,0.785305046585272,0.16706634692246203
A256L,-0.81453470383994,A,L,256,1,0,0.745895187713935,0.09624300559552358
A256V,-0.149403554608271,A,V,256,1,0,0.922974135564057,0.7213429256594724
A256G,-0.195365945890199,A,G,256,1,0,0.910737493364573,0.6500399680255795
A256C,-0.161366839698855,A,C,256,1,0,0.919789130713331,0.6997601918465228
A256S,-0.0541441782116951,A,S,256,1,0,0.9483351943036,0.8776978417266187
A256T,-0.117810856337447,A,T,256,1,0,0.931385111017554,0.7698641087130296
A256N,-1.06184468355736,A,N,256,1,0,0.68005344950669,0.039328537170263786
A256Q,-0.902953006291038,A,Q,256,1,0,0.722355439219491,0.07202238209432454
A256D,-0.589810581319399,A,D,256,1,0,0.805723856418517,0.2228617106314948
A256E,-0.159372958850424,A,E,256,1,0,0.920319964855119,0.7036770583533174
A256H,-0.425521674859913,A,H,256,1,0,0.84946275923926,0.3996802557953637
A256K,-0.521640482656674,A,K,256,1,0,0.82387289267998,0.2908872901678657
A256R,-0.911100415964798,A,R,256,1,0,0.720186341088393,0.07002398081534772
Q257F,-1.55990236859294,Q,F,257,1,0,0.547454741813256,0.013749000799360511
Q257W,-0.380762487538245,Q,W,257,1,0,0.861379070491113,0.44524380495603516
Q257Y,-1.13915913231806,Q,Y,257,1,0,0.659469898043235,0.03117505995203837
Q257P,-0.254872976039052,Q,P,257,1,0,0.894894839926049,0.5705035971223021
Q257M,-0.336725222592733,Q,M,257,1,0,0.873103183174388,0.48609112709832136
Q257I,-0.760906184468356,Q,I,257,1,0,0.760172795665464,0.12078337330135891
Q257L,0.0014438447523118,Q,L,257,1,0,0.963134484084128,0.9523581135091926
Q257V,-0.407507992712022,Q,V,257,1,0,0.854258571140927,0.42046362909672264
Q257A,-0.230946405857884,Q,A,257,1,0,0.901264849627501,0.5996802557953637
Q257G,-0.66550929904775,Q,G,257,1,0,0.785570463656166,0.1677857713828937
Q257C,-0.226718003368971,Q,C,257,1,0,0.902390584100602,0.6063149480415667
Q257S,-0.374918354016982,Q,S,257,1,0,0.862934963665318,0.45003996802557955
Q257T,-0.482278524528172,Q,T,257,1,0,0.834352290823891,0.34212629896083135
Q257N,-0.288597064182337,Q,N,257,1,0,0.885916421079607,0.533972821742606
Q257D,-0.666506239471965,Q,D,257,1,0,0.785305046585272,0.16706634692246203
Q257E,-0.325930764206401,Q,E,257,1,0,0.875977009390273,0.4962430055955236
Q257H,-0.269827082402283,Q,H,257,1,0,0.890913583862642,0.5542765787370104
Q257K,-0.226580494344941,Q,K,257,1,0,0.90242719335176,0.6067945643485212
Q257R,-0.285056206813572,Q,R,257,1,0,0.886859109296919,0.5368505195843325
L258F,-0.21083571109354,L,F,258,1,0,0.906618952609324,0.6280575539568345
L258W,-0.166385919075939,L,W,258,1,0,0.918452893046073,0.6920863309352518
L258Y,-0.8106500739111,L,Y,258,1,0,0.746929399059142,0.09768185451638689
L258P,-0.899893430506377,L,P,258,1,0,0.723169995057751,0.07338129496402877
L258M,-0.053972291931658,L,M,258,1,0,0.948380955867548,0.8778577138289368
L258I,-0.418130564818316,L,I,258,1,0,0.85143050648899,0.40911270983213427
L258V,-0.302932379937433,L,V,258,1,0,0.88209990664641,0.5178257394084732
L258A,-0.958644161023067,L,A,258,1,0,0.707528692500595,0.05947242206235012
L258G,-0.831723331843652,L,G,258,1,0,0.741319031319214,0.09064748201438849
L258C,-0.384200213138987,L,C,258,1,0,0.860463839212169,0.4419664268585132
L258S,-0.211316992677644,L,S,258,1,0,0.906490820230272,0.6268585131894484
L258T,-2.68506995771597,L,T,258,1,0,0.247899544214824,0.007913669064748202
L258N,-0.496957612843343,L,N,258,1,0,0.830444253262799,0.32302158273381293
L258Q,-0.765340850493314,L,Q,258,1,0,0.758992147315626,0.11822541966426858
L258D,-0.496957612843343,L,D,258,1,0,0.830444253262799,0.32302158273381293
L258E,-0.930764206401045,L,E,258,1,0,0.714951218172832,0.06610711430855316
L258H,-0.571315617587404,L,H,258,1,0,0.810647800699237,0.24124700239808153
L258K,-1.46859637663722,L,K,258,1,0,0.571763284582013,0.014708233413269385
L258R,-0.5986111588573,L,R,258,1,0,0.80338086434442,0.2140687450039968
S259F,-0.198047371858778,S,F,259,1,0,0.910023612966997,0.646203037569944
S259W,-0.50500189074908,S,W,259,1,0,0.82830261207007,0.3128697042366107
S259Y,-0.206538554092612,S,Y,259,1,0,0.907762991708005,0.6347721822541966
S259P,-0.206538554092612,S,P,259,1,0,0.907762991708005,0.6347721822541966
S259M,-0.623809687510743,S,M,259,1,0,0.796672219069759,0.19392486011191049
S259I,-0.793152050603321,S,I,259,1,0,0.751587926268968,0.10423661071143085
S259L,-1.70796521021692,S,L,259,1,0,0.50803573062913,0.010871302957633893
S259V,-0.751624325346351,S,V,259,1,0,0.762643920118614,0.12613908872901677
S259A,-0.380762487538245,S,A,259,1,0,0.861379070491113,0.44524380495603516
S259G,-0.383065763690742,S,G,259,1,0,0.86076586553422,0.44316546762589926
S259C,-0.128467805699749,S,C,259,1,0,0.928547894052827,0.7544364508393285
S259T,-0.275121179827426,S,T,259,1,0,0.889504127693068,0.5479616306954437
S259N,-0.742651861528413,S,N,259,1,0,0.765032673756658,0.129656274980016
S259Q,-0.117123311217299,S,Q,259,1,0,0.931568157273343,0.7717026378896883
S259D,-0.884458042559043,S,D,259,1,0,0.72727938350021,0.07801758593125499
S259E,-0.413420880745299,S,E,259,1,0,0.852684373341143,0.41502797761790566
S259H,-0.701055381759428,S,H,259,1,0,0.776106972231883,0.14596322941646683
S259K,-0.902953006291038,S,K,259,1,0,0.722355439219491,0.07202238209432454
S259R,-0.815669153288185,S,R,259,1,0,0.745593161391883,0.095603517186251
L260F,-0.283853002853312,L,F,260,1,0,0.88717944024455,0.5381294964028777
L260Y,-1.61817181752553,L,Y,260,1,0,0.531941571635151,0.012310151878497202
L260P,-0.248547560933686,L,P,260,1,0,0.896578865479306,0.579216626698641
L260M,-0.0570318677163188,L,M,260,1,0,0.947566400029287,0.8732214228617107
L260I,0.0764206401045068,L,I,260,1,1,0.983095678277901,0.9931254996003197
L260V,0.0448623190896902,L,V,260,1,1,0.974693855137193,0.9830535571542766
L260A,-0.329609130599195,L,A,260,1,0,0.874997711921803,0.4920863309352518
L260G,-0.876723159957372,L,G,260,1,0,0.729338653877835,0.07993605115907274
L260C,0.0056722472412252,L,C,260,1,0,0.964260218557229,0.9568345323741008
L260S,-0.74481762865688,L,S,260,1,0,0.764456078050924,0.12821742605915268
L260T,-0.167279727732132,L,T,260,1,0,0.918214932913547,0.6911270983213429
L260N,-0.641410842586545,L,N,260,1,0,0.791986234921564,0.18321342925659473
L260Q,-0.256694970607446,L,Q,260,1,0,0.894409767348209,0.5682653876898481
L260D,-0.782048196912923,L,D,260,1,0,0.754544123299958,0.11103117505995204
L260E,-3.43772560074255,L,E,260,1,0,0.0475188080027815,0.0041566746602717825
L260H,-0.902093574890852,L,H,260,1,0,0.722584247039227,0.07274180655475619
L260K,-0.215682904190587,L,K,260,1,0,0.905328476506013,0.6213429256594725
L260R,-0.419540032314621,L,R,260,1,0,0.851055261664622,0.40839328537170266
S261F,-0.25384165835883,S,F,261,1,0,0.895169409309732,0.5710631494804157
S261W,-0.307745195778473,S,W,261,1,0,0.880818582855888,0.5119104716227019
S261Y,-0.25250094537454,S,Y,261,1,0,0.895526349508521,0.5733812949640288
S261P,-0.187218536216439,S,P,261,1,0,0.912906591495671,0.6594724220623501
S261M,-0.176080305270033,S,M,261,1,0,0.91587194083945,0.6774580335731415
S261I,-0.275121179827426,S,I,261,1,0,0.889504127693068,0.5479616306954437
S261L,-0.142906253222868,S,L,261,1,0,0.924703922681261,0.7314148681055156
S261V,-0.199938120939187,S,V,261,1,0,0.909520235763577,0.6438049560351718
S261A,-0.0827460552098731,S,A,261,1,0,0.940720470062785,0.8279776179056755
S261G,-0.0914435009797518,S,G,261,1,0,0.938404934927056,0.8148681055155875
S261C,-0.0455498642098387,S,C,261,1,0,0.950623272500961,0.8943245403677058
S261T,-0.0246828698133315,S,T,261,1,0,0.956178726364152,0.9250999200639488
S261N,-0.115541957440957,S,N,261,1,0,0.931989163661657,0.7739408473221423
S261Q,-0.0203857128124033,S,Q,261,1,0,0.957322765462832,0.9304556354916067
S261D,-0.281652858468837,S,D,261,1,0,0.887765188263074,0.5405275779376498
S261E,-0.346453986042834,S,E,261,1,0,0.870513078654976,0.47609912070343724
S261H,-0.0560005500360961,S,H,261,1,0,0.94784096941297,0.8741806554756195
S261K,-0.150744267592561,S,K,261,1,0,0.922617195365269,0.7195843325339728
S261R,-0.0911341056756849,S,R,261,1,0,0.938487305742161,0.8156674660271782
Q262F,-0.766956581525663,Q,F,262,1,0,0.758561988614523,0.117585931254996
Q262W,-0.273161676235003,Q,W,262,1,0,0.890025809522066,0.549560351718625
Q262Y,-0.177764790814397,Q,Y,262,1,0,0.915423477512767,0.6744204636290967
Q262P,-0.440682044759187,Q,P,262,1,0,0.845426589299116,0.38864908073541166
Q262I,-0.483653614768469,Q,I,262,1,0,0.833986198312313,0.3408473221422862
Q262L,-0.0178417958678538,Q,L,262,1,0,0.958000036609251,0.9336530775379697
Q262V,-0.374162054384819,Q,V,262,1,0,0.863136314546686,0.45067945643485213
Q262A,0.046787445426106,Q,A,262,1,1,0.975206384653402,0.9838529176658674
Q262G,-0.111519818488088,Q,G,262,1,0,0.933059984258022,0.7792166266986411
Q262C,-0.0802708927773385,Q,C,262,1,0,0.941379436583625,0.8328537170263789
Q262S,-0.0183574547079652,Q,S,262,1,0,0.957862751917409,0.933013589128697
Q262T,-0.171473752965038,Q,T,262,1,0,0.917098350753235,0.6837729816147082
Q262N,-0.0526315789473684,Q,N,262,1,0,0.948737896066336,0.8804156674660272
Q262D,-0.0760081130324177,Q,D,262,1,0,0.942514323369515,0.8398081534772183
Q262E,-0.125442607171096,Q,E,262,1,0,0.929353297578298,0.7581135091926459
Q262H,-0.13620268830142,Q,H,262,1,0,0.926488623675203,0.7434052757793765
Q262K,-0.181236893671147,Q,K,262,1,0,0.914499093921034,0.6683453237410072
Q262R,-0.303001134449448,Q,R,262,1,0,0.882081602020831,0.517665867306155
I263F,-0.206538554092612,I,F,263,1,0,0.907762991708005,0.6347721822541966
I263W,-0.382446973082608,I,W,263,1,0,0.86093060716443,0.4437250199840128
I263Y,-0.63226649248857,I,Y,263,1,0,0.794420750123556,0.18864908073541167
I263P,-0.782048196912923,I,P,263,1,0,0.754544123299958,0.11103117505995204
I263M,-0.19962872563512,I,M,263,1,0,0.909602606578682,0.6443645083932854
I263L,-0.0179793048918835,I,L,263,1,0,0.957963427358093,0.9334932054356515
I263V,-0.225411667640689,I,V,263,1,0,0.902738371986601,0.6103916866506794
I263A,-1.12898346453986,I,A,263,1,0,0.66217898262891,0.03245403677058353
I263G,-0.604661555914607,I,G,263,1,0,0.801770057293478,0.2084732214228617
I263C,-0.830176355323318,I,C,263,1,0,0.741730885394739,0.09112709832134293
I263S,-0.532709959091065,I,S,263,1,0,0.82092584796178,0.2783373301358913
I263T,-0.269242669050156,I,T,263,1,0,0.891069173180063,0.5549160671462829
I263N,-0.213276496270068,I,N,263,1,0,0.905969138401274,0.6241406874500399
I263Q,-0.734435697342638,I,Q,263,1,0,0.767220076513335,0.13381294964028778
I263D,-1.04843755371446,I,D,263,1,0,0.683622851494573,0.042046362909672265
I263E,-0.518374643335969,I,E,263,1,0,0.824742362394977,0.29520383693045565
I263H,-0.705283784248341,I,H,263,1,0,0.774981237758782,0.1451638689048761
I263K,-0.695692529822269,I,K,263,1,0,0.777534733027036,0.14996003197442045
I263R,-0.769603630238234,I,R,263,1,0,0.757857260529736,0.11694644284572342
R264F,-1.28419677541339,R,F,264,1,0,0.620856290384579,0.02182254196642686
R264Y,-0.709477809481247,R,Y,264,1,0,0.77386465559847,0.14324540367705835
R264P,-0.45106397607343,R,P,264,1,0,0.842662590836704,0.3774580335731415
R264M,-0.480353398191756,R,M,264,1,0,0.8348648203401,0.34396482813749
R264I,-3.43772560074255,R,I,264,1,0,0.0475188080027815,0.0041566746602717825
R264L,-0.221802055759909,R,L,264,1,0,0.903699364829492,0.6130295763389288
R264V,-0.989824332221802,R,V,264,1,0,0.699227544800571,0.05227817745803357
R264A,-0.6273161676235,R,A,264,1,0,0.795738683165236,0.19184652278177458
R264G,-0.357695348757262,R,G,264,1,0,0.867520272372829,0.46586730615507593
R264C,-0.0994877788854893,R,C,264,1,0,0.936263293734327,0.8000799360511591
R264S,-0.258207569871773,R,S,264,1,0,0.894007065585473,0.5667466027178257
R264T,-0.85351851215236,R,T,264,1,0,0.735516465010708,0.08449240607513989
R264N,-1.1000034377256,R,N,264,1,0,0.66989438231041,0.035491606714628296
R264Q,-0.563683866753756,R,Q,264,1,0,0.812679614138493,0.2474820143884892
R264D,-1.61817181752553,R,D,264,1,0,0.531941571635151,0.012310151878497202
R264E,-1.1055381759428,R,E,264,1,0,0.668420859951308,0.03493205435651479
R264H,-0.106844511671078,R,H,264,1,0,0.934304698797386,0.7868904876099121
R264K,-0.284024889133349,R,K,264,1,0,0.887133678680603,0.5379696243005595
D265F,-0.512599264326721,D,F,265,1,0,0.826279950943603,0.3031974420463629
D265Y,-0.0519096565712124,D,Y,265,1,0,0.948930094634914,0.8825739408473221
D265P,-0.746708377737289,D,P,265,1,0,0.763952700847504,0.1275779376498801
D265M,-0.329712262367218,D,M,265,1,0,0.874970254983434,0.4917665867306155
D265I,-3.43772560074255,D,I,265,1,0,0.0475188080027815,0.0041566746602717825
D265L,-0.197703599298704,D,L,265,1,0,0.910115136094891,0.6468425259792167
D265V,-0.0645261095259376,D,V,265,1,0,0.945571195841189,0.8569144684252598
D265A,-0.179311767334731,D,A,265,1,0,0.915011623437242,0.6717026378896882
D265G,-0.153838220633229,D,G,265,1,0,0.921793487214219,0.7128697042366107
D265C,-0.263604799064939,D,C,265,1,0,0.892570152477531,0.561550759392486
D265S,-0.184777751039912,D,S,265,1,0,0.913556405703721,0.6628297362110311
D265T,-0.232596514146241,D,T,265,1,0,0.900825538613607,0.5969624300559553
D265N,-0.0521502973632644,D,N,265,1,0,0.948866028445388,0.8816147082334133
D265Q,-0.117707724569425,D,Q,265,1,0,0.931412567955922,0.770263788968825
D265E,-0.0738767231599573,D,E,265,1,0,0.943081766762461,0.8426858513189448
D265H,-0.149300422840249,D,H,265,1,0,0.923001592502425,0.7215027977617906
D265K,-0.578328577812919,D,K,265,1,0,0.80878072889019,0.2349320543565148
D265R,-3.43772560074255,D,R,265,1,0,0.0475188080027815,0.0041566746602717825
A266F,-0.863831688954588,A,F,266,1,0,0.732770771173875,0.08289368505195843
A266Y,-0.946233971604386,A,Y,266,1,0,0.710832677417583,0.06266986410871303
A266P,-0.30004469043281,A,P,266,1,0,0.882868700920722,0.519744204636291
A266M,-0.111622950256111,A,M,266,1,0,0.933032527319653,0.779056754596323
A266I,-0.788236102994259,A,I,266,1,0,0.752896706997858,0.10767386091127099
A266L,-0.239403210835711,A,L,266,1,0,0.899013380681298,0.5908872901678657
A266V,-0.0272955412698958,A,V,266,1,0,0.955483150592155,0.9213429256594724
A266G,-0.221286396919798,A,G,266,1,0,0.903836649521334,0.6136690647482015
A266C,-0.0628072467255663,A,C,266,1,0,0.946028811480661,0.8605915267785771
A266S,-0.0079755233937227,A,S,266,1,0,0.960626750379821,0.9435651478816947
A266T,-0.141909312798652,A,T,266,1,0,0.924969339752155,0.7330135891286971
A266N,-0.274192993915226,A,N,266,1,0,0.889751240138383,0.5485211830535571
A266Q,-0.0529065969954278,A,Q,266,1,0,0.94866467756402,0.8799360511590727
A266D,-0.136649592629516,A,D,266,1,0,0.92636964360894,0.7430855315747402
A266E,-0.709477809481247,A,E,266,1,0,0.77386465559847,0.14324540367705835
A266H,0.053491010347554,A,H,266,1,1,0.976991085647343,0.986810551558753
A266K,-0.857884423665303,A,K,266,1,0,0.734354121286449,0.08425259792166268
A266R,-0.969507373921414,A,R,266,1,0,0.704636561659131,0.056594724220623505
R267F,-0.752415002234522,R,F,267,1,0,0.762433416924457,0.12581934452438048
R267W,-0.512874282374781,R,W,267,1,0,0.826206732441288,0.3029576338928857
R267Y,-0.717865859947059,R,Y,267,1,0,0.771631491277846,0.13980815347721823
R267P,-0.509333425006016,R,P,267,1,0,0.8271494206586,0.3074340527577938
R267M,-0.533363126955207,R,M,267,1,0,0.82075195401878,0.2777777777777778
R267I,-0.54787032899034,R,I,267,1,0,0.816889678021636,0.2631494804156675
R267L,-0.357214067173158,R,L,267,1,0,0.867648404751881,0.4665867306155076
R267V,-0.675272439753859,R,V,267,1,0,0.782971206823964,0.16179056754596324
R267A,-1.83433600330022,R,A,267,1,0,0.47439182881514,0.010151878497202239
R267G,-0.533363126955207,R,G,267,1,0,0.82075195401878,0.2777777777777778
R267C,-0.0896558836673656,R,C,267,1,0,0.938880855192107,0.8171063149480415
R267S,-0.322664924885696,R,S,267,1,0,0.87684647910527,0.49864108713029576
R267T,-0.956581525662621,R,T,267,1,0,0.708077831267961,0.06027178257394085
R267N,-0.690398432397126,R,N,267,1,0,0.77894418919661,0.15347721822541965
R267Q,-1.44848568187287,R,Q,267,1,0,0.577117387563838,0.015107913669064749
R267D,-0.837979992437004,R,D,267,1,0,0.739653310391536,0.08816946442845723
R267E,-0.731685516862044,R,E,267,1,0,0.76795226153649,0.1342925659472422
R267H,-0.0820241328337172,R,H,267,1,0,0.940912668631363,0.829576338928857
R267K,-0.788236102994259,R,K,267,1,0,0.752896706997858,0.10767386091127099
A268F,-0.392072604764688,A,F,268,1,0,0.858367959583386,0.43277378097521985
A268Y,-0.263604799064939,A,Y,268,1,0,0.892570152477531,0.561550759392486
A268P,-0.279727732132421,A,P,268,1,0,0.888277717779283,0.5435651478816946
A268I,-0.148062841623982,A,I,268,1,0,0.923331075762845,0.7237410071942446
A268L,-0.199216198563031,A,L,268,1,0,0.909712434332155,0.6448441247002398
A268V,-0.0152291244112894,A,V,268,1,0,0.958695612381249,0.9358912869704237
A268G,-0.181718175255251,A,G,268,1,0,0.914370961541982,0.6666666666666666
A268C,-0.0544535735157619,A,C,268,1,0,0.948252823488495,0.8772182254196643
A268S,-0.0521502973632644,A,S,268,1,0,0.948866028445388,0.8816147082334133
A268T,-0.0075629963216336,A,T,268,1,0,0.960736578133294,0.9446043165467626
A268N,-0.286637560589914,A,N,268,1,0,0.886438102908605,0.535171862509992
A268Q,-0.0099694042421533,A,Q,268,1,0,0.960095916238033,0.9414068745003997
A268E,-0.0282924816941111,A,E,268,1,0,0.955217733521261,0.9203836930455636
A268H,-0.183402660799615,A,H,268,1,0,0.913922498215299,0.6645083932853717
A268K,-0.0033345938327202,A,K,268,1,0,0.961862312606396,0.9487609912070344
A268R,-0.0056378699852177,A,R,268,1,0,0.961249107649503,0.9467625899280575
N269F,-0.159372958850424,N,F,269,1,0,0.920319964855119,0.7036770583533174
N269W,-0.112654267936333,N,W,269,1,0,0.93275795793597,0.7770583533173461
N269Y,-0.104747499054625,N,Y,269,1,0,0.934862989877542,0.7914468425259792
N269P,-0.778782357592217,N,P,269,1,0,0.755413593014955,0.11254996003197441
N269M,-0.181408779951184,N,M,269,1,0,0.914453332357087,0.6678657074340527
N269I,-0.165251469627694,N,I,269,1,0,0.918754919368124,0.6935251798561151
N269L,-0.182611983911444,N,L,269,1,0,0.914133001409456,0.6661870503597123
N269V,-0.202069510811647,N,V,269,1,0,0.908952792370632,0.640767386091127
N269A,-0.205438481900375,N,A,269,1,0,0.908055865717266,0.6370103916866506
N269G,-0.102994258998247,N,G,269,1,0,0.935329757829803,0.7945643485211831
N269C,-0.0916841417718037,N,C,269,1,0,0.93834086873753,0.814228617106315
N269S,-0.0949156038365017,N,S,269,1,0,0.937480551335322,0.808792965627498
N269T,-0.023754683901131,N,T,269,1,0,0.956425838809467,0.9267785771382894
N269Q,-0.128914710027846,N,Q,269,1,0,0.928428913986564,0.7533173461231015
N269D,-0.141324899446526,N,D,269,1,0,0.925124929069576,0.7341326938449241
N269E,-0.436866169342363,N,E,269,1,0,0.846442496018744,0.39072741806554756
N269H,-0.0242703427412423,N,H,269,1,0,0.956288554117625,0.9258193445243805
N269K,-0.120664168586063,N,K,269,1,0,0.930625469056031,0.7656274980015987
N269R,-0.0379868678882051,N,R,269,1,0,0.952636781314638,0.9058353317346123
D270F,-0.782942005569115,D,F,270,1,0,0.754306163167432,0.11023181454836131
D270W,-0.477121936127058,D,W,270,1,0,0.835725137742307,0.34852118305355717
D270Y,-0.255182371343119,D,Y,270,1,0,0.894812469110944,0.5699440447641887
D270P,-0.992952662518478,D,P,270,1,0,0.698394684336732,0.051798561151079135
D270M,-0.494826222970882,D,M,270,1,0,0.831011696655745,0.3270183852917666
D270I,-0.744680119632851,D,I,270,1,0,0.764492687302081,0.1283772981614708
D270L,-1.04843755371446,D,L,270,1,0,0.683622851494573,0.042046362909672265
D270V,-0.110144728247791,D,V,270,1,0,0.9334260767696,0.7816946442845724
D270A,-0.318023995324693,D,A,270,1,0,0.878082041331844,0.5027977617905676
D270G,-0.135790161229331,D,G,270,1,0,0.926598451428676,0.74396482813749
D270C,-0.738526590807522,D,C,270,1,0,0.766130951291391,0.1316546762589928
D270S,-1.38017807418612,D,S,270,1,0,0.595303033076458,0.017905675459632293
D270T,-0.790883151706831,D,T,270,1,0,0.752191978913071,0.10543565147881695
D270N,-0.0712296744473856,D,N,270,1,0,0.943786494847248,0.8478816946442845
D270Q,-0.987727319605349,D,Q,270,1,0,0.699785835880727,0.05275779376498801
D270E,-0.189968716697033,D,E,270,1,0,0.912174406472515,0.655955235811351
D270H,-0.290281549726701,D,H,270,1,0,0.885467957752924,0.530775379696243
D270K,-0.618412458317577,D,K,270,1,0,0.798109132177701,0.19840127897681856
D270R,-0.774966482175393,D,R,270,1,0,0.756429499734583,0.11430855315747403
Q271F,-0.405617243631613,Q,F,271,1,0,0.854761948344347,0.42190247801758596
Q271Y,-0.405617243631613,Q,Y,271,1,0,0.854761948344347,0.42190247801758596
Q271P,-0.12898346453986,Q,P,271,1,0,0.928410609360986,0.7531574740207834
Q271M,-0.248822578981746,Q,M,271,1,0,0.896505646976991,0.5785771382893685
Q271I,-0.245350476124996,Q,I,271,1,0,0.897430030568724,0.5833733013589129
Q271L,-0.141771803774623,Q,L,271,1,0,0.925005949003313,0.7331734612310152
Q271V,-0.157997868610127,Q,V,271,1,0,0.920686057366697,0.7067146282973621
Q271A,-0.452060916497645,Q,A,271,1,0,0.84239717376581,0.3741806554756195
Q271G,-0.822372718209632,Q,G,271,1,0,0.743808460397943,0.09376498800959232
Q271C,-0.315033174052047,Q,C,271,1,0,0.878878292544526,0.5061550759392486
Q271S,-0.495891917907113,Q,S,271,1,0,0.830727974959272,0.3251798561151079
Q271T,-0.056722472412252,Q,T,271,1,0,0.947648770844392,0.8733812949640288
Q271N,-0.389288047028086,Q,N,271,1,0,0.859109296919331,0.4354116706634692
Q271D,-0.790883151706831,Q,D,271,1,0,0.752191978913071,0.10543565147881695
Q271E,-0.19962872563512,Q,E,271,1,0,0.909602606578682,0.6443645083932854
Q271H,-0.168173536388325,Q,H,271,1,0,0.917976972781022,0.6895283772981615
Q271K,-0.0274330502939255,Q,K,271,1,0,0.955446541340997,0.920863309352518
Q271R,-0.165732751211798,Q,R,271,1,0,0.918626786989072,0.6932054356514789
S272F,-0.666506239471965,S,F,272,1,0,0.785305046585272,0.16706634692246203
S272Y,-0.370586819760047,S,Y,272,1,0,0.864088155076788,0.45443645083932854
S272P,-0.621093884286156,S,P,272,1,0,0.797395251780125,0.19608313349320544
S272M,-0.639588848018151,S,M,272,1,0,0.792471307499405,0.1839328537170264
S272I,-0.255904293719275,S,I,272,1,0,0.894620270542366,0.5688249400479616
S272L,-0.675272439753859,S,L,272,1,0,0.782971206823964,0.16179056754596324
S272V,-0.651655264876758,S,V,272,1,0,0.789258845710311,0.17673860911270983
S272A,-0.142390594382756,S,A,272,1,0,0.924841207373103,0.7322941646682654
S272G,-0.0827116779538657,S,G,272,1,0,0.940729622375574,0.8281374900079936
S272C,-0.055106741379903,S,C,272,1,0,0.948078929545496,0.8756195043964828
S272T,-0.211179483653615,S,T,272,1,0,0.90652742948143,0.6273381294964029
S272N,-0.0850149541063632,S,N,272,1,0,0.940116417418682,0.8244604316546763
S272Q,-0.577331637388704,S,Q,272,1,0,0.809046145961084,0.23597122302158274
S272D,-0.709477809481247,S,D,272,1,0,0.77386465559847,0.14324540367705835
S272E,-0.370586819760047,S,E,272,1,0,0.864088155076788,0.45443645083932854
S272H,-0.806662312214239,S,H,272,1,0,0.747991067342717,0.09944044764188649
S272K,-1.1055381759428,S,K,272,1,0,0.668420859951308,0.03493205435651479
S272R,-0.0894152428753136,S,R,272,1,0,0.938944921381633,0.8177458033573142
Q273F,-0.841864622365843,Q,F,273,1,0,0.738619099046329,0.08697042366107115
Q273Y,-0.413420880745299,Q,Y,273,1,0,0.852684373341143,0.41502797761790566
Q273P,-0.186359104816254,Q,P,273,1,0,0.913135399315407,0.6602717825739408
Q273I,-0.393447695004985,Q,I,273,1,0,0.858001867071809,0.43229416466826537
Q273L,-0.200522534291313,Q,L,273,1,0,0.909364646446157,0.6430855315747402
Q273V,-0.400254391694455,Q,V,273,1,0,0.856189709139499,0.4271782573940847
Q273A,-0.242944068204476,Q,A,273,1,0,0.898070692463985,0.5866506794564349
Q273G,-0.442813434631648,Q,G,273,1,0,0.84485914590617,0.38593125499600317
Q273C,-0.289215854790471,Q,C,273,1,0,0.885751679449397,0.5326139088729017
Q273S,-0.206538554092612,Q,S,273,1,0,0.907762991708005,0.6347721822541966
Q273T,-0.229846333665647,Q,T,273,1,0,0.901557723636763,0.6023181454836131
Q273N,-0.166007769259858,Q,N,273,1,0,0.918553568486756,0.6927258193445244
Q273D,-0.219567534119427,Q,D,273,1,0,0.904294265160806,0.6170263788968825
Q273E,-0.0964969576128433,Q,E,273,1,0,0.937059544947008,0.806634692246203
Q273H,-0.128227164907697,Q,H,273,1,0,0.928611960242353,0.754916067146283
Q273K,-0.102925504486232,Q,K,273,1,0,0.935348062455382,0.7947242206235012
Q273R,-0.0718484650555192,Q,R,273,1,0,0.943621753217038,0.8468425259792166
N274F,-0.789404929698511,N,F,274,1,0,0.752585528363017,0.10711430855315747
N274Y,-0.162845061707175,N,Y,274,1,0,0.919395581263385,0.6981614708233413
N274P,-0.788614252810341,N,P,274,1,0,0.752796031557174,0.10743405275779376
N274M,-0.326858950118601,N,M,274,1,0,0.875729896944958,0.4952837729816147
N274I,-0.176561586854137,N,I,274,1,0,0.915743808460398,0.6767386091127098
N274L,-0.809309360926811,N,L,274,1,0,0.74728633925793,0.09896083133493205
N274V,-0.668259479528344,N,V,274,1,0,0.78483827863301,0.16570743405275778
N274A,-0.697411392622641,N,A,274,1,0,0.777077117387564,0.14788169464428458
N274G,-1.83433600330022,N,G,274,1,0,0.47439182881514,0.010151878497202239
N274C,-0.361579978686101,N,C,274,1,0,0.866486061027622,0.46378896882494003
N274S,-0.218158066623122,N,S,274,1,0,0.904669509985173,0.6188649080735412
N274T,-0.616143559421087,N,T,274,1,0,0.798713184821804,0.19984012789768185
N274Q,-0.445357351576197,N,Q,274,1,0,0.844181874759752,0.38273381294964026
N274D,-0.196053491010347,N,D,274,1,0,0.910554447108784,0.6494804156674661
N274E,-0.630410120664169,N,E,274,1,0,0.794914975014186,0.18960831334932055
N274H,-0.276496270067723,N,H,274,1,0,0.88913803518149,0.5459632294164668
N274K,-0.27560246141153,N,K,274,1,0,0.889375995314016,0.5470823341326938
N274R,-0.819760046753068,N,R,274,1,0,0.74450403616994,0.09480415667466027
H275F,-0.450238921929252,H,F,275,1,0,0.842882246343651,0.3780975219824141
H275W,-0.726185155900856,H,W,275,1,0,0.769416631582801,0.13645083932853716
H275Y,-0.246072398501152,H,Y,275,1,0,0.897237832000146,0.5821742605915268
H275P,-0.271133418130565,H,P,275,1,0,0.890565795976643,0.5515587529976019
H275M,-0.790883151706831,H,M,275,1,0,0.752191978913071,0.10543565147881695
H275I,-0.709477809481247,H,I,275,1,0,0.77386465559847,0.14324540367705835
H275L,-0.280759049812644,H,L,275,1,0,0.888003148395599,0.541726618705036
H275V,-0.651655264876758,H,V,275,1,0,0.789258845710311,0.17673860911270983
H275A,-1.04042765306473,H,A,275,1,0,0.685755340374513,0.04372501998401279
H275G,-0.635016672969164,H,G,275,1,0,0.793688565100401,0.18569144684252598
H275C,-0.290315926982708,H,C,275,1,0,0.885458805440135,0.5304556354916067
H275S,-1.30719515968235,H,S,275,1,0,0.614733393128444,0.02062350119904077
H275T,-1.05847571246863,H,T,275,1,0,0.680950376160056,0.03980815347721822
H275N,-0.297775791536319,H,N,275,1,0,0.883472753564826,0.5229416466826539
H275Q,-0.26625184777751,H,Q,275,1,0,0.891865424392744,0.5576338928856914
H275D,-0.343497542026195,H,D,275,1,0,0.871300177554868,0.48017585931254997
H275E,-0.889580253704149,H,E,275,1,0,0.725915688894584,0.07601918465227818
H275K,-1.22286775069614,H,K,275,1,0,0.637184016400944,0.026378896882494004
H275R,-0.320877307573309,H,R,275,1,0,0.877322399370321,0.5015187849720224
L276F,-0.0884526797071057,L,F,276,1,0,0.939201186139737,0.8195843325339728
L276W,-0.0527003334593832,L,W,276,1,0,0.948719591440757,0.8800959232613909
L276Y,-0.696792602014507,L,Y,276,1,0,0.777241859017774,0.14932054356514787
L276P,-0.609130599195572,L,P,276,1,0,0.800580256630851,0.20511590727418066
L276M,-0.0727078964557049,L,M,276,1,0,0.943392945397302,0.8445243804956035
L276I,0.0137509024029701,L,I,276,1,1,0.966411012062748,0.9653077537969624
L276V,-0.30657636907422,L,V,276,1,0,0.881129761490729,0.5138289368505196
L276A,-0.830176355323318,L,A,276,1,0,0.741730885394739,0.09112709832134293
L276G,-0.790883151706831,L,G,276,1,0,0.752191978913071,0.10543565147881695
L276C,-0.598164254529203,L,C,276,1,0,0.803499844410683,0.21486810551558752
L276S,-0.207260476468768,L,S,276,1,0,0.907570793139426,0.6331734612310151
L276T,-2.68506995771597,L,T,276,1,0,0.247899544214824,0.007913669064748202
L276N,-2.18237134311939,L,N,276,1,0,0.381733814134832,0.009112709832134292
L276Q,-0.796177249131974,L,Q,276,1,0,0.750782522743497,0.10311750599520383
L276D,-0.435181683797999,L,D,276,1,0,0.846890959345426,0.39224620303756996
L276E,-1.34463199147444,L,E,276,1,0,0.604766524500741,0.01894484412470024
L276H,-0.796177249131974,L,H,276,1,0,0.750782522743497,0.10311750599520383
L276K,-0.584378974870226,L,K,276,1,0,0.807169921839249,0.2278177458033573
L276R,-3.6162123139331,L,R,276,1,0,0.0,0.00023980815347721823
F277W,-0.494826222970882,F,W,277,1,0,0.831011696655745,0.3270183852917666
F277Y,-0.072398501151638,F,Y,277,1,0,0.943475316212407,0.8453237410071942
F277P,-0.929045343600674,F,P,277,1,0,0.715408833812304,0.06642685851318945
F277M,-0.630410120664169,F,M,277,1,0,0.794914975014186,0.18960831334932055
F277I,-0.384819003747121,F,I,277,1,0,0.860299097581959,0.4404476418864908
F277L,-0.16356698408333,F,L,277,1,0,0.919203382694807,0.6962430055955235
F277V,-0.155282065385541,F,V,277,1,0,0.921409090077062,0.7111111111111111
F277A,-0.942796246003644,F,A,277,1,0,0.711747908696527,0.06346922462030376
F277G,-0.847296228815016,F,G,277,1,0,0.737173033625597,0.08617106314948042
F277C,0.0276736910859775,F,C,277,1,1,0.970117698742472,0.9749000799360512
F277S,-0.192650142665612,F,S,277,1,0,0.911460526074939,0.6530775379696243
F277T,-1.11385747189659,F,T,277,1,0,0.666206000256265,0.03421262989608313
F277N,-0.824091581010004,F,N,277,1,0,0.74335084475847,0.09304556354916067
F277Q,-1.40977689160851,F,Q,277,1,0,0.587422891764749,0.01662669864108713
F277D,-0.531884904946887,F,D,277,1,0,0.821145503468726,0.2788169464428457
F277E,-1.02846436797415,F,E,277,1,0,0.688940345225238,0.04684252597921663
F277H,-0.539000996940424,F,H,277,1,0,0.819250974721312,0.2709832134292566
F277K,-0.888308295231875,F,K,277,1,0,0.726254324467793,0.0771382893685052
F277R,-1.06724191275052,F,R,277,1,0,0.678616536398749,0.03852917665867306
K278F,-0.894736842105263,K,F,278,1,0,0.724542841976167,0.07434052757793765
K278W,-0.571315617587404,K,W,278,1,0,0.810647800699237,0.24124700239808153
K278Y,-0.92148234727904,K,Y,278,1,0,0.717422342625981,0.06826538768984812
K278P,-0.730310426621747,K,P,278,1,0,0.768318354048068,0.13509192645883294
K278M,-0.802743305029393,K,M,278,1,0,0.749034431000714,0.10103916866506794
K278I,-0.338822235209186,K,I,278,1,0,0.872544892094232,0.4829736211031175
K278L,-1.04042765306473,K,L,278,1,0,0.685755340374513,0.04372501998401279
K278V,-0.864347347794699,K,V,278,1,0,0.732633486482034,0.08265387689848122
K278A,-0.686101275396198,K,A,278,1,0,0.78008822829529,0.15651478816946443
K278G,-1.11028223727182,K,G,278,1,0,0.667157840786367,0.03469224620303757
K278C,-0.65763690742205,K,C,278,1,0,0.787666343284948,0.17250199840127897
K278S,-0.797346075836227,K,S,278,1,0,0.750471344108656,0.10247801758593125
K278T,-0.554642648423803,K,T,278,1,0,0.815086672402116,0.2572342126298961
K278N,-0.330502939255389,K,N,278,1,0,0.874759751789277,0.49048760991207035
K278Q,-0.317955240812678,K,Q,278,1,0,0.878100345957424,0.5029576338928857
K278D,-0.719550345491423,K,D,278,1,0,0.771183027951163,0.13908872901678657
K278E,-0.25023204647805,K,E,278,1,0,0.896130402152624,0.5753796962430056
K278H,-0.787720444154148,K,H,278,1,0,0.7530339916897,0.10831334932054357
K278R,-0.422358967307229,K,R,278,1,0,0.850304772015888,0.40319744204636293
I279F,-0.252913472446629,I,F,279,1,0,0.895416521755048,0.5729816147082334
I279W,-0.244216026676751,I,W,279,1,0,0.897732056890776,0.5856914468425259
I279Y,-0.68967651002097,I,Y,279,1,0,0.779136387765188,0.1539568345323741
I279P,-0.733679397710475,I,P,279,1,0,0.767421427394702,0.1339728217426059
I279M,0.0404964075767472,I,M,279,1,1,0.973531511412934,0.981294964028777
I279L,0.077967616624841,I,L,279,1,1,0.983507532353426,0.9936850519584333
I279V,-0.184777751039912,I,V,279,1,0,0.913556405703721,0.6628297362110311
I279A,-1.03509917838358,I,A,279,1,0,0.687173948856876,0.04508393285371703
I279G,-0.985114648148785,I,G,279,1,0,0.700481411652724,0.0530775379696243
I279C,-0.692529822269586,I,C,279,1,0,0.778376745803664,0.15259792166266986
I279S,-0.432397126061398,I,S,279,1,0,0.847632296681371,0.39520383693045563
I279T,-0.336381450032658,I,T,279,1,0,0.873194706302283,0.48633093525179855
I279N,-0.311182921379215,I,N,279,1,0,0.879903351576943,0.5093525179856115
I279Q,-0.68393550826773,I,Q,279,1,0,0.780664824001025,0.15731414868105514
I279D,-0.555673966104026,I,D,279,1,0,0.814812103018432,0.2567545963229416
I279E,-0.453986042834061,I,E,279,1,0,0.841884644249602,0.37138289368505195
I279H,-1.06617621781429,I,H,279,1,0,0.678900258095222,0.038689048760991204
I279K,-1.2939942933755,I,K,279,1,0,0.61824788123959,0.02126298960831335
I279R,-0.790883151706831,I,R,279,1,0,0.752191978913071,0.10543565147881695
L280F,-0.024889133349376,L,F,280,1,0,0.956123812487416,0.9243804956035172
L280W,-0.297019491904156,L,W,280,1,0,0.883674104446193,0.5239008792965627
L280Y,-0.701055381759428,L,Y,280,1,0,0.776106972231883,0.14596322941646683
L280P,-0.863831688954588,L,P,280,1,0,0.732770771173875,0.08289368505195843
L280M,-0.119564096393826,L,M,280,1,0,0.930918343065292,0.7675459632294165
L280I,-0.540685482484788,L,I,280,1,0,0.818802511394629,0.269224620303757
L280V,-0.259617037368077,L,V,280,1,0,0.893631820761106,0.5653077537969624
L280A,-0.666540616727973,L,A,280,1,0,0.785295894272482,0.1665867306155076
L280G,-0.671765959641101,L,G,280,1,0,0.783904742728487,0.16322941646682654
L280C,-0.588985527175221,L,C,280,1,0,0.805943511925463,0.22342126298960832
L280S,-0.157997868610127,L,S,280,1,0,0.920686057366697,0.7067146282973621
L280T,-0.670494001168827,L,T,280,1,0,0.784243378301697,0.16402877697841728
L280N,-0.660558974182681,L,N,280,1,0,0.786888396697845,0.17090327737809752
L280Q,-1.03245212967101,L,Q,280,1,0,0.687878676941663,0.04564348521183054
L280D,-0.419540032314621,L,D,280,1,0,0.851055261664622,0.40839328537170266
L280E,-0.611124480044003,L,E,280,1,0,0.800049422489063,0.2035171862509992
L280H,-0.496957612843343,L,H,280,1,0,0.830444253262799,0.32302158273381293
L280K,-0.923029323799374,L,K,280,1,0,0.717010488550457,0.06786570743405276
L280R,-0.813400254391694,L,R,280,1,0,0.746197214035987,0.09688249400479616
H281F,-0.837979992437004,H,F,281,1,0,0.739653310391536,0.08816946442845723
H281W,-0.923029323799374,H,W,281,1,0,0.717010488550457,0.06786570743405276
H281Y,-0.129499123379972,H,Y,281,1,0,0.928273324669144,0.7521982414068745
H281P,-0.361717487710131,H,P,281,1,0,0.866449451776464,0.4636290967226219
H281M,-0.425521674859913,H,M,281,1,0,0.84946275923926,0.3996802557953637
H281I,-1.81305648183162,H,I,281,1,0,0.480057110431806,0.010391686650679457
H281L,-0.262539104128708,H,L,281,1,0,0.892853874174004,0.5632294164668266
H281V,-0.800783801436969,H,V,281,1,0,0.749556112829712,0.10167865707434053
H281A,-0.929045343600674,H,A,281,1,0,0.715408833812304,0.06642685851318945
H281G,-0.623156519646602,H,G,281,1,0,0.796846113012758,0.19424460431654678
H281C,-0.89370552442504,H,C,281,1,0,0.724817411359851,0.07482014388489208
H281S,-0.833510949156038,H,S,281,1,0,0.740843111054163,0.08952837729816147
H281T,-0.720169136099557,H,T,281,1,0,0.771018286320953,0.13892885691446843
H281N,-0.259479528344048,H,N,281,1,0,0.893668430012264,0.5657873701039169
H281Q,-0.23046512427378,H,Q,281,1,0,0.901392982006553,0.6006394884092726
H281D,-0.343497542026195,H,D,281,1,0,0.871300177554868,0.48017585931254997
H281E,-1.50627384922136,H,E,281,1,0,0.561732349764784,0.013988808952837729
H281K,-0.735363883254839,H,K,281,1,0,0.76697296406802,0.1331734612310152
H281R,-0.273814844099144,H,R,281,1,0,0.889851915579067,0.5488409272581934
R282F,-0.773350751143044,R,F,282,1,0,0.756859658435686,0.11510791366906475
R282W,-2.50733954415759,R,W,282,1,0,0.295217001336236,0.00815347721822542
R282Y,-0.849633882223521,R,Y,282,1,0,0.736550676355915,0.08569144684252598
R282P,-1.03698992746399,R,P,282,1,0,0.686670571653456,0.0442845723421263
R282M,-1.26491113479322,R,M,282,1,0,0.625990737859457,0.023501199040767386
R282I,-0.350029220667606,R,I,282,1,0,0.869561238124874,0.47330135891286973
R282L,-0.695245625494173,R,L,282,1,0,0.777653713093299,0.15059952038369304
R282V,-0.797655471140294,R,V,282,1,0,0.750388973293551,0.10223820943245404
R282A,-1.26913953728213,R,A,282,1,0,0.624865003386357,0.02270183852917666
R282G,-0.232527759634226,R,G,282,1,0,0.900843843239186,0.5972821742605915
R282C,-0.764928323421224,R,C,282,1,0,0.7591019750691,0.11846522781774581
R282S,-0.213173364502045,R,S,282,1,0,0.905996595339642,0.6246203037569944
R282T,-0.580356835917357,R,T,282,1,0,0.808240742435613,0.23293365307753797
R282N,-0.774966482175393,R,N,282,1,0,0.756429499734583,0.11430855315747403
R282Q,-0.81453470383994,R,Q,282,1,0,0.745895187713935,0.09624300559552358
R282D,-0.726185155900856,R,D,282,1,0,0.769416631582801,0.13645083932853716
R282E,-0.794389631819588,R,E,282,1,0,0.751258443008548,0.10375699440447642
R282H,-1.09890336553336,R,H,282,1,0,0.670187256319673,0.03565147881694644
R282K,-0.35064801127574,R,K,282,1,0,0.869396496494664,0.47258193445243807
G283F,-0.666506239471965,G,F,283,1,0,0.785305046585272,0.16706634692246203
G283W,-0.822372718209632,G,W,283,1,0,0.743808460397943,0.09376498800959232
G283Y,-0.848327546495239,G,Y,283,1,0,0.736898464241914,0.08601119104716227
G283P,-1.375021485785,G,P,283,1,0,0.596675879994876,0.01806554756195044
G283M,-0.362817559902368,G,M,283,1,0,0.866156577767202,0.4628297362110312
G283I,-0.827563683866754,G,I,283,1,0,0.742426461166737,0.09160671462829736
G283L,-1.44848568187287,G,L,283,1,0,0.577117387563838,0.015107913669064749
G283V,-0.267145656433703,G,V,283,1,0,0.891627464260218,0.5568345323741007
G283A,-0.49379490529066,G,A,283,1,0,0.831286266039428,0.32869704236610714
G283C,-0.190071848465056,G,C,283,1,0,0.912146949534147,0.6556354916067146
G283S,-0.391213173364502,G,S,283,1,0,0.858596767403123,0.4337330135891287
G283T,-0.631544570112414,G,T,283,1,0,0.794612948692134,0.18928856914468425
G283N,-1.43277527587748,G,N,283,1,0,0.581299994508612,0.016147082334132694
G283Q,-1.07538932242428,G,Q,283,1,0,0.676447438267651,0.03788968824940048
G283D,-0.24115645089209,G,D,283,1,0,0.898546612729036,0.588968824940048
G283E,-0.595551583072639,G,E,283,1,0,0.80419542018268,0.21750599520383693
G283H,-1.03602736429578,G,H,283,1,0,0.686926836411562,0.04476418864908074
G283K,-3.43772560074255,G,K,283,1,0,0.0475188080027815,0.0041566746602717825
G283R,-0.52476881295335,G,R,283,1,0,0.823040032216141,0.2873701039168665
Y284F,-0.213138987246038,Y,F,284,1,0,0.906005747652432,0.6247801758593126
Y284W,-0.289215854790471,Y,W,284,1,0,0.885751679449397,0.5326139088729017
Y284P,-0.806662312214239,Y,P,284,1,0,0.747991067342717,0.09944044764188649
Y284M,-0.442813434631648,Y,M,284,1,0,0.84485914590617,0.38593125499600317
Y284I,-0.803808999965623,Y,I,284,1,0,0.748750709304241,0.10055955235811351
Y284L,-0.624841005190966,Y,L,284,1,0,0.796397649686075,0.19328537170263788
Y284V,-0.51662140327959,Y,V,284,1,0,0.825209130347239,0.296722621902478
Y284A,-0.0985595929732888,Y,A,284,1,0,0.936510406179641,0.8020783373301359
Y284G,-1.04843755371446,Y,G,284,1,0,0.683622851494573,0.042046362909672265
Y284C,-0.22967444738561,Y,C,284,1,0,0.90160348520071,0.6028776978417266
Y284S,-0.130977345388291,Y,S,284,1,0,0.927879775219198,0.7501199040767386
Y284T,-0.615559146068961,Y,T,284,1,0,0.798868774139225,0.20015987210231814
Y284N,-0.535357007803637,Y,N,284,1,0,0.820221119876993,0.27521982414068746
Y284Q,-0.254735467015023,Y,Q,284,1,0,0.894931449177207,0.5707434052757794
Y284D,-0.372752586888515,Y,D,284,1,0,0.863511559371053,0.4529976019184652
Y284E,-0.423527794011482,Y,E,284,1,0,0.849993593381047,0.40215827338129495
Y284H,-0.161469971466878,Y,H,284,1,0,0.919761673774963,0.6996003197442047
Y284K,-1.02052322183643,Y,K,284,1,0,0.6910545294796,0.048281374900079936
Y284R,-0.80944686995084,Y,R,284,1,0,0.747249730006773,0.09880095923261391
S285F,-0.119289078345766,S,F,285,1,0,0.930991561567608,0.768185451638689
S285W,-0.582350716765788,S,W,285,1,0,0.807709908293826,0.23069544364508393
S285Y,-0.147203410223796,S,Y,285,1,0,0.923559883582581,0.7251798561151079
S285P,-0.143593798343016,S,P,285,1,0,0.924520876425473,0.7306155075939249
S285M,0.0622572106294475,S,M,285,1,1,0.979324925408651,0.9899280575539569
S285I,-0.163257588779264,S,I,285,1,0,0.919285753509912,0.6970423661071143
S285L,-0.298669600192513,S,L,285,1,0,0.8832347934323,0.5216626698641087
S285V,-0.052115920107257,S,V,285,1,0,0.948875180758177,0.8818545163868905
S285A,-0.0704046203032074,S,A,285,1,0,0.944006150354194,0.8487609912070344
S285G,-1.00079067688817,S,G,285,1,0,0.696307957020739,0.04964028776978417
S285C,-0.128467805699749,S,C,285,1,0,0.928547894052827,0.7544364508393285
S285T,0.0328302794870913,S,T,285,1,1,0.971490545660888,0.9782573940847322
S285N,-0.265014266561243,S,N,285,1,0,0.892194907653164,0.5587529976019184
S285Q,-0.186084086768194,S,Q,285,1,0,0.913208617817722,0.6605915267785771
S285D,-1.36577400391901,S,D,285,1,0,0.599137852135234,0.018225419664268584
S285E,-0.597167314104988,S,E,285,1,0,0.803765261481576,0.2158273381294964
S285H,-0.502836123620613,S,H,285,1,0,0.828879207775805,0.3170263788968825
S285K,-0.146653374127677,S,K,285,1,0,0.923706320587212,0.7259792166266986
S285R,-0.0824710371618137,S,R,285,1,0,0.9407936885651,0.8283772981614709
G286F,-1.03245212967101,G,F,286,1,0,0.687878676941663,0.04564348521183054
G286W,-0.810615696655093,G,W,286,1,0,0.746938551371931,0.09784172661870504
G286Y,-0.672762900065317,G,Y,286,1,0,0.783639325657593,0.16298960831334933
G286P,-0.779744920760425,G,P,286,1,0,0.75515732825685,0.11223021582733812
G286M,-0.699336518959057,G,M,286,1,0,0.776564587871355,0.14740207833733013
G286I,-0.7185190278112,G,I,286,1,0,0.771457597334846,0.13956834532374102
G286L,-0.646395544707621,G,L,286,1,0,0.790659149567096,0.18049560351718624
G286V,-0.328715321943002,G,V,286,1,0,0.875235672054328,0.4926458832933653
G286A,-0.13967479115817,G,A,286,1,0,0.925564240083469,0.7371702637889688
G286C,-0.364055141118636,G,C,286,1,0,0.865827094506782,0.46083133493205436
G286S,-0.285571865653683,G,S,286,1,0,0.886721824605078,0.5366906474820143
G286T,-0.771941283646739,G,T,286,1,0,0.757234903260054,0.11606714628297363
G286N,-0.832135858915741,G,N,286,1,0,0.741209203565741,0.09048760991207035
G286Q,-0.918388394238372,G,Q,286,1,0,0.718246050777031,0.06906474820143885
G286D,-0.307298291450376,G,D,286,1,0,0.88093756292215,0.5122302158273381
G286E,-0.635532331809275,G,E,286,1,0,0.793551280408559,0.18545163868904876
G286H,-1.01261645295473,G,H,286,1,0,0.69315956142117,0.04908073541167066
G286K,-1.17951803087078,G,K,286,1,0,0.648725082828429,0.028297362110311752
G286R,-0.654508577125374,G,R,286,1,0,0.788499203748787,0.17521982414068746
L287F,-0.132627453676647,L,F,287,1,0,0.927440464205305,0.7477218225419664
L287W,-0.255319880367149,L,W,287,1,0,0.894775859859787,0.5696243005595524
L287Y,-0.442813434631648,L,Y,287,1,0,0.84485914590617,0.38593125499600317
L287P,-0.833167176595964,L,P,287,1,0,0.740934634182058,0.08968824940047962
L287M,0.0227233662209082,L,M,287,1,1,0.968799765700793,0.9712230215827338
L287I,-0.0931967410361305,L,I,287,1,0,0.937938166974794,0.8127897681854517
L287V,-0.22819622537729,L,V,287,1,0,0.901997034650656,0.6049560351718625
L287A,-1.12643954759531,L,A,287,1,0,0.662856253775329,0.03261390887290168
L287G,-1.03245212967101,L,G,287,1,0,0.687878676941663,0.04564348521183054
L287C,-0.422909003403348,L,C,287,1,0,0.850158335011257,0.40271782573940845
L287S,-0.178864863006635,L,S,287,1,0,0.915130603503505,0.6726618705035972
L287T,-0.0556911547320292,L,T,287,1,0,0.947923340228076,0.874660271782574
L287N,-0.630410120664169,L,N,287,1,0,0.794914975014186,0.18960831334932055
L287Q,-0.518374643335969,L,Q,287,1,0,0.824742362394977,0.29520383693045565
L287D,-3.6162123139331,L,D,287,1,0,0.0,0.00023980815347721823
L287E,-1.15627900580976,L,E,287,1,0,0.654912046274092,0.030455635491606715
L287H,-0.98250197669222,L,H,287,1,0,0.701176987424722,0.05371702637889688
L287K,-0.817147375296504,L,K,287,1,0,0.745199611941938,0.09528377298161471
L287R,-0.652927223349032,L,R,287,1,0,0.788920210137102,0.17585931254996004
Q288F,-0.228299357145313,Q,F,288,1,0,0.901969577712288,0.6047961630695443
Q288W,-0.312076730035409,Q,W,288,1,0,0.879665391444418,0.5083932853717026
Q288Y,-0.169136099556533,Q,Y,288,1,0,0.917720708022917,0.68792965627498
Q288P,-0.371893155488329,Q,P,288,1,0,0.863740367190789,0.45347721822541964
Q288M,-0.0611915156932173,Q,M,288,1,0,0.946458970181765,0.8645083932853717
Q288I,-0.214273436694283,Q,I,288,1,0,0.90570372133038,0.6231814548361311
Q288L,-0.0678607033586579,Q,L,288,1,0,0.944683421500613,0.8511590727418066
Q288V,-0.314139365395854,Q,V,288,1,0,0.879116252677051,0.5067945643485212
Q288A,0.0210045034205369,Q,A,288,1,1,0.96834215006132,0.970343725019984
Q288G,-0.0010313176802227,Q,G,288,1,0,0.962475517563288,0.950599520383693
Q288C,-0.199216198563031,Q,C,288,1,0,0.909712434332155,0.6448441247002398
Q288S,-0.0419058750730516,Q,S,288,1,0,0.951593417656642,0.9000799360511591
Q288T,-0.0612258929492247,Q,T,288,1,0,0.946449817868975,0.8642685851318945
Q288N,-0.102650486438173,Q,N,288,1,0,0.935421280957698,0.7949640287769785
Q288D,-0.263226649248857,Q,D,288,1,0,0.892670827918215,0.5617905675459632
Q288E,-0.110488500807866,Q,E,288,1,0,0.933334553641705,0.7809752198241406
Q288H,-0.029976967238475,Q,H,288,1,0,0.954769270194578,0.9173461231015188
Q288K,-0.0239609474371755,Q,K,288,1,0,0.95637092493273,0.9265387689848121
Q288R,-0.0609164976451579,Q,R,288,1,0,0.94653218868408,0.8652278177458034
A289F,-0.0593351438688163,A,F,289,1,0,0.946953195072395,0.8687450039968025
A289W,-0.0879026436109869,A,W,289,1,0,0.939347623144368,0.8212629896083133
A289Y,-0.0906184468355735,A,Y,289,1,0,0.938624590434003,0.8162270183852918
A289P,-0.4856474956169,A,P,289,1,0,0.833455364170526,0.33852917665867305
A289M,-0.0370930592320121,A,M,289,1,0,0.952874741447164,0.9067146282973622
A289I,0.0066004331534256,A,I,289,1,0,0.964507331002544,0.9584332533972821
A289L,-0.0791364433290934,A,L,289,1,0,0.941681462905676,0.8350119904076738
A289V,-0.138437209941902,A,V,289,1,0,0.925893723343889,0.739568345323741
A289G,-0.426587369796143,A,G,289,1,0,0.849179037542787,0.3990407673860911
A289C,-0.327821513286809,A,C,289,1,0,0.875473632186854,0.494484412470024
A289S,-0.0308363986386606,A,S,289,1,0,0.954540462374842,0.9162270183852917
A289T,-0.128502182955756,A,T,289,1,0,0.928538741740038,0.7540367705835331
A289N,-0.0602977070370243,A,N,289,1,0,0.94669693031429,0.8665067945643485
A289Q,-0.0229640070129602,A,Q,289,1,0,0.956636342003624,0.9275779376498801
A289D,-0.247653752277493,A,D,289,1,0,0.896816825611832,0.5798561151079137
A289E,-0.377118498401457,A,E,289,1,0,0.862349215646794,0.44796163069544365
A289H,-0.171645639245075,A,H,289,1,0,0.917052589189288,0.6834532374100719
A289K,-0.120939186634123,A,K,289,1,0,0.930552250553715,0.7653876898481216
A289R,-0.0791708205851009,A,R,289,1,0,0.941672310592887,0.8348521183053557
S290F,-1.08900271580322,S,F,290,1,0,0.672823122403032,0.036610711430855314
S290W,-0.249716387637939,S,W,290,1,0,0.896267686844465,0.5764988009592326
S290Y,-3.43772560074255,S,Y,290,1,0,0.0475188080027815,0.0041566746602717825
S290P,-0.328715321943002,S,P,290,1,0,0.875235672054328,0.4926458832933653
S290M,-0.382446973082608,S,M,290,1,0,0.86093060716443,0.4437250199840128
S290I,-0.602048884458043,S,I,290,1,0,0.802465633065475,0.21039168665067945
S290L,-0.230637010553818,S,L,290,1,0,0.901347220442606,0.6004796163069545
S290V,-0.676269380178074,S,V,290,1,0,0.782705789753071,0.16147082334132695
S290A,-0.352091856028052,S,A,290,1,0,0.869012099357507,0.470343725019984
S290G,-0.641857746914641,S,G,290,1,0,0.791867254855302,0.18257394084732215
S290C,-0.668053215992299,S,C,290,1,0,0.784893192509747,0.16594724220623502
S290T,-0.364055141118636,S,T,290,1,0,0.865827094506782,0.46083133493205436
S290N,-0.750799271202173,S,N,290,1,0,0.76286357562556,0.12645883293365306
S290Q,-0.65763690742205,S,Q,290,1,0,0.787666343284948,0.17250199840127897
S290D,-0.469765203341469,S,D,290,1,0,0.837683732679248,0.35563549160671465
S290E,-0.915294441197704,S,E,290,1,0,0.719069758928081,0.06954436450839328
S290H,-3.43772560074255,S,H,290,1,0,0.0475188080027815,0.0041566746602717825
S290K,-3.43772560074255,S,K,290,1,0,0.0475188080027815,0.0041566746602717825
S290R,-0.84884320533535,S,R,290,1,0,0.736761179550072,0.08585131894484413
G291F,-3.43772560074255,G,F,291,1,0,0.0475188080027815,0.0041566746602717825
G291W,-0.675272439753859,G,W,291,1,0,0.782971206823964,0.16179056754596324
G291Y,-0.796177249131974,G,Y,291,1,0,0.750782522743497,0.10311750599520383
G291P,-0.976107807074839,G,P,291,1,0,0.702879317603558,0.05467625899280575
G291M,-0.624222214582832,G,M,291,1,0,0.796562391316285,0.19376498800959233
G291I,-0.666506239471965,G,I,291,1,0,0.785305046585272,0.16706634692246203
G291L,-0.606380418714978,G,L,291,1,0,0.801312441654006,0.20687450039968025
G291V,-0.20977001615731,G,V,291,1,0,0.906902674305797,0.6298161470823341
G291A,-0.376912234865413,G,A,291,1,0,0.862404129523531,0.4481215027977618
G291C,0.0258173192615765,G,C,291,1,1,0.969623473851842,0.973621103117506
G291S,-0.273264808003025,G,S,291,1,0,0.889998352583698,0.5493205435651479
G291T,-1.03083639863866,G,T,291,1,0,0.688308835642767,0.04636290967226219
G291N,-0.313589329299735,G,N,291,1,0,0.879262689681683,0.5071143085531574
G291Q,-0.342259960809928,G,Q,291,1,0,0.871629660815288,0.48073541167066347
G291D,-0.112172986352229,G,D,291,1,0,0.932886090315023,0.7778577138289369
G291E,-0.578328577812919,G,E,291,1,0,0.80878072889019,0.2349320543565148
G291H,-0.413420880745299,G,H,291,1,0,0.852684373341143,0.41502797761790566
G291K,-0.414761593729588,G,K,291,1,0,0.852327433142355,0.41358912869704234
G291R,-0.406098525215717,G,R,291,1,0,0.854633815965294,0.42094324540367706
D292F,-1.39856990615009,D,F,292,1,0,0.590406545734107,0.016786570743405275
D292W,-0.639588848018151,D,W,292,1,0,0.792471307499405,0.1839328537170264
D292Y,-0.224414727216474,D,Y,292,1,0,0.903003789057495,0.6111910471622701
D292P,-0.996562274399257,D,P,292,1,0,0.69743369149384,0.05083932853717026
D292M,-0.172126920829179,D,M,292,1,0,0.916924456810236,0.6826538768984812
D292I,-0.635016672969164,D,I,292,1,0,0.793688565100401,0.18569144684252598
D292L,-0.465124273780467,D,L,292,1,0,0.838919294905823,0.36163069544364507
D292V,-0.195159682354154,D,V,292,1,0,0.91079240724131,0.6503597122302158
D292A,-0.407817388016089,D,A,292,1,0,0.854176200325822,0.4201438848920863
D292G,-0.256798102375468,D,G,292,1,0,0.89438231040984,0.5678657074340527
D292C,-0.566090274674276,D,C,292,1,0,0.812038952243232,0.2451638689048761
D292S,-1.00006875451201,D,S,292,1,0,0.696500155589319,0.04988009592326139
D292T,-0.588710509127161,D,T,292,1,0,0.806016730427779,0.22398081534772182
D292N,-0.123001821994568,D,N,292,1,0,0.930003111786348,0.7622701838529177
D292Q,-0.225721062944756,D,Q,292,1,0,0.902656001171496,0.6094324540367706
D292E,0.0143353157550964,D,E,292,1,1,0.966566601380169,0.9656274980015987
D292H,-0.488432053353501,D,H,292,1,0,0.832714026834581,0.33525179856115106
D292K,-0.56884045515487,D,K,292,1,0,0.811306767220076,0.24300559552358114
D292R,-0.541235518580907,D,R,292,1,0,0.818656074389998,0.2689048760991207
G293F,-0.571315617587404,G,F,293,1,0,0.810647800699237,0.24124700239808153
G293W,-0.496957612843343,G,W,293,1,0,0.830444253262799,0.32302158273381293
G293Y,-0.715081302210457,G,Y,293,1,0,0.772372828613791,0.14148681055155876
G293P,-0.610780707483929,G,P,293,1,0,0.800140945616957,0.2049560351718625
G293M,-0.961738114063735,G,M,293,1,0,0.706704984349545,0.05859312549960032
G293I,-0.126198906803259,G,I,293,1,0,0.92915194669693,0.7574740207833733
G293L,-0.694248685069958,G,L,293,1,0,0.777919130164192,0.1507593924860112
G293V,-0.143284403038949,G,V,293,1,0,0.924603247240578,0.7310951239008793
G293A,-0.187149781704424,G,A,293,1,0,0.91292489612125,0.6596322941646683
G293C,-0.0792051978411083,G,C,293,1,0,0.941663158280097,0.8346922462030376
G293S,-0.127505242531541,G,S,293,1,0,0.928804158810931,0.7561950439648282
G293T,-0.399360583038262,G,T,293,1,0,0.856427669272025,0.4278177458033573
G293N,-0.197909862834749,G,N,293,1,0,0.910060222218154,0.6463629096722622
G293Q,-0.65763690742205,G,Q,293,1,0,0.787666343284948,0.17250199840127897
G293D,-0.001375090240297,G,D,293,1,0,0.962383994435394,0.950439648281375
G293E,-0.494826222970882,G,E,293,1,0,0.831011696655745,0.3270183852917666
G293H,-0.582350716765788,G,H,293,1,0,0.807709908293826,0.23069544364508393
G293K,-0.496957612843343,G,K,293,1,0,0.830444253262799,0.32302158273381293
G293R,-0.503145518924679,G,R,293,1,0,0.8287968369607,0.31638689048760993
D294F,-0.140671731582385,D,F,294,1,0,0.925298823012575,0.7352517985611511
D294W,-0.286637560589914,D,W,294,1,0,0.886438102908605,0.535171862509992
D294Y,-0.067551308054591,D,Y,294,1,0,0.944765792315718,0.8516386890487609
D294P,-0.186702877376328,D,P,294,1,0,0.913043876187512,0.6599520383693046
D294I,-0.393791467565059,D,I,294,1,0,0.857910343943914,0.4319744204636291
D294L,-0.317680222764619,D,L,294,1,0,0.878173564459739,0.5034372501998401
D294V,-0.0972876345010141,D,V,294,1,0,0.936849041752851,0.8049560351718625
D294A,-0.0994877788854893,D,A,294,1,0,0.936263293734327,0.8000799360511591
D294G,-0.129808518684039,D,G,294,1,0,0.928190953854039,0.7513189448441246
D294C,-0.0426965519612224,D,C,294,1,0,0.951382914462485,0.8989608313349321
D294S,-0.0890714703152394,D,S,294,1,0,0.939036444509527,0.818705035971223
D294T,-0.12111107291416,D,T,294,1,0,0.930506488989768,0.7647482014388489
D294N,-0.0441403967135343,D,N,294,1,0,0.950998517325328,0.8966426858513189
D294Q,-0.144521984255217,D,Q,294,1,0,0.924273763980158,0.7299760191846523
D294E,-0.0306988896146309,D,E,294,1,0,0.954577071626,0.9165467625899281
D294H,-0.0946062085324349,D,H,294,1,0,0.937562922150427,0.8095923261390887
D294K,-0.028120595414074,D,K,294,1,0,0.955263495085208,0.9207034372501999
D294R,-0.205335350132352,D,R,294,1,0,0.908083322655635,0.6374900079936051
R295F,-0.202378906115714,R,F,295,1,0,0.908870421555527,0.640607513988809
R295W,-0.288081405342226,R,W,295,1,0,0.886053705771448,0.5342925659472422
R295Y,-0.229296297569528,R,Y,295,1,0,0.901704160641394,0.6033573141486811
R295P,-0.554539516655781,R,P,295,1,0,0.815114129340484,0.2574740207833733
R295M,-0.0973220117570215,R,M,295,1,0,0.936839889440061,0.8047162270183853
R295I,-0.179311767334731,R,I,295,1,0,0.915011623437242,0.6717026378896882
R295L,-0.0600570662449723,R,L,295,1,0,0.946760996503816,0.8671462829736211
R295V,-0.17185190278112,R,V,295,1,0,0.916997675312551,0.6829736211031175
R295A,-0.0248203788373612,R,A,295,1,0,0.956142117112994,0.9245403677058354
R295G,-0.14782220083193,R,G,295,1,0,0.923395141952371,0.7243804956035171
R295C,-0.072398501151638,R,C,295,1,0,0.943475316212407,0.8453237410071942
R295S,-0.101000378149816,R,S,295,1,0,0.935860591971591,0.7980815347721822
R295T,-0.148062841623982,R,T,295,1,0,0.923331075762845,0.7237410071942446
R295N,-0.0356492144797002,R,N,295,1,0,0.95325913858432,0.9101518784972022
R295Q,-0.0072192237615593,R,Q,295,1,0,0.960828101261189,0.9451638689048761
R295D,-0.290487813262745,R,D,295,1,0,0.885413043876187,0.5301358912869705
R295E,-0.397572965725876,R,E,295,1,0,0.856903589537076,0.42805755395683454
R295H,-0.0328646567430987,R,H,295,1,0,0.954000475920265,0.9147082334132693
R295K,0.0544535735157619,R,K,295,1,1,0.977247350405447,0.9872901678657074
G296F,-0.774966482175393,G,F,296,1,0,0.756429499734583,0.11430855315747403
G296W,-0.648664443604112,G,W,296,1,0,0.790055096922992,0.17929656274980016
G296Y,-1.02447660627729,G,Y,296,1,0,0.690002013508813,0.047322142286171064
G296P,-1.14713465571178,G,P,296,1,0,0.657346561476085,0.03085531574740208
G296M,-0.802743305029393,G,M,296,1,0,0.749034431000714,0.10103916866506794
G296I,-0.790883151706831,G,I,296,1,0,0.752191978913071,0.10543565147881695
G296L,-0.938499089002716,G,L,296,1,0,0.712891947795208,0.06402877697841726
G296V,-0.220014438447523,G,V,296,1,0,0.904175285094543,0.6164668265387689
G296A,-0.58018494963732,G,A,296,1,0,0.808286503999561,0.23325339728217426
G296C,-0.262435972360686,G,C,296,1,0,0.892881331112372,0.5633892885691447
G296S,-0.246828698133315,G,S,296,1,0,0.897036481118779,0.5810551558752998
G296T,-0.822372718209632,G,T,296,1,0,0.743808460397943,0.09376498800959232
G296N,-0.764275155557083,G,N,296,1,0,0.759275869012099,0.11918465227817746
G296Q,-1.23668740761112,G,Q,296,1,0,0.63350478665959,0.025579536370903277
G296D,-0.22699302141703,G,D,296,1,0,0.902317365598287,0.6059152677857714
G296E,-0.774966482175393,G,E,296,1,0,0.756429499734583,0.11430855315747403
G296H,-0.809825019766922,G,H,296,1,0,0.747149054566089,0.09864108713029576
G296K,-1.30389494310564,G,K,296,1,0,0.61561201515623,0.020783373301358914
G296R,-0.345560177386641,G,R,296,1,0,0.870751038787501,0.478017585931255
L297F,-0.11977035992987,L,F,297,1,0,0.930863429188556,0.7672262190247802
L297W,-0.0140259204510296,L,W,297,1,0,0.959015943328879,0.9369304556354916
L297Y,-0.245453607893018,L,Y,297,1,0,0.897402573630356,0.5828936850519585
L297P,-0.229846333665647,L,P,297,1,0,0.901557723636763,0.6023181454836131
L297M,-0.102478600158135,L,M,297,1,0,0.935467042521645,0.7955235811350919
L297I,-0.0772800715046924,L,I,297,1,0,0.942175687796306,0.8377298161470823
L297V,-0.159372958850424,L,V,297,1,0,0.920319964855119,0.7036770583533174
L297A,-0.452060916497645,L,A,297,1,0,0.84239717376581,0.3741806554756195
L297G,-0.717865859947059,L,G,297,1,0,0.771631491277846,0.13980815347721823
L297C,-0.453848533810031,L,C,297,1,0,0.84192125350076,0.3718625099920064
L297S,-0.41995255938671,L,S,297,1,0,0.850945433911149,0.4079136690647482
L297T,-0.481384715871979,L,T,297,1,0,0.834590250956417,0.3434052757793765
L297N,-0.899893430506377,L,N,297,1,0,0.723169995057751,0.07338129496402877
L297Q,-0.196294131802399,L,Q,297,1,0,0.910490380919258,0.6490807354116707
L297D,-0.621093884286156,L,D,297,1,0,0.797395251780125,0.19608313349320544
L297E,-0.37374952731273,L,E,297,1,0,0.863246142300159,0.4515587529976019
L297H,0.0248203788373612,L,H,297,1,1,0.969358056780948,0.9726618705035971
L297K,-0.0142321839870741,L,K,297,1,0,0.958961029452142,0.9366906474820144
L297R,-0.189590566880951,L,R,297,1,0,0.912275081913199,0.6565947242206235
A298F,-0.1120354773282,A,F,298,1,0,0.93292269956618,0.7783373301358912
A298W,-0.0594038983808312,A,W,298,1,0,0.946934890446816,0.8684252597921662
A298Y,-0.111485441232081,A,Y,298,1,0,0.933069136570811,0.7793764988009593
A298P,-0.37374952731273,A,P,298,1,0,0.863246142300159,0.4515587529976019
A298M,-0.319330331052975,A,M,298,1,0,0.877734253445846,0.5019184652278178
A298I,-0.998178005431606,A,I,298,1,0,0.697003532792737,0.05051958433253397
A298L,-0.446663687304479,A,L,298,1,0,0.843834086873753,0.38113509192645884
A298V,-0.0436591151294303,A,V,298,1,0,0.95112664970438,0.8976019184652279
A298G,-0.196741036130496,A,G,298,1,0,0.910371400852995,0.6479616306954437
A298C,0.0040565162088762,A,C,298,1,0,0.963830059856126,0.9552358113509193
A298S,-0.0470968407301729,A,S,298,1,0,0.950211418425436,0.8917665867306155
A298T,-0.0408401801368214,A,T,298,1,0,0.951877139353114,0.9018385291766586
A298N,-0.279040187012273,A,N,298,1,0,0.888460764035071,0.5440447641886491
A298Q,-0.0827804324658805,A,Q,298,1,0,0.940711317749995,0.8278177458033573
A298D,-0.293753652583451,A,D,298,1,0,0.88454357416119,0.527418065547562
A298E,0.0164667056275568,A,E,298,1,1,0.967134044773114,0.9672262190247801
A298H,-0.0471999724981951,A,H,298,1,0,0.950183961487068,0.8916067146282973
A298K,-0.488741448657568,A,K,298,1,0,0.832631656019476,0.3342925659472422
A298R,-0.972841967754134,A,R,298,1,0,0.703748787318555,0.055955235811350916
E299F,-0.462305338787858,E,F,299,1,0,0.839669784554557,0.3642685851318945
E299W,-0.370586819760047,E,W,299,1,0,0.864088155076788,0.45443645083932854
E299Y,-0.128467805699749,E,Y,299,1,0,0.928547894052827,0.7544364508393285
E299P,-0.690501564165148,E,P,299,1,0,0.778916732258242,0.15331734612310152
E299M,-0.267489428993778,E,M,299,1,0,0.891535941132324,0.5563549160671463
E299I,-0.329712262367218,E,I,299,1,0,0.874970254983434,0.4917665867306155
E299L,-0.497954553267558,E,L,299,1,0,0.830178836191906,0.32118305355715426
E299V,-0.162191893843033,E,V,299,1,0,0.919569475206385,0.6988009592326139
E299A,-0.29162226271099,E,A,299,1,0,0.885111017554136,0.5291766586730615
E299G,-0.182440097631407,E,G,299,1,0,0.914178762973403,0.6663469224620304
E299C,-0.376396576025302,E,C,299,1,0,0.862541414215372,0.44860111910471623
E299S,-0.119323455601774,E,S,299,1,0,0.930982409254818,0.7680255795363709
E299T,-0.195675341194266,E,T,299,1,0,0.910655122549468,0.6497202238209433
E299N,-0.201038193131424,E,N,299,1,0,0.909227361754315,0.6422861710631494
E299Q,-0.228918147753446,E,Q,299,1,0,0.901804836082078,0.6040767386091127
E299D,-0.0670356492144797,E,D,299,1,0,0.94490307700756,0.8525979216626699
E299H,-0.0816116057616281,E,H,299,1,0,0.941022496384836,0.830695443645084
E299K,-0.180411839526969,E,K,299,1,0,0.91471874942798,0.6700239808153478
E299R,-1.29891024098456,E,R,299,1,0,0.6169391005107,0.021103117505995205
C300F,-0.0950531128605314,C,F,300,1,0,0.937443942084165,0.8086330935251799
C300W,-0.116332634329128,C,W,300,1,0,0.9317786604675,0.7726618705035971
C300Y,-0.0967032211488879,C,Y,300,1,0,0.937004631070271,0.8059152677857714
C300P,-0.811406373543264,C,P,300,1,0,0.746728048177774,0.0973621103117506
C300M,-0.425384165835883,C,M,300,1,0,0.849499368490417,0.4001598721023181
C300I,-0.469765203341469,C,I,300,1,0,0.837683732679248,0.35563549160671465
C300L,-0.812953350063598,C,L,300,1,0,0.746316194102249,0.09704236610711431
C300V,-3.43772560074255,C,V,300,1,0,0.0475188080027815,0.0041566746602717825
C300A,-1.04042765306473,C,A,300,1,0,0.685755340374513,0.04372501998401279
C300G,-0.244834817284884,C,G,300,1,0,0.897567315260566,0.5843325339728217
C300S,-0.293581766303414,C,S,300,1,0,0.884589335725137,0.5275779376498801
C300T,-0.760906184468356,C,T,300,1,0,0.760172795665464,0.12078337330135891
C300N,-1.58840111382309,C,N,300,1,0,0.53986747451081,0.013269384492406075
C300Q,-0.769603630238234,C,Q,300,1,0,0.757857260529736,0.11694644284572342
C300D,-0.535219498779607,C,D,300,1,0,0.820257729128151,0.2755395683453237
C300E,-0.611640138884114,C,E,300,1,0,0.799912137797221,0.20327737809752197
C300H,-0.619512530509815,C,H,300,1,0,0.797816258168439,0.1971223021582734
C300K,-1.15627900580976,C,K,300,1,0,0.654912046274092,0.030455635491606715
C300R,-0.2041665234281,C,R,300,1,0,0.908394501290476,0.6391686650679457
P301F,-0.695692529822269,P,F,301,1,0,0.777534733027036,0.14996003197442045
P301W,-0.726185155900856,P,W,301,1,0,0.769416631582801,0.13645083932853716
P301Y,-0.790883151706831,P,Y,301,1,0,0.752191978913071,0.10543565147881695
P301M,-0.564371411873904,P,M,301,1,0,0.812496567882704,0.24684252597921663
P301I,-0.753480697170752,P,I,301,1,0,0.762149695227984,0.12533972821742606
P301L,-0.236274880539035,P,L,301,1,0,0.899846241145137,0.5931254996003198
P301V,-2.27013647770635,P,V,301,1,0,0.358367959583386,0.008633093525179856
P301A,-0.38870363367596,P,A,301,1,0,0.859264886236752,0.43709032773780976
P301G,-0.822372718209632,P,G,301,1,0,0.743808460397943,0.09376498800959232
P301C,-0.899893430506377,P,C,301,1,0,0.723169995057751,0.07338129496402877
P301S,-0.217642407783011,P,S,301,1,0,0.904806794677015,0.6195843325339728
P301T,-0.255285503111142,P,T,301,1,0,0.894785012172576,0.5697841726618705
P301N,-0.896008800577538,P,N,301,1,0,0.724204206402958,0.07386091127098321
P301Q,-0.14555330193544,P,Q,301,1,0,0.923999194596474,0.7281374900079937
P301D,-0.491354120114132,P,D,301,1,0,0.831936080247479,0.33205435651478815
P301E,-0.837979992437004,P,E,301,1,0,0.739653310391536,0.08816946442845723
P301H,-0.887517618343704,P,H,301,1,0,0.72646482766195,0.07737809752198241
P301K,-0.842208394925917,P,K,301,1,0,0.738527575918434,0.08665067945643486
P301R,-0.435284815566021,P,R,301,1,0,0.846863502407058,0.3920063948840927
F302W,-0.345078895802537,F,W,302,1,0,0.870879171166554,0.4783373301358913
F302Y,-0.374574581456908,F,Y,302,1,0,0.863026486793213,0.45027977617905673
F302P,-0.754615146618997,F,P,302,1,0,0.761847668905932,0.12454036770583533
F302M,-0.453986042834061,F,M,302,1,0,0.841884644249602,0.37138289368505195
F302I,-0.337894049296985,F,I,302,1,0,0.872792004539547,0.4842525979216627
F302L,-0.107463302279212,F,L,302,1,0,0.934139957167176,0.7862509992006395
F302V,-0.411014472824779,F,V,302,1,0,0.853325035236404,0.4172661870503597
F302A,-0.953109422805872,F,A,302,1,0,0.709002214859695,0.06139088729016787
F302G,-0.790883151706831,F,G,302,1,0,0.752191978913071,0.10543565147881695
F302C,-0.276461892811716,F,C,302,1,0,0.88914718749428,0.546123101518785
F302S,-0.247516243253463,F,S,302,1,0,0.89685343486299,0.58017585931255
F302T,-0.746398982433222,F,T,302,1,0,0.764035071662609,0.12773780975219823
F302N,-0.85351851215236,F,N,302,1,0,0.735516465010708,0.08449240607513989
F302Q,-0.82120389150538,F,Q,302,1,0,0.744119639032783,0.09464428457234213
F302D,-1.03245212967101,F,D,302,1,0,0.687878676941663,0.04564348521183054
F302E,-0.425384165835883,F,E,302,1,0,0.849499368490417,0.4001598721023181
F302H,-0.766956581525663,F,H,302,1,0,0.758561988614523,0.117585931254996
F302K,-0.81453470383994,F,K,302,1,0,0.745895187713935,0.09624300559552358
F302R,-0.840558286637561,F,R,302,1,0,0.738966886932327,0.08713029576338929
E303F,-0.878717040805803,E,F,303,1,0,0.728807819736047,0.07929656274980015
E303W,-0.405617243631613,E,W,303,1,0,0.854761948344347,0.42190247801758596
E303Y,-0.330365430231359,E,Y,303,1,0,0.874796361040435,0.4906474820143885
E303P,-0.751933720650418,E,P,303,1,0,0.762561549303509,0.12597921662669864
E303M,-0.316477018804359,E,M,303,1,0,0.878493895407369,0.5051159072741807
E303I,-0.953968854206057,E,I,303,1,0,0.708773407039959,0.06091127098321343
E303L,-0.71370621197016,E,L,303,1,0,0.772738921125368,0.14196642685851318
E303V,-0.255732407439238,E,V,303,1,0,0.894666032106313,0.5693045563549161
E303A,-0.461720925435732,E,A,303,1,0,0.839825373871977,0.36498800959232613
E303G,-0.214651586510365,E,G,303,1,0,0.905603045889696,0.6227018385291767
E303C,-0.418989996218502,E,C,303,1,0,0.851201698669253,0.408792965627498
E303S,-0.370105538175943,E,S,303,1,0,0.86421628745584,0.45547561950439647
E303T,-0.424249716387638,E,T,303,1,0,0.849801394812469,0.401119104716227
E303N,-0.479081439719482,E,N,303,1,0,0.835203455913309,0.34644284572342127
E303Q,-0.234899790298738,E,Q,303,1,0,0.900212333656715,0.594564348521183
E303D,-0.011963285090584,E,D,303,1,0,0.959565082096245,0.9392486011191047
E303H,-0.756849668259479,E,H,303,1,0,0.761252768574619,0.12302158273381295
E303K,-0.24435353570078,E,K,303,1,0,0.897695447639618,0.5853717026378897
E303R,-0.765340850493314,E,R,303,1,0,0.758992147315626,0.11822541966426858
F304Y,-0.232355873354189,F,Y,304,1,0,0.900889604803134,0.5974420463629097
F304P,-1.13407129842896,F,P,304,1,0,0.660824440336072,0.0319744204636291
F304M,-0.244216026676751,F,M,304,1,0,0.897732056890776,0.5856914468425259
F304I,-0.250885214342191,F,I,304,1,0,0.895956508209624,0.5752198241406874
F304L,-0.207879267076902,F,L,304,1,0,0.907406051509216,0.6326139088729017
F304V,-0.21925813881536,F,V,304,1,0,0.904376635975911,0.6175859312549961
F304A,-0.661177764790814,F,A,304,1,0,0.786723655067636,0.17034372501998402
F304G,-0.648526934580082,F,G,304,1,0,0.79009170617415,0.17953637090327737
F304C,-0.629550689263983,F,C,304,1,0,0.795143782833922,0.19024780175859313
F304S,-0.348413489635257,F,S,304,1,0,0.869991396825978,0.47498001598721024
F304T,-0.735191996974801,F,T,304,1,0,0.767018725631967,0.1334932054356515
F304N,-0.889580253704149,F,N,304,1,0,0.725915688894584,0.07601918465227818
F304Q,-1.50627384922136,F,Q,304,1,0,0.561732349764784,0.013988808952837729
F304D,-1.04042765306473,F,D,304,1,0,0.685755340374513,0.04372501998401279
F304E,-0.520609164976452,F,E,304,1,0,0.824147462063663,0.29280575539568343
F304H,-0.658668225102272,F,H,304,1,0,0.787391773901265,0.1717825739408473
F304K,-0.758877926363918,F,K,304,1,0,0.760712782120041,0.12198241406874501
F304R,-0.901818556842793,F,R,304,1,0,0.722657465541542,0.07290167865707434
Y305F,-0.0732923098078311,Y,F,305,1,0,0.943237356079881,0.8436450839328538
Y305W,-0.264945512049228,Y,W,305,1,0,0.892213212278743,0.5589928057553957
Y305P,-1.44453229743202,Y,P,305,1,0,0.578169903534623,0.015347721822541967
Y305I,-0.584894633710337,Y,I,305,1,0,0.807032637147407,0.2272581934452438
Y305L,-0.888308295231875,Y,L,305,1,0,0.726254324467793,0.0771382893685052
Y305V,-0.488741448657568,Y,V,305,1,0,0.832631656019476,0.3342925659472422
Y305A,-0.806662312214239,Y,A,305,1,0,0.747991067342717,0.09944044764188649
Y305G,-0.726185155900856,Y,G,305,1,0,0.769416631582801,0.13645083932853716
Y305C,0.0017876173123861,Y,C,305,1,0,0.963226007212022,0.952677857713829
Y305S,-0.355976485956891,Y,S,305,1,0,0.8679778880123,0.4682653876898481
Y305T,-0.762109388428615,Y,T,305,1,0,0.759852464717834,0.12006394884092726
Y305N,-0.177042868438241,Y,N,305,1,0,0.915615676081346,0.6752997601918466
Y305Q,-0.830176355323318,Y,Q,305,1,0,0.741730885394739,0.09112709832134293
Y305D,-0.273161676235003,Y,D,305,1,0,0.890025809522066,0.549560351718625
Y305E,-0.561965003953384,Y,E,305,1,0,0.813137229777965,0.24996003197442046
Y305H,-0.0494344941386778,Y,H,305,1,0,0.949589061155754,0.8875299760191847
Y305K,-0.220770738079686,Y,K,305,1,0,0.903973934213176,0.6152677857713829
Y305R,-0.654577331637389,Y,R,305,1,0,0.788480899123208,0.1750599520383693
R306F,-0.790883151706831,R,F,306,1,0,0.752191978913071,0.10543565147881695
R306W,-0.28361236206126,R,W,306,1,0,0.887243506434076,0.538449240607514
R306Y,-0.392072604764688,R,Y,306,1,0,0.858367959583386,0.43277378097521985
R306P,-0.468665131149232,R,P,306,1,0,0.83797660668851,0.3587529976019185
R306M,-0.428478118876551,R,M,306,1,0,0.848675660339368,0.39776179056754596
R306I,-0.280759049812644,R,I,306,1,0,0.888003148395599,0.541726618705036
R306L,-0.162157516587026,R,L,306,1,0,0.919578627519174,0.698960831334932
R306V,-0.221492660455842,R,V,306,1,0,0.903781735644597,0.6134292565947242
R306A,-0.592285743751934,R,A,306,1,0,0.805064889897677,0.2217426059152678
R306G,-0.278662037196191,R,G,306,1,0,0.888561439475756,0.5446842525979216
R306C,-0.0803396472893533,R,C,306,1,0,0.941361131958046,0.8325339728217426
R306S,-0.266045584241466,R,S,306,1,0,0.891920338269481,0.5577937649880096
R306T,-0.328027776822854,R,T,306,1,0,0.875418718310117,0.4941646682653877
R306N,-0.295163120079755,R,N,306,1,0,0.884168329336823,0.5258193445243805
R306Q,-0.250988346110213,R,Q,306,1,0,0.895929051271256,0.5748201438848921
R306D,-0.518374643335969,R,D,306,1,0,0.824742362394977,0.29520383693045565
R306E,-0.992952662518478,R,E,306,1,0,0.698394684336732,0.051798561151079135
R306H,-0.0531816150434872,R,H,306,1,0,0.948591459061705,0.8796163069544365
R306K,0.0278112001100072,R,K,306,1,1,0.97015430799363,0.9752997601918465
T307F,-0.602048884458043,T,F,307,1,0,0.802465633065475,0.21039168665067945
T307W,-0.225721062944756,T,W,307,1,0,0.902656001171496,0.6094324540367706
T307Y,-0.738526590807522,T,Y,307,1,0,0.766130951291391,0.1316546762589928
T307P,-0.50754580769363,T,P,307,1,0,0.827625340923651,0.30951239008792963
T307I,-0.0841555227061775,T,I,307,1,0,0.940345225238418,0.8260591526778577
T307L,0.0109663446663687,T,L,307,1,1,0.965669674726803,0.9625099920063949
T307V,-0.107910206607309,T,V,307,1,0,0.934020977100913,0.7848920863309352
T307A,-0.170133039980749,T,A,307,1,0,0.917455290952023,0.6858513189448441
T307G,-1.26491113479322,T,G,307,1,0,0.625990737859457,0.023501199040767386
T307C,-0.500842242772182,T,C,307,1,0,0.829410041917592,0.3181454836131095
T307S,-0.233662209082471,T,S,307,1,0,0.900541816917135,0.595523581135092
T307N,-0.136718347141531,T,N,307,1,0,0.926351338983361,0.7429256594724221
T307Q,-0.0647667503179896,T,Q,307,1,0,0.945507129651663,0.8567545963229416
T307D,-0.404482794183368,T,D,307,1,0,0.855063974666398,0.42366107114308554
T307E,-0.423527794011482,T,E,307,1,0,0.849993593381047,0.40215827338129495
T307H,-0.0214857850046409,T,H,307,1,0,0.95702989145357,0.9297362110311751
T307K,-0.413420880745299,T,K,307,1,0,0.852684373341143,0.41502797761790566
T307R,-0.469765203341469,T,R,307,1,0,0.837683732679248,0.35563549160671465
W308F,-0.220770738079686,W,F,308,1,0,0.903973934213176,0.6152677857713829
W308P,-0.518374643335969,W,P,308,1,0,0.824742362394977,0.29520383693045565
W308I,-0.40472343497542,W,I,308,1,0,0.854999908476872,0.4233413269384492
W308L,-0.0440028876895046,W,L,308,1,0,0.951035126576486,0.8968824940047961
W308V,-0.370586819760047,W,V,308,1,0,0.864088155076788,0.45443645083932854
W308A,-0.592285743751934,W,A,308,1,0,0.805064889897677,0.2217426059152678
W308G,-0.113307435800474,W,G,308,1,0,0.932584063992971,0.7761790567545963
W308C,-0.0936092681082196,W,C,308,1,0,0.937828339221321,0.812150279776179
W308S,-0.295025611055725,W,S,308,1,0,0.884204938587981,0.5259792166266987
W308T,-0.946233971604386,W,T,308,1,0,0.710832677417583,0.06266986410871303
W308Q,-0.425384165835883,W,Q,308,1,0,0.849499368490417,0.4001598721023181
W308E,-0.28361236206126,W,E,308,1,0,0.887243506434076,0.538449240607514
W308H,-0.992952662518478,W,H,308,1,0,0.698394684336732,0.051798561151079135
W308K,-0.380762487538245,W,K,308,1,0,0.861379070491113,0.44524380495603516
W308R,-0.0363023823438413,W,R,308,1,0,0.953085244641321,0.9085531574740208
V309F,-0.206882326652686,V,F,309,1,0,0.90767146858011,0.6336530775379696
V309W,-0.518374643335969,V,W,309,1,0,0.824742362394977,0.29520383693045565
V309Y,-1.60311457939427,V,Y,309,1,0,0.535950284636928,0.012629896083133493
V309P,-0.561965003953384,V,P,309,1,0,0.813137229777965,0.24996003197442046
V309M,-0.316477018804359,V,M,309,1,0,0.878493895407369,0.5051159072741807
V309I,-0.123620612602702,V,I,309,1,0,0.929838370156138,0.7611510791366907
V309L,-0.427893705524425,V,L,309,1,0,0.848831249656788,0.39840127897681854
V309A,-0.195469077658221,V,A,309,1,0,0.910710036426205,0.6498800959232613
V309G,-0.292619203135206,V,G,309,1,0,0.884845600483242,0.5283772981614708
V309C,-0.602048884458043,V,C,309,1,0,0.802465633065475,0.21039168665067945
V309S,-0.87208223039637,V,S,309,1,0,0.730574216104409,0.08089528377298162
V309T,-0.670872150984908,V,T,309,1,0,0.784142702861013,0.16378896882494004
V309N,-0.651655264876758,V,N,309,1,0,0.789258845710311,0.17673860911270983
V309Q,-0.790883151706831,V,Q,309,1,0,0.752191978913071,0.10543565147881695
V309D,-0.169686135652652,V,D,309,1,0,0.917574271018286,0.6869704236610712
V309E,-0.837979992437004,V,E,309,1,0,0.739653310391536,0.08816946442845723
V309H,-0.695692529822269,V,H,309,1,0,0.777534733027036,0.14996003197442045
V309K,-0.397572965725876,V,K,309,1,0,0.856903589537076,0.42805755395683454
V309R,-0.701055381759428,V,R,309,1,0,0.776106972231883,0.14596322941646683
T310W,-0.264945512049228,T,W,310,1,0,0.892213212278743,0.5589928057553957
T310Y,-0.322493038605658,T,Y,310,1,0,0.876892240669217,0.49984012789768184
T310P,-0.384200213138987,T,P,310,1,0,0.860463839212169,0.4419664268585132
T310M,0.0116195125305098,T,M,310,1,1,0.965843568669803,0.9633892885691446
T310I,-0.105228780638729,T,I,310,1,0,0.93473485749849,0.791207034372502
T310L,-0.010347554058235,T,L,310,1,0,0.959995240797349,0.9411670663469225
T310V,-0.192375124617553,T,V,310,1,0,0.911533744577254,0.6542765787370104
T310A,-0.059713293684898,T,A,310,1,0,0.946852519631711,0.8677857713828937
T310G,-0.343497542026195,T,G,310,1,0,0.871300177554868,0.48017585931254997
T310C,-0.151225549176665,T,C,310,1,0,0.922489062986216,0.7183852917665867
T310S,-0.0258860737735913,T,S,310,1,0,0.955858395416522,0.923101518784972
T310N,-0.0020970126164529,T,N,310,1,0,0.962191795866815,0.9496402877697842
T310Q,-0.0168792326996459,T,Q,310,1,0,0.958256301367355,0.934132693844924
T310D,-0.37374952731273,T,D,310,1,0,0.863246142300159,0.4515587529976019
T310E,-0.153735088865207,T,E,310,1,0,0.921820944152587,0.7133493205435651
T310H,-0.13819656914985,T,H,310,1,0,0.925957789533415,0.7402078337330136
T310K,-0.048643817250507,T,K,310,1,0,0.949799564349911,0.8884892086330936
T310R,-0.102272336622091,T,R,310,1,0,0.935521956398382,0.7957633892885692
D311F,-0.550242359654852,D,F,311,1,0,0.816258168439165,0.2621103117505995
D311W,-0.380762487538245,D,W,311,1,0,0.861379070491113,0.44524380495603516
D311Y,-0.12337997181065,D,Y,311,1,0,0.929902436345664,0.761630695443645
D311P,-0.582350716765788,D,P,311,1,0,0.807709908293826,0.23069544364508393
D311M,-0.930764206401045,D,M,311,1,0,0.714951218172832,0.06610711430855316
D311I,-1.20921998006119,D,I,311,1,0,0.640817484578353,0.027577937649880094
D311L,-0.602048884458043,D,L,311,1,0,0.802465633065475,0.21039168665067945
D311V,-0.124823816562962,D,V,311,1,0,0.929518039208508,0.7597122302158273
D311A,-0.356560899309017,D,A,311,1,0,0.86782229869488,0.4671462829736211
D311G,-0.104472481006566,D,G,311,1,0,0.934936208379857,0.7920063948840927
D311C,0.0562068135721406,D,C,311,1,1,0.977714118357709,0.9878497202238209
D311S,-0.868988277355702,D,S,311,1,0,0.731397924255459,0.0820943245403677
D311T,-1.16494207432363,D,T,311,1,0,0.652605663451153,0.029256594724220625
D311N,-0.0523221836433015,D,N,311,1,0,0.948820266881441,0.8810551558752998
D311Q,-0.469765203341469,D,Q,311,1,0,0.837683732679248,0.35563549160671465
D311E,-0.0821960191137543,D,E,311,1,0,0.940866907067416,0.8294164668265388
D311H,-0.206538554092612,D,H,311,1,0,0.907762991708005,0.6347721822541966
D311K,-0.506789508061466,D,K,311,1,0,0.827826691805019,0.3106314948041567
D311R,-0.78180755612087,D,R,311,1,0,0.754608189489484,0.1114308553157474
A312F,-0.172126920829179,A,F,312,1,0,0.916924456810236,0.6826538768984812
A312W,-0.144797002303276,A,W,312,1,0,0.924200545477842,0.7295763389288569
A312Y,-0.144384475231187,A,Y,312,1,0,0.924310373231315,0.7301358912869704
A312P,0.0914778782357592,A,P,312,1,1,0.987104391279676,0.9960031974420464
A312M,-0.518374643335969,A,M,312,1,0,0.824742362394977,0.29520383693045565
A312I,-0.661177764790814,A,I,312,1,0,0.786723655067636,0.17034372501998402
A312L,-0.634604145897074,A,L,312,1,0,0.793798392853874,0.18625099920063948
A312V,-0.170717453332875,A,V,312,1,0,0.917299701634603,0.6850519584332534
A312G,-0.364605177214755,A,G,312,1,0,0.865680657502151,0.45979216626698644
A312C,-0.10708515246313,A,C,312,1,0,0.93424063260786,0.7865707434052758
A312S,-0.0770738079686479,A,S,312,1,0,0.942230601673043,0.8379696243005595
A312T,-0.180274330502939,A,T,312,1,0,0.914755358679138,0.670423661071143
A312N,-3.43772560074255,A,N,312,1,0,0.0475188080027815,0.0041566746602717825
A312Q,-0.695933170614322,A,Q,312,1,0,0.77747066683751,0.14964028776978416
A312D,-0.269586441610231,A,D,312,1,0,0.890977650052168,0.5547561950439648
A312E,-0.36893671147169,A,E,312,1,0,0.864527466090681,0.45595523581135095
A312H,-0.0784488982089449,A,H,312,1,0,0.941864509161465,0.8358912869704237
A312K,-0.709477809481247,A,K,312,1,0,0.77386465559847,0.14324540367705835
A312R,-0.61689985905325,A,R,312,1,0,0.798511833940437,0.19936051159072743
E313F,-0.316477018804359,E,F,313,1,0,0.878493895407369,0.5051159072741807
E313Y,-0.425521674859913,E,Y,313,1,0,0.84946275923926,0.3996802557953637
E313P,-0.253325999518718,E,P,313,1,0,0.895306694001574,0.5717026378896882
E313M,-0.316477018804359,E,M,313,1,0,0.878493895407369,0.5051159072741807
E313I,-1.34463199147444,E,I,313,1,0,0.604766524500741,0.01894484412470024
E313L,-0.463955447076214,E,L,313,1,0,0.839230473540664,0.36258992805755397
E313V,-0.149506686376293,E,V,313,1,0,0.922946678625689,0.7211830535571543
E313A,-0.175152119357833,E,A,313,1,0,0.916119053284765,0.6786570743405276
E313G,-0.116332634329128,E,G,313,1,0,0.9317786604675,0.7726618705035971
E313C,-0.428478118876551,E,C,313,1,0,0.848675660339368,0.39776179056754596
E313S,-0.430300113444945,E,S,313,1,0,0.848190587761527,0.3968025579536371
E313T,-0.314070610883839,E,T,313,1,0,0.87913455730263,0.5069544364508394
E313N,-0.115851352745024,E,N,313,1,0,0.931906792846552,0.7734612310151878
E313Q,-0.161744989514937,E,Q,313,1,0,0.919688455272647,0.6994404476418865
E313D,-0.0263673553576953,E,D,313,1,0,0.955730263037469,0.9224620303756994
E313H,-0.374574581456908,E,H,313,1,0,0.863026486793213,0.45027977617905673
E313K,-0.0346866513114923,E,K,313,1,0,0.953515403342424,0.9120703437250199
E313R,-0.309910962906941,E,R,313,1,0,0.880241987150153,0.5104716227018385
K314F,-0.645673622331466,K,F,314,1,0,0.790851348135674,0.18129496402877698
K314W,-0.774966482175393,K,W,314,1,0,0.756429499734583,0.11430855315747403
K314Y,-1.20921998006119,K,Y,314,1,0,0.640817484578353,0.027577937649880094
K314P,-0.946233971604386,K,P,314,1,0,0.710832677417583,0.06266986410871303
K314M,-0.0840523909381553,K,M,314,1,0,0.940372682176786,0.8264588329336531
K314I,-0.378596720409777,K,I,314,1,0,0.861955666196848,0.4466826538768985
K314L,-0.113513699336519,K,L,314,1,0,0.932529150116234,0.7755395683453238
K314V,-0.201313211179484,K,V,314,1,0,0.909154143252,0.6420463629096722
K314A,-0.0802708927773385,K,A,314,1,0,0.941379436583625,0.8328537170263789
K314G,-0.494826222970882,K,G,314,1,0,0.831011696655745,0.3270183852917666
K314C,-0.218226821135137,K,C,314,1,0,0.904651205359594,0.618625099920064
K314S,-0.215682904190587,K,S,314,1,0,0.905328476506013,0.6213429256594725
K314T,-0.131733645020454,K,T,314,1,0,0.92767842433783,0.7488409272581934
K314N,-0.157516587026024,K,N,314,1,0,0.920814189745748,0.7075139888089529
K314Q,-0.0625322286775069,K,Q,314,1,0,0.946102029982977,0.8613109512390088
K314D,-0.529650383306404,K,D,314,1,0,0.82174040380004,0.28169464428457236
K314E,-0.106603870879026,K,E,314,1,0,0.934368764986912,0.7874500399680255
K314H,-0.447282477912613,K,H,314,1,0,0.843669345243543,0.38049560351718625
K314R,-0.0463749183540169,K,R,314,1,0,0.950403616994014,0.8930455635491606
A315F,-0.797655471140294,A,F,315,1,0,0.750388973293551,0.10223820943245404
A315W,-0.444738560968063,A,W,315,1,0,0.844346616389962,0.38321342925659474
A315Y,-0.993468321358589,A,Y,315,1,0,0.69825739964489,0.0513189448441247
A315P,-0.488638316889546,A,P,315,1,0,0.832659112957844,0.3346123101518785
A315M,-0.688232665268658,A,M,315,1,0,0.779520784902345,0.15475619504396482
A315I,-0.803533981917563,A,I,315,1,0,0.748823927806557,0.10071942446043165
A315L,-0.680050878338891,A,L,315,1,0,0.781699035346232,0.1585931254996003
A315V,-0.122623672178487,A,V,315,1,0,0.930103787227032,0.7629096722621902
A315G,-0.323180583725807,A,G,315,1,0,0.876709194413428,0.49816147082334133
A315C,-0.0430403245212967,A,C,315,1,0,0.95129139133459,0.8988009592326139
A315S,-0.329368489807143,A,S,315,1,0,0.875061778111329,0.49224620303756994
A315T,-0.139159132318058,A,T,315,1,0,0.925701524775311,0.7380495603517186
A315N,-3.43772560074255,A,N,315,1,0,0.0475188080027815,0.0041566746602717825
A315Q,-0.648664443604112,A,Q,315,1,0,0.790055096922992,0.17929656274980016
A315D,-0.668259479528344,A,D,315,1,0,0.78483827863301,0.16570743405275778
A315E,-0.0719172195675341,A,E,315,1,0,0.943603448591459,0.8465227817745803
A315H,-0.785589054281687,A,H,315,1,0,0.753601435082645,0.10919264588329336
A315K,-0.602048884458043,A,K,315,1,0,0.802465633065475,0.21039168665067945
A315R,-0.825501048506308,A,R,315,1,0,0.742975599934103,0.09240607513988809
R316F,-0.782942005569115,R,F,316,1,0,0.754306163167432,0.11023181454836131
R316W,-0.614802846436797,R,W,316,1,0,0.799070125020593,0.20047961630695443
R316Y,-1.23204647805012,R,Y,316,1,0,0.634740348886164,0.025739408473221422
R316P,-1.12530509814707,R,P,316,1,0,0.663158280097379,0.033093525179856115
R316M,-0.413420880745299,R,M,316,1,0,0.852684373341143,0.41502797761790566
R316I,-0.27347107153907,R,I,316,1,0,0.889943438706961,0.5491606714628298
R316L,-0.476743786310977,R,L,316,1,0,0.835825813182991,0.3490007993605116
R316V,-0.234796658530716,R,V,316,1,0,0.900239790595083,0.5947242206235012
R316A,-0.594967169720513,R,A,316,1,0,0.8043510095001,0.2179056754596323
R316G,-0.14555330193544,R,G,316,1,0,0.923999194596474,0.7281374900079937
R316C,-1.22743992574513,R,C,316,1,0,0.635966758799948,0.02621902478017586
R316S,-0.286843824125958,R,S,316,1,0,0.886383189031868,0.5346123101518785
R316T,-0.558458523840627,R,T,316,1,0,0.814070765682488,0.25315747402078337
R316N,-0.687373233868473,R,N,316,1,0,0.779749592722081,0.15587529976019185
R316Q,-0.331878029495686,R,Q,316,1,0,0.874393659277699,0.4897681854516387
R316D,-0.745917700849118,R,D,316,1,0,0.764163204041661,0.12805755395683452
R316E,-0.868988277355702,R,E,316,1,0,0.731397924255459,0.0820943245403677
R316H,-0.764275155557083,R,H,316,1,0,0.759275869012099,0.11918465227817746
R316K,-0.342053697273884,R,K,316,1,0,0.871684574692024,0.48089528377298163
E317F,-0.309532813090859,E,F,317,1,0,0.880342662590837,0.5107913669064749
E317W,-0.37374952731273,E,W,317,1,0,0.863246142300159,0.4515587529976019
E317Y,-0.164117020179449,E,Y,317,1,0,0.919056945690176,0.6951239008792965
E317P,-0.698477087558871,E,P,317,1,0,0.776793395691091,0.14772182254196642
E317M,-0.136408951837464,E,M,317,1,0,0.926433709798466,0.7432454036770584
E317I,-0.160198012994603,E,I,317,1,0,0.920100309348172,0.7016786570743405
E317L,-0.101653546013957,E,L,317,1,0,0.935686698028592,0.7965627498001598
E317V,-0.10161916875795,E,V,317,1,0,0.935695850341381,0.7968025579536371
E317A,0.0526315789473684,E,A,317,1,1,0.976762277827607,0.9862509992006395
E317G,-0.162879438963182,E,G,317,1,0,0.919386428950596,0.6979216626698641
E317C,-0.267076901921689,E,C,317,1,0,0.891645768885797,0.5569944044764189
E317S,-0.0961875623087765,E,S,317,1,0,0.937141915762113,0.8072741806554756
E317T,-0.108632128983464,E,T,317,1,0,0.933828778532335,0.7841726618705036
E317N,-0.148062841623982,E,N,317,1,0,0.923331075762845,0.7237410071942446
E317Q,-0.0267798824297844,E,Q,317,1,0,0.955620435283996,0.9218225419664269
E317D,-0.0290487813262745,E,D,317,1,0,0.955016382639893,0.9194244604316547
E317H,-0.212863969197979,E,H,317,1,0,0.906078966154747,0.6250199840127898
E317K,-0.0693733026229846,E,K,317,1,0,0.944280719737878,0.8497202238209433
E317R,-0.11430437622469,E,R,317,1,0,0.932318646922077,0.7745003996802557
N318F,-0.198803671490942,N,F,318,1,0,0.909822262085629,0.6454036770583533
N318W,-0.107738320327271,N,W,318,1,0,0.934066738664861,0.7856115107913669
N318Y,-0.316717659596411,N,Y,318,1,0,0.878429829217843,0.5046362909672262
N318P,-0.815944171336244,N,P,318,1,0,0.745519942889568,0.09544364508393285
N318M,-0.0550036096118807,N,M,318,1,0,0.948106386483864,0.8759392486011192
N318I,-0.0843274089862147,N,I,318,1,0,0.94029946367447,0.8255795363709033
N318L,-0.133693148612878,N,L,318,1,0,0.927156742508832,0.7458033573141487
N318V,-0.15689779641789,N,V,318,1,0,0.920978931375958,0.7082334132693845
N318A,-0.100759737357764,N,A,318,1,0,0.935924658161117,0.7984012789768186
N318G,-0.264189212417065,N,G,318,1,0,0.892414563160111,0.5607513988808953
N318C,-0.322493038605658,N,C,318,1,0,0.876892240669217,0.49984012789768184
N318S,-0.0611915156932173,N,S,318,1,0,0.946458970181765,0.8645083932853717
N318T,-0.061569665509299,N,T,318,1,0,0.946358294741081,0.8631494804156674
N318Q,-0.0062910378493588,N,Q,318,1,0,0.961075213706503,0.9462829736211031
N318D,-0.0104850630822647,N,D,318,1,0,0.959958631546192,0.9410071942446043
N318E,-0.141324899446526,N,E,318,1,0,0.925124929069576,0.7341326938449241
N318H,-0.15823850940218,N,H,318,1,0,0.92062199117717,0.7055955235811351
N318K,-0.155350819897556,N,K,318,1,0,0.921390785451484,0.710951239008793
N318R,-0.181374402695177,N,R,318,1,0,0.914462484669876,0.66810551558753
V319F,-0.524046890577194,V,F,319,1,0,0.823232230784719,0.28928856914468426
V319W,-0.428478118876551,V,W,319,1,0,0.848675660339368,0.39776179056754596
V319Y,-0.72065041768366,V,Y,319,1,0,0.770890153941901,0.13876898481215028
V319P,-1.03643989136787,V,P,319,1,0,0.686817008658088,0.04452438049560352
V319M,-0.0536972738835986,V,M,319,1,0,0.948454174369863,0.8784972022382095
V319I,-0.247928770325553,V,I,319,1,0,0.896743607109516,0.5795363709032774
V319L,-0.304857506273849,V,L,319,1,0,0.881587377130201,0.516546762589928
V319A,-0.155522706177593,V,A,319,1,0,0.921345023887536,0.7107913669064748
V319G,-0.182783870191481,V,G,319,1,0,0.914087239845509,0.6660271782573941
V319C,-0.120595414074049,V,C,319,1,0,0.930643773681609,0.7658673061550759
V319S,-0.264395475953109,V,S,319,1,0,0.892359649283374,0.5605115907274181
V319T,-0.295266251847777,V,T,319,1,0,0.884140872398455,0.5255795363709033
V319N,-1.28419677541339,V,N,319,1,0,0.620856290384579,0.02182254196642686
V319Q,-0.631716456392451,V,Q,319,1,0,0.794567187128187,0.18904876099120704
V319D,-1.61817181752553,V,D,319,1,0,0.531941571635151,0.012310151878497202
V319E,-0.264842380281206,V,E,319,1,0,0.892240669217111,0.5597122302158274
V319H,-1.03643989136787,V,H,319,1,0,0.686817008658088,0.04452438049560352
V319K,-0.631716456392451,V,K,319,1,0,0.794567187128187,0.18904876099120704
V319R,-0.715940733610643,V,R,319,1,0,0.772144020794055,0.1413269384492406
E320F,-0.634363505105022,E,F,320,1,0,0.7938624590434,0.18641087130295764
E320Y,-0.480009625631682,E,Y,320,1,0,0.834956343467994,0.34436450839328536
E320P,-0.691739145381416,E,P,320,1,0,0.778587248997822,0.15299760191846523
E320M,-0.463233524700058,E,M,320,1,0,0.839422672109242,0.3633892885691447
E320I,-0.396644779813675,E,I,320,1,0,0.857150701982391,0.4292565947242206
E320L,-0.272577262882877,E,L,320,1,0,0.890181398839487,0.5498001598721023
E320V,-0.0898621472034102,E,V,320,1,0,0.93882594131537,0.8166266986410872
E320A,0.01842620921998,E,A,320,1,1,0.967655726602112,0.9686650679456434
E320G,-0.0586132214926604,E,G,320,1,0,0.947145393640973,0.8709032773780975
E320C,-0.119357832857781,E,C,320,1,0,0.930973256942029,0.7678657074340528
E320S,-0.121901749802331,E,S,320,1,0,0.93029598579561,0.7637889688249401
E320T,-0.340712984289594,E,T,320,1,0,0.872041514890813,0.4815347721822542
E320N,-0.722850562068136,E,N,320,1,0,0.770304405923377,0.1374900079936051
E320Q,-0.15342569356114,E,Q,320,1,0,0.921903314967692,0.7138289368505196
E320D,-0.0993502698614596,E,D,320,1,0,0.936299902985484,0.8003996802557953
E320H,-0.454364192650143,E,H,320,1,0,0.841783968808918,0.3710631494804157
E320K,-0.169136099556533,E,K,320,1,0,0.917720708022917,0.68792965627498
E320R,-0.277836983052013,E,R,320,1,0,0.888781094982702,0.5453237410071943
R321F,-0.234280999690605,R,F,321,1,0,0.900377075286925,0.5950439648281375
R321W,-0.494826222970882,R,W,321,1,0,0.831011696655745,0.3270183852917666
R321Y,-0.290315926982708,R,Y,321,1,0,0.885458805440135,0.5304556354916067
R321P,-0.495273127298979,R,P,321,1,0,0.830892716589482,0.3262989608313349
R321M,-0.135962047509368,R,M,321,1,0,0.926552689864729,0.7435651478816947
R321I,-0.082333528137784,R,I,321,1,0,0.940830297816258,0.8288569144684252
R321L,-0.0737048368799202,R,L,321,1,0,0.943127528326408,0.8431654676258993
R321V,-0.201381965691498,R,V,321,1,0,0.909135838626421,0.6418864908073542
R321A,-0.0215545395166557,R,A,321,1,0,0.957011586827991,0.9294964028776979
R321G,-0.262092199800612,R,G,321,1,0,0.892972854240266,0.56378896882494
R321C,-0.133246244284781,R,C,321,1,0,0.927275722575095,0.7467625899280576
R321S,-0.079102066073086,R,S,321,1,0,0.941690615218466,0.8352517985611511
R321T,-0.160713671834714,R,T,321,1,0,0.919963024656331,0.701039168665068
R321N,-0.0418027433050293,R,N,321,1,0,0.95162087459501,0.9006394884092725
R321Q,-0.0194919041562102,R,Q,321,1,0,0.957560725595358,0.9311750599520384
R321D,-0.961738114063735,R,D,321,1,0,0.706704984349545,0.05859312549960032
R321E,-0.163601361339338,R,E,321,1,0,0.919194230382017,0.6960831334932054
R321H,-0.0906184468355735,R,H,321,1,0,0.938624590434003,0.8162270183852918
R321K,0.0502251710268486,R,K,321,1,1,0.976121615932346,0.9856115107913669
L322F,0.0436934923854377,L,F,322,1,1,0.974382676502352,0.9824940047961631
L322W,-0.466052459692667,L,W,322,1,0,0.838672182460508,0.36051159072741806
L322Y,-0.511464814878476,L,Y,322,1,0,0.826581977265655,0.3047162270183853
L322P,-0.256866856887483,L,P,322,1,0,0.894364005784261,0.5677058353317346
L322M,0.026023582797621,L,M,322,1,1,0.969678387728579,0.9741007194244604
L322I,0.0775550895527519,L,I,322,1,1,0.983397704599952,0.993445243804956
L322V,-0.178177317886486,L,V,322,1,0,0.915313649759294,0.6733812949640288
L322A,-0.784935886417546,L,A,322,1,0,0.753775329025645,0.1096722621902478
L322G,-0.550242359654852,L,G,322,1,0,0.816258168439165,0.2621103117505995
L322C,-0.535219498779607,L,C,322,1,0,0.820257729128151,0.2755395683453237
L322S,-1.02251710268486,L,S,322,1,0,0.690523695337813,0.047641886490807354
L322T,-0.493107360170511,L,T,322,1,0,0.831469312295217,0.3304556354916067
L322N,-0.595551583072639,L,N,322,1,0,0.80419542018268,0.21750599520383693
L322Q,-0.152291244112895,L,Q,322,1,0,0.922205341289744,0.7158273381294964
L322D,-0.742651861528413,L,D,322,1,0,0.765032673756658,0.129656274980016
L322E,-0.456564337034618,L,E,322,1,0,0.841198220790393,0.3694644284572342
L322H,-0.65615868541373,L,H,322,1,0,0.788059892734894,0.17346123101518784
L322K,-0.837979992437004,L,K,322,1,0,0.739653310391536,0.08816946442845723
L322R,-0.308535872666644,L,R,322,1,0,0.88060807966173,0.5111111111111111
T323F,-0.371961910000344,T,F,323,1,0,0.86372206256521,0.45323741007194246
T323W,-0.380762487538245,T,W,323,1,0,0.861379070491113,0.44524380495603516
T323Y,-0.621093884286156,T,Y,323,1,0,0.797395251780125,0.19608313349320544
T323P,-0.404001512599264,T,P,323,1,0,0.85519210704545,0.4239808153477218
T323M,-0.758877926363918,T,M,323,1,0,0.760712782120041,0.12198241406874501
T323I,-0.196706658874489,T,I,323,1,0,0.910380553165785,0.6481215027977618
T323L,-0.309360926810822,T,L,323,1,0,0.880388424154784,0.5109512390087929
T323V,-0.530887964522672,T,V,323,1,0,0.82141092053962,0.2799360511590727
T323A,-0.142390594382756,T,A,323,1,0,0.924841207373103,0.7322941646682654
T323G,-0.480353398191756,T,G,323,1,0,0.8348648203401,0.34396482813749
T323C,-0.124926948330984,T,C,323,1,0,0.92949058227014,0.7592326139088729
T323S,-0.147959709855959,T,S,323,1,0,0.923358532701213,0.7240607513988809
T323N,-0.20402901440407,T,N,323,1,0,0.908431110541634,0.6393285371702638
T323Q,-1.19395647839389,T,Q,323,1,0,0.644881111456866,0.027977617905675458
T323D,-0.742651861528413,T,D,323,1,0,0.765032673756658,0.129656274980016
T323E,-0.977311011035099,T,E,323,1,0,0.702558986655928,0.05435651478816946
T323H,-3.43772560074255,T,H,323,1,0,0.0475188080027815,0.0041566746602717825
T323K,-0.488741448657568,T,K,323,1,0,0.832631656019476,0.3342925659472422
T323R,-0.938499089002716,T,R,323,1,0,0.712891947795208,0.06402877697841726
R324F,-0.453986042834061,R,F,324,1,0,0.841884644249602,0.37138289368505195
R324Y,-1.00079067688817,R,Y,324,1,0,0.696307957020739,0.04964028776978417
R324P,-0.47041837120561,R,P,324,1,0,0.837509838736249,0.35499600319744207
R324M,-0.343497542026195,R,M,324,1,0,0.871300177554868,0.48017585931254997
R324I,-0.588985527175221,R,I,324,1,0,0.805943511925463,0.22342126298960832
R324L,-0.236893671147169,R,L,324,1,0,0.899681499514927,0.592326139088729
R324V,-0.822372718209632,R,V,324,1,0,0.743808460397943,0.09376498800959232
R324A,-0.558458523840627,R,A,324,1,0,0.814070765682488,0.25315747402078337
R324G,-0.122864312970539,R,G,324,1,0,0.930039721037506,0.762589928057554
R324C,-0.119460964625803,R,C,324,1,0,0.930945800003661,0.7677058353317346
R324S,-0.360445529237856,R,S,324,1,0,0.866788087349673,0.4642685851318945
R324T,-0.440475781223143,R,T,324,1,0,0.845481503175852,0.3888089528377298
R324N,-0.322493038605658,R,N,324,1,0,0.876892240669217,0.49984012789768184
R324Q,-0.515108804015263,R,Q,324,1,0,0.825611832109974,0.30007993605115907
R324D,-0.435181683797999,R,D,324,1,0,0.846890959345426,0.39224620303756996
R324E,-0.28361236206126,R,E,324,1,0,0.887243506434076,0.538449240607514
R324H,-0.0498470212107669,R,H,324,1,0,0.94947923340228,0.8860911270983214
R324K,-0.144797002303276,R,K,324,1,0,0.924200545477842,0.7295763389288569
S325F,-0.0522190518752793,S,F,325,1,0,0.948847723819809,0.881374900079936
S325W,-0.329712262367218,S,W,325,1,0,0.874970254983434,0.4917665867306155
S325Y,0.0649730138540341,S,Y,325,1,1,0.980047958119017,0.9904076738609112
S325P,0.0026470487125717,S,P,325,1,0,0.963454815031759,0.9536370903277378
S325M,-0.141187390422496,S,M,325,1,0,0.925161538320734,0.7346123101518784
S325I,-0.148578500464093,S,I,325,1,0,0.923193791071003,0.7223021582733813
S325L,-0.158857300010313,S,L,325,1,0,0.92045724954696,0.7048760991207035
S325V,-0.0874557392828904,S,V,325,1,0,0.939466603210631,0.822062350119904
S325A,0.0170854962356904,S,A,325,1,1,0.967298786403324,0.9681854516386891
S325G,0.0255079239575097,S,G,325,1,1,0.969541103036737,0.9732214228617106
S325C,0.0544535735157619,S,C,325,1,1,0.977247350405447,0.9872901678657074
S325T,0.0206607308604627,S,T,325,1,1,0.968250626933426,0.9699440447641886
S325N,-0.026023582797621,S,N,325,1,0,0.955821786165364,0.9227817745803357
S325Q,0.0139571659390147,S,Q,325,1,1,0.966465925939485,0.9654676258992806
S325D,-0.113926226408608,S,D,325,1,0,0.932419322362761,0.7753796962430056
S325E,-0.184158960431778,S,E,325,1,0,0.913721147333931,0.6634692246203038
S325H,-0.0360273642957819,S,H,325,1,0,0.953158463143636,0.9091926458832934
S325K,0.0535941421155763,S,K,325,1,1,0.977018542585711,0.9870503597122302
S325R,-0.0216920485406854,S,R,325,1,0,0.956974977576834,0.9290167865707434
T326F,-0.158582281962254,T,F,326,1,0,0.920530468049276,0.7053557154276578
T326W,-0.319330331052975,T,W,326,1,0,0.877734253445846,0.5019184652278178
T326Y,0.0238921929251607,T,Y,326,1,1,0.969110944335633,0.9720223820943246
T326P,-0.264670494001169,T,P,326,1,0,0.892286430781058,0.5600319744204636
T326M,-0.122383031386435,T,M,326,1,0,0.930167853416558,0.7632294164668265
T326I,-0.137474646773695,T,I,326,1,0,0.926149988101993,0.7414868105515587
T326L,-0.151603698992746,T,L,326,1,0,0.922388387545533,0.7179856115107913
T326V,-0.057856921860497,T,V,326,1,0,0.947346744522341,0.8719424460431655
T326A,-0.0642510914778782,T,A,326,1,0,0.945644414343504,0.8570743405275779
T326G,-0.187665440544536,T,G,326,1,0,0.912787611429408,0.6588329336530775
T326C,-0.159372958850424,T,C,326,1,0,0.920319964855119,0.7036770583533174
T326S,-0.0117570215545395,T,S,326,1,0,0.959619995972982,0.9400479616306955
T326N,-0.0482656674344253,T,N,326,1,0,0.949900239790595,0.889048760991207
T326Q,-0.0542129327237099,T,Q,326,1,0,0.948316889678022,0.8775379696243005
T326D,-0.101997318574031,T,D,326,1,0,0.935595174900697,0.7961630695443646
T326E,-0.061810306301351,T,E,326,1,0,0.946294228551555,0.8624300559552358
T326H,0.0753205679122692,T,H,326,1,1,0.982802804268639,0.9926458832933653
T326K,-0.0425246656811853,T,K,326,1,0,0.951428676026432,0.8992805755395683
T326R,-0.0824710371618137,T,R,326,1,0,0.9407936885651,0.8283772981614709
T327F,-0.789404929698511,T,F,327,1,0,0.752585528363017,0.10711430855315747
T327W,-0.692529822269586,T,W,327,1,0,0.778376745803664,0.15259792166266986
T327Y,-0.291862903503042,T,Y,327,1,0,0.88504695136461,0.5288569144684253
T327P,-0.0005844133521262,T,P,327,1,0,0.962594497629551,0.9509192645883293
T327M,-0.131114854412321,T,M,327,1,0,0.92784316596804,0.749480415667466
T327I,-0.120939186634123,T,I,327,1,0,0.930552250553715,0.7653876898481216
T327L,-0.229296297569528,T,L,327,1,0,0.901704160641394,0.6033573141486811
T327V,-0.0745986455361133,T,V,327,1,0,0.942889568193882,0.8414068745003996
T327A,-0.0231015160369899,T,A,327,1,0,0.956599732752466,0.9273381294964029
T327G,-0.297225755440201,T,G,327,1,0,0.883619190569457,0.5235811350919265
T327C,-0.0870775894668087,T,C,327,1,0,0.939567278651315,0.8223820943245403
T327S,-0.0037471209048093,T,S,327,1,0,0.961752484852922,0.9482014388489208
T327N,-0.326240159510468,T,N,327,1,0,0.875894638575168,0.49592326139088727
T327Q,-0.551445563615112,T,Q,327,1,0,0.815937837491534,0.2600319744204636
T327D,-0.444979201760116,T,D,327,1,0,0.844282550200435,0.3828936850519584
T327E,-0.503833064044828,T,E,327,1,0,0.828613790704911,0.3160671462829736
T327H,-0.611640138884114,T,H,327,1,0,0.799912137797221,0.20327737809752197
T327K,-0.0478531403623362,T,K,327,1,0,0.950010067544068,0.890007993605116
T327R,-0.253463508542748,T,R,327,1,0,0.895270084750416,0.5713828936850519
G328F,-0.196362886314414,G,F,328,1,0,0.910472076293679,0.6489208633093525
G328W,-0.294784970263673,G,W,328,1,0,0.884269004777507,0.5261390887290168
G328Y,-0.156554023857816,G,Y,328,1,0,0.921070454503853,0.708713029576339
G328P,-0.24435353570078,G,P,328,1,0,0.897695447639618,0.5853717026378897
G328M,-0.172126920829179,G,M,328,1,0,0.916924456810236,0.6826538768984812
G328I,-0.269139537282134,G,I,328,1,0,0.891096630118431,0.5552358113509193
G328L,-0.0985252157172814,G,L,328,1,0,0.936519558492431,0.802238209432454
G328V,-0.14527828388738,G,V,328,1,0,0.92407241309879,0.728617106314948
G328A,-0.0534222558355392,G,A,328,1,0,0.948527392872179,0.8789768185451639
G328C,-0.075870604008388,G,C,328,1,0,0.942550932620673,0.8400479616306954
G328S,-0.0563099453401629,G,S,328,1,0,0.947758598597865,0.8739408473221423
G328T,-0.0765925263845439,G,T,328,1,0,0.942358734052095,0.8388489208633093
G328N,-0.0546254597957991,G,N,328,1,0,0.948207061924548,0.8764188649080735
G328Q,-0.0385025267283165,G,Q,328,1,0,0.952499496622797,0.9046362909672262
G328D,-0.0346178967994774,G,D,328,1,0,0.953533707968004,0.9123900879296563
G328E,-0.0287050087662002,G,E,328,1,0,0.955107905767787,0.91982414068745
G328H,-0.0805459108253979,G,H,328,1,0,0.941306218081309,0.8322142286171064
G328K,-0.115954484513046,G,K,328,1,0,0.931879335908184,0.7731414868105515
G328R,-0.0726735191996974,G,R,328,1,0,0.943402097710091,0.8449240607513989
V329F,-0.171129980404964,V,F,329,1,0,0.91718987388113,0.6844124700239809
V329W,-0.389288047028086,V,W,329,1,0,0.859109296919331,0.4354116706634692
V329Y,-0.344735123242463,V,Y,329,1,0,0.870970694294448,0.4789768185451639
V329P,-0.215270377118498,V,P,329,1,0,0.905438304259486,0.6219024780175859
V329M,-0.301832307745196,V,M,329,1,0,0.882392780655671,0.5183053557154277
V329I,-0.138677850733954,V,I,329,1,0,0.925829657154363,0.7389288569144684
V329L,-0.306645123586235,V,L,329,1,0,0.88111145686515,0.5132693844924061
V329A,-0.007597373577641,V,A,329,1,0,0.960727425820505,0.9443645083932853
V329G,-0.19375021485785,V,G,329,1,0,0.911167652065677,0.6521183053557155
V329C,-0.026745505173777,V,C,329,1,0,0.955629587596786,0.921982414068745
V329S,0.0131664890508439,V,S,329,1,1,0.966255422745328,0.964828137490008
V329T,0.0433840970813709,V,T,329,1,1,0.974300305687247,0.9822541966426859
V329N,-0.106569493623019,V,N,329,1,0,0.934377917299702,0.7876898481215028
V329Q,-0.299288390800646,V,Q,329,1,0,0.88307005180209,0.5210231814548362
V329D,-0.113341813056482,V,D,329,1,0,0.932574911680181,0.7759392486011191
V329E,-0.351404310907903,V,E,329,1,0,0.869195145613296,0.47106314948041567
V329H,-0.27013647770635,V,H,329,1,0,0.890831213047537,0.5534772182254196
V329K,-0.299288390800646,V,K,329,1,0,0.88307005180209,0.5210231814548362
V329R,-0.344666368730448,V,R,329,1,0,0.870988998920027,0.47929656274980015
A330F,-0.158169754890165,A,F,330,1,0,0.920640295802749,0.7059952038369305
A330W,-0.510674137990306,A,W,330,1,0,0.826792480459812,0.3053557154276579
A330Y,-0.110454123551858,A,Y,330,1,0,0.933343705954495,0.7811350919264588
A330P,-0.0330021657671284,A,P,330,1,0,0.953963866669107,0.9144684252597922
A330M,-0.125030080099007,A,M,330,1,0,0.929463125331771,0.7588329336530776
A330I,-0.165113960603665,A,I,330,1,0,0.918791528619282,0.6938449240607514
A330L,-0.15208498057685,A,L,330,1,0,0.922260255166481,0.716466826538769
A330V,-0.0632885283096703,A,V,330,1,0,0.945900679101609,0.8600319744204636
A330G,-0.0075629963216336,A,G,330,1,0,0.960736578133294,0.9446043165467626
A330C,-0.0363711368558561,A,C,330,1,0,0.953066940015742,0.9083932853717026
A330S,0.0093849908900271,A,S,330,1,0,0.965248668338489,0.9613109512390088
A330T,-0.0047784385850321,A,T,330,1,0,0.961477915469239,0.9475619504396483
A330N,-0.0082849186977895,A,N,330,1,0,0.960544379564716,0.9432454036770583
A330Q,0.0436934923854377,A,Q,330,1,1,0.974382676502352,0.9824940047961631
A330D,0.0486094399944996,A,D,330,1,1,0.975691457231242,0.984652278177458
A330E,0.0528034652274055,A,E,330,1,1,0.976808039391554,0.9864108713029577
A330H,-0.0549692323558733,A,H,330,1,0,0.948115538796654,0.8760991207034372
A330K,0.0168792326996459,A,K,330,1,1,0.967243872526587,0.9675459632294164
A330R,-0.0065660558974182,A,R,330,1,0,0.961001995204188,0.9456434852118305
Q331F,-0.177971054350442,Q,F,331,1,0,0.915368563636031,0.6738609112709832
Q331W,-0.322493038605658,Q,W,331,1,0,0.876892240669217,0.49984012789768184
Q331Y,-0.20990752518134,Q,Y,331,1,0,0.906866065054639,0.6295763389288569
Q331P,-0.0992815153494448,Q,P,331,1,0,0.936318207611063,0.8007993605115907
Q331M,-0.156072742273712,Q,M,331,1,0,0.921198586882905,0.709832134292566
Q331I,-0.0480594038983808,Q,I,331,1,0,0.949955153667332,0.8896882494004796
Q331L,-0.159579222386469,Q,L,331,1,0,0.920265050978382,0.7029576338928857
Q331V,-0.0494344941386778,Q,V,331,1,0,0.949589061155754,0.8875299760191847
Q331A,0.0083192959537969,Q,A,331,1,0,0.964964946642016,0.9601918465227818
Q331G,-0.0245109835332943,Q,G,331,1,0,0.956224487928099,0.9254996003197442
Q331C,-0.082333528137784,Q,C,331,1,0,0.940830297816258,0.8288569144684252
Q331S,0.0079067688817078,Q,S,331,1,0,0.964855118888543,0.9592326139088729
Q331T,0.0310082849186977,Q,T,331,1,1,0.971005473083048,0.9772182254196643
Q331N,-0.01842620921998,Q,N,331,1,0,0.957844447291831,0.9327737809752198
Q331D,0.0369899274639898,Q,D,331,1,1,0.972597975508411,0.9800159872102319
Q331E,0.076351885592492,Q,E,331,1,1,0.983077373652322,0.9929656274980015
Q331H,-0.0610540066691876,Q,H,331,1,0,0.946495579432922,0.864828137490008
Q331K,-0.0362336278318264,Q,K,331,1,0,0.9531035492669,0.9087130295763389
Q331R,-0.11750146103338,Q,R,331,1,0,0.931467481832659,0.7712230215827338
C332F,-0.25717625219155,C,F,332,1,0,0.894281634969157,0.5669064748201439
C332W,-0.10935405135962,C,W,332,1,0,0.933636579963757,0.7830535571542766
C332Y,-0.121007941146138,C,Y,332,1,0,0.930533945928136,0.7650679456434852
C332P,-0.255801161951253,C,P,332,1,0,0.894647727480734,0.5691446842525979
C332M,-0.758877926363918,C,M,332,1,0,0.760712782120041,0.12198241406874501
C332I,-0.494826222970882,C,I,332,1,0,0.831011696655745,0.3270183852917666
C332L,-0.324315033174052,C,L,332,1,0,0.876407168091377,0.4976818545163869
C332V,-0.363711368558562,C,V,332,1,0,0.865918617634676,0.46235011990407676
C332A,-0.206779194884664,C,A,332,1,0,0.907698925518478,0.634052757793765
C332G,-0.104197462958507,C,G,332,1,0,0.935009426882173,0.7923261390887291
C332S,-0.151672453504761,C,S,332,1,0,0.922370082919954,0.717505995203837
C332T,-0.116332634329128,C,T,332,1,0,0.9317786604675,0.7726618705035971
C332N,-0.0371618137440269,C,N,332,1,0,0.952856436821585,0.9064748201438849
C332Q,-0.326137027742446,C,Q,332,1,0,0.875922095513536,0.49608313349320543
C332D,-0.0654542954381381,C,D,332,1,0,0.945324083395874,0.8550759392486011
C332E,-0.0732923098078311,C,E,332,1,0,0.943237356079881,0.8436450839328538
C332H,-0.136855856165561,C,H,332,1,0,0.926314729732203,0.7426858513189448
C332K,-0.060435216061054,C,K,332,1,0,0.946660321063133,0.8661870503597122
C332R,-0.140362336278318,C,R,332,1,0,0.92538119382768,0.7355715427657874
P333F,-0.473477946990271,P,F,333,1,0,0.836695282897988,0.3517186250999201
P333W,-0.392072604764688,P,W,333,1,0,0.858367959583386,0.43277378097521985
P333Y,-0.359070438997559,P,Y,333,1,0,0.867154179861251,0.4653876898481215
P333M,-0.299288390800646,P,M,333,1,0,0.88307005180209,0.5210231814548362
P333I,-0.414692839217574,P,I,333,1,0,0.852345737767934,0.4137490007993605
P333L,-0.245453607893018,P,L,333,1,0,0.897402573630356,0.5828936850519585
P333V,-0.265220530097288,P,V,333,1,0,0.892139993776427,0.5584332533972822
P333A,-0.124858193818969,P,A,333,1,0,0.929508886895719,0.7595523581135092
P333G,-0.152841280209014,P,G,333,1,0,0.922058904285113,0.7149480415667466
P333C,-0.0983877066932517,P,C,333,1,0,0.936556167743589,0.8027977617905675
P333S,-0.0354429509436556,P,S,333,1,0,0.953314052461057,0.9105515587529976
P333T,-0.0846711815462889,P,T,333,1,0,0.940207940546576,0.825259792166267
P333N,-0.0958437897487022,P,N,333,1,0,0.937233438890007,0.8079936051159072
P333Q,-0.0459280140259204,P,Q,333,1,0,0.950522597060277,0.8938449240607514
P333D,-0.195056550586132,P,D,333,1,0,0.910819864179678,0.650519584332534
P333E,-0.0879026436109869,P,E,333,1,0,0.939347623144368,0.8212629896083133
P333H,-0.171404998453023,P,H,333,1,0,0.917116655378814,0.6839328537170264
P333K,-0.0453779779298016,P,K,333,1,0,0.950669034064908,0.8946442845723421
P333R,-0.0960844305407542,P,R,333,1,0,0.937169372700481,0.807673860911271
V334F,-0.0989721200453779,V,F,334,1,0,0.936400578426168,0.8014388489208633
V334W,-0.159372958850424,V,W,334,1,0,0.920319964855119,0.7036770583533174
V334Y,-0.0454811096978239,V,Y,334,1,0,0.95064157712654,0.894484412470024
V334P,-0.148269105160026,V,P,334,1,0,0.923276161886109,0.7227817745803358
V334M,-0.154113238681288,V,M,334,1,0,0.921720268711904,0.7127098321342926
V334I,0.00574100175324,V,I,334,1,0,0.964278523182808,0.9569944044764188
V334L,-0.0979751796211626,V,L,334,1,0,0.936665995497062,0.8037569944044765
V334A,-0.0509814706590119,V,A,334,1,0,0.949177207080229,0.8837729816147082
V334G,-0.105538175942796,V,G,334,1,0,0.934652486683385,0.7902478017585931
V334C,0.0565505861322149,V,C,334,1,1,0.977805641485603,0.988009592326139
V334S,-0.071264051703393,V,S,334,1,0,0.943777342534458,0.8474820143884892
V334T,-0.0345491422874626,V,T,334,1,0,0.953552012593582,0.9127098321342926
V334N,-0.189521812368937,V,N,334,1,0,0.912293386538778,0.6567545963229416
V334Q,-0.150675513080546,V,Q,334,1,0,0.922635499990848,0.7199040767386091
V334D,-0.0155385197153563,V,D,334,1,0,0.958613241566144,0.9354916067146283
V334E,-0.0723641238956306,V,E,334,1,0,0.943484468525196,0.8455635491606714
V334H,-0.0640792051978411,V,H,334,1,0,0.945690175907452,0.8575539568345324
V334K,-0.169273608580563,V,K,334,1,0,0.91768409877176,0.6875299760191846
V334R,-0.325346350854275,V,R,334,1,0,0.876132598707693,0.49704236610711433
G335F,-0.132868094468699,G,F,335,1,0,0.927376398015779,0.747242206235012
G335W,-0.231152669393929,G,W,335,1,0,0.901209935750764,0.5993605115907275
G335Y,-0.137337137749665,G,Y,335,1,0,0.926186597353151,0.7419664268585132
G335P,-0.0236171748771013,G,P,335,1,0,0.956462448060625,0.9269384492406075
G335M,-0.107807074839286,G,M,335,1,0,0.934048434039282,0.7854516386890488
G335I,-0.1476846918079,G,I,335,1,0,0.923431751203529,0.7245403677058353
G335L,-0.109869710199732,G,L,335,1,0,0.933499295271915,0.7825739408473221
G335V,-0.0884183024510983,G,V,335,1,0,0.939210338452527,0.81982414068745
G335A,-0.0522534291312867,G,A,335,1,0,0.94883857150702,0.8812150279776179
G335C,0.139915431950222,G,C,335,1,1,1.0,1.0
G335S,-0.0423871566571556,G,S,335,1,0,0.951465285277589,0.8997601918465228
G335T,-0.0883839251950909,G,T,335,1,0,0.939219490765316,0.8199840127897682
G335N,-0.0378493588641754,G,N,335,1,0,0.952673390565796,0.9059952038369304
G335Q,-0.0380212451442125,G,Q,335,1,0,0.952627629001849,0.9056754596322941
G335D,0.0344803877754477,G,D,335,1,1,0.971929856674782,0.9790567545963229
G335E,0.0484375537144625,G,E,335,1,1,0.975645695667295,0.9844924060751399
G335H,-0.123826876138747,G,H,335,1,0,0.929783456279401,0.7609912070343725
G335K,-0.0392932036164873,G,K,335,1,0,0.952288993428639,0.9037569944044764
G335R,-0.0993502698614596,G,R,335,1,0,0.936299902985484,0.8003996802557953
R336F,-0.0382275086802571,R,F,336,1,0,0.952572715125112,0.9050359712230216
R336W,-0.129739764172024,R,W,336,1,0,0.928209258479617,0.75171862509992
R336Y,-0.0594038983808312,R,Y,336,1,0,0.946934890446816,0.8684252597921662
R336P,0.0867681941627419,R,P,336,1,1,0.985850524427523,0.9953637090327738
R336M,-0.0338959744233215,R,M,336,1,0,0.953725906536582,0.9135091926458833
R336I,0.0036783663927945,R,I,336,1,0,0.963729384415442,0.9547561950439648
R336L,0.028361236206126,R,L,336,1,1,0.970300744998261,0.9756994404476419
R336V,-0.0156416514833785,R,V,336,1,0,0.958585784627775,0.935251798561151
R336A,0.0210045034205369,R,A,336,1,1,0.96834215006132,0.970343725019984
R336G,0.0831585822819622,R,G,336,1,1,0.984889531584631,0.994564348521183
R336C,0.0060160198012994,R,C,336,1,0,0.964351741685124,0.9576338928856915
R336S,0.0661418405582866,R,S,336,1,1,0.980359136753857,0.9908872901678657
R336T,0.0528378424834129,R,T,336,1,1,0.976817191704344,0.9865707434052757
R336N,0.0954312626766131,R,N,336,1,1,0.988156907250462,0.996802557953637
R336Q,0.0825397916738285,R,Q,336,1,1,0.984724789954421,0.9944044764188649
R336D,0.108838392519509,R,D,336,1,1,0.991726309238344,0.9985611510791367
R336E,0.105985080270893,R,E,336,1,1,0.990966667276821,0.9980815347721822
R336H,0.0228952525009453,R,H,336,1,1,0.96884552726474,0.971462829736211
R336K,0.071264051703393,R,K,336,1,1,0.981722831359484,0.9921662669864109
L337F,-0.0879026436109869,L,F,337,1,0,0.939347623144368,0.8212629896083133
L337W,-0.0744611365120836,L,W,337,1,0,0.94292617744504,0.841726618705036
L337Y,-0.152291244112895,L,Y,337,1,0,0.922205341289744,0.7158273381294964
L337P,0.0082849186977895,L,P,337,1,0,0.964955794329227,0.9600319744204636
L337M,-0.0441403967135343,L,M,337,1,0,0.950998517325328,0.8966426858513189
L337I,-0.0359929870397744,L,I,337,1,0,0.953167615456426,0.9094324540367705
L337V,-0.058819485028705,L,V,337,1,0,0.947090479764236,0.8701039168665068
L337A,-0.0348929148475368,L,A,337,1,0,0.953460489465688,0.9116706634692247
L337G,-0.0004812815841039,L,G,337,1,0,0.962621954567919,0.9510791366906475
L337C,0.0110007219223761,L,C,337,1,1,0.965678827039593,0.9627498001598721
L337S,-0.018907490804084,L,S,337,1,0,0.957716314912778,0.9322142286171063
L337T,-0.0508783388909897,L,T,337,1,0,0.949204664018597,0.8840127897681854
L337N,-0.0155385197153563,L,N,337,1,0,0.958613241566144,0.9354916067146283
L337Q,-0.0352023101516037,L,Q,337,1,0,0.953378118650583,0.9109512390087929
L337D,0.0582006944205713,L,D,337,1,1,0.978244952499496,0.9888089528377298
L337E,0.0930592320121008,L,E,337,1,1,0.987525397667991,0.9963229416466827
L337H,-0.0192512633641582,L,H,337,1,0,0.957624791784884,0.9314148681055155
L337K,-0.0614321564852693,L,K,337,1,0,0.946394903992239,0.8636290967226219
L337R,-0.0810615696655093,L,R,337,1,0,0.941168933389467,0.8314948041566746
P338F,-0.200625666059335,P,F,338,1,0,0.909337189507789,0.642845723421263
P338W,-0.159372958850424,P,W,338,1,0,0.920319964855119,0.7036770583533174
P338Y,-0.229296297569528,P,Y,338,1,0,0.901704160641394,0.6033573141486811
P338M,-0.169136099556533,P,M,338,1,0,0.917720708022917,0.68792965627498
P338I,-0.196053491010347,P,I,338,1,0,0.910554447108784,0.6494804156674661
P338L,-0.0602633297810168,P,L,338,1,0,0.94670608262708,0.8666666666666667
P338V,-0.250988346110213,P,V,338,1,0,0.895929051271256,0.5748201438848921
P338A,-0.13967479115817,P,A,338,1,0,0.925564240083469,0.7371702637889688
P338G,-0.0624290969094846,P,G,338,1,0,0.946129486921345,0.8616306954436451
P338C,-0.306163842002131,P,C,338,1,0,0.881239589244202,0.5144684252597922
P338S,0.0007219223761559,P,S,338,1,0,0.96294228551555,0.951558752997602
P338T,-0.0767644126645811,P,T,338,1,0,0.942312972488148,0.8382893685051959
P338N,-0.0673450445185465,P,N,338,1,0,0.944820706192455,0.8521982414068745
P338Q,-0.0997284196775413,P,Q,338,1,0,0.936199227544801,0.7995203836930456
P338D,-0.036439891367871,P,D,338,1,0,0.953048635390163,0.9081534772182254
P338E,-0.206538554092612,P,E,338,1,0,0.907762991708005,0.6347721822541966
P338H,-0.0843617862422221,P,H,338,1,0,0.940290311361681,0.8254196642685852
P338K,-0.129155350819898,P,K,338,1,0,0.928364847797038,0.752837729816147
P338R,-0.156141496785726,P,R,338,1,0,0.921180282257326,0.7095123900879297
Y339F,0.0081474096737598,Y,F,339,1,0,0.964919185078069,0.9597122302158273
Y339W,-0.0519784110832273,Y,W,339,1,0,0.948911790009335,0.8821742605915268
Y339P,0.0787239162570043,Y,P,339,1,1,0.983708883234793,0.9939248601119105
Y339M,0.0380212451442125,Y,M,339,1,1,0.972872544892094,0.9803357314148681
Y339I,0.0418027433050293,Y,I,339,1,1,0.973879299298933,0.9820943245403677
Y339L,0.0269517687098215,Y,L,339,1,1,0.969925500173894,0.974740207833733
Y339V,0.0345147650314551,Y,V,339,1,1,0.971939008987571,0.9792166266986411
Y339A,0.0654542954381381,Y,A,339,1,1,0.980176090498069,0.9905675459632294
Y339G,0.0478875176183437,Y,G,339,1,1,0.975499258662664,0.9843325339728217
Y339C,0.0355804599676853,Y,C,339,1,1,0.972222730684044,0.9798561151079137
Y339S,0.0602289525250094,Y,S,339,1,1,0.978784938954074,0.9896083133493205
Y339T,0.077967616624841,Y,T,339,1,1,0.983507532353426,0.9936850519584333
Y339N,0.107428925023205,Y,N,339,1,1,0.991351064413978,0.9984012789768185
Y339Q,0.034824160335522,Y,Q,339,1,1,0.972021379802676,0.9793764988009592
Y339D,0.123826876138747,Y,D,339,1,1,0.995716717614541,0.9996802557953637
Y339E,0.0692357935989549,Y,E,339,1,1,0.981182844904907,0.9916866506794564
Y339H,0.0624978514214995,Y,H,339,1,1,0.979388991598177,0.9902478017585932
Y339K,0.00921310460999,Y,K,339,1,0,0.965202906774542,0.9608313349320543
Y339R,-0.0137509024029701,Y,R,339,1,0,0.959089161831195,0.937330135891287
E340F,-0.0822303963697617,E,F,340,1,0,0.940857754754626,0.8291766586730616
E340Y,-0.0969438619409398,E,Y,340,1,0,0.936940564880745,0.8051159072741807
E340P,-0.0063941696173811,E,P,340,1,0,0.961047756768135,0.9458832933653077
E340M,-0.0309051531506755,E,M,340,1,0,0.954522157749263,0.9160671462829736
E340I,-0.037333700024064,E,I,340,1,0,0.952810675257637,0.9063149480415668
E340L,-0.0050534566330915,E,L,340,1,0,0.961404696966923,0.9474020783373301
E340V,-0.0590945030767644,E,V,340,1,0,0.947017261261921,0.8693844924060752
E340A,-0.0432465880573412,E,A,340,1,0,0.951236477457853,0.8982414068745004
E340G,0.0044002887689504,E,G,340,1,0,0.96392158298402,0.9554756195043965
E340C,-0.0674825535425762,E,C,340,1,0,0.944784096941297,0.8517985611510791
E340S,-0.0595070301488535,E,S,340,1,0,0.946907433508447,0.8679456434852119
E340T,-0.0628760012375812,E,T,340,1,0,0.946010506855082,0.860431654676259
E340N,-0.0499157757227818,E,N,340,1,0,0.949460928776702,0.8857713828936851
E340Q,-0.0623259651414624,E,Q,340,1,0,0.946156943859713,0.8618705035971223
E340D,0.0663137268383237,E,D,340,1,1,0.980404898317805,0.9910471622701839
E340H,-0.0822303963697617,E,H,340,1,0,0.940857754754626,0.8291766586730616
E340K,-0.0446216782976382,E,K,340,1,0,0.950870384946276,0.8959232613908873
E340R,-0.0495032486506926,E,R,340,1,0,0.949570756530175,0.8872901678657075
G341F,-0.137199628725635,G,F,341,1,0,0.926223206604309,0.7422861710631495
G341W,-0.0503970573068857,G,W,341,1,0,0.94933279639765,0.8847322142286171
G341Y,0.057203753996356,G,Y,341,1,1,0.977979535428603,0.9884892086330935
G341P,-0.0194919041562102,G,P,341,1,0,0.957560725595358,0.9311750599520384
G341M,-0.159372958850424,G,M,341,1,0,0.920319964855119,0.7036770583533174
G341I,-0.0476124995702843,G,I,341,1,0,0.950074133733594,0.8906474820143885
G341L,-0.0473374815222248,G,L,341,1,0,0.95014735223591,0.8914468425259792
G341V,-0.0685826257348138,G,V,341,1,0,0.944491222932035,0.8506794564348521
G341A,-0.0624290969094846,G,A,341,1,0,0.946129486921345,0.8616306954436451
G341C,-0.0651792773900787,G,C,341,1,0,0.94539730189819,0.8557953637090328
G341S,-0.0475781223142768,G,S,341,1,0,0.950083286046384,0.8908073541167066
G341T,-0.08532434941043,G,T,341,1,0,0.940034046603577,0.82414068745004
G341N,-0.0215889167726632,G,N,341,1,0,0.957002434515202,0.9293365307753797
G341Q,-0.0457561277458833,G,Q,341,1,0,0.950568358624224,0.8941646682653877
G341D,0.0446904328096531,G,D,341,1,1,0.974648093573246,0.9828936850519584
G341E,0.0093506136340197,G,E,341,1,0,0.9652395160257,0.9610711430855315
G341H,-0.0641135824538485,G,H,341,1,0,0.945681023594662,0.8573940847322142
G341K,0.0129946027708068,G,K,341,1,1,0.966209661181381,0.9646682653876898
