Unnamed: 0,rep1,rep2,activity,substitution,position,variant,activity_scaled,activity_binary
K2,0.67007250230042,0.539598994410727,0.604835748355574,K,2,I2K,0.397786222542451,0
N2,0.194021141657161,0.566712417744435,0.380366779700798,N,2,I2N,0.250158270057919,0
M2,0.523005488117015,0.607767577078997,0.565386532598006,M,2,I2M,0.371841402711399,0
R2,0.217078070437084,0.285858014781994,0.251468042609539,R,2,I2R,0.165384607361181,0
S2,0.347198052848177,0.325971379572151,0.336584716210164,S,2,I2S,0.221363838349139,0
T2,0.432950765646123,0.27740368374887,0.355177224697496,T,2,I2T,0.233591693165711,0
Y2,1.38836954437778,1.4117380264281,1.40005378540294,Y,2,I2Y,0.920782391196046,1
L2,0.775149393616292,0.900363498929705,0.837756446272998,L,2,I2L,0.550972678251174,0
F2,1.26334692764072,1.30125417656144,1.28230055210108,F,2,I2F,0.843338863767885,1
W2,1.33256742145297,1.34562242654339,1.33909492399818,W,2,I2W,0.880691184162375,1
C2,0.953570425598921,0.502946539979971,0.728258482789446,C,2,I2C,0.478958447298994,0
E2,0.303009338989736,0.0795035767665933,0.191256457878165,E,2,I2E,0.125784866590721,0
D2,0.790360099341192,0.497148948388571,0.643754523864881,D,2,I2D,0.423382184318711,0
V2,0.90792545223232,0.981090529789817,0.944507991011068,V,2,I2V,0.621180654296539,0
G2,0.213781791067656,0.167472408139509,0.190627099603582,G,2,I2G,0.125370952480398,0
A2,0.353583542647562,0.394661177968637,0.374122360308099,A,2,I2A,0.246051462533817,0
Q2,0.509913450889136,0.266230368176255,0.388071909532695,Q,2,I2Q,0.255225752425425,0
H2,1.13901589347856,1.02002269367037,1.07951929357446,H,2,I2H,0.709974407300131,1
P2,0.582873021371104,0.488199382835155,0.535536202103129,P,2,I2P,0.352209543580248,0
N3,0.613926134451839,0.581426157636445,0.597676146044142,N,3,K3N,0.393077520773229,0
M3,0.631519794413506,0.872772598282158,0.752146196347832,M,3,K3M,0.494668833742588,0
I3,0.746640350866568,0.556566295060376,0.651603322963472,I,3,K3I,0.42854415457826,0
R3,0.989723768122666,0.837430845070593,0.91357730659663,R,3,K3R,0.600838271844239,0
S3,0.477288215296917,0.492142620714764,0.48471541800584,S,3,K3S,0.318785911151661,0
T3,0.460184168372341,0.625772777801031,0.542978473086686,T,3,K3T,0.357104149875817,0
Y3,0.489369134188745,0.313612724961648,0.401490929575197,Y,3,K3Y,0.264051125772555,0
L3,0.438207991824462,0.513694827660244,0.475951409742353,L,3,K3L,0.313022029385509,0
F3,0.747217469521666,0.303291422479967,0.525254446000817,F,3,K3F,0.345447474816685,0
W3,0.472622723736092,0.179754433482715,0.326188578609403,W,3,K3W,0.214526543568727,0
C3,0.288132130836196,0.472052487051648,0.380092308943922,C,3,K3C,0.249977757107299,0
E3,0.70811475465342,0.539130884659208,0.623622819656314,E,3,K3E,0.410142036737752,0
D3,0.137247909865435,0.0849935935765627,0.111120751720999,D,3,K3D,0.0730815005451495,0
V3,0.485743754731125,0.621155962272099,0.553449858501612,V,3,K3V,0.363990933370864,0
G3,0.419161790225962,0.364209825578274,0.391685807902118,G,3,K3G,0.257602528244205,0
A3,0.18658539380399,0.31966375886651,0.25312457633525,A,3,K3A,0.166474070566781,0
Q3,0.407367709281755,0.261370537359895,0.334369123320825,Q,3,K3Q,0.219906695102335,0
H3,0.951664813801501,0.44933187407248,0.700498343936991,H,3,K3H,0.460701257968841,0
P3,0.380672081179163,0.131968495600086,0.256320288389625,P,3,K3P,0.168575815098084,0
K4,0.238965432984492,0.0646113138619365,0.151788373423214,K,4,V4K,0.0998276372619219,0
N4,0.330637262408637,0.162540645833924,0.246588954121281,N,4,V4N,0.162175745807493,0
M4,0.639698539924929,0.669558796448885,0.654628668186907,M,4,V4M,0.430533852858477,0
I4,0.391728409407596,0.114274644619595,0.253001527013596,I,4,V4I,0.166393143926812,0
R4,0.174652695480935,0.234357245286644,0.20450497038379,R,4,V4R,0.134498101147784,0
S4,0.398340905883314,0.339803010085178,0.369071957984246,S,4,V4S,0.242729931906391,0
T4,0.773715128350263,0.923823142587007,0.848769135468635,T,4,V4T,0.558215464490375,0
Y4,0.588302151917026,0.0822372241052728,0.335269688011149,Y,4,V4Y,0.220498975283018,0
L4,0.489255570852132,0.446198535453127,0.46772705315263,L,4,V4L,0.307613063811694,0
F4,0.197940760680538,0.312714068615267,0.255327414647903,F,4,V4F,0.16792282542898,0
W4,0.486541289396576,0.0859976808094091,0.286269485102992,W,4,V4W,0.188272696211975,0
C4,0.699427070915669,0.0202082670042177,0.359817668959944,C,4,V4C,0.236643604034234,0
E4,0.809426426110628,0.614819580696536,0.712123003403582,E,4,V4E,0.468346522638017,0
G4,0.423765290653701,0.336945511698795,0.380355401176248,G,4,V4G,0.250150786670386,0
A4,0.827259286883833,0.864314474979605,0.845786880931719,A,4,V4A,0.55625410593952,0
Q4,0.0819290275404677,0.158857851041606,0.120393439291037,Q,4,V4Q,0.0791799287073905,0
H4,0.204422235961407,0.0809823085007641,0.142702272231086,H,4,V4H,0.0938519225646976,0
P4,0.360184990969607,0.170949048808827,0.265567019889217,P,4,V4P,0.174657172564285,0
K5,0.688599831714177,0.795590904860314,0.742095368287245,K,5,Y5K,0.4880586409117,0
N5,0.810331443328032,1.07403942138666,0.942185432357348,N,5,Y5N,0.619653162186477,0
M5,0.963019150703687,0.977501342541395,0.970260246622541,M,5,Y5M,0.63811730612224,0
I5,0.769811984817679,1.04732711793859,0.908569551378134,I,5,Y5I,0.597544789213296,0
R5,0.903356476577745,0.773714621123647,0.838535548850696,R,5,Y5R,0.551485075661873,0
S5,0.97219490327982,0.902413578960907,0.937304241120363,S,5,Y5S,0.616442917704489,0
T5,0.876355964856713,1.01761543773577,0.94698570129624,T,5,Y5T,0.622810185979434,0
L5,0.857161062458091,0.418478153826642,0.637819608142366,L,5,Y5L,0.419478930066982,0
F5,0.814674870449765,0.974895038091733,0.894784954270749,F,5,Y5F,0.588478984443118,0
W5,0.631548131476882,0.373808060812472,0.502678096144677,W,5,Y5W,0.330599541386019,0
C5,1.29782570689267,1.20816289208935,1.25299429949101,C,5,Y5C,0.824064831843798,1
E5,0.510505115664106,0.658452699887427,0.584478907775766,E,5,Y5E,0.38439800807405,0
D5,0.502096399867385,0.556242859631401,0.529169629749393,D,5,Y5D,0.348022398931438,0
V5,0.826235259942419,0.660428340221422,0.743331800081921,V,5,Y5V,0.488871812974318,0
G5,0.996013245390203,0.893457303779208,0.944735274584705,G,5,Y5G,0.621330133348412,0
A5,0.970034007937818,1.03732040192615,1.00367720493199,A,5,Y5A,0.660094852341878,1
Q5,0.736129581511657,0.932499556296912,0.834314568904284,Q,5,Y5Q,0.548709036591968,0
H5,0.790620494815256,0.629623772571865,0.710122133693561,H,5,Y5H,0.467030597767649,0
P5,0.292041884569952,0.140544522619916,0.216293203594934,P,5,Y5P,0.142250944415166,0
K6,0.591704635522274,0.403903087843604,0.497803861682939,K,6,R6K,0.327393872211218,0
N6,0.129575666456808,0.0524907784829632,0.0910332224698857,N,6,R6N,0.0598704057930023,0
M6,0.100812835988982,0.165975985570752,0.133394410779867,M,6,R6M,0.0877303613694551,0
I6,0.325963785930408,0.0955430115559279,0.210753398743168,I,6,R6I,0.138607545274825,0
S6,0.337341982298499,0.345122004497652,0.341231993398075,S,6,R6S,0.224420243071765,0
T6,0.385724584060271,0.0773887032959549,0.231556643678113,T,6,R6T,0.152289349370889,0
Y6,0.127685273538971,0.182448705475024,0.155066989506998,Y,6,R6Y,0.101983905820256,0
L6,0.32222068832754,0.119626429720767,0.220923559024153,L,6,R6L,0.145296220095755,0
F6,0.266810516801268,0.220657945773327,0.243734231287298,F,6,R6F,0.160298261853174,0
W6,0.060215021294861,0.0335004990810847,0.0468577601879728,W,6,R6W,0.0308172449671674,0
C6,0.0933957068728107,0.331540240256534,0.212467973564672,C,6,R6C,0.139735180741754,0
E6,0.289838010328623,0.133202052631459,0.211520031480041,E,6,R6E,0.139111741564987,0
D6,0.140381423789303,0.032602186156085,0.0864918049726943,D,6,R6D,0.0568836224950449,0
V6,0.485542806520825,0.501578549948315,0.49356067823457,V,6,R6V,0.324603230421161,0
G6,0.512594005494538,0.254388816551552,0.383491411023045,G,6,R6G,0.252213266466272,0
A6,0.351323350961442,0.243193532596242,0.297258441778842,A,6,R6A,0.19549987413202,0
Q6,0.128231623815881,0.478692513951162,0.303462068883521,Q,6,R6Q,0.199579853529305,0
H6,0.271396936442168,0.125371024901166,0.198383980671667,H,6,R6H,0.130472470416753,0
P6,0.497473172883263,0.473836510056378,0.485654841469821,P,6,R6P,0.319403747832315,0
K7,0.279865581069785,0.0794446852282477,0.179655133149016,K,7,Y7K,0.118154948628624,0
N7,0.0839222888349157,0.0525963773873702,0.068259333111143,N,7,Y7N,0.0448925552852505,0
M7,1.00674988569892,0.854167312280924,0.930458598989922,M,7,Y7M,0.611940700149807,0
I7,0.812680537155962,0.724096310479224,0.768388423817593,I,7,Y7I,0.505350964103495,0
R7,0.241945895262317,0.120165964217396,0.181055929739856,R,7,Y7R,0.119076219545456,0
S7,0.987305760576722,0.944617378431167,0.965961569503945,S,7,Y7S,0.635290167452634,0
T7,1.14793499575657,0.93027902931098,1.03910701253378,T,7,Y7T,0.683396202120953,1
L7,0.872714565229405,0.816365395884588,0.844539980556996,L,7,Y7L,0.555434048938431,0
F7,0.868651733027272,0.724680900705544,0.796666316866408,F,7,Y7F,0.523948668170972,0
W7,0.16506253398098,0.226807554131979,0.19593504405648,W,7,Y7W,0.128861862498736,0
C7,1.1379276573049,0.861066049210177,0.99949685325754,C,7,Y7C,0.657345533529292,0
E7,0.349439354832525,0.394968847098604,0.372204100965564,E,7,Y7E,0.24478986855595,0
D7,0.175636714982674,0.0343936238288997,0.105015169405787,D,7,Y7D,0.069066002896088,0
V7,1.02004214613191,1.04766884383873,1.03385549498532,V,7,Y7V,0.679942402748319,1
G7,0.731621756902206,0.932952351329662,0.832287054115934,G,7,Y7G,0.547375587881306,0
A7,1.18037992987236,1.05959642026249,1.11998817506742,A,7,Y7A,0.73658983726334,1
Q7,0.317315364680678,0.163147964823113,0.240231664751895,Q,7,Y7Q,0.157994706358795,0
H7,0.557750885110764,0.11077498362812,0.334262934369442,H,7,Y7H,0.219836857130686,0
P7,0.137003261184748,0.115645855581555,0.126324558383152,P,7,Y7P,0.0830806860047499,0
K8,0.98519724142862,1.0349621828616,1.01007971214511,K,8,E8K,0.664305630501126,1
N8,0.935135791107185,1.01151857747347,0.973327184290327,N,8,E8N,0.640134358773242,0
M8,1.05601466757877,0.69774546977123,0.876880068674998,M,8,E8M,0.57670336300283,0
I8,1.0367334776917,0.827738547062657,0.932236012377176,I,8,E8I,0.613109663061035,0
R8,0.863513763965093,0.894332075886971,0.878922919926032,R,8,E8R,0.578046898143691,0
S8,1.02613603041111,1.05052334107923,1.03832968574517,S,8,E8S,0.682884972604902,1
T8,1.01621856666322,1.1111930175905,1.06370579212686,T,8,E8T,0.699574239943766,1
Y8,0.675858252023843,0.694331237094915,0.685094744559379,Y,8,E8Y,0.450570673547142,0
L8,1.12440533643768,1.01339489780167,1.06890011711968,L,8,E8L,0.702990425119939,1
F8,0.996300885208392,1.0026061891233,0.999453537165845,F,8,E8F,0.657317045556256,0
W8,1.16183762564102,1.18682154176659,1.17432958370381,W,8,E8W,0.772328901509915,1
C8,0.941985654595555,0.956381261692255,0.949183458143905,C,8,E8C,0.624255598881824,0
D8,0.906551324481912,0.914380785022371,0.910466054752141,D,8,E8D,0.598792074803204,0
V8,1.0549427338379,1.07783332126805,1.06638802755297,V,8,E8V,0.701338282993507,1
G8,0.892252712591216,0.841991670767069,0.867122191679143,G,8,E8G,0.570285837185667,0
A8,0.930598790289839,1.07359170904006,1.00209524966495,A,8,E8A,0.659054437631574,1
Q8,1.13626721472974,1.15508096564958,1.14567409018966,Q,8,E8Q,0.753482858512169,1
H8,1.14445579914309,1.15295400227289,1.14870490070799,H,8,E8H,0.755476151188083,1
P8,0.90842826295945,1.01157135202798,0.959999807493715,P,8,E8P,0.631369257029938,0
K9,0.383874512937023,0.0402562527028816,0.212065382819952,K,9,I9K,0.139470406293471,0
N9,0.409312607199333,0.263310011126057,0.336311309162695,N,9,I9N,0.221184024975137,0
M9,1.02252727493388,0.994627110921294,1.00857719292759,M,9,I9M,0.66331745900918,1
R9,0.178329101527088,0.0842359325265096,0.131282517026799,R,9,I9R,0.0863414186015583,0
S9,0.299724484592515,0.202024363772817,0.250874424182666,S,9,I9S,0.164994198506712,0
T9,0.503486984853949,0.342575233460339,0.423031109157144,T,9,I9T,0.278217594424721,0
Y9,0.21578576047358,0.111937563232216,0.163861661852898,Y,9,I9Y,0.107767954631004,0
L9,1.08066066863416,0.960297472205649,1.0204790704199,L,9,I9L,0.671145043442972,1
F9,0.979436286526745,0.796018396142824,0.887727341334784,F,9,I9F,0.583837358683402,0
W9,0.441118496659176,0.474901898442302,0.458010197550739,W,9,I9W,0.30122251679893,0
C9,0.924497355434532,1.00629039918416,0.965393877309347,C,9,I9C,0.634916809670344,0
E9,0.463642633734152,0.323599554003142,0.393621093868647,E,9,I9E,0.258875320231547,0
D9,0.339458578709585,0.190919005874222,0.265188792291904,D,9,I9D,0.174408421184087,0
V9,0.871265701539663,0.913805791213469,0.892535746376566,V,9,I9V,0.586999733399554,0
G9,0.226151033070592,0.165333637521795,0.195742335296193,G,9,I9G,0.128735122487065,0
A9,0.526779624362618,0.452217948755859,0.489498786559238,A,9,I9A,0.32193181995923,0
Q9,0.263668286312791,0.134839600643945,0.199253943478368,Q,9,I9Q,0.131044624459517,0
H9,0.0918574246419644,0.0670122569418975,0.079434840791931,H,9,I9H,0.0522424234063414,0
P9,0.237693797159327,0.200513113361155,0.219103455260241,P,9,I9P,0.14409918072953,0
K10,1.00669405130894,1.24955621597306,1.128125133641,K,10,V10K,0.741941323220922,1
N10,0.958885666768754,0.898888846874916,0.928887256821835,N,10,V10N,0.610907265424653,0
M10,1.07851153208162,1.03386874755307,1.05619013981735,M,10,V10M,0.694631372478887,1
I10,0.800653293657476,1.05269620928432,0.9266747514709,I,10,V10I,0.609452152779119,0
R10,1.012335717782,1.03281035373639,1.02257303575919,R,10,V10R,0.672522195115497,1
S10,0.927173887043765,0.922197565864435,0.9246857264541,S,10,V10S,0.608144017884437,0
T10,1.02730668116555,0.894439330617134,0.96087300589134,T,10,V10T,0.631943539044627,0
Y10,0.47101891385703,0.577570101804369,0.524294507830699,Y,10,V10Y,0.344816146097105,0
L10,1.03725085882099,1.00512500655236,1.02118793268668,L,10,V10L,0.671611245455951,1
F10,0.517859333489498,0.476087123693115,0.496973228591306,F,10,V10F,0.326847584395496,0
W10,0.413785434040585,0.0531188732682294,0.233452153654407,W,10,V10W,0.153535981626524,0
C10,1.09593352793607,1.06518013713852,1.08055683253729,C,10,V10C,0.710656772232903,1
E10,0.797215582056653,0.74263689322633,0.769926237641491,E,10,V10E,0.506362348026561,0
D10,0.432678549321092,0.745506840392246,0.589092694856669,D,10,V10D,0.38743238714228,0
G10,0.975255918995991,0.838422086718911,0.906839002857451,G,10,V10G,0.596406648220736,0
A10,1.12358647645892,1.0958529616214,1.10971971904016,A,10,V10A,0.729836515645806,1
Q10,1.07810808491206,0.884916481379451,0.981512283145757,Q,10,V10Q,0.645517505460075,0
H10,1.14381177892856,1.1734085643956,1.15861017166208,H,10,V10H,0.761990614539165,1
P10,0.927719051848707,0.865021509487467,0.896370280668087,P,10,V10P,0.589521616266399,0
N11,0.734229308220512,0.856007319067433,0.795118313643973,N,11,K11N,0.522930582920538,0
M11,0.764540238307798,0.733912935010319,0.749226586659059,M,11,K11M,0.492748675232524,0
I11,0.407258503783709,0.463009335958704,0.435133919871207,I,11,K11I,0.286177327904732,0
R11,0.8548077182702,0.843220268261281,0.849013993265741,R,11,K11R,0.558376501694998,0
S11,0.958439175673153,0.946461701447538,0.952450438560345,S,11,K11S,0.626404214935867,0
T11,0.846114569516451,0.766914257949126,0.806514413732789,T,11,K11T,0.530425529471516,0
Y11,0.95470425789771,0.600810253076857,0.777757255487284,Y,11,K11Y,0.511512623975047,0
L11,0.526985026442163,0.534133281090334,0.530559153766248,L,11,K11L,0.348936256141928,0
F11,0.758488851302464,0.735983707239639,0.747236279271051,F,11,K11F,0.491439696952509,0
W11,0.110328754597142,0.358275733762276,0.234302244179709,W,11,K11W,0.154095066137978,0
C11,0.924902170915839,0.722894548225768,0.823898359570803,C,11,K11C,0.54185854110581,0
E11,0.827784513352455,0.807606015337261,0.817695264344858,E,11,K11E,0.537778911512638,0
D11,0.515867514825572,0.412669652448629,0.464268583637101,D,11,K11D,0.305338509888417,0
V11,0.570527089146914,0.429713107356252,0.500120098251583,V,11,K11V,0.328917206434866,0
G11,0.634597869187447,0.730808186435221,0.682703027811334,G,11,K11G,0.448997697787719,0
A11,0.813865234791592,0.6400016337213,0.726933434256446,A,11,K11A,0.478086994095276,0
Q11,0.62691016087764,0.467592895716688,0.547251528297164,Q,11,K11Q,0.359914437620073,0
H11,0.87173577796629,0.533723030071045,0.702729404018668,H,11,K11H,0.462168573623659,0
P11,0.346545447132049,0.314785735421029,0.330665591276539,P,11,K11P,0.217470969327252,0
K12,0.364603773910803,0.435049105282764,0.399826439596783,K,12,P12K,0.262956429926991,0
N12,0.950698434571439,0.985636329464504,0.968167382017971,N,12,P12N,0.636740878377008,0
M12,0.699898893686957,0.889777529979457,0.794838211833207,M,12,P12M,0.522746366558435,0
I12,0.681616402125674,0.559496773002574,0.620556587564124,I,12,P12I,0.408125448127196,0
R12,0.243996284205218,0.334295141471907,0.289145712838562,R,12,P12R,0.19016432343344,0
S12,0.909936544344783,1.08183617229796,0.995886358321372,S,12,P12S,0.654970996068384,0
T12,0.849852998807292,0.854358002909722,0.852105500858507,T,12,P12T,0.560409713406824,0
Y12,0.334138044907726,0.187191950943775,0.26066499792575,Y,12,P12Y,0.171433228204234,0
L12,0.644034460838912,0.74597061279188,0.695002536815396,L,12,P12L,0.457086795099104,0
F12,0.675064495183928,0.847021668090482,0.761043081637205,F,12,P12F,0.500520105598253,0
W12,0.457337687202989,0.407391358612136,0.432364522907563,W,12,P12W,0.284355960765168,0
C12,0.871511589716428,0.970943681543213,0.92122763562982,C,12,P12C,0.605869713017473,0
E12,1.12087365197779,1.16670432220135,1.14378898708957,E,12,P12E,0.75224307061384,1
D12,0.759722785303093,0.770970043234509,0.765346414268801,D,12,P12D,0.503350306089081,0
V12,0.767105225144491,0.879907136732303,0.823506180938397,V,12,P12V,0.5416006144585,0
G12,0.922978105313804,0.985227578651749,0.954102841982776,G,12,P12G,0.627490961738304,0
A12,1.03342442034297,0.821343802543509,0.92738411144324,A,12,P12A,0.60991868212132,0
Q12,0.754087658825817,0.608574141580254,0.681330900203036,Q,12,P12Q,0.4480952817853,0
H12,0.751896499234908,0.672574613130294,0.712235556182601,H,12,P12H,0.46842054594918,0
K13,0.893906876079056,0.658706683571086,0.776306779825071,K,13,L13K,0.510558680303348,0
N13,0.861622031574219,0.804286889080946,0.832954460327582,N,13,L13N,0.547814525223477,0
M13,1.02199827692186,1.04251994264749,1.03225910978468,M,13,L13M,0.678892497810637,1
I13,1.09750107282821,0.917376888078454,1.00743898045333,I,13,L13I,0.662568883479679,1
R13,0.903389642679443,0.642235506998164,0.772812574838804,R,13,L13R,0.508260624002847,0
S13,0.881658575726738,1.04168445132035,0.961671513523545,S,13,L13S,0.632468698702517,0
T13,0.937386854573719,0.991073802531139,0.964230328552429,T,13,L13T,0.634151571064628,0
Y13,1.13150209086168,1.19017187867785,1.16083698476977,Y,13,L13Y,0.763455137059245,1
F13,0.96866753504527,0.996461967816704,0.982564751430987,F,13,L13F,0.646209689056474,0
W13,1.18276164885919,1.034108758056,1.1084352034576,W,13,L13W,0.728991720008688,1
C13,1.20831811872183,1.06514407334731,1.13673109603457,C,13,L13C,0.747601261941787,1
E13,0.972809480193472,0.901341998027056,0.937075739110264,E,13,L13E,0.61629263731566,0
D13,0.78568687655271,0.769579575105021,0.777633225828865,D,13,L13D,0.511431052590684,0
V13,1.07631412290916,1.17700211818262,1.12665812054589,V,13,L13V,0.740976503269207,1
G13,0.794579629655853,0.522999890143182,0.658789759899517,G,13,L13G,0.433270504847901,0
A13,1.06901606693078,1.01684483072282,1.0429304488268,A,13,L13A,0.685910786095639,1
Q13,1.01933703475873,1.19285332574227,1.1060951802505,Q,13,L13Q,0.727452741873311,1
H13,1.07158069593113,1.05466213606066,1.0631214159959,H,13,L13H,0.699189909529582,1
P13,0.699077111138352,0.567369495874559,0.633223303506456,P,13,L13P,0.416456048790959,0
K14,0.495500146385981,0.669941156764825,0.582720651575403,K,14,D14K,0.383241644393322,0
N14,0.634957772152649,0.817427597831208,0.726192684991928,N,14,D14N,0.477599820755101,0
M14,0.967270983813543,0.956651734218532,0.961961359016038,M,14,D14M,0.632659323254543,0
I14,0.496058561276724,0.263871364913934,0.379964963095329,I,14,D14I,0.249894004742784,0
R14,0.665972018534361,0.592023196481104,0.628997607507733,R,14,D14R,0.413676908084553,0
S14,0.699551546279776,0.818833018158448,0.759192282219112,S,14,D14S,0.499302878423423,0
T14,0.710459768715194,0.67957445809795,0.695017113406572,T,14,D14T,0.457096381779714,0
Y14,0.368725727996691,0.428452002793059,0.398588865394875,Y,14,D14Y,0.26214250653005,0
L14,0.845069001874505,0.69455762918956,0.769813315532033,L,14,D14L,0.506288081815469,0
F14,0.436986310003717,0.469369878967578,0.453178094485648,F,14,D14F,0.298044556451143,0
W14,0.877251756700621,0.338000012828141,0.607625884764381,W,14,D14W,0.399621229526504,0
C14,0.975082282855265,0.93140885571049,0.953245569282878,C,14,D14C,0.626927153679821,0
E14,1.02462748286822,1.13176040722753,1.07819394504787,E,14,D14E,0.709102756797697,1
V14,0.673195948060804,1.10231709186882,0.88775651996481,V,14,D14V,0.583856548780959,0
G14,0.98436413009715,0.902160444962132,0.943262287529641,G,14,D14G,0.620361384463974,0
A14,0.816344445296269,0.927531996592412,0.87193822094434,A,14,D14A,0.573453226173942,0
Q14,0.79650312437161,0.892608339152207,0.844555731761908,Q,14,D14Q,0.555444408134824,0
H14,0.846637709049431,1.06628326486961,0.956460486959518,H,14,D14H,0.629041529296429,0
P14,0.922097805806829,0.945380217202039,0.933739011504434,P,14,D14P,0.614098150178309,0
K15,1.20873224168936,1.23739835608096,1.22306529888516,K,15,L15K,0.804381233234026,1
N15,0.985925150945082,0.918513850263133,0.952219500604108,N,15,L15N,0.62625233248265,0
M15,1.14846526875904,0.940530584900929,1.04449792682999,M,15,L15M,0.686941679450575,1
I15,0.794754988297645,0.806077931105738,0.800416459701692,I,15,L15I,0.526415048765204,0
R15,1.01613676383341,0.99864468943851,1.00739072663596,R,15,L15R,0.662537148080792,1
S15,0.948827141474932,1.04722223500737,0.998024688241152,S,15,L15S,0.656377325280325,0
T15,0.853830386063446,0.893583157141816,0.873706771602631,T,15,L15T,0.574616360277125,0
Y15,1.11280199901081,0.955401956699403,1.03410197785511,Y,15,L15Y,0.680104508724961,1
F15,1.07086649385802,1.08380320897518,1.0773348514166,F,15,L15F,0.70853775115555,1
W15,1.07599774801453,1.17340040284378,1.12469907542916,W,15,L15W,0.739688085448513,1
C15,1.06667157446315,0.899683703124748,0.98317763879395,C,15,L15C,0.646612770636258,0
E15,0.737965332420468,0.735981585747796,0.736973459084132,E,15,L15E,0.484690081894395,0
D15,1.00641423462014,0.744402532961239,0.875408383790688,D,15,L15D,0.575735470525419,0
V15,0.938998721786091,0.822808277474063,0.880903499630077,V,15,L15V,0.579349478755135,0
G15,0.926611771075816,1.01984762573445,0.97322969840513,G,15,L15G,0.64007024460319,0
A15,0.92114309999639,0.981582718966562,0.951362909481476,A,15,L15A,0.625688972681478,0
Q15,1.0747642776846,1.01389906232799,1.0443316700063,Q,15,L15Q,0.686832336254431,1
H15,1.14420306044405,0.996991156678537,1.07059710856129,H,15,L15H,0.704106496412154,1
P15,0.665525513773648,0.809849823253125,0.737687668513387,P,15,L15P,0.485159800610162,0
K16,0.921228340545015,0.968945569294663,0.945086954919839,K,16,D16K,0.621561425219694,0
N16,0.922115827321019,0.455795387181623,0.688955607251321,N,16,D16N,0.453109871982682,0
M16,0.820118853776345,1.0981906865802,0.959154770178272,M,16,D16M,0.630813495895562,0
I16,0.943721165355719,0.960621231333472,0.952171198344595,I,16,D16I,0.626220565224507,0
R16,0.792558352744062,0.792299982438303,0.792429167591183,R,16,D16R,0.521161994914434,0
S16,0.90818484944186,0.965892011967218,0.937038430704539,S,16,D16S,0.616268100456153,0
T16,1.01448475384878,0.631824098053744,0.823154425951262,T,16,D16T,0.541369273490355,0
Y16,0.462642305116388,0.0273405965351181,0.244991450825753,Y,16,D16Y,0.161125105525143,0
L16,0.873912929413631,1.06148889389477,0.9677009116542,L,16,D16L,0.636434091808196,0
F16,0.845821764735018,0.467514585065923,0.65666817490047,F,16,D16F,0.431875188375837,0
W16,0.730704661646153,0.534850419718247,0.6327775406822,W,16,D16W,0.416162881083044,0
C16,1.0810533433079,0.741892419366278,0.911472881337087,C,16,D16C,0.599454240928586,0
E16,1.15427299920061,0.882669192255937,1.01847109572827,E,16,D16E,0.669824445793584,1
V16,1.03018502541862,0.966517872675504,0.998351449047062,V,16,D16V,0.656592228164308,0
G16,1.06259754971016,0.937238756109817,0.999918152909989,G,16,D16G,0.657622612385431,0
A16,1.11823096752121,1.13130053711775,1.12476575231948,A,16,D16A,0.739731937268455,1
Q16,1.15720253623058,1.14189802483336,1.14955028053197,Q,16,D16Q,0.756032137582255,1
P16,1.16390774080502,1.06711370354941,1.11551072217721,P,16,D16P,0.73364512198047,1
K17,1.00926557884738,1.03848178956664,1.02387368420701,K,17,W17K,0.673377600958027,1
N17,0.644757020438659,0.459094183485524,0.551925601962092,N,17,W17N,0.362988465754342,0
M17,0.683010186742107,0.532664104446539,0.607837145594323,M,17,W17M,0.399760170797324,0
I17,0.900662802780509,0.940115442519762,0.920389122650136,I,17,W17I,0.60531824278502,0
R17,0.780101345567043,0.733299187397414,0.756700266482229,R,17,W17R,0.497663938381955,0
S17,0.639754927441491,0.612306396170462,0.626030661805976,S,17,W17S,0.411725617793926,0
T17,0.758126845131744,0.649361692916745,0.703744269024244,T,17,W17T,0.462836026428914,0
Y17,0.876947824411285,0.472194032025277,0.674570928218281,Y,17,W17Y,0.443649407467157,0
L17,0.835812254976077,0.715757094935455,0.775784674955766,L,17,W17L,0.510215304230924,0
F17,0.879075756509885,0.806365987543298,0.842720872026592,F,17,W17F,0.554237664113838,0
C17,0.828209393125015,0.820022606078291,0.824115999601653,C,17,W17C,0.542001677826781,0
E17,0.60863302053734,0.433070923649029,0.520851972093185,E,17,W17E,0.342552071444249,0
D17,0.42637734512629,0.316568787488799,0.371473066307544,D,17,W17D,0.244309084283605,0
V17,0.623318969488076,0.673116194940705,0.648217582214391,V,17,W17V,0.426317432651279,0
G17,0.636176667802956,0.489105084487006,0.562640876144981,G,17,W17G,0.370035649146373,0
A17,0.596463324978202,0.531585814271922,0.564024569625062,A,17,W17A,0.370945671750187,0
Q17,0.921424250370689,0.814995627614577,0.868209938992633,Q,17,W17Q,0.571001222967824,0
H17,0.84267663590947,0.755283979282637,0.798980307596054,H,17,W17H,0.525470525359219,0
P17,0.668750074851883,0.528856300404891,0.598803187628387,P,17,W17P,0.393818749471539,0
N18,0.589453334832455,0.62617560675569,0.607814470794073,N,18,K18N,0.399745258115389,0
M18,0.630024380507245,0.666360828219554,0.648192604363399,M,18,K18M,0.426301005307128,0
I18,0.506874202144796,0.676721999975174,0.591798101059985,I,18,K18I,0.389211669066316,0
R18,0.987321726014305,1.00873838793229,0.998030056973298,R,18,K18R,0.656380856168977,0
S18,0.81509070910939,0.897644840744452,0.856367774926921,S,18,K18S,0.563212910647934,0
T18,0.84826145014305,0.860845680500633,0.854553565321842,T,18,K18T,0.562019747731114,0
Y18,0.754359111554392,0.666406211443939,0.710382661499165,Y,18,K18Y,0.467201940767696,0
L18,0.866152826159136,0.816008923152341,0.841080874655738,L,18,K18L,0.553159076479253,0
F18,0.734148111767913,0.674724739002164,0.704436425385038,F,18,K18F,0.463291241361096,0
W18,0.701373349274315,0.731741007729597,0.716557178501956,W,18,K18W,0.471262775136765,0
C18,0.530725536740315,0.747228639737215,0.638977088238765,C,18,K18C,0.420240177457643,0
E18,0.674107001440559,0.780777501153502,0.727442251297031,E,18,K18E,0.478421631075795,0
D18,0.87074045412452,0.956840701026683,0.913790577575601,D,18,K18D,0.600978535142719,0
V18,0.851980659224799,0.666510458623431,0.759245558924115,V,18,K18V,0.499337917257173,0
G18,0.832881246935339,0.974376699177976,0.903628973056657,G,18,K18G,0.594295487244921,0
A18,0.75503919282859,0.924226417723837,0.839632805276213,A,18,K18A,0.552206715362988,0
Q18,0.96464642304369,0.972497942100157,0.968572182571923,Q,18,K18Q,0.637007106164763,0
H18,1.05854239636655,1.03562207374963,1.04708223505809,H,18,K18H,0.688641318089224,1
P18,0.909178648998179,0.800036448428827,0.854607548713503,P,18,K18P,0.56205525133603,0
K19,0.864408946556174,0.878172963114729,0.871290954835452,K,19,E19K,0.573027534502882,0
N19,1.10219892153017,0.975762621745568,1.03898077163787,N,19,E19N,0.683313176457786,1
M19,0.963232717785756,0.997193775545626,0.980213246665691,M,19,E19M,0.644663159770761,0
I19,1.01541887972273,0.674202745332321,0.844810812527523,I,19,E19I,0.555612168744995,0
R19,0.983260255386624,0.940780044630087,0.962020150008355,R,19,E19R,0.63269798870515,0
S19,1.06589622210808,0.996367398368769,1.03113181023843,S,19,E19S,0.678151099456793,1
T19,0.825531663986555,1.02423255176213,0.92488210787434,T,19,E19T,0.608273173318035,0
Y19,0.620714435516894,0.929099332130793,0.774906883823843,Y,19,E19Y,0.509638001683086,0
L19,0.923286155351063,1.0845676682519,1.00392691180148,L,19,E19L,0.66025907866717,1
F19,0.92409898217158,0.985459657179467,0.954779319675523,F,19,E19F,0.62793586517988,0
W19,0.907771121881779,0.935421227817426,0.921596174849602,W,19,E19W,0.606112092580014,0
C19,1.09972059423823,1.15401726634787,1.12686893029305,C,19,E19C,0.741115147873508,1
D19,1.07715856049914,1.14723424354212,1.11219640202063,D,19,E19D,0.731465371694601,1
V19,1.04849242763181,0.978509286992617,1.01350085731221,V,19,E19V,0.666555637079755,1
G19,0.958862590560857,1.05527641237785,1.00706950146935,G,19,E19G,0.662325885856364,1
A19,1.01729297259737,1.13737291915986,1.07733294587861,A,19,E19A,0.708536497928106,1
Q19,1.03122957852771,0.822557708780609,0.926893643654161,Q,19,E19Q,0.609596113011232,0
H19,0.944501745310521,1.00310229355,0.973802019430261,H,19,E19H,0.640446646658273,0
P19,0.874871514375668,0.960220508482492,0.91754601142908,P,19,E19P,0.603448395514969,0
K20,0.393250772987291,0.0013947995923963,0.197322786289844,K,20,F20K,0.1297745478722,0
N20,0.114535951333886,0.127084111236849,0.120810031285368,N,20,F20N,0.0794539114476913,0
M20,0.947822381629026,0.762230571065336,0.855026476347181,M,20,F20M,0.562330770171305,0
I20,0.926309246623403,1.0272535727144,0.976781409668901,I,20,F20I,0.642406121427631,0
R20,0.303507573035759,0.208802781602877,0.256155177319318,R,20,F20R,0.168467225436947,0
S20,0.380653858464708,0.274118509855474,0.327386184160091,S,20,F20S,0.215314180525371,0
T20,0.83675180012759,0.937511225077812,0.887131512602701,T,20,F20T,0.583445496163268,0
Y20,0.901075046623488,0.833335246452763,0.867205146538125,Y,20,F20Y,0.570340394642109,0
L20,0.952166097484182,1.00000043796037,0.976083267722275,L,20,F20L,0.64194696991666,0
W20,0.895836669244106,0.823458155095639,0.859647412169873,W,20,F20W,0.565369850798595,0
C20,0.989126767927078,0.909618680293374,0.949372724110226,C,20,F20C,0.624380074649011,0
E20,0.0751227608441597,0.385570385003954,0.230346572924057,E,20,F20E,0.151493514343654,0
D20,0.298166237245086,0.100328767397246,0.199247502321166,D,20,F20D,0.131040388262171,0
V20,0.893945036908563,0.806117098397612,0.850031067653087,V,20,F20V,0.559045407558593,0
G20,0.407473275812839,0.312407736093185,0.359940505953012,G,20,F20G,0.236724391030694,0
A20,0.818452686270181,0.887048465464268,0.852750575867225,A,20,F20A,0.560833964042921,0
Q20,0.51778714301901,0.400268640497465,0.459027891758238,Q,20,F20Q,0.301891830303638,0
H20,0.192482530144192,0.408741918200015,0.300612224172104,H,20,F20H,0.197705577801276,0
P20,0.0644150190301776,0.124409157055057,0.0944120880426173,P,20,F20P,0.062092606078468,0
K21,0.700109941111455,0.666166790095313,0.683138365603384,K,21,G21K,0.449284009197552,0
N21,1.037565151406,1.01790472912123,1.02773494026361,N,21,G21N,0.675917058100234,1
M21,0.638317455908902,0.789811246906986,0.714064351407944,M,21,G21M,0.469623301484828,0
I21,0.782086948992391,0.577702329391779,0.679894639192085,I,21,G21I,0.447150686754856,0
R21,0.967662468224854,0.871409126358985,0.919535797291919,R,21,G21R,0.604757030800167,0
S21,0.802444584386155,0.815993010962427,0.809218797674291,S,21,G21S,0.53220413907804,0
T21,0.924938388483965,0.996900825364068,0.960919606924016,T,21,G21T,0.631974187445957,0
Y21,0.662114105795068,0.833833513128031,0.747973809461549,Y,21,G21Y,0.491924753183539,0
L21,0.703338966341235,0.733403263452287,0.718371114896761,L,21,G21L,0.472455758369624,0
F21,0.975265383770119,0.871897354407052,0.923581369088585,F,21,G21F,0.607417708062374,0
W21,0.783176884267098,0.741981521721886,0.762579202994492,W,21,G21W,0.5015303764259,0
C21,0.954541282864594,1.04290448573547,0.998722884300032,C,21,G21C,0.656836512379651,0
E21,0.424175216081115,0.300833449375287,0.362504332728201,E,21,G21E,0.23841055950028,0
D21,0.436260468086458,0.188431673181854,0.312346070634156,D,21,G21D,0.205422652185062,0
V21,0.546108458160891,0.612916634446105,0.579512546303498,V,21,G21V,0.381131749134817,0
A21,0.826172519882228,0.846793129722038,0.836482824802133,A,21,G21A,0.550135047414667,0
Q21,0.879168975953872,0.694426565124611,0.786797770539241,Q,21,G21Q,0.517458357741832,0
H21,0.838701175495005,1.00419652125273,0.921448848373866,H,21,G21H,0.606015199427744,0
P21,0.633950953390823,0.759765353874455,0.696858153632639,P,21,G21P,0.458307190563863,0
K22,1.15863641951514,1.19783318589356,1.17823480270435,K,22,T22K,0.774897272044642,1
N22,1.05046821305194,0.911549630168699,0.981008921610319,N,22,T22N,0.645186456436766,0
M22,1.13760660712775,0.694745950408837,0.916176278768292,M,22,T22M,0.602547554613105,0
I22,0.763712286035594,0.882744734503277,0.823228510269435,I,22,T22I,0.541417997001087,0
R22,1.12978394385951,1.22215291650731,1.17596843018341,R,22,T22R,0.773406732230436,1
S22,0.936269087545569,0.684956073969484,0.810612580757526,S,22,T22S,0.53312079737615,0
Y22,0.839898757178159,0.577506723103414,0.708702740140786,Y,22,T22Y,0.466097096067073,0
L22,1.00437774363118,0.885343947383985,0.944860845507584,L,22,T22L,0.6214127183861,0
F22,0.948928123126828,1.0417431808268,0.995335651976813,F,22,T22F,0.654608809479499,0
W22,1.15456123129241,1.00908882297015,1.08182502713128,W,22,T22W,0.71149083394034,1
C22,1.02687659818465,0.814028288782397,0.920452443483523,C,22,T22C,0.605359887405381,0
E22,0.897766989904988,0.839952756578015,0.868859873241501,E,22,T22E,0.571428669411691,0
D22,0.807166086127532,0.703450765018142,0.755308425572837,D,22,T22D,0.496748557405827,0
V22,0.996580493414621,0.863426425990244,0.930003459702432,V,22,T22V,0.61164136576292,0
G22,0.933609675957798,0.96688888898382,0.950249282470809,G,22,T22G,0.62495656643218,0
A22,1.15064121659678,1.07546982873925,1.11305552266802,A,22,T22A,0.732030395104614,1
Q22,0.887383134176519,0.888569387391337,0.887976260783928,Q,22,T22Q,0.584001067140882,0
H22,1.064054801534,1.14932510119584,1.10668995136492,H,22,T22H,0.727843908823224,1
P22,1.05638174738105,0.978611612107427,1.01749667974424,P,22,T22P,0.669183595356872,1
K23,1.24950541317042,1.31043451112783,1.27996996214912,K,23,I23K,0.841806089662178,1
N23,0.769301172910609,0.885965390390953,0.827633281650781,N,23,I23N,0.544314911367859,0
M23,1.14332190623989,1.12853988309769,1.13593089466879,M,23,I23M,0.747074988355226,1
R23,0.99531238946711,0.985110865236832,0.990211627351971,R,23,I23R,0.65123885919916,0
S23,1.0236385296362,1.04775723480784,1.03569788222202,S,23,I23S,0.681154097429627,1
T23,1.01586336009358,1.14931442866799,1.08258889438079,T,23,I23T,0.711993211434614,1
Y23,1.07494866468033,1.04874145119338,1.06184505793686,Y,23,I23Y,0.698350478903503,1
L23,1.20829170357723,1.18165614177969,1.19497392267846,L,23,I23L,0.785906196899513,1
F23,1.00331003845292,1.02161670080888,1.0124633696309,F,23,I23F,0.66587330587363,1
W23,1.07980522177014,1.04074907243332,1.06027714710173,W,23,I23W,0.697319300885198,1
C23,1.13168375580133,1.16993084701301,1.15080730140717,C,23,I23C,0.756858850598082,1
E23,0.613629587593029,0.492139204834521,0.552884396213775,E,23,I23E,0.363619042145717,0
D23,0.261868024374451,0.633307636104371,0.447587830239411,D,23,I23D,0.294367971355816,0
V23,0.781735667841961,0.803331793067665,0.792533730454813,V,23,I23V,0.521230763446477,0
G23,0.713143765912333,0.544172148967936,0.628657957440135,G,23,I23G,0.413453528236812,0
A23,1.12646694169727,1.18839188087863,1.15742941128795,A,23,I23A,0.761214056258293,1
Q23,1.17280566887262,1.1517238022566,1.16226473556461,Q,23,I23Q,0.764394135121042,1
H23,0.807255502997603,0.851506894618819,0.829381198808211,H,23,I23H,0.545464475303624,0
P23,0.16365088732655,0.134342787129187,0.148996837227869,P,23,I23P,0.0979917096712398,0
K24,0.227590984413405,0.344791751865186,0.286191368139296,K,24,L24K,0.188221320525287,0
N24,0.613461543058905,0.574873719197864,0.594167631128385,N,24,L24N,0.390770053169227,0
M24,0.685783576204699,0.638844365809897,0.662313971007298,M,24,L24M,0.435588295467615,0
I24,0.905997990467312,0.804369520913164,0.855183755690238,I,24,L24I,0.562434209089935,0
R24,0.463393571561588,0.379122938620304,0.421258255090946,R,24,L24R,0.27705163007154,0
S24,0.611495374327828,0.506030513328636,0.558762943828232,S,24,L24S,0.367485224420737,0
T24,0.667329382593325,0.758956348711888,0.713142865652606,T,24,L24T,0.46901726201256,0
Y24,0.280950078286091,0.137943635449591,0.209446856867841,Y,24,L24Y,0.137748263463866,0
F24,0.643565131091692,0.0055535586711958,0.324559344881444,F,24,L24F,0.213455034928496,0
W24,0.314667512399964,0.0327158109024592,0.173691661651212,W,24,L24W,0.114232913916224,0
C24,0.779975634837076,0.736382978800088,0.758179306818582,C,24,L24C,0.49863666836689,0
E24,0.414374570786158,0.204003846914191,0.309189208850174,E,24,L24E,0.203346458561333,0
D24,0.194995793315345,0.366658506280116,0.280827149797731,D,24,L24D,0.184693400496113,0
V24,0.6996476661967,0.869289108230959,0.78446838721383,V,24,L24V,0.515926377205979,0
G24,0.513250794814849,0.574651561913486,0.543951178364168,G,24,L24G,0.357743875221134,0
A24,0.756646802415026,0.560862361734246,0.658754582074636,A,24,L24A,0.433247369221221,0
Q24,0.639815237239224,0.680540184722682,0.660177710980953,Q,24,L24Q,0.434183327575822,0
H24,0.641122788254288,0.593672996816046,0.617397892535167,H,24,L24H,0.406048048821437,0
P24,0.434941094168306,0.286028684513362,0.360484889340834,P,24,L24P,0.237082419159893,0
K25,1.18853168616519,1.01944102466841,1.1039863554168,K,25,R25K,0.726065817461383,1
N25,0.419741859541844,0.489468015700155,0.454604937621,N,25,R25N,0.298982957566678,0
M25,0.830698382653141,0.746943420002215,0.788820901327678,M,25,R25M,0.518788923199032,0
I25,0.945847828557995,0.615819071837162,0.780833450197578,I,25,R25I,0.513535764764823,0
S25,0.601512212123245,0.757583669519687,0.679547940821466,S,25,R25S,0.446922671404267,0
T25,0.698597590108142,0.672493778785139,0.68554568444664,T,25,R25T,0.450867246087431,0
Y25,0.68912972102953,0.711398977428294,0.700264349228912,Y,25,R25Y,0.460547365161952,0
L25,0.66379775135306,0.60820150499059,0.635999628171825,L,25,R25L,0.41828197211674,0
F25,0.542711889759504,0.749205878644615,0.645958884202059,F,25,R25F,0.424831940180584,0
W25,0.482882698584149,0.511735694871548,0.497309196727848,W,25,R25W,0.327068542723924,0
C25,0.731064624266392,0.332148276269323,0.531606450267858,C,25,R25C,0.349625038378081,0
E25,0.516454975975297,0.154038179985275,0.335246577980286,E,25,R25E,0.220483776360161,0
D25,0.47765374280852,0.291193823337884,0.384423783073202,D,25,R25D,0.252826465598176,0
V25,0.814569010185536,0.642402539950721,0.728485775068129,V,25,R25V,0.47910793207597,0
G25,0.53168336310283,0.536943188790295,0.534313275946563,G,25,R25G,0.351405253857639,0
A25,0.7474456308006,0.37274732776162,0.56009647928111,A,25,R25A,0.368362259271717,0
Q25,0.565543373872112,0.450026817885821,0.507785095878966,Q,25,R25Q,0.333958294796926,0
H25,0.813499405046251,0.396314499724491,0.604906952385371,H,25,R25H,0.397833051755374,0
P25,0.683054604746005,0.781587401446708,0.732321003096356,P,25,R25P,0.481630271197104,0
K26,0.847919757352793,0.886505034269115,0.867212395810954,K,26,Q26K,0.570345162318066,0
N26,0.800391677725817,0.943084320077238,0.871737998901528,N,26,Q26N,0.573321544853358,0
M26,0.823870298550673,0.997751545472909,0.910810922011791,M,26,Q26M,0.599018885875248,0
I26,0.948990612195129,0.839778376574148,0.894384494384639,I,26,Q26I,0.588215611410342,0
R26,1.04486250606854,0.863886904408244,0.954374705238391,R,26,Q26R,0.627669759796774,0
S26,1.0246691651924,1.08085428980443,1.05276172749842,S,26,Q26S,0.692376586465704,1
T26,0.728182075521813,0.720202482977159,0.724192279249486,T,26,Q26T,0.476284201025279,0
Y26,1.10654254988484,0.749791004887854,0.928166777386348,Y,26,Q26Y,0.610433423073501,0
L26,1.06436784163316,1.07524878875068,1.06980831519192,L,26,Q26L,0.703587725596075,1
F26,0.859120309560539,0.994462662941722,0.926791486251131,F,26,Q26F,0.609528926493956,0
W26,0.384984703144554,0.873336769321771,0.629160736233163,W,26,Q26W,0.413784194004166,0
C26,0.99804628367487,1.04355706637252,1.0208016750237,C,26,Q26C,0.671357212890742,1
E26,0.918503061186661,0.958783134455392,0.938643097821026,E,26,Q26E,0.617323452214776,0
D26,0.652938163062491,0.456222040011128,0.554580101536809,D,26,Q26D,0.364734267588043,0
V26,0.955325597428314,0.73226279745064,0.843794197439477,V,26,Q26V,0.554943564951729,0
G26,0.966437171799708,0.947822898653453,0.957130035226581,G,26,Q26G,0.629481875417981,0
A26,0.854285863268245,0.87348681481103,0.863886339039638,A,26,Q26A,0.568157693137183,0
H26,0.596270554714271,0.710030677570344,0.653150616142308,H,26,Q26H,0.429561772849746,0
P26,0.920976949583667,0.768092082244643,0.844534515914155,P,26,Q26P,0.555430454971575,0
K27,0.97122789782662,0.743167124000027,0.857197510913323,K,27,L27K,0.563758608458679,0
N27,0.813828005297953,0.782132760110286,0.79798038270412,N,27,L27N,0.524812898314737,0
M27,0.916834522468092,0.940328554206883,0.928581538337487,M,27,L27M,0.610706201579831,0
I27,0.731030752023225,1.003144189418,0.867087470720613,I,27,L27I,0.570263002029222,0
R27,0.579847718002256,0.551730136139983,0.56578892707112,R,27,L27R,0.372106048076471,0
S27,0.892183605321071,0.960052990931359,0.926118298126215,S,27,L27S,0.609086186523644,0
T27,0.759346252047178,0.683315434342966,0.721330843195072,T,27,L27T,0.474402301944038,0
Y27,0.436261447006179,0.239832041511955,0.338046744259067,Y,27,L27Y,0.222325379753406,0
F27,0.5170987241405,0.622978210759872,0.570038467450186,F,27,L27F,0.374900870670086,0
W27,0.496391752031958,0.29034494334289,0.393368347687424,W,27,L27W,0.258709095022531,0
C27,0.911025087129873,0.759349016846052,0.835187051987962,C,27,L27C,0.549282848161525,0
E27,0.715298553044613,0.874621988483219,0.794960270763916,E,27,L27E,0.522826641841611,0
D27,0.673651980111181,0.61495967933425,0.644305829722715,D,27,L27D,0.423744765193353,0
V27,0.923540751661474,0.95491501152278,0.939227881592127,V,27,L27V,0.617708050724277,0
G27,0.920761638888727,0.957974207040195,0.939367922964461,G,27,L27G,0.617800152635667,0
A27,0.965574628694783,1.03020584543624,0.99789023706551,A,27,L27A,0.656288899909602,0
Q27,0.74457596251513,0.626523870600443,0.685549916557787,Q,27,L27Q,0.45087002944723,0
H27,0.987515077705112,0.925094230491526,0.956304654098319,H,27,L27H,0.62893904169484,0
P27,0.423930225232101,0.351294874084947,0.387612549658524,P,27,L27P,0.25492364225811,0
K28,0.914986065769568,0.892343234210374,0.903664649989971,K,28,Q28K,0.594318951123459,0
N28,0.328260916440598,0.34017962019406,0.334220268317329,N,28,Q28N,0.219808796673368,0
M28,0.589803967575203,0.565236874105999,0.577520420840601,M,28,Q28M,0.379821575149779,0
I28,0.589509270598009,0.6388820148471,0.614195642722554,I,28,Q28I,0.403942004560561,0
R28,1.05716348468499,1.02455173134036,1.04085760801268,R,28,Q28R,0.684547527525652,1
S28,0.80390550302496,0.846043396559006,0.824974449791983,S,28,Q28S,0.542566260292981,0
T28,0.708435321900436,0.761851666059007,0.735143493979722,T,28,Q28T,0.483486556956844,0
Y28,0.0754627683108922,0.291036817322425,0.183249792816659,Y,28,Q28Y,0.120519071606482,0
L28,0.411229692480705,0.270125093766966,0.340677393123836,L,28,Q28L,0.224055495537066,0
F28,0.230920649156809,0.0598244736065455,0.145372561381677,F,28,Q28F,0.0956081088304691,0
W28,0.293832597271927,0.0470215706946389,0.170427083983283,W,28,Q28W,0.112085878093271,0
C28,0.993001750567468,0.995747344427199,0.994374547497334,C,28,Q28C,0.653976713705729,0
E28,0.759056890438577,0.628558479403,0.693807684920789,E,28,Q28E,0.456300969157192,0
D28,0.254604818301097,0.112185503111688,0.183395160706393,D,28,Q28D,0.12061467664288,0
V28,0.77214013988993,0.820225946877021,0.796183043383476,V,28,Q28V,0.523630830586548,0
G28,0.793883388597248,0.67994259896509,0.736912993781169,G,28,Q28G,0.484650315289121,0
A28,0.695879268681651,0.7245015843798,0.710190426530725,A,28,Q28A,0.467075512357761,0
H28,0.411864016984443,0.315439070603224,0.363651543793834,H,28,Q28H,0.239165053191332,0
P28,0.285867721432322,0.382378221402881,0.334122971417602,P,28,Q28P,0.219744806794607,0
K29,1.29733075854476,1.01775855364327,1.15754465609401,K,29,Q29K,0.76128985005222,1
N29,0.874722862458331,0.848220234072567,0.861471548265449,N,29,Q29N,0.566569542134359,0
M29,1.15179811410115,1.03006348412642,1.09093079911378,M,29,Q29M,0.717479485652973,1
I29,1.08128350380493,1.05803701689153,1.06966026034823,I,29,Q29I,0.703490353413361,1
R29,1.06623800743556,1.00920264355446,1.03772032549501,R,29,Q29R,0.682484210724114,1
S29,0.91780930468218,0.964199931836047,0.941004618259113,S,29,Q29S,0.618876568572527,0
T29,0.831680336681443,0.94929807077053,0.890489203725987,T,29,Q29T,0.585653770512176,0
Y29,0.789399743016882,0.933307678723035,0.861353710869958,Y,29,Q29Y,0.566492043255442,0
L29,0.944062702071914,1.01151288665931,0.977787794365614,L,29,Q29L,0.643067996933532,0
F29,1.0318852143168,1.13243700648592,1.08216111040136,F,29,Q29F,0.711711867989382,1
W29,1.11111705020247,0.874811384045073,0.992964217123772,W,29,Q29W,0.653049172644604,0
C29,0.599045581790491,0.633899054040784,0.616472317915638,C,29,Q29C,0.405439320199518,0
E29,0.611189120553346,0.657139733387153,0.634164426970249,E,29,Q29E,0.41707500352144,0
D29,0.755536748627246,0.808216466150222,0.781876607388734,D,29,Q29D,0.514221824674007,0
V29,1.08707226942493,1.03697461914807,1.0620234442865,V,29,Q29V,0.698467799403109,1
G29,1.04861066266786,1.1333686910689,1.09098967686838,G,29,Q29G,0.717518208165089,1
A29,0.768719476044397,0.869794776141617,0.819257126093007,A,29,Q29A,0.538806111188945,0
H29,1.01797755769727,1.10900962712494,1.0634935924111,H,29,Q29H,0.699434681189863,1
P29,0.704978193847549,0.784755132739219,0.744866663293384,P,29,Q29P,0.489881256349098,0
K30,0.126228630629129,0.249317041704948,0.187772836167038,K,30,E30K,0.123493770660952,0
N30,0.812622817782185,1.151401604425,0.982012211103592,N,30,E30N,0.645846296300284,0
M30,1.11372497467866,1.13008120817336,1.12190309142601,M,30,E30M,0.737849232639422,1
I30,0.647397410188496,0.793327518922445,0.72036246455547,I,30,E30I,0.473765422126525,0
R30,0.595170887473083,0.634615719574961,0.614893303524022,R,30,E30R,0.404400839633697,0
S30,1.12034370259246,1.00943041301318,1.06488705780282,S,30,E30S,0.700351130549747,1
T30,0.8946530420858,0.742861545412856,0.818757293749328,T,30,E30T,0.538477383231913,0
Y30,0.782265153319174,0.970089514674946,0.87617733399706,Y,30,E30Y,0.576241190960674,0
L30,0.83812294866491,0.80067399233711,0.81939847050101,L,30,E30L,0.538899070076196,0
F30,0.623127383737126,0.733491427108954,0.67830940542304,F,30,E30F,0.446108115851021,0
W30,0.96461531929034,0.983274830949887,0.973945075120114,W,30,E30W,0.640540731015281,0
C30,0.745883377859437,0.814327869213001,0.780105623536219,C,30,E30C,0.513057090316306,0
D30,0.967368167676078,0.92843941292279,0.947903790299434,D,30,E30D,0.623413991487841,0
V30,0.827139591408169,0.717570199809779,0.772354895608974,V,30,E30V,0.507959619155721,0
G30,1.04466096171197,1.07060443271208,1.05763269721202,G,30,E30G,0.695580108492568,1
A30,1.19027385266642,1.24548081138676,1.21787733202659,A,30,E30A,0.800969229652961,1
Q30,0.783672794590158,0.85285655076891,0.818264672679534,Q,30,E30Q,0.538153397959827,0
H30,0.892851820226249,1.00913461132369,0.950993215774969,H,30,E30H,0.625445833840216,0
P30,0.49663362973364,0.330667510756005,0.413650570244823,P,30,E30P,0.272048234975499,0
K31,0.22361857255731,0.307708287855889,0.265663430206599,K,31,T31K,0.174720579358724,0
N31,0.313336488634525,0.191074228649068,0.252205358641796,N,31,T31N,0.165869522745381,0
M31,0.352272753883198,0.161728688935976,0.257000721409587,M,31,T31M,0.169023319865188,0
I31,0.005056917807362,0.0054239424005934,0.0052404301039777,I,31,T31I,0.00344650742160423,0
R31,0.217747853257042,0.322272180800142,0.270010017028592,R,31,T31R,0.177579227111563,0
S31,0.805960576786467,0.684879681158662,0.745420128972565,S,31,T31S,0.490245257687357,0
Y31,0.715656444139443,0.291427901974008,0.503542173056725,Y,31,T31Y,0.331167824414534,0
L31,0.177688897047159,0.170100675872711,0.173894786459935,L,31,T31L,0.114366504317562,0
F31,0.109951037666886,0.436523312107842,0.273237174887364,F,31,T31F,0.179701652807596,0
W31,0.333527178812778,0.0888569387391337,0.211192058775956,W,31,T31W,0.138896041644124,0
C31,0.64041543115188,0.688334972583256,0.664375201867568,C,31,T31C,0.436943918444471,0
E31,0.475014042654839,0.341095990643771,0.408055016649305,E,31,T31E,0.268368171199761,0
D31,0.450153572464172,0.0222142346847834,0.236183903574478,D,31,T31D,0.155332589192446,0
V31,0.700635129109876,0.421675344164713,0.561155236637295,V,31,T31V,0.369058579041921,0
G31,0.536911138837888,0.660140354627533,0.598525746732711,G,31,T31G,0.393636283130603,0
A31,0.281473694131476,0.0363505658478274,0.158912129989652,A,31,T31A,0.104512764129141,0
Q31,0.810973848004545,0.650312307585728,0.730643077795136,Q,31,T31Q,0.48052673925625,0
H31,0.596121942913712,0.497445655320633,0.546783799117172,H,31,T31H,0.359606823157489,0
P31,0.513233563328217,0.100704530571018,0.306969046949618,P,31,T31P,0.201886310383492,0
K32,1.01123242071602,0.535742618388364,0.773487519552193,K,32,R32K,0.508704519240015,0
N32,1.17596661078137,1.10445555895966,1.14021108487052,N,32,R32N,0.749889968615137,1
M32,0.867572234357032,0.752038437321324,0.809805335839178,M,32,R32M,0.532589891411003,0
I32,0.328515032696607,0.227966810820064,0.278240921758335,I,32,R32I,0.182992499242803,0
S32,1.17263091770079,1.2394437233475,1.20603732052415,S,32,R32S,0.793182333023223,1
T32,1.1252770499987,1.07920895191868,1.10224300095869,T,32,R32T,0.724919254305469,1
Y32,0.933598743615105,1.11217640905355,1.02288757633433,Y,32,R32Y,0.672729061041596,1
L32,0.606050827170355,0.584585123283774,0.595317975227065,L,32,R32L,0.391526607382304,0
F32,1.01583282719804,1.12019646365515,1.06801464542659,F,32,R32F,0.702408071247966,1
W32,0.945520220518291,1.00198477653576,0.973752498527025,W,32,R32W,0.640414077926863,0
C32,1.0085179747149,1.10662464599549,1.0575713103552,C,32,R32C,0.695539735803033,1
E32,0.408614849334432,0.149155790681179,0.278885320007805,E,32,R32E,0.183416304790287,0
D32,0.143503580661059,0.0156697921012995,0.0795866863811793,D,32,R32D,0.0523422886731035,0
V32,0.856838606000921,0.818091804928245,0.837465205464583,V,32,R32V,0.550781136032738,0
G32,0.342131053456987,0.407474979189091,0.374803016323039,G,32,R32G,0.246499113959464,0
A32,0.943609679621562,0.955900481403947,0.949755080512754,A,32,R32A,0.624631541447129,0
Q32,1.09442993497875,1.26644938668999,1.18043966083437,Q,32,R32Q,0.776347355293139,1
H32,1.11859623159414,1.19313871461493,1.15586747310453,H,32,R32H,0.760186806312309,1
P32,0.360612155332712,0.371000337864226,0.365806246598469,P,32,R32P,0.240582150463918,0
K33,0.726069805289921,0.239746079994266,0.482907942642094,K,33,F33K,0.317597177186716,0
N33,0.912444437809097,0.669827555669959,0.791135996739528,N,33,F33N,0.52031150691074,0
M33,1.04953943148945,1.01728210678475,1.0334107691371,M,33,F33M,0.679649917035113,1
I33,0.546030519507794,0.756663073584431,0.651346796546112,I,33,F33I,0.428375443196994,0
R33,0.754396674634501,0.69088879347794,0.72264273405622,R,33,F33R,0.475265101656956,0
S33,1.00449036967484,0.871226695400585,0.937858532537712,S,33,F33S,0.616807462111288,0
T33,1.04346185108006,1.13441568091465,1.08893876599736,T,33,F33T,0.716169372402038,1
Y33,1.01084174885019,1.02627203525004,1.01855689205011,Y,33,F33Y,0.669880872013207,1
L33,1.02264966024677,1.03595493304302,1.02930229664489,L,33,F33L,0.676947871467305,1
W33,0.880892929381376,1.01288083314393,0.946886881262655,W,33,F33W,0.622745194371418,0
C33,0.735232525522371,0.394061206582245,0.564646866052308,C,33,F33C,0.371354941449884,0
E33,0.634151294288439,0.307344995898562,0.470748145093501,E,33,F33E,0.309599964808171,0
D33,0.850421517229877,0.672174664090198,0.761298090660037,D,33,F33D,0.500687819024885,0
V33,0.865040517660446,0.750596199929659,0.807818358795053,V,33,F33V,0.531283103419701,0
G33,1.00421363000892,0.930716688406965,0.967465159207944,G,33,F33G,0.636279042978318,0
A33,0.882079325243111,1.07150326916204,0.976791297202575,A,33,F33A,0.64241262422559,0
Q33,0.486211573635215,0.666008207982368,0.576109890808792,Q,33,F33Q,0.378893902778128,0
H33,0.867023478802593,0.864503966482822,0.865763722642707,H,33,F33H,0.569392404104183,0
P33,0.193929514199472,0.186548650470382,0.190239082334927,P,33,F33P,0.12511576266399,0
K34,0.173645305099991,0.0898303324342416,0.131737818767116,K,34,A34K,0.0866408598298424,0
N34,0.020464204481728,0.0438675038472238,0.0321658541644759,N,34,A34N,0.0211547244978916,0
M34,0.201393758391608,0.354253757417455,0.277823757904532,M,34,A34M,0.182718140404,0
I34,0.245702551926933,0.211794580517263,0.228748566222098,I,34,A34I,0.150442542982755,0
R34,0.293372323093452,0.166363305533689,0.22986781431357,R,34,A34R,0.151178646084473,0
S34,0.962277480404849,0.972871722720966,0.967574601562907,S,34,A34S,0.636351020636856,0
T34,0.774695002693936,0.88669915247868,0.830697077586308,T,34,A34T,0.54632989777557,0
Y34,0.218271436349716,0.0928227400153305,0.155547088182523,Y,34,A34Y,0.102299655408642,0
L34,0.278405324063249,0.0646738940536536,0.171539609058451,L,34,A34L,0.112817559625552,0
F34,0.292985175464038,0.169478356326836,0.231231765895437,F,34,A34F,0.152075684906925,0
W34,0.354539495571666,0.230673625581478,0.292606560576572,W,34,A34W,0.192440441457615,0
C34,0.597473290113543,0.625281279238186,0.611377284675864,C,34,A34C,0.402088436870138,0
E34,0.179952170959726,0.148824429415298,0.164388300187512,E,34,A34E,0.108114312256759,0
D34,0.138671771808108,0.178608035352372,0.15863990358024,D,34,A34D,0.104333727232974,0
V34,0.474038197236378,0.696197137365968,0.585117667301173,V,34,A34V,0.384818105165558,0
G34,1.01997464579368,0.974098494158751,0.997036569976217,G,34,A34G,0.655727463176271,0
Q34,0.0825013312896309,0.0336271718954191,0.058064251592525,Q,34,A34Q,0.0381874903534415,0
H34,0.470432229774454,0.0012944027065683,0.235863316240511,H,34,A34H,0.155121746455521,0
P34,0.316370651359957,0.0665479962797586,0.191459323819858,P,34,A34P,0.125918286741312,0
K35,0.549987994524285,0.262628721812907,0.406308358168596,K,35,L35K,0.267219435066022,0
N35,0.449758099132917,0.540579313922469,0.495168706527693,N,35,L35N,0.325660792746473,0
M35,0.956977805621143,1.28832212925773,1.12264996743944,M,35,L35M,0.738340435398018,1
I35,0.0346771238108343,0.174209846411918,0.104443485111376,I,35,L35I,0.0686900196037993,0
R35,0.890670342536187,0.914301401942246,0.902485872239216,R,35,L35R,0.593543696767272,0
S35,0.65540607728117,0.745410986089399,0.700408531685285,S,35,L35S,0.460642190566755,0
T35,0.382624289463384,0.421175509787445,0.401899899625415,T,35,L35T,0.264320095739776,0
Y35,0.753779038966947,0.640520049963067,0.697149544465007,Y,35,L35Y,0.458498831449519,0
F35,0.762204104854117,0.454441552752105,0.608322828803111,F,35,L35F,0.400079593201673,0
W35,0.314274241852085,0.262502444412488,0.288388343132287,W,35,L35W,0.189666219220277,0
C35,0.885756114007326,1.00750347008949,0.946629792048406,C,35,L35C,0.622576112851897,0
E35,0.593452229981529,0.353324134247749,0.473388182114639,E,35,L35E,0.311336254961103,0
D35,0.173591249526155,0.0022749517448272,0.0879331006354912,D,35,L35D,0.0578315286973975,0
V35,1.01082723735476,0.962974060422383,0.98690064888857,V,35,L35V,0.649061306666168,0
G35,0.519979886156852,0.497786837444211,0.508883361800531,G,35,L35G,0.334680598419809,0
A35,0.472582276776422,0.427152893167558,0.44986758497199,A,35,L35A,0.295867312335349,0
Q35,1.1679378922621,1.09831202754591,1.13312495990401,Q,35,L35Q,0.745229591164639,1
H35,0.783583818409934,0.839885211283406,0.81173451484667,H,35,L35H,0.533858666995258,0
P35,0.410466201881835,0.440203162624067,0.425334682252951,P,35,L35P,0.279732600180619,0
K36,0.500776804858314,0.726157867033491,0.613467335945903,K,36,N36K,0.403463014351527,0
M36,1.17287218173798,1.09922193082811,1.13604705628305,M,36,N36M,0.747151385112307,1
I36,1.26347719335183,1.16597365365892,1.21472542350538,I,36,N36I,0.798896293673465,1
R36,0.249040507446318,0.286062998151607,0.267551752798963,R,36,N36R,0.175962484641274,0
S36,1.0804999940255,1.15391117048374,1.11720558225462,S,36,N36S,0.734759791524663,1
T36,1.22166644008377,1.1459949276666,1.18383068387519,T,36,N36T,0.778577551258952,1
Y36,0.531734907444118,0.683132867440596,0.607433887442357,Y,36,N36Y,0.399494957411019,0
L36,0.726148014924255,0.794923751354885,0.76053588313957,L,36,N36L,0.500186533095302,0
F36,0.476454496556504,0.563430822501354,0.519942659528929,F,36,N36F,0.34195403799297,0
W36,0.284662331572754,0.130327534468607,0.207494933020681,W,36,N36W,0.1364645291344,0
C36,1.21575803923812,1.281948438543,1.24885323889056,C,36,N36C,0.821341353844935,1
E36,0.237723037385327,0.240843105638596,0.239283071511962,E,36,N36E,0.157370838932526,0
D36,0.694581756779314,0.579277491878261,0.636929624328787,D,36,N36D,0.418893608679663,0
V36,1.00821581213384,1.07820679048006,1.04321130130695,V,36,N36V,0.686095496155311,1
G36,0.919868595469512,0.66739879184205,0.793633693655781,G,36,N36G,0.521954183330038,0
A36,0.664010173117592,0.590985191581544,0.627497682349568,A,36,N36A,0.412690442644332,0
Q36,1.17341192556379,1.14045480373622,1.15693336465001,Q,36,N36Q,0.76088781807074,1
H36,0.878540483118315,0.895292484899973,0.886916484009144,H,36,N36H,0.583304076923082,0
P36,0.270366913250239,0.130058293239026,0.200212603244633,P,36,N36P,0.131675112403,0
N37,1.10197704145062,1.07920174416582,1.09058939280822,N,37,K37N,0.717254950768899,1
M37,0.796797496953082,0.893017996775683,0.844907746864383,M,37,K37M,0.555675920174699,0
I37,0.777519259716149,1.00670805008201,0.892113654899082,I,37,K37I,0.586722133778744,0
R37,0.97778442466858,1.0392512695316,1.00851784710009,R,37,K37R,0.663278428656544,1
S37,0.911146963395709,0.992590335219579,0.951868649307644,S,37,K37S,0.62602158585057,0
T37,0.955118014164348,1.00214462513913,0.978631319651737,T,37,K37T,0.643622763641846,0
Y37,0.946215706006645,0.743771320257768,0.844993513132207,Y,37,K37Y,0.555732326628505,0
L37,0.832907559666455,0.956040538025583,0.894474048846019,L,37,K37L,0.588274509269804,0
F37,0.843358712792719,0.89171259571101,0.867535654251865,F,37,K37F,0.5705577617791,0
W37,0.895402796866924,0.905952786793642,0.900677791830283,W,37,K37W,0.592354564878362,0
C37,0.934124062996554,0.949576428122345,0.94185024555945,C,37,K37C,0.619432717726069,0
E37,0.52665171993386,0.659663711275045,0.593157715604453,E,37,K37E,0.390105855521446,0
D37,0.405073913305788,0.235200080452529,0.320136996879158,D,37,K37D,0.210546560832214,0
V37,0.846340276934549,0.983333141468439,0.914836709201494,V,37,K37V,0.601666551267556,0
G37,0.882609822023798,0.995995116096225,0.939302469060011,G,37,K37G,0.61775710514472,0
A37,0.990579803086546,0.956974337996101,0.973777070541323,A,37,K37A,0.640430238361782,0
Q37,0.839378802945459,1.00204756225753,0.920713182601492,Q,37,K37Q,0.605531369380592,0
H37,1.19465104869189,0.997105567024833,1.09587830785836,H,37,K37H,0.720733345597351,1
P37,0.170757201862235,0.0398797722480207,0.105318487055128,P,37,K37P,0.0692654877682865,0
K38,0.279834772629727,0.326883657700281,0.303359215165004,K,38,A38K,0.199512209061737,0
N38,0.350114765326057,0.360438299002103,0.35527653216408,N,38,A38N,0.233657005346927,0
M38,0.409945505422592,0.265881140428489,0.337913322925541,M,38,A38M,0.22223763168558,0
I38,0.0967328949354612,0.024888952422495,0.0608109236789781,I,38,A38I,0.0399939118766459,0
R38,0.207775215818234,0.118657031552399,0.163216123685317,R,38,A38R,0.107343399386233,0
S38,1.0079885166699,0.951374251982169,0.979681384326033,S,38,A38S,0.64431336643996,0
T38,0.981024980625707,1.00443145522344,0.992728217924573,T,38,A38T,0.652893961531128,0
Y38,0.118909581543049,0.281406333230086,0.200157957386568,Y,38,A38Y,0.131639173109537,0
L38,0.423928641295431,0.370595456316981,0.397262048806206,L,38,A38L,0.261269890517772,0
F38,0.30770904700542,0.20230820873642,0.25500862787092,F,38,A38F,0.167713166875964,0
W38,0.138198922528561,0.0853584913346758,0.111778706931618,W,38,A38W,0.0735142221865965,0
C38,0.800535383003506,0.658042832038135,0.72928910752082,C,38,A38C,0.479636264904627,0
E38,0.246295037892212,0.10028080884351,0.173287923367861,E,38,A38E,0.113967384758818,0
D38,0.210234007669845,0.239805225443876,0.225019616556861,D,38,A38D,0.147990100637179,0
V38,0.51747029208599,0.575882129215212,0.546676210650601,V,38,A38V,0.359536064757671,0
G38,0.961406579333807,1.01925191547637,0.990329247405087,G,38,A38G,0.651316215137117,0
Q38,0.445972947830956,0.344756607127712,0.395364777479334,Q,38,A38Q,0.260022099863357,0
H38,0.409892601717581,0.360717566025286,0.385305083871433,H,38,A38H,0.253406076370861,0
P38,0.396365271810164,0.328197809799044,0.362281540804604,P,38,A38P,0.238264034500821,0
K39,0.303318848018326,0.300993615469447,0.302156231743887,K,39,T39K,0.198721035206408,0
N39,0.667008893668419,0.42759680917471,0.547302851421565,N,39,T39N,0.359948191629885,0
M39,1.04782421103482,0.63006701025101,0.838945610642913,M,39,T39M,0.551754763642087,0
I39,0.778376975391512,0.530942203258091,0.654659589324802,I,39,T39I,0.430554188962408,0
R39,0.33607175814111,0.134058214285168,0.235064986213139,R,39,T39R,0.154596703604145,0
S39,0.808293005206562,0.690843515419835,0.749568260313198,S,39,T39S,0.492973385945461,0
Y39,0.399555499582934,0.128361070370694,0.263958284976814,Y,39,T39Y,0.173599145512119,0
L39,0.540616798606909,0.439319304560441,0.489968051583675,L,39,T39L,0.322240444510523,0
F39,0.309972879454309,0.0906340775139164,0.200303478484113,F,39,T39F,0.131734878907103,0
W39,0.330129565170224,0.512905062535621,0.421517313852922,W,39,T39W,0.277222006916201,0
C39,1.07254502315416,1.08371877666584,1.07813189991,C,39,T39C,0.709061951172223,1
E39,0.284411527756391,0.427462435464864,0.355936981610627,E,39,T39E,0.234091367388583,0
D39,0.256026917632902,0.115049432826091,0.185538175229497,D,39,T39D,0.122024086808064,0
V39,0.785811562366805,0.726219489180237,0.756015525773521,V,39,T39V,0.497213600549447,0
G39,0.516415225782423,0.380557551528025,0.448486388655224,G,39,T39G,0.294958932057018,0
A39,0.520807686893567,0.555939837537167,0.538373762215367,A,39,T39A,0.354075740016806,0
Q39,0.863840300117058,0.928427578587671,0.896133939352364,Q,39,T39Q,0.589366180150945,0
H39,0.112910607456864,0.237389457558277,0.17515003250757,H,39,T39H,0.115192050071112,0
P39,0.543252012002331,0.106920155617587,0.325086083809959,P,39,T39P,0.21380145871249,0
K40,0.324987720951872,0.26081748924868,0.292902605100276,K,40,Q40K,0.192635142966427,0
N40,1.00734208900789,0.745089962384343,0.876216025696116,N,40,Q40N,0.576266637579616,0
M40,1.2766599181187,1.03994284404467,1.15830138108168,M,40,Q40M,0.761787530249145,1
I40,1.03212493739772,1.06260401619176,1.04736447679474,I,40,Q40I,0.688826941830167,1
R40,0.948991598032395,0.971474895045311,0.960233246538853,R,40,Q40R,0.631522784390402,0
S40,1.13896575510944,1.19042262779175,1.1646941914506,S,40,Q40S,0.765991931022407,1
T40,1.01887668926822,1.04723300155488,1.03305484541155,T,40,Q40T,0.679415834385923,1
Y40,0.720369981939215,0.460717595117969,0.590543788528592,Y,40,Q40Y,0.388386737264406,0
L40,1.00599791448099,1.14201598916012,1.07400695182056,L,40,Q40L,0.706349069992261,1
F40,0.658829090221679,0.746642286155833,0.702735688188756,F,40,Q40F,0.462172706574279,0
W40,0.494695763031459,0.598123878543017,0.546409820787238,W,40,Q40W,0.359360866420339,0
C40,1.1029365869487,1.08397237767415,1.09345448231143,C,40,Q40C,0.719139252637343,1
E40,0.664936438635594,0.945447939927056,0.805192189281325,E,40,Q40E,0.529555933599693,0
D40,0.673605773789797,0.671831843178863,0.67271880848433,D,40,Q40D,0.442431311951693,0
V40,0.923338635664559,0.971649842155262,0.947494238909911,V,40,Q40V,0.623144639187455,0
G40,1.09931650821163,1.09117301903044,1.09524476362104,G,40,Q40G,0.720316678477952,1
A40,1.09228637502039,1.19435703788051,1.14332170645045,A,40,Q40A,0.75193575114602,1
H40,0.955381006154654,0.917050858154103,0.936215932154378,H,40,Q40H,0.615727162536718,0
P40,0.446611991562798,0.28314074199317,0.364876366777984,P,40,Q40P,0.239970590412756,0
K41,0.929647563559347,1.01412056546927,0.971884064514308,K,41,L41K,0.639185252894597,0
N41,0.942658815075769,0.820280150866632,0.881469482971201,N,41,L41N,0.579721712664754,0
M41,0.919539913470172,0.710472092701682,0.815006003085927,M,41,L41M,0.536010247738169,0
I41,0.891927435693873,1.07528109790899,0.983604266801434,I,41,L41I,0.646893353825974,0
R41,0.951026577278197,0.82068300611161,0.885854791694904,R,41,L41R,0.58260582690011,0
S41,0.976277208025331,0.974723109216864,0.975500158621098,S,41,L41S,0.641563472798115,0
T41,1.05986498392114,1.00402632620698,1.03194565506406,T,41,L41T,0.678686346025474,1
Y41,0.833006422509534,0.667262162148194,0.750134292328864,Y,41,L41Y,0.493345651867179,0
F41,0.593537013716312,0.317066968388128,0.45530199105222,F,41,L41F,0.29944139318671,0
W41,0.756350710713543,0.808416664663336,0.78238368768844,W,41,L41W,0.514555319440965,0
C41,1.13515338290165,0.882922752317831,1.00903806760974,C,41,L41C,0.663620565430016,1
E41,1.09502880531084,0.771548122395259,0.933288463853048,E,41,L41E,0.613801835602315,0
D41,0.596142272760857,0.39317190095054,0.494657086855699,D,41,L41D,0.325324312541303,0
V41,1.03914493790942,0.910622181417074,0.974883559663245,V,41,L41V,0.641157950189812,0
G41,0.835789792850017,0.860662314818179,0.848226053834098,G,41,L41G,0.557858292493644,0
A41,1.04587990573383,1.06357504798674,1.05472747686028,A,41,L41A,0.693669413510477,1
Q41,0.957820113769632,1.05482937199349,1.00632474288156,Q,41,L41Q,0.661836075678727,1
H41,0.950391872986213,1.19648006280823,1.07343596789722,H,41,L41H,0.705973547317526,1
P41,0.421309356065908,0.204381888612768,0.312845622339338,P,41,L41P,0.205751195572765,0
K42,0.837628600866055,0.897062315232936,0.867345458049496,K,42,A42K,0.57043267421758,0
N42,1.13429535976344,1.11497104969705,1.12463320473025,N,42,A42N,0.739644763841669,1
M42,1.06305235794756,0.996670525774981,1.02986144186127,M,42,A42M,0.677315608103377,1
I42,0.67058039182575,0.855291937013737,0.762936164419743,I,42,A42I,0.501765141545737,0
R42,0.526715944316681,0.591464012627309,0.559089978471995,R,42,A42R,0.367700307401425,0
S42,1.09356208554616,1.15640585749537,1.12498397152077,S,42,A42S,0.73987545489618,1
T42,0.848489765495781,0.812651944811119,0.83057085515345,T,42,A42T,0.546246884255117,0
Y42,1.21151573064315,1.15253551947484,1.182025625059,Y,42,A42Y,0.777390406600404,1
L42,0.582173813430109,0.490368882420623,0.536271347925366,L,42,A42L,0.352693031668445,0
F42,1.04444260957277,1.12100291767239,1.08272276362258,F,42,A42F,0.712081254081153,1
W42,0.63769127961605,0.946455442918491,0.79207336126727,W,42,A42W,0.520927989477535,0
C42,1.14980067161982,1.24505695517653,1.19742881339817,C,42,A42C,0.787520720691803,1
E42,0.859958931744265,1.02983456346208,0.944896747603172,E,42,A42E,0.621436330348561,0
D42,0.837297045886927,0.914351362798222,0.875824204342574,D,42,A42D,0.576008945906198,0
V42,0.6015505874745,1.02356000542001,0.812555296447257,V,42,A42V,0.534398475717407,0
G42,0.925460284442746,1.07243202461669,0.998946154529716,G,42,A42G,0.656983351949755,0
Q42,0.900827545463798,0.871182344795626,0.886004945129712,Q,42,A42Q,0.582704579276762,0
H42,0.748111955096175,0.881447520391272,0.814779737743723,H,42,A42H,0.535861438353122,0
P42,0.329273159569381,0.514994283676851,0.422133721623116,P,42,A42P,0.277627403784885,0
K43,0.107510862727924,0.303878044876856,0.20569445380239,K,43,W43K,0.1352803963695,0
N43,0.720377661298552,0.638590258881049,0.6794839600898,N,43,W43N,0.446880592784354,0
M43,0.900650984175407,0.69819407686495,0.799422530520178,M,43,W43M,0.525761364958213,0
I43,0.699241982893375,0.606304692742992,0.652773337818184,I,43,W43I,0.429313645784161,0
R43,0.419054980357849,0.398496470772542,0.408775725565196,R,43,W43R,0.268842164474769,0
S43,0.737686150659051,0.802876640656268,0.77028139565766,S,43,W43S,0.50659592708673,0
T43,0.854554427937345,0.824283703731644,0.839419065834495,T,43,W43T,0.552066143967596,0
Y43,0.986842457946059,1.030221889912,1.00853217392903,Y,43,W43Y,0.663287851074417,1
L43,0.726786510151684,0.69519892899125,0.710992719571467,L,43,W43L,0.467603161589666,0
F43,0.728926137751153,0.461307243645259,0.595116690698206,F,43,W43F,0.391394227289678,0
C43,0.624074454054126,0.465501554578278,0.544788004316202,C,43,W43C,0.358294235935245,0
E43,0.460585431118995,0.359703995133356,0.410144713126175,E,43,W43E,0.269742515342041,0
D43,0.268988511837643,0.131783464215073,0.200385988026358,D,43,W43D,0.131789143489219,0
V43,0.672206932402032,0.635196115946709,0.653701524174371,V,43,W43V,0.42992409208375,0
G43,0.580959869668241,0.624664449137254,0.602812159402748,G,43,W43G,0.396455355761326,0
A43,0.951368301025687,0.691895445924735,0.821631873475211,A,43,W43A,0.540367926596231,0
Q43,0.556806991836565,0.628148200951776,0.592477596394171,Q,43,W43Q,0.389658557139575,0
H43,0.892909855732017,0.585031783224187,0.738970819478102,H,43,W43H,0.486003698770271,0
P43,0.217175905248487,0.0559710661079765,0.136573485678232,P,43,W43P,0.0898211640352008,0
K44,0.469313427035874,0.570146515319378,0.519729971177626,K,44,E44K,0.341814157874982,0
N44,0.597445914409949,0.778171372594232,0.68780864350209,N,44,E44N,0.452355540945801,0
M44,0.528162688371051,0.589580756218985,0.558871722295018,M,44,E44M,0.367556765455661,0
I44,0.216885585960194,0.180735461037407,0.1988105234988,I,44,E44I,0.130752997585359,0
R44,0.558859615184402,0.615927709818174,0.587393662501288,R,44,E44R,0.386314973589159,0
S44,0.481582457735125,0.342774986980736,0.412178722357931,S,44,E44S,0.27108023529513,0
T44,0.363292252528688,0.332034578439337,0.347663415484013,T,44,E44T,0.228650037861668,0
Y44,0.461374791951685,0.649152669779074,0.555263730865379,Y,44,E44Y,0.365183874492017,0
L44,0.428376347836365,0.284232310224738,0.356304329030551,L,44,E44L,0.234332963132435,0
F44,0.125635904885305,0.0944104974103296,0.110023201147817,F,44,E44F,0.0723596673900452,0
W44,0.6539025513773,0.474142055404794,0.564022303391047,W,44,E44W,0.370944181301464,0
C44,0.609492758912626,0.338168300189098,0.473830529550862,C,44,E44C,0.311627176448771,0
D44,0.765787199384119,0.852548993411979,0.809168096398049,D,44,E44D,0.532170794043113,0
V44,0.532607273592979,0.650026558117315,0.591316915855147,V,44,E44V,0.388895204893198,0
G44,0.545712119512746,0.601833925709836,0.573773022611291,G,44,E44G,0.377356999618236,0
A44,0.150580563966649,0.251529715271678,0.201055139619164,A,44,E44A,0.132229228727458,0
Q44,0.958344746910545,0.703098158118384,0.830721452514464,Q,44,E44Q,0.546345928591576,0
H44,0.462432925423588,0.858350449803082,0.660391687613335,H,44,E44H,0.434324054965926,0
P44,0.174487377919324,0.130200590203551,0.152343984061437,P,44,E44P,0.10019304928921,0
K45,0.279131749130769,0.164631689556827,0.221881719343798,K,45,W45K,0.145926379564963,0
N45,0.0599873791411853,0.126020686198438,0.0930040326698115,N,45,W45N,0.0611665612317442,0
M45,0.724972985018699,0.384267287705201,0.55462013636195,M,45,W45M,0.36476059754937,0
I45,0.367235085380057,0.403792351449475,0.385513718414766,I,45,W45I,0.25354329039485,0
R45,0.421992981620389,0.242871570986326,0.332432276303357,R,45,W45R,0.218632876448567,0
S45,0.187722875826633,0.30564764258039,0.246685259203511,S,45,W45S,0.162239083391252,0
T45,0.212726631774916,0.249717507541418,0.231222069658167,T,45,W45T,0.152069307920103,0
Y45,1.03219557940373,1.11396259785158,1.07307908862766,Y,45,W45Y,0.705738836229552,1
L45,0.821048675727709,0.885064616180981,0.853056645954345,L,45,W45L,0.561035259128603,0
F45,0.928022806548343,1.10138910077672,1.01470595366253,F,45,W45F,0.667348200558843,1
C45,0.423195588233955,0.585045368079249,0.504120478156602,C,45,W45C,0.3315481620546,0
E45,0.0869689725879985,0.591037710311783,0.339003341449891,E,45,W45E,0.222954511189613,0
D45,0.408656353300764,0.290143544151642,0.349399948726203,D,45,W45D,0.22979211486457,0
V45,0.298653372467653,0.281614448138322,0.290133910302987,V,45,W45V,0.190814237625133,0
G45,0.184157872011126,0.243227044175764,0.213692458093445,G,45,W45G,0.14054049536905,0
A45,0.272738970512735,0.0571728908620323,0.164955930687383,A,45,W45A,0.108487629463881,0
Q45,0.195077713777766,0.0021365883430909,0.0986071510604285,Q,45,W45Q,0.0648516001950023,0
H45,0.499513472217765,0.616243940261203,0.557878706239484,H,45,W45H,0.366903682190115,0
P45,0.192475156464674,0.240611057891127,0.216543107177901,P,45,W45P,0.142415300114277,0
K46,0.758059688462239,0.848141915654895,0.803100802058567,K,46,M46K,0.528180477493673,0
N46,0.243185665320815,0.621707554999026,0.432446610159921,N,46,M46N,0.284409947617174,0
I46,0.849187433775525,0.939170175063966,0.894178804419746,I,46,M46I,0.588080333966223,0
R46,0.81347924259155,0.698950170807464,0.756214706699507,R,46,M46R,0.497344597152022,0
S46,0.966204573671877,0.952825350269935,0.959514961970906,S,46,M46S,0.631050385551922,0
T46,0.843965241533492,0.83777491489567,0.840870078214581,T,46,M46T,0.553020440625996,0
Y46,0.435825568539767,0.458379242599117,0.447102405569442,Y,46,M46Y,0.294048718986357,0
L46,0.873041471273843,1.01112698295823,0.942084227116037,L,46,M46L,0.619586601883532,0
F46,1.04797161818577,0.902580025034852,0.975275821610309,F,46,M46F,0.64141593163121,0
W46,0.601507906700601,0.36297100587108,0.48223945628584,W,46,M46W,0.317157529458885,0
C46,0.942227332176017,0.928240277668611,0.935233804922314,C,46,M46C,0.615081240593842,0
E46,0.055770579246907,0.295719653264101,0.175745116255504,E,46,M46E,0.115583422632722,0
D46,0.0191787472301045,0.0050690199951854,0.012123883612645,D,46,M46D,0.00797359262895814,0
V46,0.964616355789279,0.991276367741256,0.977946361765268,V,46,M46V,0.643172282976641,0
G46,0.807374240468626,0.765749808094867,0.786562024281747,G,46,M46G,0.517303312982156,0
A46,0.678459055570632,0.977990071059027,0.828224563314829,A,46,M46A,0.544703783388469,0
Q46,1.01275170019426,0.860384887723058,0.93656829395866,Q,46,M46Q,0.615958902594204,0
H46,1.00063122613453,0.282606257148801,0.641618741641666,H,46,M46H,0.42197753066678,0
P46,0.332896634151549,0.0786954082607067,0.205796021206128,P,46,M46P,0.135347194858142,0
K47,0.557158753928149,0.770467062823596,0.663812908375872,K,47,G47K,0.436574111261893,0
N47,1.02801628432166,0.639749671949448,0.833882978135552,N,47,G47N,0.548425189511095,0
M47,0.801453510598379,0.310882060074119,0.556167785336249,M,47,G47M,0.36577844981915,0
I47,0.636898435096583,0.550557295990846,0.593727865543714,I,47,G47I,0.3904808297045,0
R47,0.941186218494225,0.949289607264891,0.945237912879558,R,47,G47R,0.621660706713426,0
S47,0.899423720996339,0.919653001946593,0.909538361471466,S,47,G47S,0.598181952787763,0
T47,0.864740341097042,0.963249045082978,0.91399469309001,T,47,G47T,0.601112777107847,0
Y47,0.888324220144494,0.999775601755587,0.944049910950041,Y,47,G47Y,0.620879385832178,0
L47,0.642147513460015,0.685025004465647,0.663586258962831,L,47,G47L,0.436425049282504,0
F47,0.950840102236791,0.773820623129377,0.862330362683084,F,47,G47F,0.567134364144276,0
W47,0.367113675317943,0.436790735006826,0.401952205162384,W,47,G47W,0.264354495859189,0
C47,0.758582849047789,0.982998335162701,0.870790592105245,C,47,G47C,0.572698457723126,0
E47,0.641252360841151,0.482149309817692,0.561700835329421,E,47,G47E,0.36941740644813,0
D47,0.462227385284225,0.836936301367246,0.649581843325735,D,47,G47D,0.427214675043976,0
V47,0.734323213421262,0.618467670621134,0.676395442021198,V,47,G47V,0.444849347212141,0
A47,0.848292438993538,0.827265948484376,0.837779193738957,A,47,G47A,0.550987638723635,0
Q47,0.850874639994251,0.924781474893078,0.887828057443664,Q,47,G47Q,0.58390359729547,0
H47,1.01494530128125,1.12936589215431,1.07215559671778,H,47,G47H,0.705131477356704,1
P47,0.346640340623041,0.0775375834857409,0.212088962054391,P,47,G47P,0.139485913800465,0
K48,0.426820835208966,0.245324247058659,0.336072541133813,K,48,F48K,0.221026992867608,0
N48,0.363837288235286,0.792369779462982,0.578103533849134,N,48,F48N,0.3802050748381,0
M48,0.791971949798682,0.786405030726929,0.789188490262806,M,48,F48M,0.519030677781744,0
I48,0.367207667500008,0.512551334906286,0.439879501203147,I,48,F48I,0.289298384946967,0
R48,0.348311924398698,0.371429697171028,0.359870810784863,R,48,F48R,0.236678554160531,0
S48,0.369935500532247,0.1951315725672,0.282533536549724,S,48,F48S,0.185815650862626,0
T48,0.400021843507114,0.579388434668824,0.489705139087969,T,48,F48T,0.322067533155977,0
Y48,1.34046593853686,1.2258362447316,1.28315109163423,Y,48,F48Y,0.843898243581222,1
L48,0.585014712917235,0.545125461481108,0.565070087199172,L,48,F48L,0.371633284027632,0
W48,1.24080146324121,1.14023945815997,1.19052046070059,W,48,F48W,0.782977259874494,1
C48,0.477083018299799,0.322756928240085,0.399919973269942,C,48,F48C,0.263017944820295,0
E48,0.443573130292872,0.0510710429266997,0.247322086609786,E,48,F48E,0.162657909773526,0
D48,0.0866828904413275,0.195542777807802,0.141112834124565,D,48,F48D,0.0928065865671528,0
V48,0.37306209603206,0.475666285995584,0.424364191013822,V,48,F48V,0.279094330956167,0
G48,0.269786954615816,0.218859136333811,0.244323045474813,G,48,F48G,0.160685511072599,0
A48,0.566839222019014,0.614524623055691,0.590681922537353,A,48,F48A,0.388477584747709,0
Q48,0.320623216434956,0.421808641195017,0.371215928814987,Q,48,F48Q,0.244139971012579,0
H48,1.12210600191453,1.25279513914758,1.18745057053105,H,48,F48H,0.780958265432645,1
P48,0.003331007292904,0.260956952368137,0.132143979830521,P,48,F48P,0.0869079823926125,0
K49,0.318866376892847,0.688195717512546,0.503531047202696,K,49,S49K,0.33116050720245,0
N49,1.1680011072913,1.11850620254962,1.14325365492046,N,49,S49N,0.751890995257952,1
M49,0.744132446483932,0.713720269472197,0.728926357978065,M,49,S49M,0.479397693076269,0
I49,0.849027720649051,0.920606509611051,0.884817115130051,I,49,S49I,0.581923371469729,0
R49,0.677275918141283,0.594966996706935,0.636121457424109,R,49,S49R,0.418362096345827,0
T49,1.04414052347037,1.08461145849987,1.06437599098512,T,49,S49T,0.700015013943822,1
Y49,0.830642924266017,0.601394868503799,0.716018896384908,Y,49,S49Y,0.470908759669616,0
L49,0.828294026062285,0.942559686491147,0.885426856276716,L,49,S49L,0.582324383857175,0
F49,0.45496463726852,0.471637799654531,0.463301218461526,F,49,S49F,0.304702296602319,0
W49,0.725615205539965,0.907277429453945,0.816446317496955,W,49,S49W,0.536957508594351,0
C49,1.04201042180619,1.04791436264011,1.04496239222315,C,49,S49C,0.68724714739745,1
E49,0.801327973978686,0.891593627133466,0.846460800556076,E,49,S49E,0.556697326999782,0
D49,0.625584457999845,0.73982384790441,0.682704152952127,D,49,S49D,0.448998437766311,0
V49,1.14251215409829,1.12065483906903,1.13158349658366,V,49,S49V,0.744215807053734,1
G49,1.09556957045425,1.10651419786929,1.10104188416177,G,49,S49G,0.724129308084899,1
A49,1.11891536916292,0.904087597326512,1.01150148324472,A,49,S49A,0.665240695858244,1
Q49,1.20583670889825,0.868451941855018,1.03714432537664,Q,49,S49Q,0.682105389016083,1
H49,0.805347910492671,0.559037439721839,0.682192675107255,H,49,S49H,0.448662050837498,0
P49,0.435256879839577,0.233031677575669,0.334144278707623,P,49,S49P,0.219758820097282,0
K50,0.591364515296252,0.527601520636902,0.559483017966577,K,50,S50K,0.367958800217507,0
N50,0.834946822251382,1.07106285570643,0.953004838978905,N,50,S50N,0.626768831030194,0
M50,0.878840804433066,0.968927595726036,0.923884200079551,M,50,S50M,0.607616872870825,0
I50,0.652972262357025,0.578276015915504,0.615624139136264,I,50,S50I,0.404881492998323,0
R50,0.748885095676775,0.816069102151839,0.782477098914307,R,50,S50R,0.51461675380357,0
T50,0.919226496130614,0.854843199352504,0.88703484774156,T,50,S50T,0.583381921961395,0
Y50,0.958125344220275,0.826396870870479,0.892261107545377,Y,50,S50Y,0.586819109910418,0
L50,0.850161532950997,0.797652373710618,0.823906953330808,L,50,S50L,0.541864193019307,0
F50,0.667669214901891,0.601507772613433,0.634588493757662,F,50,S50F,0.417353902257054,0
W50,0.420903156234825,0.800807945157206,0.610855550696016,W,50,S50W,0.401745304722972,0
C50,0.933604968270693,0.948264026852649,0.940934497561671,C,50,S50C,0.618830451841773,0
E50,0.61544952436363,0.398646928710125,0.507048226536878,E,50,S50E,0.333473673190327,0
D50,0.213821903642526,0.286195050445663,0.250008477044094,D,50,S50D,0.164424685474272,0
V50,0.805055689377048,0.921118751022323,0.863087220199686,V,50,S50V,0.567632131502357,0
G50,0.907937203274239,1.0886186010945,0.998277902184372,G,50,S50G,0.656543858125387,0
A50,1.17459420253664,1.18148958684076,1.1780418946887,A,50,S50A,0.774770400987413,1
Q50,0.883995733120514,0.660667435391708,0.772331584256111,Q,50,S50Q,0.507944287828129,0
H50,0.819002233380015,0.981751832210988,0.900377032795502,H,50,S50H,0.592156762746682,0
P50,0.027446674486383,0.162398301357354,0.0949224879218686,P,50,S50P,0.062428284054688,0
K51,0.945417716796435,0.803079517191011,0.874248616993723,K,51,D51K,0.574972719225667,0
N51,0.9740198022723,0.891235095553511,0.932627448912906,N,51,D51N,0.613367101648844,0
M51,1.11240998462998,1.01437570577685,1.06339284520341,M,51,D51M,0.699368422124839,1
I51,0.795157452248601,0.431053818122318,0.61310563518546,I,51,D51I,0.403225132282588,0
R51,0.892805006800004,0.984276604926512,0.938540805863258,R,51,D51R,0.617256177204019,0
S51,1.05989841491037,1.11010839545025,1.08500340518031,S,51,D51S,0.713581178304695,1
T51,0.963690079206557,1.01606681695174,0.989878448079148,T,51,D51T,0.651019735040698,0
Y51,1.07600529836121,0.907919042459084,0.991962170410147,Y,51,D51Y,0.652390150127983,0
L51,0.85293480919854,0.887701517509209,0.870318163353875,L,51,D51L,0.572387752463163,0
F51,0.723441068053136,0.688677721880763,0.70605939496695,F,51,D51F,0.464358630220048,0
W51,0.798533293762532,0.669525192295817,0.734029243029174,W,51,D51W,0.482753740356986,0
C51,0.952450062163282,0.956094721639253,0.954272391901267,C,51,D51C,0.627602470725318,0
E51,1.05568474708524,1.12504837952744,1.09036656330634,E,51,D51E,0.717108401055089,1
V51,0.851992738467419,0.933809661858287,0.892901200162853,V,51,D51V,0.587240083745174,0
G51,0.822253105959291,0.860925006450273,0.841589056204782,G,51,D51G,0.553493295511956,0
A51,1.1131849401634,1.06765751833638,1.09042122924989,A,51,D51A,0.717144353558302,1
Q51,0.983666279068356,0.934243269741166,0.958954774404761,Q,51,D51Q,0.630681963386966,0
H51,0.989391526062917,1.07962288509927,1.03450720558109,H,51,D51H,0.680371017453695,1
P51,0.723870486848893,0.70529433319157,0.714582410020232,P,51,D51P,0.469964016429337,0
K52,0.186324435211257,0.0052633029915166,0.095793869101387,K,52,Y52K,0.0630013709278393,0
N52,0.0787084787758768,0.297282747073117,0.187995612924497,N,52,Y52N,0.123640285686,0
M52,0.448660458866577,0.360318962593551,0.404489710730064,M,52,Y52M,0.26602335349069,0
I52,0.226350667641748,0.471333990115496,0.348842328878622,I,52,Y52I,0.229425381427622,0
R52,0.192487064550625,0.337918077687463,0.265202571119044,R,52,Y52R,0.174417483194085,0
S52,0.268406666097939,0.252501489923973,0.260454078010956,S,52,Y52S,0.171294511145276,0
T52,0.364304984977829,0.648972415862846,0.506638700420337,T,52,Y52T,0.333204337511386,0
L52,0.346219705311567,0.191279822323937,0.268749763817752,L,52,Y52L,0.176750388264735,0
F52,1.10907401911463,0.888221837435382,0.998647928275005,F,52,Y52F,0.656787215567858,0
W52,0.76126840672028,0.880055561763248,0.820661984241764,W,52,Y52W,0.539730053296734,0
C52,0.500489177076516,0.794310811038882,0.647399994057699,C,52,Y52C,0.425779724181947,0
E52,0.330048545152594,0.409292810816767,0.369670677984681,E,52,Y52E,0.243123695945605,0
D52,0.447601291633221,0.326069735549332,0.386835513591276,D,52,Y52D,0.25441260394265,0
V52,0.237480062965316,0.210269472892868,0.223874767929092,V,52,Y52V,0.147237160665854,0
G52,0.175065741252203,0.132597187412786,0.153831464332495,G,52,Y52G,0.101171330020366,0
A52,0.342163885430641,0.576873106543081,0.459518495986861,A,52,Y52A,0.3022144891468,0
Q52,0.272367945159313,0,0.136183972579657,Q,52,Y52Q,0.0895649904466949,0
H52,0.750403666517935,0.536676407775591,0.643540037146763,H,52,Y52H,0.423241121457236,0
P52,0.213965972303037,0.13308540856813,0.173525690435584,P,52,Y52P,0.114123758557773,0
N53,0.927785786062232,0.879306625327203,0.903546205694717,N,53,K53N,0.594241053100865,0
M53,0.767326245500548,0.55429804642031,0.660812145960429,M,53,K53M,0.434600580515352,0
I53,0.377955028474749,0.356621610179517,0.367288319327133,I,53,K53I,0.241556874781837,0
R53,1.03142704329926,0.878352824249217,0.954889933774241,R,53,K53R,0.628008613466682,0
S53,0.823614919938091,0.795353781973,0.809484350955545,S,53,K53S,0.532378787215028,0
T53,0.778118946775737,0.400762927782624,0.58944093727918,T,53,K53T,0.387661417979422,0
Y53,0.875949199279919,0.746271043969001,0.81111012162446,Y,53,K53Y,0.533448018282911,0
L53,0.704910768744459,0.814172039096758,0.759541403920608,L,53,K53L,0.499532487541639,0
F53,0.719954725660572,0.900945889572859,0.810450307616716,F,53,K53F,0.533014074154385,0
W53,0.617990588683708,0.589614265041788,0.603802426862748,W,53,K53W,0.397106631340343,0
C53,1.07504443274703,0.979865217404189,1.02745482507561,C,53,K53C,0.67573283294024,1
E53,0.711913208978516,0.693540231926832,0.702726720452674,E,53,K53E,0.462166808705526,0
D53,0,0,0,D,53,K53D,0,0
V53,0.720420063278338,0.626190584525125,0.673305323901731,V,53,K53V,0.44281704932417,0
G53,0.46574584837996,0.405716094386836,0.435730971383398,G,53,K53G,0.286569994618536,0
A53,0.607346787928778,0.683682134151867,0.645514461040322,A,53,K53A,0.424539653537146,0
Q53,1.01804239107204,0.869064205716893,0.943553298394464,Q,53,K53Q,0.620552775453927,0
H53,0.968900701583488,0.642367769755332,0.80563423566941,H,53,K53H,0.529846657095093,0
P53,0.176865031408015,0.183627160890366,0.180246096149191,P,53,K53P,0.118543611071512,0
K54,1.11972257356992,1.0953407472061,1.10753166038801,K,54,D54K,0.72839748101813,1
N54,0.936731621263177,1.00771399449219,0.972222807877686,N,54,D54N,0.639408036424334,0
M54,0.965742414245541,1.13779876879029,1.05177059151792,M,54,D54M,0.691724739681216,1
I54,1.05626487543183,1.22889924964098,1.14258206253641,I,54,D54I,0.751449304768814,1
R54,0.97653967383043,0.846261910394456,0.911400792112443,R,54,D54R,0.599406829543867,0
S54,1.00905254075853,1.11545959148765,1.06225606612309,S,54,D54S,0.698620789304763,1
T54,0.971732478272633,1.08595856156734,1.02884551991999,T,54,D54T,0.67664746017641,1
Y54,0.640064671124386,0.679102598086982,0.659583634605684,Y,54,D54Y,0.433792617539481,0
L54,0.98000882224642,0.971796242044514,0.975902532145467,L,54,D54L,0.64182810438569,0
F54,0.988497766780114,1.1191835384421,1.05384065261111,F,54,D54F,0.693086170094235,1
W54,0.827167410960446,0.872015421360571,0.849591416160509,W,54,D54W,0.558756259129547,0
C54,1.11366875433667,1.25145774461656,1.18256324947662,C,54,D54C,0.777743989514134,1
E54,0.941934001553447,0.763210497805843,0.852572249679645,E,54,D54E,0.560716683110485,0
V54,1.00375707160846,1.06132521970177,1.03254114565512,V,54,D54V,0.679077986158223,1
G54,1.1121309626295,1.0909899533451,1.1015604579873,G,54,D54G,0.724470361873019,1
A54,0.952787564424525,1.07956657182788,1.0161770681262,A,54,D54A,0.668315717884037,1
Q54,0.893901359140004,1.0906552189271,0.992278289033552,Q,54,D54Q,0.652598053899249,0
H54,1.06799634063355,1.0217226465727,1.04485949360313,H,54,D54H,0.687179473399222,1
P54,0.927844408806441,0.95856016987904,0.943202289342741,P,54,D54P,0.620321925069929,0
K55,1.08942200579347,1.14803164850961,1.11872682715154,K,55,N55K,0.735760278454798,1
M55,1.02168055400418,1.0292939810689,1.02548726753654,M,55,N55M,0.674438816699914,1
I55,0.708456216067943,1.01814887331868,0.863302544693313,I,55,N55I,0.567773745349048,0
R55,1.00399888454677,0.924538031634834,0.964268458090803,R,55,N55R,0.634176647963734,0
S55,1.05068846408994,0.975882665956935,1.01328556502344,S,55,N55S,0.66641404441344,1
T55,0.968269839296596,0.866816650002082,0.917543244649339,T,55,N55T,0.603446575869115,0
Y55,1.03931241669093,0.67558799308534,0.857450204888134,Y,55,N55Y,0.563924799332768,0
L55,0.897468014130488,0.784531070712262,0.840999542421375,L,55,N55L,0.553105586184795,0
F55,0.946537309416794,0.961364191910914,0.953950750663854,F,55,N55F,0.627390934860924,0
W55,1.00825146814351,0.736286353699049,0.872268910921277,W,55,N55W,0.573670713181143,0
C55,1.07767426117086,0.997648304412731,1.0376612827918,C,55,N55C,0.682445379729183,1
E55,0.947389393958604,1.1122856172634,1.029837505611,E,55,N55E,0.677299865795482,1
D55,1.17637752232782,1.11799097498334,1.14718424865558,D,55,N55D,0.754476054157816,1
V55,0.855587744700681,0.798758050246578,0.827172897473629,V,55,N55V,0.544012127540604,0
G55,1.09391365965394,1.04402433353556,1.06896899659475,G,55,N55G,0.703035725527981,1
A55,0.884996003297843,0.917269948999584,0.901132976148714,A,55,N55A,0.592653928881038,0
Q55,1.08544141384751,1.17159519226413,1.12851830305582,Q,55,N55Q,0.742199901482485,1
H55,1.01178381944558,1.20889157899652,1.11033769922105,H,55,N55H,0.73024294665196,1
P55,0.708567363032145,0.852432030149474,0.780499696590809,P,55,N55P,0.513316262880456,0
K56,1.11633128446398,0.992750837211812,1.0545410608379,K,56,H56K,0.693546812084279,1
N56,0.373715827706726,0.949092698494785,0.661404263100756,N,56,H56N,0.434990002009028,0
M56,0.59344858954998,1.0268037895564,0.810126189553187,M,56,H56M,0.532800909339806,0
I56,0.822709220740559,1.07825296754731,0.950481094143935,I,56,H56I,0.625109023508411,0
R56,1.02688649071349,0.963760857219342,0.995323673966418,R,56,H56R,0.654600931824249,0
S56,1.04536869557028,1.05791136962105,1.05164003259566,S,56,H56S,0.691638874153846,1
T56,1.09093381255001,1.12411533521551,1.10752457388276,T,56,H56T,0.728392820390576,1
Y56,0.481529090683145,1.06450434717713,0.773016718930137,Y,56,H56Y,0.508394884762345,0
L56,0.959189541585624,1.08422158230703,1.02170556194632,L,56,H56L,0.671951678025338,1
F56,0.743268486192051,0.617754657681918,0.680511571936984,F,56,H56F,0.447556428887036,0
W56,0.725959290403005,1.09276428543198,0.90936178791749,W,56,H56W,0.598065824521158,0
C56,1.1350710660827,0.704855306917787,0.919963186500241,C,56,H56C,0.605038114613741,0
E56,0.933611736319584,0.937126806903402,0.935369271611493,E,56,H56E,0.615170333843894,0
D56,0.660788571729831,0.665005097369689,0.66289683454976,D,56,H56D,0.435971631087978,0
V56,0.994822003152759,1.01477173940286,1.00479687127781,V,56,H56V,0.660831230519627,1
G56,0.914628077267933,0.993138833590439,0.953883455429186,G,56,H56G,0.627346676370472,0
A56,1.17314851205602,1.11968505182915,1.14641678194259,A,56,H56A,0.75397130938121,1
Q56,0.896177152890034,1.05753782800206,0.976857490446046,Q,56,H56Q,0.642456157962394,0
P56,0.386711091947893,0.34176067171679,0.364235881832342,P,56,H56P,0.239549358553007,0
K57,1.09743125113116,1.23043601238946,1.16393363176031,K,57,G57K,0.76549172883191,1
N57,0.964412190534459,0.949296439004099,0.956854314769279,N,57,G57N,0.629300540568833,0
M57,1.07318589802743,1.10338202729413,1.08828396266078,M,57,G57M,0.715738723673892,1
I57,0.928801749411651,0.961367090366788,0.945084419889219,I,57,G57I,0.621559757989777,0
R57,1.0452748940667,0.954879140781203,1.00007701742395,R,57,G57R,0.65772709383362,1
S57,0.904041865261058,0.954601732281824,0.929321798771441,S,57,G57S,0.611193053427661,0
T57,0.901555584707532,1.14064567922222,1.02110063196488,T,57,G57T,0.671553829827916,1
Y57,1.01828470406152,1.09832574743306,1.05830522574729,Y,57,G57Y,0.696022414666309,1
L57,1.06558673311788,0.968920601119742,1.01725366711881,L,57,G57L,0.669023771678191,1
F57,1.03277175771564,1.07106285570643,1.05191730671103,F,57,G57F,0.691821230807304,1
W57,0.82065661609453,0.743521652092298,0.782089134093414,W,57,G57W,0.51436159848082,0
C57,0.998568293910289,0.763301855920456,0.880935074915373,C,57,G57C,0.579370245076401,0
E57,1.00997874418811,0.904446646037515,0.957212695112813,E,57,G57E,0.629536238877796,0
D57,0.965662217104497,1.02615081640603,0.995906516755264,D,57,G57D,0.654984253795448,0
V57,0.646405561732118,0.911795603878427,0.779100582805273,V,57,G57V,0.512396098705027,0
A57,0.911545366090679,0.959624507924172,0.935584937007425,A,57,G57A,0.615312171894,0
Q57,1.08715850372493,1.24538988433438,1.16627419402965,Q,57,G57Q,0.767031061495823,1
H57,1.02270394666121,1.05456651993546,1.03863523329834,H,57,G57H,0.683085924032315,1
P57,0.931807536616585,0.837262743961494,0.884535140289039,P,57,G57P,0.581737923259759,0
K58,0.977173292639611,0.962223057999382,0.969698175319496,K,58,E58K,0.637747645067903,0
N58,0.960503139092114,1.21402841835984,1.08726577872598,N,58,E58N,0.715069088087076,1
M58,0.681079853467573,1.03780148869435,0.859440671080961,M,58,E58M,0.565233882054971,0
I58,0.971920225797045,1.11533446135251,1.04362734357478,I,58,E58I,0.686369117353443,1
R58,0.82236003011906,0.644801422603543,0.733580726361302,R,58,E58R,0.482458761511001,0
S58,0.818089978691604,0.918975687002407,0.868532832847005,S,58,E58S,0.571213582648881,0
T58,0.843012999160708,0.931198222558592,0.88710561085965,T,58,E58T,0.583428461197075,0
Y58,0.825076125754482,0.941615808446526,0.883345967100504,Y,58,E58Y,0.580955832069048,0
L58,0.929648745479492,0.898266469792712,0.913957607636102,L,58,E58L,0.601088386878498,0
F58,0.694708323393309,0.655342361822005,0.675025342607657,F,58,E58F,0.443948265105632,0
W58,0.884734493947376,0.419162836669945,0.65194866530866,W,58,E58W,0.428771278102869,0
C58,0.735441630222332,0.581784459470282,0.658613044846307,C,58,E58C,0.433154283520583,0
D58,0.862521844165771,0.822491452015414,0.842506648090592,D,58,E58D,0.554096774077971,0
V58,0.985280233362023,0.913231628461169,0.949255930911596,V,58,E58V,0.624303262513769,0
G58,1.07509951750161,1.22465969361077,1.14987960555619,G,58,E58G,0.756248726892211,1
A58,0.995369151454852,1.04941105478497,1.02239010311991,A,58,E58A,0.6724018846283,1
Q58,0.910195562807423,0.975233410564352,0.942714486685888,Q,58,E58Q,0.620001108754519,0
H58,0.297556444152705,1.01129700482959,0.654426724491145,H,58,E58H,0.430401039247308,0
P58,0.95065321846842,0.875458673488569,0.913055945978495,P,58,E58P,0.600495385248277,0
K59,0.910540069337257,0.803373221409246,0.856956645373252,K,59,Y59K,0.563600196867457,0
N59,0.624793832358132,0,0.312396916179066,N,59,Y59N,0.205456092102093,0
M59,0.503963234285687,0.635534291375649,0.569748762830668,M,59,Y59M,0.374710338766896,0
I59,0.75913898460358,0.412634087357782,0.585886535980681,I,59,Y59I,0.385323771982515,0
R59,0.613786918668875,0.667360212381454,0.640573565525164,R,59,Y59R,0.42129014295796,0
S59,0.319350883314726,0.513395646048328,0.416373264681527,S,59,Y59S,0.273838886963346,0
T59,0.656581919022351,0.222195049658474,0.439388484340413,T,59,Y59T,0.288975454724071,0
L59,0.586301750881471,0.383895933418818,0.485098842150144,L,59,Y59L,0.319038080178391,0
F59,0.947664139547052,1.17407692825806,1.06087053390256,F,59,Y59F,0.697709557404675,1
W59,1.21877946888715,1.1694719679215,1.19412571840433,W,59,Y59W,0.785348352931017,1
C59,1.01087453964231,0.691755420277555,0.851314979959935,C,59,Y59C,0.559889806435487,0
E59,0.620358422240042,0.583311627076744,0.601835024658393,E,59,Y59E,0.39581271726,0
D59,0.119508384100515,0,0.0597541920502575,D,59,Y59D,0.0392989243796721,0
V59,0.653629732622856,0.651774680618791,0.652702206620824,V,59,Y59V,0.429266864471417,0
G59,0.846449352071191,0.874292745249007,0.860371048660099,G,59,Y59G,0.565845769470273,0
A59,0.664332441695043,0.384776594005877,0.52455451785046,A,59,Y59A,0.344987148561601,0
Q59,0.399904453026444,0.480064026765336,0.43998423989589,Q,59,Y59Q,0.289367269117675,0
H59,0.619112066931932,0.503522652855091,0.561317359893511,H,59,Y59H,0.369165203688119,0
P59,0.435563614779563,0.887024482679664,0.661294048729613,P,59,Y59P,0.434917516613636,0
K60,0.756009212200624,0.934730882161844,0.845370047181234,K,60,P60K,0.555979964201893,0
N60,0.605110784828941,0.423408267939857,0.514259526384399,N,60,P60N,0.338216375211108,0
M60,0.592542221167738,0.613048018220651,0.602795119694195,M,60,P60M,0.396444149146445,0
I60,0.763036546579941,0.843556332898486,0.803296439739214,I,60,P60I,0.528309143787263,0
R60,0.658966350210141,0.601394063640224,0.630180206925182,R,60,P60R,0.41445467586089,0
S60,0.884694606069763,1.04410239491099,0.964398500490378,S,60,P60S,0.634262173786303,0
T60,0.516252025055673,0.915772685432238,0.716012355243956,T,60,P60T,0.470904457715313,0
Y60,0.639058093935754,0.62378849511976,0.631423294527757,Y,60,P60Y,0.415272225291561,0
L60,0.803746387818078,0.893612759572552,0.848679573695315,L,60,P60L,0.558156561822023,0
F60,0.504943386589076,0.420895023953887,0.462919205271482,F,60,P60F,0.304451055526965,0
W60,0.39055644826193,0.446839547197427,0.418697997729679,W,60,P60W,0.2753678091214,0
C60,1.13515175026867,1.09702651206521,1.11608913116694,C,60,P60C,0.734025527946445,1
E60,0.0396707245298694,0.0218764367641604,0.0307735806470149,E,60,P60E,0.0202390590056279,0
D60,0.181762414144778,0.0024722879845585,0.0921173510646682,D,60,P60D,0.0605834116291177,0
V60,0.953897362149307,0.967022190898357,0.960459776523832,V,60,P60V,0.631671767824768,0
G60,0.866942295421884,0.945488278094656,0.90621528675827,G,60,P60G,0.595996444836253,0
A60,0.973725258067018,0.995052409250427,0.984388833658722,A,60,P60A,0.647409344964628,0
Q60,0.599909919681632,0.570235433359551,0.585072676520592,Q,60,P60Q,0.384788515789095,0
H60,0.402857174281277,0.592211301937522,0.4975342381094,H,60,P60H,0.327216547138885,0
N61,1.11766039861745,1.14038924935165,1.12902482398455,N,61,K61N,0.74253302836433,1
M61,1.13779656514045,0.521832567504367,0.82981456632241,M,61,K61M,0.545749490908133,0
I61,0.414434865083863,0.931362452980429,0.672898659032146,I,61,K61I,0.442549595419944,0
R61,0.840996229881404,0.953860364191619,0.897428297036511,R,61,K61R,0.590217448706409,0
S61,0.945761851678194,0.721008531276293,0.833385191477244,S,61,K61S,0.548097806953138,0
T61,0.79088450742381,0.896813004181893,0.843848755802852,T,61,K61T,0.554979446701996,0
Y61,0.771028258088489,1.08065972864221,0.925843993365351,Y,61,K61Y,0.60890578274469,0
L61,0.970410112339761,0.877326817398428,0.923868464869095,L,61,K61L,0.607606524193609,0
F61,0.53877912530383,0.844663605896706,0.691721365600268,F,61,K61F,0.454928846091081,0
W61,0.788079952432945,0.842193368679543,0.815136660556244,W,61,K61W,0.536096178078275,0
C61,0.996992579779966,1.15591287264125,1.07645272621061,C,61,K61C,0.707957598189303,1
E61,1.02916381414765,0.954438461382038,0.991801137764844,E,61,K61E,0.652284242750889,0
D61,1.26394733858574,0.347939810680765,0.805943574633253,D,61,K61D,0.530050102043985,0
V61,0.95524835968826,0.980459676337769,0.967854018013015,V,61,K61V,0.636534786253401,0
G61,0.875752780190843,0.95833771240636,0.917045246298602,G,61,K61G,0.603119054086035,0
A61,1.02674008906967,1.04047737237213,1.0336087307209,A,61,K61A,0.679780111705058,1
Q61,0.960735369058046,0.907140017445283,0.933937693251665,Q,61,K61Q,0.614228818482777,0
H61,0.722587160930683,1.28818336270234,1.00538526181651,H,61,K61H,0.661218201115207,1
P61,1.08312858286436,0.956693040424673,1.01991081164451,P,61,K61P,0.670771313033842,1
K62,1.05471876207559,0.808687897009692,0.931703329542641,K,62,S62K,0.612759330110082,0
N62,0.993339068841158,0.861610364715629,0.927474716778393,N,62,S62N,0.609978271115705,0
M62,0.422107988236029,0.440961937241009,0.431534962738519,M,62,S62M,0.283810378585357,0
I62,0.910919461032814,0.832081200871941,0.871500330952377,I,62,S62I,0.573165236242352,0
R62,0.981007112679256,0.831142195542465,0.906074654110861,R,62,S62R,0.595903954057176,0
T62,0.899200363676419,0.801075484235492,0.850137923955955,T,62,S62T,0.559115684431592,0
Y62,0.816395884769822,0.54770270497657,0.682049294873196,Y,62,S62Y,0.448567753035411,0
L62,0.852594235922275,0.856413423484756,0.854503829703516,L,62,S62L,0.561987037786648,0
F62,0.570052699799148,0.204627927415996,0.387340313607572,F,62,S62F,0.254744599020929,0
W62,0.974057697591962,0.690965392239103,0.832511544915533,W,62,S62W,0.547523230191489,0
C62,0.447883590184921,0.771658699700688,0.609771144942804,C,62,S62C,0.401032116606287,0
E62,1.14617471583946,0.664520239283006,0.905347477561232,E,62,S62E,0.595425707171828,0
D62,0.706601955993146,0.816173082243672,0.761387519118409,D,62,S62D,0.500746634015137,0
V62,0.929391094210255,0.961563243541817,0.945477168876036,V,62,S62V,0.621818059745747,0
G62,0.979239696908349,1.03144748852486,1.0053435927166,G,62,S62G,0.661190796329867,1
A62,0.845881674518561,0.998933784923149,0.922407729720855,A,62,S62A,0.60664583309965,0
Q62,0.854519737696877,0.472536643448624,0.66352819057275,Q,62,S62Q,0.436386859070364,0
H62,1.11017364323892,0.651977659927869,0.881075651583396,H,62,S62H,0.579462699039155,0
P62,0.822705419820158,0.719687300837678,0.771196360328918,P,62,S62P,0.507197677795627,0
N63,1.01598452767419,0.850278459151174,0.93313149341268,N,63,K63N,0.613698599841706,0
M63,0.737093377389822,0.320498793840329,0.528796085615076,M,63,K63M,0.347776727754517,0
I63,0.333855990445934,0.673405848785183,0.503630919615558,I,63,K63I,0.331226190935524,0
R63,0.821177896359101,0.767360471956043,0.794269184157572,R,63,K63R,0.522372130461729,0
S63,0.782421716341995,0.780651565405564,0.78153664087378,S,63,K63S,0.513998236706295,0
T63,0.833041273053835,0.876806248861717,0.854923760957776,T,63,K63T,0.562263216679536,0
Y63,0.15667129827914,0.181491529217639,0.16908141374839,Y,63,K63Y,0.111200862482039,0
L63,0.645303648594631,0.603871755671153,0.624587702132892,L,63,K63L,0.410776617211209,0
F63,0.531758718043659,0.87153637647156,0.701647547257609,F,63,K63F,0.461457061919062,0
W63,0.307078250365591,0.272994209379266,0.290036229872429,W,63,K63W,0.19074999550718,0
C63,0.433499044459961,0.52432937404745,0.478914209253705,C,63,K63C,0.314970592824386,0
E63,0.603336266398357,0.897553537707067,0.750444902052712,E,63,K63E,0.493549932564989,0
D63,0.44555843202692,0.0213256652973921,0.233442048662156,D,63,K63D,0.153529335811181,0
V63,0.501522861434755,0.605768579302196,0.553645720368476,V,63,K63V,0.364119747106447,0
G63,0.696833298802209,0.99677549755357,0.846804398177889,G,63,K63G,0.556923303060931,0
A63,0.70604779928721,0.510982247712203,0.608515023499707,A,63,K63A,0.400205995125765,0
Q63,0.608422611000158,0.595072226101471,0.601747418550815,Q,63,K63Q,0.395755100786933,0
H63,0.621662878761394,0.364816412634632,0.493239645698013,H,63,K63H,0.324392094884981,0
P63,0.468686715125787,0.664893261393805,0.566789988259796,P,63,K63P,0.372764422436551,0
K64,1.1843986295795,1.04577781746827,1.11508822352388,K,64,D64K,0.733367254569699,1
N64,1.05848747752336,1.02042562795388,1.03945655273862,N,64,D64N,0.68362608647896,1
M64,1.08364709171788,1.00704530571018,1.04534619871403,M,64,D64M,0.687499567884515,1
I64,0.769160161537543,0.680247623034687,0.724703892286115,I,64,D64I,0.476620676866526,0
R64,0.711395815841301,1.03678845021953,0.874092133030417,R,64,D64R,0.574869803409561,0
S64,0.989719562927771,1.06293606727772,1.02632781510275,S,64,D64S,0.674991625031993,1
T64,0.967746301250306,0.737467023873918,0.852606662562112,T,64,D64T,0.560739315652561,0
Y64,0.512078038525114,0.938533207043014,0.725305622784064,Y,64,D64Y,0.477016420839031,0
L64,0.874564994590992,0.918041919606007,0.8963034570985,L,64,D64L,0.589477667978959,0
F64,0.972365502125987,0.578474498127414,0.7754200001267,F,64,D64F,0.509975466187116,0
W64,0.772504840767812,0.525963773873702,0.649234307320757,W,64,D64W,0.426986108801003,0
C64,0.996966786780267,0.90816373153458,0.952565259157423,C,64,D64C,0.62647972973754,0
E64,0.841366497259372,1.12659677356684,0.983981635413105,E,64,D64E,0.647141540271551,0
V64,1.18062718163815,1.03664122652806,1.1086342040831,V,64,D64V,0.729122598031881,1
G64,0.884184554644651,1.10088820493969,0.99253637979217,G,64,D64G,0.652767794110906,0
A64,0.804271479229995,0.862118658970047,0.833195069100021,A,64,D64A,0.547972767944677,0
Q64,0.989279286525077,0.62969403353587,0.809486660030474,Q,64,D64Q,0.53238030583921,0
H64,1.22845524499236,1.29153560457331,1.25999542478283,H,64,D64H,0.828669307010736,1
P64,0.967483524130795,1.08901410966334,1.02824881689707,P,64,D64P,0.67625502265579,1
K65,0.781531245347678,0.883351155256946,0.832441200302312,K,65,I65K,0.547476966196601,0
N65,0.966995800034364,1.02430313857014,0.995649469302249,N,65,I65N,0.654815199741307,0
M65,0.99862053562845,0.99693809917477,0.99777931740161,M,65,I65M,0.656215950659779,0
R65,1.04907341633257,1.08525451646968,1.06716396640113,R,65,I65R,0.701848599693823,1
S65,0.806255036325748,0.841629992914174,0.823942514619961,S,65,I65S,0.541887580841405,0
T65,0.861618596559043,0.803806441287167,0.832712518923105,T,65,I65T,0.54765540606158,0
Y65,0.917190851470217,1.03415806394084,0.975674457705529,Y,65,I65Y,0.641678105199683,0
L65,1.10212597397755,1.10942824512405,1.1057771095508,L,65,I65L,0.727243554267454,1
F65,1.03367115928473,1.23689872784089,1.13528494356281,F,65,I65F,0.746650161530599,1
W65,1.04470998813765,1.04366513500873,1.04418756157319,W,65,I65W,0.686737559532983,1
C65,1.0272076106952,0.960758751286236,0.993983180990719,C,65,I65C,0.653719321174419,0
E65,1.15044771599937,1.04857294718277,1.09951033159107,E,65,I65E,0.723122042040555,1
D65,0.406969134376445,0.68792242469784,0.547445779537142,D,65,I65D,0.360042192084297,0
V65,1.01079299834385,0.912095319743222,0.961444159043538,V,65,I65V,0.632319173017195,0
G65,0.534343451966847,0.57252900411787,0.553436228042358,G,65,I65G,0.363981968938929,0
A65,1.01751641923878,0.906340775139164,0.961928597188973,A,65,I65A,0.632637776572709,0
Q65,0.887602581861087,0.897442813855392,0.89252269785824,Q,65,I65Q,0.586991151696457,0
H65,0.976374907242925,0.947965314441851,0.962170110842388,H,65,I65H,0.632796614412809,0
P65,0.548029509003518,0.491100218985311,0.519564863994414,P,65,I65P,0.341705570770296,0
K66,0.296152738077095,0.60439345397741,0.450273096027253,K,66,L66K,0.296134007403077,0
N66,0.752620891353595,0.92167191262908,0.837146401991338,N,66,L66N,0.550571466498984,0
M66,1.09528451117419,1.0350706852754,1.0651775982248,M,66,L66M,0.700542212140526,1
I66,1.10987878937793,1.03347694103066,1.0716778652043,I,66,L66I,0.704817284595027,1
R66,0.390511325396636,0.369598045915775,0.380054685656205,R,66,L66R,0.249953013157324,0
S66,0.479156125342796,0.652886779283845,0.566021452313321,S,66,L66S,0.372258974450271,0
T66,0.93005642449989,0.839418095370773,0.884737259935331,T,66,L66T,0.581870852589447,0
Y66,1.10726629763649,1.14104148446066,1.12415389104857,Y,66,L66Y,0.73932953052524,1
F66,1.05754190585079,1.16105315008161,1.1092975279662,F,66,L66F,0.72955885052274,1
W66,0.575519491000023,0.859107676729748,0.717313583864886,W,66,L66W,0.471760245124029,0
C66,1.18311867305264,1.17634821860397,1.1797334458283,C,66,L66C,0.775882894321162,1
E66,0.118145569194106,0.466472131957431,0.292308850575768,E,66,L66E,0.19224464460375,0
D66,0.0707819409368911,0.0508195716918711,0.0608007563143811,D,66,L66D,0.0399872250404805,0
V66,1.03400111670778,1.12478506881756,1.07939309276267,V,66,L66V,0.709891407999345,1
G66,0.242326116733994,0.0680791568523866,0.15520263679319,G,66,L66G,0.102073117844709,0
A66,0.751324407213049,0.701118461548655,0.726221434380852,A,66,L66A,0.477618728550897,0
Q66,0.818105188217496,0.740423815447307,0.779264501832401,Q,66,L66Q,0.512503904387448,0
H66,1.0110995987038,1.0495676031266,1.0303336009152,H,66,L66H,0.677626135989688,1
P66,0.385589982811355,0.364154775725557,0.374872379268456,P,66,L66P,0.246544732334563,0
K67,0.993264142669785,1.10288417082169,1.04807415674574,K,67,G67K,0.689293681614794,1
N67,0.926189976778991,1.04183098120967,0.984010478994331,N,67,G67N,0.647160510015406,0
M67,0.997828613692577,0.779440183310866,0.888634398501722,M,67,G67M,0.584433908812999,0
I67,0.671427629070951,0.717916106244665,0.694671867657808,I,67,G67I,0.456869321784297,0
R67,1.00759253293673,0.978452355318695,0.993022444127715,R,67,G67R,0.653087467173344,0
S67,0.891467162039524,0.9927109509294,0.942089056484462,S,67,G67S,0.619589778045371,0
T67,0.656649991933947,0.767572704852942,0.712111348393445,T,67,G67T,0.468338857412427,0
Y67,0.952564170219068,0.925125544211528,0.938844857215299,Y,67,G67Y,0.617456144615198,0
L67,0.984375522878522,0.978353682008224,0.981364602443373,L,67,G67L,0.645420379341284,0
F67,0.858888951669564,0.742171410197869,0.800530180933716,F,67,G67F,0.526489840540381,0
W67,0.655449594221419,0.483060193813084,0.569254894017252,W,67,G67W,0.374385532883226,0
C67,1.02986177298642,0.913116845850452,0.971489309418435,C,67,G67C,0.638925631767963,0
E67,0.980677373055588,1.15913946994819,1.06990842150189,E,67,G67E,0.703653563157766,1
D67,0.923479607308357,1.09440345271155,1.00894153000995,D,67,G67D,0.663557074924936,1
V67,0.931956441023408,0.847044357467413,0.88950039924541,V,67,G67V,0.58500345710026,0
A67,1.15648202423924,1.14324519524868,1.14986360974396,A,67,G67A,0.756238206823348,1
Q67,1.06896412483275,1.09922442217112,1.08409427350194,Q,67,G67Q,0.712983263817802,1
H67,0.967106335716134,1.16034810510123,1.06372722040868,H,67,G67H,0.699588332819896,1
P67,0.275579559571883,0.101704906702518,0.188642233137201,P,67,G67P,0.124065552566356,0
K68,0.317444145266993,0.295341431500309,0.306392788383651,K,68,Y68K,0.201507318700565,0
N68,0.0946537309416794,0.214403194118942,0.154528462530311,N,68,Y68N,0.10162972931469,0
M68,0.299559794469773,0.246051275725065,0.272805535097419,M,68,Y68M,0.179417773486626,0
I68,0.278376061596651,0.511000712055909,0.39468838682628,I,68,Y68I,0.259577253665735,0
R68,0.114550974715657,0.184234250007202,0.14939261236143,R,68,Y68R,0.0982520016526306,0
S68,0.249262391058568,0.360899241332097,0.305080816195333,S,68,Y68S,0.200644465500682,0
T68,0.43082000735128,0.559131712014238,0.494975859682759,T,68,Y68T,0.325533961919783,0
L68,0.221546892514578,0.202405756153398,0.211976324333988,L,68,Y68L,0.139411834625356,0
F68,0.493706767103767,0.471506761633091,0.482606764368429,F,68,Y68F,0.317399099331499,0
W68,0.268839542233386,0.177247028413088,0.223043285323237,W,68,Y68W,0.146690314144642,0
C68,0.522849180439753,0.123010420078605,0.322929800259179,C,68,Y68C,0.212383321820405,0
E68,0.175176819429387,0.0506118130447128,0.11289431623705,E,68,Y68E,0.0742479321444612,0
D68,0.0519141030223868,0.188320143375512,0.120117123198949,D,68,Y68D,0.0789982021232754,0
V68,0.197048489683347,0.215795422652182,0.206421956167764,V,68,Y68V,0.135758857536188,0
G68,0.290849337302232,0.143232080355618,0.217040708828925,G,68,Y68G,0.142742560997302,0
A68,0.0748297909620197,0.21394926409337,0.144389527527695,A,68,Y68A,0.0949615906237163,0
Q68,0.408139239034183,0.260626161865135,0.334382700449659,Q,68,Y68Q,0.21991562446011,0
H68,0.307254580110275,0,0.153627290055137,H,68,Y68H,0.101037049408231,0
P68,0.379590883388254,0.220835627160494,0.300213255274374,P,68,Y68P,0.197443185356432,0
K69,0.0931622176056287,0.347430630470013,0.220296424037821,K,69,T69K,0.144883768189737,0
N69,0.79391415684995,0.918913433790625,0.856413795320288,N,69,T69N,0.56324317717647,0
M69,0.768082977498083,0.910241811474053,0.839162394486068,M,69,T69M,0.551897337268582,0
I69,0.874359965403375,0.7259841697415,0.800172067572437,I,69,T69I,0.526254317819357,0
R69,0.697552199767413,0.363766964462803,0.530659582115108,R,69,T69R,0.349002305501011,0
S69,1.03312614696808,0.95265784146451,0.992891994216294,S,69,T69S,0.653001673339835,0
Y69,0.645764601806291,0.704931713997128,0.675348157901709,Y,69,T69Y,0.444160573119418,0
L69,0.903806171718364,0.734706985295871,0.819256578507118,L,69,T69L,0.538805751054606,0
F69,1.07029181366956,0.929841009647883,1.00006641165872,F,69,T69F,0.657720118671686,1
W69,0.636178793372767,0.721492555783897,0.678835674578332,W,69,T69W,0.446454230676233,0
C69,1.06451152479338,1.06840950213493,1.06646051346415,C,69,T69C,0.701385955269616,1
E69,0.272149701613512,0.931237616294598,0.601693658954055,E,69,T69E,0.395719744366651,0
D69,0.103020653331092,0.176232928499282,0.139626790915187,D,69,T69D,0.0918292509576084,0
V69,1.00517453063572,1.10215514013837,1.05366483538704,V,69,T69V,0.692970539247991,1
G69,0.930020373705289,1.01107809583602,0.970549234770657,G,69,T69G,0.638307366819067,0
A69,0.926471246511445,0.956849901064192,0.941660573787818,A,69,T69A,0.619307975070289,0
Q69,0.665984983695802,0.692009923754187,0.678997453724994,Q,69,T69Q,0.446560629009684,0
H69,0.676040660059044,0.998423342476362,0.837232001267703,H,69,T69H,0.55062776312644,0
P69,0.294020626992062,0.0450646765681764,0.169542651780119,P,69,T69P,0.111504207869333,0
K70,0.900909357065421,0.896874656227284,0.898892006646352,K,70,N70K,0.591180096033689,0
M70,1.18143139315261,1.26165069427321,1.22154104371291,M,70,N70M,0.803378766516726,1
I70,0.904737090911585,0.76169676778598,0.833216929348782,I,70,N70I,0.547987144915288,0
R70,1.21444380910413,1.260106114343,1.23727496172357,R,70,N70R,0.813726593721499,1
S70,1.12480947678331,1.10264176578965,1.11372562128648,S,70,N70S,0.732471103179314,1
T70,0.684027540537358,0.617675303968202,0.65085142225278,T,70,N70T,0.42804964719465,0
Y70,1.27841287362886,1.31307067928341,1.29574177645614,Y,70,N70Y,0.852178840368279,1
L70,1.24719905638947,1.28680776829502,1.26700341234224,L,70,N70L,0.833278295329401,1
F70,1.19230650429522,1.1619316036705,1.17711905398286,F,70,N70F,0.77416347039612,1
W70,1.27760331485623,1.30210428932719,1.28985380209171,W,70,N70W,0.848306458341884,1
C70,1.04047530975337,0.925794171657537,0.983134740705451,C,70,N70C,0.646584557574075,0
E70,1.04114843552834,0.922019791905062,0.981584113716702,E,70,N70E,0.645564746734349,0
D70,1.03949101901127,0.915140200140515,0.977315609575893,D,70,N70D,0.642757452121398,0
V70,0.763873195402161,0.727643799615272,0.745758497508717,V,70,N70V,0.490467794702057,0
G70,1.00303689876536,1.03196112383521,1.01749901130029,G,70,N70G,0.669185128766358,1
A70,1.20790430264007,1.22741627233379,1.21766028748693,A,70,N70A,0.800826484572516,1
Q70,1.15194491315033,1.33327850863472,1.24261171089252,Q,70,N70Q,0.817236447922982,1
H70,0.777664957018871,0.79410698756352,0.785885972291195,H,70,N70H,0.516858689514884,0
P70,0.178067492309767,0.355257856412101,0.266662674360934,P,70,N70P,0.175377758698125,0
K71,0.024060316268024,0.0230914847169214,0.0235759004924727,K,71,V71K,0.015505314336057,0
N71,0.605357869673705,0.418771315245818,0.512064592459762,N,71,V71N,0.33677281887869,0
M71,0.685026832490101,0.486595398594533,0.585811115542317,M,71,V71M,0.385274169737011,0
I71,0.949800169735434,0.905402534171111,0.927601351953272,I,71,V71I,0.610061556086862,0
R71,0.186998302969707,0.31537123603025,0.251184769499978,R,71,V71R,0.165198305310572,0
S71,0.424587501517201,0.185143246227953,0.304865373872577,S,71,V71S,0.200502774160549,0
T71,0.668828027120312,0.954916586877874,0.811872306999093,T,71,V71T,0.533949289647701,0
Y71,0.332585189040194,0.0580400226749043,0.195312605857549,Y,71,V71Y,0.128452499559141,0
L71,0.69663583063174,0.844187611105711,0.770411720868726,L,71,V71L,0.506681638907754,0
F71,0.180707840178677,0.222109017163386,0.201408428671031,F,71,V71F,0.132461578613836,0
W71,0.126253891245723,0.231526303929631,0.178890097587677,W,71,V71W,0.117651802763184,0
C71,0.834746386518371,0.531463107027688,0.68310474677303,C,71,V71C,0.449261898884845,0
E71,0.691916470173191,0.368859617789195,0.530388043981193,E,71,V71E,0.348823721267424,0
D71,0.421588516379902,0.0400529382952913,0.230820727337597,D,71,V71D,0.151805354530972,0
G71,0.366619345646998,0.19565115916073,0.281135252403864,G,71,V71G,0.184896032321667,0
A71,0.485774420372207,0.952360899123663,0.719067659747935,A,71,V71A,0.472913859508542,0
Q71,0.0393014149055385,0.0181123256422695,0.028706870273904,Q,71,V71Q,0.0188798322822666,0
H71,0.191793497669323,0.512912352675233,0.352352925172278,H,71,V71H,0.231734217904833,0
P71,0.798259448325713,0.129814433939203,0.464036941132458,P,71,V71P,0.305186164070312,0
K72,0.381197472177997,0.180239950809033,0.280718711493515,K,72,H72K,0.184622083178097,0
N72,0.0318225080227832,0,0.0159112540113916,N,72,H72N,0.0104644569146465,0
M72,0.25454901972593,0.321032674267998,0.287790846996964,M,72,H72M,0.189273260088314,0
I72,0.556641942449569,0.0019633324899563,0.279302637469763,I,72,H72I,0.183690764653555,0
R72,0.386202148056474,0.0778154361715503,0.232008792114012,R,72,H72R,0.152586716745145,0
S72,0.266016874179693,0.162194083410176,0.214105478794934,S,72,H72S,0.140812129354184,0
T72,0.141830938867094,0.0184818148121999,0.0801563768396467,T,72,H72T,0.0527169606664643,0
Y72,0.0351809963303079,0.0882970090970602,0.061739002713684,Y,72,H72Y,0.0406042875934256,0
L72,0.547666072743667,0.367204435612566,0.457435254178116,L,72,H72L,0.300844390087681,0
F72,0,0.436325603386541,0.218162801693271,F,72,H72F,0.14348053503912,0
W72,0.0588066608375777,0.0157623269259088,0.0372844938817433,W,72,H72W,0.024521133251381,0
C72,0.145572098230164,0.295557256891285,0.220564677560725,C,72,H72C,0.145060192212043,0
E72,0.409408860059066,0,0.204704430029533,E,72,H72E,0.134629281057777,0
D72,0.0019322895711722,0,0.0009661447855861,D,72,H72D,0.000635410664353532,0
V72,0.673506488326747,0.335192914093989,0.504349701210368,V,72,H72V,0.331698916656862,0
G72,0.765186670184196,0.0016052033750967,0.383395936779646,G,72,H72G,0.252150475305639,0
A72,0.212627092422865,0.146861903481747,0.179744497952306,A,72,H72A,0.118213721754428,0
Q72,0.522623667537751,0.3169437421047,0.419783704821226,Q,72,H72Q,0.27608185309765,0
P72,0.325220183765114,0.0299398819763797,0.177580032870747,P,72,H72P,0.116790204062296,0
K73,0.390308740426102,0.138379968173623,0.264344354299863,K,73,G73K,0.173853054210593,0
N73,0.387348732477424,0.143327764518504,0.265338248497964,N,73,G73N,0.174506715009817,0
M73,0.0136512175901406,0.0749948146138703,0.0443230161020054,M,73,G73M,0.0291502034971318,0
I73,0.389017476912674,0.016674948493542,0.202846212703108,I,73,G73I,0.133407175299394,0
R73,0.121743985620343,0.0163740832828563,0.0690590344515995,R,73,G73R,0.0454185000169354,0
S73,0.470152008794767,0.0762793707677357,0.273215689781251,S,73,G73S,0.179687522559467,0
T73,0.696794204708819,0.323742344054296,0.510268274381558,T,73,G73T,0.335591422797595,0
Y73,0.3890253389864,0.0084948890925997,0.1987601140395,Y,73,G73Y,0.130719844471559,0
L73,0.312612740241005,0.442938387837667,0.377775564039336,L,73,G73L,0.248454088563078,0
F73,0.243387139998448,0.130734929369197,0.187061034683822,F,73,G73F,0.123025635594567,0
W73,0.783641611483773,0.448894444042601,0.616268027763187,W,73,G73W,0.405304963379064,0
C73,0.306833844596391,0.0449305510746411,0.175882197835516,C,73,G73C,0.11567357795843,0
D73,0.0167465096168258,0.198272342812872,0.107509426214849,D,73,G73D,0.070706416837931,0
V73,0.513761108432163,0.233518692684391,0.373639900558277,V,73,G73V,0.245734160122489,0
A73,0.844475358692157,0.232818454896242,0.538646906794199,A,73,G73A,0.35425538077137,0
Q73,0.151341803458671,0.338235520482607,0.244788661970639,Q,73,G73Q,0.160991736072579,0
H73,0.0120978129673391,0.436129828194328,0.224113820580834,H,73,G73H,0.147394379963132,0
P73,0.0371965742450651,0.147744874805721,0.092470724525393,P,73,G73P,0.060815817029213,0
K74,1.19433332017561,1.11583709924644,1.15508520971103,K,74,Y74K,0.759672330107522,1
N74,0.78994803835906,0.231227109292152,0.510587573825606,N,74,Y74N,0.335801418519662,0
M74,0.771024606632468,1.08117874321477,0.926101674923621,M,74,Y74M,0.609075253834919,0
I74,0.292188482754646,0.171412788983542,0.231800635869094,I,74,Y74I,0.152449817286755,0
R74,0.634517545277244,0.853138547159604,0.743828046218424,R,74,Y74R,0.489198182367377,0
S74,0.879463678279002,0.919591011350491,0.899527344814746,S,74,Y74S,0.591597942979293,0
T74,0.86735495362411,0.211206515176056,0.539280734400083,T,74,Y74T,0.354672234255598,0
L74,0.795080134814776,0.328403366932001,0.561741750873388,L,74,Y74L,0.369444315637479,0
F74,1.18066815805527,1.31534845337852,1.2480083057169,F,74,Y74F,0.820785661202156,1
W74,0.862513044900607,0.85127288869995,0.856892966800278,W,74,Y74W,0.563558316970197,0
C74,0.292776399383722,0.500938017158817,0.396857208271269,C,74,Y74C,0.261003636435466,0
E74,0.215952682474206,0.492727489542527,0.354340086008367,E,74,Y74E,0.23304112677178,0
D74,0.0220808584070911,0,0.0110404292035456,D,74,Y74D,0.0072610301888835,0
V74,1.14693617348297,0.935503481495442,1.04121982748921,V,74,Y74V,0.684785750741941,1
G74,0.499149814050236,0.585453514088863,0.54230166406955,G,74,Y74G,0.356659028529995,0
A74,0.921347215119746,1.08901164073047,1.00517942792511,A,74,Y74A,0.661082829014015,1
Q74,1.07615708235621,0.883331874023385,0.979744478189797,Q,74,Y74Q,0.644354861787747,0
H74,0.87591295471368,1.02792524496331,0.951919099838496,H,74,Y74H,0.626054765976162,0
P74,0.126249169846682,0.224530815122222,0.175389992484452,P,74,Y74P,0.115349866094759,0
K75,0.203341272539689,0.0021499410666456,0.102745606803167,K,75,A75K,0.0675733650403158,0
N75,0.291860674200288,0.0025478677579866,0.147204270979137,N,75,A75N,0.0968127810800002,0
M75,0.0872987385171252,0.0058982381099107,0.046598488313518,M,75,A75M,0.0306467279634498,0
I75,0.742470190913103,0.68792294228498,0.715196566599041,I,75,A75I,0.470367932742482,0
R75,0.377089760331349,0.137125242310877,0.257107501321113,R,75,A75R,0.169093546497401,0
S75,0.411182180794237,0.805913039725039,0.608547610259638,S,75,A75S,0.40022742667007,0
T75,0.46883255737954,1.02168517400726,0.745258865693401,T,75,A75T,0.490139198627805,0
Y75,0.0159263072318376,0.0261474837694096,0.0210368955006236,Y,75,A75Y,0.0138354705686044,0
L75,0.463321309675143,0.134808304961559,0.299064807318351,L,75,A75L,0.19668787819171,0
F75,0.454622442040511,0.997690907123277,0.726156674581894,F,75,A75F,0.47757613755678,0
W75,0.136233606912447,0.0970662953001479,0.116649951106297,W,75,A75W,0.0767179247200459,0
C75,0.874282215772074,1.04807279901739,0.961177507394731,C,75,A75C,0.632143802509744,0
E75,0.423150932451684,0.236291906042632,0.329721419247158,E,75,A75E,0.216850009627005,0
D75,0.624499513085237,0.0184034298332803,0.321451471459258,D,75,A75D,0.211411059796219,0
V75,0.790547511902355,0.989113075318615,0.889830293610485,V,75,A75V,0.585220420852284,0
G75,0.857137001502046,1.00579602928401,0.931466515393027,G,75,A75G,0.612603583022918,0
Q75,0.76406960935181,0.0084249493864092,0.38624727936911,Q,75,A75Q,0.254025736152771,0
H75,0.258244220928875,0.10196863344662,0.180106427187748,H,75,A75H,0.118451754085992,0
P75,0.198665879541227,0.225320241518986,0.211993060530106,P,75,A75P,0.139422841627259,0
K76,0.292694354715266,0.0094138685626275,0.151054111638947,K,76,Y76K,0.0993447305846711,0
M76,0.0057317353571849,0.755286342222821,0.380509038790003,M,76,Y76M,0.250251830509448,0
I76,0.0031849601256366,0.0017437632755529,0.0024643617005947,I,76,Y76I,0.00162075263329435,0
R76,0.536182486439166,0.165710399626565,0.350946443032866,R,76,Y76R,0.230809207736649,0
S76,0.0145437074038688,0.373690392675558,0.194117050039714,S,76,Y76S,0.127666210663506,0
T76,0.432594519854501,0.197976413943002,0.315285466898752,T,76,Y76T,0.207355823859897,0
L76,0.40075103106241,0.317455928781343,0.359103479921876,L,76,Y76L,0.236173898729271,0
F76,0.078480684121456,0,0.039240342060728,F,76,Y76F,0.0258074485214359,0
W76,0.004227550664001,0.0041391906618151,0.0041833706629081,W,76,Y76W,0.00275130433017136,0
C76,0.0536973101883646,0.0019119118771241,0.0278046110327444,C,76,Y76C,0.0182864376354213,0
D76,0.281516817993403,0.267876289190828,0.274696553592116,D,76,Y76D,0.180661451800629,0
V76,0.822058652427616,0.441651643615673,0.631855148021644,V,76,Y76V,0.415556245160579,0
G76,0.158870251482576,0.176110697723553,0.167490474603065,G,76,Y76G,0.110154539286635,0
A76,0.0045344395270174,0,0.0022672197635087,A,76,Y76A,0.00149109702568295,0
Q76,0.009810085515182,0,0.004905042757591,Q,76,Y76Q,0.00322593106517949,0
H76,0.618928676621507,0,0.309464338310754,H,76,Y76H,0.203527404725861,0
P76,0.424316793365723,0.0128002601762827,0.218558526771003,P,76,Y76P,0.143740794099971,0
K77,1.06754006569771,1.08717297318688,1.0773565194423,K,77,H77K,0.708552001705582,1
N77,1.29388580819779,0,0.646942904098894,N,77,H77N,0.425479106884491,0
M77,0.331396396942342,0.298319762060654,0.314858079501498,M,77,H77M,0.20707474123742,0
I77,0.655696545019628,0.700557228986872,0.67812688700325,I,77,H77I,0.445988077786224,0
R77,1.077238012212,0.99041227836595,1.03382514528897,R,77,H77R,0.679922442468029,1
S77,1.18440696221252,1.18313936901378,1.18377316561315,S,77,H77S,0.778539722853065,1
T77,0.941548334548652,1.11996167178887,1.03075500316876,T,77,H77T,0.67790328232416,1
Y77,0.696662490764716,0.652991441110086,0.674826965937401,Y,77,H77Y,0.443817797443104,0
L77,0.881830979663494,0.841999633446031,0.861915306554762,L,77,H77L,0.566861391506867,0
F77,0.840688960221346,0.60003840420656,0.720363682213953,F,77,H77F,0.473766222951822,0
W77,0.823867821630521,0.823644027065562,0.823755924348041,W,77,H77W,0.54176486481539,0
C77,0.761651154216348,0.959342894133861,0.860497024175105,C,77,H77C,0.565928620598672,0
E77,0.035745946636342,0.0047096949465814,0.0202278207914617,E,77,H77E,0.0133033611931464,0
D77,1.0975931453068,0.335783806376638,0.71668847584172,D,77,H77D,0.471349126303932,0
V77,0.905927219063022,0.803002988392132,0.854465103727577,V,77,H77V,0.561961568624607,0
G77,0.388946121747304,0.0647531351917009,0.226849628469502,G,77,H77G,0.149193656359399,0
A77,0.944080190870251,0.56332785155148,0.753704021210865,A,77,H77A,0.495693378454658,0
Q77,1.14633987979916,0.630245373359562,0.888292626579361,Q,77,H77Q,0.584209133471368,0
P77,1.04388085676886,0.0234453427267776,0.533663099747817,P,77,H77P,0.350977648289038,0
K78,0.865345849342089,0.234892030618107,0.550118939980098,K,78,T78K,0.361800266731413,0
N78,0.549866700202132,0.982643863114908,0.76625528165852,N,78,T78N,0.503948046759554,0
M78,0.969940068826588,1.0128117440161,0.991375906421344,M,78,T78M,0.652004578114171,0
I78,0.988964373730055,1.05418865224878,1.02157651298942,I,78,T78I,0.671866805566612,1
R78,0.825217435281935,0.926365088708099,0.875791261995017,R,78,T78R,0.575987280500289,0
S78,0.831032018624752,0.78614050710077,0.808586262862761,S,78,T78S,0.531788135834202,0
Y78,0.867156883824319,0.814529347077187,0.840843115450753,Y,78,T78Y,0.553002707851435,0
L78,1.1869297480988,1.09971933842776,1.14332454326328,L,78,T78L,0.751937616850987,1
F78,0.0390296556604019,0.641945490009073,0.340487572834737,F,78,T78F,0.223930655204847,0
W78,0.922393958826944,1.14053326672291,1.03146361277493,W,78,T78W,0.678369318168209,1
C78,1.19083978289301,0.356691059575969,0.773765421234492,C,78,T78C,0.508887288629458,0
E78,1.09995583838978,1.29263895692392,1.19629739765685,E,78,T78E,0.786776615213434,1
D78,1.10512816925105,0.795100612276237,0.950114390763644,D,78,T78D,0.624867851334253,0
V78,1.24658435534187,1.25327712786472,1.2499307416033,V,78,T78V,0.822050001994528,1
G78,0.278629376199625,0.895816405477203,0.587222890838414,G,78,T78G,0.386202661089647,0
A78,0.761012525270759,0.473497911747176,0.617255218508968,A,78,T78A,0.405954215475622,0
Q78,1.02168476075259,0.781388382813268,0.901536571782931,Q,78,T78Q,0.592919364221469,0
H78,0.530993174158124,0.13062181944512,0.330807496801622,H,78,T78H,0.217564297247988,0
P78,0.0510124446789464,0.0394919502487934,0.0452521974638699,P,78,T78P,0.0297613041885143,0
K79,0.685189881937667,0.317823362518492,0.501506622228079,K,79,I79K,0.329829090589488,0
N79,0.836822411183481,0.257908945924556,0.547365678554019,N,79,I79N,0.359989511554773,0
M79,0.980847334007679,0.0777099666185935,0.529278650313136,M,79,I79M,0.348094099187828,0
R79,0.302627018495877,0.0019233604512386,0.152275189473558,R,79,I79R,0.100147804709474,0
S79,0.684687780275865,1.2475130763805,0.966100428328184,S,79,I79S,0.635381491630001,0
T79,0.976703759074726,1.07558198445185,1.02614287176329,T,79,I79T,0.674869992154657,1
Y79,0.41807467242271,0.627069653114052,0.522572162768381,Y,79,I79Y,0.343683400325849,0
L79,0.904464068485267,0.575349711917908,0.739906890201588,L,79,I79L,0.486619330432487,0
F79,1.25982391985021,1.0613817277317,1.16060282379095,F,79,I79F,0.763301134900006,1
W79,0.0143340753643321,0.0152675986928337,0.0148008370285829,W,79,I79W,0.00973416182504678,0
C79,0.618281049030302,1.20052315579602,0.90940210241316,C,79,I79C,0.598092338415203,0
E79,1.1505585486003,1.15047092275167,1.15051473567598,E,79,I79E,0.75666643700915,1
D79,0.0031949339047356,0,0.0015974669523678,D,79,I79D,0.00105061638030895,0
V79,0.952929839261897,1.22316855353446,1.08804919639818,V,79,I79V,0.715584323433771,1
G79,0.93590036868868,0.989754687408484,0.962827528048582,G,79,I79G,0.633228982221421,0
A79,0.81453809600071,0.69280065519496,0.753669375597835,A,79,I79A,0.495670592851174,0
Q79,0.329650504575547,0.332358092453343,0.331004298514445,Q,79,I79Q,0.217693729098117,0
H79,0.586794038200425,0.0023411165842336,0.294567577392329,H,79,I79H,0.193730156018309,0
P79,0.301686500789468,0.592474038872975,0.447080269831222,P,79,I79P,0.29403416083282,0
N80,0.628305770239223,0.498248842195118,0.563277306217171,N,80,K80N,0.37045421421138,0
M80,0.578297759954876,0.372623196469667,0.475460478212272,M,80,K80M,0.312699155283889,0
I80,0.856430889415134,0.003244456518756,0.429837672966945,I,80,K80I,0.282694111088553,0
R80,1.36240090022863,1.39919196974556,1.3807964349871,R,80,K80R,0.908117285505914,1
S80,0.548333505221789,0.463649478545071,0.50599149188343,S,80,K80S,0.332778683704062,0
T80,1.01267064415718,0.542525860525511,0.777598252341347,T,80,K80T,0.511408051351874,0
Y80,0,0.0058935999148046,0.0029467999574023,Y,80,K80Y,0.00193804090917292,0
L80,0.208510943079344,0.0166377597594917,0.112574351419418,L,80,K80L,0.0740374988218635,0
F80,0.140569436215947,0.383101308210583,0.261835372213265,F,80,K80F,0.172202955800623,0
W80,0.0521179775357657,0.0011083547113763,0.026613166123571,W,80,K80W,0.017502852387565,0
C80,0.084351286476998,0.0058613356816944,0.0451063110793462,C,80,K80C,0.0296653581503083,0
E80,0.553160400118612,0.496542910696584,0.524851655407598,E,80,K80E,0.345182568932752,0
D80,0.349995696676179,0.993399615324441,0.67169765600031,D,80,K80D,0.441759724019989,0
V80,0.564393004958556,0.718139687972571,0.641266346465563,V,80,K80V,0.421745768661434,0
G80,0.553671655661735,0.617070041636017,0.585370848648876,G,80,K80G,0.384984616573316,0
A80,0.887206005071989,0.0019950384804773,0.444600521776233,A,80,K80A,0.292403288956723,0
Q80,1.00408465202176,0.637208839047488,0.820646745534624,Q,80,K80Q,0.539720031158052,0
H80,0.411528965477215,0.00365832796534,0.207593646721277,H,80,K80H,0.136529450809714,0
P80,0.0179892752016436,0.119409089916525,0.0686991825590841,P,80,K80P,0.045181833904875,0
K81,0.902342771443628,1.04540408714964,0.973873429296634,K,81,T81K,0.640493611245062,0
N81,0.864993627164743,0.270415790752176,0.56770470895846,N,81,T81N,0.373366012690421,0
M81,1.24943090310428,1.37521898096573,1.31232494203501,M,81,T81M,0.863085197691485,1
I81,1.19245275307318,1.0415619582506,1.11700735566189,I,81,T81I,0.734629422564588,1
R81,0.856709280010334,1.14101042702693,0.998859853518631,R,81,T81R,0.656926593807905,0
S81,0.523354047827081,0.778504592136101,0.650929319981591,S,81,T81S,0.428100878695718,0
Y81,0.943182882733481,1.3884070162029,1.16579494946819,Y,81,T81Y,0.766715873638135,1
L81,0.983016780713515,0.934323220575362,0.958670000644439,L,81,T81L,0.630494674393705,0
F81,1.24074661006503,0.615794950423729,0.928270780244378,F,81,T81F,0.610501823303054,0
W81,0.907421368877258,0.898255756670372,0.902838562773815,W,81,T81W,0.593775653022943,0
C81,0.494160381598329,1.02361469575842,0.758887538678372,C,81,T81C,0.499102455776043,0
E81,1.27226807526288,1.3971713069843,1.33471969112359,E,81,T81E,0.877813696575607,1
D81,1.01485695319467,0.759951546124023,0.887404249659344,D,81,T81D,0.583624868900088,0
V81,0.924532288332832,1.04320132849997,0.983866808416401,V,81,T81V,0.647066021260995,0
G81,1.21871820090524,0.989615140982076,1.10416667094366,G,81,T81G,0.726184406735397,1
A81,0.815921461774835,0.91890568509857,0.867413573436703,A,81,T81A,0.570477472103035,0
Q81,0.155631187156108,0.741413438797007,0.448522312976558,Q,81,T81Q,0.294982558636828,0
H81,0.961248735142424,1.48903504362573,1.22514188938408,H,81,T81H,0.805746957883369,1
P81,0.973918592410309,1.01428262082747,0.994100606618892,P,81,T81P,0.653796549243672,0
N82,0.813862667015252,0.726248214635097,0.770055440825174,N,82,K82N,0.506447321916608,0
M82,0.550520588399059,0.965840546464277,0.758180567431668,M,82,K82M,0.498637497442418,0
I82,0.995912681438513,0.810825321836328,0.903369001637421,I,82,K82I,0.594124510167081,0
R82,0.97930263059307,0.915473311429677,0.947387971011374,R,82,K82R,0.623074749294122,0
S82,1.13672070474581,1.18887509916361,1.16279790195471,S,82,K82S,0.764744786095098,1
T82,1.27564511377426,1.28499128233922,1.28031819805674,T,82,K82T,0.84203511621463,1
Y82,0.692636231575847,0.658992409412195,0.675814320494021,Y,82,K82Y,0.444467157274191,0
L82,0.837523209511608,1.00520208505527,0.92136264728344,L,82,K82L,0.605958507001358,0
F82,0.965896601604488,1.14348933014592,1.0546929658752,F,82,K82F,0.693646716448624,1
W82,1.07873136869256,1.11579782258018,1.09726459563637,W,82,K82W,0.721645074409794,1
C82,1.10173108867916,0.590511751741753,0.846121420210455,C,82,K82C,0.556474124541831,0
E82,0.789438488146318,0.808064557099091,0.798751522622704,E,82,K82E,0.525320058872126,0
D82,1.30128967676387,1.32609878236268,1.31369422956327,D,82,K82D,0.863985745840172,1
V82,1.14713315428708,1.07842752819047,1.11278034123877,V,82,K82V,0.731849414761516,1
G82,0.810525677574704,1.08161315092144,0.94606941424807,G,82,K82G,0.622207565574395,0
A82,0.789362296060699,0.376616841964269,0.582989569012484,A,82,K82A,0.383418505056341,0
Q82,0.444562678099973,0.990319173064867,0.71744092558242,Q,82,K82Q,0.471843994771644,0
H82,0.701665426810029,0.560277085082692,0.630971255946361,H,82,K82H,0.414974930166024,0
P82,0.896863152625071,0.889769876026756,0.893316514325914,P,82,K82P,0.587513226085953,0
K83,0.485801073428503,0.0013099559353868,0.243555514681945,K,83,A83K,0.160180724152167,0
N83,0.934030677220146,0.671260310609048,0.802645493914597,N,83,A83N,0.527881032053857,0
M83,0.0578491640689083,0.528451285855639,0.293150224962274,M,83,A83M,0.192797996716059,0
I83,0.0119560417216281,0.0254316069166154,0.0186938243191218,I,83,A83I,0.0122944878522691,0
R83,0.884705356015759,0.667261139030529,0.775983247523144,R,83,A83R,0.510345900730374,0
S83,1.02604576229245,1.15791487830972,1.09198032030108,S,83,A83S,0.718169731012493,1
T83,0.558472062268764,0.53896062125341,0.548716341761087,T,83,A83T,0.360877810926177,0
Y83,0.599679627448059,0.0017067013568376,0.300693164402448,Y,83,A83Y,0.197758810283926,0
L83,0.21862476290977,0.108275570734998,0.163450166822384,L,83,A83L,0.107497324043728,0
F83,0.793140097316577,0.996278003763536,0.894709050540057,F,83,A83F,0.588429064347636,0
W83,0.732868033022774,0.420391641485017,0.576629837253896,W,83,A83W,0.379235859305805,0
C83,1.12410924606261,0.974164623106102,1.04913693458436,C,83,A83C,0.689992645561578,1
E83,0.233149661247418,0.550211654610885,0.391680657929152,E,83,A83E,0.257599141228312,0
D83,0.254131339367744,0.274220731754752,0.264176035561248,D,83,A83D,0.173742354941578,0
V83,0.332216276734776,0.0520820651695057,0.192149170952141,V,83,A83V,0.126371982948305,0
G83,0.262474012577396,0.202744612333194,0.232609312455295,G,83,A83G,0.152981664826121,0
Q83,0.93281553209742,0.395534380694214,0.664174956395817,Q,83,A83Q,0.436812221715226,0
H83,0.779696197862339,0.176797532955654,0.478246865408997,H,83,A83H,0.314531696499483,0
P83,0.236138008771002,0.190837919509567,0.213487964140285,P,83,A83P,0.140406004513671,0
K84,0.49855699901646,0.481692317508573,0.490124658262517,K,84,Y84K,0.322343441033746,0
N84,0.882566969807242,0.988403978215803,0.935485474011523,N,84,Y84N,0.615246757424815,0
M84,0.615057409003164,0.738566496044576,0.67681195252387,M,84,Y84M,0.445123276357298,0
I84,0.733763910143336,0.432805000523217,0.583284455333276,I,84,Y84I,0.383612444842385,0
R84,0.913562058485877,0.753786207870539,0.833674133178208,R,84,Y84R,0.548287837102768,0
S84,0.81784084503278,1.17816922085302,0.998005032942901,S,84,Y84S,0.656364398453719,0
T84,0.529985849430857,1.13730036982577,0.833643109628312,T,84,Y84T,0.548267433644876,0
L84,0.640334521751601,0.50088517513592,0.570609848443761,L,84,Y84L,0.37527665448856,0
F84,1.19215896355926,1.15219088307633,1.17217492331779,F,84,Y84F,0.770911832135053,1
W84,1.15216323497457,0.806100396254783,0.979131815614675,W,84,Y84W,0.64395192804563,0
C84,0.0044294452687941,0.575961847953524,0.290195646611159,C,84,Y84C,0.19085484014059,0
E84,1.03058925398682,0.982342762463301,1.00646600822506,E,84,Y84E,0.661928982567118,1
D84,1.12513907571718,0.56439216479447,0.844765620255827,D,84,Y84D,0.555582446852572,0
V84,0.601645470474976,0.553346006419811,0.577495738447394,V,84,Y84V,0.379805342121252,0
G84,0.136734387799238,0.452257343462361,0.294495865630799,G,84,Y84G,0.193682992882187,0
A84,1.07994787551747,0.876363755232895,0.978155815375183,A,84,Y84A,0.643310035681425,0
Q84,0.59749382717882,1.0381328162047,0.817813321691757,Q,84,Y84Q,0.537856555048414,0
H84,0.984611457176471,1.41917157941132,1.20189151829389,H,84,Y84H,0.79045573656614,1
P84,0.827854777297204,0.945124572034847,0.886489674666026,P,84,Y84P,0.583023374473192,0
K85,0.831617667274142,1.22305668901633,1.02733717814524,K,85,R85K,0.675655459325746,1
N85,0.0369655396224249,0.590614516824648,0.313790028223536,N,85,R85N,0.206372309073816,0
M85,1.07743098495946,0.46339672163176,0.770413853295609,M,85,R85M,0.506683041354677,0
I85,0.688882943241671,0.525846368567965,0.607364655904818,I,85,R85I,0.399449425459785,0
S85,0.583818187096128,0.659840905111917,0.621829546104023,S,85,R85S,0.408962642969625,0
T85,0.846081621451503,0.851267251778214,0.848674436614859,T,85,R85T,0.55815318328523,0
Y85,0.174937964736701,0.382508574228595,0.278723269482648,Y,85,R85Y,0.183309727977593,0
L85,0.820260328878417,0.549666481392778,0.684963405135598,L,85,R85L,0.450484294702309,0
F85,1.05009469552074,0.795931533504139,0.92301311451244,F,85,R85F,0.607043980414989,0
W85,0.315117160505578,0.246071005407858,0.280594082956718,W,85,R85W,0.184540117925534,0
C85,1.05224817373685,0.395973939207134,0.724111056471994,C,85,R85C,0.476230782718026,0
E85,0.708956643050181,0.732775126074874,0.720865884562528,E,85,R85E,0.47409650960524,0
D85,0.789241483930536,0.289877156370005,0.53955932015027,D,85,R85D,0.354855453540374,0
V85,0.294504835259897,0.596062503578697,0.445283669419297,V,85,R85V,0.292852579067488,0
G85,0.978545289169862,0.975608657677662,0.977076973423762,G,85,R85G,0.642600506746101,0
A85,0.768191329883872,0.898655997019424,0.833423663451648,A,85,R85A,0.548123109064354,0
Q85,0.992490452249796,1.12438028089556,1.05843536657268,Q,85,R85Q,0.696108005221218,1
H85,1.13543828478945,1.13164170311854,1.133539993954,H,85,R85H,0.74550254928165,1
P85,0.422182317537324,0.511040128412937,0.46661122297513,P,85,R85P,0.306879208591474,0
K86,0.860786426845096,1.14609525446058,1.00344084065284,K,86,L86K,0.659939401123919,1
N86,0.991104748197029,0.630599978129989,0.810852363163509,N,86,L86N,0.5332784966156,0
M86,1.29613722801312,1.04752233260439,1.17182978030876,M,86,L86M,0.770684839709138,1
I86,1.15411764552629,1.05015046959963,1.10213405756296,I,86,L86I,0.724847604800663,1
R86,0.636582639000275,0.246962182971858,0.441772410986066,R,86,L86R,0.290543307116677,0
S86,0.861113862073177,0.761488801399925,0.811301331736551,S,86,L86S,0.533573772668969,0
T86,1.01643185586674,0.754106580008049,0.885269217937396,T,86,L86T,0.58222070883516,0
Y86,0.630025491975022,0.65086048256318,0.640442987269101,Y,86,L86Y,0.421204264715203,0
F86,0.500331481842371,0.170867302552846,0.335599392197609,F,86,L86F,0.220715813959046,0
W86,0.16592380190015,0.0121025318521798,0.0890131668761651,W,86,L86W,0.0585418628189196,0
C86,1.1755611230007,1.19972987022479,1.18764549661274,C,86,L86C,0.781086463724366,1
E86,0.536825768613818,0.729647051571901,0.633236410092859,E,86,L86E,0.416464668684062,0
D86,0.348952490426772,0.851789059220464,0.600370774823618,D,86,L86D,0.394849714639508,0
V86,0.991579254227218,1.08168351532435,1.03663138477579,V,86,L86V,0.681768040067124,1
G86,0.884505055163777,0.528635258941504,0.70657015705264,G,86,L86G,0.464694546410909,0
A86,1.23416518931474,1.06187818924872,1.14802168928173,A,86,L86A,0.755026819128613,1
Q86,0.464233199294714,0.397471191900571,0.430852195597643,Q,86,L86Q,0.283361338721917,0
H86,1.13262779398552,0.0179442008579247,0.575285997421721,H,86,L86H,0.378352047507319,0
P86,0.8895406389359,0.757502889713986,0.823521764324943,P,86,L86P,0.541610863284706,0
K87,0.189474794521801,0.644492637104314,0.416983715813058,K,87,N87K,0.274240366291112,0
M87,0.682813832974117,0.564272370221498,0.623543101597808,M,87,N87M,0.410089608048727,0
I87,0.732795590687669,0.96999110984186,0.851393350264764,I,87,N87I,0.55994134873867,0
R87,0.056206180329662,0.0597871287891446,0.0579966545594033,R,87,N87R,0.0381430333772563,0
S87,0.825750025629998,0.325105861050937,0.575427943340468,S,87,N87S,0.378445401994016,0
T87,0.0164869117783667,0.0211455691479166,0.0188162404631417,T,87,N87T,0.0123749980662243,0
Y87,0.531003959030149,0.0068559486735721,0.268929953851861,Y,87,N87Y,0.176868895005124,0
L87,0.229400475309286,0.0010579749517682,0.115229225130527,L,87,N87L,0.0757835467162556,0
F87,0.280301939415969,0.204580453658057,0.242441196537013,F,87,N87F,0.159447863360145,0
W87,0.11516707849552,0.704758315555272,0.409962697025396,W,87,N87W,0.269622807640624,0
C87,0.923251130797103,0.056643364326416,0.48994724756176,C,87,N87C,0.322226762195425,0
E87,0,0.0061650901220125,0.0030825450610062,E,87,N87E,0.00202731726583344,0
D87,1.03392136026737,1.35720251117451,1.19556193572094,D,87,N87D,0.786292919224722,1
V87,0.384350210173764,0.024186836999763,0.204268523586764,V,87,N87V,0.134342595659762,0
G87,0.588992371128625,0.431633826373453,0.510313098751039,G,87,N87G,0.335620902729398,0
A87,0.7391471074022,0.519939486321282,0.629543296861741,A,87,N87A,0.414035795116946,0
Q87,0.511952849824552,0.705865530118891,0.608909189971721,Q,87,N87Q,0.400465229128355,0
H87,0.847220613626112,1.33881039099359,1.09301550230985,H,87,N87H,0.718850545832107,1
P87,0.572561114110702,0.0622827802631017,0.317421947186902,P,87,N87P,0.20876093661269,0
K88,0.944961280769953,0.435688750137514,0.690325015453733,K,88,S88K,0.454010499495915,0
N88,0.257916066453694,0.0040351908964428,0.130975628675069,N,88,S88N,0.0861395853625197,0
M88,0.968657360260696,0.452601684366474,0.710629522313585,M,88,S88M,0.467364295309617,0
I88,0.0118084362682746,0.859602317970433,0.435705377119354,I,88,S88I,0.286553161874042,0
R88,1.05930946967472,0.670712206548386,0.865010838111552,R,88,S88R,0.568897249685032,0
T88,0.881582732565557,1.25945990230561,1.07052131743559,T,88,S88T,0.704056650374322,1
Y88,0.231657317430179,0.102649249325208,0.167153283377693,Y,88,S88Y,0.109932776561499,0
L88,0.355149931309121,0.360394545099205,0.357772238204163,L,88,S88L,0.235298372413871,0
F88,0.47286436103459,0.677557969954789,0.575211165494689,F,88,S88F,0.378302832311853,0
W88,0.272261541184621,0.366176255436326,0.319218898310474,W,88,S88W,0.20994274903281,0
C88,0.739218796761656,0.559948444012905,0.64958362038728,C,88,S88C,0.427215843775489,0
E88,0.474582989431182,0.0463270954841615,0.260455042457672,E,88,S88E,0.17129514543916,0
D88,0.0033820405312008,0.829412130867516,0.416397085699358,D,88,S88D,0.273854553485581,0
V88,0.685910573723671,0.358435196357816,0.522172885040743,V,88,S88V,0.34342080477085,0
G88,0.543483648722818,0.287375666130361,0.41542965742659,G,88,S88G,0.273218298701945,0
A88,0.784503271793081,1.03343481414185,0.908969042967465,A,88,S88A,0.597807525420092,0
Q88,0.0265821672024286,0.444773824402736,0.235677995802582,Q,88,S88Q,0.154999865569406,0
H88,0.737997296116737,0.596413852676036,0.667205574396387,H,88,S88H,0.438805387776745,0
P88,0.27393779590402,0.125621505938621,0.19977965092132,P,88,S88P,0.131390369859756,0
K89,0.0649355660477414,0.0293859486603326,0.047160757354037,K,89,G89K,0.031016519065065,0
N89,1.12692891096836,0.827522163610213,0.977225537289286,N,89,G89N,0.642698213700483,0
M89,0.386587002473018,0.0054074275312601,0.195997215002139,M,89,G89M,0.128902750865028,0
I89,1.05442596569634,0.625974110880639,0.840200038288488,I,89,G89I,0.552579771151882,0
R89,0.370420995672449,0.199026507552406,0.284723751612428,R,89,G89R,0.187256103710721,0
S89,0.731688182367695,0.351610775982354,0.541649479175024,S,89,G89S,0.356230101889501,0
T89,0.763233666942276,1.13076331796574,0.946998492454006,T,89,G89T,0.622818598422554,0
Y89,0.688668003165777,0.0216054615710888,0.355136732368433,Y,89,G89Y,0.233565062314833,0
L89,0.192983587012945,0.282379755918039,0.237681671465492,L,89,G89L,0.156317635848884,0
F89,0.316932542204768,0.0019754071055157,0.159453974655142,F,89,G89F,0.104869122600472,0
W89,0,0.0144252033842898,0.0072126016921449,W,89,G89W,0.00474355821331997,0
C89,0.657605970019685,0.0762495419244755,0.36692775597208,C,89,G89C,0.241319740757626,0
E89,0,0.0585184364010461,0.029259218200523,E,89,G89E,0.0192430985009984,0
D89,0.0142581367115068,0.562751420436535,0.288504778574021,D,89,G89D,0.189742796067237,0
V89,0.415233448992561,0.368252938842314,0.391743193917438,V,89,G89V,0.257640269674541,0
A89,0.706468418151935,0.942190173046768,0.824329295599351,A,89,G89A,0.542141957579488,0
Q89,0.807821704593286,0.342914713921784,0.575368209257535,Q,89,G89Q,0.378406116294928,0
H89,0.300431208900953,0.0027930538726682,0.151612131386811,H,89,G89H,0.099711727026615,0
P89,0.771035230720636,0.0386284236398548,0.404831827180245,P,89,G89P,0.266248355420151,0
K90,0.571308084425869,0.273568152358041,0.422438118391955,K,90,N90K,0.277827598368555,0
M90,0.331935946276084,0.853580838049704,0.592758392162894,M,90,N90M,0.389843229901478,0
I90,0.651703261935136,0.486760475635306,0.569231868785221,I,90,N90I,0.374370389730564,0
R90,0.0715447398831191,0.205297692347228,0.138421216115174,R,90,N90R,0.091036372813429,0
S90,0.47959661779686,0.684075539605025,0.581836078700942,S,90,N90S,0.382659881653186,0
T90,0.853664101067423,0.979562754543458,0.91661342780544,T,90,N90T,0.602835057236169,0
Y90,0.733367026473566,0.168172338015623,0.450769682244595,Y,90,N90Y,0.296460600459292,0
L90,0.184160838219252,0.264800087591406,0.224480462905329,L,90,N90L,0.147635511982331,0
F90,0.267968168120431,0.0386648532285114,0.153316510674471,F,90,N90F,0.100832657131129,0
W90,0.386146833560446,0.373489762042852,0.379818297801649,W,90,N90W,0.249797546434376,0
C90,0.774364321400798,1.15820319607088,0.966283758735839,C,90,N90C,0.635502063720087,0
E90,0.466356372952498,0.222214663454427,0.344285518203462,E,90,N90E,0.226428474399158,0
D90,0.985315418329744,0.919138316655833,0.952226867492788,D,90,N90D,0.626257177511781,0
V90,0.770980007605311,0.464249230804469,0.61761461920489,V,90,N90V,0.406190584846313,0
G90,0.576817898823278,0.726467412476344,0.651642655649811,G,90,N90G,0.428570022759437,0
A90,0.399462029747882,0.0747912824263458,0.237126656087114,A,90,N90A,0.155952615309972,0
Q90,0.869050820537936,0.735140777972872,0.802095799255404,Q,90,N90Q,0.527519510826604,0
H90,0.756178239856543,0.89915926021817,0.827668750037356,H,90,N90H,0.54433823809012,0
P90,0.522466899157969,0.204690588062962,0.363578743610465,P,90,N90P,0.239117174225809,0
K91,1.01195617008343,1.04569874095769,1.02882745552056,K,91,L91K,0.676635579646479,1
N91,0.377127716019354,0.0098377088930123,0.193482712456183,N,91,L91N,0.127249021778994,0
M91,0.844907228478365,1.07505993057945,0.959983579528909,M,91,L91M,0.631358584279795,0
I91,0.967600779331118,1.16418253539861,1.06589165736486,I,91,L91I,0.70101183201463,1
R91,1.2177903250152,1.30198686058877,1.25988859280199,R,91,L91R,0.828599046133761,1
S91,0.807359224424033,0.813395746988107,0.81037748570607,S,91,L91S,0.532966180899344,0
T91,0.569221612714864,0.200380221540451,0.384800917127657,T,91,L91T,0.253074497780999,0
Y91,0.723361470272236,0.0060571346107165,0.364709302441476,Y,91,L91Y,0.239860716134455,0
F91,1.2238689933035,0.605067196419459,0.91446809486148,F,91,L91F,0.601424122300207,0
W91,0.0658225092631567,0.290202312026725,0.178012410644941,W,91,L91W,0.11707456873812,0
C91,1.26737209412628,0.975552333425978,1.12146221377613,C,91,L91C,0.737559277795605,1
E91,0.933929729400137,0.710302493480297,0.822116111440217,E,91,L91E,0.540686398497793,0
D91,0.0261230157673125,0.006646687953582,0.0163848518604473,D,91,L91D,0.0107759310626153,0
V91,0.742390763329895,0.607191116403602,0.674790939866749,V,91,L91V,0.443794103945164,0
G91,0.441199541174548,0.55393812185748,0.497568831516014,G,91,L91G,0.327239298407439,0
A91,1.0146431304274,1.15152913439667,1.08308613241203,A,91,L91A,0.712320233173473,1
Q91,0.724590302537487,0.967300275019679,0.845945288778582,Q,91,L91Q,0.556358287048517,0
H91,0.692359255681659,0.806023418762226,0.749191337221943,H,91,L91H,0.492725492508165,0
P91,0.649145703323302,0.571043545268639,0.61009462429597,P,91,L91P,0.401244861356108,0
K92,0.641704165207381,0.0016279837575106,0.321666074482446,K,92,S92K,0.211552199148799,0
N92,0.451292576283818,0.0167292289248361,0.234010902604327,N,92,S92N,0.153903457647481,0
M92,0.398936314356711,0,0.199468157178356,M,92,S92M,0.1311855077634,0
I92,0.100101025798993,0.0009907501399039,0.0505458879694486,I,92,S92I,0.033242839721505,0
R92,0.30982829789927,0.0821274461503565,0.195977872024814,R,92,S92R,0.128890029444537,0
T92,0.63329844948834,0.887008129345172,0.760153289416756,T,92,S92T,0.499934910217222,0
Y92,0,0.371007709826745,0.185503854913372,Y,92,S92Y,0.122001515144691,0
L92,0.16133838553536,0.106492839026163,0.133915612280762,L,92,S92L,0.0880731433177579,0
F92,0.198697121563464,0.0022603884261566,0.10047875499481,F,92,S92F,0.0660825100100676,0
W92,0.994335156830918,1.06121958617271,1.02777737150181,W,92,S92W,0.675944964125973,1
C92,0.171850434202124,0.0020749431224602,0.0869626886622924,C,92,S92C,0.0571933116042805,0
E92,0.677605063355885,0,0.338802531677942,E,92,S92E,0.222822443333422,0
D92,0.415862320752281,0,0.20793116037614,D,92,S92D,0.136751425589131,0
V92,0.409491292543484,0.205820755219262,0.307656023881373,V,92,S92V,0.202338118927216,0
G92,0.311392837889316,0.0292394884512307,0.170316163170274,G,92,S92G,0.112012928087707,0
A92,0.466438257463345,0.0034414413788234,0.234939849421084,A,92,S92A,0.154514404084072,0
Q92,0.249444112747271,0.463589354123293,0.356516733435282,Q,92,S92Q,0.234472656505453,0
H92,0.019039004826858,0.301604554267398,0.160321779547128,H,92,S92H,0.105439857433566,0
P92,0.115275646682768,0.0410345139442676,0.0781550803135176,P,92,S92P,0.051400755089197,0
K93,0.556631518861438,0.182534134849907,0.369582826855673,K,93,Q93K,0.243065918327716,0
N93,0.320462793495945,0.203880491484862,0.262171642490404,N,93,Q93N,0.172424112839802,0
M93,1.39693801053689,1.49839811317126,1.44766806185407,M,93,Q93M,0.952097179086943,1
I93,1.29641661785315,1.28249730157571,1.28945695971443,I,93,Q93I,0.848045464459442,1
R93,0.224278851605713,0.271183717598872,0.247731284602292,R,93,Q93R,0.162927029653019,0
S93,0.266426656299735,0.463848349647344,0.36513750297354,S,93,Q93S,0.240142333536541,0
T93,0.754589448768148,0.616556126848174,0.685572787808161,T,93,Q93T,0.450885071329783,0
Y93,1.09601166069736,1.06646919670479,1.08124042870108,Y,93,Q93Y,0.711106357325183,1
L93,1.18758697898323,1.06814150791898,1.12786424345111,L,93,Q93L,0.741769741889268,1
F93,1.22390431877428,0.777368415737954,1.00063636725612,F,93,Q93F,0.658094965040677,1
W93,0.785867390999985,0.727590149217878,0.756728770108932,W,93,Q93W,0.497682684545729,0
C93,0.159382416000854,0.926475490908342,0.542928953454598,C,93,Q93C,0.357071581980412,0
E93,0.243143427908997,0.640431831232989,0.441787629570993,E,93,Q93E,0.290553316021453,0
D93,0.645889850738156,0.0180305402365515,0.331960195487354,D,93,Q93D,0.218322400017498,0
V93,0.605088337716949,0.474116121176212,0.53960222944658,V,93,Q93V,0.35488367397367,0
G93,0.332673749612882,0.31828560205558,0.325479675834231,G,93,Q93G,0.214060314914333,0
A93,0.288296390650247,0.119651055431583,0.203973723040915,A,93,Q93A,0.134148712285878,0
H93,0.936936564090439,0.543547564530053,0.740242064310246,H,93,Q93H,0.486839766547482,0
P93,0.266525694109102,0.255692051039665,0.261108872574384,P,93,Q93P,0.171725154103526,0
K94,0.526405014240192,0.125906391908174,0.326155703074183,K,94,T94K,0.214504922103718,0
N94,0.723501485271219,0.0014533990740129,0.362477442172616,N,94,T94N,0.238392874215379,0
M94,0.0006636484563609,0.0042291138295833,0.0024463811429721,M,94,T94M,0.00160892724414474,0
I94,0.0016580426222842,0.702759514151328,0.352208778386806,I,94,T94I,0.231639415959941,0
R94,0.439101685735496,0.152390416333336,0.295746051034416,R,94,T94R,0.194505210369388,0
S94,0.782048524283095,0.679590643864653,0.730819584073874,S,94,T94S,0.480642823277515,0
Y94,0.040647366278045,0.408905745427523,0.224776555852784,Y,94,T94Y,0.147830245338304,0
L94,0.517068150801329,0.578961973520983,0.548015062161156,L,94,T94L,0.360416595854546,0
F94,0.0018004392239628,0.0174329006977939,0.0096166699608783,F,94,T94F,0.00632465727691472,0
W94,0.200836396373805,0.0242440722729571,0.112540234323381,W,94,T94W,0.0740150608115548,0
C94,0.721236331248727,0.438328253171544,0.579782292210136,C,94,T94C,0.381309154662747,0
E94,0,0.0009166700780732,0.0004583350390366,E,94,T94E,0.000301436157391334,0
D94,0.588908145135327,0.487837921475442,0.538373033305385,D,94,T94D,0.354075260629883,0
V94,0.718192827003669,1.14378224369202,0.930987535347846,V,94,T94V,0.612288569131355,0
G94,0.592807229941749,0.832010937286724,0.712409083614236,G,94,T94G,0.468534670852883,0
A94,0.984486744609804,0.508007998764656,0.74624737168723,A,94,T94A,0.490789315732019,0
Q94,0,0.01128605746159,0.005643028730795,Q,94,T94Q,0.003711287053757,0
H94,0.0081886801803302,0,0.0040943400901651,H,94,T94H,0.00269275101992388,0
P94,0.176935978332435,0.009784764277727,0.0933603713050813,P,94,T94P,0.061400916757282,0
K95,0.0702006119435042,0.0030974078626504,0.0366490099030774,K,95,I95K,0.0241031904097963,0
N95,0.080545965282547,0.0158853212342657,0.0482156432584064,N,95,I95N,0.0317102926726159,0
M95,0.88351450577969,0.173622267760461,0.528568386770076,M,95,I95M,0.347626975588451,0
R95,0.360949910035461,0.311092098441605,0.336021004238533,R,95,I95R,0.220993098265726,0
S95,0.390769767732146,0.434134284872178,0.412452026302162,S,95,I95S,0.271259980860562,0
T95,0.33059227714418,0.279386549235232,0.304989413189706,T,95,I95T,0.200584351897219,0
Y95,0.365202728951548,0,0.182601364475774,Y,95,I95Y,0.120092615562818,0
L95,1.06923115252523,1.20547611836334,1.13735363544429,L,95,I95L,0.748010691445333,1
F95,0.33233850097769,0.434796740056228,0.383567620516959,F,95,I95F,0.252263387655022,0
W95,0.761982370895318,0.217382372586902,0.48968237174111,W,95,I95W,0.322052559608317,0
C95,0.0285606222152733,0.0179442008579247,0.023252411536599,C,95,I95C,0.0152925632707619,0
E95,0.0062816761020765,0.0007673224924912,0.0035244992972839,E,95,I95E,0.00231798015516086,0
D95,0.039240342060728,0.26076119698574,0.150000769523234,D,95,I95D,0.0986519722905499,0
V95,0.75905904920174,0.567716874146269,0.663387961674005,V,95,I95V,0.436294633827272,0
G95,0.668110749339932,0.552964255841348,0.61053750259064,G,95,I95G,0.40153613197687,0
A95,0.913235405530034,0.89261911369571,0.902927259612872,A,95,I95A,0.593833986844408,0
Q95,0.0598781197778352,0.0019073705187461,0.0308927451482907,Q,95,I95Q,0.0203174306907548,0
H95,0.0167005027222741,0.0357287202844108,0.0262146115033424,H,95,I95H,0.0172407324032741,0
P95,0.424649260608845,0.301386099245834,0.36301767992734,P,95,I95P,0.238748175859355,0
N96,0.624165353650795,0.725671345055418,0.674918349353107,N,96,K96N,0.443877898162738,0
M96,0.189962660101516,0.2337098249798,0.211836242540658,M,96,K96M,0.139319706130029,0
I96,0.0646157632599988,0,0.0323078816299994,I,96,K96I,0.0212481326159823,0
R96,0.664743562056658,0.494069112689763,0.579406337373211,R,96,K96R,0.381061898023513,0
S96,0.43858756987141,0.440306263366497,0.439446916618954,S,96,K96S,0.289013884257078,0
T96,0.1921044461806,0.0931336799322382,0.142619063056419,T,96,K96T,0.09379719785082,0
Y96,0.071530365232471,0.0114351691384956,0.0414827671854833,Y,96,K96Y,0.0272822386973405,0
L96,0.0981147800425442,0.0180305402365515,0.0580726601395478,L,96,K96L,0.0381930204567238,0
F96,0.649307337152547,0,0.324653668576273,F,96,K96F,0.213517069400441,0
W96,0.290736595701998,0.0021702783470057,0.146453437024502,W,96,K96W,0.0963189752767175,0
C96,0,0,0,C,96,K96C,0,0
E96,0.492654431488455,0.482547039428219,0.487600735458337,E,96,K96E,0.320683516465806,0
D96,0.765769891731593,0.0124848521163441,0.389127371923968,D,96,K96D,0.255919905174831,0
V96,0.539318315732235,0.354959589922952,0.447138952827593,V,96,K96V,0.294072755257037,0
G96,0.703371243856563,0.25588128840193,0.479626266129247,G,96,K96G,0.315438895856287,0
A96,0.95591278951004,0.119033384161657,0.537473086835848,A,96,K96A,0.353483387038448,0
Q96,0.664860990535666,0.50970757064607,0.587284280590868,Q,96,K96Q,0.386243035683573,0
H96,0.348291863670048,0.418371304876573,0.38333158427331,H,96,K96H,0.252108152178284,0
P96,0.210928545122374,0.149680510145778,0.180304527634076,P,96,K96P,0.118582040082551,0
K97,0.815671172356763,0.36587666137771,0.590773916867236,K,97,R97K,0.388538087251205,0
N97,0.0850207411315773,0.0133833831398689,0.0492020621357231,N,97,R97N,0.0323590371294691,0
M97,0.877799048060361,0.676595949449317,0.777197498754839,M,97,R97M,0.511144485159266,0
I97,0.0775627813831934,0,0.0387813906915967,I,97,R97I,0.0255056070182613,0
S97,0.44284079130775,0.495567558550573,0.469204174929162,S,97,R97S,0.308584532005033,0
T97,1.14302030533735,1.00063912587369,1.07182971560552,T,97,R97T,0.70491715302651,1
Y97,0.0030916633138755,0.629904289727058,0.316497976520467,Y,97,R97Y,0.208153262872935,0
L97,0.233631954213297,0.504949583261889,0.369290768737593,L,97,R97L,0.242873838583968,0
F97,0.653715031811684,0.0181128493622285,0.335913940586956,F,97,R97F,0.220922685024365,0
W97,0.0029658398069154,0.888307163420139,0.445636501613527,W,97,R97W,0.293084628489361,0
C97,1.09295717982102,0.0380413362163111,0.565499258018668,C,97,R97C,0.371915539564903,0
E97,0.272672310087909,0.0133167991441481,0.142994554616029,E,97,R97E,0.0940441498034781,0
D97,0.0281398209685843,0.080009355727477,0.0540745883480306,D,97,R97D,0.0355635828288636,0
V97,0.24777473129774,0.0194560195425406,0.13361537542014,V,97,R97V,0.0878756846077204,0
G97,0.713610552083383,0.218433455391642,0.466022003737513,G,97,R97G,0.306491692980139,0
A97,0.331233221954993,0.0116535581081851,0.171443390031589,A,97,R97A,0.112754278638381,0
Q97,0.0024349615598542,0.010090089906498,0.0062625257331761,Q,97,R97Q,0.00411871563767178,0
H97,0.505422838984953,0.572312961899573,0.538867900442263,H,97,R97H,0.354400723087376,0
P97,0.0005120017866739,0.111707511142981,0.0561097564648275,P,97,R97P,0.036902064953342,0
K98,0.320421918139632,0.0242415996495738,0.172331758894603,K,98,A98K,0.113338537910759,0
N98,0.236407638361761,0.0016471856172146,0.119027411989488,N,98,A98N,0.0782815247330051,0
M98,0.513394475294525,0.0577918817403429,0.285593178517434,M,98,A98M,0.187827905303566,0
I98,0.166502302878302,0.0013928933016342,0.0839475980899681,I,98,A98I,0.0552103575665123,0
R98,0.433507191390936,0.0185889285955256,0.226048059993231,R,98,A98R,0.148666483656477,0
S98,1.03913876660855,1.07697242076685,1.0580555936877,S,98,A98S,0.695858237541726,1
T98,0.329803576350733,0.204626244146258,0.267214910248495,T,98,A98T,0.175740951231408,0
Y98,0.0039040136233887,1.08666118688909,0.545282600256241,Y,98,A98Y,0.358619520032966,0
L98,0.177042587678689,0.474264377042989,0.325653482360839,L,98,A98L,0.214174623372225,0
F98,0.0010074873866809,0.0436764888915917,0.0223419881391363,F,98,A98F,0.014693799250653,0
W98,0.337524300777724,0.303485062279616,0.32050468152867,W,98,A98W,0.210788378364022,0
C98,0,0.250744158955995,0.125372079477997,C,98,A98C,0.0824542630680054,0
E98,0.0034198286935606,0.0034736971379616,0.0034467629157611,E,98,A98E,0.00226685476840231,0
D98,0.0016562482038619,0.0016764154246182,0.00166633181424,D,98,A98D,0.00109590717759487,0
V98,0.300728385661911,0.0238408444596854,0.162284615060798,V,98,A98V,0.10673076810903,0
G98,1.06371056119432,1.00011121936685,1.03191089028058,G,98,A98G,0.678663482046393,1
Q98,0.384892786481926,0.454567776471357,0.419730281476641,Q,98,A98Q,0.276046717822502,0
H98,0.371553328407848,0,0.185776664203924,H,98,A98H,0.122180935388052,0
P98,0.565652836691393,0.123261216586846,0.34445702663912,P,98,A98P,0.226541271456772,0
K99,0.756244588896568,0.296536047482168,0.526390318189368,K,99,T99K,0.34619451119541,0
N99,0.743085910772881,0.886526389429035,0.814806150100958,N,99,T99N,0.535878809138234,0
M99,0.596369360227163,0.889215978918807,0.742792669572985,M,99,T99M,0.488517239539811,0
I99,0.541292946593301,0.00127258793723,0.271282767265265,I,99,T99I,0.178416284957867,0
R99,0.511318651502978,0.713167801458243,0.612243226480611,R,99,T99R,0.402657946394647,0
S99,0.769132626369074,0.2933367383464,0.531234682357737,S,99,T99S,0.349380535381967,0
Y99,0.158999827570742,0.227696373233795,0.193348100402268,Y,99,T99Y,0.12716049060242,0
L99,0.730347197916026,0.805782970529148,0.768065084222587,L,99,T99L,0.505138311269324,0
F99,0.431945960142484,0.298129192574837,0.365037576358661,F,99,T99F,0.240076614156077,0
W99,0.571445105678146,0.331601995968408,0.451523550823277,W,99,T99W,0.296956402063318,0
C99,0.778455803193171,0.574704185778751,0.676579994485961,C,99,T99C,0.444970723020397,0
E99,0.138859647353289,0.0008606677260365,0.0698601575396629,E,99,T99E,0.0459453797985268,0
D99,0.343040207696103,0.242317035034073,0.292678621365088,D,99,T99D,0.192487834140563,0
V99,0.32919682609717,0.662045498923525,0.495621162510347,V,99,T99V,0.325958362386985,0
G99,0.146542822581522,0.340296185050934,0.243419503816228,G,99,T99G,0.160091273010025,0
A99,1.12869399931963,0.911949314141729,1.02032165673068,A,99,T99A,0.671041516168036,1
Q99,0.477919620603261,0.0011463283203313,0.239532974461796,Q,99,T99Q,0.15753519421524,0
H99,0.635774568638786,0.365557550906133,0.500666059772459,H,99,T99H,0.329276272464996,0
P99,0.419268224728786,0.288582870864951,0.353925547796869,P,99,T99P,0.232768494756064,0
K100,0.13787147210526,0.198671625436488,0.168271548770874,K,100,D100K,0.110668233365702,0
N100,0.0075654049311996,0.384323950250677,0.195944677590939,N,100,D100N,0.128868198247396,0
M100,0.40833279525832,0.376476317452316,0.392404556355318,M,100,D100M,0.258075232169087,0
I100,0.482683269651824,0.320715263139974,0.401699266395899,I,100,D100I,0.264188143991383,0
R100,0.383880950085677,0.527338814022812,0.455609882054244,R,100,D100R,0.299643885845226,0
S100,0.389120695203682,0.29991236413368,0.344516529668681,S,100,D100S,0.2265804051975,0
T100,0.617833737664052,0.692556593273276,0.655195165468664,T,100,D100T,0.430906424774742,0
Y100,0.196584542909111,0.0532495350392661,0.124917038974188,Y,100,D100Y,0.0821549936488182,0
L100,0.382350931711892,0.461762285402917,0.422056608557404,L,100,D100L,0.277576688338251,0
F100,0.664304289977506,0.716455200207113,0.690379745092309,F,100,D100F,0.454046493889847,0
W100,0.762829832391021,0.538750542982919,0.65079018768697,W,100,D100W,0.428009374663324,0
C100,0.520535149785167,0.666608857610164,0.593572003697666,C,100,D100C,0.390378323040258,0
E100,0.692220791998883,0.0537382497011943,0.372979520850039,E,100,D100E,0.245299843946076,0
V100,0.494619144455438,0.304399079268393,0.399509111861915,V,100,D100V,0.262747730951601,0
G100,0.391061195627336,0.399116336804802,0.395088766216069,G,100,D100G,0.259840573757977,0
A100,0.583805401368034,0.18032772459748,0.382066562982756,A,100,D100A,0.251276177477758,0
Q100,0.165951876993534,0.1173475093107,0.141649693152118,Q,100,D100Q,0.0931596661018674,0
H100,0.0770076041878664,0.210277512111833,0.14364255814985,H,100,D100H,0.0944703264615438,0
P100,0.428641609235484,0.162919413733412,0.295780511484448,P,100,D100P,0.194527874195531,0
K101,0.756511903965764,0.513901660288786,0.635206782127275,K,101,R101K,0.417760535951671,0
N101,0.606701405162227,0.319822649454034,0.46326202730813,N,101,R101N,0.304676521504023,0
M101,0.513151891577532,0.659732682063432,0.586442286820482,M,101,R101M,0.385689276217078,0
I101,0.4501663879902,0.18259289781529,0.316379642902745,I,101,R101I,0.208075437640347,0
S101,0.500367968298955,0.437798258332192,0.469083113315574,S,101,R101S,0.308504912633832,0
T101,0.764181546016193,0.608353345934813,0.686267445975503,T,101,R101T,0.451341931641193,0
Y101,0.487637183775836,0.432019124189699,0.459828153982768,Y,101,R101Y,0.302418143915564,0
L101,0.827263177430726,0.725238665835639,0.776250921633183,L,101,R101L,0.51052194368649,0
F101,0.376491728448574,0.117116276743863,0.246804002596218,F,101,R101F,0.162317178123194,0
W101,0.780973519208628,0.527532867407949,0.654253193308288,W,101,R101W,0.430286911876514,0
C101,0.652374339062476,0.448820301204353,0.550597320133414,C,101,R101C,0.362114886088229,0
E101,0.32352310520852,0.57726759652907,0.450395350868795,E,101,R101E,0.296214411532193,0
D101,0.0790598773622048,0.390432530696926,0.234746204029566,D,101,R101D,0.154387048072107,0
V101,0.0719730036311868,0.0042060392233546,0.0380895214272707,V,101,R101V,0.0250505809026626,0
G101,0.527191807462718,0.307938186063704,0.417564996763211,G,101,R101G,0.274622661077797,0
A101,0.90986482210978,0.366247704461777,0.638056263285778,A,101,R101A,0.419634572579513,0
Q101,0.389675198179582,0.766869004678299,0.57827210142894,Q,101,R101Q,0.380315937764103,0
H101,0.778444013648072,0.417499767528968,0.59797189058852,H,101,R101H,0.393272024992706,0
P101,0.670108681028352,0.103597888514324,0.386853284771338,P,101,R101P,0.25442429162911,0
K102,0.321681874944291,0.42831593058494,0.374998902764615,K,102,F102K,0.246627943857256,0
N102,0.616057161425053,0.439626679557988,0.527841920491521,N,102,F102N,0.347149195831655,0
M102,1.0717293423375,0.795635988498627,0.933682665418062,M,102,F102M,0.614061092684744,0
I102,0.746484759888483,0.614081726609784,0.680283243249134,I,102,F102I,0.447406262488166,0
R102,0.248538004270514,0.246549607194605,0.247543805732559,R,102,F102R,0.162803729217156,0
S102,0.800208089830927,0.746642239092547,0.773425164461737,S,102,F102S,0.508663509766028,0
T102,0.706577399501366,0.35689021706317,0.531733808282268,T,102,F102T,0.349708798743767,0
Y102,1.07126133825788,0.739178351606806,0.90521984493234,Y,102,F102Y,0.595341766198666,0
L102,0.640188550205729,0.49688789271244,0.568538221459085,L,102,F102L,0.373914194225601,0
W102,1.31192979825016,1.23907895178537,1.27550437501777,W,102,F102W,0.838869178209369,1
C102,0.850962312457896,0.805961247457024,0.82846177995746,C,102,F102C,0.544859795185809,0
E102,0.126880966507602,0.0947496151495142,0.110815290828558,E,102,F102E,0.0728806061124561,0
D102,0.874615932025561,0.265946327345304,0.570281129685433,D,102,F102D,0.375060463905398,0
V102,0.850562867772033,0.656252955605891,0.753407911688962,V,102,F102V,0.495498634198061,0
G102,0.668635750355077,0.573855764152311,0.621245757253694,G,102,F102G,0.408578698796076,0
A102,0.599683858022013,0.666654342942563,0.633169100482288,A,102,F102A,0.416420400738917,0
Q102,0.704210574688317,0.562431112139681,0.633320843413999,Q,102,F102Q,0.416520198490236,0
H102,0.399260034103854,0.904943234134563,0.652101634119209,H,102,F102H,0.428871882085819,0
P102,0.208226976419024,0.376353452442965,0.292290214430995,P,102,F102P,0.192232388050377,0
N103,0.940672830450851,1.06199891265396,1.0013358715524,N,103,K103N,0.65855501253692,1
M103,0.554100692202349,1.23538921291097,0.894744952556661,M,103,K103M,0.588452676258151,0
I103,0.131054070584034,0.0298021727650688,0.0804281216745512,I,103,K103I,0.0528956808424228,0
R103,1.08843458301525,1.19118534582437,1.13980996441981,R,103,K103R,0.749626161144586,1
S103,0.95348351061553,0.793711236394903,0.873597373505217,S,103,K103S,0.574544411725734,0
T103,0.764925067903791,0.518260840538262,0.641592954221027,T,103,K103T,0.421960570887745,0
Y103,0.697850243207987,0.679682642687183,0.688766442947585,Y,103,K103Y,0.452985463076582,0
L103,0.226921555555407,0.753764829313609,0.490343192434508,L,103,K103L,0.322487165810281,0
F103,0.577008970043789,1.10940652326534,0.843207746654565,F,103,K103F,0.554557870086517,0
W103,0.666639902054413,1.16900911491708,0.917824508485747,W,103,K103W,0.603631556468107,0
C103,0.774780450311884,0.389158771951341,0.581969611131612,C,103,K103C,0.382747702786986,0
E103,0.726177153665002,0.806547386084888,0.766362269874945,E,103,K103E,0.504018410388992,0
D103,0.662353175569504,0.312031296044524,0.487192235807014,D,103,K103D,0.320414855868857,0
V103,0.505228818701273,0.973389440768678,0.739309129734976,V,103,K103V,0.486226197456063,0
G103,0.267208043556386,0.798845223522998,0.533026633539692,G,103,K103G,0.350559059458278,0
A103,0.474032812072694,0.787015405665982,0.630524108869338,A,103,K103A,0.414680852067675,0
Q103,0.53682120001607,0.112954384556438,0.324887792286254,Q,103,K103Q,0.213671047048842,0
H103,0.629427744828936,0.0236757637855174,0.326551754307226,H,103,K103H,0.214765395669234,0
P103,0.107597065911371,0.311724299817469,0.20966068286442,P,103,K103P,0.137888891784351,0
K104,0.322552914808458,0.856587553871112,0.589570234339785,K,104,A104K,0.38774645361011,0
N104,1.06706258453312,0.0101325298219827,0.53859755717755,N,104,A104N,0.354222924691113,0
M104,0.583364350669087,0.476704500931941,0.530034425800514,M,104,A104M,0.34859115492078,0
I104,1.10263306722475,1.06041954921004,1.08152630821739,I,104,A104I,0.711294373548107,1
R104,0.79734167674978,0.667503952045242,0.732422814397511,R,104,A104R,0.48169723009133,0
S104,0.331537805578119,0.696018856708595,0.513778331143357,S,104,A104S,0.337899904437415,0
T104,0.411598605983557,0.908327101288217,0.659962853635887,T,104,A104T,0.434042020961734,0
Y104,0.614931833129845,0.108457546484132,0.361694689806988,Y,104,A104Y,0.237878076425142,0
L104,0.474128446683165,0.913790889831464,0.693959668257314,L,104,A104L,0.456400925017093,0
F104,0.957368597866133,0.696422591750995,0.826895594808564,F,104,A104F,0.543829752110684,0
W104,0.560352084627196,0.0075258012033002,0.283938942915248,W,104,A104W,0.186739953519668,0
C104,1.10805068699051,1.34073289704923,1.22439179201987,C,104,A104C,0.805253636518256,1
E104,0.0803537314751901,0.0074266172336844,0.0438901743544372,E,104,A104E,0.0288655336769501,0
D104,0.0246266974312155,0.0030416779863338,0.0138341877087747,D,104,A104D,0.00909841934042155,0
V104,0.765809786365128,0.518442014680464,0.642125900522796,V,104,A104V,0.42231107711489,0
G104,0.759957604100933,0.55582797308737,0.657892788594151,G,104,A104G,0.43268058795185,0
Q104,0.535253729882541,0.188989186051228,0.362121457966885,Q,104,A104Q,0.238158751789799,0
H104,1.11436199840375,0.543785764830663,0.829073881617205,H,104,A104H,0.545262360027097,0
P104,0.491809207675775,0.0903701112338413,0.291089659454808,P,104,A104P,0.191442811326067,0
K105,0.995904559892663,0.366190287866119,0.681047423879391,K,105,Y105K,0.447908846085575,0
N105,1.07396199709382,1.00480165139597,1.03938182424489,N,105,Y105N,0.683576939309141,1
M105,1.09040797898476,0.110874889610629,0.600641434297692,M,105,Y105M,0.395027720999218,0
I105,1.26999406265397,1.38591191101982,1.32795298683689,I,105,Y105I,0.87336339458108,1
R105,1.05999317838872,0.899788257938661,0.979890718163692,R,105,Y105R,0.644451040373352,0
S105,1.16554858158005,1.22857109262042,1.19705983710023,S,105,Y105S,0.787278053673254,1
T105,1.37437746384578,1.49018271109993,1.43228008747286,T,105,Y105T,0.941976870857273,1
L105,1.05084327188221,0.867378755394033,0.959111013638121,L,105,Y105L,0.630784718249952,0
F105,1.32543803874436,1.33120737103403,1.32832270488919,F,105,Y105F,0.873606549433997,1
W105,0.880888339500485,1.04699011829518,0.963939228897833,W,105,Y105W,0.633960121679733,0
C105,1.10286452180721,1.17012713332747,1.13649582756734,C,105,Y105C,0.747446531413512,1
D105,1.27036310137589,1.0859659462065,1.1781645237912,D,105,Y105D,0.774851051259144,1
V105,1.17761892078799,1.26378999149082,1.2207044561394,V,105,Y105V,0.802828562578554,1
G105,1.2046581694809,0.652756458678958,0.928707314079928,G,105,Y105G,0.61078892132252,0
A105,1.22824400383705,1.1692181279914,1.19873106591422,A,105,Y105A,0.788377181492218,1
Q105,0.535367718383169,0.427151524464133,0.481259621423651,Q,105,Y105Q,0.31651311515367,0
H105,0.902316897815772,0.624736324969079,0.763526611392426,H,105,Y105H,0.5021534646095,0
P105,0.48774164298139,0.841755117948014,0.664748380464702,P,105,Y105P,0.437189349216199,0
K106,0.898149260233239,1.09613948644196,0.997144373337599,K,106,Q106K,0.655798362907343,0
N106,0.476855461129282,0.558475626765625,0.517665543947453,N,106,Q106N,0.340456432720943,0
M106,0.458084043527567,0.0262869255748009,0.242185484551184,M,106,Q106M,0.15927968761131,0
I106,1.00715479013193,1.29863414578073,1.15289446795633,I,106,Q106I,0.758231530866509,1
R106,0.953062477652073,0.622077662551037,0.787570070101555,R,106,Q106R,0.517966280969583,0
S106,1.02139138954038,1.18137238874218,1.10138188914128,S,106,Q106S,0.724352921349843,1
T106,0.883860260300423,0.932236684885694,0.908048472593059,T,106,Q106T,0.597202087972297,0
Y106,1.31184121507002,1.31778076621718,1.3148109906436,Y,106,Q106Y,0.864720213293253,1
L106,1.21042413171242,1.3523508536608,1.28138749268661,L,106,Q106L,0.842738366101492,1
F106,1.19408683666817,0.985503667572162,1.08979525212017,F,106,Q106F,0.7167326631473,1
W106,1.33839102168419,1.02111971707304,1.17975536937861,W,106,Q106W,0.775897312923711,1
C106,0.0667380855198246,0.788946043299929,0.427842064409877,C,106,Q106C,0.281381646354536,0
E106,0.750630419903057,0.864915682569613,0.807773051236335,E,106,Q106E,0.53125330570572,0
D106,0.722424332985079,0.201739667034477,0.462082000009778,D,106,Q106D,0.30390044534982,0
V106,1.29955634384519,1.25789105032924,1.27872369708721,V,106,Q106V,0.840986450491359,1
G106,0.948652479994442,0.514054327669168,0.731353403831805,G,106,Q106G,0.480993903956201,0
A106,1.09490406595459,0.621038660782778,0.857971363368682,A,106,Q106A,0.564267552987602,0
H106,1.23252290084862,0.68014680110468,0.956334850976649,H,106,Q106H,0.628958901470318,0
P106,0.62991501369907,0.515559944165462,0.572737478932266,P,106,Q106P,0.376675946936616,0
N107,0.47032750413213,1.03257079086371,0.751449147497918,N,107,K107N,0.494210401135572,0
M107,1.25849265033235,1.19647033262737,1.22748149147986,M,107,K107M,0.807285659063753,1
I107,0.774700536420944,0.47311000177101,0.623905269095977,I,107,K107I,0.410327797080073,0
R107,1.16241566390943,1.00083262577324,1.08162414484133,R,107,K107R,0.711358718390768,1
S107,0.939207251103321,0.996576648198811,0.967891949651066,S,107,K107S,0.636559732998126,0
T107,0.825298991062382,0.73906169562461,0.782180343343496,T,107,K107T,0.514421584655826,0
Y107,0.836977639240379,1.12968399416846,0.983330816704419,Y,107,K107Y,0.646713512139299,0
L107,0.709210101933226,0.682494603409763,0.695852352671495,L,107,K107L,0.457645698967093,0
F107,0.862777910504059,1.1188395534925,0.990808731998279,F,107,K107F,0.65163156085802,0
W107,0.939022181463364,0.427713508843063,0.683367845153214,W,107,K107W,0.449434932491233,0
C107,0.474077798183521,1.12343206549092,0.798754931837218,C,107,K107C,0.525322301032196,0
E107,0.908323693445464,0.857955898024127,0.883139795734796,E,107,K107E,0.580820238018954,0
D107,0.229363258820955,0.192506820746615,0.210935039783785,D,107,K107D,0.13872700630801,0
V107,1.06130927700715,0.571050512272997,0.816179894640075,V,107,K107V,0.53678228855796,0
G107,0.886357618470434,0.565259822183087,0.72580872032676,G,107,K107G,0.477347296240533,0
A107,0.571957713066975,0.680100865664391,0.626029289365683,A,107,K107A,0.411724715172278,0
Q107,0.952758202165202,1.16898673710915,1.06087246963718,Q,107,K107Q,0.697710830491731,1
H107,0.563160640983718,0.489470922699699,0.526315781841708,H,107,K107H,0.346145490395534,0
P107,0.879950640886556,0.71822649046222,0.799088565674388,P,107,K107P,0.525541724146919,0
K108,0.870212291582027,0.806708341667508,0.838460316624767,K,108,E108K,0.551435597199254,0
N108,1.46770190867634,1.32861221175483,1.39815706021559,N,108,E108N,0.919534959724727,1
M108,1.12997434886986,0.852446318463918,0.991210333666889,M,108,E108M,0.651895684814247,0
I108,0.899758486397581,1.32415149356821,1.11195498998289,I,108,E108I,0.731306600684736,1
R108,1.40535132974008,1.51454602691954,1.45994867832981,R,108,E108R,0.960173851227535,1
S108,1.19878065789683,1.08815761080651,1.14346913435167,S,108,E108S,0.752032711003441,1
T108,1.20115016798662,1.26728907879217,1.23421962338939,T,108,E108T,0.811717169678944,1
Y108,1.34766919453245,1.36615846461063,1.35691382957154,Y,108,E108Y,0.892410258567515,1
L108,1.12503460405106,0.952001795151756,1.03851819960141,L,108,E108L,0.683008953727008,1
F108,0.865499298891054,1.15564451239503,1.01057190564304,F,108,E108F,0.66462933456927,1
W108,1.18449297584191,1.19613701038254,1.19031499311223,W,108,E108W,0.782842128682182,1
C108,1.35669483596322,1.44972279130737,1.4032088136353,C,108,E108C,0.922857378936068,1
D108,0.433430752668278,0.299939650510536,0.366685201589407,D,108,E108D,0.241160218454411,0
V108,1.18277166938874,1.27147984100868,1.22712575519871,V,108,E108V,0.807051699692329,1
G108,1.20659512465549,1.33980097881092,1.2731980517332,G,108,E108G,0.837352363719112,1
A108,0.938734162390921,1.09944995628727,1.0190920593391,A,108,E108A,0.670232838931324,1
Q108,0.635552346749692,0.985765317291417,0.810658832020554,Q,108,E108Q,0.533151215742223,0
H108,0.598304278463895,1.45608258039827,1.02719342943108,H,108,E108H,0.675560919182977,1
P108,1.17133710281299,1.04358593388049,1.10746151834674,P,108,E108P,0.728351350250043,1
K109,0.264576739618926,0.0035270995097751,0.13405191956435,K,109,I109K,0.0881627894069497,0
N109,0.823678811713699,0.627719850196623,0.725699330955161,N,109,I109N,0.477275353427905,0
M109,0.736188876805213,0.949003531736156,0.842596204270684,M,109,I109M,0.554155673067789,0
R109,0.739045870460117,0.468992743900785,0.604019307180451,R,109,I109R,0.397249268415875,0
S109,0.557001410627226,0.244338451657353,0.40066993114229,S,109,I109S,0.263511174444897,0
T109,0.220548853232409,0.519004791353542,0.369776822292975,T,109,I109T,0.243193504556547,0
Y109,1.28912442124167,1.2059915251593,1.24755797320049,Y,109,I109Y,0.820489488115367,1
L109,0.587931798063358,0.390506017591527,0.489218907827442,L,109,I109L,0.32174775031091,0
F109,1.02346299900424,1.28088007923477,1.15217153911951,F,109,I109F,0.757756077601805,1
W109,0.999011953090268,0.608151717489256,0.803581835289762,W,109,I109W,0.528496841717307,0
C109,0.0661926185280446,0.892504690266109,0.479348654397077,C,109,I109C,0.315256317160214,0
E109,0.917587894761928,0.973172540600539,0.945380217681234,E,109,I109E,0.621754297228971,0
V109,1.13510059412393,0.971799102340704,1.05344984823232,V,109,I109V,0.692829147261152,1
G109,0.163539110233186,0.802629672265497,0.483084391249342,G,109,I109G,0.317713223278801,0
A109,0.591081098956817,0.0491433897424806,0.320112244349649,A,109,I109A,0.210530281676694,0
Q109,0.594070545592689,0.303137156250668,0.448603850921678,Q,109,I109Q,0.295036184222405,0
H109,0.766012114272852,0.878528674867933,0.822270394570393,H,109,I109H,0.540787866877798,0
P109,0.730644115553274,0.231292313750554,0.480968214651914,P,109,I109P,0.316321463785067,0
K110,1.0647259360926,0.632508404498093,0.848617170295347,K,110,L110K,0.558115520576007,0
N110,0.560225954956286,0.393696929514069,0.476961442235178,N,110,L110N,0.313686303960976,0
M110,1.12755093238637,1.15482409554059,1.14118751396348,M,110,L110M,0.750532143026166,1
I110,0.9159516052005,1.20075680218189,1.05835420369119,I,110,L110I,0.696054626306155,1
R110,0.857594372403489,0.937191111865999,0.897392742134744,R,110,L110R,0.590194065085145,0
S110,0.554857936224127,0.639965355847569,0.597411646035848,S,110,L110S,0.392903565349053,0
T110,1.15492719300771,0.931324718003396,1.04312595550556,T,110,L110T,0.686039366232374,1
Y110,1.26233770253996,1.07044694231964,1.1663923224298,Y,110,L110Y,0.767108751761649,1
F110,1.1881366741075,1.03586405034956,1.11200036222853,F,110,L110F,0.731336440941782,1
W110,1.02886418141038,1.17357801614337,1.10122109877688,W,110,L110W,0.724247173315191,1
C110,1.17468331159291,0.855667822654497,1.0151755671237,C,110,L110C,0.667657054268766,1
E110,0.067947958603642,0.298881303986209,0.183414631294925,E,110,L110E,0.120627481990255,0
D110,0.195090085882656,1.01331329487579,0.604201690379221,D,110,L110D,0.397369217548993,0
V110,1.09933551256852,0.93570770061773,1.01752160659313,V,110,L110V,0.669199989158143,1
G110,0.850794356533738,0.908713517766375,0.879753937150056,G,110,L110G,0.578593438594236,0
A110,1.00317971992919,1.0748188449849,1.03899928245704,A,110,L110A,0.683325350587463,1
Q110,1.29960824073722,0.418708701090183,0.859158470913702,Q,110,L110Q,0.565048285653238,0
H110,0.908943992628114,0.834977768020416,0.871960880324265,H,110,L110H,0.573468128714293,0
P110,0.609128862449261,0.151024590519315,0.380076726484288,P,110,L110P,0.2499675088907,0
K111,1.12956127503381,1.15465262420103,1.14210694961742,K,111,R111K,0.751136834195042,1
N111,0.399860017673452,0.001977839872887,0.200918928773169,N,111,R111N,0.132139646062999,0
M111,0.557916146488681,0.596743164809521,0.577329655649101,M,111,R111M,0.379696113377511,0
I111,0.431522837114662,1.12249000732916,0.777006422221909,I,111,R111I,0.511018818625074,0
S111,0.580969871975689,0.410378227911285,0.495674049943487,S,111,R111S,0.325993145205801,0
T111,0.768585485716551,0.796069240300998,0.782327363008775,T,111,R111T,0.514518276026086,0
Y111,1.39640890849638,1.02287285426141,1.20964088137889,Y,111,R111Y,0.795552310102134,1
L111,0.0136266119347871,0.804421721587172,0.409024166760979,L,111,R111L,0.269005558396281,0
F111,1.05934449667304,0.449149785595599,0.754247141134319,F,111,R111F,0.496050575633108,0
W111,1.18117838629989,1.21577110614982,1.19847474622486,W,111,R111W,0.788208606071087,1
C111,0.0051183054861819,0.0038980727591851,0.0045081891226835,C,111,R111C,0.00296492977886119,0
E111,0.0022131212442059,0.0296410499070921,0.015927085575649,E,111,R111E,0.0104748689614874,0
D111,0.675307600987957,0.499502147424535,0.587404874206246,D,111,R111D,0.386322347263377,0
V111,0.790892829316924,0.915707630708953,0.853300230012938,V,111,R111V,0.561195458625413,0
G111,0.170609664615796,0.56162252804599,0.366116096330893,G,111,R111G,0.240785931333273,0
A111,0.455909958920773,0.538176054305791,0.497043006613282,A,111,R111A,0.32689347575667,0
Q111,0.380008244990124,0.0390914233700024,0.209549834180063,Q,111,R111Q,0.137815989216101,0
H111,0.469218241150686,1.19886466226839,0.834041451709537,H,111,R111H,0.548529413847272,0
P111,0.0557488289250147,0.0110378417648403,0.0333933353449275,P,111,R111P,0.0219620099523994,0
K112,0.290704106139847,0.0149495237200663,0.152826814929957,K,112,G112K,0.100510595776563,0
N112,0.306498887987849,0.753787700451927,0.530143294219888,N,112,G112N,0.348662755115402,0
M112,0.13404398319735,0.0225438739493672,0.0782939285733587,M,112,G112M,0.0514920723186084,0
I112,0.001962855930357,0.114827843507751,0.0583953497190539,I,112,G112I,0.0384052457910142,0
R112,0.172159059875398,0.109486772791606,0.140822916333502,R,112,G112R,0.0926159144660603,0
S112,0.777425938648369,0.515656832755938,0.646541385702154,S,112,G112S,0.425215037694211,0
T112,0.700915176956686,0.417594908189803,0.559255042573245,T,112,G112T,0.367808866172119,0
Y112,0.84165954506197,1.17960005777591,1.01062980141894,Y,112,G112Y,0.664667411257129,1
L112,0.290835609718716,0.213740501322023,0.25228805552037,L,112,G112L,0.165923910534187,0
F112,0.365032617680045,0.0082282560524578,0.186630436866252,F,112,G112F,0.122742441554281,0
W112,0.198392347608641,0.0006851561334403,0.0995387518710409,W,112,G112W,0.0654642921008272,0
C112,0,0.153101737086438,0.0765508685432188,C,112,G112C,0.0503457028010341,0
E112,0.048781359255627,0.412142888446951,0.230462123851289,E,112,G112E,0.151569509466264,0
D112,0.488960878684513,0.182410555387842,0.335685717036178,D,112,G112D,0.220772587771671,0
V112,0.273378140134198,0.455536436885134,0.364457288509666,V,112,G112V,0.239694972508627,0
A112,0.582037957192502,0.677731485318037,0.629884721255269,A,112,G112A,0.41426034189705,0
Q112,0.0026442735902693,0.245825154341194,0.124234713965732,Q,112,G112Q,0.0817062445654549,0
H112,0.230637112520197,0.882575338289071,0.556606225404634,H,112,G112H,0.366066801523044,0
P112,0.216534660013883,0.0641382974066184,0.140336478710251,P,112,G112P,0.0922959959010919,0
K113,1.07427520260433,1.22077645643403,1.14752582951918,K,113,D113K,0.754700703844601,1
N113,1.14427254895898,1.43791623206384,1.29109439051141,N,113,D113N,0.849122364118856,1
M113,0.684089963258692,0.411212539510233,0.547651251384462,M,113,D113M,0.360177326077628,0
I113,1.01230077896889,0,0.506150389484447,I,113,D113I,0.332883186912828,0
R113,1.20827190731115,1.18988563450971,1.19907877091043,R,113,D113R,0.788605858876743,1
S113,1.29185697495968,1.41205278106895,1.35195487801431,S,113,D113S,0.889148872954835,1
T113,1.14228204526229,1.33572145136177,1.23900174831203,T,113,D113T,0.814862260579862,1
Y113,0.296086217367311,0.316319099923943,0.306202658645627,Y,113,D113Y,0.201382274851078,0
L113,1.04602076443336,0.730825486758689,0.888423125596026,L,113,D113L,0.58429495960024,0
F113,1.30808191476831,0.0930704272260423,0.700576170997177,F,113,D113F,0.46075244299282,0
W113,0.590554435160157,1.05728255393089,0.823918494545522,W,113,D113W,0.541871783404328,0
C113,1.23406815486038,1.08303021935452,1.15854918710745,C,113,D113C,0.761950506434303,1
E113,1.07200064905032,0.948743744292484,1.0103721966714,E,113,D113E,0.664497990683508,1
V113,1.29011833597014,1.1967319890571,1.24342516251362,V,113,D113V,0.817771435890307,1
G113,1.11091174338972,1.34539234696121,1.22815204517546,G,113,D113G,0.807726666431967,1
A113,1.31324943395457,1.24975583090518,1.28150263242988,A,113,D113A,0.842814090798096,1
Q113,0.462533808345728,0.125792313632244,0.294163060988986,Q,113,D113Q,0.193464115109715,0
H113,1.01423327510264,1.24903397919473,1.13163362714868,H,113,D113H,0.744248776745337,1
P113,0.28322617030146,0.229755041810749,0.256490606056105,P,113,D113P,0.168687829014863,0
K114,1.3510239297962,1.51061119945988,1.43081756462804,K,114,M114K,0.941015004037389,1
N114,1.19946758887588,1.32000491242542,1.25973625065065,N,114,M114N,0.82849885428981,1
I114,0.942143715123125,0.924562556800665,0.933353135961895,I,114,M114I,0.613844368924712,0
R114,1.2301920354688,1.27796237273902,1.25407720410391,R,114,M114R,0.824777032695865,1
S114,1.35219431640317,1.32006755601851,1.33613093621084,S,114,M114S,0.878741839222375,1
T114,1.39058255658524,1.49261993056095,1.44160124357309,T,114,M114T,0.948107175629965,1
Y114,1.43055477927705,1.49197440261956,1.4612645909483,Y,114,M114Y,0.961039295955509,1
L114,0.991024791955867,0.804950674088163,0.897987733022015,L,114,M114L,0.590585376574484,0
F114,0.957369285958994,0.777517686447465,0.86744348620323,F,114,M114F,0.570497145024874,0
W114,0.619963381141531,1.19359476745776,0.906779074299645,W,114,M114W,0.596367234620107,0
C114,1.18327835595494,0.652669095588126,0.917973725771534,C,114,M114C,0.603729693161602,0
E114,0.725820153390154,1.02640765230251,0.87611390284633,E,114,M114E,0.576199473787194,0
D114,0.724703247398488,0,0.362351623699244,D,114,M114D,0.238310126369563,0
V114,1.23839155195728,1.17897103023352,1.2086812910954,V,114,M114V,0.794921210179394,1
G114,1.11242438560355,0.402303694983671,0.757364040293608,G,114,M114G,0.498100486780043,0
A114,1.29768064173556,1.17592056726093,1.23680060449825,A,114,M114A,0.813414620149651,1
Q114,0.968572718207133,0.84574839461833,0.907160556412731,Q,114,M114Q,0.596618126418656,0
H114,1.42608406615761,1.33327289008933,1.37967847812347,H,114,M114H,0.907382031614328,1
P114,0.328031623518895,0.291317350144133,0.309674486831514,P,114,M114P,0.203665614457137,0
K115,0.838945995534822,0.0758615888531261,0.457403792193974,K,115,S115K,0.300823698281915,0
N115,0.949359185973358,1.12533824554682,1.03734871576009,N,115,S115N,0.682239811756104,1
M115,0.490894624711537,1.08424365720757,0.787569140959554,M,115,S115M,0.517965669894778,0
I115,0.712915854004631,0.456272272998461,0.584594063501546,I,115,S115I,0.384473743281974,0
R115,1.27658733967828,1.00807383345666,1.14233058656747,R,115,S115R,0.751283914948492,1
T115,1.16121253983586,0.651587174169828,0.906399857002844,T,115,S115T,0.596117832337872,0
Y115,0.418586436302853,0.560778032630781,0.489682234466817,Y,115,S115Y,0.322052469326249,0
L115,0.555947642188161,0.685639335103633,0.620793488645897,L,115,S115L,0.408281252387594,0
F115,0.17819939445569,0.203660178215396,0.190929786335543,F,115,S115F,0.125570022413099,0
W115,0.484977467018152,0.0043027621615117,0.244640114589832,W,115,S115W,0.160894039959807,0
C115,1.08538046390595,0.999857978417768,1.04261922116186,C,115,S115C,0.685706098992531,1
E115,0.508752090476041,0.189124255953359,0.3489381732147,E,115,S115E,0.229488415989491,0
D115,0.506532021107848,0.463355416273673,0.484943718690761,D,115,S115D,0.318936059133663,0
V115,1.11569862835195,0.923593955786687,1.01964629206932,V,115,S115V,0.67059734474098,1
G115,1.18388510553102,1.34352489859915,1.26370500206508,G,115,S115G,0.83110900859641,1
A115,0.262631811959995,0.711414684581414,0.487023248270704,A,115,S115A,0.320303716747354,0
Q115,0.685472718169403,0.736424892519114,0.710948805344258,Q,115,S115Q,0.467574280236994,0
H115,0.944004834400769,1.0426589190363,0.993331876718532,H,115,S115H,0.653290973698492,0
P115,0.383737356170972,0.278205759757904,0.330971557964438,P,115,S115P,0.217672196409702,0
K116,0.71912892259445,0.257346287625242,0.488237605109846,K,116,I116K,0.321102370631775,0
N116,1.02895656550137,1.26828754824102,1.14862205687119,N,116,I116N,0.755421666748314,1
M116,1.15982289475861,1.38196875181967,1.27089582328914,M,116,I116M,0.83583824230899,1
R116,0.333274662990382,0.698263468167072,0.515769065578727,R,116,I116R,0.339209163576419,0
S116,0.576941360525385,1.16697482504609,0.871958092785739,S,116,I116S,0.573466295415875,0
T116,1.22511765097358,1.2698751109925,1.24749638098304,T,116,I116T,0.820448980364983,1
Y116,0.374521745744164,0.344561282291897,0.35954151401803,Y,116,I116Y,0.236461983434792,0
L116,1.15241668176935,1.22924943875675,1.19083306026305,L,116,I116L,0.783182849242281,1
F116,0.194507882588789,0.182428258275594,0.188468070432191,F,116,I116F,0.12395100985832,0
W116,0.682700951150579,0.412406473050774,0.547553712100676,W,116,I116W,0.360113176788581,0
C116,1.2485790599763,1.33358350701975,1.29108128349802,C,116,I116C,0.849113743944933,1
E116,0.794093722168932,0.402968612932471,0.598531167550702,E,116,I116E,0.393639848274888,0
D116,0,0.554285248624658,0.277142624312329,D,116,I116D,0.182270174887038,0
V116,1.09023033333956,0.63904254557399,0.864636439456775,V,116,I116V,0.568651016510135,0
G116,0.512597504927271,0.483898102504613,0.498247803715942,G,116,I116G,0.327685842427622,0
A116,0.629589488174347,0.897892302423348,0.763740895298848,A,116,I116A,0.502294394086501,0
Q116,1.03540993482966,0.779948717395027,0.907679326112345,Q,116,I116Q,0.596959309028547,0
H116,0.525922506580147,0.29188521324095,0.408903859910548,H,116,I116H,0.268926435415027,0
P116,0.0250518505404551,0.66924084088814,0.347146345714298,P,116,I116P,0.228309973255624,0
K117,0.984024103096797,0.0877111909049818,0.535867647000889,K,117,P117K,0.35242752708109,0
N117,0.596363250114904,0.0037465147203365,0.30005488241762,N,117,P117N,0.197339027259605,0
M117,1.21561110493147,1.20333143705403,1.20947127099275,M,117,P117M,0.795440761346972,1
I117,0.802684900988953,0.813921446825153,0.808303173907053,I,117,P117I,0.531601954897244,0
R117,0.335608188677279,0.287911435613986,0.311759812145632,R,117,P117R,0.205037083788654,0
S117,1.17131193831819,1.28550554156515,1.22840873994167,S,117,P117S,0.807895488532306,1
T117,0.365470669324953,0.208047951362231,0.286759310343592,T,117,P117T,0.188594842733066,0
Y117,0.143956971235811,0.348099817628116,0.246028394431964,Y,117,P117Y,0.161807078905893,0
L117,0.167203607728974,0.0828821433851392,0.125042875557057,L,117,P117L,0.0822377534048234,0
F117,0.837080796128369,0.164651548474221,0.500866172301295,F,117,P117F,0.329407881760818,0
W117,0.586530751594935,0.692152103799087,0.639341427697011,W,117,P117W,0.420479794935963,0
C117,0.640502235087218,1.1343016054479,0.887401920267561,C,117,P117C,0.58362333691399,0
E117,0.666987314016849,0.871633440010615,0.769310377013732,E,117,P117E,0.505957311000566,0
D117,0.387636112574687,0.269948332271251,0.328792222422969,D,117,P117D,0.216238898766416,0
V117,0.273851188949892,0.411599136565069,0.342725162757481,V,117,P117V,0.2254022653823,0
G117,0.672275564394652,0.661038637543284,0.666657100968968,G,117,P117G,0.438444669724859,0
A117,0.998982347961837,1.26692981919055,1.13295608357619,A,117,P117A,0.74511852518234,1
Q117,0.866195122288212,1.29963636647421,1.08291574438121,Q,117,P117Q,0.712208172979725,1
H117,0.003063810491228,0.342919425647886,0.172991618069557,H,117,P117H,0.113772511744694,0
K118,0.726504247678834,1.15678152918553,0.941642888432184,K,118,S118K,0.619296343828533,0
N118,0.736621321892967,1.27221770134675,1.00441951161986,N,118,S118N,0.660583049962701,1
M118,1.1095815189135,1.27088478422205,1.19023315156778,M,118,S118M,0.782788303426478,1
I118,0.882926293684892,0.888271507159527,0.88559890042221,I,118,S118I,0.582437533238528,0
R118,1.13920866783024,1.01971390846118,1.07946128814571,R,118,S118R,0.709936258496176,1
T118,0.893500920498504,1.2623882544092,1.07794458745385,T,118,S118T,0.708938760182653,1
Y118,1.27473581409483,1.24482326570143,1.25977953989813,Y,118,S118Y,0.828527324608038,1
L118,0.679441130810779,0.596148421192141,0.63779477600146,L,118,S118L,0.419462598552921,0
F118,0.882239003615279,0.525558422518295,0.703898713066787,F,118,S118F,0.462937600637192,0
W118,1.03192825683629,1.24407404030318,1.13800114856974,W,118,S118W,0.748436545573367,1
C118,1.19476515169111,1.42807173314971,1.31141844242041,C,118,S118C,0.862489014250926,1
D118,0.494221882447269,0.0021257524510711,0.24817381744917,D,118,S118D,0.163218073080907,0
V118,0.989471167007548,0.90262880131069,0.946049984159119,V,118,S118V,0.62219478686264,0
G118,1.12355288800952,1.14509483175114,1.13432385988033,G,118,S118G,0.746018079434526,1
A118,1.19008782494004,1.17679916482731,1.18344349488368,A,118,S118A,0.77832290618091,1
Q118,1.09943601048884,1.10998058821469,1.10470829935176,Q,118,S118Q,0.726540622979337,1
H118,0.921631143383265,0.861654631843577,0.891642887613421,H,118,S118H,0.586412521225635,0
P118,0.408730899568687,0.0270792188044039,0.217905059186545,P,118,S118P,0.143311023864527,0
K119,0.0361068120232107,0.0012468990502983,0.0186768555367545,K,119,Y119K,0.0122833278838687,0
N119,0.0920525317514822,0.407519717877806,0.249786124814644,N,119,Y119N,0.164278449651295,0
M119,0.362149416423055,0.808844021560208,0.585496718991631,M,119,Y119M,0.385067398532403,0
I119,0.650718804268653,0.194400554760474,0.422559679514564,I,119,Y119I,0.277907546255071,0
R119,0.193024673576074,0.0687193147243182,0.130871994150196,R,119,Y119R,0.0860714273770066,0
S119,0.885856881252269,0.989908157355463,0.937882519303866,S,119,Y119S,0.61682323764229,0
T119,0.24645528311262,0.364653141074847,0.305554212093734,T,119,Y119T,0.200955806830463,0
L119,0.344943569220804,0.11942901588611,0.232186292553457,L,119,Y119L,0.152703454602486,0
F119,1.04665979886179,0.916432782023131,0.981546290442461,F,119,Y119F,0.645539871257949,0
W119,1.15728702569161,0,0.578643512845806,W,119,Y119W,0.380560206303001,0
C119,0.33489425321052,0.0096959746128578,0.172295113911689,C,119,Y119C,0.113314437368805,0
E119,0.219995164683129,0.171017933744054,0.195506549213591,E,119,Y119E,0.128580051535354,0
D119,0.0168005057325871,0.0309304854788081,0.0238654956056976,D,119,Y119D,0.0156957742195372,0
V119,0.412011054787145,0.383604759425508,0.397807907106327,V,119,Y119V,0.261628888662043,0
G119,0.59557008603084,0.528875261329083,0.562222673679961,G,119,Y119G,0.369760607237441,0
A119,0.191128420696844,0.625729058973822,0.408428739835333,A,119,Y119A,0.268613960134775,0
Q119,0.662320496131448,0.209641805827317,0.435981150979382,Q,119,Y119Q,0.286734531844905,0
H119,0.997490978750514,0.279236795570545,0.638363887160529,H,119,Y119H,0.419836889554715,0
P119,0.0313699990930134,0.0564151707791288,0.0438925849360711,P,119,Y119P,0.0288671190597005,0
N120,0.071364559913552,0.346146139847917,0.208755349880735,N,120,K120N,0.13729347560946,0
M120,0.335587311029461,0.143498698048043,0.239543004538752,M,120,K120M,0.157541790760558,0
I120,0.923734922794525,0.297562114484883,0.610648518639704,I,120,K120I,0.401609144616944,0
R120,0.616503172108576,0.804249242383429,0.710376207246002,R,120,K120R,0.467197695957444,0
S120,0.983017306991152,0.539252413343009,0.761134860167081,S,120,K120S,0.500580466175168,0
T120,0.765644226494851,0.541789909983078,0.653717068238964,T,120,K120T,0.429934315048835,0
Y120,0.0011041654692412,0.0643411663911999,0.0327226659302206,Y,120,K120Y,0.021520926478454,0
L120,0.580691112344051,0.612643796021932,0.596667454182991,L,120,K120L,0.392414127899631,0
F120,0.556362327680726,0,0.278181163840363,F,120,K120F,0.182953197867973,0
W120,0.0186306319697022,0.0350009684797912,0.0268158002247467,W,120,K120W,0.0176361200621099,0
C120,0.0021554554089695,0,0.0010777277044847,C,120,K120C,0.000708796121363327,0
E120,0.479521688098818,0.394995682947519,0.437258685523168,E,120,K120E,0.287574736217285,0
D120,0.0023949504544106,0.657681868465945,0.330038409460178,D,120,K120D,0.217058486622227,0
V120,0.54081961407479,0.272869684512521,0.406844649293655,V,120,K120V,0.267572141104645,0
G120,0.638918957555443,0.500803519493955,0.569861238524699,G,120,K120G,0.374784311381078,0
A120,0.539447293639588,0.211293693751259,0.375370493695424,A,120,K120A,0.246872330458246,0
Q120,0.771272998095516,0.624580485017443,0.697926741556479,Q,120,K120Q,0.459009975666818,0
H120,0.226378755365913,0.322441354412285,0.274410054889099,H,120,K120H,0.180473028353195,0
P120,0.478444170630344,0.0398595071797542,0.259151838905049,P,120,K120P,0.170438059164396,0
K121,0.741090930186076,1.0566489675246,0.898869948855336,K,121,R121K,0.591165589144191,0
N121,0.0638374448631686,0.016450765447214,0.0401441051551913,N,121,R121N,0.0264018322171703,0
M121,0.400006555805002,1.01543434529028,0.707720450547643,M,121,R121M,0.46545106734314,0
I121,0.59853008862183,1.32907354277615,0.963801815698992,I,121,R121I,0.633869748256134,0
S121,0.97291775934073,0.990061213406556,0.981489486373643,S,121,R121S,0.645502512560118,0
T121,0.77031503011841,0.912232271399976,0.841273650759193,T,121,R121T,0.553285860780938,0
Y121,0.774633419198816,0.325025019111101,0.549829219154959,Y,121,R121Y,0.361609724170169,0
L121,0.813066511304569,0.707037780640524,0.760052145972547,L,121,R121L,0.499868390556775,0
F121,0.455337811692744,1.01179025953493,0.733564035613837,F,121,R121F,0.482447784399606,0
W121,1.04966555144758,0.956378927915408,1.00302223968149,W,121,R121W,0.659664097126762,1
C121,0.586590739634702,0.334729107472314,0.460659923553508,C,121,R121C,0.30296517916682,0
E121,0.801624130669158,0.0865771416056207,0.444100636137389,E,121,R121E,0.292074525948717,0
D121,0,0.467094778595863,0.233547389297932,D,121,R121D,0.153598615865642,0
V121,0.929263045504053,0.975004611059275,0.952133828281664,V,121,R121V,0.626195987814509,0
G121,0.66350847895044,0.89677860725245,0.780143543101445,G,121,R121G,0.513082029121019,0
A121,0.904000429329025,0.858668103202717,0.881334266265871,A,121,R121A,0.57963278382319,0
Q121,1.15229882419471,0.778847613944564,0.965573219069634,Q,121,R121Q,0.635034758521024,0
H121,0.709794369143926,0,0.354897184571963,H,121,R121H,0.233407517372532,0
P121,0.724410460269934,0.0419761102139118,0.383193285241923,P,121,R121P,0.252017196163488,0
K122,1.410143035309,1.41183722139436,1.41099012835168,K,122,D122K,0.927974966307282,1
N122,1.32766279051053,1.45796462493864,1.39281370772459,N,122,D122N,0.916020762673897,1
M122,1.17606311472531,0.138505648921846,0.657284381823577,M,122,D122M,0.432280453152123,0
I122,1.01921310790017,0.0087600326006414,0.513986570250405,I,122,D122I,0.338036858392275,0
R122,1.27761472821956,1.32284344464758,1.30022908643357,R,122,D122R,0.855130038425193,1
S122,0.931841397627314,0.952065839038147,0.941953618332731,S,122,D122S,0.619500703563726,0
T122,0.922593298531018,0.359289845662005,0.640941572096512,T,122,D122T,0.421532172210175,0
Y122,0.674626433341778,0.945481850600712,0.810054141971245,Y,122,D122Y,0.532753525342511,0
L122,0.806081184995412,0.803972266661891,0.805026725828652,L,122,D122L,0.529447112184975,0
F122,0.343240877768339,0.35167087396778,0.34745587586806,F,122,D122F,0.228513543945622,0
W122,0.485158531570403,0.925882449249291,0.705520490409847,W,122,D122W,0.464004205388738,0
C122,1.18979462808038,1.32077426695853,1.25528444751946,C,122,D122C,0.825571008249172,1
E122,1.0297980211543,0.691578957981483,0.86068848956789,E,122,D122E,0.566054542876829,0
V122,0.669195510842093,0.565437008625165,0.617316259733629,V,122,D122V,0.405994360851029,0
G122,1.00103187674782,0.853426689184667,0.927229282966243,G,122,D122G,0.609816855079559,0
A122,0.547580472140759,0.677277107440099,0.612428789790429,A,122,D122A,0.402779987011882,0
Q122,0.574045654930699,0.975832057975008,0.774938856452853,Q,122,D122Q,0.509659029327952,0
H122,0.900271889543079,0.274685167065474,0.587478528304276,H,122,D122H,0.386370787828455,0
P122,0.423014743959322,0.08408408255415,0.253549413256736,P,122,D122P,0.166753475801432,0
K123,1.12933460342893,1.04133269307502,1.08533364825198,K,123,I123K,0.713798371392831,1
N123,1.21340732917895,0.162405098775937,0.687906213977445,N,123,I123N,0.452419710748807,0
M123,1.30689592501086,1.43062957175279,1.36876274838183,M,123,I123M,0.900203013323781,1
R123,1.1449151130462,1.19463305105241,1.1697740820493,R,123,I123R,0.769332855393494,1
S123,1.10475848797024,1.31611320119144,1.21043584458084,S,123,I123S,0.796075138671748,1
T123,0.952506009297028,1.03730697650655,0.994906492901789,T,123,I123T,0.654326561666291,0
Y123,1.48762773455046,1.55338130035159,1.52050451745102,Y,123,I123Y,1,1
L123,1.23041660181375,1.24208890570638,1.23625275376006,L,123,I123L,0.813054311625801,1
F123,0.87717663599805,1.14331826454427,1.01024745027116,F,123,I123F,0.664415947914935,1
W123,0.524721773830961,0.0027906272402854,0.263756200535623,W,123,I123W,0.173466239335997,0
C123,0.0161944268822052,0.549492954040236,0.282843690461221,C,123,I123C,0.186019631783391,0
E123,0.463139300374645,0.0544408805689581,0.258790090471802,E,123,I123E,0.170200145742177,0
D123,0.0094032156090223,0,0.0047016078045111,D,123,I123D,0.00309213668920425,0
V123,0.760582658931584,0.487399650406282,0.623991154668933,V,123,I123V,0.410384281998053,0
G123,0.940422016561016,1.09949377044371,1.01995789350236,G,123,I123G,0.670802277662563,1
A123,0.704966203000025,0.0025696095628548,0.35376790628144,A,123,I123A,0.232664817645197,0
Q123,0.886920913168046,1.238134522273,1.06252771772052,Q,123,I123Q,0.698799448160631,1
H123,1.50599432004392,1.50484024596321,1.50541728300357,H,123,I123H,0.990077481339718,1
P123,1.31621546737158,1.43080532477144,1.37351039607151,P,123,I123P,0.903325429360821,1
K124,0.0207087055530229,0.0021215402599527,0.0114151229064879,K,124,P124K,0.00750745741000774,0
N124,0.328379704613461,0.0094028452973317,0.168891274955396,N,124,P124N,0.111075812677312,0
M124,0.376051680608354,0.518582299758219,0.447316990183287,M,124,P124M,0.294189846231546,0
I124,0.256424371450245,0.001503750914592,0.128964061182418,I,124,P124I,0.0848166248125417,0
R124,0.550434007979912,0.0381986943805978,0.294316351180255,R,124,P124R,0.193564930457193,0
S124,0.671413793936133,0.58520060752917,0.628307200732651,S,124,P124S,0.413222843813676,0
T124,0.347318772282188,0.226568709229273,0.286943740755731,T,124,P124T,0.188716138270187,0
Y124,0.0315540894921318,0.0012459317120126,0.0164000106020722,Y,124,P124Y,0.0107859006098616,0
L124,0.233154057498131,0.075171140211968,0.15416259885505,L,124,P124L,0.101389109394748,0
F124,0.699716152949185,0.0024860773634431,0.351101115156314,F,124,P124F,0.230910931948365,0
W124,0,0.939250459002649,0.469625229501324,W,124,P124W,0.308861449677641,0
C124,0.293496257056952,0.234791525198694,0.264143891127823,C,124,P124C,0.173721214304996,0
E124,0.441180713551677,0.0014162310200919,0.221298472285884,E,124,P124E,0.145542791715522,0
D124,0.0810793822711731,0.18999624278921,0.135537812530192,D,124,P124D,0.08914002620486,0
V124,0.144027673409463,0.295357421017796,0.219692547213629,V,124,P124V,0.144486612629026,0
G124,0.312427161184642,0.290551833776212,0.301489497480427,G,124,P124G,0.198282539788731,0
A124,0.763807245334521,0.336940636871617,0.550373941103069,A,124,P124A,0.361967974962493,0
Q124,0.0507184248248891,0.076476475084965,0.063597449954927,Q,124,P124Q,0.0418265445613684,0
H124,0.788404083675905,0.0119739495007215,0.400189016588313,H,124,P124H,0.263194888272474,0
K125,0.0038021697897351,0.699864989883051,0.351833579836393,K,125,L125K,0.231392656712529,0
N125,0.312477903807437,0.398846451251346,0.355662177529392,N,125,L125N,0.233910635218385,0
M125,1.02535710378802,1.05670814121549,1.04103262250175,M,125,L125M,0.684662630431997,1
I125,1.05661974079061,1.21470332821578,1.1356615345032,I,125,L125I,0.746897836520096,1
R125,0.18821950935496,0.160454729742297,0.174337119548628,R,125,L125R,0.114657416369198,0
S125,0.117488441597573,0.379781938868613,0.248635190233093,S,125,L125S,0.163521507091545,0
T125,0.816396709871583,0.806733359778321,0.811565034824952,T,125,L125T,0.533747203977705,0
Y125,0.723509836296168,0.0019490363795925,0.36272943633788,Y,125,L125Y,0.238558604841215,0
F125,0.863144738778733,0.99743470470984,0.930289721744286,F,125,L125F,0.611829633563883,0
W125,0.509395697579765,0.0013826999369645,0.255389198758365,W,125,L125W,0.167963459382877,0
C125,0.891403028152723,1.29019077708126,1.09079690261699,C,125,L125C,0.717391425081463,1
E125,0.123066919518745,0.0030707571257825,0.0630688383222637,E,125,L125E,0.0414788891439748,0
D125,0.866941871953302,0.0249413487279123,0.445941610340607,D,125,L125D,0.293285291311193,0
V125,0.696822306755468,0.661674462435117,0.679248384595293,V,125,L125V,0.446725660331472,0
G125,0.0261922087593612,0.0021337546192882,0.0141629816893247,G,125,L125G,0.0093146593954667,0
A125,0.780179023933095,0.994406414240766,0.887292719086931,A,125,L125A,0.583551517870129,0
Q125,0.592324594613359,0.346958801687085,0.469641698150222,Q,125,L125Q,0.308872280720041,0
H125,0.901878806918424,1.05289198723987,0.977385397079146,H,125,L125H,0.642803349718184,0
P125,0.410480573071957,0.380829003469863,0.39565478827091,P,125,L125P,0.260212833128696,0
K126,0.203701570902277,0.397121477895745,0.300411524399011,K,126,D126K,0.197573582288741,0
N126,0.908659170843733,0.0136797783371743,0.461169474590454,N,126,D126N,0.303300298879454,0
M126,0.200125744509713,0.0383343135162073,0.11923002901296,M,126,D126M,0.0784147811759466,0
I126,0.675709196654593,0.938170711798117,0.806939954226355,I,126,D126I,0.530705397428948,0
R126,0.38171676566696,0.106940657722116,0.244328711694538,R,126,D126R,0.160689237611823,0
S126,0.862916771302711,0.59294771876299,0.72793224503285,S,126,D126S,0.478743888412222,0
T126,0.567325152913901,0.596913786052779,0.58211946948334,T,126,D126T,0.382846261094447,0
Y126,0.0520240229020417,0,0.0260120114510208,Y,126,D126Y,0.0171074871218584,0
L126,0.508611516643717,0.177953628359782,0.34328257250175,L,126,D126L,0.22576886063925,0
F126,0.404039149839413,0.41663180719417,0.410335478516792,F,126,D126F,0.269867977245263,0
W126,0.516766134252914,0.291533386068687,0.4041497601608,W,126,D126W,0.265799776010083,0
C126,0.002582908591339,0.874331498117457,0.438457203354398,C,126,D126C,0.288362973159349,0
E126,0.0770807138905381,0.0399580434415224,0.0585193786660302,E,126,D126E,0.0384868167074783,0
V126,0.563482291223764,0.868973110669898,0.716227700946831,V,126,D126V,0.471046085510826,0
G126,0.466488547064092,0.16244393308937,0.314466240076731,G,126,D126G,0.206817037678983,0
A126,0.679140777259158,0.70294031071087,0.691040543985014,A,126,D126A,0.454481085754008,0
Q126,0.0799448759893936,0.573573563137237,0.326759219563315,Q,126,D126Q,0.21490184068055,0
H126,0.0085495717339016,0,0.0042747858669508,H,126,D126H,0.0028114259562458,0
P126,0.671389594484198,0.102596384669659,0.386992989576928,P,126,D126P,0.254516172188482,0
K127,0.0236452533275803,0.360076736858377,0.191860995092979,K,127,L127K,0.126182456474786,0
N127,0.0063238567783817,0.690565490903691,0.348444673841037,N,127,L127N,0.229163853077642,0
M127,0.531160506450885,0.144409256768067,0.337784881609476,M,127,L127M,0.222153158857916,0
I127,0.759273326519712,0.356562794845681,0.557918060682697,I,127,L127I,0.366929564680277,0
R127,0.137792235627039,0.0343985619163834,0.0860953987717113,R,127,L127R,0.0566229154754778,0
S127,0.856846932624237,0.868279896837541,0.862563414730889,S,127,L127S,0.567287636985712,0
T127,1.00492190543461,0.936871627029156,0.970896766231884,T,127,L127T,0.638535930073723,0
Y127,0.728801713244602,0.73276190625416,0.730781809749381,Y,127,L127Y,0.480617979994211,0
F127,0.303509796553508,0.930923610377583,0.617216703465546,F,127,L127F,0.405928885038928,0
W127,0.852448201249297,0.020662065198394,0.436555133223845,W,127,L127W,0.287112026444806,0
C127,0.0822969645278197,0.740120564491709,0.411208764509764,C,127,L127C,0.270442316869348,0
E127,0.417107513113842,0.0050662649109913,0.211086889012417,E,127,L127E,0.138826873968309,0
D127,0.265492277139498,0.196249609270723,0.23087094320511,D,127,L127D,0.151838380324014,0
V127,0.814586073134164,0.695761546945626,0.755173810039895,V,127,L127V,0.496660023941179,0
G127,0.828046491823285,0.463487943579246,0.645767217701265,G,127,L127G,0.424705885638427,0
A127,1.1071723811883,1.16562082930413,1.13639660524622,A,127,L127A,0.747381275230461,1
Q127,0.150266463086312,0.490439382153809,0.32035292262006,Q,127,L127Q,0.210688570105073,0
H127,0.482239830727017,0.64878387141616,0.565511851071589,H,127,L127H,0.371923821719133,0
P127,0.454294575050793,0.542019184517514,0.498156879784154,P,127,L127P,0.327626043899735,0
K128,0.0058634993883846,0.0294434429077115,0.0176534711480481,K,128,I128K,0.0116102720810343,0
N128,0.3285388638956,0.0029522168690887,0.165745540382344,N,128,I128N,0.109006937158069,0
M128,0.0257445982491879,0.0365574358922635,0.0311510170707257,M,128,I128M,0.0204872900495866,0
R128,0.35218623064351,0.253029587488146,0.302607909065828,R,128,I128R,0.199018092740113,0
S128,0.308079922003881,0.280423699852565,0.294251810928223,S,128,I128S,0.193522483853917,0
T128,0.764331235114119,0.679236897570075,0.721784066342097,T,128,I128T,0.474700376130483,0
Y128,0.291144196460328,0,0.145572098230164,Y,128,I128Y,0.0957393395148879,0
L128,0.62354350924163,0.628396794265862,0.625970151753746,L,128,I128L,0.411685821758113,0
F128,0.503675921051268,0.475915039067717,0.489795480059492,F,128,I128F,0.322126948284631,0
W128,0.0519096484798324,0.341956781073768,0.1969332147768,W,128,I128W,0.129518335865874,0
C128,1.22107415402834,0.984326243835517,1.10270019893193,C,128,I128C,0.725219942641474,1
E128,0.0075387849279231,0.700218605877939,0.353878695402931,E,128,I128E,0.232737681040353,0
D128,0.0105908189644871,0,0.0052954094822435,D,128,I128D,0.00348266606344633,0
V128,1.26938580951465,1.28495060521465,1.27716820736465,V,128,I128V,0.839963441546165,1
G128,0.699886276010928,0.891705673441518,0.795795974726223,G,128,I128G,0.523376264649512,0
A128,0.928317739110874,0.550123594257594,0.739220666684234,A,128,I128A,0.486168017391666,0
Q128,0.0116822392394534,0.0038238237542482,0.0077530314968508,Q,128,I128Q,0.00509898616404508,0
H128,0.0012925450509868,0.229429425254895,0.115360985152941,H,128,I128H,0.0758702021789009,0
P128,0.481054855152564,0.176292574049901,0.328673714601233,P,128,I128P,0.216160958963952,0
N129,0.840412395056375,0.936836819790821,0.888624607423598,N,129,K129N,0.584427469451582,0
M129,0.399724379946968,0.88045505012255,0.640089715034759,M,129,K129M,0.420971925889315,0
I129,0.423602708967039,0.693314435854032,0.558458572410536,I,129,K129I,0.367285046509916,0
R129,0.97378695459456,1.19812282204467,1.08595488831962,R,129,K129R,0.714206946349702,1
S129,0.369861657722647,0.677878343633716,0.523870000678182,S,129,K129S,0.344536957743736,0
T129,0.576134516001912,0.550673491261126,0.563404003631519,T,129,K129T,0.370537540115969,0
Y129,0.0043600380067475,0.0068927295140955,0.0056263837604215,Y,129,K129Y,0.0037003400488764,0
L129,0.62316984201341,0.364902038262547,0.494035940137979,L,129,K129L,0.324915798978475,0
F129,0.6115882460134,0.0022000081873757,0.306894127100388,F,129,K129F,0.201837037363668,0
W129,0.0066106839756734,1.12796406396219,0.567287373968933,W,129,K129W,0.373091541299684,0
C129,0.620127585789088,1.20188883767487,0.911008211731978,C,129,K129C,0.599148638676323,0
E129,0.639349025751453,0.26960929351197,0.454479159631711,E,129,K129E,0.29890023634629,0
D129,0.644943050583822,0.244022109546726,0.444482580065274,D,129,K129D,0.29232572147198,0
V129,0.393061466943691,0.0095337645680663,0.201297615755879,V,129,K129V,0.13238869957015,0
G129,0.36888031232894,0.548100400422648,0.458490356375794,G,129,K129G,0.301538305946245,0
A129,0.413903368502829,0.0149241649881863,0.214413766745507,A,129,K129A,0.141014883076409,0
Q129,0.228864377935125,0.216111622205798,0.222488000070462,Q,129,K129Q,0.146325116115697,0
H129,0.739626063575342,0.596578263246914,0.668102163411128,H,129,K129H,0.439395053249258,0
P129,0.0099915560851037,1.22081478257502,0.61540316933006,P,129,K129P,0.404736166362547,0
K130,1.18453693472822,0.849830376484114,1.01718365560617,K,130,E130K,0.668977726755709,1
N130,0.536973101883646,0.815816865866475,0.676394983875061,N,130,E130N,0.44484904590022,0
M130,0.377446339552742,0.0124084346992162,0.194927387125979,M,130,E130M,0.128199150274644,0
I130,0.875302326946772,1.24737313170809,1.06133772932743,I,130,E130I,0.69801682082909,1
R130,0.5274434866496,0.782504015161826,0.654973750905713,R,130,E130R,0.430760805632931,0
S130,1.03072668124959,1.01757847171127,1.02415257648043,S,130,E130S,0.673561021835912,1
T130,1.27753077783448,1.36417926768104,1.32085502275776,T,130,E130T,0.868695230825126,1
Y130,0.075083251908406,0.0270892574397346,0.0510862546740703,Y,130,E130Y,0.0335982261727913,0
L130,1.1481841816286,0.935318704688388,1.04175144315849,L,130,E130L,0.685135381843446,1
F130,0.908406749337633,0.649315252719849,0.778861001028741,F,130,E130F,0.51223853141484,0
W130,0.940551105223538,0.755256864758006,0.847903984990772,W,130,E130W,0.557646475402915,0
C130,0.828658375545097,0.915813114475318,0.872235745010208,C,130,E130C,0.573648900742779,0
D130,1.20256141064458,0.363527389006428,0.783044399825503,D,130,E130D,0.514989854247985,0
V130,1.18101671880122,1.0401149819204,1.11056585036081,V,130,E130V,0.730392996281634,1
G130,1.02992733056105,0.814169907320468,0.92204861894076,G,130,E130G,0.606409654399769,0
A130,1.09274414781153,0.762618042777089,0.927681095294308,A,130,E130A,0.610114001403611,0
Q130,1.27612757735585,1.30552059702054,1.29082408718819,Q,130,E130Q,0.848944591991172,1
H130,0.839448052882705,0.744942307201834,0.79219518004227,H,130,E130H,0.521008106815959,0
P130,1.0258259288701,0.756641601941661,0.891233765405881,P,130,E130P,0.586143451188129,0
K131,0.7592930629684,0.0248467872638916,0.392069925116146,K,131,N131K,0.257855153086565,0
M131,0.342588328571061,0.863203129129568,0.602895728850315,M,131,N131M,0.396510317418203,0
I131,0.17942308128457,1.25110498388178,0.715264032583172,I,131,N131I,0.470412303530833,0
R131,0.845254746783837,0.854147459489898,0.849701103136868,R,131,N131R,0.558828397669814,0
S131,0.805287361990641,1.10288840026786,0.954087881129249,S,131,N131S,0.627481122337398,0
T131,0.964937352842763,1.27270636121825,1.11882185703051,T,131,N131T,0.735822777367414,1
Y131,0.0076710443126235,0.231445501047996,0.11955827268031,Y,131,N131Y,0.0786306593029648,0
L131,0.425067121862219,0.245048757705002,0.335057939783611,L,131,N131L,0.220359713462281,0
F131,0.356680639089844,0.341570051647775,0.34912534536881,F,131,N131F,0.229611514705714,0
W131,0.0035060099435702,0.295505099728305,0.149505554835937,W,131,N131W,0.0983262812573347,0
C131,0.68670598606274,1.08653493889629,0.886620462479515,C,131,N131C,0.583109390536931,0
E131,0,0.0026414571986583,0.0013207285993291,E,131,N131E,0.000868612085114469,0
D131,0.484914808430683,0.0026766766279737,0.243795742529328,D,131,N131D,0.160338716347932,0
V131,0.968912067858341,1.04316925867127,1.00604066326481,V,131,N131V,0.66164924320734,1
G131,1.26908371421705,1.34693047508865,1.30800709465285,G,131,N131G,0.86024545119116,1
A131,0.925826820495301,1.25266239233809,1.08924460641669,A,131,N131A,0.716370516440625,1
Q131,0.667527710776303,0.0021342272116734,0.334830968993988,Q,131,N131Q,0.220210440121086,0
H131,0.482203434169331,1.37117005752034,0.926686745844836,H,131,N131H,0.609460041196285,0
P131,0.848585762302365,0.468590432814946,0.658588097558655,P,131,N131P,0.433137876277221,0
K132,0.310112592454598,0.627374375372884,0.468743483913741,K,132,I132K,0.308281546377478,0
N132,0.042572611225475,0,0.0212863056127375,N,132,I132N,0.0139995017235608,0
M132,0.93211894501631,0.173471028851262,0.552794986933786,M,132,I132M,0.363560239768635,0
R132,0.0600943768139936,0.474332821003067,0.26721359890853,R,132,I132R,0.175740088794006,0
S132,0.633653411187662,0.491530762334063,0.562592086760863,S,132,I132S,0.370003561517854,0
T132,0,0.397806695169722,0.198903347584861,T,132,I132T,0.130814045799945,0
Y132,1.160872552865,0.863456338370517,1.01216444561776,Y,132,I132Y,0.665676710592453,1
L132,1.05598831842242,0.907615577265678,0.981801947844047,L,132,I132L,0.645708011108013,0
F132,0.135602701045301,0.110759032881673,0.123180866963487,F,132,I132F,0.081013154219356,0
W132,0.956195673568522,0.803002988392132,0.879599330980327,W,132,I132W,0.578491757758728,0
C132,0.455450821870402,0.0775709505781308,0.266510886224266,C,132,I132C,0.175277931216571,0
E132,0.001173599187399,0.0012440015312039,0.0012088003593015,E,132,I132E,0.000794999518533452,0
D132,0.0021554554089695,0.0013916862883745,0.001773570848672,D,132,I132D,0.00116643576412731,0
V132,0.739885152678908,0.353688102554446,0.546786627616677,V,132,I132V,0.359608683394978,0
G132,0.455914207070942,0.0124448351552442,0.234179521113093,G,132,I132G,0.154014354068262,0
A132,0.888251002415393,0.742656097143269,0.815453549779331,A,132,I132A,0.536304588654798,0
Q132,0.83875720390201,0.373002431977556,0.605879817939783,Q,132,I132Q,0.398472882511051,0
H132,0.415105558417521,0.379265779261488,0.397185668839504,H,132,I132H,0.261219657213086,0
P132,0.0700320883439399,0.135162075060843,0.102597081702392,P,132,I132P,0.0674756835805961,0
K133,0.602600632337301,1.42903230467985,1.01581646850858,K,133,S133K,0.668078560010791,1
N133,1.06650862602071,0.0599043081926635,0.563206467106685,N,133,S133N,0.370407624997291,0
M133,0.742413257381095,0.563599947591064,0.653006602486079,M,133,S133M,0.429467058460821,0
I133,1.22102918118136,0.28063646933482,0.750832825258087,I,133,S133I,0.493805060518193,0
R133,0.89084910526868,1.08911942626994,0.98998426576931,R,133,S133R,0.651089328842589,0
T133,1.2279891875457,0.95834265458397,1.09316592106484,T,133,S133T,0.718949472703592,1
Y133,0.292302713311869,0.530824072850979,0.411563393081424,Y,133,S133Y,0.270675547726337,0
L133,1.23312550095765,0.843505905151254,1.03831570305445,L,133,S133L,0.68287577651863,1
F133,1.05252026020693,0.134408225524863,0.593464242865898,F,133,S133F,0.390307451279911,0
W133,1.22599639232365,0.465864329143527,0.845930360733588,W,133,S133W,0.55634846922501,0
C133,0.655406141485393,0.888905633661988,0.772155887573691,C,133,S133C,0.507828736259289,0
E133,1.04672863585502,1.16772375634218,1.1072261960986,E,133,S133E,0.72819658435133,1
D133,1.02150227059807,1.01019001898491,1.01584614479149,D,133,S133D,0.668098077402926,1
V133,0.331317939667384,0.594615906873633,0.462966923270508,V,133,S133V,0.30448243853075,0
G133,1.41063121016225,1.30697140951455,1.3588013098384,G,133,S133G,0.893651609872426,1
A133,0.730139952465836,0.843206505312075,0.786673228888956,A,133,S133A,0.51737644963248,0
Q133,1.05749685850408,0.928301962157526,0.992899410330802,Q,133,S133Q,0.653006550743632,0
H133,0.330579135457221,0.853366949028869,0.591973042243045,H,133,S133H,0.389326723761026,0
P133,0.138500970877205,0.132156350133201,0.135328660505203,P,133,S133P,0.089002471845377,0
K134,0.619724354833542,0.715833001873648,0.667778678353595,K,134,V134K,0.43918230474781,0
N134,0.308782152500615,0.592945915269687,0.450864033885151,N,134,V134N,0.296522653310482,0
M134,0.970138854268912,1.05330733306726,1.01172309366809,M,134,V134M,0.665386443812838,1
I134,1.21953751079135,0.693976608622244,0.956757059706795,I,134,V134I,0.629236578205441,0
R134,0.312850995299808,0.267473207539261,0.290162101419534,R,134,V134R,0.190832778258339,0
S134,0.522643333624861,0.486556415992864,0.504599874808863,S,134,V134S,0.331863449938824,0
T134,0.820931300303488,0.981250802621037,0.901091051462263,T,134,V134T,0.592626356002451,0
Y134,1.08245919196789,0.505475984724928,0.793967588346408,Y,134,V134Y,0.522173778001935,0
L134,1.17813144632246,1.06763973639492,1.12288559135869,L,134,V134L,0.738495399698713,1
F134,0.949912431394604,1.0719606158295,1.01093652361205,F,134,V134F,0.664869135217558,1
W134,1.04709754867311,1.19510797796401,1.12110276331856,W,134,V134W,0.737322875697851,1
C134,0.885224510629521,1.27458041103299,1.07990246083126,C,134,V134C,0.710226407378002,1
E134,0.626379457701633,0.552868141935195,0.589623799818414,E,134,V134E,0.387781682363471,0
D134,0.01790715879819,0,0.008953579399095,D,134,V134D,0.00588855823598921,0
G134,0.833700085516429,0.281158815500257,0.557429450508343,G,134,V134G,0.36660821727963,0
A134,1.08601541015935,1.080085142804,1.08305027648167,A,134,V134A,0.712296651572795,1
Q134,0.597342917566245,0.607163119466253,0.602253018516249,Q,134,V134Q,0.396087621972915,0
H134,0.903002548953931,0.47681895826244,0.689910753608185,H,134,V134H,0.453738049239574,0
P134,1.1335660114029,1.22398993264057,1.17877797202174,P,134,V134P,0.77525450170832,1
K135,1.00940165275888,1.05484952274913,1.03212558775401,K,135,N135K,0.678804683516672,1
M135,0.655058778267727,0.441439413128592,0.548249095698159,M,135,N135M,0.360570514198304,0
I135,0.651600622013909,0.442903326930912,0.547251974472411,I,135,N135I,0.359914731059021,0
R135,1.02324916118116,0.859963631448418,0.941606396314788,R,135,N135R,0.619272343822628,0
S135,0.941475006403469,1.00679214636803,0.974133576385749,S,135,N135S,0.640664703856842,0
T135,0.757307993080896,0.322586180748259,0.539947086914577,T,135,N135T,0.355110478605974,0
Y135,0.904311519308595,1.13002656191255,1.01716904061057,Y,135,N135Y,0.668968114817414,1
L135,0.900227250023253,1.05375371165846,0.976990480840859,L,135,N135L,0.64254362261198,0
F135,0.97892468096772,1.00862369970548,0.993774190336601,F,135,N135F,0.653581872944757,0
W135,0.792939554595022,0.863633185210213,0.828286369902617,W,135,N135W,0.544744432125174,0
C135,1.00263644387696,0.864468807026081,0.933552625451522,C,135,N135C,0.613975568462324,0
E135,1.00862874672723,1.05751981335285,1.03307428004004,E,135,N135E,0.679428616083226,1
D135,0.493704932774295,0.898274529387809,0.695989731081052,D,135,N135D,0.457736049510601,0
V135,1.06090032008224,1.21878218324152,1.13984125166188,V,135,N135V,0.749646738026609,1
G135,0.89733420069121,1.1110979230371,1.00421606186416,G,135,N135G,0.660449245851391,1
A135,1.12112247202162,0.982435072081525,1.05177877205157,A,135,N135A,0.691730119825475,1
Q135,0.97384261650103,0.901469320802579,0.937655968651805,Q,135,N135Q,0.616674240615671,0
H135,0.835924602914942,0.780092774743284,0.808008688829113,H,135,N135H,0.531408278999172,0
P135,1.14316009137319,1.04847163613437,1.09581586375378,P,135,N135P,0.720692277580872,1
K136,1.14245303341634,1.02347678510897,1.08296490926266,K,136,R136K,0.712240507563994,1
N136,1.04663464082666,0.843595970342102,0.945115305584381,N,136,R136N,0.621580070783858,0
M136,1.08048972020985,1.03115723898465,1.05582347959725,M,136,R136M,0.69439022869017,1
I136,0.984244868389188,1.00817844583437,0.996211657111778,I,136,R136I,0.655184937419213,0
S136,1.0447828445289,1.18420479401986,1.11449381927438,S,136,R136S,0.732976328898202,1
T136,1.14229908643009,1.11015066800269,1.12622487721639,T,136,R136T,0.74069156933805,1
Y136,1.29990277357188,1.2531361867764,1.27651948017414,Y,136,R136Y,0.839536788956143,1
L136,0.893050287742826,1.00602638545731,0.949538336600069,L,136,R136L,0.624488994081964,0
F136,1.22616375179385,1.16495464323028,1.19555919751206,F,136,R136F,0.78629111836925,1
W136,0.881224750099932,0.596974116483725,0.739099433291829,W,136,R136W,0.486088285045584,0
C136,0.999018280764569,1.04470375796014,1.02186101936236,C,136,R136C,0.672053918705491,1
E136,0.726119957955595,0.87575829270954,0.800939125332568,E,136,R136E,0.526758793637302,0
D136,1.09012895478296,1.20818362722907,1.14915629100602,D,136,R136D,0.755773019952923,1
V136,0.940160215676569,0.909081110595206,0.924620663135887,V,136,R136V,0.608101227272856,0
G136,1.08035576999367,1.0444654254611,1.06241059772738,G,136,R136G,0.698722421100339,1
A136,1.08251638223198,1.12889091498448,1.10570364860823,A,136,R136A,0.727195240736171,1
Q136,1.3528048709628,1.40484873410345,1.37882680253313,Q,136,R136Q,0.906821904642941,1
H136,1.1678110699408,1.32387902297231,1.24584504645656,H,136,R136H,0.819362936550231,1
P136,0.66597534621287,1.05639282889112,0.861184087551996,P,136,R136P,0.566380485995325,0
K137,0.801208296598003,1.11564378109173,0.958426038844869,K,137,M137K,0.630334226465554,0
N137,0.881124044454529,1.30278473448818,1.09195438947136,N,137,M137N,0.718152676916683,1
I137,1.00839537946266,1.21794323135971,1.11316930541118,I,137,M137I,0.732105227334215,1
R137,1.10113438465547,0.967729688382455,1.03443203651896,R,137,M137R,0.680321580532418,1
S137,1.10271314897717,1.22242557932485,1.16256936415101,S,137,M137S,0.76459448216566,1
T137,0.541246097389352,1.26922386918216,0.905234983285754,T,137,M137T,0.595351722337066,0
Y137,1.09544796156774,1.15677353572573,1.12611074864673,Y,137,M137Y,0.740616509666506,1
L137,0.924614574213783,0.932300079743408,0.928457326978595,L,137,M137L,0.610624510695348,0
F137,0.306315861665541,0.608821100536732,0.457568481101137,F,137,M137F,0.300932010296297,0
W137,0.437249525819541,0.729297400085608,0.583273462952574,W,137,M137W,0.383605215412563,0
C137,0.911751126044251,0.795345617237726,0.853548371640988,C,137,M137C,0.561358655528285,0
E137,1.19088285487436,0.427759023543015,0.809320939208687,E,137,M137E,0.532271315158889,0
D137,1.0145428035701,1.03786458666838,1.02620369511924,D,137,M137D,0.674909994242945,1
V137,0.69171970775883,0.952739852136011,0.822229779947421,V,137,M137V,0.540761155597098,0
G137,1.18391382025722,1.06169327150169,1.12280354587945,G,137,M137G,0.738441440319903,1
A137,1.11938066680824,1.1896950012449,1.15453783402657,A,137,M137A,0.759312334015319,1
Q137,0.954148261037195,1.13609221681736,1.04512023892728,Q,137,M137Q,0.687350959456091,1
H137,0.715728992605291,0.409061978229491,0.562395485417391,H,137,M137H,0.369874261445927,0
P137,0.813741822483981,1.06116981947247,0.937455820978225,P,137,M137P,0.616542608205979,0
K138,0.857165630538818,1.18745229557601,1.02230896305741,K,138,N138K,0.672348520720749,1
M138,0.632851304279053,0,0.316425652139526,M,138,N138M,0.208105696831459,0
I138,1.08432945217351,1.36066439768493,1.22249692492922,I,138,N138I,0.804007427073363,1
R138,1.01409472718862,0.579184789312068,0.796639758250343,R,138,N138R,0.523931201194873,0
S138,0.78730189186582,1.26584902659643,1.02657545923113,S,138,N138S,0.675154494741052,1
T138,0.955852374209104,1.08026746528825,1.01805991974868,T,138,N138T,0.669554025038584,1
Y138,0.625005019256797,0.325837619989109,0.475421319622953,Y,138,N138Y,0.31267340160222,0
L138,0.942021991491495,1.13177241020958,1.03689720085054,L,138,N138L,0.681942861037203,1
F138,0.201859060232641,0.97094008732068,0.58639957377666,F,138,N138F,0.385661184854421,0
W138,0.976701684706657,0.153300570511225,0.565001127608941,W,138,N138W,0.371587930929736,0
C138,1.13200964194387,1.32031241039316,1.22616102616852,C,138,N138C,0.806417220136946,1
E138,1.35910412177121,0.963892176542578,1.16149814915689,E,138,N138E,0.763889969300473,1
D138,0.874763250748338,0.728572417501226,0.801667834124782,D,138,N138D,0.527238048242501,0
V138,1.05360924617536,0.711398278551282,0.882503762363319,V,138,N138V,0.58040193385466,0
G138,1.17380717166983,0.949634156662724,1.06172066416628,G,138,N138G,0.69826866805115,1
A138,0.998946050929929,1.32791161769347,1.1634288343117,A,138,N138A,0.765159735442337,1
Q138,0.943449252263011,0.647148143768005,0.795298698015508,Q,138,N138Q,0.523049217472073,0
H138,0.347576317981974,0.93345000446563,0.640513161223802,H,138,N138H,0.421250416472002,0
P138,0.926113450849765,1.00247789487584,0.964295672862801,P,138,N138P,0.634194546478132,0
K139,0.847491093707736,0.750531381215984,0.79901123746186,K,139,H139K,0.525490867203292,0
N139,0.80545965282547,1.1890429343645,0.997251293594984,N,139,H139N,0.655868681841722,0
M139,1.06983833684249,1.17669966997074,1.12326900340661,M,139,H139M,0.738747560769936,1
I139,0.682800189041204,1.05411017709579,0.868455183068498,I,139,H139I,0.571162514218886,0
R139,0.542123162088076,0.693213415483931,0.617668288786004,R,139,H139R,0.406225882065425,0
S139,0.880090346607914,0.849006579860514,0.864548463234214,S,139,H139S,0.568593156621163,0
T139,1.08729518429354,1.27351599696676,1.18040559063015,T,139,H139T,0.776324948122474,1
Y139,0.839706037114249,0.17042149753646,0.505063767325354,Y,139,H139Y,0.33216854111821,0
L139,0.611885592357548,0.271933282921638,0.441909437639593,L,139,H139L,0.29063342631853,0
F139,0.0470503130533972,1.1531477324111,0.600099022732247,F,139,H139F,0.394670989691142,0
W139,0.135935740835015,0.120552611488895,0.128244176161955,W,139,H139W,0.0843431733941469,0
C139,0.396039107251884,0.366515886817986,0.381277497034935,C,139,H139C,0.250757227393254,0
E139,1.17923993468705,0.446772457497286,0.813006196092168,E,139,H139E,0.53469502179125,0
D139,0.63782537354901,1.18769415118731,0.912759762368158,D,139,H139D,0.600300592265462,0
V139,0.967961137783008,0.0683779837277143,0.518169560755361,V,139,H139V,0.340787912701517,0
G139,0.66188646970933,1.39250377694757,1.02719512332845,G,139,H139G,0.675562033219371,1
A139,1.20856762930995,0.95962586228905,1.0840967457995,A,139,H139A,0.712984889789663,1
Q139,0.83461894989221,1.13593611289825,0.985277531395229,Q,139,H139Q,0.647993820529354,0
P139,0.935499784208155,0.706982525229899,0.821241154719027,P,139,H139P,0.54011096007512,0
K140,1.19457713589914,1.2911891780452,1.24288315697217,K,140,G140K,0.817414971614648,1
N140,1.07655459294481,1.14172571703014,1.10914015498747,N,140,G140N,0.729455350022134,1
M140,0.372687139571869,0.54585872134202,0.459272930456944,M,140,G140M,0.302052986482981,0
I140,1.08464909875245,0.995217876952139,1.0399334878523,I,140,G140I,0.68393975546725,1
R140,0.727801022995165,0.796694322938995,0.76224767296708,R,140,G140R,0.501312336937292,0
S140,0.755378646044411,0.601539516748189,0.6784590813963,S,140,G140S,0.446206554212461,0
T140,0.500411812454896,0.753815781056768,0.627113796755832,T,140,G140T,0.412437970133182,0
Y140,0,0.0020993542180186,0.0010496771090093,Y,140,G140Y,0.000690347905555048,0
L140,0.581616039291865,0.477215205222793,0.529415622257329,L,140,G140L,0.348184182408641,0
F140,0.139470644109796,0.0191843717363308,0.0793275079230632,F,140,G140F,0.0521718331071112,0
W140,1.02921942898554,0.756360742598555,0.892790085792049,W,140,G140W,0.587167006441208,0
C140,1.07810837753582,1.01607554716285,1.04709196234933,C,140,G140C,0.68864771549951,1
E140,0.392563193987006,0.712410211792666,0.552486702889836,E,140,G140E,0.363357488615704,0
D140,1.23113832968184,0,0.615569164840918,D,140,G140D,0.404845337699398,0
V140,0.709428109962576,0.0794337488517397,0.394430929407158,V,140,G140V,0.259407929986544,0
A140,0.426932743114569,0.495507314500178,0.461220028807373,A,140,G140A,0.303333547196929,0
Q140,0.598236851234917,0.700191727116822,0.649214289175869,Q,140,G140Q,0.426972943338711,0
H140,0.970641266653619,0.225743811997788,0.598192539325703,H,140,G140H,0.393417140468951,0
P140,0.41672137906745,0.520835865600029,0.468778622333739,P,140,G140P,0.308304656088494,0
K141,1.18132977076605,1.26852635249091,1.22492806162848,K,141,D141K,0.805606328406018,1
N141,1.14000929237717,0.0259033222061978,0.582956307291685,N,141,D141N,0.383396629606175,0
M141,0.053725872587401,0.347655812758693,0.200690842673047,M,141,D141M,0.131989639208364,0
I141,1.01312232402036,0.0027453093620243,0.50793381669119,I,141,D141I,0.334056104971455,0
R141,0.908144932490115,0.797711370676204,0.852928151583159,R,141,D141R,0.560950751407836,0
S141,0.941846364495601,0.680311204768764,0.811078784632183,S,141,D141S,0.533427408681349,0
T141,1.15088888951951,0.781334155306854,0.96611152241318,T,141,D141T,0.63538878794834,0
Y141,0.0443824706658932,0.0049568085703218,0.0246696396181075,Y,141,D141Y,0.0162246407919023,0
L141,0.766859708023995,0.888142814170316,0.827501261097155,L,141,D141L,0.544228084559973,0
F141,0.657263264351355,1.41321578562739,1.03523952498937,F,141,D141F,0.680852646676019,1
W141,0.162186305093389,1.18386064920351,0.67302347714845,W,141,D141W,0.442631685354483,0
C141,0.800763614997188,0.623508202751538,0.712135908874363,C,141,D141C,0.468355010262114,0
E141,1.1604915753673,0.966881149288486,1.06368636232789,E,141,D141E,0.699561461422724,1
V141,0.683277392588999,0.53628282174625,0.609780107167624,V,141,D141V,0.401038010850413,0
G141,0.745184830173302,0.493569940278957,0.61937738522613,G,141,D141G,0.407349914529986,0
A141,0.474728056604073,0.919028726306751,0.696878391455412,A,141,D141A,0.458320500503124,0
Q141,1.11949795175819,0.92819441370419,1.02384618273119,Q,141,D141Q,0.673359513885279,1
H141,0.384272849293556,0.732934860596143,0.558603854944849,H,141,D141H,0.367380595410065,0
P141,1.03697106017249,0.576964402755602,0.806967731464046,P,141,D141P,0.530723665863782,0
K142,0.515695665440479,0.320440733901429,0.418068199670954,K,142,Y142K,0.274953605775407,0
N142,1.21615244746812,1.17154581171582,1.19384912959197,N,142,Y142N,0.785166446985204,1
M142,1.2118174905912,1.11487626849753,1.16334687954437,M,142,Y142M,0.765105835722612,1
I142,1.06904858283143,1.00684150285294,1.03794504284218,I,142,Y142I,0.682632002029297,1
R142,0.589369065784752,0.519366502227451,0.554367784006101,R,142,Y142R,0.364594631350024,0
S142,0.953615173939576,0.960542853999952,0.957079013969764,S,142,Y142S,0.629448319939368,0
T142,1.07487226197968,1.07511215473597,1.07499220835782,T,142,Y142T,0.706997050005442,1
L142,1.05644994871015,1.21036465010675,1.13340729940845,L,142,Y142L,0.745415279205154,1
F142,1.06344025362322,0.88076454390762,0.97210239876542,F,142,Y142F,0.63932884618788,0
W142,0.828296806476264,0.904438406296755,0.866367606386509,W,142,Y142W,0.569789564215759,0
C142,1.14626322139384,0.824895687084264,0.985579454239053,C,142,Y142C,0.648192388070824,0
E142,0.120293219596194,0.2182161574306,0.169254688513397,E,142,Y142E,0.111314821212854,0
D142,0.491324786222903,0.255590220411466,0.373457503317185,D,142,Y142D,0.245614201754067,0
V142,0.874307285010141,0.961510256266928,0.917908770638534,V,142,Y142V,0.603686973700887,0
G142,0.875154143646912,0.812787321806119,0.843970732726515,G,142,Y142G,0.55505966805107,0
A142,1.10745043398526,0.858733537922463,0.983091985953863,A,142,Y142A,0.646556438781203,0
Q142,0.771610529684618,0.759864318755245,0.765737424219932,Q,142,Y142Q,0.503607464122249,0
H142,0.922355013081564,0.915923167319576,0.91913909020057,H,142,Y142H,0.604496125892094,0
P142,0.443133969384702,0.735698495046414,0.589416232215558,P,142,Y142P,0.387645170041098,0
K143,0.836038866301944,0.623802349773443,0.729920608037693,K,143,I143K,0.480051587917236,0
N143,0.709994688327026,0.53796574608415,0.623980217205588,N,143,I143N,0.410377088686084,0
M143,0.881240478576844,0.698044047137656,0.78964226285725,M,143,I143M,0.519329113326812,0
R143,0.837138499741335,0.807031349460777,0.822084924601056,R,143,I143R,0.540665887648399,0
S143,0.716207393358543,0.788282916979769,0.752245155169156,S,143,I143S,0.49473391662803,0
T143,0.921342470001016,1.15593403284771,1.03863825142436,T,143,I143T,0.683087908982696,1
Y143,0.961759913167622,0.578834047549332,0.770296980358477,Y,143,I143Y,0.506606176777302,0
L143,0.913511988939749,0.929833773312166,0.921672881125957,L,143,I143L,0.606162540490872,0
F143,1.06509122987775,0.912434694734481,0.988762962306117,F,143,I143F,0.650286106327184,0
W143,0.577353975504395,0.777317418079119,0.677335696791757,W,143,I143W,0.445467730623547,0
C143,0.963475386257523,0.9914451957522,0.977460291004861,C,143,I143C,0.642852605688722,0
E143,1.01034019010219,0.833920836795492,0.922130513448839,E,143,I143E,0.606463514488403,0
D143,0.806552849904017,0.629335940958451,0.717944395431234,D,143,I143D,0.472175115030108,0
V143,0.981725561997937,0.876784148432736,0.929254855215336,V,143,I143V,0.611149026227915,0
G143,0.92927251595048,1.05167626765349,0.990474391801982,G,143,I143G,0.65141167318754,0
A143,0.594250248272322,0.72272494572236,0.658487596997341,A,143,I143A,0.433071779425708,0
Q143,1.16993416727538,1.01742460900794,1.09367938814166,Q,143,I143Q,0.719287167903393,1
H143,1.02411640664225,1.25026248382723,1.13718944523474,H,143,I143H,0.747902707412622,1
P143,0.149377140943883,0.212322817362163,0.180849979153023,P,143,I143P,0.118940770696427,0
K144,0.440807025508928,0.136942256118986,0.288874640813957,K,144,A144K,0.189986045748965,0
N144,0.110187992531542,0.105331637831807,0.107759815181674,N,144,A144N,0.0708710917625703,0
M144,1.04305999953215,0.715456017065615,0.879258008298881,M,144,A144M,0.578267277872263,0
I144,1.24359099930568,0.836953207813162,1.04027210355942,I,144,A144I,0.684162455040473,1
R144,0.219773840867757,0.308081278548333,0.263927559708045,R,144,A144R,0.173578938226697,0
S144,0.923837137943788,1.14346767135828,1.03365240465104,S,144,A144S,0.67980883502001,1
T144,0.932369330645595,0.879033572166843,0.905701451406219,T,144,A144T,0.595658507430508,0
Y144,0.231396278660876,0.0024208270704723,0.116908552865674,Y,144,A144Y,0.0768880010048638,0
L144,0.964140298238945,1.0921281570871,1.02813422766302,L,144,A144L,0.67617966001613,1
F144,0.779517503141918,0.823275895436123,0.80139669928902,F,144,A144F,0.527059729248608,0
W144,0.361491319227207,0.373405018749757,0.367448168988482,W,144,A144W,0.241662004138254,0
C144,0.936958327920797,0.495141864905712,0.716050096413255,C,144,A144C,0.470929279193227,0
E144,0.103377795405885,0.0762323390486042,0.0898050672272445,E,144,A144E,0.0590626770236724,0
D144,0.223214628935453,0.0666926572008048,0.144953643068129,D,144,A144D,0.0953325961248243,0
V144,1.11979831431552,0.908414472958137,1.01410639363683,V,144,A144V,0.666953884054802,1
G144,0.847577200053869,0.99187461141825,0.919725905736059,G,144,A144G,0.604882060645167,0
Q144,0.265241229412808,0.154677101036932,0.20995916522487,Q,144,A144Q,0.138085196600959,0
H144,0.271023449052531,0.0515081180339043,0.161265783543218,H,144,A144H,0.106060706622276,0
P144,0.131472214441834,0.529780748338863,0.330626481390349,P,144,A144P,0.217445247676483,0
K145,1.1810607014899,0.699467655051231,0.940264178270568,K,145,S145K,0.618389598635873,0
N145,0.885558935432034,0.662476057127526,0.77401749627978,N,145,S145N,0.509053072448181,0
M145,1.01151707892324,0.0786560823069286,0.545086580615082,M,145,S145M,0.358490602532946,0
I145,1.26062374046525,1.2461203043858,1.25337202242552,I,145,S145I,0.824313251319159,1
R145,0.609090735268986,0.38896203838838,0.499026386828683,R,145,S145R,0.328197898198456,0
T145,1.00635782589543,0.771781393327862,0.889069609611643,T,145,S145T,0.584720136906981,0
Y145,0.322536974682069,0.874592288072664,0.598564631377367,Y,145,S145Y,0.393661856645321,0
L145,0.930373849853805,1.09519509022739,1.0127844700406,L,145,S145L,0.666084486048378,1
F145,0.955989353688616,1.06128556175653,1.00863745772257,F,145,S145F,0.663357093745077,1
W145,1.01091090662477,1.25781992504478,1.13436541583477,W,145,S145W,0.746045409806756,1
C145,0.621278927085477,0.857765276526084,0.739522101805781,C,145,S145C,0.486366264169684,0
E145,1.12830477158523,1.07296418058971,1.10063447608747,E,145,S145E,0.723861365392441,1
D145,0.270167102880723,0.323200027090345,0.296683564985534,D,145,S145D,0.195121791208418,0
V145,0.77910457842576,0.930787872327092,0.854946225376426,V,145,S145V,0.562277990998449,0
G145,0.909135314145243,1.12040247419262,1.01476889416893,G,145,S145G,0.667389595047105,1
A145,0.91396335990717,1.11690512414333,1.01543424202525,A,145,S145A,0.667827178657468,1
Q145,0.887815761527871,0.217989713822059,0.552902737674965,Q,145,S145Q,0.36363110489264,0
H145,1.20461857480551,0.860108198456709,1.03236338663111,H,145,S145H,0.678961078235906,1
P145,0.886083900273994,0.759135255684621,0.822609577979308,P,145,S145P,0.541010939815117,0
K146,0.253963954448787,0.29490352251233,0.274433738480559,K,146,L146K,0.180488604493343,0
N146,0.0887852859437627,0.19098398175939,0.139884633851576,N,146,L146N,0.0919988281824241,0
M146,0.944057275416309,1.07184006501782,1.00794867021707,M,146,L146M,0.662904094429656,1
I146,1.12353219930178,1.21481646343555,1.16917433136866,I,146,L146I,0.76893841350019,1
R146,0.252571032056266,0.162934545025289,0.207752788540778,R,146,L146R,0.136634114635224,0
S146,0.326566751394009,0.247093188870192,0.2868299701321,S,146,L146S,0.188641314011314,0
T146,0.826736837280458,0.663125001266937,0.744930919273697,T,146,L146T,0.489923515993561,0
Y146,0.788815290864901,0.691527614799295,0.740171452832098,Y,146,L146Y,0.486793327041819,0
F146,0.703282489401882,1.09690568763653,0.900094088519207,F,146,L146F,0.591970676961966,0
W146,0.714600790276874,0.855517844409297,0.785059317343086,W,146,L146W,0.516315018030438,0
C146,0.251097317870249,0.576487832235669,0.413792575052959,C,146,L146C,0.27214162819236,0
E146,0.087535349207491,0.400311464364256,0.243923406785873,E,146,L146E,0.160422678121856,0
D146,0.0464965943632117,0.0293704426321935,0.0379335184977025,D,146,L146D,0.0249479814511136,0
V146,0.47769650885258,0.520828566409332,0.499262537630956,V,146,L146V,0.328353209017703,0
G146,0.241821548743159,0.303299797501135,0.272560673122147,G,146,L146G,0.179256733534122,0
A146,0.620022680106329,0.562070763696991,0.59104672190166,A,146,L146A,0.388717504695411,0
Q146,0.410472301875469,0.428110261280688,0.419291281578078,Q,146,L146Q,0.275757997931489,0
H146,0.0630818924413049,0.023211867675497,0.043146880058401,H,146,L146H,0.0283766865295031,0
P146,0.366437190380466,0.381250283052227,0.373843736716346,P,146,L146P,0.245868218361534,0
K147,0.218050830515736,0.0117379076673417,0.114894369091539,K,147,S147K,0.07556331978819,0
N147,0.0344511013671984,0.504350322415313,0.269400711891256,N,147,S147N,0.177178501477181,0
M147,0.0154617861638431,0.298827566031073,0.157144676097458,M,147,S147M,0.103350351343182,0
I147,0.138000568323554,0.497016547514295,0.317508557918924,I,147,S147I,0.208817898450704,0
R147,0.120965738811243,0.319934345787914,0.220450042299579,R,147,S147R,0.144984799301447,0
T147,0.976769002624778,0.679781641875432,0.828275322250105,T,147,S147T,0.544737166344385,0
Y147,0.334294480163091,0.194087332920518,0.264190906541804,Y,147,S147Y,0.173752135235149,0
L147,0.242121376741499,0.0183846746596917,0.130253025700596,L,147,S147L,0.085664346409804,0
F147,0.602929842909684,0.384504835949211,0.493717339429448,F,147,S147F,0.324706262798297,0
W147,0.0083717961353451,0.123723891628736,0.0660478438820407,W,147,S147W,0.043438110919107,0
C147,0.329967562155227,0.606064143872217,0.468015853013722,C,147,S147C,0.307803000676582,0
E147,0.0239118320905946,0.389027796974752,0.206469814532673,E,147,S147E,0.135790332855308,0
D147,0.0932167300454772,0.181376454394582,0.137296592220029,D,147,S147D,0.0902967341722822,0
V147,0.238078092454068,0.743803923723819,0.490941008088943,V,147,S147V,0.322880335082436,0
G147,0.894526157551515,0.687634395580725,0.79108027656612,G,147,S147G,0.520274861065385,0
A147,1.08835617514647,1.00005924908244,1.04420771211446,A,147,S147A,0.686750812069256,1
Q147,0,0.0764281725490121,0.0382140862745061,Q,147,S147Q,0.025132504268102,0
H147,0.0184657903328183,0,0.0092328951664091,H,147,S147H,0.00607225763583206,0
P147,0.213401822242476,0.165360424270475,0.189381123256475,P,147,S147P,0.124551503190503,0
K148,0.226122182620499,0.202540951800997,0.214331567210748,K,148,L148K,0.140960822378913,0
N148,0.191446796832896,0.195208001926721,0.193327399379809,N,148,L148N,0.127146876027638,0
M148,1.1282597893352,0.877026351641615,1.00264307048841,M,148,L148M,0.659414726481211,1
I148,0.474379786136195,0.537141523827071,0.505760654981633,I,148,L148I,0.33262686771197,0
R148,0.181737128055857,0.298984638819854,0.240360883437856,R,148,L148R,0.158079690444326,0
S148,0.224487631190137,0.34516322914278,0.284825430166458,S,148,L148S,0.187322975300291,0
T148,0.922534701797358,0.860201254368735,0.891367978083047,T,148,L148T,0.586231719704023,0
Y148,0.494382912496172,0.273318829940751,0.383850871218461,Y,148,L148Y,0.252449674968378,0
F148,0.669151745646321,0.730726082952818,0.69993891429957,F,148,L148F,0.460333334275751,0
W148,0.233569302818419,0.102311210024976,0.167940256421697,W,148,L148W,0.110450350192469,0
C148,0.839674341539501,1.05174066934806,0.945707505443779,C,148,L148C,0.621969546679918,0
E148,0.0142079236806003,0.0318189881462842,0.0230134559134423,E,148,L148E,0.0151354077868984,0
D148,0.660552234532525,0.362660088232184,0.511606161382354,D,148,L148D,0.336471319559124,0
V148,0.818577312955402,1.01782570128026,0.918201507117832,V,148,L148V,0.603879499586827,0
G148,0.510886865874641,0.559918312693152,0.535402589283896,G,148,L148G,0.352121669576784,0
A148,0.652286945552796,0.949797133589577,0.801042039571187,A,148,L148A,0.526826477907515,0
Q148,0.286447243368914,0.27015046138944,0.278298852379177,Q,148,L148Q,0.18303059884736,0
H148,0.258900604813109,0.374429390800243,0.316664997806676,H,148,L148H,0.208263108838068,0
P148,0.525531484061445,0.56577407458514,0.545652779323292,P,148,L148P,0.358862978084423,0
K149,0.0053457622965148,0.257837295918565,0.13159152910754,K,149,L149K,0.0865446485671352,0
N149,0.217505703439447,0.163076274462304,0.190290988950875,N,149,L149N,0.125149900422446,0
M149,1.07370975601654,0.520091214327871,0.796900485172207,M,149,L149M,0.524102675148992,0
I149,0.960720172720954,0.554882907910696,0.757801540315825,I,149,L149I,0.498388220237719,0
R149,0.463704485941059,0.102137081442732,0.282920783691896,R,149,L149R,0.186070334184988,0
S149,0.481508001242105,0.452115890804893,0.466811946023499,S,149,L149S,0.30701121941161,0
T149,0.19118377163952,0.636823883075679,0.414003827357599,T,149,L149T,0.272280563856289,0
Y149,0,1.09385331079777,0.546926655398887,Y,149,L149Y,0.359700776368463,0
F149,0.526592755695503,0.634863390413135,0.580728073054319,F,149,L149F,0.381931172442588,0
W149,0.417183070531398,0,0.208591535265699,W,149,L149W,0.137185738596412,0
C149,0.812794422357318,0.935096119962309,0.873945271159814,C,149,L149C,0.574773215817142,0
E149,0,0,0,E,149,L149E,0,0
D149,0.0216880087801558,0.0875465392239798,0.0546172740020678,D,149,L149D,0.035920494398549,0
V149,1.09840870335396,0.93049225614128,1.01445047974762,V,149,L149V,0.667180181383643,1
G149,0.493817460170741,0.0049258794730235,0.249371669821882,G,149,L149G,0.164005872366581,0
A149,0.807878327060802,0.652601899043146,0.730240113051974,A,149,L149A,0.480261718838002,0
Q149,0.501441720244636,0.261629417068046,0.381535568656341,Q,149,L149Q,0.250926955018817,0
H149,0.797722142377752,0.584939065422526,0.691330603900139,H,149,L149H,0.454671851326748,0
P149,0.561374784859364,0.635424716640822,0.598399750750093,P,149,L149P,0.393553418541138,0
K150,0,0.0052079453814143,0.0026039726907071,K,150,S150K,0.00171257149243621,0
M150,0.0069108496754559,0.494059732018854,0.250485290847155,M,150,S150M,0.164738274679427,0
I150,0.0015344317702959,0.0060484122181658,0.0037914219942308,I,150,S150I,0.00249352892458797,0
R150,0.30969635796875,0.179773929719094,0.244735143843922,R,150,S150R,0.160956538461456,0
T150,0.47410437463499,0.226974952922252,0.350539663778621,T,150,S150T,0.230541678604327,0
Y150,0.0090874952425287,0,0.0045437476212643,Y,150,S150Y,0.00298831576566537,0
L150,0.11971852267092,0.0703406686914407,0.0950295956811805,L,150,S150L,0.0624987263046666,0
F150,0.414355115115608,0.0762963998377207,0.245325757476664,F,150,S150F,0.161344971133614,0
W150,0.0037101186087752,0.111057350564368,0.0573837345865715,W,150,S150W,0.0377399303507298,0
C150,0.83888779820051,1.3063398249025,1.0726138115515,C,150,S150C,0.70543283445789,1
E150,0.0076395113670052,0.788852996326134,0.39824625384657,E,150,S150E,0.261917178986217,0
D150,0.120830497612572,0.0024572109448541,0.0616438542787132,D,150,S150D,0.0405417107093198,0
V150,0.007552225337364,0.178792027461944,0.0931721263996541,V,150,S150V,0.06127711251779,0
G150,0.260569991085083,0.0404487209212568,0.15050935600317,G,150,S150G,0.0989864576367616,0
A150,0.525643569547879,0.832642674686094,0.679143122116986,A,150,S150A,0.446656431679338,0
Q150,0.175625723274087,0,0.0878128616370437,Q,150,S150Q,0.0577524503407945,0
H150,0.0123971098781709,0,0.0061985549390854,H,150,S150H,0.00407664355346782,0
P150,0.368986354554086,0.0091812755520722,0.189083815053079,P,150,S150P,0.124355970589328,0
K151,0.830733433484417,0.962796475535938,0.896764954510177,K,151,N151K,0.589781183954335,0
M151,0.883606849940455,0.657673069467298,0.770639959703877,M,151,N151M,0.50683174621262,0
I151,0.905122940503306,0.972779097930939,0.938951019217123,I,151,N151I,0.617525964862758,0
R151,0.529438552104692,0.330512838192151,0.429975695148421,R,151,N151R,0.282784885025685,0
S151,0.628689183314487,0.568133035828642,0.598411109571564,S,151,N151S,0.393560888970421,0
T151,1.03746483681037,0.368913135457545,0.703188986133958,T,151,N151T,0.462470829953723,0
Y151,0.804381018285648,0.0055087653312433,0.404944891808445,Y,151,N151Y,0.266322715362462,0
L151,0.888814048959721,0.795870746853179,0.84234239790645,L,151,N151L,0.553988750601383,0
F151,0.491475856953943,0.135896895385253,0.313686376169598,F,151,N151F,0.20630413955985,0
W151,0.109599115284713,0.922789296386821,0.516194205835767,W,151,N151W,0.339488768307717,0
C151,0.692261962032545,0.360894081772076,0.526578021902311,C,151,N151C,0.346317959505354,0
E151,0.913710387905767,0.651671967554575,0.782691177730171,E,151,N151E,0.514757548397342,0
D151,0.541962263294708,0.009361521452481,0.275661892373594,D,151,N151D,0.181296332375069,0
V151,0.842166700744927,0.879234978574947,0.860700839659937,V,151,N151V,0.566062665241416,0
G151,0.417362442072741,0.253950524767085,0.335656483419913,G,151,N151G,0.22075336151096,0
A151,0.7192261920559,0.702756342647722,0.710991267351811,A,151,N151A,0.467602206499011,0
Q151,0.80758508628873,0.674558759801197,0.741071923044963,Q,151,N151Q,0.487385545086902,0
H151,0.304925876157439,0.031885062618749,0.168405469388094,H,151,N151H,0.110756309800651,0
P151,0.377316647463711,0.337070661969632,0.357193654716671,P,151,N151P,0.234917851684829,0
K152,0.822908621517747,1.12314115529838,0.973024888408063,K,152,P152K,0.639935545893179,0
N152,1.07454385615567,1.17609734247666,1.12532059931616,N,152,P152N,0.740096847066691,1
M152,1.18150108347961,1.02293856933639,1.102219826408,M,152,P152M,0.724904012949443,1
I152,1.00312876422716,1.18986677241759,1.09649776832237,I,152,P152I,0.72114075015084,1
R152,0.855014085181394,0.873251895499174,0.864132990340284,R,152,P152R,0.568319909886832,0
S152,0.530694713514102,0.973740466007784,0.752217589760943,S,152,P152S,0.494715787508454,0
T152,1.0184483917182,0.434185273620892,0.726316832669548,T,152,P152T,0.477681469757912,0
Y152,0.683535919026509,0.404985629470366,0.544260774248437,Y,152,P152Y,0.357947489140537,0
L152,0.844254000425844,0.696324817533837,0.770289408979841,L,152,P152L,0.506601197259945,0
F152,0.673982058369667,0.728541725768221,0.701261892068944,F,152,P152F,0.461203425587016,0
W152,0.600910953607089,0.351140187670128,0.476025570638608,W,152,P152W,0.313070803259841,0
C152,0.734197737102876,0.47024266236615,0.602220199734513,C,152,P152C,0.396066037833335,0
E152,0.830793403326257,0.732097648585309,0.781445525955783,E,152,P152E,0.513938312571278,0
D152,0.245199764045634,0.112668840851851,0.178934302448742,D,152,P152D,0.117680875258896,0
V152,0.786021486155125,0.946895135694256,0.86645831092469,V,152,P152V,0.569849218453638,0
G152,0.445923110204282,0.514566299112578,0.48024470465843,G,152,P152G,0.315845628307316,0
A152,0.832172846849586,0.618200882812544,0.725186864831065,A,152,P152A,0.476938316531128,0
Q152,0.814531854678555,0.747972978760695,0.781252416719625,Q,152,P152Q,0.513811309176062,0
H152,0.76721331059801,0.908514053452244,0.837863682025127,H,152,P152H,0.551043204679013,0
K153,0.52217598071177,0.586638255050164,0.554407117880967,K,153,A153K,0.364620500312868,0
N153,0.604745772655879,0.192242897228903,0.398494334942391,N,153,A153N,0.262080336078467,0
M153,0.582462174703715,1.04249089755995,0.812476536131831,M,153,A153M,0.534346676913443,0
I153,0.688192648977721,0.0589616691172494,0.373577159047485,I,153,A153I,0.24569289650895,0
R153,0.661192389939361,0.666849247188105,0.664020818563733,R,153,A153R,0.436710848894353,0
S153,0.486547172709929,0.437217614721681,0.461882393715805,S,153,A153S,0.303769168992741,0
T153,0.89156293464479,0.742743233067921,0.817153083856356,T,153,A153T,0.537422332178424,0
Y153,0.466292188773349,0.691990603179327,0.579141395976338,Y,153,A153Y,0.380887652308467,0
L153,0.220864102130156,0.476020637263563,0.348442369696859,L,153,A153L,0.229162337696299,0
F153,0.564820377658555,0.471546170425612,0.518183274042084,F,153,A153F,0.340796931607128,0
W153,0.179285582730679,0.264016867473638,0.221651225102158,W,153,A153W,0.145774788932383,0
C153,0.901555587304121,0.731694982050272,0.816625284677197,C,153,A153C,0.537075211092559,0
E153,0.269766049457913,0.476484840929482,0.373125445193697,E,153,A153E,0.24539581494911,0
D153,0.0041536160774334,0.759365111592409,0.381759363834921,D,153,A153D,0.251074139835443,0
V153,0.0662971663473109,0.510557941894161,0.288427554120736,V,153,A153V,0.18969200736362,0
G153,0.747748127447634,1.06832236059214,0.908035244019889,G,153,A153G,0.597193387851371,0
Q153,0.762682336735723,0,0.381341168367861,Q,153,A153Q,0.250799102528905,0
H153,0.021495653935099,0.0695711852623593,0.0455334195987291,H,153,A153H,0.02994625736138,0
P153,0.0363499809701148,0.160344556374333,0.098347268672224,P,153,A153P,0.0646806816707745,0
N154,0.308777218909565,0.591862057979498,0.450319638444532,N,154,K154N,0.296164617254442,0
M154,0.886161110690725,0.720688948335198,0.803425029512962,M,154,K154M,0.528393714252048,0
I154,0,0,0,I,154,K154I,0,0
R154,0.387663226538334,0.47832069862233,0.432991962580332,R,154,K154R,0.284768613056278,0
S154,0.360738178569289,0.405476764862271,0.38310747171578,S,154,K154S,0.251960758629,0
T154,0.554601264456354,0.285608667230835,0.420104965843594,T,154,K154T,0.276293138903566,0
Y154,0.379837781458182,0.3984078216782,0.389122801568191,Y,154,K154Y,0.255916899359509,0
L154,0.138355210502628,0.0820844025840306,0.110219806543329,L,154,K154L,0.0724889701269036,0
F154,0.4650989664593,0.0146411001820786,0.239870033320689,F,154,K154F,0.157756869886061,0
W154,0.65819780266058,0.304547802905008,0.481372802782794,W,154,K154W,0.316587551867172,0
C154,0,0.0072663237940686,0.0036331618970343,C,154,K154C,0.00238944498706584,0
E154,0.338317277758314,0.653715369971623,0.496016323864969,E,154,K154E,0.326218250700427,0
D154,0.47818343346278,0.430962927953653,0.454573180708216,D,154,K154D,0.298962071793292,0
V154,0.236080705158381,0.165604588795053,0.200842646976717,V,154,K154V,0.132089477322573,0
G154,0.206695859029597,0.0100060852246191,0.108350972127108,G,154,K154G,0.0712598817586863,0
A154,0.885402004910072,0.801077549613126,0.843239777261599,A,154,K154A,0.554578935862163,0
Q154,0.189582114083602,0.162186957738867,0.175884535911235,Q,154,K154Q,0.115675115655749,0
H154,0.375257092747177,0.725806660793902,0.550531876770539,H,154,K154H,0.362071845530228,0
P154,0.254679989409349,0.0133171897898567,0.133998589599603,P,154,K154P,0.0881277155455209,0
K155,1.04065682807832,1.13404366243672,1.08735024525752,K,155,Q155K,0.715124639734947,1
N155,0.661174053738816,0.685896927834055,0.673535490786435,N,155,Q155N,0.442968424661804,0
M155,0.767432557156603,0.419273673874577,0.59335311551559,M,155,Q155M,0.39023436543963,0
I155,0.834807604629496,0.636489627019382,0.735648615824439,I,155,Q155I,0.483818763694095,0
R155,0.958243346084234,1.05255935164253,1.00540134886338,R,155,Q155R,0.661228781186944,1
S155,1.14291931765386,1.10421360897386,1.12356646331386,S,155,Q155S,0.738943193143162,1
T155,0.909967018149815,0.822117485633573,0.866042251891694,T,155,Q155T,0.569575586229451,0
Y155,0.643033002314838,0.824745473367752,0.733889237841295,Y,155,Q155Y,0.48266166224326,0
L155,1.0744406310044,0.94439473641434,1.00941768370937,L,155,Q155L,0.663870229995477,1
F155,0.91679919739993,0.898664606206659,0.907731901803295,F,155,Q155F,0.596993886821869,0
W155,0.404627305205922,0.495373726482592,0.450000515844257,W,155,Q155W,0.295954737838359,0
C155,0.539307515919946,0.837486063334981,0.688396789627463,C,155,Q155C,0.452742350796494,0
E155,1.04655383626137,0.80336299980414,0.924958418032753,E,155,Q155E,0.608323360711455,0
D155,0.769529672295258,1.24430885295186,1.00691926262356,D,155,Q155D,0.662227077306921,1
V155,0.849592556170053,1.15075231243038,1.00017243430022,V,155,Q155V,0.657789847265244,1
G155,0.438187763685414,1.03393054413225,0.736059153908834,G,155,Q155G,0.484088764920453,0
A155,1.20437650599985,1.14347365602158,1.17392508101072,A,155,Q155A,0.772062869618232,1
H155,1.03672786537351,0.45564257445855,0.746185219916029,H,155,Q155H,0.490748439976316,0
P155,0.847842719569127,0.705017365589065,0.776430042579096,P,155,Q155P,0.510639747312758,0
K156,0.580854290848779,0.792996636968791,0.686925463908785,K,156,E156K,0.451774694533857,0
N156,0.922916017645512,1.13234381000535,1.02762991382543,N,156,E156N,0.675847984686131,1
M156,0.193781625747693,0.389857851466198,0.291819738606945,M,156,E156M,0.191922967184703,0
I156,0.579069834430159,1.19837795335253,0.888723893891343,I,156,E156I,0.584492767822356,0
R156,0.909730136030511,0.917608958663077,0.913669547346794,R,156,E156R,0.600898936412549,0
S156,1.07694799357153,0.851409081303699,0.964178537437612,S,156,E156S,0.634117509268545,0
T156,0.917332810081943,1.07367710858351,0.995504959332728,T,156,E156T,0.654720158938822,0
Y156,0.969453992472963,0.973583336035832,0.971518664254397,Y,156,E156Y,0.638944937752013,0
L156,1.09895583257929,1.14483726115472,1.12189654686701,L,156,E156L,0.737844928437149,1
F156,0.838696573869661,0.459810118153047,0.649253346011354,F,156,E156F,0.426998630099281,0
W156,0.260097412614697,0.0087529330597767,0.134425172837237,W,156,E156W,0.0884082692911613,0
C156,1.10470615138648,1.2725571441166,1.18863164775154,C,156,E156C,0.781735032095904,1
D156,0.874746634537119,0.95333414703257,0.914040390784844,D,156,E156D,0.601142831405161,0
V156,0.818051349850539,1.07944364630909,0.948747498079817,V,156,E156V,0.62396887821833,0
G156,0.989435631265938,0.895607252615247,0.942521441940593,G,156,E156G,0.619874147773424,0
A156,0.226401386010991,0.848824184017574,0.537612785014282,A,156,E156A,0.353575263239295,0
Q156,1.06728102179386,1.02731859129693,1.04729980654539,Q,156,E156Q,0.688784409730717,1
H156,0.501363136680893,0.0139481535352323,0.257655645108063,H,156,E156H,0.169454047752517,0
P156,0.318395219659286,0.748301337043251,0.533348278351269,P,156,E156P,0.350770597673314,0
K157,1.02676161764378,0.980427166996798,1.00359439232029,K,157,M157K,0.660040388438121,1
N157,1.15661539232132,1.04309207852334,1.09985373542233,N,157,M157N,0.723347890650223,1
I157,1.23679115820888,0.959081589906382,1.09793637405763,I,157,M157I,0.722086887251223,1
R157,1.00966611802333,1.20661343447062,1.10813977624698,R,157,M157R,0.728797424492148,1
S157,0.966166269711048,0.991291466059602,0.978728867885325,S,157,M157S,0.643686918816966,0
T157,1.15501047440615,0.825839585713353,0.990425030059751,T,157,M157T,0.651379209132574,0
Y157,0.92415115140344,0.638760556780918,0.781455854092179,Y,157,M157Y,0.513945105143268,0
L157,1.0002047988213,0.886053017819835,0.943128908320567,L,157,M157L,0.620273664100408,0
F157,0.975749148268242,1.19232022467667,1.08403468647245,F,157,M157F,0.7129440748323,1
W157,0.883590920019127,0.872608117280261,0.878099518649694,W,157,M157W,0.577505366522517,0
C157,1.11208630400922,1.22544712013931,1.16876671207426,C,157,M157C,0.768670331893249,1
E157,0.956933368953939,0.0094193086219408,0.48317633878794,E,157,M157E,0.317773695008772,0
D157,0.405027948337761,0.649803732921807,0.527415840629784,D,157,M157D,0.346868973144484,0
V157,1.00154778902743,1.12928004652773,1.06541391777758,V,157,M157V,0.700697633943005,1
G157,0.42221526603547,0.473245445286921,0.447730355661196,G,157,M157G,0.294461706968009,0
A157,0.940931266527424,1.03540938017321,0.988170323350315,A,157,M157A,0.649896341647763,0
Q157,1.17449445676793,0.627497529484106,0.900995993126016,Q,157,M157Q,0.592563838374153,0
H157,1.2950086226684,0.954061523204395,1.1245350729364,H,157,M157H,0.739580224872712,1
P157,0.262165348942631,0.0032570501531577,0.132711199547894,P,157,M157P,0.0872810294377629,0
K158,0.855126084816705,1.20495394399766,1.03004001440718,K,158,N158K,0.677433051059883,1
M158,1.01328568894116,1.05204451105012,1.03266509999564,M,158,N158M,0.679159508007779,1
I158,1.02932409476692,1.03973980584994,1.03453195030843,I,158,N158I,0.680387291477913,1
R158,1.01900178572375,0.795252443449597,0.907127114586674,R,158,N158R,0.596596132517505,0
S158,0.944455493295987,0.950730247509963,0.947592870402975,S,158,N158S,0.623209506796812,0
T158,0.900617022593226,0.928166965354463,0.914391993973844,T,158,N158T,0.601374072539248,0
Y158,0.680468441119055,0.651003295019619,0.665735868069337,Y,158,N158Y,0.437838796549832,0
L158,0.949975775018202,0.988256097153603,0.969115936085903,L,158,N158L,0.637364720040775,0
F158,1.00050412034576,0.939894005828673,0.970199063087218,F,158,N158F,0.638077067152463,0
W158,0.374069439620413,0.608588383198388,0.491328911409401,W,158,N158W,0.323135449957799,0
C158,1.00757506525938,0.910514302231605,0.959044683745492,C,158,N158C,0.630741094642217,0
E158,0.781229562800116,0.794796049253727,0.788012806026921,E,158,N158E,0.518257457957408,0
D158,0.82852697439782,0.867422377125456,0.847974675761638,D,158,N158D,0.55769296705753,0
V158,0.620883531749401,0.75141560284173,0.686149567295566,V,158,N158V,0.451264405610468,0
G158,1.04246812930739,1.2242932870244,1.1333807081659,G,158,N158G,0.745397790771384,1
A158,0.957624078137874,0.83933527201261,0.898479675075242,A,158,N158A,0.59090891527337,0
Q158,1.35845538805683,1.18103039387762,1.26974289096722,Q,158,N158Q,0.835079985882464,1
H158,0.807028823036553,1.07828491283568,0.942656867936119,H,158,N158H,0.61996321426022,0
P158,0.652102432427357,0.981110840777225,0.816606636602291,P,158,N158P,0.537062946693018,0
K159,0.625893103912369,0.0315553795488357,0.328724241730602,K,159,V159K,0.216194189466584,0
N159,0.849485794548912,1.09304062178862,0.971263208168768,N,159,V159N,0.638776930302711,0
M159,1.30021347415883,1.24856583444067,1.27438965429975,M,159,V159M,0.838136052654511,1
I159,1.18966644320236,1.03877912069703,1.11422278194969,I,159,V159I,0.732798074035043,1
R159,0.964416650720037,1.075819808688,1.02011822970402,R,159,V159R,0.67090772700508,1
S159,0.626069048375613,0.454541309581235,0.540305178978424,S,159,V159S,0.355345987320178,0
T159,0.591189699892728,0.603339272449441,0.597264486171085,T,159,V159T,0.392806781772896,0
Y159,0.945013975855997,1.03478580024079,0.989899888048391,Y,159,V159Y,0.651033835603371,0
L159,0.951793850299291,0.923617459517529,0.93770565490841,L,159,V159L,0.616706918096096,0
F159,0.828257239815489,0.464377876649418,0.646317558232454,F,159,V159F,0.425067831640476,0
W159,0.713019815077147,0.747319626170734,0.730169720623941,W,159,V159W,0.48021542339644,0
C159,0.463736804053029,1.01080580676726,0.737271305410142,C,159,V159C,0.484885968406136,0
E159,0.855124957111241,1.03518477981189,0.945154868461565,E,159,V159E,0.621606090356132,0
D159,0.118027564154979,0.030671919532752,0.0743497418438654,D,159,V159D,0.0488980736265786,0
G159,0.576441404825067,0.757589610702753,0.66701550776391,G,159,V159G,0.43868038543029,0
A159,0.883367828312566,0.904928443846399,0.894148136079483,A,159,V159A,0.588060164121338,0
Q159,1.039488495911,1.17972226356159,1.1096053797363,Q,159,V159Q,0.729761317379344,1
H159,1.05394369352407,0.951796315520599,1.00287000452233,H,159,V159H,0.659563975649047,1
P159,0.651179735953984,0.623510304740356,0.63734502034717,P,159,V159P,0.419166804854758,0
N160,0.987493239044484,0.72153608896306,0.854514664003772,N,160,K160N,0.561994163250685,0
M160,0.77464645261433,0.66152947836174,0.718087965488035,M,160,K160M,0.47226953767414,0
I160,1.22545143985663,0.96696995957399,1.09621069971531,I,160,K160I,0.720951951890943,1
R160,0.848134380218098,0.916642384888934,0.882388382553516,R,160,K160R,0.580326051271952,0
S160,0.555377952595411,0.584326913417992,0.569852433006702,S,160,K160S,0.374778520199338,0
T160,1.11191855767508,0.796613417289337,0.95426598748221,T,160,K160T,0.627598258689784,0
Y160,0.549071287772298,0.917127895089204,0.733099591430751,Y,160,K160Y,0.482142330402097,0
L160,1.02756711858407,1.07011914216152,1.04884313037279,L,160,K160L,0.689799417453277,1
F160,0.841582479770039,0.501842629948644,0.671712554859342,F,160,K160F,0.441769522648577,0
W160,1.08168619120237,0.015853797368877,0.548769994285622,W,160,K160W,0.360913096927579,0
C160,0.540400498472011,0.422828718937062,0.481614608704536,C,160,K160C,0.316746581925266,0
E160,1.05608190947105,0.910705581877996,0.983393745674523,E,160,K160E,0.646754899040411,0
D160,0.510238943406823,0.52283962160209,0.516539282504456,D,160,K160D,0.339715717103152,0
V160,0.900004802953701,1.10512891129846,1.00256685712608,V,160,K160V,0.659364602748295,1
G160,0.914028839442914,0.256698167678313,0.585363503560613,G,160,K160G,0.384979785881806,0
A160,1.12894790996604,0.684185537441512,0.906566723703775,A,160,K160A,0.59622757663591,0
Q160,1.11113117692304,0.7514735767149,0.931302376818967,Q,160,K160Q,0.612495632949651,0
H160,0.675294356536601,1.1719928377698,0.923643597153201,H,160,K160H,0.607458633994459,0
P160,0.691252282853529,0.540639709623762,0.615945996238645,P,160,K160P,0.40509317083202,0
K161,1.14027271025194,0.97711504594733,1.05869387809963,K,161,R161K,0.696278022162294,1
N161,1.01980415581443,0.841627954165848,0.930716054990138,N,161,R161N,0.612110022895818,0
M161,1.05371124130753,0.809475285499851,0.931593263403688,M,161,R161M,0.612686942203509,0
I161,0.953257397993241,0.846304669201245,0.899781033597243,I,161,R161I,0.59176478811496,0
S161,0.834592661707055,1.08137953921354,0.957986100460299,S,161,R161S,0.630044889354404,0
T161,1.28414309532152,1.26733286168313,1.27573797850233,T,161,R161T,0.839022813717767,1
Y161,1.04308340962281,0.710345791592572,0.87671460060769,Y,161,R161Y,0.576594538553176,0
L161,1.09611218482969,0.849565492168913,0.972838838499303,L,161,R161L,0.639813185251284,0
F161,1.17234364139977,1.0806053026429,1.12647447202134,F,161,R161F,0.740855721961133,1
W161,0.815518789088754,1.03704437744984,0.926281583269295,W,161,R161W,0.60919357531546,0
C161,0.629797620558152,0.583860764011513,0.606829192284833,C,161,R161C,0.399097263651754,0
E161,0.360692829393889,0.310068568940497,0.335380699167193,E,161,R161E,0.220571984705068,0
D161,0.481841716496979,0.679659437029263,0.580750576763121,D,161,R161D,0.381945972601708,0
V161,0.900213288159395,1.02197328200449,0.961093285081943,V,161,R161V,0.632088411478792,0
G161,1.26289837548986,0.997242162934669,1.13007026921227,G,161,R161G,0.743220593061259,1
A161,1.08176654260588,0.922143537606984,1.00195504010643,A,161,R161A,0.658962225108092,1
Q161,0.833313776638429,0.785807231861555,0.809560504249992,Q,161,R161Q,0.532428871442712,0
H161,0.723380848975361,0.119277390581881,0.421329119778621,H,161,R161H,0.277098236107143,0
P161,0.51716078953831,0.244434846665084,0.380797818101697,P,161,R161P,0.250441753859481,0
N162,0.543468466617512,0.763414124629937,0.653441295623724,N,162,K162N,0.429752945896639,0
M162,0.928818196381282,0.69772915836726,0.813273677374271,M,162,K162M,0.534870937928975,0
I162,0.889633152323757,0.178758967361723,0.53419605984274,I,162,K162I,0.351328163587615,0
R162,1.01867873680163,0.611837193386412,0.815257965094022,R,162,K162R,0.536175957214993,0
S162,0.322395715865262,0.4038170108507,0.363106363357981,S,162,K162S,0.23880650086242,0
T162,0.261164171941759,0.351053124358278,0.306108648150019,T,162,K162T,0.201320446362883,0
Y162,0.531250728689788,0.618874822213091,0.57506277545144,Y,162,K162Y,0.378205239676287,0
L162,0.542145409217319,0.510922114150165,0.526533761683742,L,162,K162L,0.346288850602315,0
F162,0.725678990597268,0.633784908704876,0.679731949651072,F,162,K162F,0.447043689676488,0
W162,1.04084421805097,0.673566196547151,0.857205207299058,W,162,K162W,0.56376367019026,0
C162,0.770057469078677,0.564188666506702,0.66712306779269,C,162,K162C,0.438751125127243,0
E162,0.37706861939152,0.328192939434985,0.352630779413252,E,162,K162E,0.231916956093234,0
D162,0,0.283837163148277,0.141918581574139,D,162,K162D,0.0933365076823658,0
V162,0.578947934615001,0.0177433487994699,0.298345641707236,V,162,K162V,0.196214899911895,0
G162,1.11883916650492,1.03388373673903,1.07636145162197,G,162,K162G,0.707897569042667,1
A162,0.730828552714116,0.814739123620524,0.77278383816732,A,162,K162A,0.508241724571011,0
Q162,0.95574291271253,1.05488458202597,1.00531374736925,Q,162,K162Q,0.661171167748033,1
H162,0.314707946883543,1.01962008438869,0.667164015636115,H,162,K162H,0.438778055559185,0
P162,0.742410067169327,0.634982940584901,0.688696503877114,P,162,K162P,0.452939465797607,0
K163,0.257127598961857,0.0593722485700675,0.158249923765962,K,163,I163K,0.104077246696546,0
N163,0.896881871567501,0.614563914817215,0.755722893192358,N,163,I163N,0.497021142994863,0
M163,1.060496627473,0.775213420369502,0.917855023921253,M,163,I163M,0.603651625751135,0
R163,0.0804915448110702,0.149290216996953,0.114890880904012,R,163,I163R,0.0755610256894307,0
S163,0.60614062770865,0.575073579023756,0.590607103366203,S,163,I163S,0.388428377941487,0
T163,0.440089361044795,0.340989496481433,0.390539428763114,T,163,I163T,0.256848581691698,0
Y163,0.817919752594892,0.733785488524254,0.775852620559573,Y,163,I163Y,0.510259990453837,0
L163,0.730637600673783,0.801893435295447,0.766265517984615,L,163,I163L,0.503954778950072,0
F163,0.134307228176355,0.188086552283844,0.1611968902301,F,163,I163F,0.106015397113276,0
W163,0.820327384817619,0.296013354561649,0.558170369689634,W,163,I163W,0.367095502370064,0
C163,0.594134733802563,0.853126818071335,0.723630775936949,C,163,I163C,0.475914913524918,0
E163,0.005756852686894,0.0087529330597767,0.0072548928733354,E,163,I163E,0.00477137212686321,0
D163,0.402754591203333,0.266548319945883,0.334651455574608,D,163,I163D,0.220092378374264,0
V163,1.01508631296401,1.00519078958371,1.01013855127386,V,163,I163V,0.664344327609931,1
G163,0.24738857862149,0.545919414782908,0.396653996702199,G,163,I163G,0.260869988973891,0
A163,0.719407501618985,0.90054767021572,0.809977585917353,A,163,I163A,0.532703176229429,0
Q163,0.0097628800853269,1.10108148694964,0.555422183517485,Q,163,I163Q,0.365288085068367,0
H163,0.535065384371425,0.499947919164552,0.517506651767988,H,163,I163H,0.340351933077804,0
P163,1.05923232066828,0.880429680370353,0.969831000519316,P,163,I163P,0.637835001072634,0
K164,1.02072775897006,0.891729215768944,0.956228487369504,K,164,S164K,0.628888948631688,0
N164,1.17437922665424,1.20931833753478,1.19184878209451,N,164,S164N,0.783850865561735,1
M164,1.32403708020518,1.21226501964379,1.26815104992448,M,164,S164M,0.834033069530378,1
I164,0.875868087258989,1.11061904428051,0.993243565769748,I,164,S164I,0.653232893667969,0
R164,0.465319210087119,0.476050424297833,0.470684817192476,R,164,S164R,0.309558315539591,0
T164,0.642006705995143,0.512002260469777,0.57700448323246,T,164,S164T,0.37948225513973,0
Y164,0.50975984580738,1.12153715688347,0.815648501345423,Y,164,S164Y,0.536432803707009,0
L164,0.829640486720542,0.831615155695402,0.830627821207972,L,164,S164L,0.546284349487129,0
F164,0.582462174703715,1.17110871793921,0.876785446321462,F,164,S164F,0.57664113211009,0
W164,0.0117367311437405,0.52049124681307,0.266113988978405,W,164,S164W,0.175016901248356,0
C164,0.776136593044472,0.338450442879623,0.557293517962047,C,164,S164C,0.366518817646327,0
E164,1.17887209782099,0.854460648085886,1.01666637295344,E,164,S164E,0.668637522141522,1
D164,0.639427101418337,0.664703483434688,0.652065292426513,D,164,S164D,0.428847981010696,0
V164,0.965466813890524,0.722542064688348,0.844004439289436,V,164,S164V,0.55508183606342,0
G164,0.912709185139134,0.870403068145944,0.891556126642539,G,164,S164G,0.586355460579063,0
A164,0.771156584921675,0.711237625605871,0.741197105263773,A,164,S164A,0.487467874483082,0
Q164,0.895498961538044,0.966539079150708,0.931019020344376,Q,164,S164Q,0.612309276071827,0
H164,1.10564616966327,1.16117766419689,1.13341191693008,H,164,S164H,0.745418316040347,1
P164,0.982344485724552,1.20839384714078,1.09536916643267,P,164,S164P,0.720398495276391,1
K165,0.298343753912555,0.360931238618686,0.32963749626562,K,165,V165K,0.216794815459165,0
N165,0.716122468466998,0.63180752545839,0.673964996962694,N,165,V165N,0.443250900755317,0
M165,0.985176676270834,1.073841208292,1.02950894228142,M,165,V165M,0.677083777434146,1
I165,0.919649896216722,0.655874831047915,0.787762363632319,I,165,V165I,0.518092747894579,0
R165,0.239410076864346,0.274162004145001,0.256786040504674,R,165,V165R,0.168882129291632,0
S165,1.12957432616901,1.05453362483397,1.09205397550149,S,165,V165S,0.718218172302581,1
T165,0.992052880483988,0.743350104273321,0.867701492378655,T,165,V165T,0.570666829608158,0
Y165,0.181128442933895,0.189076592966079,0.185102517949987,Y,165,V165Y,0.121737565278855,0
L165,1.03724931531789,0.973681511879687,1.00546541359879,L,165,V165L,0.66127091505414,1
F165,0.912312008024615,1.04805000852353,0.980181008274072,F,165,V165F,0.644641957340088,0
W165,0.558917874199636,0.768641869993038,0.663779872096337,W,165,V165W,0.436552384079135,0
C165,1.08123471979235,0.953704997971509,1.01746985888193,C,165,V165C,0.669165955907596,1
E165,0.555367184912295,0.609707571413153,0.582537378162724,E,165,V165E,0.383121109787488,0
D165,0.107255795027344,0.0200121704492382,0.0636339827382912,D,165,V165D,0.0418505713123217,0
G165,0.919666743873828,0.927524860772291,0.923595802323059,G,165,V165G,0.607427200460659,0
A165,1.16618048820331,1.0779402712404,1.12206037972186,A,165,V165A,0.737952677446093,1
Q165,0.445167462116736,0.424388207869704,0.43477783499322,Q,165,V165Q,0.285943139269381,0
H165,0.233756990732192,0.271618923441886,0.252687957087039,H,165,V165H,0.166186916373419,0
P165,0.281946587683172,0.416388848787561,0.349167718235367,P,165,V165P,0.229639382341799,0
K166,1.18160597420527,1.24815227598707,1.21487912509617,K,166,I166K,0.798997379588716,1
N166,0.981630709286633,1.14136455976946,1.06149763452805,N,166,I166N,0.698121986712377,1
M166,0.939700928765353,0.914437364400743,0.927069146583048,M,166,I166M,0.609711537152938,0
R166,1.22718755709578,1.27934316893978,1.25326536301778,R,166,I166R,0.824243103939447,1
S166,1.01396973702529,1.04507518559443,1.02952246130986,S,166,I166S,0.67709266858066,1
T166,1.14643487653861,1.21648170709579,1.1814582918172,T,166,I166T,0.777017284892913,1
Y166,0.67143229126317,0.683462567013297,0.677447429138234,Y,166,I166Y,0.445541214355555,0
L166,1.16920186930663,0.850040502901747,1.00962118610419,L,166,I166L,0.664004068726295,1
F166,0.742149812294785,0.917972515197906,0.830061163746345,F,166,I166F,0.545911672224337,0
W166,0.141700754404742,0.578246398770094,0.359973576587418,W,166,I166W,0.236746140807841,0
C166,0.993483193995797,1.09465677027276,1.04406998213428,C,166,I166C,0.686660230306032,1
E166,1.06371681341672,1.14628692946538,1.10500187144105,E,166,I166E,0.726733698426283,1
D166,1.15885140430696,0.554968856316506,0.856910130311732,D,166,I166D,0.56356960500733,0
V166,1.19220121326103,1.22475171713226,1.20847646519664,V,166,I166V,0.794786501011213,1
G166,1.13390029153458,0.927708506682767,1.03080439910867,G,166,I166G,0.677935768870134,1
A166,1.23275684402586,1.22079848738687,1.22677766570637,A,166,I166A,0.806822769433757,1
Q166,1.17534442842142,0.831258704978774,1.0033015667001,Q,166,I166Q,0.659847803926317,1
H166,1.17340425661506,0.299735856505331,0.736570056560195,H,166,I166H,0.484424773558045,0
P166,0.966028617518352,0.937736800213384,0.951882708865868,P,166,I166P,0.626030832490789,0
K167,0.303809426351624,0.280799517826059,0.292304472088842,K,167,I167K,0.19224176497605,0
N167,0.453689862767479,0.189855479633325,0.321772671200402,N,167,I167N,0.211622305298917,0
M167,0.78553735637491,0.671182394624243,0.728359875499577,M,167,I167M,0.479025130895765,0
R167,0.347232240339072,0.137345287357977,0.242288763848525,R,167,I167R,0.159347611972044,0
S167,0.595389496245331,0.60889153941601,0.602140517830671,S,167,I167S,0.396013632922381,0
T167,0.753140049607197,1.21132148821938,0.982230768913287,T,167,I167T,0.64599003662278,0
Y167,0.749645989353241,0.981056131722768,0.865351060538005,Y,167,I167Y,0.569121005959708,0
L167,0.973013487855764,0.950264034058788,0.961638760957276,L,167,I167L,0.63244715811129,0
F167,0.551469272380676,0.930173815147829,0.740821543764252,F,167,I167F,0.487220876532592,0
W167,0.405832036836542,0.612740113804641,0.509286075320591,W,167,I167W,0.334945453614541,0
C167,0.271389604863584,0.795070364031948,0.533229984447766,C,167,I167C,0.350692798559833,0
E167,0.159237652263842,0.297161360824177,0.228199506544009,E,167,I167E,0.150081439367614,0
D167,0.163271997857432,0.0039126358891138,0.0835923168732732,D,167,I167D,0.0549766974802598,0
V167,0.984067429799169,1.07310431666535,1.02858587323226,V,167,I167V,0.676476696666831,1
G167,0.367328195877365,0.169196161298158,0.268262178587761,G,167,I167G,0.17642971494585,0
A167,0.995033739047326,0.891742484956566,0.943388112001946,A,167,I167A,0.620444136255146,0
Q167,0.598329016720555,0.863378080379311,0.730853548549933,Q,167,I167Q,0.48066516091326,0
H167,0.405121424496832,0.733207818985998,0.569164621741415,H,167,I167H,0.374326162934106,0
P167,1.02078339298111,1.04471214156879,1.03274776727495,P,167,I167P,0.679213876329847,1
K168,1.12974220238383,0.716115331810186,0.922928767097008,K,168,I168K,0.606988507106976,0
N168,1.01300109046408,1.17531328718515,1.09415718882461,N,168,I168N,0.719601406156201,1
M168,1.14681850289614,1.14794583242075,1.14738216765845,M,168,I168M,0.754606220823287,1
R168,1.12003605767918,1.05329132876379,1.08666369322149,R,168,I168R,0.714673110635131,1
S168,1.1491273593741,1.04629035616408,1.09770885776909,S,168,I168S,0.721937255148241,1
T168,0.786159523114829,0.928541681728536,0.857350602421682,T,168,I168T,0.563859293137088,0
Y168,1.30689953698304,1.27525125488983,1.29107539593643,Y,168,I168Y,0.849109871834379,1
L168,1.00061112929962,0.760026440105541,0.880318784702581,L,168,I168L,0.578964925522451,0
F168,0.868749207641032,0.770072358610535,0.819410783125784,F,168,I168F,0.53890716779944,0
W168,0.721553819010827,0.575175645835449,0.648364732423138,W,168,I168W,0.426414209876903,0
C168,0.668150943449657,1.16492928617788,0.916540114813766,C,168,I168C,0.602786841008705,0
E168,1.05696625205141,1.11416964842386,1.08556795023764,E,168,I168E,0.713952466288946,1
D168,0.0256782842342064,0.222865799525974,0.12427204188009,D,168,I168D,0.0817307942553306,0
V168,1.08686486717131,1.00266474017701,1.04476480367416,V,168,I168V,0.687117198063711,1
G168,0.922050756108751,0.877766339138995,0.899908547623873,G,168,I168G,0.591848651086209,0
A168,1.16938030220474,1.15973768375574,1.16455899298024,A,168,I168A,0.765903014173553,1
Q168,1.10440295646889,1.17427903244412,1.1393409944565,Q,168,I168Q,0.749317730648046,1
H168,1.1118882898572,0.952151962445575,1.03202012615139,H,168,I168H,0.678735323905168,1
P168,0.921037236579864,1.17722168748724,1.04912946203355,P,168,I168P,0.689987731040954,1
K169,0.452478099655371,0.626934098542724,0.539706099099047,K,169,V169K,0.354951986597062,0
N169,1.11480479930371,0.928197393656524,1.02150109648012,N,169,V169N,0.671817205905161,1
M169,0.977957974863077,0.862313734983868,0.920135854923472,M,169,V169M,0.605151674567854,0
I169,0.498538499251807,0.809094601717145,0.653816550484476,I,169,V169I,0.429999742178035,0
R169,0.613173838164854,0.631174717386836,0.622174277775845,R,169,V169R,0.409189364868748,0
S169,1.07477375092857,1.09316042774817,1.08396708933837,S,169,V169S,0.712899617789717,1
T169,1.18553054995181,0.895005977675007,1.04026826381341,T,169,V169T,0.684159929729982,1
Y169,0.237611272664942,0.377697328270136,0.307654300467539,Y,169,V169Y,0.202336985478538,0
L169,0.694776719850154,0.87817472019256,0.786475720021357,L,169,V169L,0.517246552703315,0
F169,0.23447491391344,0.266226700578048,0.250350807245744,F,169,V169F,0.164649827983039,0
W169,0.262400344508537,0.11180656035183,0.187103452430184,W,169,V169W,0.123053532747042,0
C169,0.66651381304946,0.835502385393597,0.751008099221529,C,169,V169C,0.49392033407472,0
E169,0.390146118922046,0.80221220406074,0.596179161491393,E,169,V169E,0.392092989299914,0
D169,0.187990370798013,0.580188980204477,0.384089675501245,D,169,V169D,0.252606730919244,0
G169,0.96803821446278,1.0168156703519,0.992426942407337,G,169,V169G,0.652695819721105,0
A169,0.858520346650892,0.859596489665058,0.859058418157975,A,169,V169A,0.56498248331291,0
Q169,0.497344618698169,0.568326247088732,0.53283543289345,Q,169,V169Q,0.350433311297685,0
H169,0.869945181669471,0.390923802902781,0.630434492286126,H,169,V169H,0.414621913352148,0
P169,0.778573446770338,0.628410846888133,0.703492146829235,P,169,V169P,0.462670211600931,0
K170,1.28032668896545,1.14582232477857,1.21307450687201,K,170,R170K,0.797810524697166,1
N170,0.837691138888212,0.899304310513253,0.868497724700733,N,170,R170N,0.57119049284818,0
M170,0.859382409842456,0.752388946366071,0.805885678104264,M,170,R170M,0.530012024860836,0
I170,1.0626648837004,1.05703922585763,1.05985205477901,I,170,R170I,0.697039727679172,1
S170,0.710222705108398,0.666515312045864,0.688369008577131,S,170,R170S,0.452724079854176,0
T170,0.670523283783755,0.675287461079904,0.67290537243183,T,170,R170T,0.442554010664757,0
Y170,0.977125640060213,0.893175126270233,0.935150383165223,Y,170,R170Y,0.615026376069512,0
L170,0.757430549347433,0.625534532019286,0.691482540683359,L,170,R170L,0.454771776569637,0
F170,0.446016159731485,0.634276075935516,0.540146117833501,F,170,R170F,0.355241376552438,0
W170,0.821944338811293,1.13288593698434,0.977415137897816,W,170,R170W,0.642822909553967,0
C170,0.75753866118829,0.71024663668029,0.73389264893429,C,170,R170C,0.482663905638762,0
E170,0.399260331520397,0.349116033575843,0.37418818254812,E,170,R170E,0.246094752270391,0
D170,0.989358241110693,0.800061533830434,0.894709887470563,D,170,R170D,0.588429614777112,0
V170,0.667717753564773,0.778019082944868,0.722868418254821,V,170,R170V,0.475413528837547,0
G170,0.899862606950133,1.0457329075446,0.972797757247366,G,170,R170G,0.639786167079706,0
A170,0.881913501041198,0.660336866183387,0.771125183612292,A,170,R170A,0.507150866545934,0
Q170,0.357833671270543,0.766767408139805,0.562300539705174,Q,170,R170Q,0.3698118178878,0
H170,0.360145085868183,0.682407393472406,0.521276239670294,H,170,R170H,0.342831102234516,0
P170,0.280276215678097,0.317660416019762,0.298968315848929,P,170,R170P,0.196624418025486,0
K171,1.2134323244831,0.914900661316608,1.06416649289986,K,171,G171K,0.699877231988651,1
N171,0.879257135074207,0.973815429353111,0.926536282213659,N,171,G171N,0.609361084810789,0
M171,0.317225146763897,0.394913488815208,0.356069317789552,M,171,G171M,0.234178401775792,0
I171,0.943958818443431,0.875424603904648,0.909691711174039,I,171,G171I,0.598282807274424,0
R171,0.862372850376933,0.871984220626126,0.86717853550153,R,171,G171R,0.570322893190263,0
S171,0.852836498005018,0.637980195163572,0.745408346584295,S,171,G171S,0.490237508688169,0
T171,0.776948835213145,0.976163803689275,0.87655631945121,T,171,G171T,0.576490440765459,0
Y171,0.331755462520616,0.154150705744132,0.242953084132374,Y,171,G171Y,0.159784519772201,0
L171,0.663392963123549,0.684798651676497,0.674095807400023,L,171,G171L,0.443336931698223,0
F171,0.596260171609556,0.584465174740304,0.59036267317493,F,171,G171F,0.388267621963147,0
W171,0.179528517124623,0.0059664828807601,0.0927475000026915,W,171,G171W,0.0609978457401585,0
C171,0.0090434141088895,0.482721452819425,0.245882433464157,C,171,G171C,0.161711083816019,0
E171,0.381971328887793,0.479860473932974,0.430915901410384,E,171,G171E,0.28340323653413,0
D171,0.780121205516218,1.27462068874786,1.02737094713204,D,171,G171D,0.67567766839281,1
V171,0.547385968879977,0.399135286164899,0.473260627522438,V,171,G171V,0.311252365310834,0
A171,0.872547201508919,1.12024943351471,0.996398317511815,A,171,G171A,0.655307699566839,0
Q171,0.730950952352885,0.82969441886217,0.780322685607528,Q,171,G171Q,0.513199846926903,0
H171,0.896543591639841,0.521193588501832,0.708868590070837,H,171,G171H,0.466206171658856,0
P171,0.577493802555951,0.438369665734273,0.507931734145112,P,171,G171P,0.334054735329962,0
K172,1.15828697759474,1.1323771035062,1.14533204055047,K,172,A172K,0.753257900522722,1
N172,0.418621015699726,0.793937210974271,0.606279113336998,N,172,A172N,0.398735489686914,0
M172,0.958891779877138,1.13535986392001,1.04712582189857,M,172,A172M,0.688669984127358,1
I172,1.01012648755947,0.551011631808994,0.780569059684233,I,172,A172I,0.513361881352896,0
R172,1.12904244534931,1.12709425079564,1.12806834807247,R,172,A172R,0.741903976690295,1
S172,0.986958022892614,0.826038003552115,0.906498013222364,S,172,A172S,0.596182387371016,0
T172,0.697034862661959,0.745731945454357,0.721383404058158,T,172,A172T,0.474436869985423,0
Y172,0.61150174909833,0.920097539154972,0.765799644126651,Y,172,A172Y,0.503648384689077,0
L172,0.826089735811077,1.07573070388799,0.950910219849532,L,172,A172L,0.625391249375333,0
F172,0.767713921596132,0.488857537587989,0.628285729592061,F,172,A172F,0.413208722750342,0
W172,0.665785493470779,0.599527040349196,0.632656266909988,W,172,A172W,0.416083122180114,0
C172,0.923499929019367,0.339734912484945,0.631617420752156,C,172,A172C,0.415399897535985,0
E172,0.556781009190553,0.0223852517861283,0.289583130488341,E,172,A172E,0.190452002716703,0
D172,0.765728153475021,0.989389500714677,0.877558827094849,D,172,A172D,0.577149766424892,0
V172,0.962241578448032,0.751875445189353,0.857058511818693,V,172,A172V,0.563667192028781,0
G172,0.968859600080276,1.07421848403839,1.02153904205933,G,172,A172G,0.671842161818659,1
Q172,1.1274362356202,1.05036989891828,1.08890306726924,Q,172,A172Q,0.716145894189569,1
H172,0.0086519767288974,0.116103217144358,0.0623775969366275,H,172,A172H,0.0410242759693983,0
P172,0.135101274288884,0.351939622147062,0.243520448217973,P,172,A172P,0.160157661764933,0
K173,0.635892039758786,0.245116842314541,0.440504441036664,K,173,G173K,0.289709393152693,0
N173,1.09961216738832,0.965808242122473,1.03271020475539,N,173,G173N,0.679189172345656,1
M173,0.399762539978388,0.160088586326165,0.279925563152277,M,173,G173M,0.184100448199618,0
I173,0.147405218949602,0.668197608052745,0.407801413501174,I,173,G173I,0.268201382383798,0
R173,0.93765968688043,0.883431998120977,0.910545842500703,R,173,G173R,0.598844549325737,0
S173,0.966160930263908,0.798654798914791,0.88240786458935,S,173,G173S,0.580338864147949,0
T173,0.443646296470755,0.514317340200851,0.478981818335803,T,173,G173T,0.315015057724899,0
Y173,0.75237013074785,0.898626160250822,0.825498145499336,Y,173,G173Y,0.54291068262211,0
L173,0.493230978626595,0.334459528915539,0.413845253771067,L,173,G173L,0.272176273744217,0
F173,0.162482729191628,0.106986576465433,0.134734652828531,F,173,G173F,0.0886118069904854,0
W173,0.295496951406937,0.291678076281411,0.293587513844174,W,173,G173W,0.193085591311721,0
C173,0.429651923426587,0.520866054801899,0.475258989114243,C,173,G173C,0.312566640650939,0
E173,0.418556556032384,0.181978420030573,0.300267488031478,E,173,G173E,0.197478852963125,0
D173,0.0182130379691646,0.0023421765107512,0.0102776072399579,D,173,G173D,0.00675934015453458,0
V173,0.555244291888185,0.208150659537212,0.381697475712698,V,173,G173V,0.251033437475462,0
A173,0.884689006033513,0.813311876442708,0.849000441238111,A,173,G173A,0.558367588845694,0
Q173,0.295657103376564,0.254201313286601,0.274929208331583,Q,173,G173Q,0.18081446334173,0
H173,0.603397053349729,0.884139668869525,0.743768361109627,H,173,G173H,0.489158928877425,0
P173,0.494912531178951,0.545849106463956,0.520380818821453,P,173,G173P,0.342242205037195,0
N174,0.933648106333175,0.787999939987861,0.860824023160518,N,174,K174N,0.566143680127703,0
M174,1.0039869766974,1.05243406021999,1.02821051845869,M,174,K174M,0.676229834675129,1
I174,1.13713082233428,1.01361471399529,1.07537276816478,I,174,K174I,0.707247335224981,1
R174,0.711305493061423,0.898592554701303,0.804949023881363,R,174,K174R,0.529396009444801,0
S174,0.932433205090743,0.900933626066502,0.916683415578622,S,174,K174S,0.60288108654577,0
T174,1.12256871686977,1.05271559318077,1.08764215502527,T,174,K174T,0.715316621912178,1
Y174,0.267539241333624,0.773721193132395,0.520630217233009,Y,174,K174Y,0.34240622849697,0
L174,0.919848650818767,1.04141612519939,0.980632388009077,L,174,K174L,0.644938819157876,0
F174,1.01013971214331,0.830886403110788,0.920513057627049,F,174,K174F,0.605399751899587,0
W174,0.54044274293033,0.443834912826895,0.492138827878613,W,174,K174W,0.323668112939011,0
C174,0.890931239188548,1.00057917910348,0.945755209146015,C,174,K174C,0.622000920281041,0
E174,0.998216152808112,1.00875910524048,1.00348762902429,E,174,K174E,0.659970172733548,1
D174,0.542808477892481,0.126168773522596,0.334488625707539,D,174,K174D,0.219985289006755,0
V174,1.19761126917972,1.21984017347027,1.20872572132499,V,174,K174V,0.794950430894676,1
G174,0.890647968072804,1.08929098324658,0.989969475659692,G,174,K174G,0.65107960173593,0
A174,0.999063277080299,0.864837326071602,0.93195030157595,A,174,K174A,0.612921757798047,0
Q174,0.96422983700929,1.18238781937442,1.07330882819185,Q,174,K174Q,0.705889930528552,1
H174,0.786618371085518,1.06754505855436,0.927081714819938,H,174,K174H,0.609719802986249,0
P174,0.456606157713421,0.286111499391453,0.371358828552437,P,174,K174P,0.244233952803366,0
K175,1.30816446144809,1.34867734420402,1.32842090282605,K,175,T175K,0.873671131903653,1
N175,0.665472655850085,0.906427314311383,0.785949985080734,N,175,T175N,0.516900789218505,0
M175,0.931579923453855,1.10404838513669,1.01781415429527,M,175,T175M,0.669392390889793,1
I175,1.19031676501258,0.4452555856791,0.817786175345838,I,175,T175I,0.537838701536236,0
R175,0.941556035855036,0.864053691422409,0.902804863638723,R,175,T175R,0.593753489895702,0
S175,1.09626737311818,1.04253281864493,1.06940009588155,S,175,T175S,0.703319249372765,1
Y175,0.592444106511255,0.500378161417253,0.546411133964254,Y,175,T175Y,0.359361730065926,0
L175,1.029140634871,0.946341878761755,0.987741256816379,L,175,T175L,0.649614154696648,0
F175,1.1832200276864,0.365586915889078,0.774403471787737,F,175,T175F,0.509306919446678,0
W175,0.805392547592923,0.749439089125474,0.777415818359198,W,175,T175W,0.511288068819724,0
C175,1.06709466586516,0.785654377511102,0.92637452168813,C,175,T175C,0.609254698724018,0
E175,0.619070807927491,1.01755261580733,0.818311711867411,E,175,T175E,0.538184334525511,0
D175,0.444995275233491,0.449301021266578,0.447148148250034,D,175,T175D,0.294078802869744,0
V175,0.733293582057931,1.04272395389342,0.888008767975677,V,175,T175V,0.584022446355068,0
G175,1.07621510443156,0.951396884308495,1.01380599437003,G,175,T175G,0.666756318534047,1
A175,1.11302427405353,1.18748470307829,1.15025448856591,A,175,T175A,0.756495278615943,1
Q175,0.739519391694119,0.832430947134563,0.785975169414341,Q,175,T175Q,0.516917352361408,0
H175,1.14385312339403,1.06925267820767,1.10655290080085,H,175,T175H,0.72775377389597,1
P175,1.00645885008437,0.768201737496502,0.887330293790433,P,175,T175P,0.583576229867411,0
K176,0.6608411673299,0.476142544892972,0.568491856111436,K,176,I176K,0.37388370082876,0
N176,0.78285742349304,1.12325255316644,0.953054988329742,N,176,I176N,0.626801813076785,0
M176,1.10105408194893,1.17218001736084,1.13661704965488,M,176,I176M,0.74752625632465,1
R176,0.966374635620938,1.0165850429655,0.991479839293219,R,176,I176R,0.652072932315479,0
S176,1.01070735385479,1.12435385069997,1.06753060227738,S,176,I176S,0.702089727472163,1
T176,1.16150637135558,1.01060031327907,1.08605334231732,T,176,I176T,0.71427169722454,1
Y176,1.16928665930012,1.18276078351052,1.17602372140532,Y,176,I176Y,0.773443095964497,1
L176,1.09258919941019,1.07490634790477,1.08374777365748,L,176,I176L,0.71275537903319,1
F176,0.940618950645562,1.09732175060722,1.01897035062639,F,176,I176F,0.670152793978275,1
W176,0.533696157401899,0.520416801362231,0.527056479382065,W,176,I176W,0.346632629717947,0
C176,1.27239983239657,1.19988871650176,1.23614427444916,C,176,I176C,0.812982967338655,1
E176,0.312362218001969,0.337978288288956,0.325170253145463,E,176,I176E,0.21385681490153,0
D176,0.0113607889742925,0.112774667184806,0.0620677280795493,D,176,I176D,0.0408204825222091,0
V176,1.32682459317108,1.21289148160833,1.26985803738971,V,176,I176V,0.835155714971834,1
G176,0.814140949751196,1.00157734352214,0.907859146636666,G,176,I176G,0.597077572751053,0
A176,0.612369524684475,1.00989309567201,0.811131310178243,A,176,I176A,0.533461953495559,0
Q176,0.699635534349018,0.7218338636938,0.710734699021409,Q,176,I176Q,0.467433467552525,0
H176,0.788130190177094,0.922218420957988,0.855174305567541,H,176,I176H,0.56242799396687,0
P176,0.401016954779208,0.761798150748165,0.581407552763686,P,176,I176P,0.382378050239772,0
K177,0.483480911413252,0.0957584100229383,0.289619660718095,K,177,M177K,0.190476027788207,0
N177,0.13442235059248,0.001070826664389,0.0677465886284343,N,177,M177N,0.0445553353185724,0
I177,0.906191562629048,0.735743060616553,0.8209673116228,I,177,M177I,0.539930859922122,0
R177,0.357572756949426,0.211419289778808,0.284496023364117,R,177,M177R,0.187106332206791,0
S177,0.773892793918019,0.612213365297445,0.693053079607732,S,177,M177S,0.455804683020323,0
T177,1.04312957805594,0.849494266459246,0.94631192225759,T,177,M177T,0.62236705737908,0
Y177,1.1721605614175,0.911980404310255,1.04207048286388,Y,177,M177Y,0.685345206741517,1
L177,0.877786140858873,0.686312259351952,0.782049200105413,L,177,M177L,0.514335334837705,0
F177,0.958410578400854,0.620561471282831,0.789486024841843,F,177,M177F,0.519226359264845,0
W177,0.903950344332898,1.02640041123635,0.965175377784625,W,177,M177W,0.634773107680501,0
C177,0.990449700407876,0.900297518085104,0.94537360924649,C,177,M177C,0.621749951017126,0
E177,0.281732454980215,0.0058315719621187,0.143782013471167,E,177,M177E,0.0945620429409863,0
D177,0.355951004541207,0.659322687776466,0.507636846158837,D,177,M177D,0.33386079444857,0
V177,1.19133512236564,1.18565137030047,1.18849324633305,V,177,M177V,0.781644008743522,1
G177,0.556338482688642,0.684832119479671,0.620585301084156,G,177,M177G,0.408144332332868,0
A177,1.23675685557339,1.14251069646578,1.18963377601959,A,177,M177A,0.78239410824895,1
Q177,0.781671290652955,0.354840037706808,0.568255664179882,Q,177,M177Q,0.373728362959755,0
H177,0.999537149396548,0.586196698386884,0.792866923891716,H,177,M177H,0.52144989692032,0
P177,0.205297344202397,0.0926829043172312,0.148990124259814,P,177,M177P,0.0979872947102989,0
K178,0.914206953553201,0.873556499770646,0.893881726661924,K,178,D178K,0.587884952923672,0
N178,1.03725806635128,0.959631358143023,0.998444712247152,N,178,D178N,0.656653565173847,0
M178,0.641062369797437,1.15876383095438,0.899913100375909,M,178,D178M,0.591851645323966,0
I178,0.655302524648101,0.271985492308527,0.463644008478314,I,178,D178I,0.304927741520669,0
R178,0.846695303736397,0.821312648785532,0.834003976260964,R,178,D178R,0.548504767127619,0
S178,0.984624072662236,0.872964961659723,0.92879451716098,S,178,D178S,0.610846272734536,0
T178,1.12322450358704,1.30623055068348,1.21472752713526,T,178,D178T,0.798897677181278,1
Y178,0.556179997698242,0.711640460788853,0.633910229243547,Y,178,D178Y,0.416907823665159,0
L178,1.19352655089685,1.07413020750849,1.13382837920267,L,178,D178L,0.745692213465715,1
F178,0.97437654858767,0.917128299594105,0.945752424090888,F,178,D178F,0.621999088615896,0
W178,0.992119917480681,0.899336873759403,0.945728395620042,W,178,D178W,0.621983285656701,0
C178,0.781699211289077,1.02436620354434,0.903032707416708,C,178,D178C,0.593903337380777,0
E178,0.674279771029347,0.537632662068913,0.60595621654913,E,178,D178E,0.398523128076566,0
V178,0.62540534034885,0.798118933861699,0.711762137105275,V,178,D178V,0.468109189375166,0
G178,0.948177807523652,0.77885544352537,0.863516625524511,G,178,D178G,0.567914541268259,0
A178,1.03025810788825,0.580877717090956,0.805567912489602,A,178,D178A,0.529803037902222,0
Q178,1.05941901865301,0.846919496268135,0.953169257460574,Q,178,D178Q,0.6268769651921,0
H178,1.07717110274774,1.28976099788844,1.18346605031809,H,178,D178H,0.778337740358744,1
P178,0.690849223608069,0.669077339453845,0.679963281530957,P,178,D178P,0.447195831204007,0
K179,0.700161216786029,0.489779958037542,0.594970587411786,K,179,R179K,0.391298138600204,0
N179,0.920159721669253,1.16646917867358,1.04331445017142,N,179,R179N,0.686163334733419,1
M179,0.377750573360454,0.772468646148611,0.575109609754532,M,179,R179M,0.378236041494075,0
I179,0.58812454768644,0.302855938287136,0.445490242986788,I,179,R179I,0.292988437636219,0
S179,0.550096561051034,0.8939931443203,0.722044852685667,S,179,R179S,0.474871889164858,0
T179,0.619266823908676,0.605036767802348,0.612151795855512,T,179,R179T,0.402597814626507,0
Y179,0.380502420253893,0.755271419108509,0.567886919681201,Y,179,R179Y,0.373485848390118,0
L179,0.757754489250461,1.03301228095986,0.895383385105162,L,179,R179L,0.588872558304652,0
F179,1.03413539017752,0.85324871733195,0.943692053754732,F,179,R179F,0.620644031585477,0
W179,0.513060169792168,0.0517263727713361,0.282393271281752,W,179,R179W,0.18572340170035,0
C179,0.848607355674589,0.680074082504128,0.764340719089358,C,179,R179C,0.502688884062444,0
E179,0,0,0,E,179,R179E,0,0
D179,0.577736171021871,0.308520961092423,0.443128566057147,D,179,R179D,0.29143521835766,0
V179,0.382036154663205,0.242025449224352,0.312030801943779,V,179,R179V,0.205215307394725,0
G179,0.457473269540454,0.381481999188604,0.419477634364529,G,179,R179G,0.275880557768906,0
A179,1.06209980695956,0.767466736728286,0.914783271843921,A,179,R179A,0.601631406776395,0
Q179,0.453864228685844,0.511582796599746,0.482723512642795,Q,179,R179Q,0.31747588192111,0
H179,0.808364707751387,1.08592864144551,0.94714667459845,H,179,R179H,0.622916054327974,0
P179,0.474357324491777,0.210656726506944,0.342507025499361,P,179,R179P,0.225258801646667,0
K180,0.830928439384736,0.627239780114426,0.729084109749581,K,180,I180K,0.479501442699967,0
N180,0.705038172566186,0.396002075282287,0.550520123924237,N,180,I180N,0.362064115960097,0
M180,1.07043878335556,0.584993994436088,0.827716388895825,M,180,I180M,0.544369569045025,0
R180,0.592260825088814,0.349070843220826,0.47066583415482,R,180,I180R,0.30954583084294,0
S180,0.111116566887308,0.521760369797221,0.316438468342264,S,180,I180S,0.208114125746067,0
T180,0.878830693762084,1.024296256953,0.951563475357541,T,180,I180T,0.625820880133093,0
Y180,0.0036805390754478,0,0.0018402695377239,Y,180,I180Y,0.00121030192058155,0
L180,0.994583499460863,1.00234435887274,0.998463929166801,L,180,I180L,0.656666203689174,0
F180,0.813871489724458,0.649532182689268,0.731701836206863,F,180,I180F,0.481223059720658,0
W180,0.807878327060802,0.446676046427265,0.627277186744034,W,180,I180W,0.412545427879165,0
C180,0.966858399454294,0.68376358332075,0.825310991387522,C,180,I180C,0.54278759577188,0
E180,0.170619427411572,0.316859365446272,0.243739396428922,E,180,I180E,0.160301658845136,0
D180,0.0129031143629942,0.0935139724038394,0.0532085433834168,D,180,I180D,0.0349940054585407,0
V180,0.775208812806802,0.827963331092328,0.801586071949565,V,180,I180V,0.527184275186072,0
G180,0.478917181250816,0.340912919587845,0.409915050419331,G,180,I180G,0.269591471590308,0
A180,1.04248945739412,0.508642665584805,0.775566061489461,A,180,I180A,0.510071527304386,0
Q180,0.83769201869851,0.943202385205215,0.890447201951863,Q,180,I180Q,0.585626146934843,0
H180,0.834807604629496,0.0067221497654379,0.420764877197467,H,180,I180H,0.276727147054347,0
P180,0.235071484714842,0.0901392065593325,0.162605345637087,P,180,I180P,0.106941705053057,0
K181,0.824110812766815,0.569980940886063,0.697045876826439,K,181,L181K,0.458430651685909,0
N181,0.896951366271217,0.746813665564843,0.82188251591803,N,181,L181N,0.54053276822606,0
M181,0.944487490237265,1.16448762433478,1.05448755728602,M,181,L181M,0.693511624058682,1
I181,0.678642294452895,1.06206616385399,0.870354229153441,I,181,L181I,0.572411472089873,0
R181,0.75133309225879,0.715199352458155,0.733266222358472,R,181,L181R,0.482251919637649,0
S181,0.614735179460148,0.871393301115738,0.743064240287943,S,181,L181S,0.488695845201183,0
T181,0.969213194163854,1.18179557794736,1.07550438605561,T,181,L181T,0.707333897211032,1
Y181,0.952826029614027,0.864535056984699,0.908680543299363,Y,181,L181Y,0.597617785985062,0
F181,0.911765857772101,0.652621862641567,0.782193860206834,F,181,L181F,0.514430474378404,0
W181,0.869460783516342,0.704752096161245,0.787106439838794,W,181,L181W,0.517661362268297,0
C181,1.08489829860676,0.948453195405058,1.01667574700591,C,181,L181C,0.66864368723499,1
E181,1.17240879171019,1.026034462243,1.09922162697659,E,181,L181E,0.72293216781712,1
D181,0.792225484820399,0.839219619807746,0.815722552314072,D,181,L181D,0.536481505284544,0
V181,1.01894213270997,1.12150389646369,1.07022301458683,V,181,L181V,0.703860463618323,1
G181,0.834619944158634,0.90912489404039,0.871872419099512,G,181,L181G,0.573409949850805,0
A181,0.864062942375606,0.771597897108099,0.817830419741852,A,181,L181A,0.537867800033154,0
Q181,1.10457553786073,1.03729004829652,1.07093279307862,Q,181,L181Q,0.704327268210907,1
H181,0.729398718146325,0.534652801893119,0.632025760019722,H,181,L181H,0.415668452652316,0
P181,0.289222385439938,0.348260964034215,0.318741674737076,P,181,L181P,0.209628890331359,0
K182,0.923849221731024,0.837733417127769,0.880791319429396,K,182,S182K,0.579275700479968,0
N182,1.16050390014712,0.973618075300644,1.06706098772388,N,182,S182N,0.70178087304384,1
M182,0.565329109786916,0.684002653137652,0.624665881462284,M,182,S182M,0.410828033914346,0
I182,0.899752823849674,0.831650382912452,0.865701603381063,I,182,S182I,0.56935154972925,0
R182,0.902809584191137,0.966202421808416,0.934506002999776,R,182,S182R,0.614602582415464,0
T182,1.0554460985683,1.15354556818866,1.10449583337848,T,182,S182T,0.726400889114135,1
Y182,0.743900385010956,0.833762627568249,0.788831506289603,Y,182,S182Y,0.51879589783265,0
L182,0.945886153478763,1.03519245032983,0.990539301904298,L,182,S182L,0.651454363032635,0
F182,0.764709256149157,0.865658574541934,0.815183915345546,F,182,S182F,0.536127256439937,0
W182,0.414248515731873,0.503508102399091,0.458878309065482,W,182,S182W,0.301793453290588,0
C182,0.853882509573987,0.963435935043255,0.908659222308621,C,182,S182C,0.597603763671746,0
E182,1.06686137205752,0.910663048028198,0.988762210042857,E,182,S182E,0.65028561158136,0
D182,0.764278544330537,1.11468499053691,0.939481767433725,D,182,S182D,0.617875025461073,0
V182,0.916388693698338,0.770374293621741,0.84338149366004,V,182,S182V,0.554672139398762,0
G182,1.00864988921643,1.15805017504628,1.08335003213135,G,182,S182G,0.712493793801733,1
A182,1.14377221824886,1.2437890773665,1.19378064780768,A,182,S182A,0.785121408129019,1
Q182,0.779259504548619,0.240888336579629,0.510073920564124,Q,182,S182Q,0.335463600870594,0
H182,1.30209615751204,1.23483525404247,1.26846570577725,H,182,S182H,0.834240011271858,1
P182,0.824820053512048,0.589281136958006,0.707050595235027,P,182,S182P,0.46501051928496,0
K183,0.968954531374317,0.857398907798556,0.913176719586436,K,183,G183K,0.600574815204949,0
N183,0.899432987879116,0.889710460648339,0.894571724263728,N,183,G183N,0.588338748090924,0
M183,1.00308885872722,0.995232693078376,0.999160775902801,M,183,G183M,0.65712450337063,0
I183,0.260287486725056,0.394370396565275,0.327328941645166,I,183,G183I,0.215276533471865,0
R183,1.00119086890848,0.96785667627891,0.984523772593693,R,183,G183R,0.647498091123171,0
S183,1.06464812376438,1.1459482431035,1.10529818343394,S,183,G183S,0.726928575843278,1
T183,0.886311397165544,0.926044275693572,0.906177836429558,T,183,G183T,0.59597181463734,0
Y183,0.734810128854486,1.0393892463614,0.887099687607943,Y,183,G183Y,0.583424565613972,0
L183,0.873249644598564,1.03762049688637,0.955435070742465,L,183,G183L,0.628367137207958,0
F183,1.07225717019087,0.976867422567501,1.02456229637919,F,183,G183F,0.673830484960854,1
W183,0.761156358666637,0.758671106314727,0.759913732490682,W,183,G183W,0.499777359270596,0
C183,0.972780718988371,0.690361414224451,0.831571066606411,C,183,G183C,0.546904699764036,0
E183,0.632360847683956,0.686825398745976,0.659593123214966,E,183,G183E,0.433798857974267,0
D183,1.26848334493459,1.15270443811034,1.21059389152247,D,183,G183D,0.796179082421876,1
V183,0.434568572056825,0.585507431650476,0.51003800185365,V,183,G183V,0.335439977980914,0
A183,0.970834981066229,1.06012321189172,1.01547909647898,A,183,G183A,0.667856678374973,1
Q183,1.15699897996825,1.1688140248501,1.16290650240918,Q,183,G183Q,0.764816210055516,1
H183,0.305683691320304,0.814464068267669,0.560073879793986,H,183,G183H,0.368347396121451,0
P183,0.470644713471201,0.411987051351516,0.441315882411359,P,183,G183P,0.290243059028317,0
K184,0.818007367910246,0.950098334013756,0.884052850962001,K,184,E184K,0.581420732931482,0
N184,0.930499195638601,0.895997306294062,0.913248250966332,N,184,E184N,0.600621859708319,0
M184,0.935358660649295,0.757007572555951,0.846183116602623,M,184,E184M,0.556514700805472,0
I184,0.913816325904611,0.770444037576984,0.842130181740798,I,184,E184I,0.553849181028774,0
R184,0.808545995099696,0.74508653507434,0.776816265087018,R,184,E184R,0.510893756757314,0
S184,1.0937402249038,1.15947373899869,1.12660698195124,S,184,E184S,0.740942870620265,1
T184,1.06678873067306,1.03378140197329,1.05028506632317,T,184,E184T,0.690747744757689,1
Y184,0.823462787632604,0.364629380750553,0.594046084191578,Y,184,E184Y,0.390690114612378,0
L184,0.966126146789677,1.06993029320138,1.01802821999553,L,184,E184L,0.669533176857742,1
F184,0.857480262229787,0.559250688986819,0.708365475608303,F,184,E184F,0.465875285129576,0
W184,0.580799013508577,0.821962266531573,0.701380640020075,W,184,E184W,0.461281523316927,0
C184,1.02468248513742,0.754895048923159,0.889788767030291,C,184,E184C,0.585193109798803,0
D184,1.20614949484475,1.25065288694681,1.22840119089578,D,184,E184D,0.80789052370267,1
V184,1.05161561717789,0.912544107042275,0.98207986211008,V,184,E184V,0.645890788773481,0
G184,1.09713191735855,1.05068432354068,1.07390812044961,G,184,E184G,0.706284070927927,1
A184,1.09432759396447,0.817349369063451,0.95583848151396,A,184,E184A,0.628632450968532,0
Q184,1.10808875782086,1.23311244862439,1.17060060322263,Q,184,E184Q,0.769876438897419,1
H184,0.713699432831492,0.909759312239359,0.811729372535425,H,184,E184H,0.533855285018299,0
P184,0.798189559168009,0.984927742832636,0.891558651000322,P,184,E184P,0.586357120789706,0
K185,0.686465515557645,0.702608917980571,0.694537216769108,K,185,Y185K,0.456780765067001,0
N185,0.917687031709844,0.863168947472831,0.890427989591337,N,185,Y185N,0.585613511417943,0
M185,1.03710940534874,1.1349934997455,1.08605145254712,M,185,Y185M,0.7142704543672,1
I185,0.726372567979394,0.649094310724411,0.687733439351902,I,185,Y185I,0.452306080947935,0
R185,0.665799090254799,0.921454104320299,0.793626597287549,R,185,Y185R,0.521949516215833,0
S185,0.813129973823928,0.877603439872298,0.845366706848113,S,185,Y185S,0.555977767343493,0
T185,0.321969790309424,0.476952085306461,0.399460937807943,T,185,Y185T,0.262716048011223,0
L185,0.862326144289408,0.946636327663389,0.904481235976399,L,185,Y185L,0.594856000489019,0
F185,0.943143575518127,0.664440263090818,0.803791919304472,F,185,Y185F,0.528635009024473,0
W185,0.793531436990525,0.815324272775643,0.804427854883084,W,185,Y185W,0.529053248872703,0
C185,0.884093263575972,0.702531206426537,0.793312235001255,C,185,Y185C,0.521742767546108,0
E185,0.348576943148062,0.283626897192328,0.316101920170195,E,185,Y185E,0.207892785941938,0
D185,0.516975637275534,1.14319207443321,0.83008385585437,D,185,Y185D,0.545926596289188,0
V185,1.11261049833597,1.05157517320608,1.08209283577103,V,185,Y185V,0.711666965373477,1
G185,0.785831390818397,0.764341544930893,0.775086467874645,G,185,Y185G,0.50975610988253,0
A185,1.09219547510285,0.821686629208044,0.956941052155445,A,185,Y185A,0.629357585704293,0
Q185,0.707299097587369,0.764024161413396,0.735661629500383,Q,185,Y185Q,0.483827322482178,0
H185,0.889052704420979,0.687586832272471,0.788319768346725,H,185,Y185H,0.518459339843506,0
P185,0.404916548302165,0.808058898178798,0.606487723240482,P,185,Y185P,0.398872687505855,0
K186,1.1216679777003,0.509082287594818,0.815375132647558,K,186,Q186K,0.536253015554637,0
N186,0.936053887838718,1.11998535096027,1.02801961939949,N,186,Q186N,0.676104284861229,1
M186,1.46413873334154,1.25054820965436,1.35734347149795,M,186,Q186M,0.892692823940705,1
I186,1.14005164935484,1.07679890358593,1.10842527647038,I,186,Q186I,0.728985191263061,1
R186,1.1444569156623,1.09898208847809,1.12171950207019,R,186,Q186R,0.737728490245228,1
S186,0.973769069590795,0.961977820800584,0.967873445195689,S,186,Q186S,0.636547563053766,0
T186,0.797768359372897,0.884721237022862,0.841244798197879,T,186,Q186T,0.553266885131091,0
Y186,0.659422053284672,0.268154710726717,0.463788382005695,Y,186,Q186Y,0.305022692588373,0
L186,1.03815597866915,0.963743997950156,1.00094998830965,L,186,Q186L,0.658301226219075,1
F186,0.893023346191901,0.906982663566935,0.900003004879418,F,186,Q186F,0.591910773397889,0
W186,1.07320826591489,1.04907549776866,1.06114188184177,W,186,Q186W,0.697888016551685,1
C186,1.08373921922791,0.431575595041652,0.757657407134779,C,186,Q186C,0.498293427240137,0
E186,1.09375858987365,0.60572370226495,0.849741146069297,E,186,Q186E,0.558854732963113,0
D186,0.935126561726057,0.632701852312806,0.783914207019431,D,186,Q186D,0.515561905947894,0
V186,0.977341308294285,0.953335242502896,0.965338275398591,V,186,Q186V,0.634880241603549,0
G186,0.5530568921234,1.02921409912423,0.791135495623812,G,186,Q186G,0.520311177338739,0
A186,0.819683410620141,0.969629865936805,0.894656638278473,A,186,Q186A,0.588394594037957,0
H186,1.06998397278779,1.155610486511,1.11279722964939,H,186,Q186H,0.731860521871311,1
P186,1.02878707504736,0.536118143208314,0.782452609127839,P,186,Q186P,0.514600647447957,0
K187,1.25189334461076,0.8652320753053,1.05856270995803,K,187,V187K,0.696191755965716,1
N187,1.19130748496032,1.20290476938621,1.19710612717326,N,187,V187N,0.787308497563752,1
M187,0.704493532007318,0.521382770157581,0.612938151082449,M,187,V187M,0.403114981933747,0
I187,1.09086033042364,1.22422962897506,1.15754497969935,I,187,V187I,0.761290062879828,1
R187,1.00139915925855,1.08559450386707,1.04349683156281,R,187,V187R,0.686283282677866,1
S187,1.15022913474678,0.933265577006935,1.04174735587686,S,187,V187S,0.685132693734609,1
T187,0.970777780355265,1.2240225233891,1.09740015187218,T,187,V187T,0.721734226552556,1
Y187,1.04984515824268,0.700880176047925,0.875362667145302,Y,187,V187Y,0.575705403764774,0
L187,0.870325883675841,1.05926826051077,0.964797072093303,L,187,V187L,0.634524304939713,0
F187,1.11363146038277,0.978075189925385,1.04585332515408,F,187,V187F,0.687833092996891,1
W187,0.620059480323737,1.22345391161345,0.921756695968594,W,187,V187W,0.606217663538304,0
C187,0.68001269256197,1.14313865692431,0.911575674743142,C,187,V187C,0.599521845730068,0
E187,0.748538248308857,0.751451510061502,0.749994879185179,E,187,V187E,0.493253963126972,0
D187,0.761524652557314,0.696099480817742,0.728812066687528,D,187,V187D,0.479322526387039,0
G187,1.10879447457152,1.20848582109262,1.15864014783207,G,187,V187G,0.762010329159968,1
A187,0.955054064231774,0.841049260585518,0.898051662408646,A,187,V187A,0.590627421425977,0
Q187,0.848583518406486,1.17048058408686,1.00953205124667,Q,187,V187Q,0.663945446830407,1
H187,1.13886526707735,1.38132482604864,1.260095046563,H,187,V187H,0.828734825908593,1
P187,0.594936554736929,0.597285785728215,0.596111170232572,P,187,V187P,0.392048273050773,0
K188,1.55025997519615,1.48220115400002,1.51623056459809,K,188,S188K,0.997189121897451,1
N188,1.25768807695219,1.33758488401216,1.29763648048217,N,188,S188N,0.853424942569413,1
M188,0.922439342132039,1.15947074489216,1.0409550435121,M,188,S188M,0.684611608558165,1
I188,0.769551076195592,0.513180066705097,0.641365571450345,I,188,S188I,0.421811026596312,0
R188,1.49530803944517,1.45680349556552,1.47605576750534,R,188,S188R,0.970767104316011,1
T188,0.825348065031844,0.567236305983054,0.696292185507449,T,188,S188T,0.457934966661405,0
Y188,0.159739578305204,0.0175682499626331,0.0886539141339186,Y,188,S188Y,0.0583055907538758,0
L188,1.38518842864907,1.28799312510558,1.33659077687732,L,188,S188L,0.879044265595466,1
F188,0.470705967419724,0.48807922845058,0.479392597935152,F,188,S188F,0.315285217789953,0
W188,0.0564456473055582,0.233682690602443,0.145064168954001,W,188,S188W,0.0954052863961149,0
C188,1.33893121338049,1.28223602014999,1.31058361676524,C,188,S188C,0.861939969084937,1
E188,0,0.0657322829371132,0.0328661414685566,E,188,S188E,0.0216152869599188,0
D188,0.796032603790116,0.407492135496917,0.601762369643517,D,188,S188D,0.395764933768374,0
V188,0.672697325085229,0.982622501662629,0.827659913373929,V,188,S188V,0.544332426424764,0
G188,1.33124462301285,1.23965759949592,1.28545111125439,G,188,S188G,0.845410912299903,1
A188,1.36489075486695,1.26913160981745,1.3170111823422,A,188,S188A,0.86616722753974,1
Q188,0.481340679895508,0.255791398299873,0.36856603909769,Q,188,S188Q,0.2423972009735,0
H188,1.60481764053337,1.43150666246801,1.51816215150069,H,188,S188H,0.998459481097592,1
P188,0.343178158185876,0.163492285366544,0.25333522177621,P,188,S188P,0.166612607110765,0
K189,0.0306014517826062,0.722043783931371,0.376322617856988,K,189,A189K,0.247498520088488,0
N189,0.890209876315407,1.18636008225078,1.0382849792831,N,189,A189N,0.682855570218025,1
M189,0.387108365049968,0.434807439935398,0.410957902492683,M,189,A189M,0.2702773308307,0
I189,0.0033591614430802,0.456172159029741,0.229765660236411,I,189,A189I,0.151111461754544,0
R189,0.587196680039412,0.157019410722403,0.372108045380907,R,189,A189R,0.244726695060867,0
S189,0.450505876752405,0.601488457764318,0.525997167258361,S,189,A189S,0.345935945090216,0
T189,1.26946185928599,1.08227239657621,1.1758671279311,T,189,A189T,0.773340108125643,1
Y189,0.0191497084932931,0.0018165809485171,0.0104831447209051,Y,189,A189Y,0.0068945173135553,0
L189,0.376433578465102,0.182294903671307,0.279364241068204,L,189,A189L,0.183731279888949,0
F189,0.0549739690011789,0.0049276469217042,0.0299508079614416,F,189,A189F,0.0196979407937908,0
W189,0.386087170535425,0.0018340480730221,0.193960609304223,W,189,A189W,0.127563323277315,0
C189,1.22113066395904,1.0236486672695,1.12238966561427,C,189,A189C,0.73816924101998,1
E189,0.433885230019475,0.0058020075922221,0.219843618805849,E,189,A189E,0.144585968856177,0
D189,0.0041009052135066,0.0045279762514967,0.0043144407325017,D,189,A189D,0.00283750602710109,0
V189,0.651173225612573,0.857255157977469,0.754214191795021,V,189,A189V,0.496028905628895,0
G189,0.861393012732029,1.06943549210738,0.965414252419703,G,189,A189G,0.634930209900413,0
Q189,0.669462443477037,0.333957305686993,0.501709874582015,Q,189,A189Q,0.329962764874309,0
H189,0.250643691498088,0.381481999188604,0.316062845343346,H,189,A189H,0.207867087348872,0
P189,0.210600760473115,0,0.105300380236558,P,189,A189P,0.0692535793402863,0
K190,0.0011322751605617,0,0.0005661375802808,K,190,S190K,0.000372335349078657,0
N190,0.229671145348956,0.69485983810809,0.462265491728523,N,190,S190N,0.30402112353041,0
M190,0.214711286923542,0.0043722865236516,0.109541786723597,M,190,S190M,0.0720430524647393,0
I190,0.029756107810711,0.0023403803631202,0.0160482440869156,I,190,S190I,0.010554552060009,0
R190,0.312184003728765,0.0043817027903931,0.158282853259579,R,190,S190R,0.104098903648721,0
T190,0.57850352268436,0.251056998299151,0.414780260491756,T,190,S190T,0.27279120563686,0
Y190,0.309174929884344,0.0047685249898575,0.156971727437101,Y,190,S190Y,0.103236607083713,0
L190,0.303372405490011,0.0008613762329971,0.152116890861504,L,190,S190L,0.100043695441638,0
F190,0.42018958964944,0.184793310701949,0.302491450175694,F,190,S190F,0.198941500471693,0
W190,0.382090881729386,0.548465223032725,0.465278052381056,W,190,S190W,0.306002413699533,0
C190,0.0206883054304943,0.0149600783995531,0.0178241919150237,C,190,S190C,0.0117225511075128,0
E190,0.0023082237916022,0.369417682965627,0.185862953378615,E,190,S190E,0.122237685745384,0
D190,0.346968671858689,0,0.173484335929344,D,190,S190D,0.114096560673278,0
V190,0.0014235741446005,0.392850050947521,0.197136812546061,V,190,S190V,0.129652237322216,0
G190,0.111504039932871,0.702321758210442,0.406912899071657,G,190,S190G,0.26761702737576,0
A190,0.24648622139423,0.18129110880151,0.21388866509787,A,190,S190A,0.140669536093476,0
Q190,0.0106299779876421,0.0029065295176274,0.0067682537526348,Q,190,S190Q,0.00445132104176917,0
H190,0.188191290829471,0.0016113284020638,0.0949013096157676,H,190,S190H,0.062414355581699,0
P190,0.19491329446556,0.0010227399442053,0.0979680172048824,P,190,S190P,0.0644312569153799,0
K191,1.01592726078549,0.715102788146903,0.865515024466197,K,191,Q191K,0.569228841172501,0
N191,0.742314611384616,0.0087823194057808,0.375548465395199,N,191,Q191N,0.246989378252404,0
M191,1.1273963426576,0.849401489718782,0.988398916188192,M,191,Q191M,0.650046681771882,0
I191,1.00191023967366,1.18683288636455,1.0943715630191,I,191,Q191I,0.719742395013537,1
R191,0.590564033744652,0.839404625813865,0.714984329779259,R,191,Q191R,0.470228349586137,0
S191,0.724800960634307,0.359122204157862,0.541961582396085,S,191,Q191S,0.356435364825243,0
T191,0.493111309569215,0.696892889239387,0.595002099404301,T,191,Q191T,0.391318863295299,0
Y191,0.715297454655472,0.773638378101339,0.744467916378405,Y,191,Q191Y,0.489619009897079,0
L191,1.13700369823586,0.98834967792122,1.06267668807854,L,191,Q191L,0.698897422455552,1
F191,0.266267014162362,0.22221382454204,0.244240419352201,F,191,Q191F,0.160631169818322,0
W191,0.006796032193992,0.181012662079177,0.0939043471365845,W,191,Q191W,0.0617586768462919,0
C191,0.36465140730412,0.492111778953299,0.42838159312871,C,191,Q191C,0.281736481682311,0
E191,0.588888836719883,0.805967423740286,0.697428130230084,E,191,Q191E,0.458682050744088,0
D191,0.0112792785628035,0,0.0056396392814017,D,191,Q191D,0.00370905789274208,0
V191,0.776166243437438,0.562446742533252,0.669306492985345,V,191,Q191V,0.440187112437767,0
G191,0.246249495134483,0.417831340899908,0.332040418017195,G,191,Q191G,0.218375160485435,0
A191,0.864836655155737,0.667214399489437,0.766025527322587,A,191,Q191A,0.503796942745527,0
H191,0.788469838723005,1.10201024780016,0.945240043261584,H,191,Q191H,0.621662107815495,0
P191,0.121081516016061,0.126327995989491,0.123704756002776,P,191,Q191P,0.0813577036983456,0
K192,0.088585886056088,0.115496795135998,0.102041340596043,K,192,I192K,0.0671101857474949,0
N192,0.195068570998736,0.399776188952822,0.297422379975779,N,192,I192N,0.195607692421973,0
M192,0.949163094956087,1.02383578404256,0.986499439499325,M,192,I192M,0.648797440702838,0
R192,0.205845682354406,0.567699412077904,0.386772547216155,R,192,I192R,0.254371192441139,0
S192,0.350162806234854,0.354067021619795,0.352114913927325,S,192,I192S,0.231577683516266,0
T192,0.833335104743905,0.959522683182706,0.896428893963305,T,192,I192T,0.589560164849811,0
Y192,0.341829550282741,0.453204772878014,0.397517161580378,Y,192,I192Y,0.261437672179217,0
L192,1.18398941813575,0.975522913998601,1.07975616606718,L,192,I192L,0.710130192758182,1
F192,1.15541271071188,0.809108465553293,0.982260588132587,F,192,I192F,0.646009648020811,0
W192,0.216637763681109,0.0025056288945064,0.109571696287808,W,192,I192W,0.0720627232804901,0
C192,0.560538766783129,1.17540271410421,0.86797074044367,C,192,I192C,0.57084390771738,0
E192,0.0786803240267912,0.210768804551703,0.144724564289247,E,192,I192E,0.0951819364087545,0
D192,0.373753953157433,0.0874569510543591,0.230605452105896,D,192,I192D,0.15166377308269,0
V192,0.91467605747416,0.908205785170071,0.911440921322115,V,192,I192V,0.599433221579676,0
G192,0.402467374594053,0.329692927783605,0.366080151188829,G,192,I192G,0.240762291060159,0
A192,0.992246042441608,0.820182379188319,0.906214210814963,A,192,I192A,0.595995737213688,0
Q192,0.341903484088764,0.124367541932007,0.233135513010385,Q,192,I192Q,0.153327734534597,0
H192,0.672162104126638,0.0323242599750753,0.352243182050857,H,192,I192H,0.231662042439281,0
P192,0.103802281377122,0.0026286442665881,0.0532154628218552,P,192,I192P,0.0349985562101886,0
K193,0.826826432812762,1.07722449991143,0.952025466362096,K,193,I193K,0.626124720732876,0
N193,0,0.0522322541676328,0.0261161270838164,N,193,I193N,0.0171759615207179,0
M193,0.0332167300406791,0.0393921629596928,0.0363044465001859,M,193,I193M,0.0238765791771844,0
R193,0.539556850835318,0.578092711467602,0.55882478115146,R,193,I193R,0.367525893371416,0
S193,0.261537571620478,0.401204111406626,0.331370841513552,S,193,I193S,0.217934795793348,0
T193,0.371244348727679,0.688163606379442,0.529703977553561,T,193,I193T,0.348373826893694,0
Y193,0.836280299496534,0.260983062619014,0.548631681057774,Y,193,I193Y,0.360822131576105,0
L193,1.07533762001966,1.09220564363551,1.08377163182758,L,193,I193L,0.712771069989597,1
F193,0.948330052905865,0.470809740045439,0.709569896475652,F,193,I193F,0.466667404359428,0
W193,1.01125242608445,0.508642665584805,0.759947545834629,W,193,I193W,0.499799597510311,0
C193,0.388534703904242,0.726570485677783,0.557552594791013,C,193,I193C,0.366689206373222,0
E193,0.408444061264941,0.0041806246486422,0.206312342956792,E,193,I193E,0.135686767509678,0
D193,0.0230822379160229,0.364826859930889,0.193954548923456,D,193,I193D,0.12755933750766,0
V193,1.13295417383773,0.636543812304118,0.884748993070923,V,193,I193V,0.581878569196308,0
G193,0.175832341772057,0.32491476940993,0.250373555590993,G,193,I193G,0.164664789033787,0
A193,0.768174905004395,0.0358690224506424,0.402021963727519,A,193,I193A,0.264400374424056,0
Q193,0.0294368621196244,0.575244239536775,0.3023405508282,Q,193,I193Q,0.198842257525841,0
H193,0.0046969670177953,0.955183610371465,0.47994028869463,H,193,I193H,0.315645421099573,0
P193,0.544172538421315,0.49742260678514,0.520797572603228,P,193,I193P,0.342516294181286,0
K194,0.815721805964305,0.813372594014671,0.814547199989488,K,194,H194K,0.535708503750451,0
N194,0.808652898802951,0.50700715862151,0.65783002871223,N,194,H194N,0.432639312256052,0
M194,0.767044040955648,0.709246441536683,0.738145241246165,M,194,H194M,0.485460735416686,0
I194,0.607620351920731,0.569431667081525,0.588526009501128,I,194,H194I,0.387059691534317,0
R194,0.713230010551266,0.895699805930705,0.804464908240985,R,194,H194R,0.529077617993265,0
S194,0.692467137480688,0.286034773325646,0.489250955403167,S,194,H194S,0.321768827246465,0
T194,0.824481340298643,0.822386850395757,0.8234340953472,T,194,H194T,0.541553205463413,0
Y194,0.0528793086803434,0.196801928553373,0.124840618616858,Y,194,H194Y,0.0821047337801675,0
L194,0.827335507040189,0.69510670371341,0.7612211053768,L,194,H194L,0.500637187617774,0
F194,1.06003263225717,1.13342050625978,1.09672656925847,F,194,H194F,0.721291227136258,1
W194,0.511199845371807,0.558156553385096,0.534678199378451,W,194,H194W,0.351645255401666,0
C194,0.831363162149779,1.18770684283462,1.0095350024922,C,194,H194C,0.663947387795065,1
E194,0.0045707401813906,0.369154633275959,0.186862686728675,E,194,H194E,0.122895186817289,0
D194,0.419443899100255,0.630084741096467,0.524764320098361,D,194,H194D,0.345125130557374,0
V194,0.641845401913134,0.987912598622974,0.814879000268054,V,194,H194V,0.535926720976877,0
G194,0.429926505094193,0.546121598838422,0.488024051966308,G,194,H194G,0.320961921760307,0
A194,0.724648419214316,0.923503221118083,0.8240758201662,A,194,H194A,0.541975252758659,0
Q194,0.381816734696079,0.395165955414966,0.388491345055523,Q,194,H194Q,0.255501605287429,0
P194,0.565585882445382,0.805850650328764,0.685718266387073,P,194,H194P,0.450980749163846,0
K195,1.43826245447148,1.36928028352116,1.40377136899632,K,195,D195K,0.923227358343932,1
N195,1.12271844231466,0.83779315975651,0.980255801035587,N,195,D195N,0.644691146777316,0
M195,1.30257912980421,1.18742426255985,1.24500169618203,M,195,D195M,0.818808284942919,1
I195,1.06679373181568,1.11888919696657,1.09284146439113,I,195,D195I,0.718736085193074,1
R195,1.24493674173637,1.23226961997929,1.23860318085783,R,195,D195R,0.81460013215497,1
S195,1.25215901535364,1.28559872283629,1.26887886909497,S,195,D195S,0.834511739052327,1
T195,1.31650031606951,1.34472404713983,1.33061218160467,T,195,D195T,0.875112284332646,1
Y195,1.15228961386041,1.31329277755623,1.23279119570832,Y,195,D195Y,0.81077772644502,1
L195,1.31758269193102,1.30180810872707,1.30969540032904,L,195,D195L,0.861355810060084,1
F195,0.762125714279236,1.00380323641917,0.882964475349203,F,195,D195F,0.580704933931672,0
W195,0.732557340176938,0.465785286597589,0.599171313387263,W,195,D195W,0.394060857110583,0
C195,1.10979981042342,0.656266995090444,0.88303340275693,C,195,D195C,0.580750265863893,0
E195,1.30628925587291,1.05415563971282,1.18022244779287,E,195,D195E,0.776204499393004,1
V195,1.33734602045801,1.31677667086966,1.32706134566383,V,195,D195V,0.872776983187476,1
G195,1.34791324751802,1.34581323669183,1.34686324210493,G,195,D195G,0.885800223969618,1
A195,1.41306642971724,1.36210066946754,1.38758354959239,A,195,D195A,0.912581010886137,1
Q195,1.29833796845645,0.864559726620647,1.08144884753855,Q,195,D195Q,0.711243429484508,1
H195,1.19989484703954,1.24081073673535,1.22035279188744,H,195,D195H,0.802597281284796,1
P195,1.27610185063718,1.31991350929688,1.29800767996703,P,195,D195P,0.853669071725624,1
K196,1.00280573372959,1.33793226197868,1.17036899785414,K,196,D196K,0.769724117502887,1
N196,1.30002369091419,1.20712693540855,1.25357531316137,N,196,D196N,0.82444695084686,1
M196,1.06379009526019,1.14825537558909,1.10602273542464,M,196,D196M,0.727405096618049,1
I196,1.35530632778559,1.39402800893347,1.37466716835953,I,196,D196I,0.904086211242587,1
R196,1.21945499578401,1.27255240214378,1.24600369896389,R,196,D196R,0.819467278566653,1
S196,1.12919049731465,1.26391315332389,1.19655182531927,S,196,D196S,0.78694394629302,1
T196,1.13358112665895,0.912689134307393,1.02313513048317,T,196,D196T,0.672891871573231,1
Y196,0.977527969804683,1.17579850229679,1.07666323605074,Y,196,D196Y,0.708096045551816,1
L196,1.24884524724816,1.23504346951665,1.2419443583824,L,196,D196L,0.816797545899042,1
F196,1.1309732220956,1.23213995748135,1.18155658978848,F,196,D196F,0.77708193315285,1
W196,1.02432407279308,0.97975924801394,1.00204166040351,W,196,D196W,0.659019193236819,1
C196,1.13716807659685,0.844495584255536,0.990831830426195,C,196,D196C,0.651646752149891,0
E196,1.07516145516798,0.7244721209816,0.899816788074792,E,196,D196E,0.591788302992515,0
V196,1.11441632741053,1.04267703180453,1.07854667960753,V,196,D196V,0.709334742007613,1
G196,1.29044170845676,1.06948813105858,1.17996491975767,G,196,D196G,0.776035129271282,1
A196,1.31148821471299,1.15256764457106,1.23202792964203,A,196,D196A,0.810275744334786,1
Q196,1.40369467302678,1.3151391443499,1.35941690868834,Q,196,D196Q,0.894056474733315,1
H196,0.856040304250966,1.05803648432678,0.957038394288874,H,196,D196H,0.629421605332194,0
P196,1.02505947160876,1.32322892832635,1.17414419996755,P,196,D196P,0.772206978993979,1
K197,0.97728047467266,1.17439090035926,1.07583568751596,K,197,R197K,0.707551786376469,1
N197,0.658699234157507,1.01278406864231,0.835741651399909,N,197,R197N,0.549647595129115,0
M197,0.364043937502707,0.986966744888714,0.675505341195711,M,197,R197M,0.444263948868847,0
I197,0.285032523468848,0.715583181298646,0.500307852383747,I,197,R197I,0.329040687904344,0
S197,0.801076368569793,0.461674032695388,0.63137520063259,S,197,R197S,0.41524059506974,0
T197,0.693024904003024,0.828482997615573,0.760753950809299,T,197,R197T,0.500329951064289,0
Y197,0.207701606623311,0.429289206248045,0.318495406435678,Y,197,R197Y,0.209466925471294,0
L197,0.459221206910014,0.690371307269473,0.574796257089744,L,197,R197L,0.378029956828629,0
F197,0.346639469758797,0.134448745650731,0.240544107704764,F,197,R197F,0.158200192728143,0
W197,0.589719743800025,0.525978279284055,0.55784901154204,W,197,R197W,0.366884152687175,0
C197,0.840463127456857,0.752841756276017,0.796652441866437,C,197,R197C,0.523939542910368,0
E197,0,0.0185765147430972,0.0092882573715486,E,197,R197E,0.00610866805389008,0
D197,0.361114667683339,0.0246614625738087,0.192888065128574,D,197,R197D,0.12685793624075,0
V197,0.459913590476757,0.59307094056887,0.526492265522814,V,197,R197V,0.346261559554869,0
G197,0.781817735865293,1.09564602753974,0.938731881702515,G,197,R197G,0.617381843281998,0
A197,0.0070742410425639,0.527606972190204,0.267340606616384,A,197,R197A,0.175823618771324,0
Q197,0.56195681558504,0.747672182631481,0.65481449910826,Q,197,R197Q,0.430656069477514,0
H197,0.498760563420167,0.407269826639581,0.453015195029874,H,197,R197H,0.297937421316781,0
P197,0.897231765217794,0.665930059630106,0.78158091242395,P,197,R197P,0.514027353061861,0
N198,0.152536467347144,0.808757361453764,0.480646914400454,N,198,K198N,0.316110152179102,0
M198,0.515908265000232,0.712900743890514,0.614404504445373,M,198,K198M,0.404079367995146,0
I198,0.402127777146857,0.548975564177432,0.475551670662145,I,198,K198I,0.312759130409794,0
R198,0.940256552168775,1.09784383805781,1.01905019511329,R,198,K198R,0.670205305816276,1
S198,0.594697794984126,0.304151656044217,0.449424725514172,S,198,K198S,0.29557605410314,0
T198,0.579252232048507,0.973758452696582,0.776505342372545,T,198,K198T,0.510689270212943,0
Y198,0.554084416161605,0.340355687008419,0.447220051585012,Y,198,K198Y,0.294126091999209,0
L198,0.525769182414778,0.545136358691819,0.535452770553298,L,198,K198L,0.352154672615464,0
F198,0.453760881992405,0.158010295521907,0.305885588757156,F,198,K198F,0.201173745455189,0
W198,0,0.0498669279985103,0.0249334639992551,W,198,K198W,0.0163981518720205,0
C198,0.0309024496689924,0.0382043828347939,0.0345534162518932,C,198,K198C,0.0227249678348991,0
E198,0.522744799862872,0.689684970284481,0.606214885073677,E,198,K198E,0.398693248271263,0
D198,0,0.0299201567991062,0.0149600783995531,D,198,K198D,0.00983889112321234,0
V198,0.208268009470976,0.0133853333048633,0.11082667138792,V,198,K198V,0.0728880908382372,0
G198,0.21818611752737,0.025863186385668,0.122024651956519,G,198,K198G,0.0802527388482092,0
A198,0.0047382893082745,0.693895678524113,0.349316983916193,A,198,K198A,0.229737550863571,0
Q198,0.136480807296375,0.671171434536223,0.403826120916299,Q,198,K198Q,0.265586926103498,0
H198,0.0096751895456383,0.71903781600828,0.364356502776959,H,198,K198H,0.239628688106608,0
P198,0.643378215215843,0.890871204889237,0.76712471005254,P,198,K198P,0.504519849331688,0
K199,1.40946612202188,1.41544819628874,1.41245715915531,K,199,N199K,0.928939797905473,1
M199,0.375527540407468,0.0157312164613857,0.195629378434427,M,199,N199M,0.1286608334202,0
I199,0.396365304214206,0.699445937787528,0.547905621000867,I,199,N199I,0.360344618981717,0
R199,1.06138497451781,0.951873465739465,1.00662922012864,R,199,N199R,0.66203632319104,1
S199,0.721034263614379,0.975416113216,0.848225188415189,S,199,N199S,0.557857723328016,0
T199,1.10259788843492,0.577039690691852,0.839818789563384,T,199,N199T,0.55232903284711,0
Y199,0.893878278005985,0.986627417079566,0.940252847542776,Y,199,N199Y,0.618382146683141,0
L199,0.850079186281006,0.515729018510909,0.682904102395957,L,199,N199L,0.449129939804967,0
F199,0.53240782346447,0.487608570391448,0.510008196927959,F,199,N199F,0.335420375983452,0
W199,0.819409755742611,0.529181680584666,0.674295718163638,W,199,N199W,0.443468408297813,0
C199,0.867844553399336,0.484859161561711,0.676351857480524,C,199,N199C,0.444820682686536,0
E199,0.739989392013676,0.401839507265954,0.570914449639815,E,199,N199E,0.375476983519193,0
D199,0.938181283038352,1.07026195685346,1.00422161994591,D,199,N199D,0.660452901270817,1
V199,0.9996866353511,0.954964180699224,0.977325408025162,V,199,N199V,0.642763896330643,0
G199,1.19692933519435,1.00060852246191,1.09876892882813,G,199,N199G,0.722634438909863,1
A199,1.03428607055403,0.984680032093661,1.00948305132385,A,199,N199A,0.663913220735543,1
Q199,0.0065681164801691,0.868957745335743,0.437762930907956,Q,199,N199Q,0.287906366527489,0
H199,0.817645422552038,0.534505851970473,0.676075637261256,H,199,N199H,0.444639019155715,0
P199,0.414579512228275,0.510202919160218,0.462391215694247,P,199,N199P,0.304103809220772,0
N200,0.114430357940624,1.00334991567414,0.55889013680738,N,200,K200N,0.36756887624662,0
M200,0.682046262575034,0.838285647462065,0.76016595501855,M,200,K200M,0.499943240085137,0
I200,1.14980477761495,0.838562565289583,0.994183671452267,I,200,K200I,0.653851179027683,0
R200,1.07835350790992,0.737866498430588,0.908110003170254,R,200,K200R,0.597242555183337,0
S200,0.730358487587423,0.774683875464415,0.752521181525919,S,200,K200S,0.494915452660048,0
T200,0.53771546163013,0.273754524334679,0.405734992982405,T,200,K200T,0.266842346290809,0
Y200,0.40038961024806,0,0.20019480512403,Y,200,K200Y,0.131663406998381,0
L200,0.491593231565931,0.797033112473221,0.644313172019576,L,200,K200L,0.423749594049023,0
F200,0.576955677536038,0.0024572109448541,0.289706444240446,F,200,K200F,0.190533103266349,0
W200,0.365720756500596,0.147781315000991,0.256751035750793,W,200,K200W,0.168859107489672,0
C200,0.249069207552342,0.512916973698963,0.380993090625653,C,200,K200C,0.250570179998118,0
E200,0.567300775829432,0.840994407302149,0.70414759156579,E,200,K200E,0.46310128216273,0
D200,0.771883748132351,0.414547062507667,0.593215405320009,D,200,K200D,0.390143796688271,0
V200,0.418955489312201,0.270417619677997,0.344686554495099,V,200,K200V,0.226692226520269,0
G200,0.392211897492422,0.807701982434191,0.599956939963306,G,200,K200G,0.394577545201297,0
A200,0.705770348413077,0.739210449237195,0.722490398825136,A,200,K200A,0.475164914364294,0
Q200,0.0686786944704933,0.287690883464526,0.17818478896751,Q,200,K200Q,0.117187937899862,0
H200,0.647247548580877,0.444339828600362,0.54579368859062,H,200,K200H,0.358955650789904,0
P200,0.0454609140667275,0.262020748733137,0.153740831399932,P,200,K200P,0.101111722875815,0
K201,0.0249537707200248,0.089946117699071,0.0574499442095479,K,201,W201K,0.0377834748599479,0
N201,0.624483363409049,0.596383525398184,0.610433444403616,N,201,W201N,0.401467695358741,0
M201,1.24810797328066,1.20940201059793,1.2287549919393,M,201,W201M,0.808123210313896,1
I201,0.196775205229636,0.434704633996036,0.315739919612836,I,201,W201I,0.20765470670363,0
R201,0.656937153427362,0.78624010745061,0.721588630438986,R,201,W201R,0.474571842541224,0
S201,0.593817439957109,0.323454805985234,0.458636122971171,S,201,W201S,0.301634173201952,0
T201,0.431830982295701,0.609668006076533,0.520749494186117,T,201,W201T,0.342484674139018,0
Y201,1.07075936999329,0.90145013562493,0.986104752809108,Y,201,W201Y,0.648537864564992,0
L201,0.709292944127662,0.844412788335236,0.776852866231449,L,201,W201L,0.51091782846773,0
F201,0.806753148332306,0.830138771172235,0.81844595975227,F,201,W201F,0.538272626196676,0
C201,0.555708213411766,0.676075473616245,0.615891843514006,C,201,W201C,0.405057555860794,0
E201,0.476024348456333,0.657841258322354,0.566932803389344,E,201,W201E,0.372858348582714,0
D201,0.32054527170477,0.0010408785789593,0.160793075141865,D,201,W201D,0.105749817443107,0
V201,0.774996902782466,0.81825628449479,0.796626593638628,V,201,W201V,0.523922543139889,0
G201,0.423466778915422,0.418225307892322,0.420846043403872,G,201,W201G,0.276780528156128,0
A201,0.366562407038736,0.311667173309081,0.339114790173909,A,201,W201A,0.223027808389812,0
Q201,0.783428693208995,0.0032768675664017,0.393352780387698,Q,201,W201Q,0.258698856776247,0
H201,1.05250061645637,0.56129087990111,0.80689574817874,H,201,W201H,0.530676324152869,0
P201,0.402861992427654,0.428173806380959,0.415517899404306,P,201,W201P,0.273276333371822,0
K202,0.874841503902741,1.27482037408346,1.0748309389931,K,202,Y202K,0.706890986943564,1
N202,0.645950644948398,0.777605098559286,0.711777871753842,N,202,Y202N,0.468119537682841,0
M202,0.750455602833442,0.263158753623026,0.506807178228234,M,202,Y202M,0.33331514139652,0
I202,0.700884844206301,0.961303727867568,0.831094286036934,I,202,Y202I,0.546591132415827,0
R202,0.765594449514401,0.824600827940431,0.795097638727416,R,202,Y202R,0.522916985514993,0
S202,0.893628083898503,0.499565655004933,0.696596869451718,S,202,Y202S,0.45813535011359,0
T202,0.894413655459002,0.979032039790918,0.93672284762496,T,202,Y202T,0.616060548899444,0
L202,0.729928016133256,0.439533607760782,0.584730811947019,L,202,Y202L,0.384563679512945,0
F202,0.618617975990455,1.0841212838387,0.851369629914576,F,202,Y202F,0.559925748423172,0
W202,0.167042511234376,0.360537889429229,0.263790200331803,W,202,Y202W,0.173488600200953,0
C202,0.894263948004002,0.319459313351704,0.606861630677853,C,202,Y202C,0.399118597618637,0
E202,0.275022409212188,0.0207766293052795,0.147899519258734,E,202,Y202E,0.0972700294943374,0
D202,0.667783819478004,0.553294502639959,0.610539161058982,D,202,Y202D,0.401537222712427,0
V202,0.685320933791517,0.700425965723338,0.692873449757427,V,202,Y202V,0.455686544699626,0
G202,0.34233161266889,0.435374600692473,0.388853106680682,G,202,Y202G,0.255739527385658,0
A202,0.349583233873276,0.619146503475433,0.484364868674355,A,202,Y202A,0.318555363114834,0
Q202,0.24092677879515,0.268038372607736,0.254482575701443,Q,202,Y202Q,0.16736719475721,0
H202,0.751715662612725,1.27270762211263,1.01221164236268,H,202,Y202H,0.665707750779692,1
P202,0.205329022579658,0.0040198313929252,0.104674426986292,P,202,Y202P,0.0688419046342385,0
K203,0.147705736497181,0.0012507606530773,0.0744782485751293,K,203,L203K,0.0489825894762779,0
N203,0.0029404124733787,0.0057500819472611,0.0043452472103199,N,203,L203N,0.00285776672180119,0
M203,0.667278618212027,0.550295293317734,0.60878695576488,M,203,L203M,0.400384838570196,0
I203,0.601948557417853,0.051034381162355,0.326491469290104,I,203,L203I,0.21472574763371,0
R203,0.406026105247837,0.311303933772367,0.358665019510102,R,203,L203R,0.235885533646009,0
S203,0.238378448074443,0.179768507103849,0.209073477589146,S,203,L203S,0.137502700708603,0
T203,0.634055315513966,0.744833831422092,0.689444573468029,T,203,L203T,0.453431453543996,0
Y203,0.546544943758704,0.500362436145052,0.523453689951878,Y,203,L203Y,0.34426315998679,0
F203,1.04396351576515,1.24701579717801,1.14548965647158,F,203,L203F,0.753361560800808,1
W203,0.628203375582897,0.0190740999594302,0.323638737771164,W,203,L203W,0.212849573320383,0
C203,0.674329871216059,0.1500724981793,0.41220118469768,C,203,L203C,0.271095008246799,0
E203,0.0016173740281497,0.0937389671412121,0.0476781705846809,E,203,L203E,0.0313568095572704,0
D203,0.54940720851121,0.0263091033923175,0.287858155951764,D,203,L203D,0.189317527602174,0
V203,0.563022282379942,0.885678487626688,0.724350385003315,V,203,L203V,0.476388183454804,0
G203,0.150170717801822,0.0032279246085189,0.0766993212051703,G,203,L203G,0.0504433366194461,0
A203,1.22721388697416,1.17564323422829,1.20142856060123,A,203,L203A,0.790151260198365,1
Q203,0.251086301447757,0.496250804610217,0.373668553028987,Q,203,L203Q,0.24575300417746,0
H203,0.0601805525801501,0.530733945471365,0.295457249025757,H,203,L203H,0.194315272092097,0
P203,0.455885274771355,0.446104632930935,0.450994953851145,P,203,L203P,0.296608756287811,0
K204,0.357606884676349,0.0495138878002907,0.20356038623832,K,204,N204K,0.133876870408494,0
M204,0.701804117009053,0.563566521493023,0.632685319251038,M,204,N204M,0.416102229220387,0
I204,0.237842524511818,0.0141102985168836,0.125976411514351,I,204,N204I,0.0828517180110312,0
R204,0.310722433484924,0.151145050152904,0.230933741818914,R,204,N204R,0.151879681492859,0
S204,0.0023198229061329,0.0935332397310061,0.0479265313185695,S,204,N204S,0.03152015056089,0
T204,0.461644758320458,0.177586447898143,0.319615603109301,T,204,N204T,0.210203652433145,0
Y204,0.891042272493532,0.133288891282765,0.512165581888149,Y,204,N204Y,0.336839237246559,0
L204,0.267226590707239,0.124772500168015,0.195999545437627,L,204,N204L,0.128904283537547,0
F204,0.15187746578946,0.0157637189747357,0.0838205923820979,F,204,N204F,0.0551268289045369,0
W204,0.251339923974472,0.0359041881589274,0.1436220560667,W,204,N204W,0.0944568427244587,0
C204,0.627384602854865,0.297926477067017,0.462655539960941,C,204,N204C,0.304277649063837,0
E204,0.152790227340105,0,0.0763951136700523,E,204,N204E,0.0502432664903366,0
D204,0.521648898814942,0.46818245354965,0.494915676182296,D,204,N204D,0.325494380649375,0
V204,0.433411119667812,0.0430831826599039,0.238247151163858,V,204,N204V,0.156689538524526,0
G204,0.319550758893131,0.416867241807114,0.368209000350123,G,204,N204G,0.242162385000598,0
A204,0.355124763103767,0.104720548796872,0.229922655950319,A,204,N204A,0.151214714136964,0
Q204,0.243264477665149,0.0033684944740715,0.12331648606961,Q,204,N204Q,0.0811023477104417,0
H204,0.37906314466196,0.694638864194174,0.536851004428067,H,204,N204H,0.353074258094311,0
P204,0.454791362264632,0.176162069689005,0.315476715976819,P,204,N204P,0.20748160387296,0
K205,0.120168281623739,0.101930375444574,0.111049328534157,K,205,I205K,0.0730345271978018,0
N205,0.623625375275005,0.221656207479617,0.422640791377311,N,205,I205N,0.277960891616309,0
M205,0.999084639578328,0.82296047145767,0.911022555517999,M,205,I205M,0.599158072246468,0
R205,0.233419536731652,0.170903935636494,0.202161736184073,R,205,I205R,0.132957011218209,0
S205,0.109786382403851,0.321773128861985,0.215779755632918,S,205,I205S,0.141913261786721,0
T205,1.03487189898378,1.2208764859797,1.12787419248174,T,205,I205T,0.741776285132328,1
Y205,0.998481003553344,1.12435058768009,1.06141579561672,Y,205,I205Y,0.698068163188415,1
L205,1.16394720356829,1.03584527064361,1.09989623710595,L,205,I205L,0.723375843006255,1
F205,1.15745714767303,0.914236600795183,1.03584687423411,F,205,I205F,0.681252085965919,1
W205,0.655669366889927,0.0569639456997849,0.356316656294856,W,205,I205W,0.234341070483754,0
C205,0.977042673431655,0.836189645280283,0.906616159355969,C,205,I205C,0.596260089299717,0
E205,0.154457203012456,0.2514360016262,0.202946602319328,E,205,I205E,0.133473199184931,0
D205,0.388482307783064,0.298169838446265,0.343326073114665,D,205,I205D,0.225797469967546,0
V205,0.957752938473513,1.0037548057163,0.980753872094904,V,205,I205V,0.645018716379116,0
G205,0.330047853128498,0.320347063421199,0.325197458274849,G,205,I205G,0.213874707074209,0
A205,0.858085454731248,1.01353980344071,0.935812629085978,A,205,I205A,0.615461919609932,0
Q205,0.407824973165829,0.723542823003573,0.565683898084701,Q,205,I205Q,0.37203697298645,0
H205,0.336411339839909,0.0036769349319383,0.170044137385924,H,205,I205H,0.111834023137917,0
P205,0.240813057882558,0.0129420387446861,0.126877548313622,P,205,I205P,0.0834443744542897,0
K206,0.435496910681214,0,0.217748455340607,K,206,S206K,0.143208029204439,0
N206,1.04497978243574,0.608427341381059,0.826703561908397,N,206,S206N,0.543703456596292,0
M206,0.69172968579008,0,0.34586484289504,M,206,S206M,0.227467159041954,0
I206,0.309341444891658,0.477611415429764,0.393476430160711,I,206,S206I,0.258780178318928,0
R206,0.533065135728781,0.438271516500023,0.485668326114402,R,206,S206R,0.319412616365375,0
T206,1.03450768503915,0.774807705913358,0.904657695476252,T,206,S206T,0.594972053744913,0
Y206,0.712082478002209,0.736094668377027,0.724088573189618,Y,206,S206Y,0.476215995992885,0
L206,0.209553650404564,0.206588453932701,0.208071052168632,L,206,S206L,0.136843429125382,0
F206,0.0064889825466731,0.289700127091916,0.148094554819294,F,206,S206F,0.0973982997877312,0
W206,0.0439146607024616,0.0081551971322979,0.0260349289173798,W,206,S206W,0.0171225593995767,0
C206,1.20473083859944,1.31212902686051,1.25842993272998,C,206,S206C,0.827639719768552,1
D206,0.403939163530401,0.628828274330581,0.516383718930491,D,206,S206D,0.339613406605433,0
V206,0.907220554656438,0.885896816530056,0.896558685593247,V,206,S206V,0.5896455257471,0
G206,0.265040784491877,0.359978838482774,0.312509811487326,G,206,S206G,0.205530340686668,0
A206,1.10265922923911,0.988264855261147,1.04546204225013,A,206,S206A,0.687575755449084,1
Q206,0.073816293843119,0.0314161646390615,0.0526162292410902,Q,206,S206Q,0.0346044544012906,0
H206,0.912152128020399,0.988220035993335,0.950186082006867,H,206,S206H,0.624915000975967,0
P206,1.32999845677845,1.20622962125695,1.2681140390177,P,206,S206P,0.834008728328918,1
K207,0.393965357023478,0.008548616228316,0.201256986625897,K,207,Y207K,0.132361978748531,0
N207,0.191159942177767,0.531335102243104,0.361247522210436,N,207,Y207N,0.237583984831583,0
M207,0.717815352163841,0.957192526796721,0.837503939480281,M,207,Y207M,0.550806610482339,0
I207,0.649267352757122,0.715175756578203,0.682221554667662,I,207,Y207I,0.448681044244012,0
R207,1.1110607249778,0.946247082679335,1.02865390382857,R,207,Y207R,0.676521438787311,1
S207,0.645006166840922,0.680634030496223,0.662820098668572,S,207,Y207S,0.435921163706719,0
T207,0.983891978639311,1.02147415312148,1.0026830658804,T,207,Y207T,0.659441030508283,1
L207,0.885002749691905,0.731113898795072,0.808058324243489,L,207,Y207L,0.531440923041861,0
F207,0.576286539970039,0.884409578643242,0.730348059306641,F,207,Y207F,0.480332712546622,0
W207,0.416744151423296,0.9496364948434,0.683190323133348,W,207,Y207W,0.449318180440957,0
C207,0.318724600265084,0.74374075254494,0.531232676405012,C,207,Y207C,0.349379216114118,0
E207,0.0149607097603852,0,0.0074803548801926,E,207,Y207E,0.00491965317717878,0
D207,0.111006182344232,0.82660529066754,0.468805736505886,D,207,Y207D,0.308322488440741,0
V207,0.475893053330349,0.443925407583987,0.459909230457168,V,207,Y207V,0.30247146600272,0
G207,0.107540089551232,0.0273781276462533,0.0674591085987429,G,207,Y207G,0.0443662664757035,0
A207,0.0339335000057849,0.247785036856149,0.140859268430967,A,207,Y207A,0.0926398223841545,0
Q207,0.602929842909684,0.800901434760604,0.701915638835144,Q,207,Y207Q,0.461633379433715,0
H207,1.17902078563858,1.22094173482963,1.1999812602341,H,207,Y207H,0.789199404843435,1
P207,0.470057767501249,0.110042884381328,0.290050325941288,P,207,Y207P,0.190759266159583,0
K208,0.791240100645363,0.987956676646598,0.88959838864598,K,208,D208K,0.585067902420511,0
N208,1.4216560171005,1.43921946596539,1.43043774153295,N,208,D208N,0.940765203335891,1
M208,1.19688883377085,1.1924001195202,1.19464447664553,M,208,D208M,0.785689528004979,1
I208,0.937229632236268,1.2030994414755,1.07016453685588,I,208,D208I,0.703822004192338,1
R208,1.48155636992803,1.39485676903744,1.43820656948273,R,208,D208R,0.945874578454884,1
S208,1.27026863570155,1.24582893920805,1.2580487874548,S,208,D208S,0.827389049500358,1
T208,1.21203361641439,1.08890008338575,1.15046684990007,T,208,D208T,0.756634943662461,1
Y208,1.44839956188679,1.42369727764887,1.43604841976783,Y,208,D208Y,0.944455214230621,1
L208,0.851809890352603,0.744489084803937,0.79814948757827,L,208,D208L,0.524924114606572,0
F208,1.22483486571737,1.2605763606576,1.24270561318748,F,208,D208F,0.81729820525016,1
W208,1.41853663698918,1.42504757339139,1.42179210519029,W,208,D208W,0.935079171993377,1
C208,1.20090852116912,1.09774629337261,1.14932740727087,C,208,D208C,0.755885559089036,1
E208,0.765028376983839,0.611799524439757,0.688413950711798,E,208,D208E,0.452753637237368,0
V208,1.15293822268677,1.14902989341721,1.15098405805199,V,208,D208V,0.756975099279221,1
G208,1.41430324142262,1.34356044582825,1.37893184362544,G,208,D208G,0.90689098769472,1
A208,1.26245515802925,1.33455355371547,1.29850435587236,A,208,D208A,0.853995723767515,1
H208,1.0396289463517,0.918661038096904,0.979144992224303,H,208,D208H,0.643960593991359,0
P208,0.795093515554942,1.1022700637771,0.948681789666019,P,208,D208P,0.623925663342581,0
K209,1.09649078943684,1.09726059305401,1.09687569124543,K,209,F209K,0.72138930115396,1
N209,1.00488457316826,0.68822466792393,0.846554620546093,N,209,F209N,0.556759030196938,0
M209,1.03038972968854,0.342780926807151,0.686585328247844,M,209,F209M,0.451550995322815,0
I209,1.29010027422113,0.0069046515690245,0.648502462895076,I,209,F209I,0.426504791963544,0
R209,0.773474067878634,1.12053220060175,0.947003134240191,R,209,F209R,0.622821651215973,0
S209,0.30412861440225,0.607375920191234,0.455752267296742,S,209,F209S,0.299737529264804,0
T209,0.39506787882622,0.0816798441085088,0.238373861467364,T,209,F209T,0.156772872906011,0
Y209,0.0083717961353451,0.142731360240634,0.0755515781879896,Y,209,F209Y,0.0496884930763932,0
L209,1.29019935713014,1.2522712115962,1.27123528436317,L,209,F209L,0.836061497860114,1
W209,0.518145872004841,0.407121318889671,0.462633595447256,W,209,F209W,0.304263216674171,0
C209,0.92157972123973,1.01256474958646,0.967072235413093,C,209,F209C,0.636020626255223,0
E209,0.456287178920221,0,0.22814358946011,E,209,F209E,0.150044664018868,0
D209,0.487895146538681,0.496386215811677,0.492140681175179,D,209,F209D,0.323669331808501,0
V209,0.985358016600551,1.04614013537297,1.01574907598676,V,209,F209V,0.668034237536871,1
G209,0.33706901936588,0.381215787046811,0.359142403206345,G,209,F209G,0.236199497656484,0
A209,0.745481220499196,0.721388640586402,0.733434930542799,A,209,F209A,0.482362875035934,0
Q209,0.842911158589063,0.0191539079090512,0.431032533249057,Q,209,F209Q,0.283479942546729,0
H209,1.07577036009137,1.04801414085518,1.06189225047327,H,209,F209H,0.698381516322905,1
P209,0.398223043291763,0.449635395795384,0.423929219543574,P,209,F209P,0.278808260467552,0
K210,0.654401692496369,0.952896773396957,0.803649232946663,K,210,E210K,0.528541167568449,0
N210,0.868221524288309,1.00983269138082,0.939027107834565,N,210,E210N,0.6175760065539,0
M210,0.673980806780425,0.691670641151796,0.68282572396611,M,210,E210M,0.449078392158151,0
I210,1.2029721074482,1.23019195151187,1.21658202948004,I,210,E210I,0.800117339683754,1
R210,1.08864720927958,1.01365216927258,1.05114968927608,R,210,E210R,0.691316386904415,1
S210,0.952628348907837,0.609886777115495,0.781257563011666,S,210,E210S,0.513814693771097,0
T210,1.01822967751285,1.18079266691684,1.09951117221484,T,210,E210T,0.723122594899004,1
Y210,0.734321504072242,0.0042683300608515,0.369294917066547,Y,210,E210Y,0.242876566842192,0
L210,0.938592657800711,0.883149384998001,0.910871021399356,L,210,E210L,0.599058411826585,0
F210,0.485152568665135,0.892197446720334,0.688675007692735,F,210,E210F,0.452925328263564,0
W210,0.844332807612309,0.281734838248147,0.563033822930228,W,210,E210W,0.37029408098971,0
C210,0.0383045758520208,0.545806306363629,0.292055441107825,C,210,E210C,0.192077983166685,0
D210,0.402794859950995,1.06369433350399,0.733244596727492,D,210,E210D,0.482237696969626,0
V210,0.872647882592401,1.08699657205177,0.979822227322084,V,210,E210V,0.644405995560383,0
G210,0.574899605609474,0.509360580426844,0.542130093018159,G,210,E210G,0.356546190291488,0
A210,0.8753131680703,0.913860537194747,0.894586852632523,A,210,E210A,0.588348697662676,0
Q210,1.06349391304229,1.16423468916637,1.11386430110433,Q,210,E210Q,0.732562309628397,1
H210,0.563468043315135,1.0144181233591,0.788943083337116,H,210,E210H,0.518869279428188,0
P210,1.07132180269105,0.761244836596276,0.91628331964366,P,210,E210P,0.60261795287509,0
K211,1.0858181184808,1.17450215507764,1.13016013677922,K,211,P211K,0.743279696842878,1
M211,0.476223013846368,0.629222395990552,0.55272270491846,M,211,P211M,0.363512701590026,0
I211,0.825463386676723,0.558971518811091,0.692217452743907,I,211,P211I,0.455255110918278,0
R211,0.762054614647874,0.857170875678053,0.809612745162964,R,211,P211R,0.532463229060445,0
S211,0.61439818030626,0.734316308016684,0.674357244161472,S,211,P211S,0.443508872497115,0
T211,0.803911657697165,0.725210889136448,0.764561273416807,T,211,P211T,0.502833937447631,0
Y211,1.15687210362369,0.30173717449946,0.729304639061575,Y,211,P211Y,0.479646479633079,0
L211,0.542252962715908,0.657706604661691,0.5999797836888,L,211,P211L,0.394592568981386,0
F211,0.0436690987600434,0.586179657289805,0.314924378024924,F,211,P211F,0.207118344214369,0
W211,0.656873032283082,0.667207383196262,0.662040207739672,W,211,P211W,0.435408247816007,0
C211,0,0.771239095973489,0.385619547986745,C,211,P211C,0.253612892011133,0
E211,0.103895660686312,0.490750712524033,0.297323186605172,E,211,P211E,0.195542455278992,0
D211,0.0507809234152504,0.0341625670915167,0.0424717452533836,D,211,P211D,0.0279326662735494,0
V211,0.534738511721198,0.248871589946851,0.391805050834024,V,211,P211V,0.25768095151131,0
G211,1.1942549182638,0.763979253198734,0.979117085731264,G,211,P211G,0.643942240548328,0
A211,0.0216880087801558,0.620353905222589,0.321020957001372,A,211,P211A,0.211127920579633,0
Q211,0.653302329464331,0.965777213135705,0.809539771300018,Q,211,P211Q,0.532415235869956,0
H211,1.09336916444319,1.21591431548208,1.15464173996263,H,211,P211H,0.759380670501575,1
K212,1.10463180495096,0.806585203880098,0.955608504415529,K,212,Q212K,0.628481200448858,0
N212,0.59603108655486,0.594431600214151,0.595231343384505,N,212,Q212N,0.391469631660387,0
M212,1.082601709152,0.604835042897204,0.843718376024601,M,212,Q212M,0.55489369899342,0
I212,1.10801639587707,0.879843976353768,0.993930186115419,I,212,Q212I,0.653684467693426,0
R212,0.897475657807543,1.05309927300832,0.975287465407932,R,212,Q212R,0.641423589482594,0
S212,0.776505390372975,1.08552707271122,0.931016231542098,S,212,Q212S,0.612307441942269,0
T212,0.999954366963351,0.919962289375507,0.959958328169429,T,212,Q212T,0.631341977055555,0
Y212,1.00279300146453,1.22057371188547,1.111683356675,Y,212,Q212Y,0.731127953857467,1
L212,0.993819350149117,0.998414888729101,0.996117119439109,L,212,Q212L,0.655122762219085,0
F212,0.716204543655367,0.433047394539887,0.574625969097627,F,212,Q212F,0.377917962427979,0
W212,0.245497041852312,0.278658527901925,0.262077784877118,W,212,Q212W,0.172362384898709,0
C212,1.08762586945102,1.19241703555412,1.14002145250257,C,212,Q212C,0.749765251874231,1
E212,1.01573616229304,1.05254275660342,1.03413945944823,E,212,Q212E,0.680129159485738,1
D212,0.913261123992379,1.05193037411418,0.982595749053279,D,212,Q212D,0.646230075462391,0
V212,1.06741359251044,0.951881744353929,1.00964766843218,V,212,Q212V,0.664021485529525,1
G212,0.902180917583242,1.04418870836711,0.973184812975174,G,212,Q212G,0.640040724513351,0
A212,0.837308416521598,0.543964788932773,0.690636602727186,A,212,Q212A,0.45421542310507,0
H212,1.01739966859183,0.965772348874872,0.99158600873335,H,212,Q212H,0.652142757455038,0
P212,0.985640189519447,0.522550685132253,0.75409543732585,P,212,Q212P,0.495950803612224,0
K213,1.20084770032157,1.12328102359567,1.16206436195862,K,213,T213K,0.764262354120926,1
N213,0.79250594355704,0.974617952335585,0.883561947946312,N,213,T213N,0.581097877583106,0
M213,1.25349125183066,1.25632485901167,1.25490805542116,M,213,T213M,0.825323464033433,1
I213,1.11328917320418,0.857640218928287,0.985464696066233,I,213,T213I,0.648116914324115,0
R213,1.17499323262624,0.975160766440521,1.07507699953338,R,213,T213R,0.707052815164037,1
S213,1.09143546166151,0.873057697923391,0.982246579792448,S,213,T213S,0.64600043506552,0
Y213,0.86251400520656,1.14890242984411,1.00570821752534,Y,213,T213Y,0.661430601476484,1
L213,1.01750094550735,0.973891369064785,0.995696157286066,L,213,T213L,0.654845905328354,0
F213,0.830063554275111,1.03964226446745,0.93485290937128,F,213,T213F,0.614830734563335,0
W213,0.920842064048262,0.551825233318934,0.736333648683598,W,213,T213W,0.484269293667072,0
C213,1.18744573709659,1.19448465828937,1.19096519769298,C,213,T213C,0.783269752916959,1
E213,0.977588332439057,0.917315644052804,0.947451988245931,E,213,T213E,0.623116851921126,0
D213,0.578348859333053,0.697108800126414,0.637728829729734,D,213,T213D,0.419419227243616,0
V213,1.0916957087105,0.907909746836369,0.999802727773432,V,213,T213V,0.657546699992385,0
G213,1.00622336897869,0.853406147484251,0.929814758231471,G,213,T213G,0.611517261251033,0
A213,1.05132222957061,0.759631134315633,0.90547668194312,A,213,T213A,0.595510681849907,0
Q213,1.09756372949939,1.13886969309346,1.11821671129643,Q,213,T213Q,0.735424787274564,1
H213,1.28378022058287,1.06987541423689,1.17682781740988,H,213,T213H,0.77397193096323,1
P213,0.714037127826541,0.910609378527619,0.81232325317708,P,213,T213P,0.534245866325252,0
K214,1.0563812103948,1.03529605338108,1.04583863188794,K,214,R214K,0.687823429581905,1
N214,0.78318074701351,1.12270918089015,0.952944963951831,N,214,R214N,0.626729452635466,0
M214,0.498894229862381,0.845148811889314,0.672021520875848,M,214,R214M,0.441972722318792,0
I214,0.307579714555782,0.119350419444181,0.213465066999981,I,214,R214I,0.14039094560392,0
S214,0.748685383416571,0.811828294063797,0.780256838740184,S,214,R214S,0.513156540993518,0
T214,0.760440049183829,0.513751181011034,0.637095615097431,T,214,R214T,0.419002776897671,0
Y214,0.840098818227594,0.999650203661016,0.919874510944305,Y,214,R214Y,0.604979794789684,0
L214,0.781822410390339,0.689659338061617,0.735740874225978,L,214,R214L,0.483879439871298,0
F214,0.488563419923907,0.213618801113379,0.351091110518643,F,214,R214F,0.230904352133865,0
W214,0.546863011833804,0.493212889464922,0.520037950649363,W,214,R214W,0.342016708717944,0
C214,0.51746506908696,0.699326264130367,0.608395666608663,C,214,R214C,0.40012749691042,0
E214,0.435058048852198,0.408903462426467,0.421980755639332,E,214,R214E,0.277526801661032,0
D214,0.444604174458284,0.277887736940579,0.361245955699431,D,214,R214D,0.2375829545742,0
V214,0.905333597252099,0.899867770086386,0.902600683669242,V,214,R214V,0.593619205539991,0
G214,0.972811821670107,1.04371278957485,1.00826230562248,G,214,R214G,0.663110365046948,1
A214,0.913568288459034,0.921984637470137,0.917776462964585,A,214,R214A,0.603599958060729,0
Q214,0.731161956775771,0.279550677730799,0.505356317253285,Q,214,R214Q,0.332360944313711,0
H214,0.93062681885407,0.823616527193341,0.877121673023705,H,214,R214H,0.576862260491087,0
P214,0.728418094114877,0.839522907577852,0.783970500846365,P,214,R214P,0.515598929071659,0
K215,0.947990763654189,0.64167148302642,0.794831123340305,K,215,V215K,0.522741704623649,0
N215,1.25930349411519,1.202574342285,1.23093891820009,N,215,V215N,0.809559527165129,1
M215,1.141665135385,1.11390527693251,1.12778520615876,M,215,V215M,0.741717760924107,1
I215,1.19614692065865,1.18299057388164,1.18956874727015,I,215,V215I,0.782351340372436,1
R215,1.01399900879318,1.08215471729943,1.0480768630463,R,215,V215R,0.689295461484916,1
S215,1.02434293096676,0.930610194714408,0.977476562840583,S,215,V215S,0.642863307291733,0
T215,1.00444806036272,1.09795682528507,1.05120244282389,T,215,V215T,0.691351081670004,1
Y215,0.640612338719726,0.97673435890776,0.808673348813743,Y,215,V215Y,0.53184541021253,0
L215,1.03271886747488,1.025994117248,1.02935649236144,L,215,V215L,0.676983514713299,1
F215,0.543055613603834,0.505967115417358,0.524511364510596,F,215,V215F,0.344958767626609,0
W215,0.774122058979552,1.17168197101083,0.97290201499519,W,215,V215W,0.639854734944272,0
C215,1.15075127213376,0.914774436411387,1.03276285427258,C,215,V215C,0.679223798692757,1
E215,1.13603287611352,0.852063045472581,0.994047960793051,E,215,V215E,0.653761925324284,0
D215,0.0109312226427746,0.567679657085986,0.28930543986438,D,215,V215D,0.190269372135357,0
G215,0.99584560145864,1.06636553280149,1.03110556713006,G,215,V215G,0.678133839982672,1
A215,0.936129871669981,0.994398995362506,0.965264433516243,A,215,V215A,0.634831677537148,0
Q215,1.01431699596593,1.01297872409202,1.01364786002898,Q,215,V215Q,0.66665231730338,1
H215,1.13609804930022,0.921770056435753,1.02893405286798,H,215,V215H,0.676705686210581,1
P215,0.859750035343491,0.757869644176978,0.808809839760234,P,215,V215P,0.531935177092486,0
K216,1.1308164024132,0.984532694048213,1.05767454823071,K,216,L216K,0.695607632921604,1
N216,1.13585603166879,1.0869530984566,1.1114045650627,N,216,L216N,0.730944599182029,1
M216,0.977977713983421,0.523073079099195,0.750525396541308,M,216,L216M,0.493602871893792,0
I216,1.16160641592046,0.92825469124164,1.04493055358105,I,216,L216I,0.687226207872618,1
R216,0.946117872866633,0.978591109001343,0.962354490933988,R,216,L216R,0.632917876855297,0
S216,0.947797236862689,1.0063166825412,0.977056959701946,S,216,L216S,0.642587344192761,0
T216,0.940439735013344,1.12051406845937,1.03047690173636,T,216,L216T,0.677720381563782,1
Y216,0.898121911969483,1.26251670226683,1.08031930711816,Y,216,L216Y,0.710500557360534,1
F216,0.929242588121584,0.779982886934091,0.854612737527837,F,216,L216F,0.562058663896976,0
W216,1.11995682393984,1.07406093913526,1.09700888153755,W,216,L216W,0.721476897271295,1
C216,1.08143742670318,1.13346449314039,1.10745095992179,C,216,L216C,0.728344406222696,1
E216,0.51780991443003,0.467453344895907,0.492631629662969,E,216,L216E,0.323992217062807,0
D216,0.567108390988774,1.0119956746847,0.789552032836736,D,216,L216D,0.519269771168023,0
V216,0.731662730940085,0.787824889089028,0.759743810014556,V,216,L216V,0.499665605261202,0
G216,0.903679226224095,1.00133764498072,0.952508435602406,G,216,L216G,0.626442358224095,0
A216,1.01489969601299,0.814146218610339,0.914522957311663,A,216,L216A,0.601460204041204,0
Q216,0.794122191768525,0.966747787340196,0.880434989554361,Q,216,L216Q,0.579041350715831,0
H216,1.09683442303973,1.20102890683748,1.1489316649386,H,216,L216H,0.755625288680282,1
P216,0.986500980678591,1.10438573858705,1.04544335963282,P,216,L216P,0.687563468331818,1
K217,0.464923601384024,0.988016001300479,0.726469801342252,K,217,D217K,0.477782073650205,0
N217,1.19903568227607,1.03657881742366,1.11780724984986,N,217,D217N,0.735155494127539,1
M217,0.494377916121609,0.353703705647054,0.424040810884332,M,217,D217M,0.278881651463421,0
I217,0.790922596374869,1.05172939410623,0.921325995240548,I,217,D217I,0.605934401816223,0
R217,0.871167008501164,0.406326347819109,0.638746678160137,R,217,D217R,0.420088642177094,0
S217,0.817296101668804,1.00408475540467,0.910690428536736,S,217,D217S,0.598939640155375,0
T217,0.729149398701961,1.04480572631252,0.886977562507241,T,217,D217T,0.58334424681235,0
Y217,0.952603320179917,0.710295092257624,0.83144920621877,Y,217,D217Y,0.546824555057959,0
L217,0.998470740525756,0.892536592972666,0.945503666749211,L,217,D217L,0.621835486772678,0
F217,1.09227653134394,0.702525516158196,0.897401023751068,F,217,D217F,0.590199511709097,0
W217,0.874368942019223,0.74180327297123,0.808086107495227,W,217,D217W,0.531459195431991,0
C217,1.01251331278912,0.71266596884706,0.862589640818092,C,217,D217C,0.567304885265412,0
E217,0.963302795371308,0.762909439883902,0.863106117627605,E,217,D217E,0.567644559895501,0
V217,0.892668038144491,0.924812036511404,0.908740037327947,V,217,D217V,0.597656913806059,0
G217,1.10971454410386,1.10882620260436,1.10927037335411,G,217,D217G,0.729540991574096,1
A217,0.938420866014454,0.896120282938806,0.91727057447663,A,217,D217A,0.603267247120282,0
Q217,1.07070148343649,1.06550377679883,1.06810263011766,Q,217,D217Q,0.702465936706477,1
H217,1.05854100841696,0.350144506704265,0.704342757560611,H,217,D217H,0.463229638239664,0
P217,0.563678442528505,0.824603862193896,0.694141152361201,P,217,D217P,0.456520282836688,0
K218,0.984658905339504,0.842454932874803,0.913556919107153,K,218,L218K,0.600824863472713,0
N218,1.03944685932646,1.09843846267859,1.06894266100252,N,218,L218N,0.703018405229404,1
M218,0.945639469479689,0.982272470406886,0.963955969943288,M,218,L218M,0.633971131870932,0
I218,0.747060301667483,0.753086549038741,0.750073425353112,I,218,L218I,0.493305621091174,0
R218,0.946506622106416,0.709175929822344,0.82784127596438,R,218,L218R,0.544451704327835,0
S218,0.965582637166133,0.792808607182264,0.879195622174198,S,218,L218S,0.578226247987796,0
T218,0.830148956552615,0.902436182373293,0.866292569462954,T,218,L218T,0.56974021419891,0
Y218,0.979039253993604,0.940750283932928,0.959894768963266,Y,218,L218Y,0.631300175663034,0
F218,0.852746124045018,0.916786072214382,0.8847660981297,F,218,L218F,0.581889818790493,0
W218,1.16059657533797,1.06013330123613,1.11036493828705,W,218,L218W,0.730260861143951,1
C218,0.740501059089913,0.951609034720871,0.846055046905392,C,218,L218C,0.55643047238276,0
E218,1.08141937089763,1.21218871257666,1.14680404173715,E,218,L218E,0.75422600102475,1
D218,0.79124883005931,0.543376449176255,0.667312639617782,D,218,L218D,0.438875802050537,0
V218,1.02099785267371,1.09830329706193,1.05965057486782,V,218,L218V,0.69690721908819,1
G218,1.0962774555163,1.03771694964617,1.06699720258123,G,218,L218G,0.701738923058215,1
A218,0.750608315305404,0.829515738953826,0.790062027129615,A,218,L218A,0.519605182399641,0
Q218,0.718602193825061,0.874556877883681,0.796579535854371,Q,218,L218Q,0.523891594343804,0
H218,1.04537104003294,0.962299391123949,1.00383521557844,H,218,L218H,0.660198772221521,1
P218,0.842401110766751,0.857267952979172,0.849834531872962,P,218,L218P,0.558916150606134,0
K219,1.19093478119422,1.1996272265638,1.19528100387901,K,219,N219K,0.786108156970677,1
M219,1.08586225851993,1.06152321249079,1.07369273550536,M,219,N219M,0.706142417324286,1
I219,0.984293303952461,1.01898345586587,1.00163837990916,I,219,N219I,0.658753965156454,1
R219,0.802071721628074,0.945797692069264,0.873934706848669,R,219,N219R,0.574766267918583,0
S219,1.00110523621786,0.864680941256338,0.932893088737096,S,219,N219S,0.613541806703081,0
T219,1.01703848252916,1.0820584728745,1.04954847770183,T,219,N219T,0.690263307774512,1
Y219,0.702861393796345,0.51680836991102,0.609834881853682,Y,219,N219Y,0.401074034871012,0
L219,1.08136942403065,1.0548702913999,1.06811985771528,L,219,N219L,0.702477266891571,1
F219,1.22845078268084,1.07738499375737,1.1529178882191,F,219,N219F,0.758246933821582,1
W219,0.935066298211273,0.718331957085308,0.826699127648291,W,219,N219W,0.543700540287886,0
C219,0.889371988692583,0.817546572596293,0.853459280644438,C,219,N219C,0.561300062478723,0
E219,1.02414422510106,1.10890563756925,1.06652493133515,E,219,N219E,0.70142832138577,1
D219,1.09553796758912,0.945097708564834,1.02031783807698,D,219,N219D,0.67103900472946,1
V219,1.08182947516501,1.10822357080212,1.09502652298356,V,219,N219V,0.72017314675215,1
G219,0.826102781906438,0.765447064377746,0.795774923142092,G,219,N219G,0.523362419518577,0
A219,1.06720593202762,1.11691182588599,1.0920588789568,A,219,N219A,0.71822139718962,1
Q219,1.04357202640231,1.10504818149032,1.07431010394632,Q,219,N219Q,0.7065484460035,1
H219,0.862901405213703,1.1799833614937,1.0214423833537,H,219,N219H,0.671778591665121,1
P219,0.869721831086405,0.817053831850694,0.843387831468549,P,219,N219P,0.554676307626108,0
N220,1.01802443043344,1.0326781741841,1.02535130230877,N,220,K220N,0.674349395572775,1
M220,0.990195829704011,1.05519068475017,1.02269325722709,M,220,K220M,0.672601261942672,1
I220,1.00022885148406,1.06171065682475,1.03096975415441,I,220,K220I,0.678044518988166,1
R220,1.24056872159148,1.01644113840527,1.12850492999837,R,220,K220R,0.742191106337652,1
S220,0.869400815244627,0.903777686219462,0.886589250732045,S,220,K220S,0.583088863305929,0
T220,0.78899327033609,0.772375841306083,0.780684555821086,T,220,K220T,0.513437840441164,0
Y220,0.850899529893522,0.45785627891452,0.654377904404021,Y,220,K220Y,0.430368931426145,0
L220,0.953808051953604,0.965567388011256,0.95968771998243,L,220,K220L,0.631164004426145,0
F220,0.892065425985224,0.914043386761623,0.903054406373423,F,220,K220F,0.593917608273409,0
W220,0.548311522157966,0.598079375881019,0.573195449019492,W,220,K220W,0.3769771430738,0
C220,0.837310096340831,0.998426570884896,0.917868333612864,C,220,K220C,0.603660379221748,0
E220,0.485497278026007,0.768849004627086,0.627173141326547,E,220,K220E,0.41247699965926,0
D220,0.892853856829023,0.708735721299797,0.80079478906441,D,220,K220D,0.526663867074111,0
V220,0.999136037901,1.07417082581118,1.03665343185609,V,220,K220V,0.681782539912436,1
G220,0.847770978598975,0.953904147418467,0.900837563008721,G,220,K220G,0.592459642618418,0
A220,0.835953784614871,0.75182263454597,0.793888209580421,A,220,K220A,0.522121572457607,0
Q220,1.10215497948227,1.04414577126805,1.07315037537516,Q,220,K220Q,0.705785719843959,1
H220,0.94628297835509,0.786702330752743,0.866492654553917,H,220,K220H,0.569871805449489,0
P220,0.401670267152205,0.599626748007758,0.500648507579981,P,220,K220P,0.32926472880151,0
K221,1.08281437724023,0.938088292982656,1.01045133511144,K,221,I221K,0.664550038171123,1
N221,1.01256643513701,0.931122303319777,0.971844369228393,N,221,I221N,0.639159146240221,0
M221,1.06175356677114,0.905377616743827,0.983565591757481,M,221,I221M,0.6468679181607,0
R221,1.015729159875,1.0165214936224,1.0161253267487,R,221,I221R,0.668281688799016,1
S221,1.06095924380929,1.12346163433735,1.09221043907332,S,221,I221S,0.718321074707694,1
T221,0.998800683203466,1.00471043561869,1.00175555941108,T,221,I221T,0.658831031354269,1
Y221,0.832555185412187,0.805721363959171,0.819138274685679,Y,221,I221Y,0.538727945418331,0
L221,1.13409747548848,1.14589077686054,1.13999412617451,L,221,I221L,0.749747279992039,1
F221,1.08477863976824,1.15454328781215,1.11966096379019,F,221,I221F,0.736374638114982,1
W221,1.08634484557732,1.0256209662371,1.05598290590721,W,221,I221W,0.694495079618352,1
C221,0.853958981403739,0.922974094114957,0.888466537759348,C,221,I221C,0.584323510757322,0
E221,0.060873654749676,0.289522794650772,0.175198224700224,E,221,I221E,0.115223744940875,0
D221,0.658378430422109,0.298924780848527,0.478651605635318,D,221,I221D,0.314797884611176,0
V221,1.02593393568224,1.04113273692252,1.03353333630238,V,221,I221V,0.679730526572193,1
G221,1.00337772184736,0.937867353410744,0.970622537629051,G,221,I221G,0.638355576382112,0
A221,1.00553034614844,0.768953211263308,0.887241778705872,A,221,I221A,0.583518015581596,0
Q221,0.810622600449257,0.854464415204816,0.832543507827037,Q,221,I221Q,0.54754425144538,0
H221,1.14447340846075,1.11327909616963,1.12887625231519,H,221,I221H,0.742435316277549,1
P221,0.9455059585072,0.887846655886299,0.91667630719675,P,221,I221P,0.602876411530477,0
K222,0.413570114743709,0.497523867396429,0.455546991070069,K,222,M222K,0.299602523926565,0
N222,0.230238456481799,0.412790901435683,0.321514678958741,N,222,M222N,0.211452629879541,0
I222,0.643072947031352,0.768981594222648,0.706027270627,I,222,M222I,0.46433750279847,0
R222,0.233586445850998,0.18025058135795,0.206918513604474,R,222,M222R,0.136085431664059,0
S222,0.812996231426522,0.79718492480905,0.805090578117786,S,222,M222S,0.529489106331261,0
T222,0.608761505230877,0.708889046355587,0.658825275793232,T,222,M222T,0.433293862814488,0
Y222,0.612691839081995,0.377687608844995,0.495189723963495,Y,222,M222Y,0.325674615418856,0
L222,1.00888639801,0.581666772688765,0.79527658534938,L,222,M222L,0.523034674492507,0
F222,0.124389145142666,0.133058956892815,0.12872405101774,F,222,M222F,0.0846587757815633,0
W222,0.486126732193301,0.0109328252285048,0.248529778710903,W,222,M222W,0.16345218041676,0
C222,1.28210680048053,1.22186661765796,1.25198670906925,C,222,M222C,0.823402163360939,1
E222,0.884763223231042,0.557209659146127,0.720986441188585,E,222,M222E,0.474175796858039,0
D222,0.235677160178219,0.0105978968342069,0.123137528506213,D,222,M222D,0.0809846515370051,0
V222,1.07879428680485,1.03152862519614,1.05516145600049,V,222,M222V,0.693954831367004,1
G222,1.11951177921007,1.14862880179949,1.13407029050478,G,222,M222G,0.745851312829994,1
A222,1.19598910371636,1.25361105466759,1.22480007919198,A,222,M222A,0.805522157372633,1
Q222,0.890508917396529,0.796030160644701,0.843269539020615,Q,222,M222Q,0.55459850946992,0
H222,0.0074855111575521,0.169545916384262,0.0885157137709071,H,222,M222H,0.0582146996309457,0
P222,0.436776885563917,0.561364242417687,0.499070563990802,P,222,M222P,0.328226952477225,0
K223,0.584165470762652,0.129236645090834,0.356701057926743,K,223,G223K,0.234593882381039,0
N223,0.144495176603505,0.0022506376700169,0.0733729071367609,N,223,G223N,0.0482556324526832,0
M223,0.405070119056314,0.410731596512268,0.407900857784291,M,223,G223M,0.268266784546025,0
I223,0.07647408820196,0.252568516405538,0.164521302303749,I,223,G223I,0.108201784615249,0
R223,0.496302679681885,0.192439699549782,0.344371189615833,R,223,G223R,0.226484818468766,0
S223,0.359910786666198,0.0071313780652526,0.183521082365725,S,223,G223S,0.120697492351671,0
T223,0.229208138601447,0.120218220551988,0.174713179576718,T,223,G223T,0.114904742190183,0
Y223,0.328241170164651,0.167500600567563,0.247870885366107,Y,223,G223Y,0.163018841786566,0
L223,0.356004401954176,0.221081093513732,0.288542747733954,L,223,G223L,0.18976776748922,0
F223,0.367856543591083,0.343869940782874,0.355863242186979,F,223,G223F,0.234042870706856,0
W223,0.111199786844653,0.189395960780199,0.150297873812426,W,223,G223W,0.0988473707821572,0
C223,0.466687445897464,0.251900794158235,0.359294120027849,C,223,G223C,0.236299278235734,0
E223,0.0572190663584744,0.24762815831091,0.152423612334692,E,223,G223E,0.100245418928591,0
D223,0.358837829422813,0.0105133897952099,0.184675609609012,D,223,G223D,0.121456797720406,0
V223,0.310617788803147,0.076275980620849,0.193446884711998,V,223,G223V,0.127225458715699,0
A223,0.498940808758802,0.456682328584333,0.477811568671568,A,223,G223A,0.314245412090306,0
Q223,0.385720546344314,0.256207916598028,0.320964231471171,Q,223,G223Q,0.2110906135348,0
H223,0.272956644196393,0.064879534147353,0.168918089171873,H,223,G223H,0.11109344775578,0
P223,0.163064204165566,0.248089163021855,0.205576683593711,P,223,G223P,0.135202941677767,0
K224,0.242948629653153,0.0538492909424424,0.148398960297798,K,224,I224K,0.0975985000995424,0
N224,0.603570075272258,0.305752496689873,0.454661285981065,N,224,I224N,0.299020016555598,0
M224,0.509680460482508,0.631744242510719,0.570712351496613,M,224,I224M,0.375344068331581,0
R224,0.230168291894362,0.102126708984364,0.166147500439363,R,224,I224R,0.10927129681791,0
S224,0.381282695297032,0.299375306014969,0.340329000656,S,224,I224S,0.223826366018648,0
T224,0.903109812270147,0.679063812441054,0.7910868123556,T,224,I224T,0.520279159500151,0
Y224,0.280014847301766,0.0019153975147126,0.14096512240824,Y,224,I224Y,0.0927094400512236,0
L224,0.97654778975047,0.959922576866055,0.968235183308263,L,224,I224L,0.636785469688322,0
F224,0.179021971538415,0.712444021664843,0.445732996601629,F,224,I224F,0.293148090969738,0
W224,0.161861084898848,0.244091666657374,0.202976375778111,W,224,I224W,0.133492780487349,0
C224,0.754008494623956,0.59156603732839,0.672787265976173,C,224,I224C,0.442476334831307,0
E224,0.250609297486808,0.256627865655556,0.253618581571182,E,224,I224E,0.166798966172326,0
D224,0.0719093697394173,0.0269905206402414,0.0494499451898294,D,224,I224D,0.0325220639743494,0
V224,0.338987696146754,0.638220794440436,0.488604245293595,V,224,I224V,0.321343501243057,0
G224,0.241590724172899,0.249267558405424,0.245429141289162,G,224,I224G,0.161412964231504,0
A224,0.521771584113538,0.812287858666354,0.667029721389946,A,224,I224A,0.438689733397279,0
Q224,0.367986417414091,0.265474187228852,0.316730302321472,Q,224,I224Q,0.208306058078959,0
H224,0.240035483635353,0.181930562320552,0.210983022977952,H,224,I224H,0.138758563724391,0
P224,0.23269770568361,0.0172565036737304,0.12497710467867,P,224,I224P,0.0821944974475854,0
K225,0.262877363399378,0,0.131438681699689,K,225,D225K,0.0864441244278796,0
N225,0.0446358257913294,0.347947740849165,0.196291783320247,N,225,D225N,0.129096481508198,0
M225,0.149208088646057,0,0.0746040443230283,M,225,D225M,0.0490653223760853,0
I225,0.0123204835130342,0.0030878487510406,0.0077041661320374,I,225,D225I,0.00506684856481235,0
R225,0.61548078328179,0.258291493055064,0.436886138168427,R,225,D225R,0.287329720598808,0
S225,0.439522140449757,0.264606898568897,0.352064519509327,S,225,D225S,0.231544540294776,0
T225,0.190673227533814,0.145764489597086,0.16821885856545,T,225,D225T,0.110633580258908,0
Y225,0.0021821959275761,0.239910666381036,0.121046431154306,Y,225,D225Y,0.0796093860722155,0
L225,0.426840147316765,0.451826124780337,0.439333136048551,L,225,D225L,0.288939053456448,0
F225,0.131435339330161,0.0086484869490529,0.0700419131396069,F,225,D225F,0.0460649161746822,0
W225,0.168856653155808,0.0299727185434349,0.0994146858496213,W,225,D225W,0.0653826968013752,0
C225,0,0.225121628899549,0.112560814449775,C,225,D225C,0.0740285958758428,0
E225,0.399719542503123,0.491587860445034,0.445653701474078,E,225,D225E,0.293095940432439,0
V225,0.197371142698021,0.405630071092496,0.301500606895259,V,225,D225V,0.198289846189142,0
G225,0.242926392199408,0.461815827316137,0.352371109757773,G,225,D225G,0.231746177478308,0
A225,0.072357022861734,0.189253251582329,0.130805137222031,A,225,D225A,0.0860274571504156,0
Q225,0.0734959958975736,0.0019496245493397,0.0377228102234567,Q,225,D225Q,0.0248094035831576,0
H225,0.0512079719201141,0,0.0256039859600571,H,225,D225H,0.0168391383690064,0
P225,0.233526821125498,0.370701640545799,0.302114230835649,P,225,D225P,0.198693412198547,0
K226,0.451007823099891,0.782213030833934,0.616610426966912,K,226,L226K,0.40553015126887,0
N226,0.411194986791507,0.536239755473687,0.473717371132597,N,226,L226N,0.311552754822944,0
M226,0.859155859096793,0.740126681977778,0.799641270537286,M,226,L226M,0.525905225114232,0
I226,0.705883702157166,0.728533089197147,0.717208395677157,I,226,L226I,0.471691065331057,0
R226,0.595271639478831,0.509225412504796,0.552248525991813,R,226,L226R,0.363200845281015,0
S226,0.79240742093346,0.664718705928016,0.728563063430738,S,226,L226S,0.479158762811244,0
T226,0.926621347437976,1.09800971687015,1.01231553215406,T,226,L226T,0.665776076647973,1
Y226,0.173503189611301,0.208158926769716,0.190831058190508,Y,226,L226Y,0.125505091238017,0
F226,0.325870465602987,0.190573917820985,0.258222191711986,F,226,L226F,0.169826652106809,0
W226,0.339345278104714,0.583995010575989,0.461670144340352,W,226,L226W,0.303629577578827,0
C226,1.06293584066866,1.08071448220343,1.07182516143604,C,226,L226C,0.704914157856533,1
E226,0.362271929891951,0.743710688184316,0.552991309038134,E,226,L226E,0.363689356191569,0
D226,0.353160039508112,0.0936525590384698,0.223406299273291,D,226,L226D,0.146929059867451,0
V226,0.630420975091214,0.589246447526736,0.609833711308975,V,226,L226V,0.401073265031335,0
G226,0.338550203621246,0.211623952471037,0.275087078046141,G,226,L226G,0.180918290533788,0
A226,1.10206882805622,1.11776006130576,1.10991444468099,A,226,L226A,0.729964582112295,1
Q226,0.696485025681774,0.562352341740923,0.629418683711349,Q,226,L226Q,0.413953839983658,0
H226,0.513763419604098,0.592081635151278,0.552922527377688,H,226,L226H,0.363644120113901,0
P226,0.30185880155495,0.250391052404296,0.276124926979623,P,226,L226P,0.181600859326955,0
K227,0.505084957952455,0.134606327628846,0.31984564279065,K,227,G227K,0.21035494411213,0
N227,0.163933879921116,0.136653991956634,0.150293935938875,N,227,G227N,0.0988447809354939,0
M227,0.405395178191175,0.251936111704607,0.328665644947891,M,227,G227M,0.216155651743059,0
I227,0.138354120360791,0.185906797368644,0.162130458864717,I,227,G227I,0.106629383210589,0
R227,0.132402898976528,0.0577990599807684,0.0951009794786481,R,227,G227R,0.0625456737465508,0
S227,0.224576251936788,0.177994423473886,0.201285337705337,S,227,G227S,0.132380624585564,0
T227,0.27017719079942,0.139880523625596,0.205028857212508,T,227,G227T,0.134842649172933,0
Y227,0.301047467380937,0.200899696833525,0.250973582107231,Y,227,G227Y,0.165059412337665,0
L227,0.314453777603543,0.318811683539004,0.316632730571273,L,227,G227L,0.208241887437518,0
F227,0.271744256088701,0.252778583458285,0.262261419773493,F,227,G227F,0.172483157243853,0
W227,0.399008091364384,0.186657560749777,0.29283282605708,W,227,G227W,0.192589250933622,0
C227,0.581904400878983,0.181839982005729,0.381872191442356,C,227,G227C,0.25114834389478,0
E227,0.12294061563809,0.573604487702646,0.348272551670368,E,227,G227E,0.22905065238097,0
D227,0.221683828792637,0.377208231638264,0.299446030215451,D,227,G227D,0.196938599510012,0
V227,0.312089660287903,0.119723561658215,0.215906610973059,V,227,G227V,0.141996691555383,0
A227,0.49919684882618,0.173779217122537,0.336488032974359,A,227,G227A,0.221300252062683,0
Q227,0.17157208992375,0.179295043205649,0.1754335665647,Q,227,G227Q,0.115378523740789,0
H227,0.838632230561182,0,0.419316115280591,H,227,G227H,0.275774330472582,0
P227,0.0054921038445707,0.0764406391635573,0.040966371504064,P,227,G227P,0.026942617423288,0
K228,0.439267282244103,0.481264382868975,0.460265832556539,K,228,V228K,0.30270599480239,0
N228,0.660867605836117,0.717464999131956,0.689166302484036,N,228,V228N,0.45324844127353,0
M228,0.980725971821317,0.967043588586169,0.973884780203743,M,228,V228M,0.640501076469255,0
I228,0.972789215021338,1.26260977727387,1.11769949614761,I,228,V228I,0.735084627056108,1
R228,0.371699605878659,0.460904385412444,0.416301995645551,R,228,V228R,0.273792014997391,0
S228,0.205651285993741,0.189828878509327,0.197740082251534,S,228,V228S,0.130048993595248,0
T228,0.588366708477776,0.0147203794957019,0.301543543986739,T,228,V228T,0.198318084902666,0
Y228,0.423521323787498,0.579344067022398,0.501432695404948,Y,228,V228Y,0.329780470659536,0
L228,1.18392751951172,1.14536035021317,1.16464393486244,L,228,V228L,0.765958878448355,1
F228,0.710670902457276,0.716926486432424,0.71379869444485,F,228,V228F,0.469448585158737,0
W228,0.703980481644405,0.185217161009898,0.444598821327152,W,228,V228W,0.292402170611423,0
C228,0.781653317218445,0.934153133836731,0.857903225527588,C,228,V228C,0.564222740334754,0
E228,0.538117354896089,0.496987909864123,0.517552632380106,E,228,V228E,0.34038217344315,0
D228,0.333800220840655,0.0254516646918296,0.179625942766242,D,228,V228D,0.118135750801561,0
G228,0.480001678845565,0.278963925335848,0.379482802090706,G,228,V228G,0.249576898809135,0
A228,0.679507140659829,0.723737427726079,0.701622284192954,A,228,V228A,0.461440446996604,0
Q228,0.801649857844814,0.18833852562495,0.494994191734882,Q,228,V228Q,0.325546018478585,0
H228,0.411064814264336,0,0.205532407132168,H,228,V228H,0.135173822092106,0
P228,0.132863655167287,0.43347659673382,0.283170125950553,P,228,V228P,0.186234320714325,0
K229,0.868428641904379,0.632789229924335,0.750608935914357,K,229,A229K,0.493657813771366,0
N229,0.921598520750389,0.996554411188261,0.959076465969325,N,229,A229N,0.630761997062083,0
M229,0.510379236096026,0.575026744903616,0.542702990499821,M,229,A229M,0.356922971468451,0
I229,1.11157789353757,0.829369748901416,0.970473821219491,I,229,A229I,0.638257769103111,0
R229,1.15372794822928,1.01024277333618,1.08198536078273,R,229,A229R,0.711596281605644,1
S229,0.614419704431002,0.676244303892509,0.645332004161756,S,229,A229S,0.424419655946562,0
T229,0.583764418001949,0.12505627827616,0.354410348139054,T,229,A229T,0.233087336519847,0
Y229,0.375083013546238,0.573664605652469,0.474373809599353,Y,229,A229Y,0.311984478937685,0
L229,0.925293270451089,0.756634017701048,0.840963644076068,L,229,A229L,0.553081976688805,0
F229,0.312225509608852,0.400635594106698,0.356430551857775,F,229,A229F,0.234415976912253,0
W229,0.531376467219751,0.575280627041637,0.553328547130694,W,229,A229W,0.363911149740151,0
C229,0.884456505359865,0.909896144193983,0.897176324776924,C,229,A229C,0.590051732487421,0
E229,0.0224676975459712,0.0579411823514425,0.0402044399487069,E,229,A229E,0.0264415129894555,0
D229,0.417987633562156,0.406090292103077,0.412038962832616,D,229,A229D,0.270988318747885,0
V229,0.87084748120723,0.831647232115907,0.851247356661569,V,229,A229V,0.559845332185269,0
G229,0.414981049310066,0.273040763592296,0.344010906451181,G,229,A229G,0.226247868719182,0
Q229,0.866983751864219,0.993193842364861,0.93008879711454,Q,229,A229Q,0.611697490168424,0
H229,0.36137343347764,0.0168517052631052,0.189112569370373,H,229,A229H,0.124374881626397,0
P229,0.196886925679649,0.226104179597121,0.211495552638385,P,229,A229P,0.139095642407519,0
K230,1.1484615789065,1.11834609531231,1.13340383710941,K,230,V230K,0.745413002132643,1
N230,0.723276349232815,0.516885875665355,0.620081112449085,N,230,V230N,0.407812739345616,0
M230,1.0537297015992,1.09178002284701,1.0727548622231,M,230,V230M,0.70552560016163,1
I230,1.28013503521462,1.23279938643052,1.25646721082257,I,230,V230I,0.826348883809248,1
R230,0.70648999674637,0.860870917646361,0.783680457196365,R,230,V230R,0.515408174196108,0
S230,0.458333538157072,0.486539376207949,0.47243645718251,S,230,V230S,0.310710327894655,0
T230,0.947889323444067,0.776573218019291,0.862231270731679,T,230,V230T,0.567069193702316,0
Y230,0.949534400682502,0.991173435193992,0.970353917938247,Y,230,V230Y,0.638178911539804,0
L230,1.15208506774193,1.14261513564773,1.14735010169483,L,230,V230L,0.754585131794447,1
F230,0.824654151173279,0.386914358885406,0.605784255029342,F,230,V230F,0.398410033036193,0
W230,1.23199986675373,1.17885833400018,1.20542910037696,W,230,V230W,0.792782320961299,1
C230,0.573533288473573,0.824424640687712,0.698978964580643,C,230,V230C,0.459701997960791,0
E230,0.618799659800022,0.61771114968815,0.618255404744086,E,230,V230E,0.40661201439936,0
D230,0.600811236948121,0.0041963072770552,0.302503772112588,D,230,V230D,0.1989496043193,0
G230,0.405899788435191,0.166925913306137,0.286412850870664,G,230,V230G,0.18836698449986,0
A230,0.668115432468215,0.347315857345315,0.507715644906765,A,230,V230A,0.333912618528685,0
Q230,0.601105043067309,0.0179106368325547,0.309507839949932,Q,230,V230Q,0.203556014729106,0
H230,0.772165835802087,0.399420925991895,0.585793380896991,H,230,V230H,0.385262506078586,0
P230,0.207371140223672,0.443850171850956,0.325610656037314,P,230,V230P,0.214146457508176,0
K231,0.26630907481211,0.128513649161176,0.197411361986643,K,231,A231K,0.129832802021256,0
N231,0.468717782828031,0.523872642051634,0.496295212439832,N,231,A231N,0.326401669145859,0
M231,1.11372387213087,1.01334438640602,1.06353412926844,M,231,A231M,0.699461341325939,1
I231,0.639574072806502,0.834946661031319,0.737260366918911,I,231,A231I,0.48487877441815,0
R231,0.499094625403194,0.441108070428203,0.470101347915699,R,231,A231R,0.309174581542039,0
S231,0.967028921853284,0.95704202540064,0.962035473626962,S,231,A231S,0.632708066688103,0
T231,0.812037522042635,0.866672973164591,0.839355247603613,T,231,A231T,0.55202417222062,0
Y231,0.847081205000416,0.844257059312314,0.845669132156365,Y,231,A231Y,0.556176665343979,0
L231,0.875744567818665,0.701196335681266,0.788470451749965,L,231,A231L,0.51855844076791,0
F231,1.19747568487869,1.01189536394392,1.1046855244113,F,231,A231F,0.726525644437545,1
W231,0.647548326708726,0.652849037788607,0.650198682248667,W,231,A231W,0.427620355471658,0
C231,1.27509447827176,1.21580987496687,1.24545217661931,C,231,A231C,0.819104555313779,1
E231,0.425292880945447,0.45278899748548,0.439040939215464,E,231,A231E,0.288746882483108,0
D231,0.500888171033684,0.791607818344129,0.646247994688906,D,231,A231D,0.425022081336712,0
V231,1.14505019540709,1.0780777973938,1.11156399640044,V,231,A231V,0.731049453416863,1
G231,0.850748435851291,0.988045173975831,0.919396804913561,G,231,A231G,0.604665618787402,0
Q231,0.698454621857286,0.527926097859635,0.61319035985846,Q,231,A231Q,0.403280853704016,0
H231,0.703803273336012,0.470130844610996,0.586967058973504,H,231,A231H,0.386034406499165,0
P231,0.389722998073774,0.688272512716193,0.538997755394984,P,231,A231P,0.354486125630565,0
K232,0.174131622709198,0.192035279873241,0.18308345129122,K,232,V232K,0.120409672703993,0
N232,0.28043158477293,0.158441024063424,0.219436304418177,N,232,V232N,0.144318087779207,0
M232,0.625119296814179,0.537466972797067,0.581293134805623,M,232,V232M,0.382302800244293,0
I232,0.861200485475522,0.530386496718116,0.695793491096819,I,232,V232I,0.457606987096132,0
R232,0.301707556712939,0.329989958653854,0.315848757683396,R,232,V232R,0.207726286938553,0
S232,1.16054969671821,1.1811984802679,1.17087408849306,S,232,V232S,0.77005630371682,1
T232,1.2062620054677,1.12729594385252,1.16677897466011,T,232,V232T,0.767363043824495,1
Y232,0.871116648269559,0.60176588721934,0.736441267744449,Y,232,V232Y,0.484340072188027,0
L232,0.52116109308478,0.434180993388059,0.47767104323642,L,232,V232L,0.314152991822208,0
F232,0.964546688564512,0.934401134279004,0.949473911421758,F,232,V232F,0.624446623159963,0
W232,0.754097003100348,0.415229672069465,0.584663337584906,W,232,V232W,0.384519303214592,0
C232,1.14903401021775,1.06969015598551,1.10936208310163,C,232,V232C,0.729601306914477,1
E232,0.441100920464431,0.461610058931243,0.451355489697837,E,232,V232E,0.29684587222042,0
D232,0.337495592007205,0.002664643858699,0.170080117932952,D,232,V232D,0.111857686696042,0
G232,0.887846156447199,0.96750161249709,0.927673884472145,G,232,V232G,0.610109259015752,0
A232,1.30034410340131,1.32373846269584,1.31204128304858,A,232,V232A,0.86289864185875,1
Q232,0.365475063246592,0.0548110930216751,0.210143078134133,Q,232,V232Q,0.13820615178863,0
H232,0.413743084048394,0.354450899598102,0.384096991823248,H,232,V232H,0.252611542691862,0
P232,0.250224481529718,0.223331646408141,0.23677806396893,P,232,V232P,0.155723354486224,0
K233,0.205060762138749,0.218248238181489,0.211654500160119,K,233,Y233K,0.139200178447965,0
N233,0.387522847272911,0.600675280651368,0.494099063962139,N,233,Y233N,0.324957314030509,0
M233,1.00676595161647,0.516419859729841,0.761592905673155,M,233,Y233M,0.500881711913551,0
I233,0.817739597695763,0.445074373139323,0.631406985417543,I,233,Y233I,0.415261499173995,0
R233,0.285943549760458,0.173880671403466,0.229912110581962,R,233,Y233R,0.151207778696631,0
S233,0.735593622357378,0.880216340542187,0.807904981449782,S,233,Y233S,0.531340073098998,0
T233,0.957773508814633,0.94005310468927,0.948913306751952,T,233,Y233T,0.624077926675755,0
L233,0.779282733884969,0.576876178091656,0.678079455988312,L,233,Y233L,0.445956883525113,0
F233,1.15892129269335,1.05571775129249,1.10731952199292,F,233,Y233F,0.728257962593386,1
W233,1.04256105301711,1.07073811105995,1.05664958203853,W,233,Y233W,0.69493353680389,1
C233,0.367755222481825,0.0382369498809014,0.202996086181363,C,233,Y233C,0.133505743555216,0
E233,0.257080616125404,0.0280861754385087,0.142583395781956,E,233,Y233E,0.0937737403246808,0
D233,0.20416708180222,0.313960309663401,0.259063695732811,D,233,Y233D,0.170380089476555,0
V233,0.89390530917681,1.00379308599437,0.94884919758559,V,233,Y233V,0.624035763587368,0
G233,0.324740025095096,0.213559437513495,0.269149731304296,G,233,Y233G,0.177013437457917,0
A233,0.906840319688333,0.83027626744986,0.868558293569097,A,233,Y233A,0.571230327565979,0
Q233,0.702555668962157,0.386397967040406,0.544476818001282,Q,233,Y233Q,0.358089576027071,0
H233,0.33926186065423,0.87371577614535,0.60648881839979,H,233,Y233H,0.398873407766332,0
P233,0.1307266381417,0.0395425012313819,0.0851345696865411,P,233,Y233P,0.0559910008220568,0
K234,0.541508774356274,0.440222484756054,0.490865629556164,K,234,M234K,0.322830760397248,0
N234,0.295316734942145,0.328778090645521,0.312047412793833,N,234,M234N,0.205226231959475,0
I234,1.08757132788927,0.977721489440708,1.03264640866499,I,234,M234I,0.679147215159954,1
R234,0.295637427078685,0.0587990161038762,0.177218221591281,R,234,M234R,0.116552249307598,0
S234,0.929792181365905,0.865509589082275,0.89765088522409,S,234,M234S,0.590363839713489,0
T234,1.07807233937513,1.02686107485588,1.05246670711551,T,234,M234T,0.692182558510164,1
Y234,0.277335697049748,0.215974696550988,0.246655196800368,Y,234,M234Y,0.162219312056936,0
L234,0.876873167935311,0.992407183528481,0.934640175731896,L,234,M234L,0.614690824660443,0
F234,0.240736711400882,0.457451926430215,0.349094318915548,F,234,M234F,0.229591109338347,0
W234,0.0131315279645913,0.210114706560055,0.111623117262323,W,234,M234W,0.0734118945265933,0
C234,0.997499180966831,1.08726427160263,1.04238172628473,C,234,M234C,0.685549904206916,1
E234,0.296457059382076,0.121255848326036,0.208856453854056,E,234,M234E,0.137359969310834,0
D234,0.660809830066784,0.0009386842221341,0.330874257144459,D,234,M234D,0.217608203952684,0
V234,1.19490381173178,1.00824798075835,1.10157589624506,V,234,M234V,0.724480515251442,1
G234,1.05043985955015,0.883303583521089,0.966871721535617,G,234,M234G,0.635888753001855,0
A234,1.11759735847001,1.13553793541257,1.12656764694129,A,234,M234A,0.740917000910903,1
Q234,0.515323061278799,0.687652515752731,0.601487788515765,Q,234,M234Q,0.395584348229429,0
H234,0.336840851784981,0.409872096504975,0.373356474144978,H,234,M234H,0.245547757247623,0
P234,0.0901006973811605,0.165621210939877,0.127860954160518,P,234,M234P,0.0840911373120184,0
K235,0.199003633443611,0.0046150277428785,0.101809330593245,K,235,A235K,0.0669575982345114,0
N235,0.3299676749299,0,0.16498383746495,N,235,A235N,0.108505983094039,0
M235,0.247199517870705,0.0098178485900647,0.128508683230385,M,235,A235M,0.0845171334616075,0
I235,0.34691859968319,0.274883124506198,0.310900862094694,I,235,A235I,0.204472172575909,0
R235,0.220156956946971,0.172226123364127,0.196191540155549,R,235,A235R,0.129030553940376,0
S235,0.847021435105471,0.827857146766773,0.837439290936122,S,235,A235S,0.550764092657882,0
T235,0.370695865952849,0.684079521346896,0.527387693649872,T,235,A235T,0.346850461538902,0
Y235,0.383066591620945,0.0032397255816461,0.193153158601295,Y,235,A235Y,0.127032281972498,0
L235,0.292535284183755,0.120931957645994,0.206733620914874,L,235,A235L,0.135963832097943,0
F235,0.0507028312386946,0.104141999557473,0.0774224153980838,F,235,A235F,0.0509188986349577,0
W235,0.205799950039919,0.0648001009358435,0.135300025487881,W,235,A235W,0.0889836392690885,0
C235,0.672651514250732,0.758739154657511,0.715695334454122,C,235,A235C,0.47069596061044,0
E235,0.0195907863822294,0.0839113241467497,0.0517510552644895,E,235,A235E,0.0340354498592646,0
D235,0.103005751826145,0.225958123846843,0.164481937836494,D,235,A235D,0.108175895532512,0
V235,0.579963688345837,0.641322143029481,0.610642915687659,V,235,A235V,0.401605459687383,0
G235,1.11629962621356,1.20931855291303,1.16280908956329,G,235,A235G,0.764752143921695,1
Q235,0.441933004302444,0.323956891885981,0.382944948094213,Q,235,A235Q,0.251853870671942,0
H235,0.51682704881925,0.0819199851481122,0.299373516983681,H,235,A235H,0.196890909265795,0
P235,0.287607848301431,0.125699890880531,0.206653869590981,P,235,A235P,0.135911381531057,0
K236,0.416165405782673,0.335237294259677,0.375701350021175,K,236,F236K,0.247089926869144,0
N236,0.192240311313256,0.205965286549063,0.19910279893116,N,236,F236N,0.130945220251589,0
M236,0.839876999911527,0.614485638264782,0.727181319088154,M,236,F236M,0.478250022109243,0
I236,0.641704050183142,0.38231780576113,0.512010927972136,I,236,F236I,0.336737525009444,0
R236,0.228219149600321,0.168573519133009,0.198396334366665,R,236,F236R,0.130480595150916,0
S236,0.458747457546294,0.367934612624003,0.413341035085149,S,236,F236S,0.271844660993231,0
T236,0.453670269768031,0.558454684014318,0.506062476891174,T,236,F236T,0.33282536887134,0
Y236,0.745507281343746,0.42209848492095,0.583802883132348,Y,236,F236Y,0.383953402592343,0
L236,0.64756353698736,0.680729639282673,0.664146588135016,L,236,F236L,0.436793564578416,0
W236,0.407619235236744,0.0409908203375148,0.224305027787129,W,236,F236W,0.147520132438117,0
C236,0.517486570235448,0.521948668213898,0.519717619224673,C,236,F236C,0.341806034286521,0
E236,0.0072157850315833,0.22625452614973,0.116735155590657,E,236,F236E,0.0767739617021015,0
D236,0.209357883407048,0,0.104678941703524,D,236,F236D,0.0688448738574011,0
V236,0.475700115772596,0.513074623356587,0.494387369564592,V,236,F236V,0.325146925833134,0
G236,0.26665665713708,0.519141369449593,0.392899013293337,G,236,F236G,0.258400424848454,0
A236,0.500415862067604,0.565262081399585,0.532838971733594,A,236,F236A,0.350435638709477,0
Q236,0.201522254383703,0.16078482619454,0.181153540289121,Q,236,F236Q,0.119140415704129,0
H236,0.378313115707721,0.163384580846939,0.27084884827733,H,236,F236H,0.178130906662074,0
P236,0.133093096538525,0.422148315385225,0.277620705961875,P,236,F236P,0.182584597924957,0
K237,1.04512894342302,0.481976394196538,0.763552668809778,K,237,Q237K,0.502170601959013,0
N237,0.306933993081951,0.7952481121763,0.551091052629126,N,237,Q237N,0.362439602318957,0
M237,1.05700463701971,0.762364124559019,0.909684380789366,M,237,Q237M,0.598277986253118,0
I237,0.975018062793687,1.00750199109218,0.991260026942936,I,237,Q237I,0.651928366911194,0
R237,1.07789789990038,0.990674288587604,1.03428609424399,R,237,Q237R,0.680225597736382,1
S237,0.901011079525953,0.974304750005163,0.937657914765558,S,237,Q237S,0.616675520528838,0
T237,1.07630646010772,1.0993938394306,1.08785014976916,T,237,Q237T,0.715453415155146,1
Y237,0.282657238617066,0.452552649857549,0.367604944237307,Y,237,Q237Y,0.241765111525983,0
L237,0.799994324688207,0.975439469467848,0.887716897078028,L,237,Q237L,0.583830489741787,0
F237,0.995559154823238,0.998401470730845,0.996980312777042,F,237,Q237F,0.65569046414172,0
W237,1.02989239920548,0.951064188403994,0.990478293804738,W,237,Q237W,0.651414239442826,0
C237,0.867516806430766,0.829771836670306,0.848644321550536,C,237,Q237C,0.558133377316897,0
E237,1.10578261193517,1.07130831951886,1.08854546572701,E,237,Q237E,0.715910708079876,1
D237,0.797024642725998,0.297247053979198,0.547135848352598,D,237,Q237D,0.359838357645802,0
V237,0.848042120626477,0.878952554900491,0.863497337763484,V,237,Q237V,0.567901856162226,0
G237,0.971281682614102,0.804087355092685,0.887684518853393,G,237,Q237G,0.583809195346233,0
A237,1.02734468811145,0.827295017678245,0.927319852894846,A,237,Q237A,0.60987642078789,0
H237,0.947082642741979,0.800507550028892,0.873795096385435,H,237,Q237H,0.574674449405957,0
P237,0.84607285012077,0.897125018612699,0.871598934366734,P,237,Q237P,0.573230085385005,0
K238,0.919197577858559,1.06986695781288,0.994532267835721,K,238,H238K,0.654080442656599,0
N238,0.986035933969054,0.939414154714462,0.962725044341758,N,238,H238N,0.633161581101827,0
M238,0.896589030392959,1.04120061679125,0.968894823592103,M,238,H238M,0.637219299562728,0
I238,0.805515505617871,0.973620818203424,0.889568161910648,I,238,H238I,0.585048023008786,0
R238,0.814428586957677,0.825228200103604,0.819828393530641,R,238,H238R,0.539181820324352,0
S238,0.955338074549474,0.874638401102613,0.914988237826043,S,238,H238S,0.601766208074102,0
T238,0.935950113037902,1.12796052498692,1.03195531901241,T,238,H238T,0.678692701776634,1
Y238,1.00450065042057,0.905926908086425,0.955213779253496,Y,238,H238Y,0.628221599009005,0
L238,0.701787355242734,0.904750065272745,0.80326871025774,L,238,H238L,0.528290906760568,0
F238,0.840217214877576,0.734564089601187,0.787390652239381,F,238,H238F,0.517848282068485,0
W238,0.726790927913469,0.563060169470091,0.64492554869178,W,238,H238W,0.424152339759526,0
C238,0.791439366272468,0.867853556780944,0.829646461526706,C,238,H238C,0.545638932344331,0
E238,0.747305311554712,0.67932640312508,0.713315857339896,E,238,H238E,0.469131034569829,0
D238,0.800290955595201,0.526227167438531,0.663259061516866,D,238,H238D,0.436209859230643,0
V238,0.732248210444536,0.622762673186842,0.677505441815689,V,238,H238V,0.445579367926813,0
G238,0.731326391156115,0.775223011736079,0.753274701446097,G,238,H238G,0.49541102495959,0
A238,1.00854115769427,1.05250035950399,1.03052075859913,A,238,H238A,0.677749225189215,1
Q238,1.04834717910463,1.0706533022898,1.05950024069722,Q,238,H238Q,0.696808347845865,1
P238,0.880496127549752,0.688232110631391,0.784364119090572,P,238,H238P,0.515857802517735,0
K239,0.379436817218913,0.857497722172248,0.618467269695581,K,239,T239K,0.406751352986693,0
N239,0.800232002747381,0.337366382555586,0.568799192651483,N,239,T239N,0.374085828830696,0
M239,1.23402508947484,1.02613880520918,1.13008194734201,M,239,T239M,0.743228273492067,1
I239,1.01499152489446,1.00193748579114,1.0084645053428,I,239,T239I,0.663243347039438,1
R239,1.11735661659127,0.94952629943182,1.03344145801154,R,239,T239R,0.679670100384842,1
S239,0.894733194702702,1.0208400884548,0.957786641578748,S,239,T239S,0.629913709947002,0
Y239,0.739139183536466,0.50740618384626,0.623272683691363,Y,239,T239Y,0.409911760562356,0
L239,0.680992431102953,0.823565578466167,0.75227900478456,L,239,T239L,0.494756178722628,0
F239,0.454720114459955,0.651382938695917,0.553051526577936,F,239,T239F,0.363728959848849,0
W239,0.988997444054691,0.756582018311481,0.872789731183086,W,239,T239W,0.574013244397481,0
C239,0.975651441099986,1.09024871009671,1.03295007559835,C,239,T239C,0.679346929748023,1
E239,0.513027977615012,0.615775525142073,0.564401751378542,E,239,T239E,0.371193735303534,0
D239,0.493764930678126,0.330548102883296,0.412156516780711,D,239,T239D,0.271065631210127,0
V239,0.58526385637478,0.855400828777766,0.720332342576273,V,239,T239V,0.473745611610442,0
G239,0.968530327802842,0.825595237922135,0.897062782862489,G,239,T239G,0.589977058645198,0
A239,0.921249126004683,0.870992713327864,0.896120919666273,A,239,T239A,0.58935761741013,0
Q239,0.946917161430345,1.13259375728757,1.03975545935896,Q,239,T239Q,0.683822670321302,1
H239,0.725862979971667,1.03795097774765,0.881906978859656,H,239,T239H,0.580009443403752,0
P239,0.840151183819298,0.996369893620497,0.918260538719897,P,239,T239P,0.603918323280797,0
K240,0.786813316128195,0.850390392872307,0.818601854500251,K,240,P240K,0.538375154499744,0
N240,0.767299357328456,0.855861776536666,0.811580566932561,N,240,P240N,0.533757419078963,0
M240,1.07034162465113,0.764815815158707,0.917578719904917,M,240,P240M,0.603469907108957,0
I240,0.835595464173545,0.703657050991041,0.769626257582293,I,240,P240I,0.50616505820877,0
R240,0.792660982769689,0.923952247006614,0.858306614888151,R,240,P240R,0.564488040013863,0
S240,0.780031182077836,0.615894778850771,0.697962980464303,S,240,P240S,0.459033809142751,0
T240,0.49886083974188,0.0418040548105803,0.27033244727623,T,240,P240T,0.177791281889393,0
Y240,0.711456249352233,0.412479877549731,0.561968063450982,Y,240,P240Y,0.36959315608813,0
L240,0.921871065630687,0.89705503170687,0.909463048668779,L,240,P240L,0.598132421331708,0
F240,0.702735282302242,0.47815039990292,0.590442841102581,F,240,P240F,0.38832034652051,0
W240,0.47758616834192,0.139142112813245,0.308364140577582,W,240,P240W,0.202803830595995,0
C240,0.723380215427052,0.507132553863617,0.615256384645334,C,240,P240C,0.404639629533461,0
E240,0.912040356843725,0.96400870621894,0.938024531531333,E,240,P240E,0.61691663573867,0
D240,0.573382715281535,0.366394868146667,0.469888791714101,D,240,P240D,0.309034788335798,0
V240,0.576723209430828,0.827667777921571,0.702195493676199,V,240,P240V,0.461817433369657,0
G240,0.570219760918581,0.386964741338531,0.478592251128556,G,240,P240G,0.314758848550394,0
A240,0.869504981481984,0.795457883062791,0.832481432272388,A,240,P240A,0.547503425815507,0
Q240,1.02293916332674,0.939094022253671,0.981016592790205,Q,240,P240Q,0.645191501591054,0
H240,0.756029872255522,0.616820078030512,0.686424975143017,H,240,P240H,0.451445534863482,0
K241,1.0900724450489,1.18906941616829,1.1395709306086,K,241,A241K,0.749468954238282,1
N241,0.880437182225359,0.531147948944849,0.705792565585104,N,241,A241N,0.464183142821764,0
M241,0.874434051860211,0.774297029331762,0.824365540595986,M,241,A241M,0.542165795059889,0
I241,0.517944016257879,0.334888633527218,0.426416324892548,I,241,A241I,0.280443971062575,0
R241,1.06892459039984,1.07933683647072,1.07413071343528,R,241,A241R,0.706430465090598,1
S241,1.03093341751167,0.974689208147596,1.00281131282963,S,241,A241S,0.659525375505458,1
T241,0.779689308471882,0.769139317369911,0.774414312920896,T,241,A241T,0.509314049404554,0
Y241,0.191178166090181,0.424022490359557,0.307600328224869,Y,241,A241Y,0.202301489206051,0
L241,0.712364263287762,0.638147238783218,0.67525575103549,L,241,A241L,0.444099799300492,0
F241,0.744372719052788,0.948537458532629,0.846455088792709,F,241,A241F,0.556693570507577,0
W241,0.139157063569241,0.60513734847112,0.37214720602018,W,241,A241W,0.244752450090743,0
C241,0.973885119096432,0.790418996274903,0.882152057685668,C,241,A241C,0.580170625973878,0
E241,0.307683438087113,0.173377325994859,0.240530382040986,E,241,A241E,0.158191165682436,0
D241,0.708164543804745,1.01023168422397,0.859198114014359,D,241,A241D,0.565074357986599,0
V241,0.744695150211371,0.800955255663215,0.772825202937293,V,241,A241V,0.508268929205722,0
G241,0.71851483943223,0.917797810902525,0.818156325167378,G,241,A241G,0.53808214035361,0
Q241,0.97972421774375,0.909359069750314,0.944541643747032,Q,241,A241Q,0.621202786908167,0
H241,1.11865195844961,1.19301821957006,1.15583508900984,H,241,A241H,0.760165508056159,1
P241,0.421200892361612,0.193383756144295,0.307292324252954,P,241,A241P,0.202098922249899,0
K242,0.914945512734621,0.626972825972602,0.770959169353612,K,242,R242K,0.507041682879082,0
N242,0.33159890290776,0.300891833799112,0.316245368353436,N,242,R242N,0.207987128432601,0
M242,0.598152005371822,0.547363957102316,0.572757981237069,M,242,R242M,0.376689430819477,0
I242,0.234271530992266,0.378315040630135,0.3062932858112,I,242,R242I,0.201441878202816,0
S242,0.604986364407163,0.222635952901553,0.413811158654358,S,242,R242S,0.272153850189194,0
T242,0.507252165946498,0.0173521770062914,0.262302171476395,T,242,R242T,0.172509958678794,0
Y242,0.543275861136134,0.925258505842139,0.734267183489136,Y,242,R242Y,0.482910228191932,0
L242,0.782208970686659,0.515241632830078,0.648725301758368,L,242,R242L,0.426651347834134,0
F242,0.282915746480676,0.732280304006601,0.507598025243639,F,242,R242F,0.333835262847215,0
W242,0.21014282451961,0.374797641667767,0.292470233093689,W,242,R242W,0.192350782083823,0
C242,0.452134658898054,0.732101875829532,0.592118267363793,C,242,R242C,0.389422234901625,0
E242,0.009595975577289,0.0016885141186246,0.0056422448479568,E,242,R242E,0.00371077151248158,0
D242,0.31910360726037,0.536302018951523,0.427702813105947,D,242,R242D,0.281290064052522,0
V242,0.226271369900022,0.18833469503684,0.207303032468431,V,242,R242V,0.136338320662115,0
G242,0.560322619153783,0.547758381711682,0.554040500432733,G,242,R242G,0.364379384654199,0
A242,0.478633393485486,0.0031968862351119,0.240915139860299,A,242,R242A,0.158444211835799,0
Q242,0.211877249913916,0.0129087768795876,0.112393013396752,Q,242,R242Q,0.0739182370764463,0
H242,0.771004517214834,0.167752504050592,0.469378510632713,H,242,R242H,0.308699188490134,0
P242,0.0926865246287134,0.580587962149166,0.33663724338894,P,242,R242P,0.221398384237148,0
K243,0.739747054493969,1.14598350181629,0.942865278155131,K,243,Y243K,0.620100280751388,0
N243,0.385705481703309,0.365899370171861,0.375802425937585,N,243,Y243N,0.247156402118148,0
M243,0.726269968841419,0.575766596489428,0.651018282665423,M,243,Y243M,0.428159387357028,0
I243,0.854603823853696,0.858916903195319,0.856760363524507,I,243,Y243I,0.563471106919685,0
R243,0.852180289485621,0.770944533039377,0.811562411262499,R,243,Y243R,0.533745478522488,0
S243,0.723965408257911,0.717767089657906,0.720866248957908,S,243,Y243S,0.474096749259496,0
T243,0.493417890887933,0.688453909745265,0.590935900316599,T,243,Y243T,0.38864461994973,0
L243,0.82299877728133,0.749897841285599,0.786448309283464,L,243,Y243L,0.517228525306764,0
F243,1.0095428508518,0.946335412847348,0.977939131849572,F,243,Y243F,0.643167528031415,0
W243,0.376852692167478,0.508234906574739,0.442543799371108,W,243,Y243W,0.291050631084602,0
C243,1.18162312451992,0.725890514026911,0.953756819273414,C,243,Y243C,0.627263390754206,0
E243,0.34301478231067,0.341771532444503,0.342393157377587,E,243,Y243E,0.225183913265563,0
D243,0.406718979785173,0.567340743857875,0.487029861821524,D,243,Y243D,0.320308066323922,0
V243,0.532244608101667,0.699838625328676,0.616041616715171,V,243,Y243V,0.405156058166736,0
G243,0.731229262249199,0.764830640129448,0.748029951189324,G,243,Y243G,0.49196167627527,0
A243,1.05870599298809,0.813643772175777,0.936174882581935,A,243,Y243A,0.615700165199997,0
Q243,0.774296343503316,0.2711185855604,0.522707464531858,Q,243,Y243Q,0.343772385108153,0
H243,0.779222692568771,0.822839328604096,0.801031010586434,H,243,Y243H,0.526819224404072,0
P243,0.705323275726258,0.686656137064754,0.695989706395506,P,243,Y243P,0.457736033275499,0
N244,0.379798364747988,0.111021151953019,0.245409758350503,N,244,K244N,0.161400216529385,0
M244,0.885580210548096,0.906890830892065,0.89623552072008,M,244,K244M,0.589432987823366,0
I244,0.720033223309853,0.222429925035929,0.471231574172891,I,244,K244I,0.30991790472472,0
R244,1.05414245020191,0.927782930133306,0.990962690167606,R,244,K244R,0.65173281551893,0
S244,0.832998662961235,0.936491865204188,0.884745264082711,S,244,K244S,0.581876116728612,0
T244,0.693538994638955,0.890302205414057,0.791920600026506,T,244,K244T,0.520827522008343,0
Y244,0.264007943648345,0.835138389636784,0.549573166642565,Y,244,K244Y,0.361441324465035,0
L244,0.736615218417181,0.955491407696671,0.846053313056926,L,244,K244L,0.556429332071471,0
F244,0.871209387529427,1.0896889582058,0.980449172867611,F,244,K244F,0.644818322875647,0
W244,0.746785156536765,0.0606997942786599,0.403742475407713,W,244,K244W,0.265531914423081,0
C244,0.634541463719358,0.399551767845333,0.517046615782346,C,244,K244C,0.340049378247902,0
E244,0.605735062803227,1.06841366406455,0.837074363433889,E,244,K244E,0.550524088436885,0
D244,0.0227150287834879,0.288102721490327,0.155408875136907,D,244,K244D,0.102208755944662,0
V244,0.684147345984122,0.330894611012945,0.507520978498534,V,244,K244V,0.333784591018081,0
G244,0.756141369034975,0.898583165737628,0.827362267386302,G,244,K244G,0.544136671670858,0
A244,0.45062934097419,0.433149370310653,0.441889355642421,A,244,K244A,0.290620218862096,0
Q244,0.2649658594847,0.48817691913352,0.37657138930911,Q,244,K244Q,0.247662131211814,0
H244,0.912392661987525,0.677712686763873,0.795052674375699,H,244,K244H,0.522887413520171,0
P244,0.460745218284568,0.369233697452027,0.414989457868298,P,244,K244P,0.272928789822991,0
K245,0.282855287351577,0.0030934609806863,0.142974374166132,K,245,L245K,0.0940308775970063,0
N245,0.407199082294796,0.829198251339268,0.618198666817032,N,245,L245N,0.406574699201409,0
M245,1.06755904832562,1.08597442765671,1.07676673799116,M,245,L245M,0.708164116339658,1
I245,0.748036381607469,1.239685439605,0.993860910606233,I,245,L245I,0.653638906823076,0
R245,0.184292793191071,0.283202269004962,0.233747531098016,R,245,L245R,0.153730244412474,0
S245,0.526194938578095,0.606644470088993,0.566419704333544,S,245,L245S,0.372520895421667,0
T245,0.839945096171814,1.03178702415034,0.935866060161079,T,245,L245T,0.615497059969259,0
Y245,0.574387065837089,0.416912347558675,0.495649706697882,Y,245,L245Y,0.325977135226662,0
F245,1.10835221819765,1.1202206377501,1.11428642797388,F,245,L245F,0.732839932525734,1
W245,0.0363009843876404,0.312396485541994,0.174348734964817,W,245,L245W,0.114665055554781,0
C245,1.10971746691221,0.913792202853231,1.01175483488272,C,245,L245C,0.665407319261918,1
E245,0.918192204361137,0.603727781094833,0.760959992727985,E,245,L245E,0.500465459980126,0
D245,0.492487705087575,0.32404293422594,0.408265319656757,D,245,L245D,0.268506482533294,0
V245,1.15391949459242,1.08528745267414,1.11960347363328,V,245,L245V,0.736336828193176,1
G245,0.326451548037037,0.103086830058871,0.214769189047954,G,245,L245G,0.141248635951437,0
A245,0.946430358088453,0.85552875940081,0.900979558744632,A,245,L245A,0.59255302986869,0
Q245,1.13262981053515,1.17770753349892,1.15516867201704,Q,245,L245Q,0.759727221299921,1
H245,0.376265968958907,0.505034817947987,0.440650393453447,H,245,L245H,0.289805382618761,0
P245,0.164031655766791,0.213515333709953,0.188773494738372,P,245,L245P,0.124151880229092,0
K246,0.785809727714766,0.833742659410669,0.809776193562717,K,246,E246K,0.532570725222329,0
N246,0.968941144577616,1.06951541585429,1.01922828021596,N,246,E246N,0.670322428192846,1
M246,1.38680132498858,1.3005565357081,1.34367893034834,M,246,E246M,0.883705977145592,1
I246,1.21275123633551,1.16790414388761,1.19032769011156,I,246,E246I,0.782850479199516,1
R246,0.770282167813979,1.06277126901526,0.916526718414618,R,246,E246R,0.602778030512587,0
S246,0.468676170808959,0.49951728669511,0.484096728752034,S,246,E246S,0.318379013804954,0
T246,0.91261330131087,0.86790217120815,0.89025773625951,T,246,E246T,0.58550153981255,0
Y246,0.745583608588502,0.320142276891229,0.532862942739866,Y,246,E246Y,0.350451403875576,0
L246,0.967315796951107,0.943827111957703,0.955571454454405,L,246,E246L,0.628456833562276,0
F246,0.611243532947253,0.506620756169869,0.558932144558561,F,246,E246F,0.367596503754923,0
W246,0.940134087208065,0.888161355302224,0.914147721255144,W,246,E246W,0.601213420126909,0
C246,1.0834121829714,1.0490606329291,1.06623640795025,C,246,E246C,0.701238566352761,1
D246,1.02836802933068,0.846219862609672,0.937293945970176,D,246,E246D,0.616436146826752,0
V246,0.950560424380934,0.997044383365451,0.973802403873193,V,246,E246V,0.640446899497332,0
G246,1.07167795319136,0.942433276587202,1.00705561488928,G,246,E246G,0.662316752979802,1
A246,0.915132853916942,0.900375322666603,0.907754088291772,A,246,E246A,0.597008478352655,0
Q246,1.16276212377576,1.19810057593865,1.1804313498572,Q,246,E246Q,0.77634188935925,1
H246,0.566531635043796,1.09911153512278,0.832821585083288,H,246,E246H,0.547727136305674,0
P246,0.876218466837956,0.812773416749369,0.844495941793663,P,246,E246P,0.555405085681284,0
K247,0.363873253985583,0.0090054086326646,0.186439331309124,K,247,G247K,0.122616755931559,0
N247,0.609945315314018,0.7191432654488,0.664544290381409,N,247,G247N,0.437055123976517,0
M247,0.523668544835481,0.171147791063792,0.347408167949636,M,247,G247M,0.228482167571611,0
I247,0.0388830718461736,0.0205806799464767,0.0297318758963252,I,247,G247I,0.0195539543323211,0
R247,0.356803708068548,0.372536183908894,0.364669945988721,R,247,G247R,0.239834832322666,0
S247,0.594375339750471,0.719884174927644,0.657129757339058,S,247,G247S,0.432178760271408,0
T247,0.275642179035186,0.347289649516884,0.311465914276035,T,247,G247T,0.204843794083675,0
Y247,0.396410162647871,0.241069443420076,0.318739803033974,Y,247,G247Y,0.209627659356324,0
L247,0.598007342683891,0.271407801815809,0.43470757224985,L,247,G247L,0.285896929118366,0
F247,0.0268176134727407,0.185002416475394,0.105910014974067,F,247,G247F,0.069654521744937,0
W247,0.475279987339331,0.38753188732506,0.431405937332196,W,247,G247W,0.28372552161529,0
C247,0.535711213368068,0.933834582043436,0.734772897705752,C,247,G247C,0.483242824518225,0
E247,0.297454087746981,0.147038071574011,0.222246079660496,E,247,G247E,0.146166010761395,0
D247,0.549120737560238,0.745247950667834,0.647184344114036,D,247,G247D,0.425637896294434,0
V247,0.338695810889443,0.232472893347942,0.285584352118693,V,247,G247V,0.187822100389052,0
A247,0.653548845079089,0.87179892755286,0.762673886315975,A,247,G247A,0.501592647415823,0
Q247,0.204734112306297,0.382392055092977,0.293563083699637,Q,247,G247Q,0.193069524181202,0
H247,0.545756051580584,0.295677151276347,0.420716601428466,H,247,G247H,0.27669539721839,0
P247,0.590774323107787,0.736280892204326,0.663527607656057,P,247,G247P,0.436386475699788,0
K248,0.297906522697187,0.452691660320247,0.375299091508717,K,248,G248K,0.246825370922192,0
N248,1.14074292114041,0.946092638897289,1.04341778001885,N,248,G248N,0.686231292339756,1
M248,0.0065176205801498,1.03621346034411,0.521365540462128,M,248,G248M,0.342889833261494,0
I248,0.48194350151652,0.0029548997075931,0.242449200612056,I,248,G248I,0.159453127451735,0
R248,0.625808980079516,0.458906060129102,0.542357520104309,R,248,G248R,0.35669576372816,0
S248,0.37967845750733,0.326441335189117,0.353059896348224,S,248,G248S,0.232199176191923,0
T248,0.539175746124236,0.0208110318006557,0.279993388962446,T,248,G248T,0.184145055637078,0
Y248,0.0558616023376518,0.557130386182812,0.306495994260232,Y,248,G248Y,0.201575194774194,0
L248,0.269519851695263,0.216724164153708,0.243122007924485,L,248,G248L,0.159895616970646,0
F248,0.130809617822799,0,0.0654048089113995,F,248,G248F,0.0430152019679918,0
W248,0.13933615888915,0.832123515645815,0.485729837267483,W,248,G248W,0.319453070801633,0
C248,0.826639000047738,0.539438740061586,0.683038870054662,C,248,G248C,0.449218573319145,0
E248,0.577154103200867,0.0439059122097279,0.310530007705298,E,248,G248E,0.204228270380855,0
D248,0.403503116661512,0.147699734235588,0.27560142544855,D,248,G248D,0.18125656470299,0
V248,0.451439393949085,0.0207274802035758,0.23608343707633,V,248,G248V,0.155266514743476,0
A248,0.890292971586128,1.03518206072749,0.962737516156807,A,248,G248A,0.633169783520765,0
Q248,0.270809159210997,0.393492600559733,0.332150879885365,Q,248,G248Q,0.218447808653791,0
H248,0.496195292218444,0.477367731154652,0.486781511686548,H,248,G248H,0.320144732290957,0
P248,0.486127086956531,0.0285052444386569,0.257316165697594,P,248,G248P,0.169230780141949,0
K249,0.75349395834622,0.860354547197948,0.806924252772084,K,249,E249K,0.53069507095238,0
N249,1.07136913121833,1.042399259047,1.05688419513267,N,249,E249N,0.695087836308724,1
M249,0.714661703230806,0.511257764744121,0.612959733987463,M,249,E249M,0.403129176501909,0
I249,1.06172990728098,0.737492061609777,0.89961098444538,I,249,E249I,0.591652950793919,0
R249,0.835468647438961,0.86774732962529,0.851607988532125,R,249,E249R,0.560082511270512,0
S249,0.649489712857839,0.650995199437805,0.650242456147822,S,249,E249S,0.427649144533876,0
T249,0.304595324083258,0.387646612980796,0.346120968532027,T,249,E249T,0.22763560683941,0
Y249,0.899753977662156,0.867084157516346,0.883419067589251,Y,249,E249Y,0.581003908538344,0
L249,0.765695411731099,0.690082934010914,0.727889172871006,L,249,E249L,0.478715560866101,0
F249,0.962316930081337,1.0248950005968,0.993605965339071,F,249,E249F,0.653471235327045,0
W249,0.606253968075603,0.623645588486405,0.614949778281004,W,249,E249W,0.404437981750892,0
C249,0.933153624357034,0.919312778099657,0.926233201228346,C,249,E249C,0.609161755586946,0
D249,0.646956910293151,0.722308817411646,0.684632863852399,D,249,E249D,0.450266905487476,0
V249,1.04465311210251,1.10739777443263,1.07602544326757,V,249,E249V,0.707676584263902,1
G249,0.651717000147167,0.61579883042539,0.633757915286279,G,249,E249G,0.416807650363784,0
A249,1.20841558220357,1.20667211167846,1.20754384694102,A,249,E249A,0.794173139955777,1
Q249,0.789777305183794,0.861327660921646,0.82555248305272,Q,249,E249Q,0.542946419150848,0
H249,1.17681322197532,1.1090459829405,1.14292960245791,H,249,E249H,0.751677873587592,1
P249,0.613664371029169,0.52033847154605,0.56700142128761,P,249,E249P,0.372903476957854,0
K250,0.346794364946712,0.238177255862146,0.292485810404429,K,250,I250K,0.192361026914115,0
N250,0.616876325697335,0.735616228424063,0.676246277060699,N,250,I250N,0.444751244931755,0
M250,0.909669545814641,0.643861036412428,0.776765291113535,M,250,I250M,0.510860232375835,0
R250,0.250211976648282,0.235396222704299,0.242804099676291,R,250,I250R,0.159686536205317,0
S250,0.385648682384335,0.546363762487282,0.466006222435809,S,250,I250S,0.306481313989796,0
T250,0.723086040830524,0.734679223659109,0.728882632244817,T,250,I250T,0.479368935691634,0
Y250,0.221569087657957,0.0345939477962119,0.128081517727085,Y,250,I250Y,0.084236196773556,0
L250,0.802902442267952,0.949065918544699,0.875984180406326,L,250,I250L,0.576114158394498,0
F250,0.738734245736296,0.366688691738544,0.55271146873742,F,250,I250F,0.363505311818466,0
W250,0.424452791046502,0.212174870738466,0.318313830892484,W,250,I250W,0.209347507514221,0
C250,0.639894400835776,0.81037556854562,0.725134984690698,C,250,I250C,0.476904196185038,0
E250,0.152017914887683,0.01161155840888,0.0818147366482816,E,250,I250E,0.0538076248437829,0
D250,0.286634384000537,0.214624056305954,0.250629220153246,D,250,I250D,0.164832933593254,0
V250,0.638008304072119,0.889678853136854,0.763843578604487,V,250,I250V,0.502361926477534,0
G250,0.42006411457662,0.29373152056436,0.35689781757049,G,250,I250G,0.234723286563328,0
A250,0.205795370805571,0.215818380948817,0.210806875877194,A,250,I250A,0.138642715926021,0
Q250,0.404440013238588,0.550035493895703,0.477237753567145,Q,250,I250Q,0.313868027414472,0
H250,0.274795042731806,0.0032016972001008,0.138998369965953,H,250,I250H,0.0914159533040852,0
P250,0.224790357836177,0.213057146298558,0.218923752067367,P,250,I250P,0.143980994173152,0
K251,0.431133474151058,0.628271723924607,0.529702599037833,K,251,E251K,0.348372920276375,0
N251,0.788667608566418,0.34865840028055,0.568663004423484,N,251,E251N,0.373996261041561,0
M251,0.917248738617906,0.901237041988694,0.9092428903033,M,251,E251M,0.59798762836138,0
I251,0.473871360646049,0.29686434271633,0.385367851681189,I,251,E251I,0.253447357280609,0
R251,0.525490573750125,0.899307881676638,0.712399227713382,R,251,E251R,0.468528188859084,0
S251,0.578757603843652,0.717027818797997,0.647892711320824,S,251,E251S,0.42610377271812,0
T251,0.971498564963626,0.732105405613366,0.851801985288496,T,251,E251T,0.560210098366863,0
Y251,0.357338430453576,0.660453919376534,0.508896174915055,Y,251,E251Y,0.334689025303371,0
L251,0.553685983657869,0.277406357406847,0.415546170532358,L,251,E251L,0.27329492662671,0
F251,1.0077354181401,0.989566413074156,0.998650915607128,F,251,E251F,0.656789180265818,0
W251,0.0038509339898401,0.634621537199995,0.319236235594917,W,251,E251W,0.209954151356344,0
C251,0.833417936899661,0.284114300523505,0.558766118711583,C,251,E251C,0.36748731246672,0
D251,1.02806851830709,0.974736444315904,1.0014024813115,D,251,E251D,0.65859882020624,1
V251,0.181435642139537,0.722795220655695,0.452115431397616,V,251,E251V,0.297345667973117,0
G251,0.957961939693794,1.09385110099653,1.02590652034516,G,251,E251G,0.674714549395088,1
A251,0.758518251313894,0.654810490916043,0.706664371114968,A,251,E251A,0.46475650878014,0
Q251,1.03194396080943,0.953447638983373,0.9926957998964,Q,251,E251Q,0.652872640957726,0
H251,0.340998693783648,0.804386693386775,0.572692693585212,H,251,E251H,0.376646492668944,0
P251,0.613845841401954,0.942427975051704,0.778136908226829,P,251,E251P,0.511762312637716,0
K252,1.14532997232109,1.1897775704526,1.16755377138685,K,252,N252K,0.767872609378459,1
M252,1.25815976795265,1.09490644326963,1.17653310561114,M,252,N252M,0.773778105956229,1
I252,0.896943002795282,0.8810078994962,0.888975451145741,I,252,N252I,0.584658211102209,0
R252,0.935489337905367,0.942285561227232,0.938887449566299,R,252,N252R,0.61748415660103,0
S252,1.1205621174796,0.980087622478516,1.05032486997906,S,252,N252S,0.690773922684445,1
T252,1.1047366883354,1.09592061008925,1.10032864921233,T,252,N252T,0.723660230261549,1
Y252,1.1242722619576,0.968336538737591,1.0463044003476,Y,252,N252Y,0.688129754524918,1
L252,1.00903515478466,0.800758251885494,0.904896703335078,L,252,N252L,0.595129243582946,0
F252,1.18741892646667,1.05764433688907,1.12253163167787,F,252,N252F,0.738262608755472,1
W252,0.74540355941956,0.0301065253226467,0.387755042371103,W,252,N252W,0.255017356358228,0
C252,0.875061942436069,0.184156975324834,0.529609458880452,C,252,N252C,0.348311664189128,0
E252,1.17686921684877,1.23775426260918,1.20731173972898,E,252,N252E,0.794020488510565,1
D252,1.03818628542363,0.82348259112667,0.930834438275151,D,252,N252D,0.612187880793413,0
V252,0.931590401971877,1.04240555663513,0.986997979303503,V,252,N252V,0.64912531858709,0
G252,0.909403398816097,0.997698974532513,0.953551186674305,G,252,N252G,0.627128151038211,0
A252,1.09121209537422,1.19107497426177,1.141143534818,A,252,N252A,0.750503218978275,1
Q252,1.09378374339122,0.99156410678561,1.04267392508842,Q,252,N252Q,0.685742076476276,1
H252,0.891660740709316,0.609174623619428,0.750417682164372,H,252,N252H,0.493532030685693,0
P252,0.58876932539131,0.476732044682244,0.532750685036777,P,252,N252P,0.350377574628902,0
K253,1.0925085086842,1.0774857010488,1.0849971048665,K,253,F253K,0.713577034736729,1
N253,1.07717247043188,1.10996428104116,1.09356837573652,N,253,F253N,0.719214157659842,1
M253,1.01434649889254,1.18993521480578,1.10214085684916,M,253,F253M,0.724852076531014,1
I253,1.07619851680355,0.859484910680849,0.9678417137422,I,253,F253I,0.636526694024358,0
R253,1.08487162807893,0.999191165653179,1.04203139686605,R,253,F253R,0.68531950080156,1
S253,0.480834663513621,0.412088715977848,0.446461689745735,S,253,F253S,0.293627335283545,0
T253,1.18390232002221,1.12860028176015,1.15625130089118,T,253,F253T,0.760439240805101,1
Y253,0.923974457230891,0.504214656892583,0.714094557061737,Y,253,F253Y,0.469643167031722,0
L253,1.1413789448297,0.988655150849464,1.06501704783958,L,253,F253L,0.700436621934527,1
W253,0.782360761788263,0.226302075166886,0.504331418477574,W,253,F253W,0.331686892534221,0
C253,0.924561958788823,0.989450615899461,0.957006287344142,C,253,F253C,0.629400489351042,0
E253,0.364712579519338,0.086594113536202,0.22565334652777,E,253,F253E,0.148406889909184,0
D253,0.328360023233193,0.0780603721315242,0.203210197682358,D,253,F253D,0.133646559645229,0
V253,1.11227695462087,1.16487961765613,1.1385782861385,V,253,F253V,0.748816115355722,1
G253,0.341297241233173,0.415577700233068,0.37843747073312,G,253,F253G,0.248889409001911,0
A253,0.700481523432433,0.90473546352015,0.802608493476291,A,253,F253A,0.527856697737266,0
Q253,1.08531274656247,0.999987309377964,1.04265002797022,Q,253,F253Q,0.685726359904621,1
H253,0.227625609686818,0.28018975386846,0.253907681777639,H,253,F253H,0.166989100567285,0
P253,0.257335731687829,0.0027688664902775,0.130052299089054,P,253,F253P,0.0855323332462532,0
K254,0.461230085011499,0.704600601242845,0.582915343127172,K,254,R254K,0.383369688440238,0
N254,0.115002892332955,0,0.0575014461664773,N,254,R254N,0.0378173464837007,0
M254,0.372265035755898,0.359922788856676,0.366093912306287,M,254,R254M,0.240771341422917,0
I254,0.0784349754654498,0.006471567420432,0.0424532714429409,I,254,R254I,0.0279205164836404,0
S254,0.228334634671147,0.648938697229,0.438636665950074,S,254,R254S,0.288481001480618,0
T254,0.671267675736104,0.756401411438941,0.713834543587522,T,254,R254T,0.469472162295313,0
Y254,0.1849310464524,0.0244100410627256,0.104670543757563,Y,254,R254Y,0.0688393507261873,0
L254,0.0867910532962977,0.235833460419362,0.16131225685783,L,254,R254L,0.106091271026445,0
F254,0.60161048337645,0.0992362222618297,0.35042335281914,F,254,R254F,0.230465183626413,0
W254,0.481701992794241,0.206533939336837,0.344117966065539,W,254,R254W,0.226318279305358,0
C254,0.0713884774368596,0.0046503339660481,0.0380194057014539,C,254,R254C,0.025004467441629,0
E254,0.397241276383071,0.615892883585807,0.506567079984439,E,254,R254E,0.333157234437981,0
D254,0.47454325100318,0,0.23727162550159,D,254,R254D,0.156047958278581,0
V254,0.73926058328653,0.385237893323762,0.562249238305146,V,254,R254V,0.369778078165597,0
G254,0.533288508503042,0.50778792831897,0.520538218411006,G,254,R254G,0.342345723039112,0
A254,0.882755678913155,0.747574051561646,0.815164865237401,A,254,R254A,0.536114727632606,0
Q254,0.599598449642763,0.0014015334581469,0.300499991550455,Q,254,R254Q,0.197631765050073,0
H254,0.721077753502513,0.331266071917014,0.526171912709764,H,254,R254H,0.346050871056826,0
P254,0.224187548326487,0.365574300599933,0.29488092446321,P,254,R254P,0.193936237004774,0
K255,1.06050155873272,1.20438516573252,1.13244336223262,K,255,R255K,0.744781320433729,1
N255,0.894944465823057,0.936900426336479,0.915922446079768,N,255,R255N,0.602380614833834,0
M255,0.941029593587255,0.986564693763616,0.963797143675436,M,255,R255M,0.633866675576308,0
I255,0.986625047528178,1.05171879401759,1.01917192077289,I,255,R255I,0.670285361914895,1
S255,0.948733040553238,0.962317605307057,0.955525322930148,S,255,R255S,0.628426493945572,0
T255,0.837738747080826,0.902587547046619,0.870163147063723,T,255,R255T,0.572285801901114,0
Y255,1.08585762004648,1.11289355252241,1.09937558628445,Y,255,R255Y,0.723033423226817,1
L255,0.903590198568894,1.07662820106662,0.990109199817754,L,255,R255L,0.651171495022966,0
F255,1.04918675429038,0.814763447040616,0.931975100665497,F,255,R255F,0.612938067575007,0
W255,0.858614441792465,0.922469093834353,0.890541767813409,W,255,R255W,0.585688340674131,0
C255,0.887345005374596,0.956960290844608,0.922152648109602,C,255,R255C,0.606478071933323,0
E255,0.85919849712978,0.732840573336329,0.796019535233055,E,255,R255E,0.523523295128058,0
D255,0.722247945046567,1.02422185237664,0.873234898711605,D,255,R255D,0.574306020593414,0
V255,1.05853367665483,0.927016500944932,0.992775088799881,V,255,R255V,0.652924787401601,0
G255,0.708416006932572,0.813466507737394,0.760941257334983,G,255,R255G,0.500453138153531,0
A255,1.05354378997273,1.13257739190239,1.09306059093756,A,255,R255A,0.718880199560322,1
Q255,1.08731181943421,1.18555335186817,1.13643258565119,Q,255,R255Q,0.747404938695158,1
H255,0.849248999566548,0.956578886417329,0.902913942991939,H,255,R255H,0.593825228816543,0
P255,0.0578755233801271,0.108386199800783,0.0831308615904552,P,255,R255P,0.0546732092120424,0
K256,0.954656488793482,0.558075128694367,0.756365808743925,K,256,Q256K,0.497443973406866,0
N256,0.76841993157819,1.06536989505135,0.916894913314769,N,256,Q256N,0.603020183624219,0
M256,1.14839828575214,1.0856605886858,1.11702943721897,M,256,Q256M,0.734643945084466,1
I256,0.832463188911882,0.689307467260669,0.760885328086276,I,256,Q256I,0.500416354804277,0
R256,0.771178002226101,0.913108320109392,0.842143161167746,R,256,Q256R,0.553857717292099,0
S256,1.0850814647634,0.986415128735649,1.03574829674953,S,256,Q256S,0.681187253876669,1
T256,0.795331302758194,0.831328198154048,0.813329750456121,T,256,Q256T,0.534907815873898,0
Y256,0.69511521962677,0.830530082679948,0.762822651153359,Y,256,Q256Y,0.501690486544662,0
L256,0.46008350349567,0.686069947146428,0.573076725321049,L,256,Q256L,0.376899061294311,0
F256,1.02587347931559,1.11003918559062,1.0679563324531,F,256,Q256F,0.70236972017908,1
W256,0.803896681965984,0.16419344188005,0.484045061923017,W,256,Q256W,0.318345033748714,0
C256,0.959069233519983,0.807472448397139,0.883270840958561,C,256,Q256C,0.580906423375367,0
E256,0.460982220397495,0.481994030225576,0.471488125311535,E,256,Q256E,0.310086632364591,0
D256,0.726496335048953,0.14605005327371,0.436273194161331,D,256,Q256D,0.286926601765512,0
V256,0.775025157260863,0.902821489129745,0.838923323195304,V,256,Q256V,0.551740105712858,0
G256,0.911006734532849,0.810874198917326,0.860940466725087,G,256,Q256G,0.56622026231686,0
A256,0.927433269219844,1.01093177852302,0.969182523871434,A,256,Q256A,0.637408513258596,0
H256,0.720325824293613,0.503286143744889,0.611805984019251,H,256,Q256H,0.402370382328679,0
P256,0.503220232731062,0.372903458966501,0.438061845848782,P,256,Q256P,0.288102955842019,0
K257,0.532330341264972,0.774873249310142,0.653601795287557,K,257,V257K,0.429858502744377,0
N257,0.180811738408818,0.394173794723108,0.287492766565963,N,257,V257N,0.189077219611236,0
M257,0.767690364508641,0.945567906429792,0.856629135469216,M,257,V257M,0.563384801319284,0
I257,0.871718230560646,1.11531192487479,0.993515077717717,I,257,V257I,0.653411460679676,0
R257,0.43428507838546,0.354712863806878,0.394498971096169,R,257,V257R,0.259452679402432,0
S257,0.188624451909765,0.26322455746535,0.225924504687557,S,257,V257S,0.148585224242739,0
T257,0.693428875739333,0.478259734720938,0.585844305230135,T,257,V257T,0.385295997812783,0
Y257,0.581997297494705,0.530682394034853,0.556339845764779,Y,257,V257Y,0.365891609909472,0
L257,0.723243266896002,0.803552954703644,0.763398110799823,L,257,V257L,0.502068952797054,0
F257,0.336812289183823,0.683135611941409,0.509973950562616,F,257,V257F,0.335397852955766,0
W257,0.487545486101782,0.530766890873326,0.509156188487554,W,257,V257W,0.334860030104419,0
C257,0.706896189397931,0.846386055374928,0.776641122386429,C,257,V257C,0.510778569529273,0
E257,0.561017361829236,0.3600143770391,0.460515869434168,E,257,V257E,0.30287043816626,0
D257,0.245209237582848,0.423475197358127,0.334342217470488,D,257,V257D,0.219888999758436,0
G257,0.492309162559007,0.522550685132253,0.50742992384563,G,257,V257G,0.333724706517997,0
A257,1.00676134094337,0.757914330085641,0.882337835514505,A,257,V257A,0.580292807675218,0
Q257,0.634566014430752,0.787117924823171,0.710841969626962,Q,257,V257Q,0.46750401690264,0
H257,0.396223151736996,0.350980028760264,0.37360159024863,H,257,V257H,0.245708964334376,0
P257,0.128312604452568,0.336087723263632,0.2322001638581,P,257,V257P,0.15271257743276,0
K258,0.752218279800599,0.555622862745492,0.653920571273045,K,258,E258K,0.430068154200081,0
N258,1.12146827141703,1.28341593964624,1.20244210553163,N,258,E258N,0.790817844821276,1
M258,0.985603735035938,1.27249431351637,1.12904902427615,M,258,E258M,0.742548944325988,1
I258,1.19505072848092,1.1850556396717,1.19005318407631,I,258,E258I,0.782669943047141,1
R258,0.918252147308031,0.649093933808991,0.783673040558511,R,258,E258R,0.515403296448118,0
S258,1.06537868447486,1.0757797252479,1.07057920486138,S,258,E258S,0.704094721570511,1
T258,0.988001783708223,1.12365692916545,1.05582935643684,T,258,E258T,0.694394093749117,1
Y258,1.16396966286479,1.01144763761547,1.08770865024013,Y,258,E258Y,0.71536035424845,1
L258,1.0032391707237,0.942777962176193,0.973008566449944,L,258,E258L,0.639924811325848,0
F258,0.995026222740781,1.00316974883097,0.999097985785877,F,258,E258F,0.657083207789983,0
W258,0.428213175534913,0.227064221047966,0.327638698291439,W,258,E258W,0.215480253120651,0
C258,0.956816318084454,1.12819458798684,1.04250545303565,C,258,E258C,0.685631276376153,1
D258,0.911390165316345,0.474261403068692,0.692825784192519,D,258,E258D,0.455655196180525,0
V258,1.07661292220435,1.15865075622335,1.11763183921385,V,258,E258V,0.735040130684684,1
G258,0.676330629488226,0.815339991172994,0.74583531033061,G,258,E258G,0.490518312685405,0
A258,0.909995291697388,0.388499348742045,0.649247320219717,A,258,E258A,0.426994667078081,0
Q258,0.90158619234078,1.05140760873344,0.976496900537112,Q,258,E258Q,0.642219006474322,0
H258,0.864834083093666,0.662774413548548,0.763804248321107,H,258,E258H,0.502336059876725,0
P258,0.422045978333336,0.513167902450205,0.46760694039177,P,258,E258P,0.307534068478578,0
K259,1.29748060330139,0.775746084154326,1.03661334372786,K,259,S259K,0.681756174894924,1
N259,0.683167004189224,0.885982036707055,0.78457452044814,N,259,S259N,0.515996178533822,0
M259,0.753707801219305,0.53663089332539,0.645169347272347,M,259,S259M,0.424312680342385,0
I259,1.04140069351962,1.14112109985265,1.09126089668614,I,259,S259I,0.717696583049641,1
R259,0.93240775503817,1.05954309727762,0.995975426157896,R,259,S259R,0.655029573886142,0
T259,0.504615802361017,0.324256064809005,0.414435933585011,T,259,S259T,0.272564749942192,0
Y259,0.445085856950029,0.173675737915676,0.309380797432853,Y,259,S259Y,0.203472461858581,0
L259,0.740184661793429,0.900689959435883,0.820437310614656,L,259,S259L,0.539582290745206,0
F259,0.756126733220958,0.458478841166034,0.607302787193496,F,259,S259F,0.399408735865896,0
W259,0.390687120620923,0.928037099358092,0.659362109989507,W,259,S259W,0.433646926018256,0
C259,0.898144686166466,0.870565352945275,0.884355019555871,C,259,S259C,0.581619462096967,0
E259,0.595905224627839,0.956253762042697,0.776079493335268,E,259,S259E,0.510409199333581,0
D259,0.916730984141001,1.05952271936488,0.98812685175294,D,259,S259D,0.649867751402304,0
V259,0.88101162217485,0.810528145190992,0.845769883682921,V,259,S259V,0.556242927249419,0
G259,0.810121967432263,0.815046321102079,0.812584144267171,G,259,S259G,0.534417448248947,0
A259,1.04207738732591,0.93692561911296,0.989501503219437,A,259,S259A,0.650771827286802,0
Q259,0.541400320434756,0.57458779715533,0.557994058795043,Q,259,S259Q,0.366979546848349,0
H259,0.7859569474227,0.957058658090915,0.871507802756807,H,259,S259H,0.573170150272099,0
P259,0.629186600354579,0.516097063767486,0.572641832061033,P,259,S259P,0.376613042242724,0
K260,0.384175935086752,0.630125236680303,0.507150585883528,K,260,R260K,0.333540992521165,0
N260,0.71894877543629,0,0.359474387718145,N,260,R260N,0.236417836048767,0
M260,0.188485880474287,0.710413584150131,0.449449732312209,M,260,R260M,0.295592500485081,0
I260,0.319255022275789,0.591420423462609,0.455337722869199,I,260,R260I,0.299464893160942,0
S260,0.377644910665609,0.618309887265837,0.497977398965723,S,260,R260S,0.32750800359379,0
T260,0.830747938923125,0.783903483414415,0.80732571116877,T,260,R260T,0.530959100682038,0
Y260,0.633639497050231,0.80276785525468,0.718203676152456,Y,260,R260Y,0.472345637852136,0
L260,0.685413875570221,0.559325247476699,0.62236956152346,L,260,R260L,0.409317798388921,0
F260,0.0007699854945707,0.395474564320375,0.198122274907473,F,260,R260F,0.130300352701093,0
W260,0.480046872160925,0.507915254524315,0.49398106334262,W,260,R260W,0.324879707802994,0
C260,0.406085332387283,0.575645674379331,0.490865503383307,C,260,R260C,0.322830677416333,0
E260,0.283917752660038,0.313623144120192,0.298770448390115,E,260,R260E,0.196494285259326,0
D260,0.0814211294585556,0.419610207865543,0.250515668662049,D,260,R260D,0.16475825345262,0
V260,0.705314861553741,0.917748207969711,0.811531534761726,V,260,R260V,0.53372517177534,0
G260,0.136233269425642,0.318289062825942,0.227261166125792,G,260,R260G,0.149464314980644,0
A260,0.124075909598664,0.251029607533409,0.187552758566037,A,260,R260A,0.123349030807519,0
Q260,0.9025447147353,0.666625374033003,0.784585044384152,Q,260,R260Q,0.516003099878607,0
H260,0.666255690567755,0.379528402810123,0.522892046688939,H,260,R260H,0.343893780444347,0
P260,0.028585271996502,0.0232822038681006,0.0259337379323013,P,260,R260P,0.0170560084726198,0
K261,0.573760715679009,0.74670891775166,0.660234816715335,K,261,R261K,0.434220884671987,0
N261,0.0142546669462633,0.0033891322811103,0.0088218996136868,N,261,R261N,0.00580195554333233,0
M261,0.716099677455196,0.137568811432695,0.426834244443946,M,261,R261M,0.280718826905883,0
I261,0.45653156521116,0.535415356161301,0.49597346068623,I,261,R261I,0.326190060597572,0
S261,0.363047742674103,0.12151790637935,0.242282824526726,S,261,R261S,0.159343705820019,0
T261,0.152208165948433,0.163866068508372,0.158037117228403,T,261,R261T,0.103937288850241,0
Y261,0.728738587393178,0.292597061954673,0.510667824673926,Y,261,R261Y,0.335854197611995,0
L261,0.4124649461738,0.0792681707147646,0.245866558444282,L,261,R261L,0.161700643189442,0
F261,0.256877699421624,0.188780634840032,0.222829167130828,F,261,R261F,0.146549493653843,0
W261,0.0017661657687216,0.519902624227867,0.260834394998294,W,261,R261W,0.17154463666807,0
C261,0.457570708879093,0.0026710957808751,0.230120902329984,C,261,R261C,0.151345096110441,0
E261,0.213962607904896,0.0055476604679714,0.109755134186434,E,261,R261E,0.0721833660648559,0
D261,0.0048136674873002,0.21865059093914,0.11173212921322,D,261,R261D,0.0734835891185172,0
V261,0.261939107011012,0.000684202537214,0.131311654774113,V,261,R261V,0.086360581811519,0
G261,0.565323678465878,0.143538181336255,0.354430929901066,G,261,R261G,0.233100872659843,0
A261,0.861604329022824,0.058757959663071,0.460181144342948,A,261,R261A,0.302650297359456,0
Q261,0.0446358257913294,0.0568762650484085,0.050756045419869,Q,261,R261Q,0.0333810553256077,0
P261,0.279238341443388,0.0023797849994038,0.140809063221396,P,261,R261P,0.0926068036005897,0
K262,0.999436717491312,1.0602325558914,1.02983463669136,K,262,I262K,0.677297978974623,1
N262,0.725246986235455,1.38885872078629,1.05705285351087,N,262,I262N,0.695198758950692,1
M262,0.977344619579288,1.00680935114675,0.992076985363017,M,262,I262M,0.652465661217593,0
R262,1.13987603220592,1.11667438249025,1.12827520734809,R,262,I262R,0.742040023162532,1
S262,0.857927830228918,0.958056539156223,0.90799218469257,S,262,I262S,0.597165068746216,0
T262,0.644207900185946,0.801191342403556,0.722699621294751,T,262,I262T,0.475302515053548,0
Y262,0.783501197400995,1.17062996701787,0.977065582209434,Y,262,I262Y,0.6425930150128,0
L262,1.13022558451668,0.909326627786141,1.01977610615141,L,262,I262L,0.670682720404519,1
F262,0.774947149517978,0.661580229834267,0.718263689676122,F,262,I262F,0.47238510733281,0
W262,1.22806626734878,1.01868777436619,1.12337702085749,W,262,I262W,0.738818601302628,1
C262,1.2304738689015,1.19385297852512,1.21216342371331,C,262,I262C,0.797211326767635,1
E262,0.637109190542023,0.0124886327264312,0.324798911634227,E,262,I262E,0.213612592337918,0
D262,0.0209826531497702,0,0.0104913265748851,D,262,I262D,0.006899898326164,0
V262,0.877399127887472,0.867257775552349,0.87232845171991,V,262,I262V,0.5737098717617,0
G262,1.20266758756942,1.21656571878802,1.20961665317872,G,262,I262G,0.795536375785668,1
A262,1.12654622052729,0.983770439781579,1.05515833015444,A,262,I262A,0.693952775571698,1
Q262,1.0602932583449,1.22354530131155,1.14191927982822,Q,262,I262Q,0.751013408195944,1
H262,0,0.456153361895779,0.228076680947889,H,262,I262H,0.150000659866659,0
P262,0.318748304101857,0.0113468148771575,0.165047559489508,P,262,I262P,0.108547891568382,0
K263,0.896723416691431,0.983919611725545,0.940321514208488,K,263,S263K,0.618427307131482,0
N263,1.07686524827733,0.994128296036909,1.03549677215712,N,263,S263N,0.681021832077836,1
M263,1.01093097655394,1.03456877786209,1.02274987720801,M,263,S263M,0.672638499570229,1
I263,0.0964921528136092,0.443104015236117,0.269798084024863,I,263,S263I,0.177439843767879,0
R263,0.732374559306363,0.439620462370865,0.585997510838614,R,263,S263R,0.385396757532153,0
T263,0.741147549954555,0.541320947074143,0.641234248514349,T,263,S263T,0.421724658595107,0
Y263,0.439935448639814,0.0516390240161901,0.245787236328002,Y,263,S263Y,0.161648474902291,0
L263,1.0489715898109,1.1524849023748,1.10072824609285,L,263,S263L,0.723923035715879,1
F263,0.971470819505766,0.825322276710396,0.898396548108081,F,263,S263F,0.590854244625433,0
W263,0.0404480252022115,0.504657028712529,0.27255252695737,W,263,S263W,0.179251375993462,0
C263,1.07451133434538,0.944725904732169,1.00961861953877,C,263,S263C,0.664002380756684,1
E263,0.595537611071981,0.584070781450761,0.589804196261371,E,263,S263E,0.387900324854096,0
D263,0.827518118603298,1.02204075003896,0.92477943432113,D,263,S263D,0.608205647340946,0
V263,0.380758761513658,0.399375418957872,0.390067090235765,V,263,S263V,0.256537935769948,0
G263,1.14999540456174,0.904508380857405,1.02725189270957,G,263,S263G,0.67559936910392,1
A263,0.820444605848698,1.04030925814755,0.930376931998122,A,263,S263A,0.611886989693269,0
Q263,1.03492229220681,0.842300276595403,0.938611284401104,Q,263,S263Q,0.617302529277977,0
H263,0.690853854956185,0.776880427976904,0.733867141466545,H,263,S263H,0.482647129978149,0
P263,0.243764121556884,0.150394205807152,0.197079163682018,P,263,S263P,0.129614323022468,0
K264,0.86411246111343,0.473326136647482,0.668719298880456,K,264,M264K,0.439800928708518,0
N264,0.0294596450222774,0,0.0147298225111387,N,264,M264N,0.00968745724993427,0
I264,1.08022017063775,1.05151449230931,1.06586733147353,I,264,M264I,0.700995833448989,1
R264,0.915099759248631,0.678325214813552,0.796712487031091,R,264,M264R,0.523979033200574,0
S264,0.687270183997437,0.510483289825,0.598876736911218,S,264,M264S,0.393867121102131,0
T264,0.848900737710905,0.874388071952113,0.861644404831509,T,264,M264T,0.566683225825579,0
Y264,0.86418186301997,0.881072203210195,0.872627033115082,Y,264,M264Y,0.573906241711111,0
L264,0.834450157769765,0.907687650543405,0.871068904156585,L,264,M264L,0.572881497002619,0
F264,0.942942912243869,0.441128872114114,0.692035892178992,F,264,M264F,0.455135702812066,0
W264,0.394707802682629,0.600860561533953,0.497784182108291,W,264,M264W,0.327380929418597,0
C264,0.197159602961895,0.560434910833388,0.378797256897641,C,264,M264C,0.249126031886218,0
E264,0.0036641349530195,0.174231322489942,0.088947728721481,E,264,M264E,0.0584988256862225,0
D264,0.113853700569188,0.0044602259737254,0.0591569632714567,D,264,M264D,0.0389061410817955,0
V264,0.692295476813905,0.825007998359993,0.758651737586949,V,264,M264V,0.498947374953384,0
G264,0.335397367037665,0.546126385573144,0.440761876305405,G,264,M264G,0.289878702264101,0
A264,0.871281751998518,1.0289199906671,0.950100871332809,A,264,M264A,0.624858959923093,0
Q264,0.864471550653714,0.862615177329494,0.863543363991604,Q,264,M264Q,0.567932126528142,0
H264,0.63224513903509,0.713824570294595,0.673034854664842,H,264,M264H,0.442639168078974,0
P264,0.51654679136824,0.521701469500944,0.519124130434592,P,264,M264P,0.341415710691116,0
K265,0.649166674428261,0.0071035986292722,0.328135136528766,K,265,L265K,0.215806748853896,0
N265,0.370341114351444,0.307415574960358,0.338878344655901,N,265,L265N,0.222872303742969,0
M265,0.485803871403306,0.766345582514356,0.626074726958831,M,265,L265M,0.41175459840684,0
I265,0.440673665178754,0.0062004452880642,0.223437055233409,I,265,L265I,0.14694928733785,0
R265,0.495048163294845,0.0697550094907223,0.282401586392784,R,265,L265R,0.185728870352982,0
S265,0.320661954093535,0.125750783432416,0.223206368762975,S,265,L265S,0.146797570280922,0
T265,0.36506711772366,0.435021656632236,0.400044387177948,T,265,L265T,0.263099768916559,0
Y265,0.252864900251241,0.335246803188744,0.294055851719992,Y,265,L265Y,0.19339360609921,0
F265,0.0062680095792079,0.0430990896577115,0.0246835496184597,F,265,L265F,0.0162337890714322,0
W265,0.0029110321168258,0,0.0014555160584129,W,265,L265W,0.000957258621534997,0
C265,0.945077773004878,0.0347149056556392,0.489896339330259,C,265,L265C,0.3221932810509,0
E265,0.0078663938644265,0.0111098056891229,0.0094880997767747,E,265,L265E,0.00624009969577768,0
D265,0.0279503273456142,0.0094347130353305,0.0186925201904724,D,265,L265D,0.0122936301575799,0
V265,0.648354283104564,0.23399031646775,0.441172299786157,V,265,L265V,0.290148628118343,0
G265,0.51421471242992,0.635651287779631,0.574933000104775,G,265,L265G,0.378119889488125,0
A265,0.422681863363111,0.502758728346676,0.462720295854893,A,265,L265A,0.304320237489724,0
Q265,0.864532932678273,0.326830803380088,0.59568186802918,Q,265,L265Q,0.391765931105409,0
H265,0.0903922162468763,0.264678196030561,0.177535206138719,H,265,L265H,0.116760722576701,0
P265,0.534007931601,0.406979803698284,0.470493867649642,P,265,L265P,0.309432732523794,0
K266,0.95646970685097,0.68348339286239,0.81997654985668,K,266,R266K,0.539279259249615,0
N266,0.128580771091708,0.878923761079591,0.50375226608565,N,266,R266N,0.331305997650137,0
M266,0.581918914020294,0.41585690578698,0.498887909903637,M,266,R266M,0.328106825187192,0
I266,0.611426594801984,0.452440409617009,0.531933502209496,I,266,R266I,0.349840132735174,0
S266,0.328977671012991,0.448246890986578,0.388612280999785,S,266,R266S,0.255581142008875,0
T266,0.832240147502145,1.03536569742387,0.933802922463009,T,266,R266T,0.614140182910104,0
Y266,0.597141370243225,0.247215334537445,0.422178352390336,Y,266,R266Y,0.277656756389042,0
L266,0.266129826942821,0.657260276967176,0.461695051954998,L,266,R266L,0.303645958730189,0
F266,0.315639053810115,0.453027569567935,0.384333311689025,F,266,R266F,0.252766964700192,0
W266,0.403218605053518,0.409514973224635,0.406366789139076,W,266,R266W,0.267257863738748,0
C266,0.478557008897128,0.0130982361708612,0.245827622533994,C,266,R266C,0.161675035958525,0
E266,0.273231017291694,0.0293892727674124,0.151310145029553,E,266,R266E,0.0995131177138559,0
D266,0.0019330475736402,0.237073221496806,0.119503134535223,D,266,R266D,0.0785943962439247,0
V266,1.00768921929454,1.12095824136689,1.06432373033072,V,266,R266V,0.699980643342617,1
G266,0.48244830060217,0.605532600739198,0.543990450670684,G,266,R266G,0.357769703691924,0
A266,0.576406420001845,0.323005231194387,0.449705825598116,A,266,R266A,0.295760927005994,0
Q266,0.0015941366354046,0.0029064587287801,0.0022502976820923,Q,266,R266Q,0.00147996777139782,0
H266,1.04032949662235,0.727705467181122,0.884017481901734,H,266,R266H,0.581397471533794,0
P266,0.235529492784624,0.241807456092861,0.238668474438742,P,266,R266P,0.156966632916584,0
K267,0.295378910913937,0.621373195653863,0.4583760532839,K,267,Q267K,0.30146313149554,0
N267,0.485728731600553,0.362240942571125,0.423984837085839,N,267,Q267N,0.278844838814822,0
M267,0.575892196160754,0.471636419347869,0.523764307754312,M,267,Q267M,0.344467445997696,0
I267,0.0671025247729652,0.0851398114929962,0.0761211681329807,I,267,Q267I,0.0500630989644086,0
R267,0.490994083704624,0.485017327955616,0.48800570583012,R,267,Q267R,0.320949855938748,0
S267,0.736277835338124,0.76036701992906,0.748322427633592,S,267,Q267S,0.492154031142297,0
T267,0.438123485835827,0.22717334799323,0.332648416914529,T,267,Q267T,0.218775027036541,0
Y267,0.45139778663167,0.276751582369695,0.364074684500683,Y,267,Q267Y,0.239443342865577,0
L267,0.41256833187307,0.825201374100457,0.618884852986764,L,267,Q267L,0.40702598767958,0
W267,0.190541740740418,0.196442633673788,0.193492187207103,W,267,Q267W,0.127255253099461,0
C267,0.0172077365784331,0.038632151819116,0.0279199441987745,C,267,Q267C,0.0183622895416185,0
E267,0.871234909733039,0.948846988072518,0.910040948902778,E,267,Q267E,0.598512492701024,0
D267,0.311239096346878,0.409037802219629,0.360138449283253,D,267,Q267D,0.236854573695704,0
V267,0.426539261905561,0.343842875065379,0.38519106848547,V,267,Q267V,0.253331091137569,0
G267,0.422060154416239,0.636933475215838,0.529496814816039,G,267,Q267G,0.348237580841713,0
A267,0.849205071578481,0.875492986534901,0.862349029056691,A,267,Q267A,0.567146640578442,0
H267,0.640905442594831,1.01972351584107,0.830314479217951,H,267,Q267H,0.546078271842226,0
P267,0.296515077192845,0.293771394074775,0.29514323563381,P,267,Q267P,0.194108752881964,0
K268,0.14811460482301,0.165363401476572,0.156739003149791,K,268,G268K,0.103083549802633,0
N268,0.354152970525714,0.77243575454828,0.563294362536997,N,268,G268N,0.370465431751105,0
M268,0.395701549530875,0.220284236028303,0.307992892779589,M,268,G268M,0.202559669665375,0
I268,0.502641753573529,0,0.251320876786764,I,268,G268I,0.165287819866579,0
R268,0.237546377575535,0.122969920978944,0.180258149277239,R,268,G268R,0.118551538129873,0
S268,0.494363165207339,0.503257137012559,0.498810151109949,S,268,G268S,0.32805568506048,0
T268,0.303021256456082,0.0642680743939495,0.183644665425016,T,268,G268T,0.120778770018309,0
Y268,0.391735220855602,0.219095002709342,0.305415111782472,Y,268,G268Y,0.20086432383277,0
L268,0.249715557659497,0.17613519825653,0.212925377958014,L,268,G268L,0.140036004835397,0
F268,0.330694206047769,0.709175929822344,0.519935067935056,F,268,G268F,0.341949045180528,0
W268,0.0118948768596006,0.154912188925732,0.0834035328926662,W,268,G268W,0.054852538703722,0
C268,0.157495794542175,0.0077420953037373,0.0826189449229564,C,268,G268C,0.0543365336799256,0
E268,0.302468929202004,0.622859482667726,0.462664205934865,E,268,G268E,0.304283348470728,0
D268,0.875827284446085,0.008035987873341,0.441931636159713,D,268,G268D,0.290648025762244,0
V268,0.630150019507971,0.811446784966993,0.720798402237482,V,268,G268V,0.474052128069854,0
A268,0.765716963872687,0.479711190624638,0.622714077248662,A,268,G268A,0.409544378265039,0
Q268,0.771335226523438,0.814593973444584,0.792964599984011,Q,268,G268Q,0.5215141361851,0
H268,0.002579653679709,0.569665910840899,0.286122782260304,H,268,G268H,0.188176213208469,0
P268,0.0777895226312265,0,0.0388947613156133,P,268,G268P,0.0255801682068111,0
N269,0.186972979243556,0.13508112948997,0.161027054366763,N,269,K269N,0.105903700067073,0
M269,0.391236555586859,0.43443464950376,0.412835602545309,M,269,K269M,0.271512249919118,0
I269,0.704882064374234,0.91083733166756,0.807859698020897,I,269,K269I,0.53131029125464,0
R269,0.44250927154464,0.700667820572534,0.571588546058587,R,269,K269R,0.375920320852976,0
S269,0.0104678941703524,0.182907151012095,0.0966875225912236,S,269,K269S,0.0635891057747799,0
T269,0.138791640682462,0.498091123459975,0.318441382071219,T,269,K269T,0.209431394919533,0
Y269,0.023630731301292,0,0.011815365650646,Y,269,K269Y,0.00777068763363711,0
L269,0.348056037714938,0.0370953563291687,0.192575697022053,L,269,K269L,0.126652499096081,0
F269,0.895791428269991,0,0.447895714134995,F,269,K269F,0.294570459340594,0
W269,0,0.0092400772615289,0.0046200386307644,W,269,K269W,0.00303849056529569,0
C269,0.163340606064112,0,0.0816703030320562,C,269,K269C,0.0537126342570614,0
E269,0.647694323184822,0.508149681998687,0.577922002591755,E,269,K269E,0.380085686006764,0
D269,0.499533111247312,0,0.249766555623656,D,269,K269D,0.164265579455407,0
V269,0.126229675033803,0.0036649918853867,0.0649473334595947,V,269,K269V,0.042714331140872,0
G269,0.624286642895101,0.390586743074743,0.507436692984922,G,269,K269G,0.333729158421437,0
A269,0.831350329861663,0.869285875673122,0.850318102767393,A,269,K269A,0.559234183791094,0
Q269,0.361701619013422,0.0234051461987572,0.19255338260609,Q,269,K269Q,0.126637823430401,0
H269,0,0,0,H,269,K269H,0,0
P269,0,0,0,P,269,K269P,0,0
K270,0.266995370376102,0.123462752549382,0.195229061462742,K,270,Y270K,0.128397554378875,0
N270,0.630527479668244,0.640771164937905,0.635649322303075,N,270,Y270N,0.418051584199618,0
M270,0.531213243877601,0.332108302165762,0.431660773021681,M,270,Y270M,0.283893121044664,0
I270,0.516891511155136,0.947647601238655,0.732269556196896,I,270,Y270I,0.481596435783352,0
R270,0.206886158634418,0.181022126946474,0.193954142790446,R,270,Y270R,0.127559070403547,0
S270,0.7152069999772,0.711118877575282,0.713162938776241,S,270,Y270S,0.469030463633078,0
T270,0.573564723548129,0.397847015385445,0.485705869466787,T,270,Y270T,0.319437307743765,0
L270,0.58007308177516,0.120287501260329,0.350180291517744,L,270,Y270L,0.230305327934696,0
F270,0.874118255080201,0.992078870838537,0.933098562959369,F,270,Y270F,0.613676942258362,0
W270,0.897806720104797,1.2094310453817,1.05361888274325,W,270,Y270W,0.692940317276756,1
C270,1.06935089508003,0.727988122902147,0.898669508991087,C,270,Y270C,0.591033764567579,0
E270,0.149513236015318,0.88820368175504,0.518858458885179,E,270,Y270E,0.341240984771946,0
D270,0.148774614414739,0.191073307516901,0.16992396096582,D,270,Y270D,0.111754985937616,0
V270,0.935997119517018,0.839587704626732,0.887792412071875,V,270,Y270V,0.583880154174204,0
G270,0.159741225862806,0.347380412142234,0.25356081900252,G,270,Y270G,0.166760977091729,0
A270,0.79972023796768,0.906375211279042,0.853047724623361,A,270,Y270A,0.56102939177939,0
Q270,0.676109532998726,0.0077646999615585,0.341937116480142,Q,270,Y270Q,0.224883985911049,0
H270,1.00556048290326,1.2185839920891,1.11207223749618,H,270,Y270H,0.731383711612026,1
P270,0.260173495441309,0.172835913264246,0.216504704352777,P,270,Y270P,0.142390043480914,0
K271,0.0279841187603671,0.178489222786747,0.103236670773557,K,271,A271K,0.0678963262448068,0
N271,0.232073199897459,0.55833533522521,0.395204267561334,N,271,A271N,0.259916536271695,0
M271,0.157953841396041,0,0.0789769206980203,M,271,A271M,0.0519412601485838,0
I271,0.0805537168577898,0.0020827486925766,0.0413182327751832,I,271,A271I,0.0271740282919049,0
R271,0.390208250935398,0.28471841517498,0.337463333055189,R,271,A271R,0.221941683949031,0
S271,0.752280126908759,0.806330073198562,0.77930510005366,S,271,A271S,0.512530604881129,0
T271,0.230941109008701,0.227764532205716,0.229352820607208,T,271,A271T,0.150839946856387,0
Y271,0.0421454149102681,0.235404953740611,0.13877518432544,Y,271,A271Y,0.0912691693662859,0
L271,0.242299741760237,0.0140989250461698,0.128199333403204,L,271,A271L,0.084313681368154,0
F271,0.10908073143571,0.0084125258579163,0.0587466286468132,F,271,A271F,0.0386362736661225,0
W271,0,0,0,W,271,A271W,0,0
C271,0.946333528955658,0.884857286434299,0.915595407694979,C,271,A271C,0.602165529392762,0
E271,0.178166629529948,0.82720012163144,0.502683375580694,E,271,A271E,0.33060301354671,0
D271,0.281640965796151,0.0427214415555629,0.162181203675857,D,271,A271D,0.106662756877394,0
V271,0.126908292743872,0.473626705359664,0.300267499051768,V,271,A271V,0.197478860210911,0
G271,0.784431963672928,0.853610717868007,0.819021340770467,G,271,A271G,0.538651040737109,0
Q271,0.139908682045598,0.689678684316354,0.414793683180976,Q,271,A271Q,0.272800033423339,0
H271,0.202944221264578,0.807616781270771,0.505280501267674,H,271,A271H,0.332311081926102,0
P271,0.169005331969907,0.51365244780581,0.341328889887859,P,271,A271P,0.22448396961034,0
K272,0.0166595542067544,0.0083572921022835,0.012508423154519,K,272,G272K,0.00822649522639247,0
N272,0.254543311501253,0.0044742960872072,0.12950880379423,N,272,G272N,0.0851748891948964,0
M272,0.47199431264477,0.371246459906999,0.421620386275885,M,272,G272M,0.277289795220531,0
I272,0.0388331684384566,0.324234131339009,0.181533649888733,I,272,G272I,0.119390404832902,0
R272,0.118159374771748,0.231349154658159,0.174754264714953,R,272,G272R,0.114931762917687,0
S272,0.719645491395066,0.721806977795216,0.720726234595141,S,272,G272S,0.474004665111663,0
T272,0.619747913873742,0.430372870114944,0.525060391994343,T,272,G272T,0.345319850068289,0
Y272,0.726118011112471,0.685464880496977,0.705791445804724,Y,272,G272Y,0.464182406368589,0
L272,0.331542339470235,0.072980073315051,0.202261206392643,L,272,G272L,0.133022430430996,0
F272,0.933641179056199,0.691945662341122,0.812793420698661,F,272,G272F,0.534555084427655,0
W272,0.507195059324467,0.48400963515208,0.495602347238274,W,272,G272W,0.325945988025806,0
C272,0.250914011001745,0.822439999189653,0.536677005095699,C,272,G272C,0.352959822832613,0
E272,0.262971160350551,0.271423226349742,0.267197193350146,E,272,G272E,0.175729299244751,0
D272,1.12824172425743,0.100796578857998,0.614519151557715,D,272,G272D,0.404154768699995,0
V272,0.382458549412022,0.250758339826685,0.316608444619354,V,272,G272V,0.208225915139087,0
A272,1.00898189860846,0.980640899991727,0.994811399300094,A,272,G272A,0.654264020844739,0
Q272,0.617773153079101,0.90533097424129,0.761552063660195,Q,272,G272Q,0.500854851083813,0
H272,0.253962457088598,0.779111964424201,0.5165372107564,H,272,G272H,0.339714354563264,0
P272,0.678924521631525,0.417588656790043,0.548256589210784,P,272,G272P,0.36057544250502,0
K273,1.12336082838494,1.18695910912864,1.15515996875679,K,273,G273K,0.759721497370692,1
N273,1.12367324298742,1.17743195576576,1.15055259937659,N,273,G273N,0.756691339073021,1
M273,0.900536435693906,0.993637694605392,0.947087065149649,M,273,G273M,0.62287685059782,0
I273,0.685250309967823,0.439799026246415,0.562524668107119,I,273,G273I,0.369959221857583,0
R273,0.857638803341017,0.698821796895621,0.778230300118319,R,273,G273R,0.511823734284557,0
S273,0.692326751417916,0.769367287589069,0.730847019503493,S,273,G273S,0.480660866913232,0
T273,1.00449792482837,0.93070350222121,0.96760071352479,T,273,G273T,0.636368193859022,0
Y273,0.400978501692109,0.918297801545718,0.659638151618913,Y,273,G273Y,0.433828472094731,0
L273,1.03814204584472,1.0535680746562,1.04585506025046,L,273,G273L,0.687834234128903,1
F273,0.860338196599717,0.192230838120342,0.52628451736003,F,273,G273F,0.346124928482485,0
W273,0.985951632728141,0.984048516996675,0.985000074862408,W,273,G273W,0.647811343904237,0
C273,0.886552631597978,0.444683866842539,0.665618249220259,C,273,G273C,0.437761441403741,0
E273,1.13909425843251,1.11707903026909,1.1280866443508,E,273,G273E,0.741916009721516,1
D273,1.10611382207803,0.784353590227539,0.945233706152785,D,273,G273D,0.621657940048333,0
V273,1.08999584463271,0.802431480227117,0.946213662429914,V,273,G273V,0.622302434205293,0
A273,0.771881965332909,0.507370752024169,0.639626358678539,A,273,G273A,0.420667187329908,0
Q273,1.18811304217204,1.01275559466096,1.1004343184165,Q,273,G273Q,0.723729726407701,1
H273,1.02574446953966,0.862301478848661,0.944022974194162,H,273,G273H,0.620861670162431,0
P273,1.08624329883904,0.888778233763072,0.987510766301056,P,273,G273P,0.64946256651478,0
K274,0.584259156457683,0.381277381624916,0.4827682690413,K,274,A274K,0.317505317150004,0
N274,1.01743078669653,0.810813059861295,0.914121923278914,N,274,A274N,0.60119645340571,0
M274,0.937907206855655,0.419486027454596,0.678696617155125,M,274,A274M,0.446362775885003,0
I274,0.464850242883988,0.325479997642344,0.395165120263166,I,274,A274I,0.25989079001595,0
R274,0.424979137224595,0.49923814858847,0.462108642906532,R,274,A274R,0.303917967755343,0
S274,1.10577725664467,0.962113584613783,1.03394542062923,S,274,A274S,0.680001544725786,1
T274,0.487235791101089,0.488745227537634,0.487990509319361,T,274,A274T,0.320939861551632,0
Y274,0.0037865867637888,0.0039508408346648,0.0038687137992268,Y,274,A274Y,0.00254436192383849,0
L274,0.210215047201077,0.0775831910899636,0.14389911914552,L,274,A274L,0.0946390605841495,0
F274,0.127307041284656,0.203656138111075,0.165481589697865,F,274,A274F,0.108833343011226,0
W274,0.0234144577489199,0.0038076559990461,0.013611056873983,W,274,A274W,0.00895167144705406,0
C274,0.931410329943636,0.821712739479514,0.876561534711575,C,274,A274C,0.576493870719336,0
E274,0.187141187641516,0.956490307989212,0.571815747815364,E,274,A274E,0.376069746095828,0
D274,0.647219473974276,0.0639648877878977,0.355592180881087,D,274,A274D,0.233864600071826,0
V274,0.338892655600474,0.142748778144594,0.240820716872534,V,274,A274V,0.15838211206123,0
G274,0.939937198625137,1.0398084536258,0.989872826125471,G,274,A274G,0.651016037614211,0
Q274,0.529843280832804,0.87998896049062,0.704916120661712,Q,274,A274Q,0.463606725643562,0
H274,0.0471354320356438,0.346761744972555,0.1969485885041,H,274,A274H,0.129528446804134,0
P274,0.257277130232941,0.319182013124214,0.288229571678577,P,274,A274P,0.189561798975623,0
K275,0.577320582024875,0.36469187943261,0.471006230728743,K,275,R275K,0.309769701650305,0
M275,0.249501385069476,0.310701393131366,0.280101389100421,M,275,R275M,0.18421608478348,0
I275,0.268943388546072,0.767829578153515,0.518386483349793,I,275,R275I,0.340930577581458,0
S275,0.178814949766866,0.109988998849799,0.144401974308333,S,275,R275S,0.0949697765781117,0
T275,0.296931869420463,0.476362261280855,0.386647065350659,T,275,R275T,0.254288665974394,0
Y275,0.348119882094859,0.0019892732954343,0.175054577695147,Y,275,R275Y,0.115129271689774,0
L275,0.280975644161438,0.201854430009389,0.241415037085414,L,275,R275L,0.158772982463823,0
F275,0.57113334794147,0.0039785465908686,0.287555947266169,F,275,R275F,0.189118772069306,0
W275,0.39698234442731,0.381353494389807,0.389167919408558,W,275,R275W,0.2559465723002,0
C275,0.268502541281347,0.363745491932902,0.316124016607125,C,275,R275C,0.207907318247943,0
E275,0.682839454158748,0.0108824950867879,0.346860974622768,E,275,R275E,0.2281222914117,0
D275,0.654540523435716,0.0186081147766796,0.336574319106198,D,275,R275D,0.221357000418803,0
V275,0.0045211241593427,0.0379627206169136,0.0212419223881282,V,275,R275V,0.0139703119223468,0
G275,0.403889484427559,0.397651006484526,0.400770245456043,G,275,R275G,0.263577148805777,0
A275,0.0175724198378497,0.0110316255750142,0.014302022706432,A,275,R275A,0.00940610339679093,0
Q275,0.289438146619652,0.323979442043674,0.306708794331663,Q,275,R275Q,0.201715148367879,0
H275,0.0034946198128442,0.0021654226864804,0.0028300212496623,H,275,R275H,0.00186123830424822,0
P275,0.279184457543881,0.26519472076653,0.272189589155206,P,275,R275P,0.179012680351326,0
K276,1.12229390711803,1.18954871053668,1.15592130882735,K,276,G276K,0.760222212798908,1
N276,0.952187948456076,0.874919218488166,0.913553583472121,N,276,G276N,0.600822669704136,0
M276,1.22698007131536,1.08285624391796,1.15491815761666,M,276,G276M,0.759562463880587,1
I276,0.84720034592317,1.15808638312269,1.00264336452293,I,276,G276I,0.659414919860788,1
R276,1.09863317072029,1.06763981485345,1.08313649278687,R,276,G276R,0.71235335400558,1
S276,0.986084397645339,1.1064235345333,1.04625396608932,S,276,G276S,0.688096585101414,1
T276,1.20172641900297,1.20972456774827,1.20572549337562,T,276,G276T,0.792977251653881,1
Y276,0.635311833547516,0.650752057276777,0.643031945412146,Y,276,G276Y,0.422906961493365,0
L276,1.04118434279026,1.13311371778292,1.08714903028659,L,276,G276L,0.714992305388932,1
F276,0.99105224450121,0.915760790503596,0.953406517502403,F,276,G276F,0.62703300553207,0
W276,0.719693959535461,0.972483824558362,0.846088892046912,W,276,G276W,0.55645273153499,0
C276,0.947106393476994,1.19090847521165,1.06900743434432,C,276,G276C,0.703061005130329,1
E276,0.760898774641673,0.795434036363008,0.77816640550234,E,276,G276E,0.511781712300902,0
D276,0.857608436902677,0.772836246682518,0.815222341792598,D,276,G276D,0.536152528608886,0
V276,0.904948533776923,0.629068327657778,0.767008430717351,V,276,G276V,0.504443375152326,0
A276,1.0938602371141,1.05232557328477,1.07309290519943,A,276,G276A,0.705747923063305,1
Q276,1.19340106992289,0.936711722868129,1.06505639639551,Q,276,G276Q,0.700462500552761,1
H276,0.74124268120569,1.05613834710102,0.898690514153353,H,276,G276H,0.591047579167947,0
P276,0.320785880651798,0.248995450002643,0.284890665327221,P,276,G276P,0.187365878928668,0
K277,0.2556730850379,0.282684264031154,0.269178674534527,K,277,G277K,0.177032472738574,0
N277,0.0479223677588417,0.0891694685827701,0.0685459181708059,N,277,G277N,0.045081035527416,0
M277,0.051457895235419,0.0341046416039034,0.0427812684196612,M,277,G277M,0.0281362323680431,0
I277,0.417527496830605,0.348073225398368,0.382800361114486,I,277,G277I,0.251758779221659,0
R277,0.283002091411637,0.158369833811778,0.220685962611707,R,277,G277R,0.145139958532755,0
S277,0.875122902122012,0.794757728543749,0.83494031533288,S,277,G277S,0.549120575276276,0
T277,0.418652496458945,0.029548997075931,0.224100746767438,T,277,G277T,0.147385781624063,0
Y277,0.382408853654562,0.0376553591056112,0.210032106380087,Y,277,G277Y,0.138133168280345,0
L277,0.484628708407822,0.329739944642775,0.407184326525299,L,277,G277L,0.26779553881754,0
F277,0.247525943024645,0.155874185448579,0.201700064236612,F,277,G277F,0.13265338045476,0
W277,0.476146504531074,0.298071583254728,0.387109043892901,W,277,G277W,0.254592498378007,0
C277,0.0210050944900374,0.0050836984216655,0.0130443964558515,C,277,G277C,0.00857899223983838,0
E277,0.584113651303776,0.824662963026224,0.704388307165,E,277,G277E,0.463259595141381,0
D277,0.079127145720993,0.0056961922074083,0.0424116689642007,D,277,G277D,0.0278931555134738,0
V277,0.254823930823634,0.238461958889475,0.246642944856554,V,277,G277V,0.16221125424213,0
A277,0.805716563768385,0.983844899083311,0.894780731425848,A,277,G277A,0.588476207177511,0
Q277,0.546734957941622,0.408081838927943,0.477408398434783,Q,277,G277Q,0.313980256523744,0
H277,0.477233038757745,0.0305491169769625,0.253891077867354,H,277,G277H,0.166978180566657,0
P277,0.240128319267072,0.0506554235587388,0.145391871412906,P,277,G277P,0.0956208085830889,0
K278,0.86843726923519,1.15390300191206,1.01117013557362,K,278,H278K,0.665022776301086,1
N278,0.802643023062049,0.949891374533424,0.876267198797737,N,278,H278N,0.57630029292298,0
M278,0.136746159277384,0.013187155719837,0.0749666574986106,M,278,H278M,0.0493038045189665,0
I278,0.45339543765517,0,0.226697718827585,I,278,H278I,0.149093748966706,0
R278,1.04243620789711,1.01908718582267,1.03076169685989,R,278,H278R,0.677907684607122,1
S278,0.467703525331442,0.409055703413393,0.438379614372418,S,278,H278S,0.288311944713798,0
T278,0.2972854644743,0.374192959052974,0.335739211763637,T,278,H278T,0.220807769993654,0
Y278,0.564620188102693,0.959506556843298,0.762063372472996,Y,278,H278Y,0.501191126844215,0
L278,0.42107160856046,0.315693678390511,0.368382643475485,L,278,H278L,0.242276585993341,0
F278,0.202245701972624,0.380928785161716,0.29158724356717,F,278,H278F,0.191770060674327,0
W278,0.110674895917026,0.361035018818648,0.235854957367837,W,278,H278W,0.155116249021887,0
C278,0.809502276598672,0.679984668788494,0.744743472693583,C,278,H278C,0.48980023679382,0
E278,0.186663999200127,0.927213113005043,0.556938556102585,E,278,H278E,0.366285367593803,0
D278,0,0.302948940894982,0.151474470447491,D,278,H278D,0.0996211906699386,0
V278,0.117591020046906,0.07501937157177,0.0963051958093378,V,278,H278V,0.06333765845746,0
G278,0.678079043625945,0.432259614367905,0.555169328996925,G,278,H278G,0.365121788607122,0
A278,0.408937538208782,0.388330058400215,0.398633798304499,A,278,H278A,0.262172057846149,0
Q278,0.0831916886011156,0.0541815226519617,0.0686866056265387,Q,278,H278Q,0.0451735623526362,0
P278,0.283157631977332,0.0403442306743378,0.161750931325835,P,278,H278P,0.106379776889446,0
K279,0.43352833896811,0.622801938369622,0.528165138668866,K,279,G279K,0.347361768812291,0
M279,0.002789739111958,0.0639299056233979,0.033359822367678,M,279,G279M,0.0219399692567849,0
I279,0.274379046776113,0.600071940618906,0.43722549369751,I,279,G279I,0.287552906735507,0
R279,0.29636579827216,0.152959514275407,0.224662656273784,R,279,G279R,0.147755336268523,0
S279,0.241050187252863,0.222232305877494,0.231641246565178,S,279,G279S,0.152344990696576,0
T279,0.315135106411802,0.210947006903174,0.263041056657488,T,279,G279T,0.172995906055216,0
L279,0.254208227208361,0.286478327531345,0.270343277369853,L,279,G279L,0.177798404586826,0
F279,0.0375282102194617,0.159984712130538,0.0987564611749999,F,279,G279F,0.064949797939802,0
W279,0.0999438684116035,0.359460165955753,0.229702017183678,W,279,G279W,0.15106960521811,0
C279,0.0526065089683525,0.236074671940861,0.144340590454607,C,279,G279C,0.0949294058636407,0
E279,0.0071736148593208,0.285465754029753,0.146319684444537,E,279,G279E,0.0962310093559129,0
D279,0.0036459956710739,0.385544057085957,0.194595026378515,D,279,G279D,0.127980564441028,0
V279,0.105948773306892,0.457240371191392,0.281594572249142,V,279,G279V,0.185198116162922,0
A279,0.0010589376355958,0.0013012402382061,0.001180088936901,A,279,G279A,0.000776116692424766,0
Q279,0.005027243177863,0.0395899184124124,0.0223085807951377,Q,279,G279Q,0.0146718280275391,0
H279,0.364076745086636,0.6004311729446,0.482253959015618,H,279,G279H,0.317167067562595,0
P279,0.207285348770822,0.0528250227055749,0.130055185738198,P,279,G279P,0.0855342317273894,0
N280,0.0653046318227824,0.395891617966759,0.230598124894771,N,280,R280N,0.151658954148552,0
M280,0.818323472841039,0.0504914901491636,0.434407481495101,M,280,R280M,0.285699566498719,0
I280,0.70219774720506,0.358860109066728,0.530528928135894,I,280,R280I,0.348916377456921,0
S280,0.495784269887108,0.838291797754545,0.667038033820826,S,280,R280S,0.438695200287238,0
T280,0.29104174192446,0.0264994564524363,0.158770599188448,T,280,R280T,0.104419682655473,0
Y280,0.510771428582393,0.839261455411057,0.675016441996725,Y,280,R280Y,0.443942411383509,0
L280,0.913667706209428,0.441410271526903,0.677538988868166,L,280,R280L,0.445601431032902,0
W280,0.32156654777838,0.023399205806321,0.172482876792351,W,280,R280W,0.113437924591965,0
C280,0.731480981845664,0.0316697384928638,0.381575360169264,C,280,R280C,0.25095312495943,0
E280,0.294596450222774,0.777060387463179,0.535828418842977,E,280,R280E,0.352401727645796,0
D280,0.53869065183593,0.734073386022222,0.636382018929076,D,280,R280D,0.418533461509151,0
V280,0.817404008264813,0.425927268059802,0.621665638162308,V,280,R280V,0.408854844577819,0
G280,0.301951683539768,0.448126936855599,0.375039310197683,G,280,R280G,0.246654518874038,0
A280,0,0.110287757621558,0.055143878810779,A,280,R280A,0.0362668299751075,0
Q280,0.004893628741242,0,0.002446814370621,Q,280,R280Q,0.00160921216776314,0
H280,0.258276339921336,0.208024939414554,0.233150639667945,H,280,R280H,0.153337682980909,0
P280,0.0034699228530362,0.0015655097788572,0.0025177163159467,P,280,R280P,0.00165584270684536,0
N281,0.891093394888722,0.0079237534058362,0.449508574147279,N,281,D281N,0.295631199373769,0
M281,0.721783929501267,0.921370302525092,0.821577116013179,M,281,D281M,0.540331913903468,0
I281,0.674922026171752,1.05702870433855,0.865975365255154,I,281,D281I,0.569531596464362,0
R281,0.6947804631063,0.669352973763089,0.682066718434694,R,281,D281R,0.448579212101332,0
S281,0.598696011743057,0.835188486490843,0.71694224911695,S,281,D281S,0.471516027008479,0
T281,0.996168501956673,1.1939473057861,1.09505790387138,T,281,D281T,0.720193785222776,1
Y281,0.0599950635987391,0.155206853328122,0.107600958463431,Y,281,D281Y,0.0707666154414416,0
L281,0.772833016100994,0.909166772902085,0.840999894501539,L,281,D281L,0.553105817739624,0
F281,0.64693874551018,0.0486987762968133,0.347818760903497,F,281,D281F,0.228752204884325,0
W281,0.79192594145907,0.0825222900156909,0.43722411573738,W,281,D281W,0.287552000483592,0
C281,0.74124268120569,1.03912071570494,0.890181698455315,C,281,D281C,0.585451531540083,0
E281,1.0412244969641,0.782179334362879,0.911701915663487,E,281,D281E,0.599604871409306,0
V281,0.847480100344848,0.374011254708854,0.610745677526851,V,281,D281V,0.401673043728083,0
G281,0.90216525117615,0.897913290455876,0.900039270816013,G,281,D281G,0.591934624650009,0
A281,0.683318955201826,0.879975121026634,0.78164703811423,A,281,D281A,0.514070842370522,0
Q281,1.22097004214295,0.49651442190908,0.858742232026014,Q,281,D281Q,0.564774535142857,0
H281,1.14964468379619,1.32175059785267,1.23569764082443,H,281,D281H,0.812689226925783,1
P281,0.48792537068147,0.109103989203438,0.298514679942453,P,281,D281P,0.196326072376874,0
N282,0.710066880941737,0.607039179059887,0.658553030000812,N,282,K282N,0.433114813170574,0
M282,0.624300249435827,0.439636738782855,0.531968494109341,M,282,K282M,0.349863146083338,0
I282,0.93692107760061,1.05922318738308,0.998072132491846,I,282,K282I,0.656408528246281,0
R282,0.885470357516954,0.90158800380515,0.893529180661052,R,282,K282R,0.587653091724428,0
S282,0.839509087642898,1.04072663133262,0.94011785948776,S,282,K282S,0.618293368219502,0
T282,0.96447351519624,0.540937057687879,0.752705286442059,T,282,K282T,0.495036534126118,0
L282,0.49941914901128,0.36834702112,0.43388308506564,L,282,K282L,0.285354683321167,0
F282,0.0169698416026944,0.0757127327212467,0.0463412871619705,F,282,K282F,0.0304775728254048,0
C282,0.469066192587718,0.952865913761297,0.710966053174507,C,282,K282C,0.467585623728612,0
E282,0.635926072268036,0.820731694064061,0.728328883166048,E,282,K282E,0.479004747968143,0
V282,0.90856116500318,0.607665750000257,0.758113457501719,V,282,K282V,0.498593360822514,0
G282,0.745954237050578,0.618835047042427,0.682394642046502,G,282,K282G,0.44879487973536,0
A282,0.738705470492464,0.978281702235607,0.858493586364036,A,282,K282A,0.564611006748746,0
Q282,1.05385941232749,1.08744886044394,1.07065413638572,Q,282,K282Q,0.704144002268779,1
H282,0.979409416969622,0.862067695447867,0.920738556208745,H,282,K282H,0.605548057004312,0
P282,0.349542523098298,0.399218957521399,0.374380740309848,P,282,K282P,0.246221392973867,0
K283,1.16600837153877,0.877555424614853,1.02178189807681,K,283,R283K,0.672001882499981,1
N283,0.956180474242092,0,0.478090237121046,N,283,R283N,0.314428685764458,0
M283,0.100038969567329,0.021586837972421,0.0608129037698748,M,283,R283M,0.0399952141357803,0
I283,0.219679663536185,0.0174548788022398,0.118567271169212,I,283,R283I,0.0779789009558345,0
S283,0.588114934942039,0.368292853841311,0.478203894391675,S,283,R283S,0.314503435473732,0
T283,0.69367489574797,0.922314184465392,0.807994540106681,T,283,R283T,0.531398973717754,0
Y283,0,0.121000429949779,0.0605002149748898,Y,283,R283Y,0.0397895660818638,0
L283,0.526088963971336,0.452327797513417,0.489208380742377,L,283,R283L,0.321740826895068,0
F283,0.198788423871013,0.402284880919653,0.300536652395333,F,283,R283F,0.197655876024067,0
W283,0.0562684176165815,0.0222973765263721,0.0392828970714768,W,283,R283W,0.0258354359494642,0
C283,0.655120865415004,0.203806965957384,0.429463915686194,C,283,R283C,0.282448299730243,0
E283,0.803140316642907,0.59325626828617,0.698198292464539,E,283,R283E,0.459188568301659,0
D283,0.0562684176165815,0.290148475456241,0.173208446536411,D,283,R283D,0.113915114719145,0
V283,0.0188135224985511,0.205319759931501,0.112066641215026,V,283,R283V,0.0737035897814332,0
G283,0.450244355445784,0.126621433684758,0.288432894565271,G,283,R283G,0.189695519648176,0
A283,0.754564079836528,0.662419312712482,0.708491696274505,A,283,R283A,0.465958297488141,0
Q283,0.652366395931286,0.76283924707589,0.707602821503588,Q,283,R283Q,0.465373705492054,0
H283,0.771055479925372,0.9571450292964,0.864100254610886,H,283,R283H,0.568298380368818,0
P283,0.110525854312099,0.0076306577445806,0.0590782560283396,P,283,R283P,0.0388543771822386,0
K284,0.0358114305130489,0.0315021909385412,0.033656810725795,K,284,I284K,0.0221352915032554,0
N284,0.495847817010226,0.719984105757469,0.607915961383848,N,284,I284N,0.399812006085296,0
M284,0.515398743179818,0.485915373762535,0.500657058471177,M,284,I284M,0.329270352521202,0
R284,0.506209689064574,0.208077786557447,0.35714373781101,R,284,I284R,0.234885022511954,0
S284,0.330023164824345,0.138174824249077,0.234098994536711,S,284,I284S,0.153961393636078,0
T284,0.754934603022468,0.610801561296132,0.6828680821593,T,284,I284T,0.449106250143908,0
Y284,0.25488817658476,0.562877383558931,0.408882780071845,Y,284,I284Y,0.268912571701725,0
L284,0.829265728291472,0.894791148641936,0.862028438466704,L,284,I284L,0.566935795700109,0
F284,0.109003702033982,0.230359771238082,0.169681736636032,F,284,I284F,0.111595680702407,0
W284,0.30856874176835,0.755716688536365,0.532142715152357,W,284,I284W,0.349977727158906,0
C284,0.598535196532951,0.310944835493452,0.454740016013202,C,284,I284C,0.299071795442956,0
E284,1.07238479368942,0.76882147058541,0.920603132137416,E,284,I284E,0.605458991783016,0
D284,0.392122335048613,0.427614971164947,0.40986865310678,D,284,I284D,0.269560957170904,0
V284,0.607765556438998,0.819404011933974,0.713584784186486,V,284,I284V,0.469307901421261,0
G284,0.468925620606044,0.432582597729034,0.450754109167539,G,284,I284G,0.296450358413394,0
A284,0.572724826773122,0.742447425776794,0.657586126274958,A,284,I284A,0.432478903369086,0
Q284,0.357357535278138,0.0166925079549451,0.187025021616542,Q,284,I284Q,0.123001950648638,0
H284,0,0.0610400648459732,0.0305200324229866,H,284,I284H,0.0200723063119539,0
P284,0.376970679598772,0.0028086330155627,0.189889656307168,P,284,I284P,0.12488595339756,0
N285,0.869059715289751,0.781220936512236,0.825140325900993,N,285,K285N,0.542675353102049,0
I285,0.624489325978476,0.555798061222779,0.590143693600628,I,285,K285I,0.388123604256005,0
R285,0.865651508745464,0.618474125088946,0.742062816917205,R,285,K285R,0.488037232642493,0
S285,0.908055842915867,0.658577216846046,0.783316529880957,S,285,K285S,0.515168827774423,0
T285,0.496799087618081,0.906497380824207,0.701648234221144,T,285,K285T,0.461457513718795,0
Y285,0.508527744196807,0.649280064985186,0.578903904590997,Y,285,K285Y,0.38073145981932,0
L285,0.934229443498016,0.77643059582087,0.855330019659443,L,285,K285L,0.562530403456691,0
F285,0.480758705177848,0.789680287985871,0.635219496581859,F,285,K285F,0.417768897948915,0
W285,0.630462042840333,0.479633524045764,0.555047783443049,W,285,K285W,0.365041850959794,0
C285,0.79682430678805,0.974787734011457,0.885806020399753,C,285,K285C,0.582573751168278,0
E285,0.96983301260929,0.981680262647299,0.975756637628295,E,285,K285E,0.641732152998833,0
D285,0.381778723775513,0.718118806396487,0.549948765086,D,285,K285D,0.361688346712666,0
V285,0.924684630803785,0.813717270406127,0.869200950604956,V,285,K285V,0.571652987958292,0
G285,0.839236058902845,0.939780494229056,0.889508276565951,G,285,K285G,0.585008637828401,0
Q285,0.789924099475897,1.0008743924961,0.895399245985999,Q,285,K285Q,0.588882989632316,0
H285,0.652266847984174,0.611286875150775,0.631776861567475,H,285,K285H,0.415504758004,0
P285,0.136377470006454,0.102611795712839,0.119494632859646,P,285,K285P,0.0785888048921862,0
K286,0.397391184942009,0.318153176075614,0.357772180508812,K,286,P286K,0.235298334468998,0
N286,0.253634155165651,0.282725124951499,0.268179640058575,N,286,P286N,0.176375431299706,0
M286,0.253330628876747,0.266832830864974,0.260081729870861,M,286,P286M,0.171049626545578,0
I286,0.467808231133477,0.566586864193562,0.517197547663519,I,286,P286I,0.340148642590389,0
R286,0.235551576504178,0.208594845665419,0.222073211084799,R,286,P286R,0.14605231917172,0
S286,0.389218458414468,0.380599803235443,0.384909130824955,S,286,P286S,0.253145667380336,0
T286,0.501635765882139,0.521862526586406,0.511749146234272,T,286,P286T,0.336565357327692,0
Y286,0.229600305552973,0.2237816163671,0.226690960960037,Y,286,P286Y,0.149089304476426,0
L286,0.551488572226077,0.512599580682319,0.532044076454198,L,286,P286L,0.349912854810927,0
F286,0.382750937966142,0.304807648226349,0.343779293096245,F,286,P286F,0.226095542072152,0
W286,0.593837741450504,0.447537008000085,0.520687374725295,W,286,P286W,0.34244381963309,0
C286,0.793786960399707,0.749459965120694,0.771623462760201,C,286,P286C,0.507478573002699,0
E286,0.186401251811511,0.0077018262995233,0.0970515390555174,E,286,P286E,0.063828510827587,0
D286,0.152547985393352,0.100281506123269,0.12641474575831,D,286,P286D,0.083140000116693,0
V286,0.978345769670787,0.992226532596467,0.985286151133627,V,286,P286V,0.647999489528229,0
G286,0.545364527061981,0.433983886077598,0.48967420656979,G,286,P286G,0.322047189567501,0
A286,0.365356579975541,0.532935817338136,0.449146198656838,A,286,P286A,0.295392873550806,0
Q286,0.644699175251935,0.190464478527672,0.417581826889804,Q,286,P286Q,0.274633729855561,0
H286,0.140102676186741,0.0317492809890992,0.08592597858792,H,286,P286H,0.0565114918119196,0
K287,0.299226396697223,0.0150536785437306,0.157140037620477,K,287,I287K,0.103347300726148,0
N287,0.889113137338932,0.849511991098887,0.869312564218909,N,287,I287N,0.571726393602716,0
M287,0.826820592409302,0.76793743332155,0.797379012865426,M,287,I287M,0.524417391539326,0
R287,0.624045633415428,0.385116345285882,0.504580989350655,R,287,I287R,0.331851029417878,0
S287,0.872681821731157,0.848487712002887,0.860584766867022,S,287,I287S,0.565986326900041,0
T287,1.00842495427307,1.22683781438888,1.11763138433097,T,287,I287T,0.73503983151893,1
Y287,0.0087668715838462,0.0069962587986026,0.0078815651912244,Y,287,I287Y,0.00518351974674635,0
L287,0.901995101078991,0.923844620965516,0.912919861022253,L,287,I287L,0.600405885378542,0
F287,0.411080629469987,0.183397864209596,0.297239246839792,F,287,I287F,0.195487250072815,0
W287,0.0555749688079264,0.0344170795737712,0.0449960241908488,W,287,I287W,0.0295928250619606,0
C287,0.341365361420518,0.705019471445093,0.523192416432805,C,287,I287C,0.344091326548564,0
E287,0.0907411635872144,0.0505653775728392,0.0706532705800268,E,287,I287E,0.0464669915604527,0
D287,0.525744604295387,0.0252030582705569,0.275473831282972,D,287,I287D,0.181172649026244,0
V287,1.07308000722177,0.912341622040384,0.992710814631079,V,287,I287V,0.652882515794996,0
G287,0.650760782646014,0.390223478234579,0.520492130440296,G,287,I287G,0.34231541206655,0
A287,0.971250608686605,0.727610915054678,0.849430761870641,A,287,I287A,0.558650600587909,0
Q287,0.843531717609514,0.79750283375991,0.820517275684712,Q,287,I287Q,0.539634881887908,0
P287,0.638623479121308,0.888908760682485,0.763766119901896,P,287,I287P,0.502310983713667,0
K288,0.870441032075702,0.579941934823349,0.725191483449526,K,288,E288K,0.476941354087681,0
N288,0.892379087716557,0.609523332644262,0.75095121018041,N,288,E288N,0.493882919492609,0
M288,0.990074622700984,0.918622453099214,0.954348537900099,M,288,E288M,0.627652550154848,0
I288,0.682681658623313,1.00096945609553,0.841825557359423,I,288,E288I,0.553648836749701,0
R288,0.923595132575874,1.00631159127662,0.964953361926248,R,288,E288R,0.634627093080854,0
S288,1.04170080122493,0.864440051343989,0.953070426284462,S,288,E288S,0.626811966255906,0
T288,0.839556599496528,0.851955649609346,0.845756124552937,T,288,E288T,0.556233878193776,0
Y288,1.00089387814614,0.570600163295006,0.785747020720571,Y,288,E288Y,0.516767304340404,0
L288,0.813156037782306,0.685433008801922,0.749294523292114,L,288,E288L,0.492793355555585,0
F288,0.667679175151052,0.756059038112461,0.711869106631757,F,288,E288F,0.468179540712669,0
W288,0.812322884932472,0.91441326736801,0.863368076150241,W,288,E288W,0.567816843844433,0
C288,1.04500273515883,0.883803224541165,0.96440297985,C,288,E288C,0.634265119755599,0
D288,1.10289874932367,0.838234054531216,0.970566401927441,D,288,E288D,0.638318657253648,0
V288,0.929903743026518,0.93695821479014,0.933430978908329,V,288,E288V,0.613895564396702,0
G288,0.925298519735259,0.941086504037682,0.933192511886471,G,288,E288G,0.613738730254402,0
A288,0.947755673025487,1.04897225442117,0.998363963723329,A,288,E288A,0.65660045877206,0
Q288,1.04818791743992,0.978859044512752,1.01352348097634,Q,288,E288Q,0.666570516130669,1
H288,0.675458364116708,1.04281289228729,0.859135628201999,H,288,E288H,0.565033262539895,0
P288,0.311696882524872,0.38539816064547,0.348547521585171,P,288,E288P,0.229231493615999,0
K289,0.991146534617,1.03472910014471,1.01293781738086,K,289,Q289K,0.666185338981401,1
N289,0.702103698463127,0.872389620991004,0.787246659727066,N,289,Q289N,0.517753581585413,0
M289,0.763215238948313,0.945667654944405,0.854441446946359,M,289,Q289M,0.561946010116924,0
I289,0.975388721953744,1.06920035440245,1.0222945381781,I,289,Q289I,0.672339033817458,1
R289,0.913004975083398,0.89432198639109,0.903663480737244,R,289,Q289R,0.594318182133486,0
S289,1.08505232115274,1.10578833889474,1.09542033002374,S,289,Q289S,0.720432144364889,1
T289,0.942331021159469,1.00524314847863,0.973787084819052,T,289,Q289T,0.640436824516321,0
Y289,0.743044550490393,0.73249191622426,0.737768233357327,Y,289,Q289Y,0.485212786210017,0
L289,0.965683817407177,0.888546347164465,0.927115082285821,L,289,Q289L,0.609741747982466,0
F289,0.88329899256602,0.701550998121074,0.792424995343547,F,289,Q289F,0.521159250925457,0
W289,0.246018717510551,0.301402443489129,0.27371058049984,W,289,Q289W,0.180013000526095,0
C289,1.10952503290134,1.2253858597943,1.16745544634782,C,289,Q289C,0.767807943316701,1
E289,0.922960180296339,0.389862304607824,0.656411242452081,E,289,Q289E,0.431706209957529,0
D289,0.93946055331359,0.84084509646254,0.890152824888065,D,289,Q289D,0.585432542075127,0
V289,1.11968201110549,1.17351506106848,1.14659853608698,V,289,Q289V,0.754090844800081,1
G289,0.933468089219268,0.668466905518621,0.800967497368944,G,289,Q289G,0.526777453257218,0
A289,0.942076175035389,1.06382792763927,1.00295205133733,A,289,Q289A,0.659617935906355,1
H289,0.656228706346427,0.69341061780657,0.674819662076499,H,289,Q289H,0.443812993865858,0
P289,1.09918390323577,1.13322192477319,1.11620291400448,P,289,Q289P,0.734100360238118,1
K290,0.31651894028526,0.428832097350076,0.372675518817668,K,290,L290K,0.245099908971282,0
N290,0.444055897557646,0.496332082257982,0.470193989907814,N,290,L290N,0.309235509997727,0
M290,0.979855463493436,0.835978271232424,0.90791686736293,M,290,L290M,0.597115534312891,0
I290,0.853511126373183,0.802259311893667,0.827885219133425,I,290,L290I,0.544480604714871,0
R290,0.409170258481168,0.353965593540939,0.381567926011053,R,290,L290R,0.250948235688714,0
S290,0.61970618866119,0.711772096132667,0.665739142396928,S,290,L290S,0.437840949997949,0
T290,0.727591067237871,1.00991400288923,0.868752535063548,T,290,L290T,0.5713580756208,0
Y290,0.97628988713657,0.843479114060289,0.909884500598429,Y,290,L290Y,0.598409600336974,0
F290,1.13626209428011,1.013671601105,1.07496684769256,F,290,L290F,0.706980370893366,1
W290,0.94109628319673,0.320817564691612,0.630956923944171,W,290,L290W,0.414965504345827,0
C290,0.811084432609213,0.870729453066026,0.840906942837619,C,290,L290C,0.553044685620085,0
E290,0.477767820901264,0.377536373108363,0.427652097004813,E,290,L290E,0.281256709267612,0
D290,0.435589751716646,0.648765603583376,0.542177677650011,D,290,L290D,0.356577485582825,0
V290,0.943567290203121,1.06699360441641,1.00528044730977,V,290,L290V,0.661149267083419,1
G290,0.35880558482803,0.535909343550646,0.447357464189338,G,290,L290G,0.294216465031811,0
A290,0.765805698631642,0.67868874080197,0.722247219716806,A,290,L290A,0.475004981193732,0
Q290,0.73543872555143,0.632762742002953,0.684100733777192,Q,290,L290Q,0.449916936073312,0
H290,0.217476453802066,0.633071557047118,0.425274005424592,H,290,L290H,0.279692694460075,0
P290,0.658340486114003,0.411476079063704,0.534908282588854,P,290,L290P,0.351796575708684,0
K291,1.08056827698448,0.96323844722327,1.02190336210388,K,291,R291K,0.672081766529048,1
N291,0.606643877428769,0.493707072506511,0.55017547496764,N,291,R291N,0.361837448460828,0
M291,1.02157565400215,0.735120289321621,0.878347971661883,M,291,R291M,0.577668768215401,0
I291,0.711541813753943,0.334910594955531,0.523226204354737,I,291,R291I,0.344113548068818,0
S291,0.946472771428279,0.898121886020315,0.922297328724297,S,291,R291S,0.606573224965119,0
T291,0.959596104431462,0.884928321989568,0.922262213210515,T,291,R291T,0.606550130318981,0
Y291,0.243866877140639,0.619659787704481,0.43176333242256,Y,291,R291Y,0.283960571946455,0
L291,0.378930789408534,0.125131588614066,0.2520311890113,L,291,R291L,0.165754975482616,0
F291,0.668089699510117,0.329653848071339,0.498871773790728,F,291,R291F,0.328096212845877,0
W291,0.649776926142077,0.29805043963916,0.473913682890619,W,291,R291W,0.311681864441343,0
C291,0.929662410014613,0.696536134231084,0.813099272122849,C,291,R291C,0.534756235703878,0
E291,1.05767041238668,0.5801653497848,0.81891788108574,E,291,R291E,0.538582997739841,0
D291,0.438956177873354,0.159388853269995,0.299172515571675,D,291,R291D,0.196758715372453,0
V291,1.04858031068205,0.856854146267377,0.952717228474711,V,291,R291V,0.626579676377318,0
G291,0.772315762098267,0.805102522925982,0.788709142512125,G,291,R291G,0.518715422058936,0
A291,1.0948482601355,0.939983272282743,1.01741576620912,A,291,R291A,0.669130380431043,1
Q291,0.902707726128209,0.897897548728145,0.900302637428177,Q,291,R291Q,0.592107834666251,0
H291,0.797838680896572,0.630437675564167,0.71413817823037,H,291,R291H,0.469671855646673,0
P291,0.60289130216387,0.0184510067753897,0.31067115446963,P,291,R291P,0.20432109928252,0
K292,0.302197795109949,0.965775400282556,0.633986597696253,K,292,D292K,0.416958049397361,0
N292,1.03721095248168,0.99586588242692,1.0165384174543,N,292,D292N,0.668553368824204,1
M292,0.99874032518678,1.14049173691789,1.06961603105233,M,292,D292M,0.703461264847433,1
I292,0.370826223587691,0.0156757313761162,0.193250977481904,I,292,D292I,0.127096615145788,0
R292,0.842732331046431,0.530458357312965,0.686595344179698,R,292,D292R,0.451557582565232,0
S292,0.820199118305746,0.699438348512037,0.759818733408892,S,292,D292S,0.499714880612558,0
T292,0.750296123852368,0.579642216293604,0.664969170072986,T,292,D292T,0.437334557340049,0
Y292,1.14490938499174,0.898986865533412,1.02194812526258,Y,292,D292Y,0.672111206203963,1
L292,0.435560949879441,0.61635506651805,0.525958008198745,L,292,D292L,0.345910191099243,0
F292,0.884021681911922,0.597331540916649,0.740676611414286,F,292,D292F,0.487125557940439,0
W292,0.781940110400378,0.828552432766049,0.805246271583213,W,292,D292W,0.529591502255535,0
C292,0.786815853033649,0.630239345055533,0.708527599044591,C,292,D292C,0.465981909894204,0
E292,1.08720228849684,0.864801342383632,0.976001815440236,E,292,D292E,0.641893400669673,0
V292,0.357369110923484,0.237936627159777,0.29765286904163,V,292,D292V,0.195759279650557,0
G292,1.16344148886914,1.03388954940903,1.09866551913908,G,292,D292G,0.722566428793574,1
A292,0.721813891428735,0.72185399352897,0.721833942478852,A,292,D292A,0.474733178490609,0
Q292,0.468760722638371,0.599398576846577,0.534079649742474,Q,292,D292Q,0.351251603407142,0
H292,0.889156563788934,1.04094380688472,0.965050185336827,H,292,D292H,0.634690771556957,0
P292,1.01771809438594,0.980302139619655,0.999010117002796,P,292,D292P,0.657025418561426,0
N293,0.714253498089279,0.768629425855714,0.741441461972496,N,293,K293N,0.48762858213368,0
M293,1.01624018254179,1.07274062946004,1.04449040600091,M,293,K293M,0.68693673317847,1
I293,0.474840675282375,0.489376738898127,0.482108707090251,I,293,K293I,0.317071538793229,0
R293,1.02469718022933,0.913552187287661,0.969124683758496,R,293,K293R,0.637370473178955,0
S293,0.806224250779181,0.828376204229745,0.817300227504463,S,293,K293S,0.537519105089269,0
T293,0.589540742498104,0.504415788434502,0.546978265466303,T,293,K293T,0.359734719093936,0
Y293,0.267203212737925,0.588994980495228,0.428099096616577,Y,293,K293Y,0.281550690381535,0
L293,0.684489674153725,0.890532360907363,0.787511017530544,L,293,K293L,0.517927443484831,0
F293,0.405992949955844,0.622442827961476,0.51421788895866,F,293,K293F,0.338188991257124,0
W293,0.0073299854366428,0.0203547752010221,0.0138423803188324,W,293,K293W,0.00910380742704916,0
C293,0.458460872904831,0.669200421873842,0.563830647389336,C,293,K293C,0.370818133664308,0
E293,0.82657224992157,0.437570192759251,0.63207122134041,E,293,K293E,0.415698351491922,0
D293,0.899835103170282,0.678955115228032,0.789395109199157,D,293,K293D,0.519166566188506,0
V293,0.689167678265416,0.468727845623741,0.578947761944579,V,293,K293V,0.380760303767548,0
G293,0.695111815002507,0.646056586810037,0.670584200906272,G,293,K293G,0.441027430836208,0
A293,0.568789982298321,0.989400769612265,0.779095375955293,A,293,K293A,0.512392674282462,0
Q293,0.866542840529007,1.10991929878198,0.988231069655496,Q,293,K293Q,0.649936293061576,0
H293,0.827218365685933,0.857289425936099,0.842253895811016,H,293,K293H,0.553930544858212,0
P293,0.371564005254771,0.153301568808316,0.262432787031543,P,293,K293P,0.172595861452281,0
K294,0.0030334982013167,0.0029698802137422,0.0030016892075295,K,294,I294K,0.00197414027586156,0
N294,0.764356495380385,0.0183794912452525,0.391367993312819,N,294,I294N,0.257393509076125,0
M294,0.810480431018881,0.91479322800433,0.862636829511605,M,294,I294M,0.567335920157431,0
R294,0.0630526267568377,0.0234910225662248,0.0432718246615312,R,294,I294R,0.028458859651448,0
S294,0.76937272254336,0.554000558650944,0.661686640597152,S,294,I294S,0.435175715035958,0
T294,1.05046940833334,0.645154319448281,0.847811863890811,T,294,I294T,0.557585889525725,0
Y294,0.256704786584122,0.567011215446092,0.411858001015107,Y,294,I294Y,0.270869304423737,0
L294,0.425976296951945,0.524334288793788,0.475155292872866,L,294,I294L,0.312498442075936,0
F294,0.294413878496193,0.239828525675443,0.267121202085818,F,294,I294F,0.175679321580459,0
W294,0.0311021238993388,0.106451012559238,0.0687765682292883,W,294,I294W,0.0452327286370616,0
C294,0.846757319957385,0.927162091671914,0.886959705814649,C,294,I294C,0.583332502886313,0
E294,0.406270619779947,0.0136523284297749,0.209961474104861,E,294,I294E,0.138086715096935,0
D294,0.257921463996424,0.0020527743468723,0.129987119171648,D,294,I294D,0.0854894659501301,0
V294,0.924606884948695,0.775183898707469,0.849895391828082,V,294,I294V,0.558956176764835,0
G294,0.914486431498347,0.744523989284321,0.829505210391334,G,294,I294G,0.545546034800291,0
A294,0.807130837281221,1.06761543464795,0.937373135964588,A,294,I294A,0.616488228220462,0
Q294,0.226143993627511,0.164707060164831,0.195425526896171,Q,294,I294Q,0.128526765065968,0
H294,0.901426084364297,0.998666527381435,0.950046305872866,H,294,I294H,0.624823073505581,0
P294,0.552881994509027,0.644986320876222,0.598934157692624,P,294,I294P,0.393904885397302,0
K295,0.666099875209989,0.706050765262419,0.686075320236204,K,295,A295K,0.451215575068691,0
N295,0.651536600922611,0.610957505191661,0.631247053057136,N,295,A295N,0.415156315428356,0
M295,0.421116424273898,0.568035401021202,0.49457591264755,M,295,A295M,0.325270926176963,0
I295,1.14746517727548,0.986061952189366,1.06676356473242,I,295,A295I,0.70158526494926,1
R295,0.768742358156626,0.909147270818839,0.838944814487732,R,295,A295R,0.551754240029581,0
S295,0.951585412848177,0.989713313304203,0.97064936307619,S,295,A295S,0.638373218846722,0
T295,0.742561112266261,1.06534991057825,0.903955511422255,T,295,A295T,0.594510243835151,0
Y295,0.539338768856808,1.00953136256103,0.774435065708919,Y,295,A295Y,0.509327698024328,0
L295,0.904996355574506,0.851846521027306,0.878421438300906,L,295,A295L,0.577717085493107,0
F295,0.703605302063342,0.0208282960817356,0.362216799072539,F,295,A295F,0.238221455388874,0
W295,0.854598167865334,0.627132618005869,0.740865392935601,W,295,A295W,0.487249715099558,0
C295,0.911095114709706,1.14524624225949,1.0281706784846,C,295,A295C,0.676203632862748,1
E295,1.14800180414533,1.16810903575534,1.15805541995034,E,295,A295E,0.76162576740759,1
D295,0.674184818440637,0.85744103266893,0.765812925554783,D,295,A295D,0.503657119571466,0
V295,0.97166964509816,0.875628387943166,0.923649016520663,V,295,A295V,0.607462198184766,0
G295,0.915096234936891,0.84246669649414,0.878781465715515,G,295,A295G,0.577953867041913,0
Q295,0.711212668022163,0.893856258096497,0.80253446305933,Q,295,A295Q,0.527808009676092,0
H295,0.901979049838859,1.0159915942097,0.958985322024278,H,295,A295H,0.63070205383666,0
P295,1.22680614782069,1.23263873525747,1.22972244153908,P,295,A295P,0.808759479123805,1
K296,0.40355005759392,0.664898073504884,0.534224065549402,K,296,N296K,0.351346582281108,0
M296,0.881994873752662,0.996851997704023,0.939423435728342,M,296,N296M,0.617836662072662,0
I296,0.104180139547532,0.063597364294749,0.0838887519211405,I,296,N296I,0.0551716558276143,0
R296,0.448602981021934,0.351088935908148,0.399845958465041,R,296,N296R,0.262969267026805,0
S296,0.333282165882829,0.271441037759909,0.302361601821369,S,296,N296S,0.198856102268114,0
T296,0.801229040323402,0.0720289935383566,0.436629016930879,T,296,N296T,0.287160618018318,0
Y296,1.1452826266387,1.10726013391631,1.12627138027751,Y,296,N296Y,0.740722153305796,1
L296,0.426294424769101,0.317151641023717,0.371723032896409,L,296,N296L,0.244473481420211,0
F296,0.531934928718292,0.330783648285812,0.431359288502052,F,296,N296F,0.283694841778691,0
W296,0.646326418568841,0.950228645525243,0.798277532047042,W,296,N296W,0.525008326437121,0
C296,0.80540808140338,0.690768436829985,0.748088259116682,C,296,N296C,0.492000024025433,0
E296,0.0378698001261157,0.0561541824624688,0.0470119912942923,E,296,N296E,0.0309186791323076,0
D296,0.600728991734293,0.48171771339938,0.541223352566836,D,296,N296D,0.35594984845829,0
V296,0.179866565714542,0.459086099546951,0.319476332630747,V,296,N296V,0.210112057520433,0
G296,0.783357060470406,0.623632846579822,0.703494953525114,G,296,N296G,0.462672057498689,0
A296,0.472813636932875,0.110086386254998,0.291450011593937,A,296,N296A,0.19167980643854,0
Q296,0.970441805166332,0.788524857139108,0.87948333115272,Q,296,N296Q,0.578415467404917,0
H296,0.976691180733508,0.774992316055568,0.875841748394538,H,296,N296H,0.576020484215859,0
P296,0.705721874682129,0.575104092180274,0.640412983431201,P,296,N296P,0.421184531897868,0
K297,0.442439811983943,0.604839012125809,0.523639412054876,K,297,F297K,0.344385305038559,0
N297,0.379920305578281,0.374477839848364,0.377199072713322,N,297,F297N,0.248074943799352,0
M297,0.711073454482109,0.61078787989019,0.66093066718615,M,297,F297M,0.434678529133302,0
I297,0.0042640257034853,0.0787018256641699,0.0414829256838276,I,297,F297I,0.0272823429379676,0
R297,0.891295682388458,0.995069580464499,0.943182631426478,R,297,F297R,0.620308996521518,0
S297,0.0122040249630131,0.0925307912274643,0.0523674080952387,S,297,F297S,0.0344408105955697,0
T297,0.893300718137164,0.890339909158589,0.891820313647876,T,297,F297T,0.586529210148568,0
Y297,1.17734511097746,1.02194693327284,1.09964602212515,Y,297,F297Y,0.723211282508125,1
L297,0.558677913027161,0.32005323577721,0.439365574402185,L,297,F297L,0.288960387397427,0
W297,0.247079057853723,0.776471579602331,0.511775318728027,W,297,F297W,0.336582570360244,0
C297,0.710064146923092,0.50582841282519,0.607946279874141,C,297,F297C,0.399831945842098,0
E297,0.616700471156117,0.146113022555696,0.381406746855907,E,297,F297E,0.250842231955548,0
D297,0.485119889812933,0.140831124270954,0.312975507041943,D,297,F297D,0.205836617681752,0
V297,0.538803619305532,0.406915860305016,0.472859739805274,V,297,F297V,0.310988710903653,0
G297,0.348472909100303,0.431318276172335,0.389895592636319,G,297,F297G,0.256425145839055,0
A297,0.565566310175348,0.440857728780682,0.503212019478015,A,297,F297A,0.330950690183809,0
Q297,0.288042379706827,0.906602816613838,0.597322598160333,Q,297,F297Q,0.39284500065918,0
H297,0.836661492136856,0.893243274519271,0.864952383328064,H,297,F297H,0.568858805351051,0
P297,0.659230479046178,0.202029221161891,0.430629850104034,P,297,F297P,0.283215107328943,0
K298,0.457460073823923,0.675243881772065,0.566351977797994,K,298,R298K,0.372476353274786,0
N298,0.0309678701271114,0.0144179657673906,0.022692917947251,N,298,R298N,0.0149245975179959,0
M298,0.247387008486694,0.406449320680727,0.32691816458371,M,298,R298M,0.215006375075923,0
I298,0.284261675789428,0.220938378753549,0.252600027271488,I,298,R298I,0.166129087005245,0
S298,0.913479032754209,0.907600668171148,0.910539850462678,S,298,R298S,0.598840608503492,0
T298,0.533046612688379,1.00993787932989,0.771492246009133,T,298,R298T,0.507392274836819,0
Y298,0.231153754884621,0.0091927148457676,0.120173234865194,Y,298,R298Y,0.0790351054442462,0
L298,0.571850812926625,0.442201807222087,0.507026310074356,L,298,R298L,0.33345925924925,0
F298,0.541095261714425,0.0021785185641386,0.271636890139282,F,298,R298F,0.178649183229429,0
W298,0.0164452108793447,0.137010068139302,0.0767276395093235,W,298,R298W,0.0504619609009449,0
C298,0.246058070011353,0.769350499859947,0.50770428493565,C,298,R298C,0.333905147343309,0
E298,0.31085141674048,0.012081296156115,0.161466356448298,E,298,R298E,0.106192618696708,0
D298,1.0138657221874,0.157345153687766,0.585605437937585,D,298,R298D,0.385138900421879,0
V298,0.6657732487569,0.770852159911723,0.718312704334311,V,298,R298V,0.472417343118778,0
G298,0.764210737086071,0.570866849676321,0.667538793381196,G,298,R298G,0.439024538052844,0
A298,0.820989428164318,0.878729197677933,0.849859312921125,A,298,R298A,0.558932448517702,0
Q298,0.0270725405513741,0.543606648476979,0.285339594514177,Q,298,R298Q,0.187661129078736,0
H298,0.0551863326624165,0.796745849504456,0.425966091083436,H,298,R298H,0.28014786289325,0
P298,0.507225967400557,0.50621843220251,0.506722199801534,P,298,R298P,0.333259253087262,0
K299,0.788313858663925,0.972985991723909,0.880649925193917,K,299,D299K,0.57918270882236,0
N299,1.24704880542749,0.631939631058381,0.939494218242934,N,299,D299N,0.617883214064964,0
M299,0.891397238329682,0.562905391969251,0.727151315149466,M,299,D299M,0.478230289225622,0
I299,1.18806010529257,0.425253025907949,0.806656565600259,I,299,D299I,0.530519019405836,0
R299,0.455881021461936,0.789545196285666,0.622713108873801,R,299,D299R,0.409543741387707,0
S299,0.911686556086797,1.00590194304564,0.95879424956622,S,299,D299S,0.630576389982416,0
T299,1.0680223438839,1.06164626119166,1.06483430253778,T,299,D299T,0.700316434654777,1
L299,0.730254268628854,0.532399933526401,0.631327101077627,L,299,D299L,0.415208961125605,0
F299,0.610042410515562,0,0.305021205257781,F,299,D299F,0.200605260791411,0
W299,0.431942852880228,0,0.215971426440114,W,299,D299W,0.142039319161096,0
C299,1.12348428425947,1.24130091433904,1.18239259929926,C,299,D299C,0.777631756912783,1
E299,1.05056797247214,1.1806861981726,1.11562708532237,E,299,D299E,0.733721651279676,1
V299,0.6741838814078,0.746392717108437,0.710288299258119,V,299,D299V,0.467139880944812,0
G299,0.0270725405513741,0.359019514667746,0.19304602760956,G,299,D299G,0.126961824443102,0
A299,0.454849888802626,0.961954295636138,0.708402092219382,A,299,D299A,0.465899367012043,0
Q299,0.798963161888165,0.753975514990579,0.776469338439372,Q,299,D299Q,0.510665591274302,0
H299,0.564042379349663,0.683929145376223,0.623985762362943,H,299,D299H,0.410380735605439,0
P299,0.378032840837396,0.190122197349984,0.28407751909369,P,299,D299P,0.186831091807553,0
K300,0.673895631112506,0.30294235432484,0.488418992718673,K,300,T300K,0.321221664988842,0
N300,0.674524907263515,0.760031806643541,0.717278356953528,N,300,T300N,0.471737077214329,0
M300,0.605491649894923,0.365855131349318,0.485673390622121,M,300,T300M,0.319415947172788,0
I300,0.744416507592451,0.593459247483295,0.668937877537873,I,300,T300I,0.43994468274207,0
R300,0.955676198428758,0.538161212144199,0.746918705286478,R,300,T300R,0.49123083602449,0
S300,0.97351053132764,0.909660564688038,0.941585548007839,S,300,T300S,0.619258632382307,0
Y300,0.234613152626796,0.933893670350224,0.58425341148851,Y,300,T300Y,0.384249704478323,0
L300,1.00071031496351,1.09360586416717,1.04715808956534,L,300,T300L,0.688691205811608,1
F300,0.588033840847185,0.688370023594031,0.638201932220608,F,300,T300F,0.419730375606179,0
W300,0.480175734096352,0.958124183098889,0.71914995859762,W,300,T300W,0.472967985523125,0
C300,0.983735570771934,0.817003126992356,0.900369348882145,C,300,T300C,0.59215170921789,0
E300,0.559145646810545,0.428269231580429,0.493707439195487,E,300,T300E,0.324699751647657,0
D300,0.47672362938348,0.454266887819636,0.465495258601558,D,300,T300D,0.306145265113659,0
V300,0.955843879106335,0.904191522708867,0.930017700907601,V,300,T300V,0.611650731868056,0
G300,0.53076554280986,0.882734530113162,0.706750036461511,G,300,T300G,0.464812848860396,0
A300,0.84859886703472,0.291614708688044,0.570106787861382,A,300,T300A,0.374945803394988,0
Q300,0.537909275871947,0.820240572732131,0.679074924302039,Q,300,T300Q,0.4466115795831,0
H300,0.24527258961074,0.332353249830966,0.288812919720853,H,300,T300H,0.1899454532401,0
P300,0.36790888441611,0.0175232909811959,0.192716087698653,P,300,T300P,0.126744830736658,0
K301,1.19970452234439,1.12806137675667,1.16388294955053,K,301,T301K,0.765458396336545,1
N301,0.935001226337826,0.871729309593379,0.903365267965602,N,301,T301N,0.594122054619086,0
M301,1.12924137328446,1.09909514468208,1.11416825898327,M,301,T301M,0.732762215564519,1
I301,0.550641489000642,0.8551308232174,0.702886156109021,I,301,T301I,0.462271665780607,0
R301,1.09215721881875,1.17353959284798,1.13284840583336,R,301,T301R,0.74504770806763,1
S301,1.00706749576089,1.04759343775872,1.0273304667598,S,301,T301S,0.675651045405653,1
Y301,0.34719697684898,0.90005877794438,0.62362787739668,Y,301,T301Y,0.410145363094437,0
L301,0.95282469948391,0.670799121421005,0.811811910452458,L,301,T301L,0.533909568261844,0
F301,1.07160811481066,0.76166249091484,0.916635302862749,F,301,T301F,0.602849443946013,0
W301,0.0045841682083796,0.0412339890545665,0.022909078631473,W,301,T301W,0.0150667613075414,0
C301,1.12979893639593,1.23197470036133,1.18088681837863,C,301,T301C,0.776641440275543,1
E301,1.27769360361144,1.11175185678768,1.19472273019956,E,301,T301E,0.785740993523911,1
D301,0.419241131936002,0.736772139931024,0.578006635933513,D,301,T301D,0.380141347361786,0
V301,1.07776907896987,0.950554941995301,1.01416201048259,V,301,T301V,0.666990461943997,1
G301,0.756595941558741,0.899437773176514,0.828016857367628,G,301,T301G,0.544567180080279,0
A301,1.01214082457453,1.14169046471643,1.07691564464548,A,301,T301A,0.708262048738155,1
Q301,0.948534392411893,1.00113439006024,0.974834391236067,Q,301,T301Q,0.641125613273602,0
H301,1.18510334413646,0.947557068473937,1.0663302063052,H,301,T301H,0.701300255321043,1
P301,0.241670335548515,0.009413218344963,0.125541776946739,P,301,T301P,0.0825658690953432,0
K302,0.355660156064954,0.427631347211671,0.391645751638312,K,302,N302K,0.257576184183174,0
M302,0.733132302522613,1.00753634422265,0.870334323372629,M,302,N302M,0.572398380526788,0
I302,0.337852867871563,0.665015038299858,0.50143395308571,I,302,N302I,0.329781297806544,0
R302,0.209812189273149,0.347264755026297,0.278538472149723,R,302,N302R,0.183188191125315,0
S302,0.52847097904654,0.306524902971844,0.417497941009192,S,302,N302S,0.274578560088126,0
T302,0.993550000083421,1.07140770624772,1.03247885316557,T,302,N302T,0.679037017855377,1
Y302,0.426259083419698,0.557052421882543,0.49165575265112,Y,302,N302Y,0.323350405742519,0
L302,0.677902925304516,0.754119631028657,0.716011278166587,L,302,N302L,0.470903749346902,0
F302,0.534489300599986,0.157432452220316,0.345960876410151,F,302,N302F,0.227530318022416,0
W302,0.412170960100983,0.311280184003664,0.361725572052324,W,302,N302W,0.237898386950354,0
C302,1.17115863352987,1.14635112216208,1.15875487784598,C,302,N302C,0.762085784387225,1
E302,0.0765787874585217,0.204183267228761,0.140381027343641,E,302,N302E,0.092325294487764,0
D302,0.698331254348645,0.751652853313672,0.724992053831159,D,302,N302D,0.476810193925986,0
V302,0.762295844529193,0.180278976844127,0.47128741068666,V,302,N302V,0.309954627084389,0
G302,0.529243069626813,0.785917031109133,0.657580050367973,G,302,N302G,0.432474907388202,0
A302,0.651589495691147,0.592692732806963,0.622141114249055,A,302,N302A,0.409167553998468,0
Q302,0.66053601364679,0.738843164348036,0.699689588997413,Q,302,N302Q,0.460169358898305,0
H302,0.801778285374791,0.75890013818272,0.780339211778755,H,302,N302H,0.513210715800384,0
P302,0.486083562881633,0.400020421056603,0.443051991969118,P,302,N302P,0.29138485738395,0
K303,0.418066246716004,0.465539729331573,0.441802988023789,K,303,H303K,0.290563416914031,0
N303,0.15120207060965,0.493915282304295,0.322558676456973,N,303,H303N,0.212139242438892,0
M303,0.668747653620079,0.378713520364687,0.523730586992383,M,303,H303M,0.344445268646993,0
I303,0.0089677790576426,0.295793821967891,0.152380800512767,I,303,H303I,0.100217262601902,0
R303,0.241130298787863,0.0819654031732878,0.161547850980575,R,303,H303R,0.10624621573068,0
S303,0.648698789487492,0.512921370989482,0.580810080238487,S,303,H303S,0.381985106635631,0
T303,0.281329229669375,0.442281037109159,0.361805133389267,T,303,H303T,0.237950712567299,0
Y303,0.0310423121226093,0.294506716648512,0.162774514385561,Y,303,H303Y,0.10705296335353,0
L303,0.398099880656363,0.330414851082446,0.364257365869404,L,303,H303L,0.239563488098047,0
F303,0.175439520428992,0.013452223379504,0.094445871904248,F,303,H303F,0.0621148249283583,0
W303,0.506214560393274,0.0038036701133223,0.255009115253298,W,303,H303W,0.167713487415872,0
C303,0.292595771606224,0.343379598506131,0.317987685056177,C,303,H303C,0.209133009081257,0
E303,0.0072896425870761,0.126091664256635,0.0666906534218553,E,303,H303E,0.0438608716096785,0
D303,0.84571778656659,0.961022022889045,0.903369904727817,D,303,H303D,0.594125104108359,0
V303,0.417667650367833,0.0157966114761788,0.216732130922006,V,303,H303V,0.142539616577619,0
G303,0.649884007789206,0.399672070701354,0.52477803924528,G,303,H303G,0.345134153317098,0
A303,0.553692942895933,0.11133177044733,0.332512356671631,A,303,H303A,0.218685543420191,0
Q303,0.828296683869541,0.859261681743285,0.843779182806413,Q,303,H303Q,0.554933690181288,0
P303,0.158523913086941,0.0236959253584685,0.0911099192227049,P,303,H303P,0.0599208474404548,0
K304,1.15075048178684,1.13587249152732,1.14331148665708,K,304,R304K,0.751929029828686,1
N304,1.09640280609355,1.16003982061357,1.12822131335356,N,304,R304N,0.742004578352003,1
M304,0.157721250352315,0.129120640547745,0.14342094545003,M,304,R304M,0.0943245770097819,0
I304,0.684513043665936,0.565672527845383,0.62509278575566,I,304,R304I,0.411108798810784,0
S304,0.418569532515023,0.639347776033949,0.528958654274486,S,304,R304S,0.347883645331902,0
T304,0.540623747670515,0.227082960836403,0.383853354253459,T,304,R304T,0.252451308001999,0
Y304,1.01943579146661,0.0148184648164848,0.517127128141548,Y,304,R304Y,0.340102329329782,0
L304,0.634923434088954,0.65346250870075,0.644192971394852,L,304,R304L,0.423670540929914,0
F304,0.545924751241583,0.181084359041814,0.363504555141699,F,304,R304F,0.239068382217686,0
W304,0.520696249601283,0.547212378253178,0.53395431392723,W,304,R304W,0.351169172994207,0
C304,0.748030353028758,0.911034242352151,0.829532297690455,C,304,R304C,0.545563849478781,0
E304,0.485315101943015,0.487415320816329,0.486365211379672,E,304,R304E,0.319870941386624,0
D304,0.219689132895361,0.71900091326493,0.469345023080145,D,304,R304D,0.308677164515734,0
V304,0.545272699354491,0.382834645917482,0.464053672635987,V,304,R304V,0.305197167986011,0
G304,0.744311359106419,0.539294949058956,0.641803154082687,G,304,R304G,0.42209881438472,0
A304,0.766222748568562,0.755756729430672,0.760989738999617,A,304,R304A,0.500485023402195,0
Q304,0.879145132641991,1.01780228931203,0.948473710977011,Q,304,R304Q,0.623788814890886,0
H304,0.766385866053736,0.48457461589673,0.625480240975233,H,304,R304H,0.411363618980752,0
P304,0.418176649105049,0.128408020262318,0.273292334683684,P,304,R304P,0.179737930106142,0
K305,0.498402232458721,0.258177794668606,0.378290013563663,K,305,Y305K,0.24879242989546,0
N305,0.680832479276041,0.772190718309935,0.726511598792988,N,305,Y305N,0.47780956284886,0
M305,0.633744291486222,0.460890729403846,0.547317510445034,M,305,Y305M,0.359957832524272,0
I305,0.0349221449017196,0.0034654631483131,0.0191938040250164,I,305,Y305I,0.0126233127259582,0
R305,0.341348212122011,0.27068498263636,0.306016597379186,R,305,Y305R,0.201259906739503,0
S305,0.673608747062641,0.633041362437108,0.653325054749874,S,305,Y305S,0.429676497012393,0
T305,0.566290210543527,0.761094657782886,0.663692434163206,T,305,Y305T,0.436494878210439,0
L305,0.59301835978493,0.472864837007471,0.532941598396201,L,305,Y305L,0.350503133847722,0
F305,0.563097480387553,0.262653890141731,0.412875685264642,F,305,Y305F,0.271538611379326,0
W305,0.920963602787779,0.974980723825393,0.947972163306586,W,305,Y305W,0.623458958803865,0
C305,0.793449738587575,0.838953084994833,0.816201411791204,C,305,Y305C,0.536796439881341,0
E305,0.0884341848519462,0.269612316440523,0.179023250646235,E,305,Y305E,0.117739374392883,0
D305,0.333541819905039,0.281598787710029,0.307570303807534,D,305,Y305D,0.202281742854106,0
V305,0.60037451918958,0.49935430494796,0.54986441206877,V,305,Y305V,0.361632869720483,0
G305,0.574282774268271,0.784717824075404,0.679500299171838,G,305,Y305G,0.446891338613683,0
A305,1.05544571648548,0.817222570304865,0.936334143395174,A,305,Y305A,0.615804907284885,0
Q305,0.322747832408734,0.759829558003894,0.541288695206314,Q,305,Y305Q,0.355992822772886,0
H305,1.23126672477274,1.27205625701923,1.25166149089598,H,305,Y305H,0.8231882750301,1
P305,0.457959784328731,0.436070345553777,0.447015064941254,P,305,Y305P,0.293991277112831,0
K306,0.0279288496199091,0.206740657924107,0.117334753772008,K,306,S306K,0.0771683033002154,0
N306,0.289318726608902,0.145034518984771,0.217176622796836,N,306,S306N,0.142831948412039,0
M306,0.628464516296528,0.0161045957250854,0.322284556010807,M,306,S306M,0.211958959879374,0
I306,0.0385193194422236,0.370562819684038,0.204541069563131,I,306,S306I,0.134521842727587,0
R306,0.326276222831332,0.0214727943001138,0.173874508565723,R,306,S306R,0.11435316802426,0
T306,0.997671385955096,1.04886292830886,1.02326715713198,T,306,S306T,0.672978702389776,1
Y306,0.413337227631449,0.0039589219546824,0.208648074793066,Y,306,S306Y,0.137222923311563,0
L306,0.467521354722939,0.287856561222354,0.377688957972646,L,306,S306L,0.248397129793343,0
F306,0.462658021772587,0.11941303034598,0.291035526059284,F,306,S306F,0.191407209067144,0
W306,0.207116705887817,0.244039654885708,0.225578180386762,W,306,S306W,0.14835745490906,0
C306,0.981244837318984,0.311555161100309,0.646399999209646,C,306,S306C,0.425122051128972,0
E306,0.441680468118463,0.538496523902415,0.490088496010439,E,306,S306E,0.32231965797249,0
D306,0.375220881072915,0.0246908465834086,0.199955863828162,D,306,S306D,0.131506260937237,0
V306,0.661212895073331,0.724249201048373,0.692731048060852,V,306,S306V,0.455592890458589,0
G306,0.779382723833642,0.959104395902698,0.86924355986817,G,306,S306G,0.571681011066888,0
A306,0.865040086877137,0.819260305257185,0.842150196067161,A,306,S306A,0.553862343979711,0
Q306,0.521347155384989,0.0456266133181114,0.28348688435155,Q,306,S306Q,0.186442645252241,0
H306,0.144495936477626,0.0291212409904308,0.0868085887340285,H,306,S306H,0.0570919637118571,0
P306,0.186334397540124,0.015632666180028,0.100983531860076,P,306,S306P,0.0664144898624604,0
K307,1.08192537866587,1.16054484531945,1.12123511199266,K,307,R307K,0.737409918302843,1
N307,0.625182311447089,0.909084162001367,0.767133236724228,N,307,R307N,0.50452545712278,0
M307,0.849998613837851,0.713372194801803,0.781685404319827,M,307,R307M,0.514096074920085,0
I307,0.910392355818774,0.511005229361053,0.710698792589913,I,307,R307I,0.467409852738439,0
S307,1.03467512501149,1.10466086250893,1.06966799376021,S,307,R307S,0.703495439496231,1
T307,0.770489701530722,0.904777989714568,0.837633845622645,T,307,R307T,0.55089204669175,0
Y307,0.476564201267905,0.571659145155356,0.52411167321163,Y,307,R307Y,0.344695900075491,0
L307,0.734578697459834,0.836192228160699,0.785385462810266,L,307,R307L,0.516529516220635,0
F307,0.692992506520219,0.980791608928641,0.83689205772443,F,307,R307F,0.550404190266662,0
W307,0.862923639442243,0.0058421873609139,0.434382913401578,W,307,R307W,0.285683408642402,0
C307,1.07341439355854,1.04829230520248,1.06085334938051,C,307,R307C,0.697698255549368,1
E307,0.122530050490563,0.623287116163507,0.372908583327035,E,307,R307E,0.245253190008393,0
D307,0.536120248779382,0.896560358297327,0.716340303538354,D,307,R307D,0.471120141582499,0
V307,0.973143928499062,1.12777511371753,1.0504595211083,V,307,R307V,0.690862479559939,1
G307,0.918052605492532,0.493234684333439,0.705643644912985,G,307,R307G,0.46408520120409,0
A307,0.535858535209072,0.634737173570338,0.585297854389705,A,307,R307A,0.38493660996871,0
Q307,0.742071554570938,0.012589138251173,0.377330346411055,Q,307,R307Q,0.248161279417711,0
H307,0.798859453351088,0.936689370536816,0.867774411943952,H,307,R307H,0.570714787088362,0
P307,0.216191839524157,0.123275618680122,0.169733729102139,P,307,R307P,0.11162987492249,0
K308,0.91884373436036,0.824565242232844,0.871704488296602,K,308,Y308K,0.573299505717965,0
N308,0.0036980532196464,0.800487975081126,0.402093014150386,N,308,Y308N,0.26444710261332,0
M308,0.849171177433572,0.476831135119316,0.663001156276444,M,308,Y308M,0.436040241029932,0
I308,0.0926612004390476,0.250566768715107,0.171613984577077,I,308,Y308I,0.112866474651961,0
R308,0.920195094815465,1.05381506470949,0.98700507976248,R,308,Y308R,0.649129988391681,0
S308,0.467244283208459,0.0119921822750899,0.239618232741775,S,308,Y308S,0.157591266577407,0
T308,0.498019034476015,0.249427582280161,0.373723308378088,T,308,Y308T,0.245789015480598,0
L308,0.690341673652445,0.358932996588386,0.524637335120416,L,308,Y308L,0.345041615528983,0
F308,0.62242119486835,0.77498359279049,0.69870239382942,F,308,Y308F,0.459520103893363,0
W308,0.0136219428723686,0.318596993554424,0.166109468213396,W,308,Y308W,0.109246283918881,0
C308,0.225787736679734,0.579566623933629,0.402677180306681,C,308,Y308C,0.264831294932113,0
E308,0.215122269097454,0.0062393536069409,0.110680811352198,E,308,Y308E,0.0727921621290174,0
D308,0.207889423608989,0.160147627874708,0.184018525741849,D,308,Y308D,0.121024649141022,0
V308,0.422300868350809,0.222014612542325,0.322157740446567,V,308,Y308V,0.211875556270384,0
G308,0.23620292751334,0.026753959824315,0.131478443668828,G,308,Y308G,0.0864702749382415,0
A308,0.393293901960888,0.0762741065617874,0.234784004261338,A,308,Y308A,0.154411908394018,0
Q308,0.644672790914469,0.360470890739468,0.502571840826968,Q,308,Y308Q,0.3305296597668,0
H308,0.816590853283402,0.047817567138909,0.432204210211155,H,308,Y308H,0.284250526881501,0
P308,0.374623571279978,0.450344862281054,0.412484216780516,P,308,Y308P,0.271281151779809,0
K309,0.430889517760533,0.753990179780616,0.592439848770575,K,309,I309K,0.389633731416822,0
N309,0.488232373930184,0.0414776887534705,0.264855031341827,N,309,I309N,0.174188914470199,0
M309,0.43604797252758,0.445430244915838,0.440739108721709,M,309,I309M,0.289863728560679,0
R309,0.399923986239809,0.158372342726182,0.279148164482995,R,309,I309R,0.183589171409343,0
S309,0.889712089561268,0.714387440570227,0.802049765065747,S,309,I309S,0.527489235224573,0
T309,1.20909321496232,1.11939322645292,1.16424322070762,T,309,I309T,0.765695338189039,1
Y309,0.563137953727239,0.430059431126265,0.496598692426752,Y,309,I309Y,0.326601260783659,0
L309,1.15986877329872,1.03578812448221,1.09782844889047,L,309,I309L,0.72201590741136,1
F309,0.444885331803919,0.486085831648001,0.46548558172596,F,309,I309F,0.306138900860552,0
W309,0.652736705179237,0.0174121496007655,0.335074427390001,W,309,I309W,0.220370556972577,0
C309,1.25472467001004,1.2343568536529,1.24454076183147,C,309,I309C,0.818505139279575,1
E309,0.423612952154241,0.483149664807428,0.453381308480834,E,309,I309E,0.298178205508317,0
D309,0.611987952934361,0.232821907195989,0.422404930065175,D,309,I309D,0.277805771187906,0
V309,1.19159463517389,1.13512808327187,1.16336135922288,V,309,I309V,0.765115358666046,1
G309,0.368798254684308,0.0511359105399616,0.209967082612135,G,309,I309G,0.138090403680039,0
A309,1.05798380332121,1.01710714272011,1.03754547302066,A,309,I309A,0.682369214371033,1
Q309,0.235220434298824,0.728320842326773,0.481770638312799,Q,309,I309Q,0.316849198922764,0
H309,0.204660011982171,0.00814061586485,0.10640031392351,H,309,I309H,0.0699769798131741,0
P309,0.402506108299873,0.353930588233217,0.378218348266545,P,309,I309P,0.248745297317887,0
K310,0.866313201788543,0.639260979151163,0.752787090469853,K,310,V310K,0.495090334708001,0
N310,0.848965930815536,0.784493069647212,0.816729500231374,N,310,V310N,0.537143751207358,0
M310,1.05609213452919,1.03998431914458,1.04803822683688,M,310,V310M,0.689270051360199,1
I310,0.879517745234913,0.876912788757341,0.878215266996127,I,310,V310I,0.577581491483084,0
R310,1.0141921058851,1.07555016910412,1.04487113749461,R,310,V310R,0.687187131312333,1
S310,0.754536246482626,0.702656051847989,0.728596149165308,S,310,V310S,0.479180522519413,0
T310,1.01293049408636,1.08223743044117,1.04758396226377,T,310,V310T,0.688971292252353,1
Y310,0.613058624079963,0.570376878311002,0.591717751195483,Y,310,V310Y,0.389158824853372,0
L310,1.06427682205602,1.11558147752007,1.08992914978804,L,310,V310L,0.716820724489002,1
F310,0.748187698020845,0.656613826086321,0.702400762053583,F,310,V310F,0.461952433545604,0
W310,0.706805080906805,0.611192471633845,0.658998776270325,W,310,V310W,0.433407969990825,0
C310,1.04259868175695,1.04422883983399,1.04341376079547,C,310,V310C,0.686228648991226,1
E310,0.321742179307305,0.133861232284326,0.227801705795815,E,310,V310E,0.1498198151872,0
D310,0.261334814301605,0.226515113300263,0.243924963800934,D,310,V310D,0.16042370213398,0
G310,0.449824296781408,0.285558092255515,0.367691194518462,G,310,V310G,0.241821836303953,0
A310,0.829714514550592,0.950785322562699,0.890249918556645,A,310,V310A,0.58549639829355,0
Q310,0.505020124568979,0.0868800558853291,0.295950090227154,Q,310,V310Q,0.194639402139552,0
H310,0.306183995860441,0.247372019475189,0.276778007667815,H,310,V310H,0.18203037510984,0
P310,0.109028624100712,0.263005984239937,0.186017304170325,P,310,V310P,0.122339198624786,0
K311,1.21203862673422,1.27136765017867,1.24170313845644,K,311,D311K,0.816638901236569,1
N311,0.824327267057998,0.754741101907137,0.789534184482568,N,311,D311N,0.519258032725971,0
M311,1.03845111873527,1.05329582993494,1.0458734743351,M,311,D311M,0.687846344638559,1
I311,0.574161704408199,0.702202194828675,0.638181949618437,I,311,D311I,0.419717233519495,0
R311,1.2236415595316,1.23364644980135,1.22864400466647,R,311,D311R,0.808050216599273,1
S311,1.14982507604456,1.1851640847086,1.16749458037658,S,311,D311S,0.767833680845469,1
T311,1.02471361555537,1.03416502196654,1.02943931876096,T,311,D311T,0.67703798768498,1
Y311,1.03709236506617,1.14470785306909,1.09090010906763,Y,311,D311Y,0.717459301532638,1
L311,0.954982525953329,0.987704379657777,0.971343452805553,L,311,D311L,0.638829705309865,0
F311,0.955873932983699,0.994902146162745,0.975388039573222,F,311,D311F,0.641489734741707,0
W311,1.18846775174417,1.15412823792781,1.17129799483599,W,311,D311W,0.770335096931878,1
C311,0.999891741618695,0.92969442316626,0.964793082392477,C,311,D311C,0.634521681007472,0
E311,1.04514754215764,0.89869542065062,0.97192148140413,E,311,D311E,0.63920986110154,0
V311,1.09260835505102,1.10742796684485,1.10001816094793,V,311,D311V,0.723456029444756,1
G311,1.21390321670999,1.23092504046034,1.22241412858516,G,311,D311G,0.80395297386845,1
A311,1.02429360216851,1.08148411153614,1.05288885685233,A,311,D311A,0.692460196446767,1
Q311,1.16304912788647,1.09543248247903,1.12924080518275,Q,311,D311Q,0.742675074110147,1
H311,1.22343209584367,1.23447690897863,1.22895450241115,H,311,D311H,0.808254423651022,1
P311,0.576940524126967,0.272674701894258,0.424807613010612,P,311,D311P,0.279385959157005,0
K312,0.9660474361623,1.06066885473497,1.01335814544863,K,312,M312K,0.666461778849186,1
N312,1.09511291349414,1.05146672089145,1.07328981719279,N,312,M312N,0.705877427442345,1
I312,0.847310968830401,1.06653562054594,0.956923294688169,I,312,M312I,0.629345907036409,0
R312,1.03417267309012,0.837699175710312,0.935935924400215,R,312,M312R,0.615543008033427,0
S312,1.03069450681802,0.858232116638343,0.944463311728179,S,312,M312S,0.621151269784769,0
T312,1.18378058077932,1.05303803835304,1.11840930956618,T,312,M312T,0.735551454619211,1
Y312,0.369091871182721,0.719912716288409,0.544502293735565,Y,312,M312Y,0.358106330817333,0
L312,0.888821146160824,1.06597273538276,0.977396940771793,L,312,M312L,0.642810941732883,0
F312,0.32869555064501,0.0085826402557016,0.168639095450356,F,312,M312F,0.110909960157871,0
W312,0.729834475556248,0.424380908357817,0.577107691957033,W,312,M312W,0.379550133086417,0
E312,0.434402508480306,0.212535750355958,0.323469129418132,E,312,M312E,0.212738025902348,0
D312,0.27137906846468,0.394424192849936,0.332901630657308,D,312,M312D,0.218941559749777,0
V312,0.659287479073,0.626672326216845,0.642979902644923,V,312,M312V,0.422872734191423,0
G312,0.824527845402822,0.348985796032762,0.586756820717792,G,312,M312G,0.385896137751326,0
A312,0.917301181219569,0.832455826247764,0.874878503733667,A,312,M312A,0.575386980895208,0
Q312,1.17662275253683,1.21026732485092,1.19344503869388,Q,312,M312Q,0.784900685921391,1
H312,0.834585254581511,0.636122574191082,0.735353914386296,H,312,M312H,0.483624945501015,0
P312,0.448753200609901,0.362343290403391,0.405548245506646,P,312,M312P,0.266719526875532,0
K313,0.360391308264984,0.235801119541325,0.298096213903154,K,313,A313K,0.196050857121348,0
N313,0.429180402048907,0.161571564160942,0.295375983104924,N,313,A313N,0.194261825410485,0
M313,0.181728906423307,0.0854397971400927,0.1335843517817,M,313,A313M,0.0878552810915954,0
I313,0.511978658927236,0.441113058732093,0.476545858829665,I,313,A313I,0.31341298454578,0
R313,0.31904272564241,0.259256726315555,0.289149725978983,R,313,A313R,0.19016696278135,0
S313,1.09840766816181,1.12917280371288,1.11379023593735,S,313,A313S,0.732513598712954,1
T313,0.620677709340461,0.628896834664507,0.624787272002484,T,313,A313T,0.410907869612831,0
Y313,0.0301484867930088,0.063907125893196,0.0470278063431024,Y,313,A313Y,0.0309290803173278,0
L313,0.444198101791633,0.149560107107845,0.296879104449739,L,313,A313L,0.195250392907368,0
F313,0.302911648169264,0.0858038058497848,0.194357727009524,F,313,A313F,0.12782449823651,0
W313,0.255912437436961,0.314438155565995,0.285175296501478,W,313,A313W,0.187553074146433,0
C313,1.1292866389025,0.983530038695441,1.05640833879897,C,313,A313C,0.694774876808612,1
E313,0.258944620289432,0.189128152108662,0.224036386199047,E,313,A313E,0.147343453194485,0
D313,0.0445344604996416,0.3551329071658,0.199833683832721,D,313,A313D,0.131425906032639,0
V313,0.534330168851209,0.390652773315994,0.462491471083601,V,313,A313V,0.304169744828462,0
G313,1.00823590861742,0.791801879272006,0.90001889394471,G,313,A313G,0.591921223261806,0
Q313,0.5807371884391,0.146318072170746,0.363527630304923,Q,313,A313Q,0.239083558208918,0
H313,0.221321044999348,0.410035638216145,0.315678341607746,H,313,A313H,0.207614208300381,0
P313,0.200799196089586,0.255198783243502,0.227998989666544,P,313,A313P,0.149949564141225,0
K314,0.81991122812733,0.86467562488766,0.842293426507495,K,314,I314K,0.553956543265994,0
N314,1.1819499522355,1.11594036102094,1.14894515662822,N,314,I314N,0.755634161846698,1
M314,0.636227568278703,0.849430541334642,0.742829054806673,M,314,I314M,0.488541169250819,0
R314,1.0261327509447,1.04907112152735,1.03760193623602,R,314,I314R,0.682406348897575,1
S314,0.855524720518638,0.883553810010253,0.869539265264446,S,314,I314S,0.571875489539581,0
T314,0.997292118227665,0.982982355622805,0.990137236925235,T,314,I314T,0.651189934368038,0
Y314,1.09490325703777,0.879941828277862,0.987422542657815,Y,314,I314Y,0.649404543903055,0
L314,1.14242694222932,1.06445800635886,1.10344247429409,L,314,I314L,0.725708119660115,1
F314,0.923819208768851,0.985914230570141,0.954866719669496,F,314,I314F,0.627993346096885,0
W314,0.915378578856801,0.631167216809452,0.773272897833126,W,314,I314W,0.508563367591596,0
C314,0.688353348735749,0.652643024896246,0.670498186815998,C,314,I314C,0.440970861395416,0
E314,0.857965194580848,0.924892417028898,0.891428805804873,E,314,I314E,0.586271724663645,0
D314,0.940070632249439,0.722104353947032,0.831087493098235,D,314,I314D,0.546586664860078,0
V314,0.961853824589639,0.808648695993118,0.885251260291379,V,314,I314V,0.582208898514434,0
G314,1.11347358731728,1.03572774491845,1.07460066611787,G,314,I314G,0.706739541898458,1
A314,0.870764500864235,1.00875735211699,0.939760926490612,A,314,I314A,0.61805862179616,0
Q314,1.2584400739756,1.11792485408833,1.18818246403196,Q,314,I314Q,0.781439614545726,1
H314,1.28346736069645,1.17128485281849,1.22737610675747,H,314,I314H,0.807216350014565,1
P314,0.322247907753346,0.0706557383819253,0.196451823067635,P,314,I314P,0.129201735879725,0
N315,0.49370998682936,0.417635999231572,0.455672993030466,N,315,K315N,0.299685392447474,0
M315,0.570521562905267,0.928901474507088,0.749711518706177,M,315,K315M,0.49306760361554,0
I315,0.0550579923538992,0.198498505448727,0.126778248901313,I,315,K315I,0.0833790675701803,0
R315,1.02772609823227,0.950483037209803,0.989104567721035,R,315,K315R,0.650510772160792,0
S315,0.356054042584924,0.506031659793124,0.431042851189024,S,315,K315S,0.283486728412768,0
T315,0.657286690133435,0.18885430342761,0.423070496780522,T,315,K315T,0.278243498736695,0
Y315,0.986047864043985,1.06709283066178,1.02657034735288,Y,315,K315Y,0.675151132779156,1
L315,0.648536340281044,0.12322164291844,0.385878991599742,L,315,K315L,0.253783521963244,0
F315,0.0307351164996998,0.114004077751911,0.0723695971258055,F,315,K315F,0.0475957790951691,0
E315,0.527250067456355,0.694493716997886,0.61087189222712,E,315,K315E,0.401756052162994,0
D315,0.11417043445429,0.156780045390187,0.135475239922238,D,315,K315D,0.0890988736747387,0
V315,0.0294975405126572,0.761318778330904,0.395408159421781,V,315,K315V,0.260050631144881,0
G315,0.764945112275219,0.897962075435454,0.831453593855336,G,315,K315G,0.546827440703161,0
A315,0.616451775221659,0.681023723738834,0.648737749480246,A,315,K315A,0.426659534407561,0
Q315,0.853058649954119,0.921423374944572,0.887241012449345,Q,315,K315Q,0.583517511632731,0
H315,0.978334753562102,0.495479675138308,0.736907214350205,H,315,K315H,0.484646514293531,0
P315,0.667563558053886,0.178265193324851,0.422914375689369,P,315,K315P,0.278140821573055,0
K316,0.945112271137722,0.872159850949799,0.908636061043761,K,316,E316K,0.597588531053497,0
N316,1.26651091942574,1.12205956081541,1.19428524012057,N,316,E316N,0.785453266605662,1
M316,1.32673991537727,1.29313988795876,1.30993990166801,M,316,E316M,0.861516612830588,1
I316,1.13918485511337,1.19951323519296,1.16934904515317,I,316,E316I,0.769053318640231,1
R316,1.24534989040076,1.17148369154483,1.20841679097279,R,316,E316R,0.794747254680035,1
S316,1.16071882798766,1.13192428560389,1.14632155679577,S,316,E316S,0.753908682045528,1
T316,1.20118264133081,1.20757883407793,1.20438073770437,T,316,E316T,0.792092837529611,1
Y316,1.27770307590416,1.21604284063244,1.2468729582683,Y,316,E316Y,0.820038969932535,1
L316,1.22259021329799,1.24906364701307,1.23582693015553,L,316,E316L,0.812774257472957,1
F316,1.24728167943041,1.20050662488859,1.2238941521595,F,316,E316F,0.804926350505845,1
W316,1.06532439092613,1.09023594174917,1.07778016633765,W,316,E316W,0.708830624288078,1
C316,1.08099031116497,1.16134942713726,1.12116986915112,C,316,E316C,0.737367009622999,1
D316,0.820944863306311,0.648536805660927,0.734740834483619,D,316,E316D,0.483221737292397,0
V316,1.1323312898373,1.25123494660835,1.19178311822283,V,316,E316V,0.783807679980287,1
G316,1.1543565621358,1.2601577316128,1.2072571468743,G,316,E316G,0.793984584076179,1
A316,1.17219512021255,1.17183791423964,1.17201651722609,A,316,E316A,0.770807652180385,1
Q316,1.21699868956789,1.15497877460394,1.18598873208591,Q,316,E316Q,0.779996848726307,1
H316,1.2435696448632,1.25130120900793,1.24743542693557,H,316,E316H,0.820408892323961,1
P316,0.140099510310748,0.0986847581401037,0.119392134225426,P,316,E316P,0.0785213939551955,0
K317,0.982793242816569,1.05507035093524,1.0189317968759,K,317,G317K,0.670127438084854,1
N317,1.13735518392694,1.06569520695093,1.10152519543893,N,317,G317N,0.724447170525696,1
M317,0.820381900474131,0.913174208132387,0.866778054303259,M,317,G317M,0.570059506140981,0
I317,0.6784231495476,0.714523245356477,0.696473197452038,I,317,G317I,0.458054013952953,0
R317,0.665120185816603,0.896441859337623,0.780781022577113,R,317,G317R,0.513501284353971,0
S317,0.878901182434624,0.88035076608877,0.879625974261697,S,317,G317S,0.578509280417203,0
T317,0.924399707593951,1.02799156862487,0.976195638109411,T,317,G317T,0.642020873272977,0
Y317,0.984822144807541,0.671993852939296,0.828407998873418,Y,317,G317Y,0.544824424633848,0
L317,0.950723505924591,0.97503368626241,0.962878596093501,L,317,G317L,0.633262568471467,0
F317,0.950648865264658,1.03624229158814,0.993445578426399,F,317,G317F,0.65336575263309,0
W317,0.968708992042665,1.01936072490532,0.99403485847399,W,317,G317W,0.653753308237712,0
C317,0.847262561274216,0.88617251976393,0.866717540519073,C,317,G317C,0.570019707650749,0
E317,0.68820321780315,0.566568852149304,0.627386034976227,E,317,G317E,0.412617014797154,0
D317,0.920311930675114,0.256437433245274,0.588374681960194,D,317,G317D,0.386960166975727,0
V317,0.808548550090471,0.919567509288919,0.864058029689695,V,317,G317V,0.568270610032915,0
A317,0.987588047744358,0.938320203355677,0.962954125550017,A,317,G317A,0.633312242415641,0
Q317,1.03668668018794,1.03671977851384,1.03670322935089,Q,317,G317Q,0.681815290551601,1
H317,0.922895247119169,0.97072497927324,0.946810113196205,H,317,G317H,0.622694705822671,0
P317,0.170571322981881,0.471782067074617,0.321176695028249,P,317,G317P,0.211230345810923,0
K318,0.846778811488668,0.0254730634861888,0.436125937487428,K,318,C318K,0.286829754520264,0
N318,0.378517300101727,0.394582187230194,0.386549743665961,N,318,C318N,0.254224659795141,0
M318,0.115838882806999,0.254877594843539,0.185358238825269,M,318,C318M,0.121905746874073,0
I318,0.89335408409762,0.872822482446462,0.883088283272041,I,318,C318I,0.580786359485767,0
R318,0.379717493223028,0.137168744304382,0.258443118763705,R,318,C318R,0.169971950623968,0
S318,0.914310005517041,0.879252048221217,0.896781026869129,S,318,C318S,0.589791754366173,0
T318,1.08196478055834,1.00198181543209,1.04197329799521,T,318,C318T,0.685281290542943,1
Y318,0.348989992595525,0.0524981795838742,0.2007440860897,Y,318,C318Y,0.13202465614915,0
L318,0.258951253262108,0.330989008554345,0.294970130908226,L,318,C318L,0.193994905982072,0
F318,0.0017868551048852,0.422788069344044,0.212287462224465,F,318,C318F,0.139616462685915,0
W318,0.0477421331126301,0.0522926170268152,0.0500173750697226,W,318,C318W,0.0328952492384383,0
E318,0.47269620896339,0.157502717595228,0.315099463279309,E,318,C318E,0.207233493661395,0
D318,0.391321267969862,0.0037046162041212,0.197512942086992,D,318,C318D,0.129899608860159,0
V318,0.908057491887761,0.88122008359261,0.894638787740186,V,318,C318V,0.588382854159462,0
G318,0.397389198906754,0.567907256840739,0.482648227873746,G,318,C318G,0.317426368902119,0
A318,0.893031966308276,1.0808802216113,0.986956093959786,A,318,C318A,0.649097771583292,0
Q318,0.178598806548833,0.156724102465873,0.167661454507353,Q,318,C318Q,0.110266988741619,0
H318,0.0081294314403559,0,0.0040647157201779,H,318,C318H,0.00267326776969529,0
P318,0.107185160550338,0.132272021406581,0.11972859097846,P,318,C318P,0.0787426736351783,0
K319,0.686698080012551,0.734950222011767,0.710824151012159,K,319,G319K,0.467492298019468,0
N319,0.6992136361695,0.616133208840257,0.657673422504878,N,319,G319N,0.432536316042917,0
M319,1.07522382209302,1.10055194914099,1.087887885617,M,319,G319M,0.715478233133263,1
I319,0.666957256150155,0.335934022016915,0.501445639083535,I,319,G319I,0.329788983412006,0
R319,0.791405043187152,0.899865070425813,0.845635056806482,R,319,G319R,0.556154254789133,0
S319,0.90807531371667,0.89590647448141,0.90199089409904,S,319,G319S,0.593218161305526,0
T319,0.8682789694631,0.924379743141811,0.896329356302456,T,319,G319T,0.589494701275249,0
Y319,0.963617028053255,0.980054071654873,0.971835549854064,Y,319,G319Y,0.639153345945498,0
L319,0.763249505754959,0.900815937034351,0.832032721394655,L,319,G319L,0.547208319242272,0
F319,0.672387967704682,0.775380242529386,0.723884105117034,F,319,G319F,0.476081522158551,0
W319,0.658609409185254,0.442342233327905,0.55047582125658,W,319,G319W,0.362034979139292,0
C319,0.826079775847578,0.684645007590983,0.75536239171928,C,319,G319C,0.496784049668969,0
E319,0.425180705281823,0.514285061858621,0.469732883570222,E,319,G319E,0.308932251222564,0
D319,0.455988765642848,0.490193763307661,0.473091264475255,D,319,G319D,0.311140979224677,0
V319,0.752015015315947,0.781250716859501,0.766632866087724,V,319,G319V,0.504196375143239,0
A319,1.05277014745065,0.855548205207418,0.954159176329032,A,319,G319A,0.627528011510672,0
Q319,1.19231799562481,1.14045362175202,1.16638580868841,Q,319,G319Q,0.767104467827392,1
H319,1.04467476311582,0.834674940550519,0.939674851833171,H,319,G319H,0.618002012521769,0
P319,0.889282624814477,0.90057397979791,0.894928302306194,P,319,G319P,0.588573261068935,0
K320,1.03811340980638,1.09884443379795,1.06847892180216,K,320,T320K,0.702713414882425,1
N320,0.901821914913759,0.856240393566744,0.879031154240252,N,320,T320N,0.578118081302293,0
M320,0.874985128362352,0.680080103892411,0.777532616127381,M,320,T320M,0.511364883960253,0
I320,0.848093860702933,0.601110805422178,0.724602333062556,I,320,T320I,0.476553883757795,0
R320,0.825292507070886,1.11452265395114,0.969907580511011,R,320,T320R,0.637885365929046,0
S320,1.02486244919197,0.885353187589439,0.955107818390706,S,320,T320S,0.62815191104585,0
Y320,0.867077000397952,0.950595653707623,0.908836327052787,Y,320,T320Y,0.597720241289624,0
L320,0.935587977973613,0.854268105085044,0.894928041529329,L,320,T320L,0.588573089562134,0
F320,1.06293024770013,1.0324022796619,1.04766626368102,F,320,T320F,0.689025419955563,1
W320,0.833711714145315,0.899280748130841,0.866496231138078,W,320,T320W,0.569874157684632,0
C320,0.856894991475581,0.93457993487086,0.895737463173221,C,320,T320C,0.589105427108391,0
E320,0.979572840630756,0.940722920108068,0.960147880369412,E,320,T320E,0.631466641071878,0
D320,0.497150290125234,0.367137326023632,0.432143808074433,D,320,T320D,0.284210801819175,0
V320,0.950006237147147,0.95501535212132,0.952510794634234,V,320,T320V,0.626443909703752,0
G320,0.963492601880145,0.906592021778149,0.935042311829147,G,320,T320G,0.614955300097796,0
A320,1.08183263622478,1.15390741244888,1.11787002433683,A,320,T320A,0.735196779428733,1
Q320,0.0198976915916879,0.00370944621221,0.011803568901949,Q,320,T320Q,0.00776292918993529,0
H320,1.21706110078733,0.969657675612932,1.09335938820013,H,320,T320H,0.719076711480635,1
P320,0.243164778293772,0.39829438675006,0.320729582521916,P,320,T320P,0.210936290448902,0
K321,0.546066776574731,0.297070442981614,0.421568609778172,K,321,I321K,0.277255743037772,0
N321,0.606229480244889,0.0261240381405809,0.316176759192735,N,321,I321N,0.207942005803952,0
M321,0.925635802617693,1.02942681175372,0.977531307185706,M,321,I321M,0.642899311357814,0
R321,0.226961486336176,0.136154661587082,0.181558073961629,R,321,I321R,0.119406467970246,0
S321,0.248116190079797,0.161959559121017,0.205037874600407,S,321,I321S,0.134848579696516,0
T321,0.604862578784759,0.424403868137174,0.514633223460966,T,321,I321T,0.338462146974544,0
Y321,0.174957215402511,0.565866248535927,0.370411731969219,Y,321,I321Y,0.243611069692959,0
L321,0.548225030793858,0.925539005071252,0.736882017932555,L,321,I321L,0.484629943203238,0
F321,0.425249295002828,0.203345699447177,0.314297497225002,F,321,I321F,0.206706059480765,0
W321,0.598635491484404,0.891946473948615,0.745290982716509,W,321,I321W,0.490160321237268,0
C321,0.877375803790901,0.8322351375408,0.85480547066585,C,321,I321C,0.562185419941303,0
E321,0.377168336205106,0.0950874678122766,0.236127902008691,E,321,I321E,0.155295758281953,0
D321,0.511058283537436,0.356670036699377,0.433864160118407,D,321,I321D,0.285342236829219,0
V321,1.06979487052069,1.01107718853123,1.04043602952596,V,321,I321V,0.684270265286782,1
G321,0.168208695168457,0.0995519416751384,0.133880318421798,G,321,I321G,0.0880499313781951,0
A321,0.452174478248533,0.508517822927991,0.480346150588262,A,321,I321A,0.315912346905431,0
Q321,0.175009323128148,0.0898878305351607,0.132448576831654,Q,321,I321Q,0.0871083086643447,0
H321,0.555901350965317,0.693642407877752,0.624771879421535,H,321,I321H,0.41089774627497,0
P321,0.552224848619988,0.136306812553191,0.344265830586589,P,321,I321P,0.226415526317355,0
K322,0.64997236246846,0.729367264383984,0.689669813426222,K,322,Q322K,0.453579588558137,0
N322,0.348300020391821,0.495546896951272,0.421923458671546,N,322,Q322N,0.277489118795162,0
M322,0.0188413943837341,0.314409166541069,0.166625280462402,M,322,Q322M,0.109585521483181,0
I322,0.610772116565054,0.0047419087412751,0.307757012653165,I,322,Q322I,0.202404536863258,0
R322,0.651570287549722,0.519942383173181,0.585756335361451,R,322,Q322R,0.385238142102606,0
S322,1.04147625348199,1.04404186558778,1.04275905953489,S,322,Q322S,0.685798067396061,1
T322,1.0701292350373,1.15387863648679,1.11200393576205,T,322,Q322T,0.73133879117059,1
Y322,0.206560647240572,0.319616965808026,0.263088806524299,Y,322,Q322Y,0.173027310017692,0
L322,0.828619962651106,0.68006998405435,0.754344973352728,L,322,Q322L,0.496114917578354,0
F322,0.404515026646034,0.459149761258695,0.431832393952365,F,322,Q322F,0.284005992087607,0
W322,0.522980759997105,0.53922952269862,0.531105141347863,W,322,Q322W,0.349295339311592,0
C322,0.659663747629987,1.02482235364717,0.842243050638578,C,322,Q322C,0.553923412243798,0
E322,0.157099779111988,0.226571618708447,0.191835698910218,E,322,Q322E,0.12616581977133,0
D322,0.37467753451516,0.0919483689443933,0.233312951729777,D,322,Q322D,0.153444431800113,0
V322,0.931810631966077,0.951945083773552,0.941877857869815,V,322,Q322V,0.619450877692085,0
G322,0.507796321955439,0.692167453623943,0.599981887789691,G,322,Q322G,0.394593952798972,0
A322,1.06787121964295,1.14381417210065,1.1058426958718,A,322,Q322A,0.727286688845646,1
H322,0.770396546892848,0.976002144531528,0.873199345712188,H,322,Q322H,0.574282638223281,0
P322,0.0336785052140321,0.0773473587637311,0.0555129319888816,P,322,Q322P,0.0365095475559281,0
K323,0.0533399497852352,0.166930387858284,0.110135168821759,K,323,M323K,0.0724333058913827,0
N323,0.415015615820855,0.402912182605182,0.408963899213019,N,323,M323N,0.268965921849813,0
I323,0.984111178940003,0.626221536061527,0.805166357500765,I,323,M323I,0.529538944646182,0
R323,0.386360669966841,0.167618521300511,0.276989595633676,R,323,M323R,0.182169531530247,0
S323,0.540320354644515,0.637484312888938,0.588902333766727,S,323,M323S,0.387307191138087,0
T323,1.02143236127292,1.06242765469076,1.04193000798184,T,323,M323T,0.685252819721007,1
Y323,0.975666405414061,0.998739921796278,0.98720316360517,Y,323,M323Y,0.649260263468419,0
L323,0.900198378950067,0.868619398382258,0.884408888666163,L,323,M323L,0.581654890541719,0
F323,0.935215031491675,0.998267339277347,0.966741185384511,F,323,M323F,0.635802902450537,0
W323,0.118068246889567,0.295782426435974,0.206925336662771,W,323,M323W,0.136089919028759,0
C323,0.870806761693564,0.678251849942529,0.774529305818046,C,323,M323C,0.509389677523925,0
E323,0.281308454838666,0.101861075164478,0.191584765001572,E,323,M323E,0.126000786451293,0
D323,0.621626166256868,0.221045899785595,0.421336033021232,D,323,M323D,0.277102782783942,0
V323,0.945032331162919,0.925236981161929,0.935134656162424,V,323,M323V,0.615016032790279,0
G323,0.503218209686176,0.375316029720999,0.439267119703587,G,323,M323G,0.288895636061625,0
A323,0.693311599365267,0.83435615985332,0.763833879609294,A,323,M323A,0.502355547676891,0
Q323,0.661987591351867,0.571198155874058,0.616592873612963,Q,323,M323Q,0.405518606841512,0
H323,0.509773890505617,0.793771179246768,0.651772534876192,H,323,M323H,0.428655441266841,0
P323,0.257254982279006,0.261226858772026,0.259240920525516,P,323,M323P,0.170496646047529,0
K324,0.507897228345087,0.394389628272953,0.45114342830902,K,324,E324K,0.296706404440888,0
N324,0.042253093964844,0.0250949966462191,0.0336740453055315,N,324,E324N,0.0221466262803236,0
M324,0.0183171657347595,0.0032076045600508,0.0107623851474052,M,324,E324M,0.00707816716351972,0
I324,0.502620137479239,0.158063624709171,0.330341881094205,I,324,E324I,0.217258072766526,0
R324,0.286154255806682,0.28761867203302,0.286886463919851,R,324,E324R,0.188678468644597,0
S324,0.518632846741419,0.256853390152404,0.387743118446911,S,324,E324S,0.2550095142742,0
T324,0.399597386869468,0.262156437882339,0.330876912375904,T,324,E324T,0.217609950235852,0
Y324,0.119428210993577,0.003222135045034,0.0613251730193054,Y,324,E324Y,0.0403321215527272,0
L324,0.217035325092528,0.0110837297814358,0.114059527436982,L,324,E324L,0.0750142640997817,0
F324,0.580641048075652,0.407659791854164,0.494150419964908,F,324,E324F,0.324991089663649,0
W324,0.273223922690795,0,0.136611961345398,W,324,E324W,0.0898464685750588,0
C324,0.355294865521843,0,0.177647432760921,C,324,E324C,0.116834531382209,0
D324,0.387858247899332,0.191091844797655,0.289475046348494,D,324,E324D,0.190380918324249,0
V324,0.564796044640989,0.238510932210406,0.401653488425697,V,324,E324V,0.264158036898852,0
G324,0.598296436757722,0.512503552531546,0.555399994644634,G,324,E324G,0.365273491969434,0
A324,0.422141794664643,0.062316665183082,0.242229229923862,A,324,E324A,0.159308457912336,0
Q324,0.2424529739684,0.0263439374515286,0.134398455709964,Q,324,E324Q,0.0883906980659749,0
H324,0.191009430324433,0.456817501584049,0.323913465954241,H,324,E324H,0.21303025557415,0
P324,0.243923590367881,0.20701616519746,0.22546987778267,P,324,E324P,0.148286226837819,0
K325,1.0268427553215,0.910013606987449,0.968428181154474,K,325,D325K,0.636912399824994,0
N325,1.08469169460676,0.913002886406767,0.998847290506763,N,325,D325N,0.656918331410968,0
M325,0.951688414929449,0.871389012909591,0.91153871391952,M,325,D325M,0.599497537467121,0
I325,1.17019194441109,1.19579125323753,1.18299159882431,I,325,D325I,0.778025704788751,1
R325,1.06395624976763,0.864905604154342,0.964430926960984,R,325,D325R,0.634283499912095,0
S325,0.875498430034268,0.888742452125551,0.882120441079909,S,325,D325S,0.580149832477117,0
T325,1.01466635680336,0.939530185271315,0.977098271037335,T,325,D325T,0.642614513684804,0
Y325,0.815107060775021,0.9212699381872,0.868188499481111,Y,325,D325Y,0.570987122706183,0
L325,0.888371070586925,0.723015559509822,0.805693315048373,L,325,D325L,0.529885512210803,0
F325,0.935702685068591,0.966736025107588,0.95121935508809,F,325,D325F,0.625594560338905,0
W325,0.847425027728919,0.905460035522967,0.876442531625943,W,325,D325W,0.576415605193475,0
C325,0.81486411770796,1.08430242674939,0.949583272228675,C,325,D325C,0.624518547186272,0
E325,0.823926257337232,0.887409372816149,0.85566781507669,E,325,D325E,0.562752563544589,0
V325,0.924178744193594,0.968540528147515,0.946359636170554,V,325,D325V,0.622398437695559,0
G325,0.865550817974262,0.961063308077002,0.913307063025632,G,325,D325G,0.600660539014184,0
A325,0.833706422328556,1.03269548722084,0.9332009547747,A,325,D325A,0.613744282943086,0
Q325,1.20082118738455,1.16948226484225,1.1851517261134,Q,325,D325Q,0.77944636961697,1
H325,1.03816212309027,0.972958045294492,1.00556008419238,H,325,D325H,0.661333177673227,1
P325,0.722372690970198,0.691899150787935,0.707135920879066,P,325,D325P,0.465066635950883,0
K326,0.215226697383424,0.263182861005534,0.239204779194479,K,326,L326K,0.157319347919783,0
N326,0.0212255125624679,0.162412005031294,0.0918187587968811,N,326,L326N,0.0603870345290433,0
M326,0.281302406547212,0.078910037605195,0.180106222076203,M,326,L326M,0.118451619188961,0
I326,0.434958945597741,0.631918550643893,0.533438748120817,I,326,L326I,0.350830097509395,0
R326,0.384328022273507,0.39982413402997,0.392076078151739,R,326,L326R,0.257859199793117,0
S326,0.214572874220978,0.267870164726512,0.241221519473745,S,326,L326S,0.158645710489654,0
T326,0.297057681284414,0.243491500017105,0.270274590650759,T,326,L326T,0.177753230949848,0
Y326,0.506521791999516,0.0619966867233853,0.284259239361451,Y,326,L326Y,0.186950604946564,0
F326,0.0987544900274821,0.259612880807242,0.179183685417362,F,326,L326F,0.117844888562216,0
W326,0.0059413857110676,0.500179412760135,0.253060399235601,W,326,L326W,0.166431862800271,0
C326,0.274354910950299,0.0292109368045697,0.151782923877434,C,326,L326C,0.0998240532240467,0
E326,0.0163388107054359,0.424833676875005,0.22058624379022,E,326,L326E,0.14507437581311,0
D326,0.338206148793525,0.457603208568681,0.397904678681103,D,326,L326D,0.26169253304696,0
V326,0.38823544229834,0.22967693152359,0.308956186910965,V,326,L326V,0.203193205521612,0
G326,0.373682412819301,0.446718039801992,0.410200226310646,G,326,L326G,0.269779025055649,0
A326,0.217400704427701,0.106559746994947,0.161980225711324,A,326,L326A,0.106530578404902,0
Q326,0.296455506037774,0.249412083144991,0.272933794591383,Q,326,L326Q,0.179502126734178,0
H326,0.10746409300698,0,0.0537320465034901,H,326,L326H,0.0353383011275538,0
P326,0.434402508480306,0.535448649998362,0.484925579239334,P,326,L326P,0.318924129243802,0
K327,1.00965904075557,0.866463285301114,0.938061163028344,K,327,T327K,0.616940727411263,0
N327,0.966647349024616,0.933109300620128,0.949878324822372,N,327,T327N,0.624712596326088,0
M327,0.707054949978301,1.01879379658145,0.862924373279877,M,327,T327M,0.567525030919663,0
I327,0.874358458120161,0.535979381968372,0.705168920044266,I,327,T327I,0.46377298584184,0
R327,0.984419331188066,1.04393888925771,1.01417911022289,R,327,T327R,0.667001708040344,1
S327,0.703504078454931,1.07234368674754,0.887923882601234,S,327,T327S,0.583966619244087,0
Y327,0.804478886588175,0.949178707707344,0.876828797147759,Y,327,T327Y,0.576669642927256,0
L327,0.789248075387411,0.782034962342578,0.785641518864995,L,327,T327L,0.51669791825548,0
F327,0.551362391683205,0.880347448250562,0.715854919966884,F,327,T327F,0.470800916242555,0
W327,0.706350992441485,0.69302288751738,0.699686939979433,W,327,T327W,0.460167616701587,0
C327,0.956563099481885,0.755628587588692,0.856095843535288,C,327,T327C,0.56303406777801,0
E327,0.274039869342264,0.138395074123189,0.206217471732726,E,327,T327E,0.135624372940654,0
D327,0.642225083788121,0.886469586647875,0.764347335217998,D,327,T327D,0.502693235334383,0
V327,0.685887277375747,0.293899552193616,0.489893414784681,V,327,T327V,0.322191357646171,0
G327,0.86667009126987,0.507123994574447,0.686897042922159,G,327,T327G,0.451756002720515,0
A327,0.758535351809776,1.05074087364457,0.904638112727175,A,327,T327A,0.59495917463219,0
Q327,0.994558403738913,1.12912714870722,1.06184277622307,Q,327,T327Q,0.698348978274098,1
H327,0.576592248557169,0.375096287528637,0.475844268042903,H,327,T327H,0.312951564813901,0
P327,0.115777119971773,0.117749954611745,0.116763537291759,P,327,T327P,0.07679262767828,0
K328,0.206338279202398,0.0230509452700875,0.114694612236243,K,328,N328K,0.075431944410476,0
M328,1.02019712541308,0.30068586512171,0.660441495267397,M,328,N328M,0.434356812286598,0
I328,0.780415504333392,1.16365456031569,0.972035032324539,I,328,N328I,0.639284540866779,0
R328,1.06841004083877,0.776982730890493,0.922696385864631,R,328,N328R,0.606835675445044,0
S328,1.08833637131705,0.817050791061937,0.952693581189495,S,328,N328S,0.626564124114931,0
T328,0.641682724359182,0.3559752220341,0.498828973196641,T,328,N328T,0.328068063903473,0
Y328,0.0751585292450053,0.0543343709937777,0.0647464501193915,Y,328,N328Y,0.0425822149005731,0
L328,0.381425787630394,0.382667711491961,0.382046749561177,L,328,N328L,0.251263146657165,0
F328,0.566082027471164,1.0861774310781,0.826129729274629,F,328,N328F,0.543326060391821,0
W328,0.79062868426564,0.856500665740343,0.823564675002991,W,328,N328W,0.541639084626738,0
C328,0.865554059652637,0.928276447490573,0.896915253571605,C,328,N328C,0.589880032106184,0
E328,0.557081518537803,0.63239040909009,0.594735963813946,E,328,N328E,0.391143832187335,0
D328,0.404117638546936,0,0.202058819273468,D,328,N328D,0.132889325190694,0
V328,0.512357588908236,0.261680617327471,0.387019103117853,V,328,N328V,0.254533346449147,0
G328,1.1822537231566,1.15136968796599,1.16681170556129,G,328,N328G,0.767384570167103,1
A328,0.905318647723927,1.01388733355626,0.959602990640095,A,328,N328A,0.631108279933806,0
Q328,0.00418322055167,0.300680122458128,0.152431671504899,Q,328,N328Q,0.100250719254972,0
H328,1.19913651705385,0.70126819413224,0.950202355593043,H,328,N328H,0.624925703730211,0
P328,0.224071630152606,0.0080644706484271,0.116068050400516,P,328,N328P,0.0763352223346846,0
K329,0.0054009208879152,0.286808996448093,0.146104958668004,K,329,I329K,0.0960897892713498,0
N329,0.509843276373594,0.0285657153088864,0.26920449584124,N,329,I329N,0.177049454803683,0
M329,0.259156963075489,0.0305148366394621,0.144835899857475,M,329,I329M,0.0952551591890556,0
R329,0.170090855768799,0.232563431727528,0.201327143748164,R,329,I329R,0.132408119435034,0
S329,0.294415920781992,0.174624990626311,0.234520455704152,S,329,I329S,0.154238578716822,0
T329,0.690674221962786,0.590537441386918,0.640605831674852,T,329,I329T,0.421311363644461,0
Y329,0.182243238094492,0.313031533266205,0.247637385680348,Y,329,I329Y,0.162865274544194,0
L329,0.406944640627039,0.277916113728036,0.342430377177538,L,329,I329L,0.22520839185114,0
F329,0.0051336123406899,0.0210128895477481,0.013073250944219,F,329,I329F,0.00859796915706311,0
W329,0.0024360690139606,0.677776822752927,0.340106445883444,W,329,I329W,0.223679996987842,0
C329,0.150847247227431,0.0478980680936883,0.0993726576605598,C,329,I329C,0.0653550558515594,0
E329,0.232389400839953,0.248174663094774,0.240282031967363,E,329,I329E,0.158027831689821,0
D329,0.371312257000287,0.731570141358323,0.551441199179305,D,329,I329D,0.362669885456009,0
V329,0.943104685817818,1.01952976575495,0.981317225786382,V,329,I329V,0.645389220830114,0
G329,0.139932336383322,0.303703767497495,0.221818051940408,G,329,I329G,0.145884507013675,0
A329,0.0166680888583484,0.114588364474822,0.0656282266665851,A,329,I329A,0.0431621385621429,0
Q329,0.40762632080194,0.0796024391585899,0.243614379980265,Q,329,I329Q,0.160219438472081,0
H329,0.336163603532205,0.212667422335976,0.274415512934091,H,329,I329H,0.180476617980802,0
P329,0.397431511801028,0.0097659447760815,0.203598728288555,P,329,I329P,0.133902087071644,0
K330,0.321233876691678,0.578980272384628,0.450107074538153,K,330,R330K,0.296024818980949,0
N330,0.336710211017624,0.0208520416961611,0.178781126356892,N,330,R330N,0.117580134951918,0
M330,0.924371072095476,0.770918784990367,0.847644928542921,M,330,R330M,0.5574761000802,0
I330,0.0250131396853425,0.232823447206752,0.128918293446047,I,330,R330I,0.0847865244505594,0
S330,0.607910961014468,0.186274634650782,0.397092797832625,S,330,R330S,0.261158578139783,0
T330,0.682893977437603,0.668979318704058,0.67593664807083,T,330,R330T,0.444547609239579,0
Y330,0.726987955606233,0.630624976932467,0.67880646626935,Y,330,R330Y,0.446435021059526,0
L330,0.421748270325957,0.495425210546497,0.458586740436227,L,330,R330L,0.301601695472108,0
F330,0.599949663271533,0.364834728205463,0.482392195738498,F,330,R330F,0.317257982598554,0
W330,0.52767586596104,0.175740440996543,0.351708153478791,W,330,R330W,0.231310166752017,0
C330,0.505693751479731,0.46270528202062,0.484199516750175,C,330,R330C,0.318446615049779,0
E330,0.0312969470468066,0.007947333085936,0.0196221400663713,E,330,R330E,0.012905019249312,0
D330,0.499951263968687,0.001964879312683,0.250958071640685,D,330,R330D,0.165049211469225,0
V330,0.687454507327696,0.428373972833629,0.557914240080662,V,330,R330V,0.366927051960327,0
G330,0.352816334927585,0.54129335631537,0.447054845621478,G,330,R330G,0.294017439929033,0
A330,0.512180370921035,0.296369296329696,0.404274833625366,A,330,R330A,0.265882033881158,0
Q330,0.563093103619424,0.0049223966172406,0.284007750118332,Q,330,R330Q,0.186785206396127,0
H330,0.336971091862937,0.135039627001944,0.23600535943244,H,330,R330H,0.155215164916498,0
P330,0.49089279693253,0.0827952319905184,0.286844014461524,P,330,R330P,0.18865055063591,0
K331,1.26569148777282,1.30848411540651,1.28708780158966,K,331,D331K,0.846487324975094,1
N331,1.11123126233343,1.23890307552195,1.17506716892769,N,331,D331N,0.772813993935103,1
M331,0.993353987923496,1.02254092255467,1.00794745523908,M,331,D331M,0.662903295367256,1
I331,1.25082644464312,1.14139411410593,1.19611027937453,I,331,D331I,0.786653551927418,1
R331,1.15375890928396,1.00422757149612,1.07899324039004,R,331,D331R,0.709628434513873,1
S331,1.08205715748731,1.2582504498656,1.17015380367645,S,331,D331S,0.769582589361918,1
T331,1.03491986401391,0.937042401265023,0.985981132639467,T,331,D331T,0.648456562491751,0
Y331,1.04644151151374,0.0231941188431936,0.534817815178467,Y,331,D331Y,0.351737077424168,0
L331,1.09854536298148,0.962697551442732,1.0306214572121,L,331,D331L,0.677815452294636,1
F331,0.8483958825105,0.922170192398734,0.885283037454617,F,331,D331F,0.582229797606066,0
W331,0.742019661455234,1.00167097730536,0.871845319380294,W,331,D331W,0.57339212700391,0
C331,0.565092926919949,0.956380148541517,0.760736537730733,C,331,D331C,0.500318498892746,0
E331,0.446918825167766,0.994752724559528,0.720835774863647,E,331,D331E,0.474076707165631,0
V331,0.993826473648345,1.22208499450468,1.10795573407651,V,331,D331V,0.728676384292427,1
G331,1.16544820951551,0.955606262957802,1.06052723623665,G,331,D331G,0.697483778617457,1
A331,1.02470985875442,1.10742107435129,1.06606546655285,A,331,D331A,0.70112614222285,1
Q331,0.96118417725716,1.10716059298551,1.03417238512133,Q,331,D331Q,0.680150813925249,1
H331,0.639219891122966,0.591790210911138,0.615505051017052,H,331,D331H,0.40480317154788,0
P331,0.0309476296891198,0.294923592445161,0.162935611067141,P,331,D331P,0.107158912845775,0
K332,0.326966811659184,0.492289762452992,0.409628287056088,K,332,I332K,0.269402874082078,0
N332,1.09357269824836,1.13377371856367,1.11367320840602,N,332,I332N,0.732436632462616,1
M332,0.182928401494544,0.105302163388652,0.144115282441598,M,332,I332M,0.0947812260914512,0
R332,1.19689410317413,1.20369574106171,1.20029492211792,R,332,I332R,0.789405692874954,1
S332,0.988837662063112,0.933902637594647,0.961370149828879,S,332,I332S,0.632270498900275,0
T332,0.535763093792377,0.548073304940583,0.54191819936648,T,332,I332T,0.35640683282872,0
Y332,0.334106425541056,1.1257169051679,0.729911665354477,Y,332,I332Y,0.480045706525163,0
L332,0.916522785564686,0.82978944615093,0.873156115857808,L,332,I332L,0.574254206966495,0
F332,0.809890090894663,0.284041122605499,0.546965606750081,F,332,I332F,0.3597263937545,0
W332,0.0038467684965759,0.908865842077736,0.456356305287156,W,332,I332W,0.300134790820742,0
C332,0.336680083045986,0.269198081886419,0.302939082466203,C,332,I332C,0.199235897683521,0
E332,0.986502089403589,0.942113527843561,0.964307808623575,E,332,I332E,0.63420252788209,0
D332,0.0633019698186542,0.164935956218266,0.11411896301846,D,332,I332D,0.0750533534814941,0
V332,0.847862747268035,0.946833117052783,0.897347932160409,V,332,I332V,0.59016459462069,0
G332,0.941993598491878,1.04618869956521,0.994091149028542,G,332,I332G,0.653790329209308,0
A332,0.850204909553305,0.939622808541845,0.894913859047575,A,332,I332A,0.588563762078006,0
Q332,0.378913918630809,0.694541597621774,0.536727758126292,Q,332,I332Q,0.352993201905157,0
H332,0.31305701437589,0.0508061650850908,0.18193158973049,H,332,I332H,0.119652120491875,0
P332,0.218482933410211,0.863104915305666,0.540793924357939,P,332,I332P,0.355667423642074,0
K333,0.402691074925564,0.761701057439035,0.582196066182299,K,333,G333K,0.382896636938833,0
N333,0.885954724142974,0.657362078212872,0.771658401177923,N,333,G333N,0.507501551176931,0
M333,0.54002334979841,0.471727544911268,0.505875447354839,M,333,G333M,0.332702363951467,0
I333,0,0,0,I,333,G333I,0,0
R333,0.670429595925077,0.722741874036226,0.696585734980651,R,333,G333R,0.458128027234283,0
S333,0.509489602303705,0.316396982566311,0.412943292435008,S,333,G333S,0.271583075022538,0
T333,0.533119003288827,0.0124423261432876,0.272780664716057,T,333,G333T,0.179401416822719,0
Y333,0.701639033469963,0.0025494133017608,0.352094223385862,Y,333,G333Y,0.231564075834588,0
L333,0.761886900763652,0.639590301578808,0.70073860117123,L,333,G333L,0.460859269491649,0
F333,0.844739525880482,0.552381922520881,0.698560724200681,F,333,G333F,0.459426931116095,0
W333,0.399874738308001,0.190145845565984,0.295010291936992,W,333,G333W,0.194021318944549,0
C333,0.897682827969882,0.0462876124419482,0.471985220205915,C,333,G333C,0.31041355996571,0
E333,0.463306002195238,0.4732201660945,0.468263084144869,E,333,G333E,0.30796559876709,0
D333,0.858240411556047,0.438464164432976,0.648352287994511,D,333,G333D,0.426406025469369,0
V333,0.897334334661329,0.621072177394546,0.759203256027937,V,333,G333V,0.499310095638958,0
A333,0.581655151627182,0.646772397776679,0.61421377470193,A,333,G333A,0.403953929536231,0
Q333,0.743161546955594,0.213512231956172,0.478336889455883,Q,333,G333Q,0.314590903194269,0
H333,0.0055506562832604,0,0.0027753281416302,H,333,G333H,0.00182526793559467,0
P333,0.894483921542985,0.66122851842331,0.777856219983147,P,333,G333P,0.5115777105925,0
K334,0.827320064526071,0.446525128845862,0.636922596685967,K,334,S334K,0.418888986764542,0
N334,0.777720255839474,0.90230050343386,0.840010379636667,N,334,S334N,0.552455037124693,0
M334,0.982704533879327,0.707920603094152,0.845312568486739,M,334,S334M,0.555942161818647,0
I334,0.94860647480967,0.676786355952892,0.812696415381281,I,334,S334I,0.534491286315735,0
R334,1.03432435196712,1.00418164865091,1.01925300030902,R,334,S334R,0.670338686015678,1
T334,0.932247191308929,0.712229244878224,0.822238218093577,T,334,S334T,0.540766705167033,0
Y334,0.973207840914631,0.32339454250842,0.648301191711525,Y,334,S334Y,0.426372420647812,0
L334,1.10203935367299,1.01720896917466,1.05962416142382,L,334,S334L,0.696889847588338,1
F334,1.09078171101887,0.93788789765193,1.0143348043354,F,334,S334F,0.667104104390189,1
W334,0.746984450550176,0.183353804662639,0.465169127606407,W,334,S334W,0.305930776441374,0
C334,1.08413793942316,1.0829724514505,1.08355519543683,C,334,S334C,0.712628724874364,1
E334,0.501755490832523,0.531977575634093,0.516866533233308,E,334,S334E,0.339930942197913,0
D334,0.883406924135906,0.797406178465551,0.840406551300728,D,334,S334D,0.552715589894852,0
V334,0.910352321729137,0.643448039364348,0.776900180546743,V,334,S334V,0.510948945978235,0
G334,1.04064916659527,1.0329153048375,1.03678223571638,G,334,S334G,0.681867251176896,1
A334,1.17161688525745,1.09813161473419,1.13487424999582,A,334,S334A,0.746380058047001,1
Q334,0.555385858496234,0.707114543970208,0.631250201233221,Q,334,S334Q,0.4151583859096,0
H334,1.07729436446504,0.954526193384568,1.0159102789248,H,334,S334H,0.668140256911486,1
P334,0.557893853446233,0.493595803270485,0.525744828358359,P,334,S334P,0.345769987740464,0
K335,0.704903545792691,0.796010165432891,0.750456855612791,K,335,R335K,0.493557794139842,0
N335,1.13934837189629,1.12336824440915,1.13135830815272,N,335,R335N,0.744067705927855,1
M335,1.09293181320827,0.783473690540859,0.938202751874565,M,335,R335M,0.617033847059772,0
I335,1.19781163741468,1.01381916723084,1.10581540232276,I,335,R335I,0.727268738521444,1
S335,1.23893013877899,1.24097411366065,1.23995212621982,S,335,R335S,0.815487301740136,1
T335,1.12245711383739,1.04343200275589,1.08294455829664,T,335,R335T,0.712227123213085,1
Y335,1.0509377779935,1.0096500173213,1.0302938976574,Y,335,R335Y,0.677600024092391,1
L335,1.11150167971257,1.10765837598735,1.10958002784996,L,335,R335L,0.729744644040956,1
F335,0.720926830035196,0.544071634525253,0.632499232280225,F,335,R335F,0.415979844203652,0
W335,0.665741243132822,0.488196511759973,0.576968877446397,W,335,R335W,0.379458838053063,0
C335,1.07895456683846,1.17482292895535,1.12688874789691,C,335,R335C,0.74112818144469,1
E335,0.855971205973716,0.418403712465454,0.637187459219585,E,335,R335E,0.419063180613083,0
D335,1.00224657233355,1.02797381356708,1.01511019295032,D,335,R335D,0.667614059215065,1
V335,1.09251965941503,0.969114568594263,1.03081711400465,V,335,R335V,0.677944131157674,1
G335,1.1315987066129,1.14423914895473,1.13791892778382,G,335,R335G,0.748382470899483,1
A335,1.23081677890268,1.25533329906424,1.24307503898346,A,335,R335A,0.817541167892981,1
Q335,1.26008422782855,1.21384829480153,1.23696626131504,Q,335,R335Q,0.813523568735393,1
H335,1.13241032794951,1.13086657754012,1.13163845274482,H,335,R335H,0.744251950426233,1
P335,1.19166255339569,1.23317076817242,1.21241666078406,P,335,R335P,0.797377874823128,1
K336,1.22328120983656,1.09727715379535,1.16027918181595,K,336,F336K,0.763088283197637,1
N336,1.14268370255495,1.17237308153728,1.15752839204611,N,336,F336N,0.761279153571076,1
M336,1.18197740835082,1.15841069361544,1.17019405098313,M,336,F336M,0.769609059067347,1
I336,1.25017124760453,1.2494344518181,1.24980284971131,I,336,F336I,0.821965890510134,1
R336,1.12010034579765,1.09262480752714,1.10636257666239,R,336,F336R,0.727628602193896,1
S336,1.06952806397952,1.17655394444107,1.1230410042103,S,336,F336S,0.73859761106989,1
T336,1.24395451222076,1.25955442852922,1.25175447037499,T,336,F336T,0.823249425442968,1
Y336,1.13868186185698,1.21829634672347,1.17848910429023,Y,336,F336Y,0.775064520206657,1
L336,1.10629115450798,1.08987549658153,1.09808332554476,L,336,F336L,0.722183533782321,1
W336,1.01044593331018,1.02596609151887,1.01820601241453,W,336,F336W,0.669650106743158,1
C336,1.17881903069305,1.0433465428066,1.11108278674982,C,336,F336C,0.73073297316633,1
E336,1.00442426215437,0.995553108611205,0.99998868538279,E,336,F336E,0.657668999931138,0
D336,0.861319892599692,1.14470337969829,1.00301163614899,D,336,F336D,0.659657123433242,1
V336,1.28255658526523,1.28432888791904,1.28344273659214,V,336,F336V,0.84409005159926,1
G336,1.06783618350608,1.08049911530066,1.07416764940337,G,336,F336G,0.706454757006647,1
A336,1.13053764209405,1.16397275674575,1.1472551994199,A,336,F336A,0.754522716804001,1
Q336,1.13084062029055,1.15144701670493,1.14114381849774,Q,336,F336Q,0.750503405547757,1
H336,1.15905015160916,1.07501907521242,1.11703461341079,H,336,F336H,0.734647349343882,1
P336,1.09043204436157,1.08895695902162,1.08969450169159,P,336,F336P,0.716666401963973,1
K337,0.835057371504067,0.588690621782695,0.711873996643381,K,337,L337K,0.468182756758112,0
N337,0.380673070201975,0.30791137443346,0.344292222317717,N,337,L337N,0.226432883537163,0
M337,0.931281319122962,0.709337581571569,0.820309450347266,M,337,L337M,0.539498200059567,0
I337,1.3498267097156,1.33366183348363,1.34174427159962,I,337,L337I,0.882433597664626,1
R337,0.234611376353385,0.437279067915023,0.335945222134204,R,337,L337R,0.220943258161037,0
S337,0.488980851424819,0.6123782346517,0.55067954303826,S,337,L337S,0.362168962155681,0
T337,0.676079343193129,0.742920338508404,0.709499840850766,T,337,L337T,0.466621330425361,0
Y337,0.329436584315578,0.189233697726499,0.259335141021039,Y,337,L337Y,0.170558612647721,0
F337,0.413209230048297,0.0373269784298626,0.22526810423908,F,337,L337F,0.148153525131724,0
W337,0.684419882219523,0.422259094105996,0.55333948816276,W,337,L337W,0.363918345399184,0
C337,1.05490797435465,1.12276932413064,1.08883864924265,C,337,L337C,0.716103527971087,1
E337,0.686986225991536,0.387270223879095,0.537128224935315,E,337,L337E,0.35325657949097,0
D337,0.422500445209955,0.924148772267318,0.673324608738637,D,337,L337D,0.442829732507077,0
V337,1.21290039759418,1.15275569433087,1.18282804596253,V,337,L337V,0.777918139924653,1
G337,0.199026838440586,0.19847471322705,0.198750775833818,G,337,L337G,0.130713702953678,0
A337,0.601937975595728,1.11084295552459,0.856390465560157,A,337,L337A,0.563227833742851,0
Q337,0.631970189088327,0.498485283238412,0.565227736163369,Q,337,L337Q,0.371736966037378,0
H337,0.516544073720218,0.448926606243671,0.482735339981945,H,337,L337H,0.317483660483432,0
P337,0.588083518761097,0.363714344705677,0.475898931733387,P,337,L337P,0.312987515835327,0
K338,0.867490422202195,0.586499239052452,0.726994830627324,K,338,Q338K,0.478127373041983,0
N338,0.842939374299201,0.913118067759597,0.878028721029399,N,338,Q338N,0.57745880459555,0
M338,1.01125497601263,0.966101885554263,0.988678430783445,M,338,Q338M,0.650230511936176,0
I338,0.906194073774792,0.667372372617094,0.786783223195943,I,338,Q338I,0.517448790296861,0
R338,0.741437876260358,0.829067226886592,0.785252551573475,R,338,Q338R,0.516442103631415,0
S338,0.92256842212521,0.699272027664136,0.810920224894673,S,338,Q338S,0.533323127677452,0
T338,0.882485822417631,0.960099455187674,0.921292638802653,T,338,Q338T,0.605912464072854,0
Y338,0.852894431463092,0.168570744270764,0.510732587866928,Y,338,Q338Y,0.335896790838295,0
L338,0.856530357052407,0.682796008330629,0.769663182691518,L,338,Q338L,0.506189342983199,0
F338,0.545466482563099,0.968298350750811,0.756882416656955,F,338,Q338F,0.497783734260649,0
W338,0.823256754168025,0.815031938900937,0.819144346534481,W,338,Q338W,0.538731938730243,0
C338,0.403399084882512,0.426931089360047,0.415165087121279,C,338,Q338C,0.273044297045078,0
E338,0.826164125958616,0.813054130772578,0.819609128365597,E,338,Q338E,0.539037614790907,0
D338,0.760640536937403,0.67492826360698,0.717784400272192,D,338,Q338D,0.472069889983286,0
V338,0.95756842065843,1.02716275963705,0.99236559014774,V,338,Q338V,0.652655469785348,0
G338,0.119753496757495,0.0941703003549007,0.106961898556198,G,338,Q338G,0.0703463207958825,0
A338,0.568380362808338,0.477835692529724,0.523108027669031,A,338,Q338A,0.34403582604672,0
H338,0.596087561425148,0.76972867343344,0.682908117429294,H,338,Q338H,0.449132580397804,0
P338,0.687958808090291,0.584139657093224,0.636049232591758,P,338,Q338P,0.418314595775114,0
K339,1.03747397034715,1.02121396557323,1.02934396796019,K,339,N339K,0.676975277709655,1
M339,1.04239075819082,1.11087484072453,1.07663279945768,M,339,N339M,0.708076028121608,1
I339,1.06115314224984,0.55829265180296,0.809722897026398,I,339,N339I,0.53253567334599,0
R339,0.987771768221804,1.07593702269282,1.03185439545731,R,339,N339R,0.678626326732074,1
S339,1.00594894418127,0.990717337357508,0.998333140769386,S,339,N339S,0.6565801872414,0
T339,1.10535513080924,1.11232744640643,1.10884128860783,T,339,N339T,0.729258792645152,1
Y339,1.10882912728466,1.0131957772815,1.06101245228308,Y,339,N339Y,0.697802893780129,1
L339,0.926753876096401,0.944928902084197,0.935841389090299,L,339,N339L,0.615480834387225,0
F339,0.760704828492929,1.07158600564904,0.916145417070986,F,339,N339F,0.602527257601849,0
W339,1.03078767708814,1.0324916227609,1.03163964992452,W,339,N339W,0.678485093654286,1
C339,1.10089775483984,1.12573165078017,1.11331470281001,C,339,N339C,0.73220085177805,1
E339,0.780871418274295,0.796640668534224,0.78875604340426,E,339,N339E,0.518746267670769,0
D339,0.882422859250653,0.413297510510047,0.64786018488035,D,339,N339D,0.426082380844501,0
V339,0.930139015746639,0.98427342510162,0.95720622042413,V,339,N339V,0.629531980627584,0
G339,1.14544102823139,1.04250241129948,1.09397171976543,G,339,N339G,0.71947942752539,1
A339,0.858984153522203,0.84284326337018,0.850913708446191,A,339,N339A,0.559625899614337,0
Q339,0.618865544869004,0.88203405393266,0.750449799400832,Q,339,N339Q,0.493553153435472,0
H339,0.466942978518636,0.910543087671,0.688743033094818,H,339,N339H,0.452970066967923,0
P339,0.457512499814227,0.565445241086973,0.5114788704506,P,339,N339P,0.33638760331212,0
K340,0.0178241571332028,0.197027211994533,0.107425684563868,K,340,W340K,0.0706513419269262,0
N340,0.0478281549740943,0,0.0239140774870471,N,340,W340N,0.0157277253783743,0
M340,0.340388798737311,0.0182849951463052,0.179336896941808,M,340,W340M,0.117945652172378,0
I340,0.407362271363364,0.419122164389253,0.413242217876308,I,340,W340I,0.271779671242983,0
R340,0.535980058026865,0.370534757238949,0.453257407632907,R,340,W340R,0.298096718839579,0
S340,0.342206688326586,0.285658684762607,0.313932686544597,S,340,W340S,0.206466132090732,0
T340,0.57669812421529,0.452382567416461,0.514540345815875,T,340,W340T,0.338401063535446,0
Y340,0.717422324611414,0.274261748819697,0.495842036715556,Y,340,W340Y,0.326103626148239,0
L340,0.300351211600178,0.223108511999564,0.261729861799871,L,340,W340L,0.172133564087423,0
F340,0.427664279897949,0.34253188718658,0.385098083542264,F,340,W340F,0.253269937131028,0
C340,0.686510880399861,0.0490197317136038,0.367765306056732,C,340,W340C,0.241870577716701,0
E340,0.139819298836283,0.0348859771156482,0.0873526379759657,E,340,W340E,0.05744977208118,0
D340,0.591163825464248,0.0129324783852958,0.302048151924772,D,340,W340D,0.198649953655598,0
V340,0.249504193568865,0.164525779895139,0.207014986732002,V,340,W340V,0.136148879767252,0
G340,0.222370117381088,0.269691078663447,0.246030598022268,G,340,W340G,0.161808528155322,0
A340,0.685327750385609,0.421819252975376,0.553573501680492,A,340,W340A,0.364072250576739,0
Q340,0.291252048200455,0.528098889291484,0.409675468745969,Q,340,W340Q,0.269433904367973,0
H340,0.510764371620304,0.0963289804757224,0.303546676048013,H,340,W340H,0.199635497668155,0
P340,0.526800822259634,0.12524697535309,0.326023898806362,P,340,W340P,0.214418237541911,0
K341,0.401929374631696,0.335349205650515,0.368639290141106,K,341,T341K,0.242445376459055,0
N341,0.77083624950949,0.466700617306545,0.618768433408018,N,341,T341N,0.406949421265334,0
M341,0.509138423917778,0.520665936829139,0.514902180373458,M,341,T341M,0.338639033599612,0
I341,0.542983523394813,0.0024338282675492,0.272708675831181,I,341,T341I,0.179354071429101,0
R341,0.190227378130352,0.247055183362742,0.218641280746547,R,341,T341R,0.143795219440109,0
S341,0.968514162693803,1.06870118626015,1.01860767447698,S,341,T341S,0.669914270418991,1
Y341,0.334364250836994,0.13499923865467,0.234681744745832,Y,341,T341Y,0.154344654719773,0
L341,0.447416017630837,0.18098731148853,0.314201664559684,L,341,T341L,0.206643032594479,0
F341,0.653693516532476,0.0139467904155151,0.333820153473995,F,341,T341F,0.219545650567098,0
W341,0.843423161615374,0.713974098694914,0.778698630155144,W,341,T341W,0.512131743916524,0
C341,1.1070113437684,1.15572403243235,1.13136768810038,C,341,T341C,0.744073874898451,1
E341,1.16035606369851,1.20159413483772,1.18097509926812,E,341,T341E,0.776699500536777,1
D341,0.38250322919333,0.0089922416079806,0.195747735400655,D,341,T341D,0.12873867400855,0
V341,1.16017105007891,1.11462424656834,1.13739764832362,V,341,T341V,0.748039637679182,1
G341,0.485862381220986,0.542153084100187,0.514007732660587,G,341,T341G,0.338050776410893,0
A341,1.05213350344898,1.08784965241018,1.06999157792958,A,341,T341A,0.7037082531812,1
Q341,0.925345501982963,0.810895908712871,0.868120705347917,Q,341,T341Q,0.570942536101924,0
H341,0.761200274681102,0.556961548730522,0.659080911705812,H,341,T341H,0.433461988531739,0
P341,1.19903452581295,1.26166083889287,1.23034768235291,P,341,T341P,0.809170685277193,1
K342,0.247208174504656,0.0101924343466508,0.128700304425653,K,342,Y342K,0.0846431582073868,0
N342,0.0413897494968123,0.0570550516998346,0.0492224005983235,N,342,Y342N,0.0323724132571734,0
M342,0.191651826669243,0.546892907460566,0.369272367064904,M,342,Y342M,0.24286173623736,0
I342,0.303286075422872,0.183122492041113,0.243204283731993,I,342,Y342I,0.159949727830932,0
R342,0.466113917360057,0.143989759342644,0.305051838351351,R,342,Y342R,0.200625407455376,0
S342,0.665867551183545,0.652371687436035,0.65911961930979,S,342,Y342S,0.433487445610975,0
T342,0.430871716822015,0.215112101579936,0.322991909200976,T,342,Y342T,0.212424169408218,0
L342,0.244538240540049,0.0714262404543536,0.157982240497201,L,342,Y342L,0.103901197716955,0
F342,0.742546063605588,0.584442928382896,0.663494495994242,F,342,Y342F,0.43636469893988,0
W342,0.993928845555396,0.825141090779547,0.909534968167472,W,342,Y342W,0.598179721091668,0
C342,0.604426636951275,0.242249685695578,0.423338161323427,C,342,Y342C,0.278419535400732,0
E342,0.390518063396853,0.0826424027667242,0.236580233081789,E,342,Y342E,0.155593245772392,0
D342,0.149769432164918,0.314409166541069,0.232089299352993,D,342,Y342D,0.152639664459576,0
V342,0.597585633417971,0.0704179908445491,0.33400181213126,V,342,Y342V,0.219665123186337,0
G342,0.224390746973566,0.205919947612782,0.215155347293174,G,342,Y342G,0.141502603131927,0
A342,0.307195144825661,0.0047801499408015,0.155987647383231,A,342,Y342A,0.102589400815941,0
Q342,1.1686046780593,0.138750384391009,0.653677531225155,Q,342,Y342Q,0.429908312486294,0
H342,0.0101045397832594,0.218638906034842,0.114371722909051,H,342,Y342H,0.0752195877068384,0
P342,0.826702412037072,0.965259728520584,0.895981070278828,P,342,Y342P,0.589265641762679,0
K343,0.687904053652447,0.569029048953017,0.628466551302732,K,343,Y343K,0.413327644929524,0
N343,0.581089733330117,0.771274313339933,0.676182023335025,N,343,Y343N,0.444708986770114,0
M343,0.578122364422091,0.178241959778427,0.378182162100259,M,343,Y343M,0.248721498528821,0
I343,0.674835611278316,0.0069056923416628,0.340870651809989,I,343,Y343I,0.224182597222023,0
R343,0.691678049387187,0.727191487180882,0.709434768284034,R,343,Y343R,0.466578533731247,0
S343,0.812005351979539,1.00394298998595,0.907974170982745,S,343,Y343S,0.597153221553644,0
T343,0.620473361826088,0.238069134957243,0.429271248391665,T,343,Y343T,0.282321586989624,0
L343,0.790464789430593,0.540354054884943,0.665409422157768,L,343,Y343L,0.437624100764438,0
F343,1.1462680503035,0.945083029130663,1.04567553971708,F,343,Y343F,0.687716167703372,1
W343,0.0065121542324787,0.55212948810128,0.279320821166879,W,343,Y343W,0.183702723642764,0
C343,0.762153692572797,0.586890947350646,0.674522319961721,C,343,Y343C,0.443617438961966,0
E343,0.263132244194046,0.143985083237099,0.203558663715573,E,343,Y343E,0.133875737545864,0
D343,0.732650628671562,0.824938881561151,0.778794755116357,D,343,Y343D,0.512194963038934,0
V343,0.276869295177706,0.264120416376547,0.270494855777127,V,343,Y343V,0.177898094134298,0
G343,0.997085407654123,1.02922854803279,1.01315697784346,G,343,Y343G,0.666329475654515,1
A343,0.906459234614981,1.01463896788542,0.960549101250201,A,343,Y343A,0.631730514592926,0
Q343,0.748223998655553,0.90294331068507,0.825583654670312,Q,343,Y343Q,0.542966919989375,0
H343,0.777507946438165,0.595001329195686,0.686254637816926,H,343,Y343H,0.45133350801704,0
P343,0.288725434388373,0.0419492360459727,0.165337335217173,P,343,Y343P,0.108738470237724,0
K344,0.836297535375515,0.71780100679752,0.777049271086517,K,344,D344K,0.511046999313863,0
N344,1.21660563873692,1.11706158656407,1.1668336126505,N,344,D344N,0.767398977943574,1
M344,0.497779838339494,0.292445242928815,0.395112540634155,M,344,D344M,0.259856209632657,0
I344,0.714554929229274,0.0413429295804702,0.377948929404872,I,344,D344I,0.248568106879726,0
R344,0.609308290833919,0.600479864932281,0.6048940778831,R,344,D344R,0.397824584498537,0
S344,0.836493702404063,0.922851012031365,0.879672357217714,S,344,D344S,0.578539785394653,0
T344,0.75623964774142,0.879051772175695,0.817645709958558,T,344,D344T,0.537746320760206,0
Y344,0.279018405389907,0.427984698816672,0.35350155210329,Y,344,D344Y,0.232489642777189,0
L344,0.345506622875702,0.231141785025229,0.288324203950465,L,344,D344L,0.189624036391429,0
F344,0.429105005654809,0.250061593778181,0.339583299716495,F,344,D344F,0.223335936078489,0
W344,0.420192871168547,0.241637495245055,0.330915183206801,W,344,D344W,0.217635120059721,0
C344,0.398180998934814,0.849430110425046,0.62380555467993,C,344,D344C,0.410262217257782,0
E344,0.918568770764147,0.665206300997817,0.791887535880982,E,344,D344E,0.52080577649878,0
V344,0.356645036869298,0.187408770224798,0.272026903547048,V,344,D344V,0.178905685859503,0
G344,0.784415071299866,0.83685962751512,0.810637349407493,G,344,D344G,0.533137087133716,0
A344,0.550736116425102,0.835503426256915,0.693119771341009,A,344,D344A,0.455848544602128,0
Q344,0.974611459849468,0.837444819052182,0.906028139450825,Q,344,D344Q,0.595873362461096,0
H344,0.693552450594768,0.688446842483295,0.690999646539031,H,344,D344H,0.454454188467276,0
P344,0.0629931797219778,0.403176781866872,0.233084980794425,P,344,D344P,0.153294500686634,0
K345,0.781199280595565,0.137741158675135,0.45947021963535,K,345,L345K,0.302182738927739,0
N345,0.141874003263615,0.300039504333779,0.220956753798697,N,345,L345N,0.145318051516946,0
M345,0.834860987149101,0.59808158842421,0.716471287786655,M,345,L345M,0.471206286836787,0
I345,0.857697341417425,0.872997558009116,0.865347449713271,I,345,L345I,0.569118631205347,0
R345,0.326418429932687,0.235347552228508,0.280882991080598,R,345,L345R,0.184730125992306,0
S345,0.254393364011415,0.251499595422266,0.252946479716841,S,345,L345S,0.16635694061658,0
T345,0.0994584512064297,0.208828584469781,0.154143517838106,T,345,L345T,0.101376560259428,0
Y345,0.0887532772715151,0.157620248482778,0.123186762877147,Y,345,L345Y,0.0810170318228701,0
F345,0.063672156776658,0.0053732676954959,0.0345227122360769,F,345,L345F,0.0227047745270438,0
W345,0.183104487689602,0.442541454206061,0.312822970947831,W,345,L345W,0.205736298286209,0
C345,0.573329874668274,0.432323289631378,0.502826582149826,C,345,L345C,0.330697197133466,0
E345,0.533686111678833,0.141454682479505,0.337570397079169,E,345,L345E,0.222012097435313,0
D345,0.353702677131482,0.0286689409653188,0.1911858090484,D,345,L345D,0.12573840251978,0
V345,0.677357507944701,0.802729985968235,0.740043746956468,V,345,L345V,0.486709337896003,0
G345,0.12356494380835,0.189484950710894,0.156524947259622,G,345,L345G,0.10294277028655,0
A345,0.425437708102898,0.702410225689053,0.563923966895976,A,345,L345A,0.370879507705337,0
Q345,0.375881036827455,0.710751911257995,0.543316474042725,Q,345,L345Q,0.357326445141737,0
H345,0.098222482925522,0.343409202747747,0.220815842836635,H,345,L345H,0.145225377696879,0
P345,0.454387057902943,0.592386175476472,0.523386616689707,P,345,L345P,0.34421904748242,0
K346,0.553988147988707,0.447846936675986,0.500917542332346,K,346,Q346K,0.329441666620028,0
N346,0.290544866665059,0.0034486609027455,0.146996763783902,N,346,Q346N,0.0966763084862964,0
M346,1.02959798478016,0.857662708220292,0.943630346500228,M,346,Q346M,0.620603448177934,0
I346,1.01675600375802,0.893682551986378,0.955219277872201,I,346,Q346I,0.628225215320987,0
R346,0.403822570749015,0.332761702570181,0.368292136659598,R,346,Q346R,0.242217061792756,0
S346,0.741200526658194,1.01168930911257,0.876444917885383,S,346,Q346S,0.576417174580092,0
T346,1.08769459722543,0.917570613803003,1.00263260551422,T,346,Q346T,0.659407843914227,1
Y346,0.0617403033228411,0.0589231263708746,0.0603317148468578,Y,346,Q346Y,0.0396787475173031,0
L346,0.746955225877875,0.273626758182342,0.510290992030108,L,346,Q346L,0.335606363659847,0
F346,0.297797946065115,0.0084929708798957,0.153145458472506,F,346,Q346F,0.100720160127666,0
W346,0.403350773614861,0.0097659447760815,0.206558359195472,W,346,Q346W,0.135848566594032,0
C346,0.177950707149045,0.511333762440374,0.34464223479471,C,346,Q346C,0.226663078497438,0
E346,1.04082898613126,0.392689317636848,0.716759151884055,E,346,Q346E,0.471395608271939,0
D346,0.786459588262822,0.370901772832412,0.578680680547617,D,346,Q346D,0.380584650624859,0
V346,0.718515956203809,0.621722873926645,0.670119415065227,V,346,Q346V,0.440721752138309,0
G346,0.634879744618916,0.71220806451031,0.673543904564613,G,346,Q346G,0.442973958205494,0
A346,0.331548802630724,0.237453587270802,0.284501194950763,A,346,Q346A,0.187109733437492,0
H346,0.212467380750303,0.113805809790603,0.163136595270453,H,346,Q346H,0.107291095421364,0
P346,0.449637947179856,0.354116790120976,0.401877368650416,P,346,Q346P,0.26430527764832,0
K347,0.397945195682894,0.443149033609009,0.420547114645951,K,347,Q347K,0.27658392975442,0
N347,0.894570052846383,0.71901208575164,0.806791069299011,N,347,Q347N,0.530607479319771,0
M347,1.10166361277497,1.103786679331,1.10272514605299,M,347,Q347M,0.725236349775273,1
I347,0.917301181219569,0.9280127244523,0.922656952835935,I,347,Q347I,0.606809741271062,0
R347,0.491259660428247,0.800107562538419,0.645683611483333,R,347,Q347R,0.424650899798548,0
S347,0.831073385935994,0.859069139496677,0.845071262716335,S,347,Q347S,0.555783460698305,0
T347,1.2484357586988,1.06363502202841,1.1560353903636,T,347,Q347T,0.760297241537685,1
Y347,0.0201146446152733,0,0.0100573223076366,Y,347,Q347Y,0.00661446394417607,0
L347,1.01752055189985,0.985711668133152,1.0016161100165,L,347,Q347L,0.658739318772701,1
F347,0.699292518574302,0.922170192398734,0.810731355486518,F,347,Q347F,0.533198912717228,0
C347,0.797135916234904,0.693900992214227,0.745518454224565,C,347,Q347C,0.490309923889181,0
E347,0.993266667776878,0.968158429261295,0.980712548519087,E,347,Q347E,0.644991538836831,0
D347,0.726214264864005,0.209271013871151,0.467742639367578,D,347,Q347D,0.307623314498074,0
V347,1.08583532920768,1.0963692143103,1.09110227175899,V,347,Q347V,0.717592259172053,1
G347,0.766150682175037,0.703287416688255,0.734719049431646,G,347,Q347G,0.483207409776942,0
A347,0.82970970463926,0.627748694255467,0.728729199447364,A,347,Q347A,0.479268026555428,0
H347,0.740944368041296,0.281550831513212,0.511247599777254,H,347,Q347H,0.336235502038699,0
P347,0.563010234877169,0.142164947337386,0.352587591107278,P,347,Q347P,0.231888552161856,0
N348,0.52313165755611,0.384551767487152,0.453841712521631,N,348,K348N,0.298481002399423,0
M348,0.923097335068525,0.714564128293536,0.81883073168103,M,348,K348M,0.53852568162949,0
I348,0.2482128831736,0.219532812096071,0.233872847634836,I,348,K348I,0.153812662146444,0
R348,0.99461369608766,0.849115331803432,0.921864513945546,R,348,K348R,0.606288572881693,0
S348,0.559615142628748,0.0988558455538965,0.329235494091322,S,348,K348S,0.216530428099782,0
T348,0.367389658167942,0.660711714771108,0.514050686469525,T,348,K348T,0.338079026119095,0
Y348,0.216396407695291,0.317105971552765,0.266751189624028,Y,348,K348Y,0.175435973101356,0
L348,0.784486703130691,0.752389989670948,0.768438346400819,L,348,K348L,0.505383797010371,0
F348,0.237232011559076,0.176144015743121,0.206688013651099,F,348,K348F,0.135933837275006,0
W348,0.0498821248196075,0.0022870942482034,0.0260846095339055,W,348,K348W,0.0171552331706543,0
C348,0.0781256714716281,0.0048969797672376,0.0415113256194329,C,348,K348C,0.0273010209065493,0
E348,0.251900437557192,0.402075762710704,0.326988100133948,E,348,K348E,0.215052370039723,0
D348,0.44242489184017,0.0729524421734637,0.257688667006817,D,348,K348D,0.169475765477374,0
V348,0.211491638627841,0.128299413911607,0.169895526269724,V,348,K348V,0.111736285107878,0
G348,0.703867786764505,0.613643212668362,0.658755499716434,G,348,K348G,0.433247972732613,0
A348,0.384434342581372,0.531577030869061,0.458005686725217,A,348,K348A,0.301219550135254,0
Q348,0.598954430270719,0.43924583769461,0.519100133982665,Q,348,K348Q,0.341399928790009,0
H348,0.612630299668174,0.842506372048972,0.727568335858573,H,348,K348H,0.478504553921531,0
P348,0.454858929027788,0.0903326923902367,0.272595810709012,P,348,K348P,0.179279842697207,0
K349,0.46413643921256,0.525337604609276,0.494737021910918,K,349,I349K,0.325376883943954,0
N349,0.578843311481346,0.305839084496444,0.442341197988895,N,349,I349N,0.290917384928548,0
M349,0.993114697592169,0.975896801316241,0.984505749454205,M,349,I349M,0.647486237728931,0
R349,0.163201578733013,0.271835624098768,0.21751860141589,R,349,I349R,0.143056859693215,0
S349,0.557030694963938,0.805821488653115,0.681426091808527,S,349,I349S,0.44815788706164,0
T349,1.10183994102055,1.20086640412963,1.15135317257509,T,349,I349T,0.757217857205201,1
Y349,0.5706501632752,0.0037584481436791,0.287204305709439,Y,349,I349Y,0.188887505701666,0
L349,1.11557725893807,1.20870810209657,1.16214268051732,L,349,I349L,0.764313862391899,1
F349,0.959568459309701,0.0482228007587303,0.503895630034215,F,349,I349F,0.331400284741638,0
W349,0.0086697561886575,0.632979561335352,0.320824658762005,W,349,I349W,0.210998819852135,0
C349,0.899169313512972,0.986379054603758,0.942774184058365,C,349,I349C,0.620040370310004,0
E349,0.98917320514604,1.16620794485071,1.07769057499837,E,349,I349E,0.70877170217489,1
D349,0.125702202175504,0.0431082612843195,0.0844052317299118,D,349,I349D,0.0555113324302443,0
V349,0.871862125137519,1.17026030557662,1.02106121535707,V,349,I349V,0.671527906453564,1
G349,0.222186764711744,0.604729975199749,0.413458369955747,G,349,I349G,0.271921829373365,0
A349,0.196837894117211,0.0250061593778181,0.110922026747515,A,349,I349A,0.0729508038117934,0
Q349,0.477854512642959,0.165193174000276,0.321523843321618,Q,349,I349Q,0.211458657065105,0
H349,0.281605024613826,0.0072211808242768,0.144413102719051,H,349,I349H,0.09497709547167,0
P349,0.0028244973409898,0.178053418186081,0.0904389577635354,P,349,I349P,0.0594795718957466,0
K350,1.25474690704451,1.17489256759273,1.21481973731862,K,350,I350K,0.798958321646521,1
N350,0.810999149560729,0.545177531931034,0.678088340745882,N,350,I350N,0.445962726820853,0
M350,0.836391855828382,0.950607996490369,0.893499926159375,M,350,I350M,0.587633851727874,0
R350,1.16817536687605,1.14149980586341,1.15483758636973,R,350,I350R,0.759509474069636,1
S350,1.01450960597426,0.836085347574783,0.925297476774524,S,350,I350S,0.60854635165813,0
T350,1.28637290965083,1.01273622402948,1.14955456684015,T,350,I350T,0.756034956586165,1
Y350,0.561460949695889,0.925075580528535,0.743268265112212,Y,350,I350Y,0.488830027521543,0
L350,0.675036322938529,0.662707123780655,0.668871723359592,L,350,I350L,0.439901174697522,0
F350,0.574559004558924,1.20270340597732,0.88863120526812,F,350,I350F,0.584431808698487,0
W350,1.1516516263499,0.945467493541339,1.04855955994562,W,350,I350W,0.689612919863881,1
C350,0.566285354893276,0.779377047903249,0.672831201398263,C,350,I350C,0.442505230123354,0
E350,0.90907762320259,1.05773972116428,0.983408672183435,E,350,I350E,0.646764715853673,0
D350,1.13644775314551,1.2252637483877,1.18085575076661,D,350,I350D,0.776621007839031,1
V350,1.0163482931995,0.788249227934481,0.902298760566992,V,350,I350V,0.59342063782856,0
G350,1.13552681416124,1.11974466300454,1.12763573858289,G,350,I350G,0.74161945962072,1
A350,0.748450083376254,0.916704638944677,0.832577361160466,A,350,I350A,0.547566515985235,0
Q350,0.969092115021796,0.762323203638238,0.865707659330017,Q,350,I350Q,0.569355532584206,0
H350,0.837846786242615,0.258649567705917,0.548248176974266,H,350,I350H,0.360569909975244,0
P350,0.04527117210519,0.0027252349087788,0.0239982035069844,P,350,I350P,0.0157830530797864,0
K351,0.444224349604591,0.615854337417845,0.530039343511218,K,351,Y351K,0.348594389183255,0
N351,0.588600505739583,1.06162135998697,0.825110932863278,N,351,Y351N,0.542656021993606,0
M351,0.611186112008992,1.10658599896483,0.858886055486912,M,351,Y351M,0.564869124444794,0
I351,0.158915378485353,0.208247323048395,0.183581350766874,I,351,Y351I,0.12073712945926,0
R351,0.324559728217182,0.185951218508471,0.255255473362827,R,351,Y351R,0.167875511340629,0
S351,0.516594046542133,0.716432453109296,0.616513249825714,S,351,Y351S,0.405466240152472,0
T351,0.648639359264054,0.680035909744472,0.664337634504263,T,351,Y351T,0.436919211274664,0
L351,0.369195772224561,0.411824465682482,0.390510118953522,L,351,Y351L,0.256829305320431,0
F351,0.668702566215699,0.801564958380933,0.735133762298316,F,351,Y351F,0.48348015665925,0
W351,0.526966560911641,0.965359938777707,0.746163249844674,W,351,Y351W,0.490733990777972,0
C351,0.283170303817742,0.0088495964067343,0.146009950112238,C,351,Y351C,0.0960273043825017,0
E351,0.0240342487307006,0.323504598337242,0.173769423533971,E,351,Y351E,0.114284056074545,0
D351,0.258483043426171,0.0324446387560931,0.145463841091132,D,351,Y351D,0.0956681413449453,0
V351,0.682852048661435,0.49034277477141,0.586597411716423,V,351,Y351V,0.385791298206596,0
G351,0.703886054335727,0.602535924769466,0.653210989552596,G,351,Y351G,0.429601479019373,0
A351,0.866303433875874,0.577643023870383,0.721973228873128,A,351,Y351A,0.474824783870716,0
Q351,0.677233941480103,0.367318309693472,0.522276125586788,Q,351,Y351Q,0.34348870364577,0
H351,0.67506528699598,0.869052823823922,0.772059055409951,H,351,Y351H,0.507765052026438,0
P351,0.721385983863411,0.284154075332324,0.502770029597867,P,351,Y351P,0.330660003852348,0
N352,0.361580851604153,0.29192148759458,0.326751169599366,N,352,K352N,0.214896546408907,0
M352,0.186407168104162,0.54115154511382,0.363779356608991,M,352,K352M,0.239249112668756,0
I352,0.514672537221232,0.0545046981755764,0.284588617698404,I,352,K352I,0.187167229319048,0
R352,0.267144030722525,0.427992570893486,0.347568300808006,R,352,K352R,0.228587483180037,0
S352,0.292124060320815,0.309656059270136,0.300890059795476,S,352,K352S,0.197888303745318,0
T352,0.643933830913896,0.620993489304297,0.632463660109096,T,352,K352T,0.415956449224735,0
Y352,0.450253708451776,0.0334067934806077,0.241830250966192,Y,352,K352Y,0.159046058851306,0
L352,0.196632654582699,0.219132532212338,0.207882593397518,L,352,K352L,0.136719484231466,0
F352,0.622322156000133,0.478992807030071,0.550657481515102,F,352,K352F,0.362154452811641,0
W352,0.355746607245329,0.392820842472497,0.374283724858913,W,352,K352W,0.246157588197346,0
C352,0.489485802736338,0.0331795363821001,0.261332669559219,C,352,K352C,0.171872340108083,0
E352,0.627003395269893,0.62717153995081,0.627087467610351,E,352,K352E,0.41242065407448,0
D352,0.193897925570652,0.0117084166451238,0.102803171107888,D,352,K352D,0.0676112237273899,0
V352,0.347915198874587,0.321443104374405,0.334679151624496,V,352,K352V,0.220110593413792,0
G352,0.250222908340078,0.417231009367452,0.333726958853765,G,352,K352G,0.219484358660917,0
A352,0.11860611011721,0.0434373319811463,0.081021721049178,A,352,K352A,0.0532860771666783,0
Q352,0.460620814294593,0.548137369260193,0.504379091777393,Q,352,K352Q,0.33171824614039,0
H352,0.0973435989974781,0.532147536520877,0.314745567759178,H,352,K352H,0.207000744915128,0
P352,0.293013916078857,0.024776301115516,0.158895108597187,P,352,K352P,0.104501569560319,0
K353,0.36102542786897,0.500944833951829,0.4309851309104,K,353,A353K,0.283448767145332,0
N353,0.0842401574615905,0.0416588511977534,0.0629495043296719,N,353,A353N,0.0414004059884023,0
M353,0.387983101673,0.690004672719051,0.538993887196025,M,353,A353M,0.354483581607239,0
I353,0.143315858030482,0.0485348306459927,0.0959253443382374,I,353,A353I,0.0630878390937286,0
R353,0.567780920236102,0.139950387715472,0.353865653975787,R,353,A353R,0.232729104000959,0
S353,0.86439998045739,0.771054230559225,0.817727105508307,S,353,A353S,0.537799852695701,0
T353,0.634455117003291,0.724276929406341,0.679366023204816,T,353,A353T,0.446803028473541,0
Y353,0.36512066551388,0.336144573319736,0.350632619416808,Y,353,A353Y,0.230602813337648,0
L353,0.26928959398807,0.229536766656389,0.24941318032223,L,353,A353L,0.164033172844726,0
F353,0.70435529049687,0.396420051728865,0.550387671112867,F,353,A353F,0.361977004866476,0
W353,0.240476756852988,0.501773759132456,0.371125257992722,W,353,A353W,0.244080338948863,0
C353,1.00607271302929,1.18398700559526,1.09502985931228,C,353,A353C,0.720175340976949,1
E353,0.0640555646974477,0.0295855658034498,0.0468205652504487,E,353,A353E,0.0307927827330226,0
D353,0.066959416963732,0.416897889335758,0.241928653149745,D,353,A353D,0.1591107756492,0
V353,0.336411178858638,0.0413723581453536,0.188891768501996,V,353,A353V,0.12422966609705,0
G353,1.02864424558871,1.06920525195942,1.04892474877407,G,353,A353G,0.689853095952975,1
Q353,0.687985300741074,0.53076555947424,0.609375430107657,Q,353,A353Q,0.400771864281743,0
H353,0.673724783021446,0.510035223667862,0.591880003344654,H,353,A353H,0.38926553426943,0
P353,0.205367251883698,0.0393014636672039,0.122334357775451,P,353,A353P,0.0804564250690506,0
K354,0.993385143604684,1.0078244983014,1.00060482095304,K,354,E354K,0.658074217780331,1
N354,1.11088669622996,1.14041560360425,1.12565114991711,N,354,E354N,0.740314242409589,1
M354,1.24582368369719,1.2313129621895,1.23856832294335,M,354,E354M,0.814577206925824,1
I354,1.21636229254363,1.10634871336345,1.16135550295354,I,354,E354I,0.76379615425309,1
R354,1.1091996521204,1.21108821145566,1.16014393178803,R,354,E354R,0.76299933244059,1
S354,1.10764287060474,1.07791586559993,1.09277936810234,S,354,E354S,0.718695245926845,1
T354,1.28526834744874,1.26011700205916,1.27269267475395,T,354,E354T,0.83701998918589,1
Y354,1.05403099313951,1.09456494197894,1.07429796755923,Y,354,E354Y,0.706540464187628,1
L354,1.14303088808309,1.14111192386976,1.14207140597642,L,354,E354L,0.751113457979719,1
F354,1.11354781047431,1.11878439206376,1.11616610126903,F,354,E354F,0.734076149369273,1
W354,0.332041216847892,0.952629236252244,0.642335226550068,W,354,E354W,0.422448745911575,0
C354,0.939417468352191,1.0541728070086,0.996795137680393,C,354,E354C,0.655568678843141,0
D354,0.771548596796279,1.02096842997696,0.896258513386617,D,354,E354D,0.58944810955847,0
V354,1.15416504470733,1.18884559450589,1.17150531960661,V,354,E354V,0.77047144954921,1
G354,1.14583617154743,1.17412605321821,1.15998111238282,G,354,E354G,0.762892249953599,1
Q354,1.05321049571935,1.05059730722681,1.05190390147308,Q,354,E354Q,0.691812414498114,1
H354,1.18857783521957,0.95204770685071,1.07031277103514,H,354,E354H,0.703919494319831,1
K355,0.805283375192241,0.916485562964224,0.860884469078232,K,355,E355K,0.566183433983756,0
N355,0.781663510051583,0.565065229864974,0.673364369958278,N,355,E355N,0.442855882524512,0
M355,1.11697939078394,0.748426065505554,0.932702728144746,M,355,E355M,0.613416611026143,0
I355,1.06427124887881,1.01545003383741,1.03986064135811,I,355,E355I,0.683891846044191,1
R355,0.511761839986503,0.58552714792588,0.548644493956191,R,355,E355R,0.360830558317538,0
S355,1.04734672415898,0.999937310669265,1.02364201741412,S,355,E355S,0.673225239166114,1
T355,1.0048586457029,1.00358991863432,1.00422428216861,T,355,E355T,0.660454652151968,1
Y355,0.935807330067216,0.79059619228421,0.863201761175713,Y,355,E355Y,0.567707462403853,0
L355,0.79936812356456,0.842944941674401,0.821156532619481,L,355,E355L,0.540055306113836,0
F355,0.779847336192798,0.737313525073447,0.758580430633123,F,355,E355F,0.498900478049753,0
W355,0.55641551538033,0.507201257064631,0.531808386222481,W,355,E355W,0.349757846898085,0
C355,0.965794858736083,0.734169250974354,0.849982054855219,C,355,E355C,0.559013172996113,0
D355,0.842459878947434,0.859320052472657,0.850889965710046,D,355,E355D,0.559610284576123,0
V355,0.892928286000652,0.808016245810454,0.850472265905553,V,355,E355V,0.559335573255177,0
G355,0.924741537464425,0.88613007221055,0.905435804837487,G,355,E355G,0.595483797940544,0
A355,0.863626637640024,1.03306815368773,0.948347395663875,A,355,E355A,0.623705740285263,0
Q355,1.16470967982893,1.07869320281964,1.12170144132429,Q,355,E355Q,0.737716612118138,1
H355,1.26230534501788,1.03324940594494,1.14777737548141,H,355,E355H,0.754866139697861,1
P355,0.812820690236122,0.584417794655458,0.69861924244579,P,355,E355P,0.459465417187289,0
K356,1.05496340396848,1.12100517999178,1.08798429198013,K,356,A356K,0.715541637327084,1
N356,0.889444457681044,0.830142894308837,0.85979367599494,N,356,A356N,0.565466045070554,0
M356,0.998830026881188,1.03384777682271,1.01633890185195,M,356,A356M,0.668422152112869,1
I356,1.19181304606498,1.169443344921,1.18062819549299,I,356,A356I,0.77647135009648,1
R356,1.07343618223758,0.987491438937995,1.03046381058779,R,356,A356R,0.677711771823778,1
S356,1.11315822219575,0.972522389806444,1.0428403060011,S,356,A356S,0.685851501282825,1
T356,0.956582696259601,1.16150043049076,1.05904156337518,T,356,A356T,0.696506686577006,1
Y356,1.06494575611897,1.13685302716613,1.10089939164255,Y,356,A356Y,0.724035594111948,1
L356,1.0122049108325,1.02861785509463,1.02041138296357,L,356,A356L,0.671100526997573,1
F356,0.764288805593878,0.621344249854826,0.692816527724352,F,356,A356F,0.455649108419482,0
W356,1.03977640347975,1.04019276164419,1.03998458256197,W,356,A356W,0.683973359254075,1
C356,1.26302759518696,1.11376838107181,1.18839798812938,C,356,A356C,0.781581359667129,1
E356,1.09287643038551,0.854406453545322,0.973641441965416,E,356,A356E,0.640341038642642,0
D356,0.8802289048942,0.94966146073545,0.914945182814825,D,356,A356D,0.601737891807545,0
V356,1.23023332234476,1.00214021733051,1.11618676983763,V,356,A356V,0.734089742599917,1
G356,1.02456345170418,1.00607070528162,1.0153170784929,G,356,A356G,0.667750122962463,1
Q356,1.020400176795,1.09405313607894,1.05722665643697,Q,356,A356Q,0.695313065040615,1
H356,1.14394096228562,1.10546518577658,1.1247030740311,H,356,A356H,0.739690715234807,1
P356,1.02584065491352,0.928963259916963,0.977401957415242,P,356,A356P,0.642814241061094,0
K357,1.00260801502552,1.06252224523023,1.03256513012788,K,357,G357K,0.679093760180914,1
N357,0.906307274128144,1.07561146276621,0.990959368447176,N,357,G357N,0.651730630901659,0
M357,0.210437140806271,0.954631680312881,0.582534410559576,M,357,G357M,0.383119158064811,0
I357,0.736871055401168,0.680427532623929,0.708649294012549,I,357,G357I,0.466061945807653,0
R357,0.90907534767472,0.99188589600118,0.95048062183795,R,357,G357R,0.625108712883892,0
S357,0.975847208892607,1.10037148904348,1.03810934896804,S,357,G357S,0.682740062297434,1
T357,0.91368665743234,0.996625084553597,0.955155870992969,T,357,G357T,0.628183514110301,0
Y357,0.922530031085033,0.986157813659752,0.954343922372392,Y,357,G357Y,0.627649514631011,0
L357,1.0079750914354,0.929743847464723,0.968859469450063,L,357,G357L,0.637196047976406,0
F357,0.458285956737682,0.396465683809086,0.427375820273384,F,357,G357F,0.281075008570075,0
W357,0.828344833148739,0.792041996494618,0.810193414821679,W,357,G357W,0.532845121815153,0
C357,1.04428306995087,0.636496908460443,0.840389989205655,C,357,G357C,0.552704697395104,0
E357,0.694279346820605,0.833724108394134,0.764001727607369,E,357,G357E,0.502465937350942,0
D357,1.08025055854124,1.02250042664449,1.05137549259286,D,357,G357D,0.691464892426226,1
V357,0.781410483214434,0.759444098452327,0.77042729083338,V,357,G357V,0.506691878906698,0
A357,1.22384635739892,1.13850179646869,1.1811740769338,A,357,G357A,0.776830363459837,1
Q357,1.21556968089366,1.1556255653892,1.18559762314143,Q,357,G357Q,0.779739625587546,1
H357,0.800886653805335,0.691086971777306,0.745986812791321,H,357,G357H,0.490617952284612,0
P357,0.448717240601936,0.253989228943796,0.351353234772866,P,357,G357P,0.231076745080558,0
K358,0.637264649264461,0.732552190083945,0.684908419674203,K,358,I358K,0.450448132059737,0
M358,0.836870007955768,0.995279311486712,0.91607465972124,M,358,I358M,0.602480722159873,0
R358,0.776785466947586,0.896878388622341,0.836831927784963,R,358,I358R,0.550364644222058,0
S358,0.131550868729915,0.597474766258427,0.364512817494171,S,358,I358S,0.239731492613545,0
T358,0.678810511503668,0.701895761169718,0.690353136336693,T,358,I358T,0.454028993938146,0
Y358,0.397262878015535,0.280555949551796,0.338909413783665,Y,358,I358Y,0.222892737176351,0
L358,1.09443524564179,1.14982739288761,1.1221313192647,L,358,I358L,0.737999332712175,1
F358,0.260283451758239,0,0.13014172587912,F,358,I358F,0.0855911471392996,0
W358,0.193878975450163,0.0128216506823248,0.103350313066244,W,358,I358W,0.067971066103441,0
C358,0.987674470728774,1.06647158195174,1.02707302634026,C,358,I358C,0.675481732906686,1
E358,0.101297744920928,0.345226182412171,0.223261963666549,E,358,I358E,0.146834133739258,0
D358,0.110159130820808,0,0.0550795654104041,D,358,I358D,0.0362245325668218,0
V358,0.924762623133505,0.556967667281441,0.740865145207473,V,358,I358V,0.487249552174605,0
G358,0.498070485258715,0.47503479896644,0.486552642112578,G,358,I358G,0.319994210164029,0
A358,1.11650927219076,1.08804418259335,1.10227672739206,A,358,I358A,0.724941435386145,1
Q358,0.976821093295423,1.0590308091142,1.01792595120481,Q,358,I358Q,0.669465917083407,1
H358,0.493940635120535,0.150884217557848,0.322412426339192,H,358,I358H,0.212043057181892,0
P358,0.0173924126592655,0.611507259875677,0.314449836267471,P,358,I358P,0.206806249280085,0
N359,0.98087685997413,0.832292850335048,0.906584855154589,N,359,K359N,0.596239501263956,0
M359,1.00792493843056,1.08741198653136,1.04766846248096,M,359,K359M,0.689026866054483,1
R359,1.04961524998686,0.978560753714622,1.01408800185074,R,359,K359R,0.666941788210377,1
S359,0.905538356971555,0.909738568868053,0.907638462919804,S,359,K359S,0.596932434269497,0
T359,0.813720076891984,0.906040444604361,0.859880260748173,T,359,K359T,0.56552298982293,0
Y359,0.43248195216337,0.428279250115514,0.430380601139442,Y,359,K359Y,0.283051182156916,0
L359,0.998978484629874,1.017652067298,1.00831527596394,L,359,K359L,0.663145202392614,1
F359,0.288388477887131,0.577199980173555,0.432794229030343,F,359,K359F,0.284638568358798,0
W359,0.305014339847098,0.193177854315704,0.249096097081401,W,359,K359W,0.163824634667306,0
C359,1.24666721113697,1.16953179839236,1.20809950476467,C,359,K359C,0.794538583015809,1
E359,1.06150285888375,1.195710854943,1.12860685691338,E,359,K359E,0.742258141268387,1
D359,1.2545872846541,0.93631138111764,1.09544933288587,D,359,K359D,0.720451218864042,1
V359,1.17073165278896,1.13334375399766,1.15203770339331,V,359,K359V,0.75766805699768,1
G359,1.05839679974389,1.07632290882865,1.06735985428627,G,359,K359G,0.701977430541013,1
A359,0.419662086100986,0.542604094551943,0.481133090326465,A,359,K359A,0.316429898631961,0
Q359,0.871845464619752,0.37547244923334,0.623658956926546,Q,359,K359Q,0.410165803369036,0
P359,0.920779214721342,1.18175040540981,1.05126481006558,P,359,K359P,0.691392099135571,1
K360,0.0365950061016331,0.0026227209555116,0.0196088635285723,K,360,V360K,0.0128962875831797,0
N360,1.10028050273901,0.98678225681646,1.04353137977774,N,360,V360N,0.686306004224914,1
M360,1.01705409193904,1.0065594264573,1.01180675919817,M,360,V360M,0.66544146866092,1
I360,0.897482471069447,0.911775287349237,0.904628879209342,I,360,V360I,0.594953101965041,0
R360,0.570790396869496,0.241584884146771,0.406187640508134,R,360,V360R,0.267140041904689,0
S360,1.02901115485443,1.07371157248592,1.05136136367018,S,360,V360S,0.691455600166638,1
T360,1.10815061616671,1.01202615213246,1.06008838414959,T,360,V360T,0.697195155938587,1
Y360,0.967444624472092,1.06664994719788,1.01704728583498,Y,360,V360Y,0.668888039569894,1
L360,1.08682676739031,1.09633995116765,1.09158335927898,L,360,V360L,0.717908659100148,1
F360,0.445360738267418,0.640618108210317,0.542989423238868,F,360,V360F,0.357111351532936,0
W360,1.27395582005729,1.11824453814252,1.1961001790999,W,360,V360W,0.786646909214743,1
C360,1.02043375316516,0.747323705466237,0.883878729315698,C,360,V360C,0.58130621722679,0
E360,0.777906826928521,0.591982721522434,0.684944774225478,E,360,V360E,0.450472041591644,0
D360,0.539743447723445,0.47399760169546,0.506870524709452,D,360,V360D,0.333356802884855,0
G360,0.979779592470953,0.997409172292218,0.988594382381586,G,360,V360G,0.650175235282345,0
A360,1.00925640273872,1.0520910163187,1.03067370952871,A,360,V360A,0.677849817412273,1
Q360,1.10242657306787,1.14432637170287,1.12337647238537,Q,360,V360Q,0.738818240585436,1
H360,1.0201702298148,1.06822188368985,1.04419605675233,H,360,V360H,0.686743146612168,1
P360,1.10838902756236,1.10623245805799,1.10731074281017,P,360,V360P,0.728252188731718,1
K361,0.88954014831662,0.816461156922747,0.853000652619683,K,361,I361K,0.560998433631527,0
N361,0.994339667843656,0.990742282739946,0.992540975291801,N,361,I361N,0.652770816462749,0
M361,1.28653021734284,1.14710022656685,1.21681522195485,M,361,I361M,0.800270704880722,1
R361,0.873463001883401,1.07467706040669,0.974070031145043,R,361,I361R,0.640622911649074,0
S361,1.00846357299224,0.73420573532838,0.871334654160312,S,361,I361S,0.573056274519342,0
T361,1.16291213350809,1.18996979598465,1.17644096474637,T,361,I361T,0.77371750708019,1
Y361,1.19728509861808,1.17131205821233,1.1842985784152,Y,361,I361Y,0.778885274474924,1
L361,1.1937276109293,1.14477052073687,1.16924906583309,L,361,I361L,0.768987564596798,1
W361,0.96524311573191,1.02929738047347,0.997270248102688,W,361,I361W,0.655881147774895,0
C361,0.863863382390236,0.943564078799949,0.903713730595092,C,361,I361C,0.594351230281171,0
E361,0.890648747703854,0.733345347285796,0.811997047494825,E,361,I361E,0.534031328533019,0
D361,0.846365241271977,0.819066040624955,0.832715640948466,D,361,I361D,0.547657459344109,0
V361,1.02006045228101,0.826526127050246,0.923293289665629,V,361,I361V,0.607228245012676,0
G361,1.15748092620042,1.03972603200763,1.09860347910403,G,361,I361G,0.722525626524105,1
A361,1.06648794221283,1.21141585728796,1.1389518997504,A,361,I361A,0.749061832226414,1
Q361,0.949982702468888,0.904197491708634,0.927090097088761,Q,361,I361Q,0.609725315806979,0
H361,1.08610900650267,1.20427036666144,1.14518968658206,H,361,I361H,0.753164277671375,1
P361,0.525637360368912,1.22116153389969,0.873399447134301,P,361,I361P,0.574414240214473,0
N362,0.943096518153562,0.843360372338407,0.893228445245985,N,362,K362N,0.587455305126878,0
M362,0.71517006242501,0.778153046961849,0.746661554693429,M,362,K362M,0.491061714137578,0
I362,1.11303711058117,1.08780824963001,1.10042268010559,I,362,K362I,0.723722072164799,1
R362,0.966964802064732,1.05256699876378,1.00976590041425,R,362,K362R,0.664099243918739,1
S362,0.556504466569913,0.413250084565181,0.484877275567547,S,362,K362S,0.31889236105684,0
T362,1.0113930289511,0.754299385029804,0.882846206990454,T,362,K362T,0.580627151618373,0
Y362,0.534810787251441,0.837230811687203,0.686020799469322,Y,362,K362Y,0.451179718044751,0
L362,0.895758969264024,0.89259969497001,0.894179332117017,L,362,K362L,0.588080681020286,0
F362,0.728185591338136,0.645156925739556,0.686671258538846,F,362,K362F,0.4516075096508,0
W362,0.268326856116465,0.603579205870439,0.435953030993452,W,362,K362W,0.28671603799263,0
C362,0.424744881245969,0.577767860931605,0.501256371088787,C,362,K362C,0.32966450631077,0
E362,0.786367628058015,0.66005857712608,0.723213102592047,E,362,K362E,0.475640219605822,0
D362,0.348823330555603,0.964501184424696,0.65666225749015,D,362,K362D,0.431871296634476,0
V362,0.63482541302462,0.662644015208051,0.648734714116335,V,362,K362V,0.426657538120226,0
G362,0.376446960356883,0.687546567208775,0.531996763782829,G,362,K362G,0.349881738381594,0
A362,0.389556357956891,0.386055480785943,0.387805919371417,A,362,K362A,0.255050816962738,0
Q362,0.729616037526997,0.77494271312267,0.752279375324833,Q,362,K362Q,0.494756422418236,0
H362,0.468642819493176,0.684641601056067,0.576642210274622,H,362,K362H,0.379243996750044,0
P362,0.61570690249226,0.74014680711309,0.677926854802675,P,362,K362P,0.445856521320406,0
K363,1.13891723836354,0.907419921529764,1.02316857994665,K,363,I363K,0.672913870497336,1
N363,0.447696193067246,0.226720231847891,0.337208212457569,N,363,I363N,0.221773897142289,0
M363,1.17678031046185,0.988254369641548,1.0825173400517,M,363,I363M,0.711946151838099,1
R363,0.84980997290492,0.560327526993031,0.705068749948975,R,363,I363R,0.463707106330046,0
S363,0.800886653805335,0.599225939437189,0.700056296621262,S,363,I363S,0.460410533863352,0
T363,0.40193208544122,0.836956540214731,0.619444312827975,T,363,I363T,0.407393931236991,0
Y363,0.673538660365906,0.669614764368805,0.671576712367355,Y,363,I363Y,0.441680182241871,0
L363,1.03342852259189,0.990984589776964,1.01220655618443,L,363,I363L,0.665704405720081,1
F363,1.19201165490758,0.979869712145345,1.08594068352646,F,363,I363F,0.714197604191887,1
W363,0.804401106924391,0.570105319643629,0.68725321328401,W,363,I363W,0.45199024757659,0
C363,0.295208306263526,0.554932523606255,0.42507041493489,C,363,I363C,0.279558797791328,0
E363,0.43943283326841,0.325902066690772,0.382667449979591,E,363,I363E,0.251671366699453,0
V363,0.939091713625533,1.1320765295729,1.03558412159922,V,363,I363V,0.681079279748065,1
G363,0.289725855805359,0.292576966153896,0.291151410979628,G,363,I363G,0.191483423849155,0
A363,0.88756896748836,0.476921998752568,0.682245483120464,A,363,I363A,0.448696781423697,0
Q363,0.503922597347275,0.661436375628445,0.58267948648786,Q,363,I363Q,0.383214571085041,0
P363,0.838454989031442,0.653574944081669,0.746014966556556,P,363,I363P,0.49063646835274,0
K364,0.935764959539899,0.650225788356026,0.792995373947962,K,364,D364K,0.521534375496196,0
N364,0.939227626407977,1.06011399554189,0.999670810974932,N,364,D364N,0.657459941421801,0
M364,1.13714324910647,1.00143931700805,1.06929128305726,M,364,D364M,0.70324768574172,1
I364,1.12950911856017,1.08449969494273,1.10700440675145,I,364,D364I,0.728050718722781,1
R364,1.09997300541877,1.02569553722645,1.06283427132261,R,364,D364R,0.699001061242718,1
S364,1.08981043818079,0.937794294296478,1.01380236623863,S,364,D364S,0.666753932397499,1
T364,1.15176421610247,1.00733134648025,1.07954778129136,T,364,D364T,0.709993143000403,1
Y364,1.25481303643163,1.13613250857631,1.19547277250397,Y,364,D364Y,0.786234278677491,1
L364,0.984617809096839,1.08438105858567,1.03449943384126,L,364,D364L,0.680365906163501,1
F364,1.17542196571969,0.970225668087818,1.07282381690376,F,364,D364F,0.705570950030616,1
W364,1.02995498909098,1.04039008016326,1.03517253462712,W,364,D364W,0.680808588692974,1
C364,1.07903725737703,1.12185834158488,1.10044779948095,C,364,D364C,0.723738592586193,1
E364,0.854312103848436,1.01279296501625,0.933552534432343,E,364,D364E,0.613975508601154,0
V364,1.12028889397632,1.02508778258652,1.07268833828142,V,364,D364V,0.705481848932405,1
G364,1.12233898622577,1.13055276674008,1.12644587648292,G,364,D364G,0.740836915349188,1
A364,1.13939627821144,1.17758642510306,1.15849135165725,A,364,D364A,0.761912469421235,1
Q364,1.27593415024165,1.23211999553553,1.25402707288859,Q,364,D364Q,0.824744062576576,1
H364,1.00507612461165,1.2080309963012,1.10655356045643,H,364,D364H,0.727754207735904,1
P364,1.239539271936,1.11077286875041,1.17515607034321,P,364,D364P,0.772872462301688,1
K365,0.325238116728264,0.854004813032793,0.589621464880529,K,365,P365K,0.387780146729832,0
N365,0.0227997277762541,0.0089172512487394,0.0158584895124968,N,365,P365N,0.010429754946787,0
M365,0.689306405126918,0.0276434788710922,0.358474941999005,M,365,P365M,0.235760524144942,0
I365,0.0395254655746154,0.0610905610410878,0.0503080133078517,I,365,P365I,0.0330863951605933,0
R365,0.32152644459869,0.772353481955277,0.546939963276983,R,365,P365R,0.35970952864637,0
S365,0.38030385179009,0.132423850879484,0.256363851334787,S,365,P365S,0.16860446542083,0
T365,0.157940917070469,0.0070519078752786,0.0824964124728737,T,365,P365T,0.0542559469742129,0
Y365,0.484207814724071,0.456917006133756,0.470562410428914,Y,365,P365Y,0.309477811494942,0
L365,0.168127985706436,0.251212636456276,0.209670311081356,L,365,P365L,0.137895224035801,0
F365,0.309348835625673,0,0.154674417812836,F,365,P365F,0.101725720665489,0
W365,0.168929935204883,0.0233475328303144,0.0961387340175986,W,365,P365W,0.0632281804586585,0
C365,0.367690988491069,0.353371331847296,0.360531160169182,C,365,P365C,0.237112850393617,0
E365,0.33236729691354,0.138217394355461,0.235292345634501,E,365,P365E,0.15474623253928,0
D365,0.62944535341308,0.321792159807615,0.475618756610347,D,365,P365D,0.312803251257468,0
V365,0.389010296478904,0.0357844386680806,0.212397367573492,V,365,P365V,0.139688744844741,0
G365,0.148510555583682,0.237765271953629,0.193137913768656,G,365,P365G,0.12702225580522,0
A365,0.773855002765343,0.622505821906276,0.698180412335809,A,365,P365A,0.459176808962226,0
K366,1.05295407332686,1.08281529431644,1.06788468382165,K,366,Q366K,0.702322598562125,1
M366,1.16648436926962,1.09272517940113,1.12960477433537,M,366,Q366M,0.742914448047181,1
I366,0.233145603389437,0.764128684241574,0.498637143815505,I,366,Q366I,0.327941902238753,0
R366,1.10049370817273,0.965431192410945,1.03296245029184,R,366,Q366R,0.6793550682924,1
S366,0.896445340875862,0.648820923074188,0.772633131975025,S,366,Q366S,0.508142608658783,0
T366,0.935538054234577,0.889343048466034,0.912440551350305,T,366,Q366T,0.600090654699221,0
Y366,1.15083364292648,0.919055920909041,1.03494478191776,Y,366,Q366Y,0.680658801101588,1
L366,0.438229337773629,0.81715743134254,0.627693384558085,L,366,Q366L,0.412819151376382,0
F366,1.03410273609676,1.08338951108357,1.05874612359017,F,366,Q366F,0.696312382790586,1
W366,0.963668494009672,1.01973082828327,0.99169966114647,W,366,Q366W,0.652217503969642,0
C366,1.08304401174913,1.19395106912746,1.1384975404383,C,366,Q366C,0.748763010810965,1
E366,0.478452954043399,0.158400710721601,0.3184268323825,E,366,Q366E,0.209421825932035,0
D366,0.874516718531152,0.753913060120698,0.814214889325925,D,366,Q366D,0.535489950855837,0
V366,0.700820276998942,0.721042832911379,0.710931554955161,V,366,Q366V,0.467562935062481,0
G366,1.01707662741262,1.10012254694585,1.05859958717924,G,366,Q366G,0.696216009245326,1
A366,1.02626327534263,0.940824919223416,0.983544097283021,A,366,Q366A,0.64685378175123,0
H366,0.934521620844918,1.06649224039708,1.000506930621,H,366,Q366H,0.658009837615119,1
P366,1.17399296690861,0.94921325970095,1.06160311330478,P,366,Q366P,0.698191357618888,1
K367,0.101617064394693,0.352345523012445,0.226981293703569,K,367,Y367K,0.149280249481982,0
N367,0.0127357069692908,0.0083263490575579,0.0105310280134244,N,367,Y367N,0.00692600902697656,0
M367,0.304136510520783,0.281028524202697,0.29258251736174,M,367,Y367M,0.192424628801647,0
I367,0.318728865254752,0.301732919994286,0.310230892624519,I,367,Y367I,0.204031549438992,0
R367,0.466314313379804,0.696112097098305,0.581213205239054,R,367,Y367R,0.382250232451398,0
S367,0.286845253823942,0.107730418718202,0.197287836271072,S,367,Y367S,0.129751562068231,0
T367,0.146853864126972,0.0854649133541231,0.116159388740548,T,367,Y367T,0.0763952934091101,0
L367,0.252902380065702,0.42367005984214,0.338286219953921,L,367,Y367L,0.222482877276172,0
F367,1.00472473908716,1.03358453075803,1.01915463492259,F,367,Y367F,0.670273993418385,1
W367,0.779008774481873,0.670964630355628,0.72498670241875,W,367,Y367W,0.476806674428117,0
C367,0.371469978137806,0.936435692240997,0.653952835189402,C,367,Y367C,0.430089373417773,0
E367,0.774765691208598,0.0138044838307577,0.394285087519678,E,367,Y367E,0.259312013212995,0
D367,0.404006210737267,0.123951301198637,0.263978755967952,D,367,Y367D,0.17361260880072,0
V367,0.579425234224588,0.145688604861162,0.362556919542875,V,367,Y367V,0.238445144609413,0
G367,0.259589339123588,0.39600747323694,0.327798406180264,G,367,Y367G,0.215585289236619,0
A367,0.118515681722964,0.278900204886717,0.19870794330484,A,367,Y367A,0.130685533008448,0
Q367,0.284116055992507,0.16051052247731,0.222313289234908,Q,367,Y367Q,0.146210212915115,0
H367,0.414601561376254,0.303625095797243,0.359113328586748,H,367,Y367H,0.236180375964135,0
P367,0.298572503485903,0.0528700415567338,0.175721272521318,P,367,Y367P,0.115567741170475,0
K368,0.284430788980828,0.464440169205179,0.374435479093004,K,368,T368K,0.246257393381974,0
N368,0.10930789958128,0.012154795986033,0.0607313477836563,N,368,T368N,0.0399415766849983,0
M368,0.208360755461551,0.055590176888851,0.131975466175201,M,368,T368M,0.0867971549314732,0
I368,0.272789427779002,0.164379145715875,0.218584286747439,I,368,T368I,0.143757735829601,0
R368,0.260587802139236,0.256539860735515,0.258563831437376,R,368,T368R,0.170051340505606,0
S368,0.884961183929267,0.916887665526327,0.900924424727797,S,368,T368S,0.592516769524704,0
Y368,0.311339051910817,0.201463824508558,0.256401438209687,Y,368,T368Y,0.168629185422954,0
L368,0.295891500677466,0.226614991601634,0.26125324613955,L,368,T368L,0.171820105196081,0
F368,0.221960313937293,0.269838730845803,0.245899522391548,F,368,T368F,0.161722322800971,0
W368,0.036812463693069,0.0780725867698212,0.0574425252314451,W,368,T368W,0.0377785955728313,0
C368,0.0088409953578869,0.117133385047001,0.062987190202444,C,368,T368C,0.0414251910990939,0
E368,0.473602789459909,0.225382286039788,0.349492537749849,E,368,T368E,0.229853008484144,0
D368,0.174774422322663,0.280832160621002,0.227803291471833,D,368,T368D,0.149820858048961,0
V368,0.332758457876268,0.151712240014181,0.242235348945225,V,368,T368V,0.15931248224853,0
G368,0.341269068179365,0.458192561353228,0.399730814766296,G,368,T368G,0.262893539728778,0
A368,0.0979553139515326,0.219355250427609,0.158655282189571,A,368,T368A,0.104343841382031,0
Q368,0.21291473239392,0.140763110177826,0.176838921285873,Q,368,T368Q,0.116302792432558,0
H368,0.305127444265323,0.526031248420784,0.415579346343054,H,368,T368H,0.273316745575826,0
P368,0.186211051790079,0.181907734051841,0.18405939292096,P,368,T368P,0.121051526521945,0
K369,0.53466415783892,0.0021732294709978,0.268418693654959,K,369,S369K,0.176532651218253,0
N369,0.206500391573501,0,0.103250195786751,N,369,S369N,0.0679052213273526,0
M369,0.456668381874647,0.372366496208777,0.414517439041712,M,369,S369M,0.272618354160901,0
I369,0.261978108712651,0.0174516912064976,0.139714899959574,I,369,S369I,0.0918871982003662,0
R369,0.231802811094365,0.189877045774911,0.210839928434638,R,369,S369R,0.138664453814377,0
T369,0.27500482357733,0.513296962440406,0.394150893008868,T,369,S369T,0.259223756644685,0
Y369,0.592278439014258,0.491326284978208,0.541802361996233,Y,369,S369Y,0.356330649319288,0
L369,0.301814558048592,0.34684652954473,0.324330543796661,L,369,S369L,0.213304557845293,0
F369,0.137666927715667,0.215075121651519,0.176371024683593,F,369,S369F,0.11599506786028,0
W369,0.41836185100516,0.33912903861227,0.378745444808715,W,369,S369W,0.249091956295957,0
C369,0.42053447376568,0.140670957568872,0.280602715667276,C,369,S369C,0.184545795455892,0
E369,0.43417550569492,0.237032057135201,0.33560378141506,E,369,S369E,0.22071870064396,0
D369,0.320932919033907,0.0128574320330662,0.166895175533487,D,369,S369D,0.109763025113053,0
V369,0.137753239269094,0.130816895685266,0.13428506747718,V,369,S369V,0.0883161252965536,0
G369,0.159171876731431,0.203137685643632,0.181154781187532,G,369,S369G,0.11914123181378,0
A369,0.247428397110591,0.010331865026571,0.128880131068581,A,369,S369A,0.0847614259539565,0
Q369,0,0.199717794596194,0.099858897298097,Q,369,S369Q,0.0656748442059882,0
H369,0.154771000553069,0,0.0773855002765342,H,369,S369H,0.0508946204291873,0
P369,0.217142407367311,0.238100593204929,0.22762150028612,P,369,S369P,0.149701298268884,0
K370,0.806272981973195,0.722732017752338,0.764502499862767,K,370,Q370K,0.502795283465768,0
N370,0.490173685895304,0.140700341559451,0.315437013727378,N,370,Q370N,0.207455492638837,0
M370,0.886717704694251,0.855979062499016,0.871348383596633,M,370,Q370M,0.573065304046163,0
I370,0.37453837577611,0.213090001407324,0.293814188591717,I,370,Q370I,0.193234669953015,0
R370,0.777482012152177,0.917368991382527,0.847425501767352,R,370,Q370R,0.55733178825932,0
S370,0.67261962692308,0.442822948358896,0.557721287640988,S,370,Q370S,0.366800151686464,0
T370,0.379406589465443,0.480372928967566,0.429889759216504,T,370,Q370T,0.282728366987803,0
Y370,0.466978767539539,0.3033154383359,0.38514710293772,Y,370,Q370Y,0.253302176032586,0
L370,0.789231553549435,0.721881246863195,0.755556400206315,L,370,Q370L,0.496911644480302,0
F370,0.268715253137312,0.211324115336862,0.240019684237087,F,370,Q370F,0.157855291768193,0
W370,0.254978434212676,0.544218415911969,0.399598425062322,W,370,Q370W,0.262806470139405,0
C370,0.560877782613684,0.546780705423807,0.553829244018746,C,370,Q370C,0.364240446287649,0
E370,0.34273328879213,0.0814755166726929,0.212104402732412,E,370,Q370E,0.139496068770637,0
D370,0.431552088742081,0.241849112516809,0.336700600629445,D,370,Q370D,0.221440052801613,0
V370,0.458354680495724,0.556201232056459,0.507277956276092,V,370,Q370V,0.333624761027672,0
G370,0.491642123979398,0.326027740838463,0.408834932408931,G,370,Q370G,0.268881103421056,0
A370,0.810444439252385,0.491640256644426,0.651042347948405,A,370,Q370A,0.428175214526699,0
H370,0.353453452693261,0.550829468280067,0.452141460486664,H,370,Q370H,0.297362786691772,0
P370,0.273820392378224,0.0809516192537408,0.177386005815982,P,370,Q370P,0.116662597039404,0
K371,1.04136070247643,1.02462646560035,1.03299358403839,K,371,R371K,0.679375544224035,1
N371,0.851315405101149,0.763911190308678,0.807613297704914,N,371,R371N,0.531148239571692,0
I371,0.524402310180075,0.128670847598177,0.326536578889126,I,371,R371I,0.214755415154263,0
S371,0.46095183210271,0.345378391055453,0.403165111579082,S,371,R371S,0.265152195834939,0
T371,0.569076660499067,0.254743737771927,0.411910199135497,T,371,R371T,0.270903633897797,0
Y371,0.283276178184162,0.117306275652237,0.200291226918199,Y,371,R371Y,0.131726821340832,0
L371,0.387188234200315,0.613616975434862,0.500402604817588,L,371,R371L,0.329103004347836,0
F371,0.626647818509022,0.437239433418326,0.531943625963674,F,371,R371F,0.349846790889794,0
W371,0.211193582291081,0.290372677217355,0.250783129754218,W,371,R371W,0.164934156311901,0
C371,0.92998403297286,0.62919858624501,0.779591309608935,C,371,R371C,0.512718838162905,0
E371,0.417881701493285,0,0.208940850746642,E,371,R371E,0.137415475158805,0
D371,0,0.072873845881614,0.036436922940807,D,371,R371D,0.0239637058112067,0
V371,0.62610707336329,0.367798829047583,0.496952951205437,V,371,R371V,0.32683424843652,0
G371,0.31227572801808,0.394906841015603,0.353591284516842,G,371,R371G,0.232548657671602,0
A371,0.637521256060644,0.842762085295869,0.740141670678256,A,371,R371A,0.486773740020867,0
Q371,0.875708445687303,0.685144392859646,0.780426419273474,Q,371,R371Q,0.513268070115164,0
H371,0.775602135492115,0.483199020917466,0.62940057820479,H,371,R371H,0.413941932418537,0
P371,0.196358784045858,0.401636195257125,0.298997489651491,P,371,R371P,0.196643604948134,0
K372,0.41288843255311,0.520439471574098,0.466663952063604,K,372,C372K,0.306913887270734,0
N372,0.186751193050532,0.085288410310085,0.136019801680309,N,372,C372N,0.0894570191138486,0
M372,0.159740302905332,0.345543485888653,0.252641894396993,M,372,C372M,0.166156622027354,0
I372,0.116688030164268,0.0471961834384502,0.0819421068013593,I,372,C372I,0.0538913931927854,0
R372,0.314000214320987,0.0108311410465751,0.162415677683781,R,372,C372R,0.1068169649085,0
S372,0.448030168942717,0.768399814668575,0.608214991805646,S,372,C372S,0.400008671348942,0
T372,0.248771131319404,0.28604063078968,0.267405881054542,T,372,C372T,0.175866548231519,0
Y372,0.153643458372475,0.151941107270188,0.152792282821331,Y,372,C372Y,0.100487884822251,0
L372,0.209838021368463,0.104975236219338,0.1574066287939,L,372,C372L,0.103522631460364,0
F372,0.205496744469863,0.199389238355917,0.20244299141289,F,372,C372F,0.133141986156191,0
W372,0.265114039836722,0.386719568069632,0.325916803953177,W,372,C372W,0.214347803779988,0
E372,0.213375090539202,0.264883479096201,0.239129284817701,E,372,C372E,0.157269697046726,0
D372,0.0930705990190428,0.0970179787302757,0.0950442888746592,D,372,C372D,0.0625083896718649,0
V372,0.315636848073802,0.241554692093301,0.278595770083552,V,372,C372V,0.183225874626529,0
G372,0.0883243105537926,0.20953168825163,0.148927999402711,G,372,C372G,0.0979464366553639,0
A372,0.16686088709506,0.0402405072174128,0.103550697156236,A,372,C372A,0.0681028539986378,0
Q372,0.322208177444952,0.429984054166698,0.376096115805825,Q,372,C372Q,0.247349555025535,0
H372,0.359102882201717,0.0025314541090743,0.180817168155396,H,372,C372H,0.118919191676272,0
P372,0.120458561751209,0.219857201662053,0.170157881706631,P,372,C372P,0.111908830097976,0
K373,0.738395339565853,0.369771517914883,0.554083428740368,K,373,S373K,0.364407617590795,0
N373,0.206500391573501,0.794014818637756,0.500257605105629,N,373,S373N,0.329007641453287,0
M373,0.530801142025653,0.499665733158745,0.515233437592199,M,373,S373M,0.338856893668385,0
I373,0.0331537325920759,0.542276273474894,0.287715003033485,I,373,S373I,0.18922337930032,0
R373,0.756706132880078,0.689000671485148,0.722853402182613,R,373,S373R,0.475403653120615,0
T373,1.06962907135992,0.919413693429799,0.994521382394858,T,373,S373T,0.65407328355859,0
Y373,0.841168261720307,0.766257835374136,0.803713048547221,Y,373,S373Y,0.528583137585522,0
L373,0.575317300413754,0.277509017164462,0.426413158789108,L,373,S373L,0.280441888790932,0
F373,1.01645370646245,0.440298431936937,0.728376069199693,F,373,S373F,0.479035781110829,0
W373,0.789511537260936,0.630946578813479,0.710229058037208,W,373,S373W,0.467100919389466,0
C373,1.12678946304777,1.0527696144919,1.08977953876983,C,373,S373C,0.716722328846968,1
E373,0.341229305587919,0.275480742848245,0.308355024218082,E,373,S373E,0.202797834981122,0
D373,0.927165899539609,0.551399179609553,0.739282539574581,D,373,S373D,0.486208709734002,0
V373,0.531807245292654,0.71439022056221,0.623098732927432,V,373,S373V,0.409797357242974,0
G373,0.800200787775473,0.772274839521918,0.786237813648696,G,373,S373G,0.517090087286783,0
A373,0.732261256961297,0.462026129907615,0.597143693434456,A,373,S373A,0.392727339235736,0
Q373,0.897872643461135,0.722131894337615,0.810002268899375,Q,373,S373Q,0.532719409645205,0
H373,0.650476233456528,0.901308327490986,0.775892280473757,H,373,S373H,0.510286073845059,0
P373,0.45970638261885,0.453848160570171,0.456777271594511,P,373,S373P,0.300411650443666,0
K374,0.867301644608705,0.839395459083498,0.853348551846101,K,374,E374K,0.561227238756685,0
N374,0.828621525125964,0.667660294767906,0.748140909946935,N,374,E374N,0.492034651236105,0
M374,0.860295644153324,0.990011099118156,0.92515337163574,M,374,E374M,0.608451577103283,0
I374,0.538661080893414,0.396842658863719,0.467751869878567,I,374,E374I,0.307629385187693,0
R374,0.776548398085464,0.650497628767202,0.713523013426333,R,374,E374R,0.469267276247548,0
S374,0.830065828704134,0.910377141282077,0.870221484993105,S,374,E374S,0.572324169382902,0
T374,0.878847193658342,0.965208624351439,0.92202790900489,T,374,E374T,0.606396033962846,0
Y374,0.856750529710789,0.732584110960239,0.794667320335514,Y,374,E374Y,0.522633975246386,0
L374,0.874817256780357,0.89332463182439,0.884070944302374,L,374,E374L,0.581432632495189,0
F374,0.831634558996567,0.883242861490996,0.857438710243782,F,374,E374F,0.563917239575977,0
W374,0.0292442751072299,0.390720549414731,0.209982412260981,W,374,E374W,0.138100485628939,0
C374,0.874422347766412,0.775297972366484,0.824860160066448,C,374,E374C,0.542491094633015,0
D374,0.52781842825426,0.941671942459917,0.734745185357089,D,374,E374D,0.483224598759377,0
V374,0.838259580405673,0.732916446756008,0.785588013580841,V,374,E374V,0.516662729090607,0
G374,0.871200303453765,0.782439902842119,0.826820103147942,G,374,E374G,0.54378010302398,0
A374,0.914049818360664,1.04459741203229,0.979323615196478,A,374,E374A,0.644078070112031,0
Q374,0.945909651804348,0.835410355441643,0.890660003622995,Q,374,E374Q,0.585766101580613,0
H374,0.697480343566441,0.346258896832522,0.521869620199481,H,374,E374H,0.343221354629281,0
P374,0.958602707344842,0.673302792368138,0.81595274985649,P,374,E374P,0.536632900785034,0
K375,0.314396846170655,0.630167046015879,0.472281946093267,K,375,C375K,0.310608709591342,0
N375,0.403727490644797,0.0145711108507263,0.209149300747762,N,375,C375N,0.137552567813729,0
M375,0.175016026938976,0.144887979552689,0.159952003245833,M,375,C375M,0.105196664271657,0
I375,0.410142646239411,0.0075254479685369,0.208834047103974,I,375,C375I,0.137345232919179,0
R375,0.401204165278695,0.312796913384407,0.357000539331551,R,375,C375R,0.234790844245585,0
S375,0.470271395998341,0.440724198022323,0.455497797010332,S,375,C375S,0.299570170152424,0
T375,0.387973503108408,0.34032705637758,0.364150279742994,T,375,C375T,0.239493060075518,0
Y375,0.13879534515596,0.129991377498156,0.134393361327058,Y,375,C375Y,0.0883873476103547,0
L375,0.310837431526428,0.3365516479659,0.323694539746164,L,375,C375L,0.212886272964718,0
F375,0.165321427857964,0.543358848650629,0.354340138254296,F,375,C375F,0.233041161132696,0
W375,0.355910646535236,0.102122406020596,0.229016526277916,W,375,C375W,0.150618773998673,0
E375,0.538769421363949,0.130953563860096,0.334861492612023,E,375,C375E,0.22023051478557,0
D375,0.42756826126543,0,0.213784130632715,D,375,C375D,0.140600786238441,0
V375,0.285405972507018,0.164832560008154,0.225119266257586,V,375,C375V,0.148055637897727,0
G375,0.258646175923029,0.150406282709603,0.204526229316316,G,375,C375G,0.134512082646873,0
A375,0.262193771637822,0.0931292221622664,0.177661496900044,A,375,C375A,0.116843781035177,0
Q375,0.372478407000765,0.556188507882743,0.464333457441754,Q,375,C375Q,0.305381175861394,0
H375,0.267516805908048,0.0025477860710684,0.135032295989558,H,375,C375H,0.0888075598854035,0
P375,0.385951211087853,0.443212267383262,0.414581739235558,P,375,C375P,0.272660642883564,0
K376,0.884222590327932,0.579372801311633,0.731797695819783,K,376,G376K,0.481286104329747,0
N376,0.883232631057487,0.584765899196182,0.733999265126835,N,376,G376N,0.482734024596858,0
M376,0.602790160373515,0.936467095633044,0.769628628003279,M,376,G376M,0.506166617178808,0
I376,0.151748605382411,0.0016090499924966,0.076678827687454,I,376,G376I,0.050429858515645,0
R376,0.77617106343371,0.843904016216727,0.810037539825218,R,376,G376R,0.532742606502195,0
S376,0.912036276395169,0.91659445220622,0.914315364300695,S,376,G376S,0.601323675008514,0
T376,0.647477519048835,0.761757867707171,0.704617693378003,T,376,G376T,0.463410457049629,0
Y376,0.710501347278318,0.51936233030537,0.614931838791843,Y,376,G376Y,0.404426183371502,0
L376,0.748919555341384,0.651467919612768,0.700193737477076,L,376,G376L,0.460500925476291,0
F376,0.856953526552225,0.79586847175717,0.826410999154698,F,376,G376F,0.543511044965586,0
W376,0.47485646446437,0.885842480476291,0.68034947247033,W,376,G376W,0.447449819886672,0
C376,0.704757560453131,0.946224561151141,0.825491060802136,C,376,G376C,0.542906023183668,0
E376,0.917716999063707,1.08904175149874,1.00337937528122,E,376,G376E,0.65989897679705,1
D376,0.710902987384184,0.691086971777306,0.700994979580745,D,376,G376D,0.461027883531642,0
V376,0.692063537791719,0.358362731509366,0.525213134650542,V,376,G376V,0.345420305314851,0
A376,1.01258230594723,1.07718720483599,1.04488475539161,A,376,G376A,0.68719608748237,1
Q376,0.95955025258228,1.07440523672784,1.01697774465506,Q,376,G376Q,0.668842303974161,1
H376,0.484356939397532,0.897972880525926,0.691164909961729,H,376,G376H,0.454562878326991,0
P376,0.400201172099058,0.0124023584167413,0.2063017652579,P,376,G376P,0.135679810806314,0
K377,0.648821077646207,0.776842289443103,0.712831683544655,K,377,N377K,0.46881260487121,0
M377,0.902569127214516,0.683369249249844,0.79296918823218,M,377,N377M,0.521517153767827,0
I377,0.847696927395328,0.636385550376873,0.7420412388861,I,377,N377I,0.488023041279786,0
R377,0.647923274900535,0.617417802196984,0.632670538548759,R,377,N377R,0.416092508300712,0
S377,0.969395818264714,0.912286666683889,0.940841242474301,S,377,N377S,0.618769120167779,0
T377,1.0504491123184,1.00514158236772,1.02779534734306,T,377,N377T,0.675956786413276,1
Y377,0.732311573820842,0.215313528895442,0.473812551358142,Y,377,N377Y,0.311615352614962,0
L377,1.00291099266514,1.0146464512228,1.00877872194397,L,377,N377L,0.663449999895489,1
F377,0.972320213914455,0.90119766283048,0.936758938372467,F,377,N377F,0.616084284933828,0
W377,0.649846188675264,0.758020334661307,0.703933261668286,W,377,N377W,0.462960322438478,0
C377,0.977776253494048,1.08560866307801,1.03169245828603,C,377,N377C,0.678519824469554,1
E377,0.810573376118973,0.789154405168076,0.799863890643525,E,377,N377E,0.526051637113463,0
D377,1.00966777995313,1.07252790814344,1.04109784404828,D,377,N377D,0.684705525106614,1
V377,0.82121777343902,0.759436232722315,0.790327003080667,V,377,N377V,0.519779450840155,0
G377,0.991347131879821,1.08085023608267,1.03609868398124,G,377,N377G,0.681417695304293,1
A377,0.6915213730162,0.977701615842491,0.834611494429345,A,377,N377A,0.548904317514618,0
Q377,0.843505899240653,1.10977469920443,0.976640299222543,Q,377,N377Q,0.642313316411441,0
H377,0.96255054912103,1.17733908676615,1.06994481794359,H,377,N377H,0.703677500240019,1
P377,0.400501611960541,0.258580425965674,0.329541018963107,P,377,N377P,0.216731364610183,0
K378,0.753975699093336,0.701271411361393,0.727623555227364,K,378,I378K,0.478540870399488,0
N378,0.280956870788735,0.33754890652362,0.309252888656178,N,378,I378N,0.203388339269528,0
M378,0.818114398560294,0.216761596313915,0.517437997437105,M,378,I378M,0.34030678074179,0
R378,0.727510786869954,0.771347211939048,0.749428999404501,R,378,I378R,0.492881797326618,0
S378,0.713188718998195,0.753819568917806,0.733504143958,S,378,I378S,0.482408395068532,0
T378,0.954178747086451,0.720173123788136,0.837175935437293,T,378,I378T,0.550590889950619,0
Y378,0.276621387848819,0.323105597194585,0.299863492521702,Y,378,I378Y,0.19721315463396,0
L378,0.463669249833408,0.470400609761182,0.467034929797295,L,378,I378L,0.307157870586425,0
F378,0.557251781318636,0.0077432713924628,0.28249752635555,F,378,I378F,0.185791967806271,0
W378,0.311866826540347,0.0787218456350929,0.19529433608772,W,378,I378W,0.128440483961937,0
C378,0.569067907762698,0.441651958677864,0.505359933220281,C,378,I378C,0.332363322450017,0
E378,0.372145159317477,0.175093052350488,0.273619105833983,E,378,I378E,0.179952839793386,0
D378,0.23860061269951,0,0.119300306349755,D,378,I378D,0.0784610009247131,0
V378,0.806548630855921,0.691086971777306,0.748817801316614,V,378,I378V,0.492479826743254,0
G378,0.405328941973993,0.461239999806629,0.433284470890311,G,378,I378G,0.284960988880632,0
A378,0.505702197320865,0.292039978396216,0.398871087858541,A,378,I378A,0.262328117595606,0
Q378,0.689264820522362,0.950081900936786,0.819673360729574,Q,378,I378Q,0.539079858903463,0
H378,0.596149689198888,0.170113716129798,0.383131702664343,H,378,I378H,0.25197669475302,0
P378,0.0448217904190545,0.385519198202237,0.215170494310646,P,378,I378P,0.141512564968474,0
K379,0.0500916791440671,0.0496589440798064,0.0498753116119368,K,379,D379K,0.0328018174490846,0
N379,0.609667822740813,0.725572349610505,0.667620086175659,N,379,D379N,0.439078002408608,0
M379,1.00945605781345,0.530006549784099,0.769731303798773,M,379,D379M,0.506234144630595,0
I379,0.473208058439532,0.327788287008999,0.400498172724266,I,379,D379I,0.26339821297977,0
R379,0.691385429220236,0.68905136950403,0.690218399362133,R,379,D379R,0.453940380604208,0
S379,1.06515427426208,0.995423073272842,1.03028867376746,S,379,D379S,0.677596588463045,1
T379,0.5361368450693,0.740251548293007,0.638194196681154,T,379,D379T,0.419725288124119,0
Y379,0.793173298915653,0.638844976070598,0.716009137493126,Y,379,D379Y,0.470902341476398,0
L379,0.831673055921727,0.67912641211379,0.755399734017759,L,379,D379L,0.496808608818943,0
F379,0.734199385879597,1.11336494211847,0.923782163999035,F,379,D379F,0.607549766144508,0
W379,0.998121956709057,0.879098562056555,0.938610259382806,W,379,D379W,0.61730185514759,0
C379,0.688197520124437,0.909136826665663,0.79866717339505,C,379,D379C,0.525264584372258,0
E379,1.10355585604333,1.02723047165158,1.06539316384746,E,379,D379E,0.700683984572101,1
V379,0.733852644589419,0.907566820438245,0.820709732513832,V,379,D379V,0.539761456210385,0
G379,0.789111775783369,0.770765234405748,0.779938505094559,G,379,D379G,0.512947180454321,0
A379,1.01185191871016,0.932281910494588,0.972066914602372,A,379,D379A,0.639305509089805,0
Q379,0.815742311171245,0.882075491169703,0.848908901170474,Q,379,D379Q,0.558307385099775,0
H379,0.975714350184793,1.12743881402578,1.05157658210528,H,379,D379H,0.691597144261135,1
P379,0.588053298261493,0.422696581679665,0.505374939970579,P,379,D379P,0.332373192036148,0
K380,1.03030514519119,1.11181941728195,1.07106228123657,K,380,S380K,0.704412429521816,1
N380,0.962609517642628,0.894437784269301,0.928523650955965,N,380,S380N,0.610668130412757,0
M380,0.797142210342278,0.402780750422356,0.599961480382317,M,380,S380M,0.394580531327914,0
I380,0.559706448540971,0.706309151772401,0.633007800156686,I,380,S380I,0.416314317314797,0
R380,1.07729252743457,1.09464140785165,1.08596696764311,R,380,S380R,0.714214890636188,1
T380,0.636021206046383,0.749387199728188,0.692704202887286,T,380,S380T,0.455575235020372,0
L380,0.401963211472911,0.709979120035769,0.55597116575434,L,380,S380L,0.365649137752233,0
F380,0.579348320803434,0.462897877322535,0.521123099062984,F,380,S380F,0.342730385264884,0
W380,0.694818950391032,1.06882041142146,0.881819680906244,W,380,S380W,0.57995202959642,0
C380,0.887013045622539,0.895853481933545,0.891433263778042,C,380,S380C,0.586274656567574,0
E380,0.901925914619605,0.791192065420441,0.846558990020023,E,380,S380E,0.556761903897003,0
D380,0.0051258962447323,0.0038393720654294,0.0044826341550808,D,380,S380D,0.00294812287871101,0
V380,0.852218137745945,0.969191673245311,0.910704905495628,V,380,S380V,0.59894916131018,0
G380,1.04404470729406,1.16560482140554,1.1048247643498,G,380,S380G,0.726617219264782,1
A380,1.00147289284743,0.793715456208906,0.897594174528166,A,380,S380A,0.590326542424811,0
Q380,0.979958263926205,1.04710147238986,1.01352986815803,Q,380,S380Q,0.666574716829593,1
H380,0.860877187981973,1.04498425622591,0.952930722103939,H,380,S380H,0.626720086107627,0
P380,0.763580734351569,0.842840576138505,0.803210655245037,P,380,S380P,0.528252725346415,0
K381,1.00247004995838,1.06332022228146,1.03289513611992,K,381,G381K,0.679310797347363,1
N381,0.410210237314928,0.65628403075255,0.533247134033739,N,381,G381N,0.350704077438505,0
M381,0.677579409850551,0.952258489945908,0.814918949898229,M,381,G381M,0.535952994907481,0
I381,0.980775035323453,0.684532933056552,0.832653984190003,I,381,G381I,0.547616909146622,0
R381,0.99665336492793,0.906326666456176,0.951490015692053,R,381,G381R,0.625772567441716,0
S381,0.885830476934264,0.995565179460108,0.940697828197186,S,381,G381S,0.618674799976376,0
T381,0.950654739870446,0.825092755778446,0.887873747824446,T,381,G381T,0.583933646782504,0
Y381,0.821113983061496,0.94913232175424,0.885123152407868,Y,381,G381Y,0.582124644977505,0
L381,0.874324689906377,0.987568558142837,0.930946624024607,L,381,G381L,0.612261662717879,0
F381,0.971822612035908,0.487826097725157,0.729824354880532,F,381,G381F,0.479988284483372,0
W381,0.290606280224792,0.370115467107402,0.330360873666097,W,381,G381W,0.217270563733619,0
C381,1.1027120910025,0.700480386927677,0.901596238965087,C,381,G381C,0.592958605921492,0
E381,1.02769962317975,0.929764260635588,0.978731941907669,E,381,G381E,0.643688940529042,0
D381,0.570593187242569,0.619784347705044,0.595188767473807,D,381,G381D,0.391441630486954,0
V381,0.648502530104038,0.747858729332472,0.698180629718255,V,381,G381V,0.45917695192954,0
A381,0.875324256451798,0.948711109185414,0.912017682818606,A,381,G381A,0.59981254402816,0
Q381,1.10730964689036,0.904261206019805,1.00578542645508,Q,381,G381Q,0.661481379970632,1
H381,1.06568952079896,0.915733109005165,0.990711314902063,H,381,G381H,0.65156749192886,0
P381,0.916953262305602,0.704726846220279,0.810840054262941,P,381,G381P,0.533270401341679,0
K382,0.286140474330517,0.0562512651446645,0.171195869737591,K,382,N382K,0.112591490372278,0
M382,0.655741309665522,0.0326865459624402,0.344213927813981,M,382,N382M,0.226381391086573,0
R382,0.34838161299475,0.0088714630523402,0.178626538023545,R,382,N382R,0.117478465846978,0
S382,0.643292258990643,0.691991535876491,0.667641897433567,S,382,N382S,0.439092347159089,0
T382,0.509409098490052,0.388213504727204,0.448811301608628,T,382,N382T,0.295172619651941,0
L382,0.160826712472123,0.184991724763022,0.172909218617573,L,382,N382L,0.113718319566349,0
F382,0.304084418079271,0.225932279234889,0.26500834865708,F,382,N382F,0.174289747656482,0
W382,0.0467451135153945,0.2759042037038,0.161324658609597,W,382,N382W,0.106099427366413,0
C382,0.006112062329871,0.215376575168117,0.110744318748994,C,382,N382C,0.0728339294477377,0
E382,0.46224024805085,0.0199160510598647,0.241078149555357,E,382,N382E,0.15855141947194,0
D382,0.0032852335023057,0.0094025438337048,0.0063438886680052,D,382,N382D,0.00417222612310296,0
V382,0.188339119350425,0.24838578203243,0.218362450691427,V,382,N382V,0.143611839481734,0
G382,0.242574050073961,0.12672383704232,0.184648943558141,G,382,N382G,0.121439260086966,0
A382,0.161637686694913,0.474078985470423,0.317858336082668,A,382,N382A,0.209047939308676,0
Q382,0.931763253329622,1.06052785762461,0.996145555477118,Q,382,N382Q,0.655141463931367,0
P382,0.213373776531809,0.262310383448321,0.237842079990065,P,382,N382P,0.156423132756478,0
K383,0.195788555699371,0.307149765234358,0.251469160466865,K,383,R383K,0.165385342549609,0
N383,0.537537628161464,0,0.268768814080732,N,383,R383N,0.176762917173898,0
M383,0.159987682015198,0.0138911954126092,0.0869394387139036,M,383,R383M,0.057178020660964,0
I383,0.624796056555721,0.365402306916737,0.495099181736229,I,383,R383I,0.325615067929042,0
S383,0.542949873289262,0.109780322789505,0.326365098039383,S,383,R383S,0.214642636239255,0
T383,0.260664428707534,0.0074310427072828,0.134047735707408,T,383,R383T,0.0881600377828053,0
Y383,0.257959492367541,0.0186151372869308,0.138287314827236,Y,383,R383Y,0.090948309090894,0
L383,0.126613378774993,0.151431977278335,0.139022678026664,L,383,R383L,0.0914319401429482,0
F383,0.148714273766925,0.357831661062503,0.253272967414714,F,383,R383F,0.166571663883842,0
W383,0.0135727956902771,0.4088120114739,0.211192403582088,W,383,R383W,0.138896268414994,0
C383,0.224948553356725,0.167536235582377,0.196242394469551,C,383,R383C,0.129063999624633,0
D383,0,0,0,D,383,R383D,0,0
V383,0.435741093231292,0.307502001203664,0.371621547217478,V,383,R383V,0.24440673668005,0
G383,0.170171618981867,0.184289859140615,0.177230739061241,G,383,R383G,0.116560481752696,0
A383,0.254113857656054,0.389843932797455,0.321978895226754,A,383,R383A,0.211757933982676,0
Q383,0.214872029069724,0.11829416634026,0.166583097704992,Q,383,R383Q,0.109557778877404,0
H383,0.622546903209788,0.46828878386104,0.545417843535414,H,383,R383H,0.35870846635152,0
P383,0.249487297856259,0.0641723616650356,0.156829829760647,P,383,R383P,0.103143284324835,0
K384,1.06367182829369,1.0375876418374,1.05062973506555,K,384,I384K,0.690974425269601,1
N384,0.536004961165143,0.983803007442381,0.759903984303762,N,384,I384N,0.499770948117713,0
M384,0.817402575938801,0.856000560681174,0.836701568309988,M,384,I384M,0.550278909866468,0
R384,1.0946443923515,1.03821309958606,1.06642874596878,R,384,I384R,0.701365062536312,1
S384,0.910770223455442,1.11690306442853,1.01383664394199,S,384,I384S,0.666776476035461,1
T384,0.706690228940426,0.962862747195348,0.834776488067887,T,384,I384T,0.549012829943649,0
Y384,0.0686292102558817,0.297525181310121,0.183077195783001,Y,384,I384Y,0.120405558603609,0
L384,1.03992708519758,0.850119279151338,0.945023182174461,L,384,I384L,0.621519483387463,0
F384,0.630025799247097,0.737275634455991,0.683650716851544,F,384,I384F,0.449620970543132,0
W384,0.757285565685075,0.0306016371266704,0.393943601405873,W,384,I384W,0.259087425840919,0
C384,1.0359436310604,0.991239538217864,1.01359158463913,C,384,I384C,0.666615306305251,1
E384,1.03482218698631,0.685750392844663,0.860286289915486,E,384,I384E,0.565790025640748,0
D384,0.697069849727808,0.849049708183548,0.773059778955678,D,384,I384D,0.508423204326705,0
V384,0.924574923944073,0.988463789936026,0.956519356940049,V,384,I384V,0.629080246695723,0
G384,0.72337175794975,0.773080341310207,0.748226049629978,G,384,I384G,0.492090645599861,0
Q384,1.11073140068753,1.26149991620098,1.18611565844426,Q,384,I384Q,0.780080325201972,1
H384,0.662005543483488,0.785161638092542,0.723583590788015,H,384,I384H,0.475883880964085,0
P384,0.929818448116906,0.825848931273881,0.877833689695393,P,384,I384P,0.577330537081861,0
K385,0.845847710982942,0.717760504021342,0.781804107502142,K,385,G385K,0.514174143206599,0
N385,1.12524877481223,1.11576853493298,1.1205086548726,N,385,G385N,0.736932144569373,1
M385,0.570873118487332,0.473188281049014,0.522030699768173,M,385,G385M,0.343327292866783,0
I385,0.78840650819751,0.423770463946976,0.606088486072243,I,385,G385I,0.398610118625818,0
R385,0.646137879125259,0.649443280508085,0.647790579816672,R,385,G385R,0.426036603233926,0
S385,1.07845488349711,1.12204106030094,1.10024797189903,S,385,G385S,0.723607170693245,1
T385,1.09759641819882,1.07344508851868,1.08552075335875,T,385,G385T,0.713921426013598,1
Y385,0.863471395410164,0.685612181629162,0.774541788519663,Y,385,G385Y,0.509397887102702,0
L385,0.904700051542091,0.845350368497771,0.875025210019931,L,385,G385L,0.575483466163472,0
F385,0.412903285322841,0.393079337754698,0.40299131153877,F,385,G385F,0.265037891642931,0
W385,0.857664959668608,0.431050856972964,0.644357908320786,W,385,G385W,0.4237790160604,0
C385,0.971706115338111,1.15505334966893,1.06337973250352,C,385,G385C,0.69935979821104,1
E385,1.0068129139397,0.53834286518665,0.772577889563176,E,385,G385E,0.50810627702595,0
D385,0.764231014379844,0.666396387076493,0.715313700728169,D,385,G385D,0.47044496909968,0
V385,0.584281605067814,0.527639020828164,0.555960312947989,V,385,G385V,0.365642000117174,0
A385,1.03232886449653,0.972377727213656,1.00235329585509,A,385,G385A,0.659224148531593,1
Q385,1.0525313674327,1.0459137154958,1.04922254146425,Q,385,G385Q,0.690048947189694,1
H385,1.05617080252169,0.94955423559599,1.00286251905884,H,385,G385H,0.659559052636057,1
K386,0.414905109524625,0.0534372082266467,0.234171158875636,K,386,Q386K,0.15400885442169,0
N386,0.262031797908455,0.232253274918882,0.247142536413668,N,386,Q386N,0.16253982383951,0
M386,0.15580269064827,0.207822726725735,0.181812708687003,M,386,Q386M,0.119573935230258,0
I386,0.26048153420295,0.338077118432113,0.299279326317532,I,386,Q386I,0.19682896228368,0
R386,0.464135836776429,0.290720824303218,0.377428330539823,R,386,Q386R,0.248225721270822,0
S386,0.112706278074151,0.360849952594684,0.236778115334418,S,386,Q386S,0.155723388268095,0
T386,0.0969438964033682,0.0241310678797119,0.0605374821415401,T,386,Q386T,0.0398140758194033,0
Y386,0.258570533414233,0.357919889047283,0.308245211230758,Y,386,Q386Y,0.202725613566411,0
L386,0.328639487517439,0.10002357413352,0.214331530825479,L,386,Q386L,0.140960798449179,0
F386,0.355953455201278,0.0919260580036322,0.223939756602455,F,386,Q386F,0.147279902185275,0
W386,0.325203667187249,0.385596660087927,0.355400163637588,W,386,Q386W,0.233738314854455,0
C386,0.292359039040505,0.346354620832054,0.319356829936279,C,386,Q386C,0.210033463413611,0
E386,0.279449458651534,0.212740727519764,0.246095093085649,E,386,Q386E,0.161850945039087,0
D386,0.229172810499006,0.204854733555703,0.217013772027355,D,386,Q386D,0.142724845297505,0
V386,0.385353218872351,0.426809592635749,0.40608140575405,V,386,Q386V,0.267070173809682,0
G386,0.176196003716283,0.281012813752999,0.228604408734641,G,386,Q386G,0.150347733999419,0
A386,0.471843035194033,0.300040951833084,0.385941993513559,A,386,Q386A,0.253824956837717,0
H386,0.287069829154222,0.124907571195306,0.205988700174764,H,386,Q386H,0.135473915276545,0
P386,0.194555986276702,0.662759354217989,0.428657670247346,P,386,Q386P,0.281918051099216,0
K387,0.936066956522125,0.838151900293806,0.887109428407965,K,387,A387K,0.583430971908665,0
N387,0.723488495821387,0.535158090346252,0.62932329308382,N,387,A387N,0.413891103815213,0
M387,0.494188971287011,0.513055613225311,0.503622292256161,M,387,A387M,0.331220516924498,0
I387,0.470651745709161,0.304634018832588,0.387642882270874,I,387,A387I,0.254943591302655,0
R387,0.663737812842448,0.673295582952196,0.668516697897322,R,387,A387R,0.439667682814929,0
S387,0.9021233568635,0.939643093499283,0.920883225181392,S,387,A387S,0.605643202379408,0
T387,0.399415231069798,0.41266209290044,0.406038661985119,T,387,A387T,0.267042062239844,0
Y387,0.440597174149044,0.391391349849292,0.415994261999169,Y,387,A387Y,0.273589625827974,0
L387,0.424381395781644,0.247512722021652,0.335947058901648,L,387,A387L,0.220944466159713,0
F387,0.294868636195942,0.312598098098826,0.303733367147384,F,387,A387F,0.19975828000601,0
W387,0.15739161134474,0.352921638612254,0.255156624978497,W,387,A387W,0.167810501086996,0
C387,0.72159200032678,0.512988669169083,0.617290334747932,C,387,A387C,0.405977310598695,0
E387,0.620904666280813,0.54686316210372,0.583883914192266,E,387,A387E,0.384006694811464,0
D387,0.785526338591256,0.749697815595585,0.76761207709342,D,387,A387D,0.504840379152735,0
V387,0.371246535826358,0.283535682342788,0.327391109084573,V,387,A387V,0.215317419532178,0
G387,0.670778591094284,0.666881249428554,0.668829920261419,G,387,A387G,0.43987368178468,0
Q387,0.850499675478831,0.755418570071784,0.802959122775307,Q,387,A387Q,0.528087298366855,0
H387,0.601587341337297,0.605240337954782,0.60341383964604,H,387,A387H,0.396851066682528,0
P387,0.800313235580939,0.783201042362493,0.791757138971716,P,387,A387P,0.520720017523539,0
K388,1.20496561297503,1.25583813152133,1.23040187224818,K,388,I388K,0.809206324694668,1
N388,1.28000689946723,1.21334578758681,1.24667634352702,N,388,I388N,0.819909661049185,1
M388,1.16816791279661,1.22882776515578,1.19849783897619,M,388,I388M,0.788223793629602,1
S388,0.672007915651906,0.932848668433422,0.802428292042664,S,388,I388S,0.527738183499683,0
T388,1.05278022872579,1.07999102445923,1.06638562659251,T,388,I388T,0.701336703938376,1
L388,1.17132226131806,0.96476201218163,1.06804213674984,L,388,I388L,0.702426151643607,1
F388,1.01407576908095,0.760829693699787,0.887452731390367,F,388,I388F,0.583656754192415,0
C388,1.18955015116869,1.19378305834133,1.19166660475501,C,388,I388C,0.783731051817409,1
E388,0.731175046154192,0.720966603750942,0.726070824952567,E,388,I388E,0.477519676278078,0
D388,0.754911267555586,1.06411270733897,0.909511987447278,D,388,I388D,0.598164607213392,0
V388,0.841412043277102,0.790174327548116,0.815793185412609,V,388,I388V,0.536527959009427,0
G388,0.779342641128627,0.686864444454838,0.733103542791733,G,388,I388G,0.482144929119126,0
A388,1.1605810443625,1.1486499975778,1.15461552097015,A,388,I388A,0.759363426887907,1
Q388,1.06748475446631,1.15181161962884,1.10964818704758,Q,388,I388Q,0.729789470739488,1
P388,0.829083661690624,0.37550390374027,0.602293782715447,P,388,I388P,0.396114431626375,0
K389,0.30516963689569,0.281798509438519,0.293484073167105,K,389,F389K,0.193017560815342,0
N389,0.379447640034691,0.330892843169208,0.35517024160195,N,389,F389N,0.233587100548283,0
M389,0.740117834533577,0.868977255916195,0.804547545224886,M,389,F389M,0.529131966390756,0
I389,0.799588725511347,0.81793847173643,0.808763598623889,I,389,F389I,0.531904765386494,0
R389,0.320825278327477,0.285980807270641,0.303403042799059,R,389,F389R,0.199541033464133,0
S389,0.358725559304661,0.434695006729982,0.396710283017321,S,389,F389S,0.260907007157314,0
T389,0.662738954472773,0.628450016911349,0.645594485692061,T,389,F389T,0.424592283865317,0
Y389,0.806243812779256,0.559181612995455,0.682712712887356,Y,389,F389Y,0.44900406743405,0
L389,0.893907551510689,0.872292702020948,0.883100126765819,L,389,F389L,0.580794148672607,0
W389,0.596115446614957,0.347003235074664,0.471559340844811,W,389,F389W,0.310133469143081,0
C389,0.743857484149061,0.775015948005192,0.759436716077126,C,389,F389C,0.499463636813292,0
E389,0.267005036481417,0.156515012752824,0.211760024617121,E,389,F389E,0.139269579397315,0
D389,0.299499230228036,0.0791553359744932,0.189327283101265,D,389,F389D,0.124516093788826,0
V389,0.761647877305517,0.867349809692236,0.814498843498877,V,389,F389V,0.535676700825793,0
G389,0.24629529623142,0.189630325367493,0.217962810799456,G,389,F389G,0.143349005739785,0
A389,0.451470805876555,0.579758401557401,0.515614603716978,A,389,F389A,0.339107577648869,0
Q389,0.373304591368795,0.290865316017202,0.332084953692999,Q,389,F389Q,0.218404450550208,0
H389,1.00287165885586,1.06892565840939,1.03589865863262,H,389,F389H,0.681286143344845,1
P389,0.234911129608168,0.194419824084841,0.214665476846505,P,389,F389P,0.141180426879869,0
N390,0.62697474123068,0.744118006152422,0.685546373691551,N,390,K390N,0.450867699387572,0
M390,0.686156364405621,0.467593249252994,0.576874806829307,M,390,K390M,0.379396970024385,0
I390,0.909535134454265,0.859418319459045,0.884476726956655,I,390,K390I,0.581699506187193,0
R390,0.983477409266777,0.952169341541005,0.967823375403891,R,390,K390R,0.63651463333128,0
S390,0.778713706840885,0.842918992681223,0.810816349761054,S,390,K390S,0.533254811449235,0
T390,0.551285146820566,0.660626740319823,0.605955943570194,T,390,K390T,0.398522948544751,0
Y390,0.640271040023834,0.660746568138302,0.650508804081068,Y,390,K390Y,0.427824315294757,0
L390,0.619668992998905,0.711154686759528,0.665411839879216,L,390,K390L,0.437625690842876,0
F390,0.820569417220969,0.841377198663965,0.830973307942467,F,390,K390F,0.546511567973184,0
W390,0.475908187202506,0.550900225721242,0.513404206461874,W,390,K390W,0.337653851448299,0
C390,0.872827929450664,0.851730367203687,0.862279148327175,C,390,K390C,0.567100681668939,0
E390,0.457233554816209,0.410245251652152,0.43373940323418,E,390,K390E,0.285260187165575,0
D390,0.752416538699716,0.75813551809066,0.755276028395188,D,390,K390D,0.496727250545323,0
V390,0.877355282758907,0.765909103801947,0.821632193280427,V,390,K390V,0.540368136924588,0
G390,0.60295208157251,0.693879242370346,0.648415661971428,G,390,K390G,0.426447705040979,0
A390,0.739959736471712,0.794398617388761,0.767179176930237,A,390,K390A,0.50455567091398,0
Q390,0.87171539343623,0.804043237595291,0.83787931551576,Q,390,K390Q,0.551053486457498,0
H390,0.624149546427137,0.748087676188049,0.686118611307593,H,390,K390H,0.451244046586461,0
P390,0.38162132354498,0.103063021327361,0.242342172436171,P,390,K390P,0.159382737541901,0
K391,0.332823256809805,0.254915310797449,0.293869283803627,K,391,C391K,0.193270904775916,0
N391,0.321426911915551,0.386365598907124,0.353896255411337,N,391,C391N,0.23274922984419,0
M391,0.286130585166991,0.382509930682194,0.334320257924592,M,391,C391M,0.219874557482439,0
I391,0.196946158298883,0.222645268170593,0.209795713234738,I,391,C391I,0.137977698077767,0
R391,0.211751655112799,0.376904158620654,0.294327906866726,R,391,C391R,0.193572530359948,0
S391,0.295766701620201,0.155148856523944,0.225457779072073,S,391,C391S,0.148278269800889,0
T391,0.293398600171489,0.13686961209712,0.215134106134304,T,391,C391T,0.141488633322153,0
Y391,0.25221164824876,0.14937633819706,0.20079399322291,Y,391,C391Y,0.132057478894914,0
L391,0.354672067709561,0.238289653451636,0.296480860580599,L,391,C391L,0.194988477296747,0
F391,0.438553571071863,0.276216866134091,0.357385218602977,F,391,C391F,0.235043838739854,0
W391,0.308201256314851,0.0815743947269074,0.194887825520879,W,391,C391W,0.128173131538991,0
E391,0.279835307593541,0.587945026431447,0.433890167012494,E,391,C391E,0.285359340950772,0
D391,0.91498779333455,0.93708474755324,0.926036270443895,D,391,C391D,0.609032238849448,0
V391,0.27953578683315,0.0878951826900736,0.183715484761612,V,391,C391V,0.120825346227575,0
G391,0.261194337290856,0.159358507081373,0.210276422186114,G,391,C391G,0.138293849030204,0
A391,0.156085916771972,0.216678553088745,0.186382234930358,A,391,C391A,0.122579204988361,0
Q391,0.276546779904601,0.0963534720266437,0.186450125965622,Q,391,C391Q,0.122623855322829,0
H391,0.276046712347841,0.428820006744447,0.352433359546144,H,391,C391H,0.231787117697595,0
P391,0.281240116631001,0.100100360521436,0.190670238576219,P,391,C391P,0.125399323966403,0
K392,1.11994117981612,1.13459617066713,1.12726867524163,K,392,R392K,0.741378050708713,1
N392,1.04738406292169,0.991077652315401,1.01923085761855,N,392,R392N,0.67032412328981,1
M392,0.967467592600609,0.833642388833992,0.9005549907173,M,392,R392M,0.592273801479389,0
I392,1.01748082346489,1.04865001886839,1.03306542116664,I,392,R392I,0.679422789810894,1
S392,0.936301775449245,0.8699850652107,0.903143420329972,S,392,R392S,0.593976150655577,0
T392,1.06766299628278,0.993651179723683,1.03065708800323,T,392,R392T,0.677838885826546,1
Y392,0.543790732049861,0.517800720962389,0.530795726506125,Y,392,R392Y,0.349091844459596,0
L392,1.14963556904187,1.12289373275234,1.13626465089711,L,392,R392L,0.747294491963726,1
F392,0.742938028504234,0.73891682118069,0.740927424842462,F,392,R392F,0.487290512023309,0
W392,0.86326768347099,0.752289276765566,0.807778480118278,W,392,R392W,0.531256876153476,0
C392,0.906038054171092,0.821467297380654,0.863752675775873,C,392,R392C,0.56806978595754,0
E392,0.664555805609267,0.625905365183196,0.645230585396232,E,392,R392E,0.424352955213773,0
D392,0.499983744175608,0.553920660268654,0.526952202222132,D,392,R392D,0.346564049086495,0
V392,1.06641550448163,1.05709262471906,1.06175406460035,V,392,R392V,0.698290634729766,1
G392,1.00578548588465,0.968848772369277,0.987317129126963,G,392,R392G,0.649335215907221,0
A392,0.89729551142313,0.829264688396481,0.863280099909805,A,392,R392A,0.567758983943705,0
Q392,0.979179253778259,1.0086711021061,0.993925177942179,Q,392,R392Q,0.653681173935872,0
H392,0.808501533109809,0.705777926004636,0.757139729557223,H,392,R392H,0.497952962893195,0
P392,0.465158098544433,0.260620441530664,0.362889270037548,P,392,R392P,0.23866372370001,0
K393,0.823144615663491,0.959628807873247,0.891386711768369,K,393,A393K,0.586244040407518,0
N393,1.05374556849837,0.895750022702464,0.974747795600414,N,393,A393N,0.641068661364114,0
M393,1.01160008896433,0.890205044987184,0.950902566975759,M,393,A393M,0.625386216260545,0
I393,0.910471543784356,0.849433112883563,0.879952328333959,I,393,A393I,0.578723915802049,0
R393,0.918816450592037,0.896730976947291,0.907773713769664,R,393,A393R,0.597021385567114,0
S393,0.898222184086198,0.880369974054349,0.889296079070273,S,393,A393S,0.584869080534593,0
T393,0.981107026946117,0.976341589870407,0.978724308408262,T,393,A393T,0.643683920156317,0
Y393,0.647867933982055,0.758781789843527,0.703324861912791,Y,393,A393Y,0.462560192252403,0
L393,0.966696487448013,0.938257184322275,0.952476835885144,L,393,A393L,0.6264215758345,0
F393,1.01316534876257,0.936159687495246,0.974662518128906,F,393,A393F,0.641012576380131,0
W393,0.751214659774489,0.762222112047205,0.756718385910847,W,393,A393W,0.497675855103287,0
C393,1.02524139608813,1.03837399609223,1.03180769609018,C,393,A393C,0.678595613658489,1
E393,0.970385602106539,0.910052579311824,0.940219090709181,E,393,A393E,0.618359945608954,0
D393,0.885546965712611,0.99365173010155,0.939599347907081,D,393,A393D,0.617952355368354,0
V393,1.02258856380344,0.983777405197129,1.00318298450028,V,393,A393V,0.659769815207139,1
G393,1.05365817920956,0.995129673609728,1.02439392640964,G,393,A393G,0.67371975199846,1
Q393,1.03400335892481,1.07987836956123,1.05694086424302,Q,393,A393Q,0.69512510624755,1
H393,0.894404821002727,0.818787825257895,0.856596323130311,H,393,A393H,0.563363221417002,0
P393,0.668771922478622,0.734398750809513,0.701585336644067,P,393,A393P,0.461416147464137,0
K394,0.272841426462677,0.182644413969717,0.227742920216197,K,394,C394K,0.149781153296398,0
N394,0.445526485849056,0.582483905290466,0.514005195569761,N,394,C394N,0.338049107826027,0
M394,0.273515894917,0.088618508309416,0.181067201613208,M,394,C394M,0.119083632791009,0
I394,0.304577935115532,0.202136110322216,0.253357022718874,I,394,C394I,0.166626945077153,0
R394,0.330152232325009,0.232424390763979,0.281288311544494,R,394,C394R,0.184996695712583,0
S394,0.184323501036032,0.177027204593202,0.180675352814617,S,394,C394S,0.118825923067629,0
T394,0.0676336144878348,0.140787793912368,0.104210704200101,T,394,C394T,0.0685369250824721,0
Y394,0.121300929315903,0.0148780833536557,0.0680895063347792,Y,394,C394Y,0.0447808642153361,0
L394,0.320016942054957,0.137629235230544,0.228823088642751,L,394,C394L,0.150491554623166,0
F394,0.397963846902747,0.0471961834384502,0.222580015170599,F,394,C394F,0.1463856322793,0
W394,0.333919581206366,0.324543605530779,0.329231593368573,W,394,C394W,0.216527862686326,0
E394,0.197236822605718,0.420187588422852,0.308712205514285,E,394,C394E,0.203032744704903,0
D394,0.628087469588425,0.630587775594781,0.629337622591603,D,394,C394D,0.413900527994897,0
V394,0.557330560080106,0.42109119897301,0.489210879526558,V,394,C394V,0.321742470286555,0
G394,0.324181462677815,0.0420271544162489,0.183104308547032,G,394,C394G,0.12042339002977,0
A394,0.104258061038465,0.181987342880329,0.143122701959397,A,394,C394A,0.094128429292225,0
Q394,0.221389134539616,0.226310725263758,0.223849929901687,Q,394,C394Q,0.147220825280381,0
H394,0.327182438596976,0.188977677497133,0.258080058047054,H,394,C394H,0.169733174143869,0
P394,0.200682291525085,0.24517381979089,0.222928055657987,P,394,C394P,0.146614530308469,0
K395,1.17843115715644,1.07654698330406,1.12748907023025,K,395,G395K,0.741522999300507,1
N395,0.932932350673528,1.0925914436407,1.01276189715712,N,395,G395N,0.666069640394701,1
M395,0.908103297573311,0.880162361883385,0.894132829728348,M,395,G395M,0.588050097494795,0
I395,1.04997730835327,1.02682148129235,1.03839939482281,I,395,G395I,0.68293081862301,1
R395,0.794794111618909,1.00296423638691,0.898879174002909,R,395,G395R,0.591171656306417,0
S395,0.957984996993888,1.00033903818902,0.979162017591455,S,395,G395S,0.643971791174239,0
T395,1.06408437069639,1.10562172290286,1.08485304679963,T,395,G395T,0.713482291139971,1
Y395,0.887239613450284,0.95353262974464,0.920386121597462,Y,395,G395Y,0.605316269063377,0
L395,1.00898427917985,0.821516405728712,0.915250342454284,L,395,G395L,0.601938588113249,0
F395,0.7438359394221,0.820042707320675,0.781939323371387,F,395,G395F,0.51426307149829,0
W395,0.483331955587888,0.685902523376876,0.584617239482382,W,395,G395W,0.384488985578574,0
C395,1.13470215166321,1.00229696778394,1.06849955972357,C,395,G395C,0.702726987957133,1
E395,1.13866882585162,1.16523599748,1.15195241166581,E,395,G395E,0.757611962637867,1
D395,0.992459040899476,1.09021911608495,1.04133907849222,D,395,G395D,0.684864179317221,1
V395,0.708239557742813,0.94133566866414,0.824787613203477,V,395,G395V,0.542443382270349,0
A395,1.0957922579692,1.03916088189134,1.06747656993027,A,395,G395A,0.702054191670402,1
Q395,0.923467782102236,1.02496913220968,0.974218457155959,Q,395,G395Q,0.640720527939728,0
H395,1.05981175443291,0.590278151641074,0.825044953036992,H,395,G395H,0.542612628616257,0
P395,1.06436432297357,0.953836869957985,1.00910059646578,P,395,G395P,0.663661689185534,1
K396,0.870487325580638,0.962256081376253,0.916371703478445,K,396,Y396K,0.602676080841019,0
N396,0.935514931851941,0.982900150401204,0.959207541126573,N,396,Y396N,0.630848202105044,0
M396,0.96376712947477,0.906719397105898,0.935243263290334,M,396,Y396M,0.615087461139662,0
I396,0.806451587126507,0.696880515253284,0.751666051189895,I,396,Y396I,0.494353053583814,0
R396,0.855097982457491,0.750538695794562,0.802818339126026,R,396,Y396R,0.527994708277404,0
S396,0.989662679344569,0.996351728030953,0.993007203687761,S,396,Y396S,0.653077443895032,0
T396,0.86266074817863,0.780660610998214,0.821660679588422,T,396,Y396T,0.540386871698255,0
L396,0.853378773140363,0.880732320663041,0.867055546901702,L,396,Y396L,0.570242006485609,0
F396,1.0474223296602,1.00797986712745,1.02770109839383,F,396,Y396F,0.675894801099751,1
W396,0.89767060023867,0.776695946813253,0.837183273525962,W,396,Y396W,0.55059571603866,0
C396,1.03847206819815,1.09539504378888,1.06693355599351,C,396,Y396C,0.701697064196903,1
E396,0.924787078776391,0.820263201207974,0.872525139992182,E,396,Y396E,0.573839229004651,0
D396,0.782584268862375,0.678356422297198,0.730470345579786,D,396,Y396D,0.480413137347562,0
V396,0.831800861431807,0.777771461076781,0.804786161254294,V,396,Y396V,0.529288898531812,0
G396,0.956635789967375,0.945921213967144,0.951278501967259,G,396,Y396G,0.62563345984791,0
A396,1.09336978817198,1.06565646772381,1.07951312794789,A,396,Y396A,0.70997035231279,1
Q396,0.915840547291553,0.997822922389394,0.956831734840473,Q,396,Y396Q,0.629285690281611,0
H396,1.03291703403147,0.94545272510386,0.989184879567666,H,396,Y396H,0.650563591370277,0
P396,0.12431976169899,0.161230659417637,0.142775210558314,P,396,Y396P,0.0938998923841824,0
K397,0.807088708178385,0.861834965076684,0.834461836627535,K,397,E397K,0.548805891104112,0
N397,0.879274747554122,0.779021518689067,0.829148133121595,N,397,E397N,0.545311193492264,0
M397,0.727548392877877,0.46613744606403,0.596842919470953,M,397,E397M,0.392529527285787,0
I397,0.736892158191092,0.676932477565554,0.706912317878323,I,397,E397I,0.464919577525093,0
R397,0.675115830610692,0.772155546389911,0.723635688500301,R,397,E397R,0.475918144402101,0
S397,0.848564931211013,0.789354395150981,0.818959663180997,S,397,E397S,0.538610476839559,0
T397,0.95429568956397,0.92276633601658,0.938531012790275,T,397,E397T,0.61724973653063,0
Y397,0.689393614945381,0.708007234284478,0.69870042461493,Y,397,E397Y,0.459518808787385,0
L397,0.725101781468253,0.693881123954303,0.709491452711278,L,397,E397L,0.466615813743633,0
F397,0.677717832610479,0.878868459487591,0.778293146049035,F,397,E397F,0.511865066572619,0
W397,0.555483830508266,0.546407465477953,0.55094564799311,W,397,E397W,0.362343973115396,0
C397,0.684330284612686,0.479017742207526,0.581674013410106,C,397,E397C,0.382553295129453,0
D397,0.936771277263746,0.833898296870015,0.885334787066881,D,397,E397D,0.582263832106898,0
V397,0.785425143919737,0.765837996760227,0.775631570339982,V,397,E397V,0.51011461093207,0
G397,0.492100601699541,0.551095031702588,0.521597816701065,G,397,E397G,0.343042595871713,0
A397,0.931279924153337,0.831534651170339,0.881407287661838,A,397,E397A,0.579680808275027,0
Q397,0.956277433432248,1.02177901844438,0.989028225938316,Q,397,E397Q,0.650460563968811,0
H397,1.01001552684317,0.588662029706077,0.799338778274622,H,397,E397H,0.525706283079406,0
P397,0.831771208352212,0.816462549623652,0.824116878987932,P,397,E397P,0.54200225617842,0
K398,0.944403880771859,0.769198334487768,0.856801107629814,K,398,A398K,0.563497903357866,0
N398,0.638710513471527,0.738599201086996,0.688654857279261,N,398,A398N,0.45291207581134,0
M398,0.778525466671948,0.677033472886366,0.727779469779157,M,398,A398M,0.478643411727056,0
I398,0.945349910886216,0.988425804926625,0.96688785790642,I,398,A398I,0.63589936551278,0
R398,0.524526178449014,0.596377865531344,0.560452021990179,R,398,A398R,0.368596091335344,0
S398,1.0004414780684,1.01471932753266,1.00758040280053,S,398,A398S,0.662661893625704,1
T398,0.958722273647329,0.929029171883751,0.94387572276554,T,398,A398T,0.620764826366881,0
Y398,0.679954250062165,0.550326813268131,0.615140531665148,Y,398,A398Y,0.404563435757739,0
L398,0.730143145887442,0.661393768075422,0.695768456981432,L,398,A398L,0.457590522748213,0
F398,0.698265313417362,0.779901361724591,0.739083337570976,F,398,A398F,0.486077699269173,0
W398,0.610097941613109,0.433764032444048,0.521930987028578,W,398,A398W,0.343261714147055,0
C398,0.741447821333384,0.791340152312532,0.766393986822958,C,398,A398C,0.50403926987849,0
E398,0.817922249332988,0.731833140055506,0.774877694694247,E,398,A398E,0.509618804680209,0
D398,0.996030495674176,0.84709666677862,0.921563581226398,D,398,A398D,0.606090656521896,0
V398,0.795325620518982,0.913618685186439,0.85447215285271,V,398,A398V,0.561966204668139,0
G398,0.945189711765958,1.03573581912525,0.990462765445606,G,398,A398G,0.651404026806853,0
Q398,0.927436817232941,0.97590873830106,0.951672777767001,Q,398,A398Q,0.625892765752771,0
H398,0.891124331291578,0.702866863341692,0.796995597316635,H,398,A398H,0.524165228165663,0
P398,0.780374934657709,0.732662010942116,0.756518472799912,P,398,A398P,0.49754437695992,0
K399,0.44219319076226,0.140253329787866,0.291223260275063,K,399,N399K,0.191530677438085,0
I399,0.251332713428274,0.388995061958484,0.320163887693379,I,399,N399I,0.210564246287215,0
R399,0.394503050289435,0.158334259167573,0.276418654728504,R,399,N399R,0.181794037147547,0
S399,0.291388943043558,0.37214611858433,0.331767530813944,S,399,N399S,0.218195689000727,0
T399,0.143806447648099,0.136742717985034,0.140274582816566,T,399,N399T,0.0922552884300027,0
Y399,0.407944716858476,0.0268146620442694,0.217379689451373,Y,399,N399Y,0.142965500566739,0
L399,0.128617109758263,0.044621363532078,0.0866192366451705,L,399,N399L,0.0569674313039065,0
F399,0.426605953349949,0.292728147885692,0.359667050617821,F,399,N399F,0.236544545898994,0
C399,0.017500033184195,0.0936311381117641,0.0555655856479796,C,399,N399C,0.0365441766270645,0
E399,0.385515798834105,0.377528543004295,0.3815221709192,E,399,N399E,0.250918143642733,0
D399,0.376802258556915,0.132554856784102,0.254678557670508,D,399,N399D,0.167496087481182,0
V399,0.423874835775034,0.668744137684171,0.546309486729603,V,399,N399V,0.359294879074374,0
G399,0.59473264797668,0.488961762813932,0.541847205395306,G,399,N399G,0.356360141766406,0
A399,0.450044746520875,0.519822551277908,0.484933648899391,A,399,N399A,0.318929436469111,0
Q399,0.481834247004836,0.246291633558934,0.364062940281885,Q,399,N399Q,0.239435618969552,0
H399,0.589303923958647,0.353001258965387,0.471152591462017,H,399,N399H,0.309865959656509,0
P399,0.342102315373433,0.540673924978716,0.441388120176075,P,399,N399P,0.290290568104342,0
K400,0.178641648446402,0.109924362433625,0.144283005440013,K,400,A400K,0.094891533556171,0
N400,0.332979102881706,0.210840093084602,0.271909597983154,N,400,A400N,0.178828536753698,0
M400,0.268930742514327,0.206071741800493,0.23750124215741,M,400,A400M,0.156198971743641,0
I400,0.372375242117323,0.120641217044646,0.246508229580985,I,400,A400I,0.162122655179106,0
R400,0.322571189570399,0.17551415156249,0.249042670566445,R,400,A400R,0.163789497307079,0
S400,0.4242166068288,0.632371467584697,0.528294037206748,S,400,A400S,0.347446542343973,0
T400,0.109013202027937,0.0113783816843751,0.060195791856156,T,400,A400T,0.0395893541684891,0
Y400,0.104131003144173,0.0040772092730224,0.0541041062085978,Y,400,A400Y,0.0355829960303559,0
L400,0.22420375283643,0.200899619553246,0.212551686194838,L,400,A400L,0.139790236566453,0
F400,0.172148719629327,0.128448102084264,0.150298410856795,F,400,A400F,0.0988477239835866,0
W400,0.395306560494118,0.237154534542408,0.316230547518263,W,400,A400W,0.207977381118468,0
C400,0.5372334130876,0.569548408017769,0.553390910552684,C,400,A400C,0.363952164693592,0
E400,0.490818398813562,0.329766259201776,0.410292329007669,E,400,A400E,0.26983959882966,0
D400,0.225606502569554,0.327057620388437,0.276332061478996,D,400,A400D,0.181737086807371,0
V400,0.143496346135484,0.137470273304891,0.140483309720188,V,400,A400V,0.092392563197178,0
G400,0.311249740650946,0.385803501157564,0.348526620904255,G,400,A400G,0.229217747730554,0
Q400,0.274227208102431,0.109065348053351,0.191646278077891,Q,400,A400Q,0.126041242152419,0
H400,0.219309301025671,0.146897713807737,0.183103507416704,H,400,A400H,0.120422863145227,0
P400,0.259646569738495,0.284137015239735,0.271891792489115,P,400,A400P,0.178816826499743,0
K401,0.188798649347681,0.163003380550558,0.17590101494912,K,401,D401K,0.115685953530741,0
N401,0.300219800056859,0.482005232047913,0.391112516052386,N,401,D401N,0.257225487700654,0
M401,0.190299633719476,0.0985580907658498,0.144428862242663,M,401,D401M,0.0949874601390755,0
I401,0.406339480193018,0.366497060005385,0.386418270099202,I,401,D401I,0.254138192727632,0
R401,0.340200121147662,0.168236377725877,0.254218249436769,R,401,D401R,0.167193353600121,0
S401,0.138447040306056,0.243116626357775,0.190781833331915,S,401,D401S,0.125472717208195,0
T401,0.197181021530536,0.208001420821574,0.202591221176055,T,401,D401T,0.133239473379323,0
Y401,0.0036843740212774,0.117494036701095,0.0605892053611862,Y,401,D401Y,0.0398480929624321,0
L401,0.32757476491582,0.353674493658613,0.340624629287217,L,401,D401L,0.22402079400477,0
F401,0.454622222512846,0.145832042124627,0.300227132318736,F,401,D401F,0.197452311961584,0
W401,0.37725365653848,0.351831811382532,0.364542733960506,W,401,D401W,0.23975116796866,0
C401,0.470396045295522,0.145964091974204,0.308180068634863,C,401,D401C,0.202682770815767,0
E401,0.578856653204449,0.589684490871664,0.584270572038057,E,401,D401E,0.38426099056748,0
V401,0.233031574313287,0.12577782886347,0.179404701588378,V,401,D401V,0.117990245691037,0
G401,0.101327683926537,0.20577863618905,0.153553160057794,G,401,D401G,0.100988295855386,0
A401,0.333543023780677,0.318066533998712,0.325804778889694,A,401,D401A,0.214274127534902,0
Q401,0.309655250152692,0.208662929241424,0.259159089697058,Q,401,D401Q,0.170442827839481,0
H401,0.249721403763304,0.266797181281375,0.258259292522339,H,401,D401H,0.169851052435731,0
P401,0.351045043557022,0.16337548028184,0.257210261919431,P,401,D401P,0.169161129722008,0
N402,0.746347848141711,0.569667464186313,0.658007656164012,N,402,Y402N,0.432756133646415,0
M402,0.657381501327617,0.59580922956721,0.626595365447413,M,402,Y402M,0.412097010075208,0
I402,0.260047019165141,0.17505105353726,0.2175490363512,I,402,Y402I,0.14307687603316,0
R402,0.487796200567326,0.516730166971105,0.502263183769215,R,402,Y402R,0.330326663291478,0
S402,0.572338120536889,0.488697215756809,0.530517668146849,S,402,Y402S,0.348908972027397,0
T402,0.411297687134025,0.383254375617811,0.397276031375918,T,402,Y402T,0.26127908652446,0
L402,0.607610557163488,0.672727925088725,0.640169241126107,L,402,Y402L,0.421024228326062,0
F402,0.847112477455586,0.711746273730147,0.779429375592867,F,402,Y402F,0.512612337975493,0
W402,0.700165390178902,0.699934457902478,0.70004992404069,W,402,Y402W,0.460406342767239,0
C402,0.255667151471954,0.0072176185042016,0.131442384988078,C,402,Y402C,0.0864465599934083,0
E402,0.233370322043306,0.427217400735062,0.330293861389184,E,402,Y402E,0.217226491337816,0
D402,0.324143038894162,0,0.162071519447081,D,402,Y402D,0.106590620144147,0
V402,0.584978283840541,0.259456527466566,0.422217405653554,V,402,Y402V,0.277682440800216,0
G402,0.6841153385842,0.582709966853453,0.633412652718827,G,402,Y402G,0.416580579307112,0
A402,0.557745868938617,0.425480273868424,0.491613071403521,A,402,Y402A,0.323322335291488,0
Q402,0.672524832391909,0.463264475017202,0.567894653704555,Q,402,Y402Q,0.373490934875074,0
H402,0.864697135165435,1.19108143860679,1.02788928688611,H,402,Y402H,0.676018568237645,1
P402,0.36340360716863,0.519912631809107,0.441658119488869,P,402,Y402P,0.290468140291531,0
K403,0.216577567105313,0.0645799756171564,0.140578771361235,K,403,N403K,0.0924553460695413,0
M403,0.289631983034157,0.112127578665883,0.20087978085002,M,403,N403M,0.132113899396219,0
I403,0.119982440953773,0.269616890334644,0.194799665644209,I,403,N403I,0.128115150865038,0
R403,0.244053322743278,0.309449729439653,0.276751526091466,R,403,N403R,0.182012958800947,0
S403,0.387653260051776,0.433359308495214,0.410506284273495,S,403,N403S,0.269980312167483,0
T403,0.49499911714158,0.355038019639132,0.425018568390356,T,403,N403T,0.279524699540425,0
Y403,0.328063597443512,0.260325341726867,0.29419446958519,Y,403,N403Y,0.193484771803492,0
L403,0.360730266754229,0.225521290978072,0.293125778866151,L,403,N403L,0.192781919094557,0
F403,0.181439664440795,0.194286714707205,0.187863189574,F,403,N403F,0.123553193968101,0
W403,0.25242361298313,0.220136484180771,0.236280048581951,W,403,N403W,0.155395821498809,0
C403,0.768146481287173,0.694732494612605,0.731439487949889,C,403,N403C,0.481050519452633,0
E403,0.208309418218911,0.0519089990012102,0.130109208610061,E,403,N403E,0.0855697612975045,0
D403,0.598435982132588,0.519803540672274,0.559119761402431,D,403,N403D,0.367719894933125,0
V403,0.384599583159816,0.28068327419316,0.332641428676488,V,403,N403V,0.218770431037015,0
G403,0.405990437750411,0.400819220131499,0.403404828940955,G,403,N403G,0.26530985229641,0
A403,0.7256826996388,0.603005004991713,0.664343852315256,A,403,N403A,0.43692330058247,0
Q403,0.73450342531225,0.995036688035649,0.86477005667395,Q,403,N403Q,0.568738893406022,0
H403,0.500968458979757,0.23855512624112,0.369761792610439,H,403,N403H,0.243183619888423,0
P403,0.221722500792317,0.221127774027783,0.22142513741005,P,403,N403P,0.145626096383619,0
K404,0.147485488992957,0.247654938054245,0.197570213523601,K,404,A404K,0.129937274934775,0
N404,0.268994793977295,0.212496848172045,0.24074582107467,N,404,A404N,0.158332854859423,0
M404,0.23737316101319,0.177116330348714,0.207244745680952,M,404,A404M,0.136299986815151,0
I404,0.228422946871725,0.211823204629751,0.220123075750738,I,404,A404I,0.144769761105184,0
R404,0.286342205852942,0.22834266903131,0.257342437442126,R,404,A404R,0.169248058449399,0
S404,0.447230753091567,0.502533620078461,0.474882186585014,S,404,A404S,0.312318826504448,0
T404,0.310194709597983,0.376714075305526,0.343454392451755,T,404,A404T,0.225881862572512,0
Y404,0.372838571771551,0.178964527931054,0.275901549851302,Y,404,A404Y,0.181453949452136,0
L404,0.195338208245204,0.196269028331101,0.195803618288152,L,404,A404L,0.128775426867128,0
F404,0.268716765466872,0.158045767118407,0.213381266292639,F,404,A404F,0.140335831852938,0
W404,0.350260817962703,0.320141806062533,0.335201312012618,W,404,A404W,0.220454005999634,0
C404,0.179876922076469,0.42051177335078,0.300194347713624,C,404,A404C,0.197430750299165,0
E404,0.284029555194677,0.172801826827827,0.228415691011252,E,404,A404E,0.150223618798693,0
D404,0.169160824629085,0.163574230011172,0.166367527320129,D,404,A404D,0.10941600331384,0
V404,0.412808939602248,0.217950457502475,0.315379698552361,V,404,A404V,0.2074177977985,0
G404,0.837370221147003,0.893242904806768,0.865306562976885,G,404,A404G,0.569091740962065,0
Q404,0.203970040231226,0.312735868966936,0.258352954599081,Q,404,A404Q,0.169912651777046,0
H404,0.125823113084259,0.177604029228542,0.1517135711564,H,404,A404H,0.0997784415732833,0
P404,0.396943449793942,0.444598180624184,0.420770815209063,P,404,A404P,0.276731052344682,0
K406,1.00934888366078,0.872269666030669,0.940809274845724,K,406,R406K,0.61874809581158,0
N406,0.648473022643006,0.643869849481962,0.646171436062484,N,406,R406N,0.424971730531737,0
M406,0.781645190609564,0.949689712730495,0.865667451670029,M,406,R406M,0.569329088953473,0
I406,0.860497538588069,0.688052085452061,0.774274812020065,I,406,R406I,0.509222302948539,0
S406,0.747000957774601,0.709811194396568,0.728406076085584,S,406,R406S,0.479055515932756,0
T406,0.756762033161114,0.878950695906942,0.817856364534028,T,406,R406T,0.537884863311742,0
Y406,0.741762047397689,0.685853796489906,0.713807921943797,Y,406,R406Y,0.469454653867407,0
L406,0.922915400734282,0.914892732569994,0.918904066652138,L,406,R406L,0.604341556441143,0
F406,0.532025314401173,0.687273493698829,0.609649404050001,F,406,R406F,0.400952050489149,0
W406,0.376577244691618,0.451385055771229,0.413981150231424,W,406,R406W,0.272265649644648,0
C406,0.872097398383437,0.720287829739728,0.796192614061583,C,406,R406C,0.523637124996066,0
E406,0.277594614483853,0.334162257321183,0.305878435902518,E,406,R406E,0.201169041191205,0
D406,0.388276452958607,0.431462032470063,0.409869242714335,D,406,R406D,0.269561344941902,0
V406,0.604466178942519,0.790039457762953,0.697252818352736,V,406,R406V,0.458566752252478,0
G406,0.433889974258668,0.510031529041265,0.471960751649967,G,406,R406G,0.310397467572911,0
A406,0.680163171899769,0.572138641802553,0.626150906851161,A,406,R406A,0.411804700127325,0
Q406,0.9141591432066,0.852233701855309,0.883196422530954,Q,406,R406Q,0.580857480128732,0
H406,0.814447217773952,0.863690812153174,0.839069014963563,H,406,R406H,0.551835923756532,0
P406,0.397636403387747,0.309294018312409,0.353465210850078,P,406,R406P,0.232465741991105,0
K407,0.360615351680806,0.522835795244431,0.441725573462618,K,407,N407K,0.290512503180937,0
M407,0.212559756181193,0.141878782285407,0.1772192692333,M,407,N407M,0.116552938317073,0
I407,0.643934775136264,0.453933681139769,0.548934228138017,I,407,N407I,0.361021109663161,0
R407,0.343456456574865,0.173711287165776,0.25858387187032,R,407,N407R,0.170064520626227,0
S407,0.72716856617109,0.662109211466838,0.694638888818964,S,407,N407S,0.456847632378929,0
T407,0.555129554285376,0.677421924879521,0.616275739582449,T,407,N407T,0.405310035260912,0
Y407,0.480837692202344,0.385507301189513,0.433172496695929,Y,407,N407Y,0.284887346090955,0
L407,0.416624226432083,0.278581021542529,0.347602623987306,L,407,N407L,0.228610056726453,0
F407,0.317531310479072,0.0651142910859061,0.191322800782489,F,407,N407F,0.125828498755941,0
W407,0.124326960131938,0.151371877404464,0.137849418768201,W,407,N407W,0.0906603151691337,0
C407,0.735685360673812,0.515642248281098,0.625663804477455,C,407,N407C,0.411484344371643,0
E407,0.40654764591033,0.0724606168696605,0.239504131389995,E,407,N407E,0.157516224806422,0
D407,0.561428850861207,0.19636552287415,0.378897186867679,D,407,N407D,0.24919175347329,0
V407,0.613375997793044,0.552717103738055,0.58304655076555,V,407,N407V,0.383455980612916,0
G407,0.887406369833989,0.810179155443618,0.848792762638804,G,407,N407G,0.55823100352357,0
A407,0.257527515360003,0.302644824506564,0.280086169933284,A,407,N407A,0.184206075495798,0
Q407,0.68816319782153,0.551563174828693,0.619863186325112,Q,407,N407Q,0.407669414467938,0
H407,0.293249780275635,0.0687404447949008,0.180995112535268,H,407,N407H,0.119036221502774,0
P407,0.110524249646852,0.219406509465047,0.16496537955595,P,407,N407P,0.108493843762134,0
K408,0.510596922825056,0.447694548419237,0.479145735622146,K,408,I408K,0.315122862262447,0
N408,0.777221946237272,0.482804103818864,0.630013025028068,N,408,I408N,0.414344724265749,0
M408,0.886259057605616,0.89852814856808,0.892393603086848,M,408,I408M,0.586906249106619,0
R408,0.207275034325348,0.128635730008767,0.167955382167057,R,408,I408R,0.11046029803885,0
S408,0.735317057172391,0.579687877819173,0.657502467495782,S,408,I408S,0.432423882960915,0
T408,0.678129046145157,0.740099290167817,0.709114168156487,T,408,I408T,0.466367682580285,0
Y408,0.291120945934942,0.164227475631087,0.227674210783015,Y,408,I408Y,0.1497359647209,0
L408,1.02277321601526,0.969011487559657,0.995892351787458,L,408,I408L,0.65497493782983,0
F408,0.176317112516952,0.109890154522893,0.143103633519923,F,408,I408F,0.0941158884288108,0
W408,0.261381251886351,0.206247430490052,0.233814341188201,W,408,I408W,0.153774183834829,0
C408,1.02379528603523,1.01220674626302,1.01800101614913,C,408,I408C,0.669515285528853,1
E408,0.24086792662198,0.258748202703352,0.249808064662666,E,408,I408E,0.164292878972465,0
D408,0.676867417475927,0.634797029611069,0.655832223543498,D,408,I408D,0.431325402862293,0
V408,0.871855479504577,0.924027796900132,0.897941638202355,V,408,I408V,0.590555061097528,0
G408,0.455098611498047,0.331374608968565,0.393236610233306,G,408,I408G,0.258622454402523,0
A408,0.660162815684699,0.670559635981941,0.66536122583332,A,408,I408A,0.437592403177292,0
Q408,0.762436948137139,0.808030487528746,0.785233717832942,Q,408,I408Q,0.516429717123966,0
H408,0.253226757549987,0.233766693244869,0.243496725397428,H,408,I408H,0.16014205982474,0
P408,0.381985170524179,0.400108190961693,0.391046680742936,P,408,I408P,0.257182189368624,0
K409,0.386684430145098,0.315148457037336,0.350916443591217,K,409,A409K,0.230789477810625,0
N409,0.380092354210986,0.380737729821757,0.380415042016371,N,409,A409N,0.250190011045873,0
M409,0.512665220469227,0.395325174533629,0.453995197501428,M,409,A409M,0.298581945854727,0
I409,0.183393650586283,0.447188667990829,0.315291159288556,I,409,A409I,0.207359567610566,0
R409,0.314267611632403,0.289335860733918,0.30180173618316,R,409,A409R,0.198487891827577,0
S409,0.972840653455266,0.977747026907383,0.975293840181324,S,409,A409S,0.641427782020872,0
T409,0.846716953676536,0.895754243765038,0.871235598720787,T,409,A409T,0.572991128090385,0
Y409,0.339365817906061,0.254383767602795,0.296874792754428,Y,409,A409Y,0.195247557206939,0
L409,0.20724620671216,0.240877334509852,0.224061770611006,L,409,A409L,0.147360147924206,0
F409,0.205628714108016,0.221968555037785,0.2137986345729,F,409,A409F,0.140610325138207,0
W409,0.200385978902415,0.126999528553641,0.163692753728028,W,409,A409W,0.107656867736535,0
C409,0.788242644418109,0.74983806824452,0.769040356331315,C,409,A409C,0.50577972475908,0
E409,0.401024377776222,0.238681934410493,0.319853156093358,E,409,A409E,0.210359885434317,0
D409,0.239408562929454,0.223358064076674,0.231383313503064,D,409,A409D,0.152175354198195,0
V409,0.334707966344228,0.334172635483179,0.334440300913703,V,409,A409V,0.219953506928319,0
G409,1.00829487844453,0.979136360331342,0.993715619387937,G,409,A409G,0.653543352211676,0
Q409,0.22779180160081,0.372250568290353,0.300021184945581,Q,409,A409Q,0.197316865226114,0
H409,0.240833500759099,0.214279025262852,0.227556263010976,H,409,A409H,0.149658393249927,0
P409,0.375611982794273,0.0574864388820182,0.216549210838146,P,409,A409P,0.142419314347826,0
K410,0.598099630973566,0.675466143888341,0.636782887430954,K,410,I410K,0.41879710327889,0
N410,1.13381912868472,1.13119866615666,1.13250889742069,N,410,I410N,0.744824421382998,1
M410,0.930233227820173,0.823887026778607,0.87706012729939,M,410,I410M,0.576821783318143,0
R410,0.875091050341929,0.888349605190153,0.881720327766041,R,410,I410R,0.57988668737674,0
S410,0.970494479175574,0.943143581556437,0.956819030366005,S,410,I410S,0.629277334848054,0
T410,1.0434682252868,1.01784159023012,1.03065490775846,T,410,I410T,0.677837451930925,1
Y410,0.833245297307316,0.949355420454178,0.891300358880747,Y,410,I410Y,0.586187248147691,0
L410,1.03008258732529,0.987719813410211,1.00890120036775,L,410,I410L,0.663530551069375,1
F410,0.837520924208611,1.00126468662463,0.919392805416621,F,410,I410F,0.604662988412487,0
W410,0.642941759709928,0.801784374404047,0.722363067056988,W,410,I410W,0.475081171260155,0
C410,0.93842140646679,0.939341515037115,0.938881460751952,C,410,I410C,0.617480217898923,0
E410,0.914647096705702,0.804752592135416,0.859699844420559,E,410,I410E,0.565404334254635,0
D410,0.987448244289412,0.890295770215269,0.938872007252341,D,410,I410D,0.617474000554941,0
V410,0.99551031764886,0.941582929258131,0.968546623453495,V,410,I410V,0.636990296534712,0
G410,0.951987512832929,0.886720591941637,0.919354052387283,G,410,I410G,0.604637501458063,0
A410,0.953426386728039,0.926924456571029,0.940175421649534,A,410,I410A,0.618331225497211,0
Q410,1.07070133370812,1.07734532861274,1.07402333116043,Q,410,I410Q,0.706359842298218,1
H410,1.04151586384889,1.15421507886724,1.09786547135806,H,410,I410H,0.722040256216092,1
P410,0.392639245342737,0.302486234767449,0.347562740055093,P,410,I410P,0.228583826003851,0
K411,0.950326053940757,0.89620196135859,0.923264007649673,K,411,P411K,0.607208986920629,0
N411,0.887280137777198,0.827307417194711,0.857293777485955,N,411,P411N,0.563821920715583,0
M411,1.08566785074556,1.19253079431535,1.13909932253046,M,411,P411M,0.749158788715768,1
I411,1.07550785675251,1.07241316795118,1.07396051235184,I,411,P411I,0.706318527847738,1
R411,0.946834433762687,0.916616868060168,0.931725650911428,R,411,P411R,0.612774010348471,0
S411,1.02360576424244,0.945614409315502,0.984610086778971,S,411,P411S,0.647554857929377,0
T411,0.974793647801981,0.979833808341737,0.977313728071859,T,411,P411T,0.64275621470052,0
Y411,0.899760286728053,0.941694915620542,0.920727601174297,Y,411,P411Y,0.605540852136243,0
L411,1.0396906295562,1.05014703750754,1.04491883353187,L,411,P411L,0.687218499872382,1
F411,0.954887915476554,0.858302184365443,0.906595049920999,F,411,P411F,0.596246206121649,0
W411,0.969494784783612,1.05347207294457,1.01148342886409,W,411,P411W,0.665228821917441,1
C411,1.13885462347958,1.0940186824247,1.11643665295214,C,411,P411C,0.734254084837406,1
E411,1.1007218333117,1.01623349473804,1.05847766402487,E,411,P411E,0.69613582325905,1
D411,1.03621568301918,0.960419883612609,0.998317783315896,D,411,P411D,0.656570087006042,0
V411,1.04245797809509,0.949476855955403,0.995967417025246,V,411,P411V,0.655024306468283,0
G411,1.08201748604332,1.06872763347116,1.07537255975724,G,411,P411G,0.707247198160252,1
A411,0.977654974329116,0.87405787585497,0.925856425092043,A,411,P411A,0.60891395879846,0
Q411,0.973240011173335,0.816348276906581,0.894794144039958,Q,411,P411Q,0.588485028337827,0
H411,0.899731528264844,1.03617156857447,0.967951548419659,H,411,P411H,0.63659892970416,0
K412,0.698442259604221,0.58969361004939,0.644067934826805,K,412,N412K,0.42358830732481,0
M412,0.974957956216908,1.00741640401553,0.991187180116217,M,412,N412M,0.651880457269438,0
I412,0.923582450165676,0.920518538838728,0.922050494502202,I,412,N412I,0.606410887912343,0
R412,0.916911835006705,0.796981363658542,0.856946599332624,R,412,N412R,0.563593589823207,0
S412,1.11623447434889,1.06969579925921,1.09296513680405,S,412,N412S,0.718817421625489,1
T412,0.956487655753266,0.956173239713847,0.956330447733557,T,412,N412T,0.628956005561071,0
Y412,0.94517197780987,0.934858045640547,0.940015011725209,Y,412,N412Y,0.618225727669033,0
L412,1.01044068869801,0.967779377003846,0.989110032850927,L,412,N412L,0.65051436644797,0
F412,0.946550698392395,0.948897333051685,0.94772401572204,F,412,N412F,0.623295757983546,0
W412,0.837083015211855,0.762880107960134,0.799981561585994,W,412,N412W,0.526129026520149,0
C412,0.990261777988423,0.957598245655679,0.973930011822051,C,412,N412C,0.640530824239017,0
E412,0.959118118119805,0.989520081883598,0.974319100001701,E,412,N412E,0.640786718368357,0
D412,0.986036041259413,1.04381644816275,1.01492624471108,D,412,N412D,0.667493080791701,1
V412,0.913938554424994,0.979136235715719,0.946537395070356,V,412,N412V,0.622515345536188,0
G412,0.959131699659585,0.979099929427981,0.969115814543783,G,412,N412G,0.637364640105386,0
A412,1.09130670513678,1.04781499979864,1.06956085246771,A,412,N412A,0.703424975192265,1
Q412,0.924511988825036,0.826192837112917,0.875352412968976,Q,412,N412Q,0.575698659834579,0
H412,1.03492567138363,1.10481240986238,1.069869040623,H,412,N412H,0.703627663281483,1
P412,0.331261044815825,0.434129973056855,0.38269550893634,P,412,N412P,0.251689820414274,0
K413,0.237918155160064,0.153943521317652,0.195930838238858,K,413,I413K,0.128859096431569,0
N413,0.28888086693527,0.0787563500600919,0.183818608497681,N,413,I413N,0.120893168279326,0
M413,0.93026917821321,0.643110686133262,0.786689932173236,M,413,I413M,0.517387434989043,0
R413,0.212245780317693,0.293161734524641,0.252703757421167,R,413,I413R,0.16619730788094,0
S413,0.534312928452671,0.630046996351212,0.582179962401942,S,413,I413S,0.382886045861877,0
T413,0.697191061452554,0.37311143612895,0.535151248790752,T,413,I413T,0.351956368855702,0
Y413,0.0384535191080038,0.0816378375192224,0.0600456783136131,Y,413,I413Y,0.0394906280280403,0
L413,0.773816730058166,0.869878578925617,0.821847654491891,L,413,I413L,0.540509840687379,0
F413,0.783833601454646,0.391256633357458,0.587545117406052,F,413,I413F,0.38641458191194,0
W413,0.513581457608157,0.209994923334771,0.361788190471464,W,413,I413W,0.237939569609413,0
C413,0.875445322022871,0.597033715263235,0.736239518643053,C,413,I413C,0.484207386556988,0
E413,0.493314901717195,0.131297653174636,0.312306277445915,E,413,I413E,0.205396481142632,0
D413,0.165731578248308,0.168447749377711,0.167089663813009,D,413,I413D,0.109890935472601,0
V413,0.903732741771428,0.812830302443201,0.858281522107315,V,413,I413V,0.564471537083061,0
G413,0.568523198685399,0.690458425190879,0.629490811938139,G,413,I413G,0.41400127701917,0
A413,0.973929018860712,0.997583291538427,0.985756155199569,A,413,I413A,0.648308600129709,0
Q413,0.252669178307414,0.302085562816767,0.277377370562091,Q,413,I413Q,0.182424561965187,0
H413,0.146133385780742,0.308859074715543,0.227496230248142,H,413,I413H,0.149618911116106,0
P413,0.55743169286026,0.608388302136272,0.582909997498266,P,413,I413P,0.383366172746043,0
K414,0.465074794935102,1.06313231794061,0.764103556437854,K,414,D414K,0.502532907773796,0
N414,0.854941051098842,0.71590862104719,0.785424836073016,N,414,D414N,0.516555411087963,0
M414,0.945609970271842,0.956097984782007,0.950853977526924,M,414,D414M,0.625354260124751,0
I414,0.520806134630227,0.606948391446458,0.563877263038343,I,414,D414I,0.370848791678455,0
R414,0.885853249905907,0.817137727930185,0.851495488918046,R,414,D414R,0.560008522924678,0
S414,1.05709628322187,0.973556199742833,1.01532624148235,S,414,D414S,0.667756149244757,1
T414,0.97389807724331,1.02193353293836,0.997915805090837,T,414,D414T,0.65630571539751,0
Y414,0.605943068203051,0.712300975633516,0.659122021918284,Y,414,D414Y,0.433489025749979,0
L414,0.541623118780309,0.530628293784001,0.536125706282155,L,414,D414L,0.352597246590834,0
F414,0.894835030151838,0.617080244846162,0.755957637499,F,414,D414F,0.497175528795068,0
W414,1.14303088808309,1.09889542300158,1.12096315554234,W,414,D414W,0.737231058952411,1
C414,0.875121388951504,0.647397565515522,0.761259477233513,C,414,D414C,0.500662423883943,0
E414,0.893949712288715,0.711070209515445,0.80250996090208,E,414,D414E,0.527791895184508,0
V414,0.866394425315181,0.979881352151809,0.923137888733495,V,414,D414V,0.607126041480657,0
G414,0.879387256084734,1.06132065496625,0.970353955525493,G,414,D414G,0.63817893626005,0
A414,1.09794737233574,1.03820732176341,1.06807734704958,A,414,D414A,0.702449308628237,1
Q414,0.603018462742498,0.746759928687401,0.674889195714949,Q,414,D414Q,0.443858724501744,0
H414,0.6443352087398,0.601403929638266,0.622869569189033,H,414,D414H,0.409646641651032,0
P414,1.09585757538692,1.00909044403943,1.05247400971317,P,414,D414P,0.692187361256605,1
N415,0.879357858355773,0.956493548644282,0.917925703500027,N,415,K415N,0.603698110044975,0
M415,0.929930776907979,0.970546498899433,0.950238637903706,M,415,K415M,0.624949565751169,0
I415,0.952375503845496,0.914370832970607,0.933373168408051,I,415,K415I,0.61385754379261,0
R415,0.997038563250232,0.996537865800412,0.996788214525322,R,415,K415R,0.655564125647152,0
S415,0.943503197555546,0.981944802432169,0.962723999993857,S,415,K415S,0.633160894258816,0
T415,0.980590053874723,0.890046360640014,0.935318207257368,T,415,K415T,0.615136750021196,0
Y415,1.0740327628767,0.599946737700756,0.836989750288729,Y,415,K415Y,0.55046844036469,0
L415,1.01816814095033,1.03194226395795,1.02505520245414,L,415,K415L,0.674154657674116,1
F415,0.828813220642207,0.735989056411591,0.782401138526899,F,415,K415F,0.5145667964463,0
W415,0.828130436310226,0.96883395094097,0.898482193625598,W,415,K415W,0.590910571664606,0
C415,0.770573870678146,0.927234179173857,0.848904024926001,C,415,K415C,0.558304178108663,0
E415,0.810855359887271,0.822579627571598,0.816717493729434,E,415,K415E,0.537135854813889,0
D415,0.99428080569966,1.08985209802122,1.04206645186044,D,415,K415D,0.68534255564552,1
V415,0.988331190978452,0.990561761281328,0.98944647612989,V,415,K415V,0.650735637266374,0
G415,0.976067886584658,1.01077011125234,0.993418998918499,G,415,K415G,0.653348271916923,0
A415,1.06628413130148,1.03052065143217,1.04840239136683,A,415,K415A,0.6895095537923,1
Q415,0.9545904574719,1.04885956868918,1.00172501308054,Q,415,K415Q,0.658810941752305,1
H415,0.889238813578031,0.689388969389647,0.789313891483839,H,415,K415H,0.519113151210526,0
P415,0.646870368228229,0.682267265665289,0.664568816946759,P,415,K415P,0.437071254520733,0
K416,0.846041688682994,0.923642178367766,0.88484193352538,K,416,I416K,0.581939693943647,0
N416,1.0611712984134,0.88220014483761,0.971685721625505,N,416,I416N,0.639054807449335,0
M416,0.999759191499334,0.897283578712002,0.948521385105668,M,416,I416M,0.623820169042163,0
R416,0.846321408023254,0.870769584439406,0.85854549623133,R,416,I416R,0.564645146645535,0
S416,1.04045294371234,1.02300450856698,1.03172872613966,S,416,I416S,0.678543676982462,1
T416,0.764392458642901,0.981462592458191,0.872927525550546,T,416,I416T,0.574103868506701,0
Y416,0.951371851037084,1.00385339400064,0.97761262251886,Y,416,I416Y,0.642952790536745,0
L416,1.0183790105695,1.04087188135159,1.02962544596055,L,416,I416L,0.677160399159233,1
F416,1.00353512595381,1.08072189538926,1.04212851067153,F,416,I416F,0.685383370263548,1
W416,0.925633262534639,0.826759339645854,0.876196301090246,W,416,I416W,0.576253665171022,0
C416,0.759765591638353,0.810116056745632,0.784940824191993,C,416,I416C,0.51623708787651,0
E416,1.03675277849578,0.933507095689058,0.985129937092419,E,416,I416E,0.647896751233528,0
D416,0.949413042914854,0.992670783425687,0.971041913170271,D,416,I416D,0.638631389795625,0
V416,1.05537756413908,0.993497950411398,1.02443775727524,V,416,I416V,0.673748578526167,1
G416,1.03502310214627,0.904452306158171,0.96973770415222,G,416,I416G,0.637773642249937,0
A416,1.05169263029996,1.05680380568605,1.054248217993,A,416,I416A,0.693354216244188,1
Q416,0.866407288697791,0.923738610723455,0.895072949710623,Q,416,I416Q,0.588668392259121,0
H416,0.995739257843995,1.14720437315033,1.07147181549716,H,416,I416H,0.704681770556907,1
P416,0.325467830278609,0.24702683246508,0.286247331371844,P,416,I416P,0.188258126224913,0
K417,0.189598224291684,0.116666499338725,0.153132361815205,K,417,I417K,0.100711546764699,0
N417,0.473597764150053,0.208214813297266,0.340906288723659,N,417,I417N,0.224206034780584,0
M417,0.741063181896396,0.810946183128365,0.77600468251238,M,417,I417M,0.510359998017814,0
R417,0.225293058415762,0.20638282202723,0.215837940221496,R,417,I417R,0.141951528419874,0
S417,0.182558317188168,0.238671331349391,0.210614824268779,S,417,I417S,0.138516408107655,0
T417,0.554455671502074,0.799457936503311,0.676956804002692,T,417,I417T,0.445218541762405,0
Y417,0.290297651922168,0.415411240149714,0.352854446035941,Y,417,I417Y,0.232064056361679,0
L417,0.776288509063347,0.595446052128216,0.685867280595781,L,417,I417L,0.45107875229833,0
F417,0.157383045504092,0.378729159791144,0.268056102647618,F,417,I417F,0.176294183654902,0
W417,0.238715233624835,0.246304353263192,0.242509793444014,W,417,I417W,0.159492977929824,0
C417,0.617138054042286,0.597722200980508,0.607430127511397,C,417,I417C,0.399492484593006,0
E417,0.162848885420169,0.238619642047468,0.200734263733818,E,417,I417E,0.132018196217088,0
D417,0.162641901327802,0.440961660276136,0.301801780801969,D,417,I417D,0.198487921172316,0
V417,0.955077336703951,1.08766678098897,1.02137205884646,V,417,I417V,0.671732340893464,1
G417,0.316624079277337,0.174405628651717,0.245514853964527,G,417,I417G,0.161469335438812,0
A417,0.268988132770946,0.256563680150265,0.262775906460605,A,417,I417A,0.172821523017323,0
Q417,0.396248630490191,0.442088162930103,0.419168396710147,Q,417,I417Q,0.27567717944886,0
H417,0.507688767575827,0.504637465849887,0.506163116712857,H,417,I417H,0.332891557311116,0
P417,0.270961784140597,0.343882219129573,0.307422001635085,P,417,I417P,0.202184208009095,0
K418,0.816635457820908,0.949595718856749,0.883115588338829,K,418,A418K,0.580804317384921,0
N418,0.997651765838728,0.886062522024729,0.941857143931729,N,418,A418N,0.619437254623,0
M418,0.802304800047865,0.993046739648072,0.897675769847968,M,418,A418M,0.590380205744364,0
I418,0.921275352105813,0.893334788438013,0.907305070271913,I,418,A418I,0.59671316977928,0
R418,0.962113186562916,1.00028675845972,0.981199972511318,R,418,A418R,0.64531210611344,0
S418,1.03791144162856,1.03287646718857,1.03539395440856,S,418,A418S,0.680954211266862,1
T418,1.00321750318055,0.961292032694852,0.982254767937703,T,418,A418T,0.646005820215752,0
Y418,1.05394829614543,0.76468443036091,0.909316363253168,Y,418,A418Y,0.59803594978958,0
L418,1.02649828275794,1.00306951303808,1.01478389789801,L,418,A418L,0.667399462646252,1
F418,1.04114254782991,0.963176304478784,1.00215942615435,F,418,A418F,0.659096644996737,1
W418,0.703956417609902,0.454198802981119,0.579077610295511,W,418,A418W,0.380845701968896,0
C418,1.03126264569002,1.17888390306911,1.10507327437956,C,418,A418C,0.726780658456779,1
E418,1.07158286887381,1.08689457293122,1.07923872090252,E,418,A418E,0.709789881263727,1
D418,0.937230068173514,0.870060777288865,0.90364542273119,D,418,A418D,0.594306305808328,0
V418,1.06254489678046,1.07394828375532,1.06824659026789,V,418,A418V,0.702560615905767,1
G418,0.991344653390883,0.981861572030032,0.986603112710458,G,418,A418G,0.648865624131392,0
Q418,1.01379812803098,1.02253241932641,1.0181652736787,Q,418,A418Q,0.669623313836355,1
H418,1.0447390181089,0.703928114833979,0.874333566471439,H,418,A418H,0.57502858849586,0
P418,0.958412120405983,0.922837384110278,0.94062475225813,P,418,A418P,0.618626739652834,0
K419,1.03716398530011,0.878722875846452,0.95794343057328,K,419,E419K,0.630016826374959,0
N419,0.934009675576478,1.01111801788265,0.972563846729564,N,419,E419N,0.639632329642778,0
M419,0.895506576140695,0.952032200303809,0.923769388222252,M,419,E419M,0.607541363817098,0
I419,1.07242984656188,1.01712017921102,1.04477501288645,I,419,E419I,0.687123912422118,1
R419,0.877183495717872,0.990427022513444,0.933805259115658,R,419,E419R,0.614141719671503,0
S419,1.04476381089303,0.962878438071134,1.00382112448208,S,419,E419S,0.660189504839413,1
T419,1.03229501772814,1.04501005514428,1.03865253643621,T,419,E419T,0.683097303898453,1
Y419,0.655115704744394,0.922881143759989,0.788998424252191,Y,419,E419Y,0.518905675844272,0
L419,0.915510415666211,0.882953222986711,0.899231819326461,L,419,E419L,0.591403582827848,0
F419,0.798330255212771,0.987919481681656,0.893124868447213,F,419,E419F,0.587387185106461,0
W419,0.934827407006129,0.853256812313685,0.894042109659907,W,419,E419W,0.587990433043029,0
C419,0.966831796576668,0.88386651306697,0.925349154821819,C,419,E419C,0.608580339092368,0
D419,1.0103744843227,1.00986691945762,1.01012070189016,D,419,E419D,0.66433258849078,1
V419,0.983058654042961,1.0104670327359,0.996762843389428,V,419,E419V,0.655547439648785,0
G419,0.970344649367121,0.982511619487806,0.976428134427464,G,419,E419G,0.642173780624047,0
A419,0.884733190746081,0.986938312404951,0.935835751575516,A,419,E419A,0.615477126726565,0
Q419,0.945258664341263,0.960628362516467,0.952943513428865,Q,419,E419Q,0.626728498660684,0
H419,1.01303855823607,0.958809158518454,0.985923858377263,H,419,E419H,0.648418894558807,0
P419,0.906419137828888,0.834520116863162,0.870469627346025,P,419,E419P,0.572487366762503,0
K420,1.02660470885721,1.12504283894353,1.07582377390037,K,420,S420K,0.707543951072165,1
N420,0.723653681831233,0.967521760488228,0.845587721159731,N,420,S420N,0.556123123249432,0
M420,1.00343151439357,0.928804841604914,0.96611817799924,M,420,S420M,0.635393165170495,0
I420,1.12688669181707,1.10018946022497,1.11353807602102,I,420,S420I,0.732347759076546,1
R420,0.979921305312684,1.01141512220922,0.995668213760952,R,420,S420R,0.6548275275302,0
T420,0.772111595268265,0.832098727531193,0.802105161399729,T,420,S420T,0.527525668088367,0
Y420,1.00472352760331,1.09476597606264,1.04974475183298,Y,420,S420Y,0.690392392646604,1
L420,1.08042279268685,1.00552848873275,1.0429756407098,L,420,S420L,0.685940507732426,1
F420,0.720061705651565,0.829733446130766,0.774897575891166,F,420,S420F,0.509631880075047,0
W420,0.92074732252541,1.00521741349426,0.962982368009837,W,420,S420W,0.633330816816108,0
C420,1.02111871864234,1.04358148889752,1.03235010376993,C,420,S420C,0.678952342411035,1
E420,0.857376351865435,0.832317279361224,0.84484681561333,E,420,S420E,0.555635847126344,0
D420,1.0051344360927,0.996450982562627,1.00079270932767,D,420,S420D,0.658197787537917,1
V420,1.06132858972939,1.07877694800827,1.07005276886883,V,420,S420V,0.703748497020364,1
G420,0.991808881283983,0.914869956332792,0.953339418808387,G,420,S420G,0.626988876301775,0
A420,0.969942994032094,1.02626975346995,0.99810637375102,A,420,S420A,0.65643104791576,0
Q420,1.10067050376283,0.963419677885758,1.0320450908243,Q,420,S420Q,0.678751742582406,1
H420,0.695210896038903,0.81950411078727,0.757357503413087,H,420,S420H,0.498096187627725,0
P420,0.873658707298662,0.753737813012348,0.813698260155505,P,420,S420P,0.535150176021569,0
K421,0.752866010945056,0.780175780404418,0.766520895674737,K,421,I421K,0.504122734840496,0
N421,0.862657459095405,1.10143514539455,0.982046302244976,N,421,I421N,0.645868717240829,0
M421,0.919033017446279,0.792621076635583,0.855827047040931,M,421,I421M,0.562857286656171,0
R421,1.05893485271525,1.11545087874886,1.08719286573206,R,421,I421R,0.715021134928711,1
S421,0.914800352547823,0.88521849759285,0.900009425070336,S,421,I421S,0.591914995806205,0
T421,1.01684709292904,1.00888609018585,1.01286659155744,T,421,I421T,0.666138495435327,1
Y421,0.84060260408203,0.857519524686984,0.849061064384507,Y,421,I421Y,0.558407459260875,0
L421,0.941676059499078,1.07954539357728,1.01061072653818,L,421,I421L,0.664654866157433,1
F421,1.09622930233221,1.1369114449058,1.116570373619,F,421,I421F,0.734342029769713,1
W421,0.911749429286417,0.948838446743081,0.930293938014749,W,421,I421W,0.611832406505636,0
C421,1.00045626499903,1.05005308190295,1.02525467345099,C,421,I421C,0.674285845049465,1
E421,0.900177699729251,0.81783932881296,0.859008514271105,E,421,I421E,0.564949662702187,0
D421,0.934493209328645,0.995278823247851,0.964886016288248,D,421,I421D,0.634582801441318,0
V421,1.04095385442527,1.067019241844,1.05398654813463,V,421,I421V,0.693182122142943,1
G421,1.05661568215688,0.986186559114372,1.02140112063563,G,421,I421G,0.671751454147542,1
A421,1.05495294328018,1.09845407085048,1.07670350706533,A,421,I421A,0.708122530849379,1
Q421,0.936498476482105,0.862960866020363,0.899729671251234,Q,421,I421Q,0.591731008310021,0
H421,0.940700229385607,1.03880617509285,0.989753202239228,H,421,I421H,0.650937363802414,0
P421,1.14159205236853,1.07909552231072,1.11034378733963,P,421,I421P,0.730246950664122,1
N422,1.04344237596412,1.03355943066909,1.03850090331661,N,422,K422N,0.682997578367973,1
M422,1.00681782956234,1.07717384732354,1.04199583844294,M,422,K422M,0.685296114864391,1
I422,0.850694461886615,0.872754820726896,0.861724641306756,I,422,K422I,0.566735995465081,0
R422,0.926743412469503,1.02018044410983,0.973461928289667,R,422,K422R,0.640222976727213,0
S422,0.928772642842766,0.964019175446082,0.946395909144424,S,422,K422S,0.622422293575928,0
T422,0.969251243752152,0.953602714653228,0.96142697920269,T,422,K422T,0.632307874240604,0
Y422,0.7384751437591,1.01427762400938,0.87637638388424,Y,422,K422Y,0.576372101382113,0
L422,0.947016553998974,0.939431818970497,0.943224186484735,L,422,K422L,0.620336326304351,0
F422,0.851953944866622,0.699541995900789,0.775747970383706,F,422,K422F,0.510191164498592,0
W422,0.771101160075068,1.01220437604303,0.89165276805905,W,422,K422W,0.586419019361955,0
C422,0.964193653951912,1.00046245994815,0.982328056950028,C,422,K422C,0.646054020672564,0
E422,0.88954014831662,0.928608636666033,0.909074392491327,E,422,K422E,0.597876811320037,0
D422,0.866400317880091,0.854548836344031,0.860474577112061,D,422,K422D,0.565913857694132,0
V422,0.974999171296631,1.004395192875,0.989697182085818,V,422,K422V,0.650900520667279,0
G422,0.792106300000374,0.989475048135741,0.890790674068058,G,422,K422G,0.585852040453903,0
A422,0.836008605197249,0.949605392296907,0.892806998747078,A,422,K422A,0.587178129693283,0
Q422,1.07802590782803,0.959677720495453,1.01885181416174,Q,422,K422Q,0.670074835338041,1
H422,0.835891149021256,0.701891958828233,0.768891553924744,H,422,K422H,0.505681860921871,0
P422,1.05948780449359,0.963695673447247,1.01159173897042,P,422,K422P,0.665300054922728,1
