variant,activity,activity_scaled,activity_binary
G2A,2.865452985,0.411388377,1
G2C,2.010647302,0.287720492,0
G2D,2.169634582,0.310721767,0
G2E,2.31421621,0.331638923,0
G2F,1.322056476,0.188099522,0
G2H,1.782367296,0.254694383,0
G2I,3.780500635,0.543771689,1
G2K,1.706830039,0.24376613,0
G2L,3.27714639,0.470949577,1
G2M,2.068336986,0.296066671,0
G2N,2.019946809,0.289065886,0
G2P,2.621156391,0.376045089,0
G2Q,1.932344559,0.276392146,0
G2R,0.751731062,0.105588445,0
G2S,1.942927292,0.277923189,0
G2T,2.547847542,0.365439228,0
G2V,3.05883707,0.439365964,1
G2W,3.688504702,0.530462299,1
G2Y,4.459201519,0.641961844,1
Q3A,2.528338458,0.362616777,0
Q3C,2.165502505,0.310123964,0
Q3D,1.89808368,0.271435498,0
Q3E,2.000917026,0.286312777,0
Q3F,3.679930793,0.52922188,1
Q3G,3.907239951,0.562107532,1
Q3H,2.217062028,0.31758327,0
Q3I,3.379941171,0.485821277,1
Q3K,1.976183733,0.282734521,0
Q3L,2.817473018,0.404446939,1
Q3M,1.364912412,0.194299648,0
Q3N,1.880231371,0.268852739,0
Q3P,1.643901774,0.234662066,0
Q3R,1.210980151,0.172029701,0
Q3S,2.796211814,0.401371002,0
Q3T,2.246230405,0.321803167,0
Q3V,2.303249588,0.330052342,0
Q3W,5.226827486,0.753017119,1
Q3Y,2.858229413,0.410343316,1
P4A,2.475997,0.355044346,0
P4C,2.507498342,0.359601761,0
P4D,1.400639552,0.199468425,0
P4E,1.423560244,0.202784446,0
P4F,2.371166971,0.3398782,0
P4G,1.36401707,0.194170116,0
P4H,1.504008795,0.214423234,0
P4I,1.591139438,0.227028745,0
P4K,2.223386108,0.318498198,0
P4L,3.567186693,0.512910776,1
P4M,1.528714291,0.217997469,0
P4N,1.550342091,0.221126443,0
P4Q,3.275932581,0.470773971,1
P4R,2.060018926,0.294863267,0
P4S,2.30769352,0.330695262,0
P4T,2.5642353,0.367810106,0
P4V,2.651208077,0.380392777,0
P4W,3.227778635,0.463807363,1
P4Y,3.21941388,0.462597203,1
G5A,1.875999161,0.26824045,0
G5C,2.670931595,0.383246251,0
G5D,2.17992326,0.312210268,0
G5E,1.764021658,0.252040252,0
G5F,2.782649026,0.399408823,0
G5H,2.841214621,0.407881724,1
G5I,3.242536632,0.465942456,1
G5K,2.283098965,0.327137077,0
G5L,2.421396673,0.347145116,0
G5M,1.709614912,0.244169028,0
G5N,1.532196327,0.218501228,0
G5P,2.369729963,0.339670302,0
G5Q,1.95934397,0.28029825,0
G5R,2.468345431,0.353937365,0
G5S,3.404091882,0.489315249,1
G5T,2.813312075,0.40384496,1
G5V,1.694990115,0.242053205,0
G5W,1.246560359,0.177177221,0
G5Y,2.382329951,0.341493189,0
N6A,2.879529775,0.413424918,1
N6C,2.278619749,0.326489052,0
N6D,1.163646229,0.165181729,0
N6E,1.724187805,0.246277342,0
N6F,2.440253926,0.349873264,0
N6G,1.614370212,0.230389627,0
N6H,1.709437043,0.244143295,0
N6I,3.205278985,0.460552255,1
N6K,2.869842425,0.412023413,1
N6L,2.487031477,0.356640744,0
N6M,2.600949942,0.373121748,0
N6P,0.334310905,0.045198734,0
N6Q,2.138883596,0.306272909,0
N6R,2.69966007,0.387402506,0
N6S,2.947962884,0.423325388,1
N6T,2.776313663,0.398492263,0
N6V,0.836833939,0.117900592,0
N6W,5.511046629,0.794136149,1
N6Y,2.914305472,0.418456046,1
G7A,2.06646281,0.295795527,0
G7D,1.794261105,0.256415104,0
G7E,1.760441367,0.251522278,0
G7F,1.892470493,0.270623418,0
G7H,1.910355256,0.273210873,0
G7I,6.246139369,0.900484722,1
G7K,1.686346583,0.240802713,0
G7L,2.070009199,0.296308596,0
G7M,2.781775658,0.39928247,0
G7N,2.434960905,0.349107503,0
G7P,3.301749228,0.474508961,1
G7Q,2.085517527,0.298552243,0
G7R,2.59352189,0.372047104,0
G7S,1.493240476,0.212865342,0
G7T,3.229059647,0.463992691,1
G7V,3.583257608,0.515235814,1
G7W,4.748882072,0.683870996,1
G7Y,2.695088826,0.386741167,0
S8A,1.58871276,0.226677669,0
S8C,3.255086766,0.46775813,1
S8D,1.020593685,0.144485791,0
S8E,1.72822656,0.246861644,0
S8F,3.345337892,0.480815093,1
S8G,2.447027915,0.350853282,0
S8H,1.556626348,0.222035609,0
S8I,6.14275057,0.885527083,1
S8K,1.739474252,0.248488889,0
S8L,2.294020163,0.328717087,0
S8M,4.253297043,0.612172886,1
S8N,3.058999774,0.439389503,1
S8P,3.403834965,0.48927808,1
S8Q,0.92933157,0.131282564,0
S8R,2.694395292,0.386640831,0
S8T,1.751404943,0.250214946,0
S8V,1.998307489,0.285935246,0
S8W,1.339999858,0.190695457,0
S8Y,1.882258774,0.269146051,0
A9C,2.446191704,0.350732304,0
A9D,2.602988549,0.373416681,0
A9E,2.048291453,0.29316661,0
A9F,3.35091766,0.481622339,1
A9G,1.988935299,0.284579337,0
A9H,2.381318506,0.34134686,0
A9I,3.094794768,0.444568097,1
A9K,2.286208825,0.327586992,0
A9L,3.7414196,0.538117692,1
A9M,2.754297792,0.395307146,0
A9N,1.939513292,0.277429273,0
A9P,2.655025826,0.380945105,0
A9Q,2.5632487,0.367667371,0
A9R,1.771712846,0.253152965,0
A9S,2.657723073,0.381335326,0
A9T,1.578044968,0.22513432,0
A9V,2.22252962,0.318374287,0
A9W,3.489616649,0.501688432,1
A9Y,3.022122959,0.434054399,1
F10A,2.098605084,0.300445668,0
F10C,1.593584602,0.227382496,0
F10D,1.255174737,0.178423495,0
F10E,2.361077079,0.338418458,0
F10G,1.695270756,0.242093806,0
F10H,0.984666711,0.139288103,0
F10I,3.068472917,0.440760018,1
F10K,1.351903814,0.192417647,0
F10L,1.743936052,0.249134394,0
F10M,2.537237574,0.363904245,0
F10N,1.785366091,0.25512823,0
F10P,1.620650989,0.23129829,0
F10Q,2.062379771,0.295204819,0
F10R,2.232016125,0.319746735,0
F10S,2.435494588,0.349184713,0
F10T,1.438580443,0.204957474,0
F10V,1.319891512,0.187786309,0
F10W,2.542710633,0.364696053,0
F10Y,2.052584691,0.293787728,0
L11A,2.274857062,0.325944691,0
L11C,1.298944991,0.184755899,0
L11D,1.582732744,0.225812518,0
L11E,1.367941893,0.194737935,0
L11F,2.124491693,0.304190779,0
L11G,1.43735,0.204779461,0
L11H,2.988716231,0.429221325,1
L11I,2.880113554,0.413509375,1
L11K,1.782613066,0.25472994,0
L11M,3.188383632,0.458107942,1
L11N,1.350958548,0.192280891,0
L11P,2.087859863,0.298891117,0
L11Q,2.014348965,0.288256025,0
L11R,3.725966056,0.535881971,1
L11S,2.497308376,0.358127541,0
L11T,2.457069205,0.352305992,0
L11V,3.344906168,0.480752634,1
L11W,2.662435812,0.382017135,0
L11Y,2.187246466,0.313269743,0
L12A,2.342506347,0.335731762,0
L12C,1.830555504,0.261665949,0
L12D,1.830967957,0.26172562,0
L12E,2.427079373,0.347967253,0
L12F,2.409763959,0.345462168,0
L12G,1.082118179,0.153386766,0
L12H,2.071063405,0.296461112,0
L12I,2.018017649,0.288786787,0
L12K,1.859462955,0.265848096,0
L12M,2.378832697,0.340987229,0
L12N,1.922803226,0.275011766,0
L12P,3.594288138,0.516831642,1
L12Q,1.290911692,0.183593692,0
L12R,1.637568637,0.233745828,0
L12S,1.205928074,0.171298799,0
L12T,1.530950756,0.218321027,0
L12V,2.676383709,0.384035029,0
L12W,2.532936618,0.36328201,0
L12Y,2.642379741,0.37911555,0
A13C,1.724021388,0.246253266,0
A13D,2.117424544,0.303168349,0
A13E,1.756800694,0.250995569,0
A13F,3.776054174,0.543128403,1
A13G,1.441849948,0.205430485,0
A13H,2.365043081,0.338992234,0
A13I,3.137477352,0.450743144,1
A13K,1.450198057,0.206638237,0
A13L,3.230343849,0.464178482,1
A13M,2.020928519,0.289207914,0
A13N,2.033720842,0.291058626,0
A13P,2.498066818,0.358237268,0
A13Q,0.993761115,0.140603824,0
A13R,2.2998416,0.329559296,0
A13S,2.387858659,0.342293048,0
A13T,1.749710099,0.249969746,0
A13V,2.40074077,0.34415675,0
A13W,2.303839005,0.330137615,0
A13Y,1.155483548,0.164000804,0
P14A,2.338969936,0.335220136,0
P14C,3.074936832,0.441695176,1
P14D,1.803457854,0.257745632,0
P14E,1.848465575,0.264257065,0
P14F,2.134408348,0.305625458,0
P14G,1.677665769,0.239546828,0
P14H,2.206235133,0.316016904,0
P14I,0.836601519,0.117866967,0
P14K,3.442974285,0.494940509,1
P14L,3.472352329,0.499190739,1
P14M,2.284213479,0.327298318,0
P14N,2.411949545,0.345778365,0
P14Q,3.048174783,0.437823412,1
P14R,1.724185261,0.246276974,0
P14S,2.477770737,0.355300959,0
P14T,2.229403728,0.319368789,0
P14V,1.980363088,0.283339163,0
P14W,2.25323348,0.322816327,0
P14Y,3.585930917,0.515622572,1
N15A,3.641714677,0.523693014,1
N15C,2.998319291,0.430610635,1
N15D,2.15214225,0.308191087,0
N15E,2.208952243,0.316409998,0
N15F,3.007229338,0.431899684,1
N15G,2.544250234,0.364918793,0
N15H,1.701144817,0.242943628,0
N15I,2.584552751,0.370749506,0
N15K,1.574102854,0.224564,0
N15L,4.335428877,0.624055201,1
N15M,1.990674799,0.284830996,0
N15P,2.26770665,0.324910214,0
N15Q,3.628015324,0.521711078,1
N15R,2.562096883,0.367500733,0
N15S,1.879419045,0.268735217,0
N15T,1.772453945,0.253260182,0
N15V,1.542489366,0.21999036,0
N15W,2.558251241,0.36694437,0
N15Y,2.152337918,0.308219395,0
G16A,2.919670634,0.419232244,1
G16C,2.163771711,0.309873564,0
G16D,1.609869948,0.229738557,0
G16E,2.465531648,0.353530285,0
G16F,2.658237097,0.381409692,0
G16H,2.525014206,0.362135846,0
G16I,3.109998921,0.446767738,1
G16K,1.516743226,0.216265571,0
G16L,3.329406742,0.478510275,1
G16M,2.661786605,0.381923212,0
G16N,2.529386368,0.362768382,0
G16P,2.475027074,0.354904023,0
G16Q,1.313615555,0.186878343,0
G16R,3.125412583,0.448997689,1
G16S,1.587202814,0.226459219,0
G16T,1.787311885,0.255409735,0
G16V,1.610520309,0.229832647,0
G16W,3.362350927,0.483276431,1
G16Y,1.315156044,0.187101211,0
S17A,1.645509747,0.234894698,0
S17C,1.785936218,0.255210712,0
S17D,2.211204221,0.3167358,0
S17E,2.022753594,0.289471954,0
S17F,2.876478541,0.412983485,1
S17G,2.839767518,0.407672366,1
S17H,2.068022281,0.296021141,0
S17I,2.648439716,0.379992268,0
S17K,3.17690192,0.456446841,1
S17L,2.782400019,0.399372799,0
S17M,1.001422869,0.141712278,0
S17N,2.352840185,0.337226796,0
S17P,2.855374046,0.40993022,1
S17Q,1.996846801,0.285723923,0
S17R,1.872947012,0.267798884,0
S17T,2.917994326,0.418989726,1
S17V,2.033572825,0.291037212,0
S17W,2.160870812,0.30945388,0
S17Y,1.304331568,0.185535195,0
H18A,1.677387823,0.239506616,0
H18C,2.65054243,0.380296476,0
H18D,1.666596953,0.237945461,0
H18E,1.560132139,0.222542805,0
H18F,2.735369754,0.392568757,0
H18G,1.487880662,0.212089918,0
H18I,2.227071745,0.319031413,0
H18K,2.039077706,0.291833623,0
H18L,2.972506417,0.426876191,1
H18M,3.107966558,0.446473708,1
H18P,3.46297988,0.497834793,1
H18Q,1.999435729,0.286098472,0
H18R,0.945760261,0.133659364,0
H18S,1.56840368,0.223739479,0
H18T,1.778082171,0.254074438,0
H18V,2.332689246,0.334311486,0
H18W,4.061935629,0.584487926,1
H18Y,2.428273442,0.348140003,0
A19C,2.295937689,0.328994503,0
A19D,3.295593753,0.473618425,1
A19E,2.031211177,0.290695544,0
A19F,2.922740439,0.419676364,1
A19G,1.894876257,0.270971469,0
A19H,3.729813713,0.536438625,1
A19I,2.620411908,0.375937382,0
A19K,1.357717448,0.193258726,0
A19L,2.430642136,0.348482691,0
A19M,1.705763626,0.243611848,0
A19N,1.948681691,0.278755699,0
A19P,2.029802176,0.290491698,0
A19Q,2.149319315,0.307782683,0
A19R,2.75130568,0.394874266,0
A19S,2.490061203,0.357079066,0
A19T,1.261523254,0.179341958,0
A19V,1.858662176,0.265732244,0
A19W,3.107484565,0.446403977,1
A19Y,0.073444883,0.007458287,0
P20A,2.501151963,0.358683607,0
P20C,1.754677229,0.250688359,0
P20D,1.068704178,0.151446113,0
P20E,1.513557855,0.215804732,0
P20F,2.90163967,0.416623638,1
P20G,1.410458327,0.200888944,0
P20I,1.861429922,0.266132664,0
P20K,2.202519122,0.315479295,0
P20L,2.874419577,0.412685607,1
P20M,0.843266109,0.118831157,0
P20N,2.139218138,0.306321308,0
P20Q,1.714971069,0.244943923,0
P20R,2.200226842,0.315147662,0
P20S,2.664160066,0.382266589,0
P20T,1.686552014,0.240832434,0
P20V,2.975301522,0.427280569,1
P20W,3.371843707,0.484649787,1
P20Y,3.616311858,0.520017894,1
D21C,3.034218554,0.435804313,1
D21E,1.917757468,0.274281778,0
D21F,2.380159252,0.341179146,0
D21G,2.592066304,0.371836519,0
D21H,2.211400615,0.316764213,0
D21I,2.148511758,0.30766585,0
D21K,2.567280557,0.368250674,0
D21L,3.925628374,0.564767853,1
D21M,1.907433267,0.272788138,0
D21N,2.71355389,0.389412576,0
D21P,1.75127458,0.250196085,0
D21Q,2.415255456,0.346256643,0
D21R,1.648500591,0.235327394,0
D21S,4.176800137,0.601105797,1
D21T,1.710763943,0.244335263,0
D21V,4.190961974,0.603154642,1
D21W,6.860752754,0.989403102,1
D21Y,1.851770249,0.264735164,0
H22A,0.956807101,0.135257551,0
H22C,3.275097611,0.470653173,1
H22D,1.82870618,0.2613984,0
H22E,3.178228595,0.456638776,1
H22F,3.644643555,0.524116745,1
H22G,2.449091427,0.351151818,0
H22I,2.929294211,0.420624522,1
H22K,2.082145934,0.298064462,0
H22L,2.065527613,0.295660229,0
H22M,5.167283933,0.744402734,1
H22N,2.857568179,0.410247653,1
H22P,1.733895064,0.247681727,0
H22Q,4.002323233,0.575863581,1
H22R,1.998087673,0.285903444,0
H22S,2.452131397,0.351591621,0
H22T,3.458505927,0.497187529,1
H22V,2.429664374,0.348341234,0
H22W,0.97351427,0.137674638,0
H22Y,2.490605629,0.35715783,0
D23A,2.753554765,0.39519965,0
D23C,2.524334812,0.362037555,0
D23E,1.603894248,0.22887403,0
D23F,2.612049142,0.37472751,0
D23G,1.480707327,0.211052125,0
D23H,1.652531768,0.235910599,0
D23I,1.204461844,0.171086674,0
D23K,2.58814656,0.371269436,0
D23L,2.138689459,0.306244822,0
D23M,3.268454876,0.469692144,1
D23N,1.955252553,0.27970633,0
D23Q,1.658547527,0.236780921,0
D23R,2.193824689,0.314221439,0
D23S,2.841536159,0.407928242,1
D23T,2.731847792,0.392059222,0
D23V,2.152155581,0.308193016,0
D23W,1.982630459,0.283667192,0
D23Y,2.874233041,0.41265862,1
V24A,1.292029062,0.183755346,0
V24C,2.204412688,0.315753244,0
V24D,1.996459677,0.285667916,0
V24E,2.429717712,0.348348951,0
V24F,2.557614099,0.366852192,0
V24G,2.087370301,0.298820291,0
V24H,2.806192407,0.402814931,1
V24I,3.472283803,0.499180825,1
V24K,1.741036444,0.248714897,0
V24L,2.219247448,0.317899443,0
V24M,3.171301271,0.455636574,1
V24N,1.956032286,0.279819137,0
V24P,3.201810055,0.460050393,1
V24Q,1.216293818,0.172798449,0
V24R,2.009391458,0.287538804,0
V24S,2.270738105,0.325348786,0
V24T,1.732766671,0.247518478,0
V24W,1.548827876,0.220907376,0
V24Y,1.991705626,0.28498013,0
T25A,1.934260409,0.276669319,0
T25C,3.055327006,0.438858151,1
T25D,2.767890527,0.397273657,0
T25E,1.881359733,0.269015983,0
T25F,3.612513267,0.519468338,1
T25G,2.26776955,0.324919314,0
T25H,2.173253849,0.31124538,0
T25I,2.092054648,0.299497992,0
T25K,2.385521662,0.341954946,0
T25L,2.329228223,0.333810767,0
T25M,3.086131279,0.443314718,1
T25N,3.551060587,0.510577753,1
T25P,2.547053691,0.365324379,0
T25Q,2.046776814,0.292947482,0
T25R,2.235195774,0.320206746,0
T25S,2.002476845,0.286538442,0
T25V,2.066864726,0.295853674,0
T25W,2.803401336,0.402411136,1
T25Y,3.314368058,0.476334573,1
Q26A,2.932838451,0.42113728,1
Q26C,2.279778545,0.3266567,0
Q26D,1.828312522,0.261341448,0
Q26E,2.194401355,0.314304867,0
Q26F,2.223799833,0.318558053,0
Q26G,4.811284805,0.69289903,1
Q26H,3.300219508,0.47428765,1
Q26I,3.406220268,0.489623171,1
Q26K,2.220267753,0.318047054,0
Q26L,2.864044368,0.411184587,1
Q26M,1.309863287,0.186335489,0
Q26N,2.931961178,0.421010362,1
Q26P,3.166982739,0.455011797,1
Q26R,3.024364921,0.434378752,1
Q26S,3.930427011,0.56546209,1
Q26T,2.073307283,0.296785742,0
Q26V,2.878278866,0.413243944,1
Q26W,3.201175068,0.459958527,1
Q26Y,3.630447453,0.522062943,1
E27A,2.334333379,0.334549348,0
E27C,3.014335814,0.432927804,1
E27D,2.847959319,0.408857504,1
E27F,2.122193834,0.303858339,0
E27G,3.340202359,0.480072117,1
E27H,2.580927556,0.370225036,0
E27I,3.931304428,0.565589029,1
E27K,0.826727065,0.116438393,0
E27L,3.802510218,0.546955896,1
E27M,2.519603613,0.361353075,0
E27N,1.737674137,0.248228459,0
E27P,2.395956177,0.343464545,0
E27Q,2.11545475,0.302883371,0
E27R,2.820104966,0.404827712,1
E27S,2.38679329,0.342138917,0
E27T,3.624479252,0.521199501,1
E27V,2.443533927,0.350347794,0
E27W,2.456950273,0.352288786,0
E27Y,2.5582198,0.366939821,0
R28A,1.678429133,0.239657267,0
R28C,1.670567055,0.238519831,0
R28D,2.126270335,0.304448102,0
R28E,1.633172341,0.2331098,0
R28F,4.598881079,0.662169801,1
R28G,2.538635148,0.364106437,0
R28H,3.01503565,0.433029052,1
R28I,2.017987477,0.288782422,0
R28K,2.120028824,0.303545119,0
R28L,2.902528352,0.416752207,1
R28M,2.921902467,0.419555131,1
R28N,2.294032398,0.328718857,0
R28P,2.977817283,0.427644534,1
R28Q,1.574167541,0.224573358,0
R28S,2.961084053,0.425223676,1
R28T,2.315726948,0.331857488,0
R28V,2.801945983,0.402200585,1
R28W,5.613560558,0.808967216,1
R28Y,1.602145835,0.228621081,0
D29A,2.17551788,0.311572925,0
D29C,1.985413351,0.284069803,0
D29E,1.467139003,0.209089146,0
D29F,4.252328923,0.612032824,1
D29G,3.949568024,0.568231291,1
D29H,2.436794841,0.349372825,0
D29I,2.69451492,0.386658138,0
D29K,3.455094848,0.496694036,1
D29L,3.79353798,0.54565785,1
D29M,2.557465658,0.366830717,0
D29N,1.664700067,0.237671032,0
D29P,2.211425229,0.316767774,0
D29Q,1.906934386,0.272715963,0
D29R,2.435705431,0.349215216,0
D29S,3.126798062,0.449198131,1
D29T,3.192810169,0.458748346,1
D29V,2.544369994,0.364936119,0
D29W,3.040789013,0.436754886,1
D29Y,2.229600895,0.319397314,0
E30A,1.994108149,0.285327712,0
E30C,1.468225942,0.209246397,0
E30D,1.693631786,0.24185669,0
E30F,1.492149608,0.212707522,0
E30G,2.526459163,0.362344893,0
E30H,3.402398291,0.489070231,1
E30I,2.550428291,0.365812595,0
E30K,1.946514131,0.27844211,0
E30L,2.741052119,0.393390846,0
E30M,2.835188283,0.407009871,1
E30N,2.588432905,0.371310862,0
E30P,2.303941935,0.330152506,0
E30Q,3.23869846,0.465387174,1
E30R,1.884062411,0.26940699,0
E30S,1.909213903,0.273045749,0
E30T,2.070494685,0.296378833,0
E30V,3.052708471,0.438479317,1
E30W,2.1782278,0.31196498,0
E30Y,2.132526144,0.305353153,0
V31A,3.377827849,0.485515535,1
V31C,1.40202619,0.199669035,0
V31D,2.151430201,0.308088072,0
V31E,2.218671269,0.317816085,0
V31F,3.525626916,0.50689817,1
V31G,1.526875094,0.217731386,0
V31H,2.147908472,0.307578571,0
V31I,2.022000106,0.289362944,0
V31K,2.028573467,0.290313936,0
V31L,3.255279898,0.467786072,1
V31M,2.574019701,0.369225651,0
V31N,2.851110932,0.409313459,1
V31P,3.177758899,0.456570823,1
V31Q,2.306348687,0.3305007,0
V31R,2.514530798,0.360619172,0
V31S,2.713252726,0.389369005,0
V31T,1.405060729,0.200108053,0
V31W,3.191387658,0.458542546,1
V31Y,2.757150466,0.395719853,0
W32A,1.750417262,0.250072054,0
W32C,1.118170444,0.158602579,0
W32D,1.589795123,0.226834258,0
W32E,2.673722284,0.383649991,0
W32F,2.634637402,0.377995437,0
W32G,1.558318424,0.222280408,0
W32H,2.123506103,0.30404819,0
W32I,2.451388391,0.351484128,0
W32K,2.592839749,0.371948417,0
W32L,2.118744495,0.303359311,0
W32M,1.879540551,0.268752796,0
W32N,1.268032645,0.180283696,0
W32P,1.403519618,0.199885095,0
W32Q,1.913465676,0.273660868,0
W32R,1.540367031,0.219683314,0
W32S,1.850077792,0.26449031,0
W32T,1.221365143,0.173532136,0
W32V,2.723570077,0.390861654,0
W32Y,2.279974183,0.326685003,0
V33A,1.584195341,0.226024117,0
V33C,2.050820382,0.293532479,0
V33D,1.860691411,0.266025821,0
V33E,1.652499754,0.235905968,0
V33F,1.082497984,0.153441713,0
V33G,1.138882634,0.161599088,0
V33H,1.374942702,0.195750767,0
V33I,2.421913825,0.347219934,0
V33K,1.442494771,0.205523774,0
V33L,2.835502116,0.407055275,1
V33M,2.567579793,0.368293966,0
V33N,1.148235126,0.162952148,0
V33P,2.138733832,0.306251242,0
V33Q,2.519260091,0.361303377,0
V33R,3.370572148,0.484465826,1
V33S,3.240263011,0.465613523,1
V33T,2.076335574,0.297223856,0
V33W,1.222826628,0.173743575,0
V33Y,2.120927351,0.303675113,0
V34A,1.396134736,0.198816697,0
V34C,2.046640792,0.292927803,0
V34D,1.502765214,0.214243321,0
V34E,2.103581242,0.301165587,0
V34F,2.143604454,0.306955893,0
V34G,2.086708315,0.298724519,0
V34H,1.40314505,0.199830905,0
V34I,2.607675351,0.374094738,0
V34K,2.064174622,0.295464486,0
V34L,1.362739239,0.193985247,0
V34M,1.766075658,0.252337412,0
V34N,1.771949213,0.253187161,0
V34P,0.949159607,0.13415116,0
V34Q,1.819644647,0.260087435,0
V34R,2.10117855,0.300817981,0
V34S,1.445628443,0.205977134,0
V34T,2.226270509,0.318915495,0
V34W,2.476435426,0.355107775,0
V34Y,2.875200324,0.41279856,1
G35A,2.509568135,0.359901206,0
G35C,1.957119492,0.279976427,0
G35D,1.25633158,0.17859086,0
G35E,2.451865854,0.351553204,0
G35F,2.576329868,0.369559871,0
G35H,1.411495403,0.201038981,0
G35I,2.368062206,0.339429022,0
G35K,1.782864822,0.254766362,0
G35L,1.846421064,0.263961278,0
G35M,1.808314095,0.258448202,0
G35N,1.779849172,0.254330077,0
G35P,2.485987083,0.356489648,0
G35Q,2.128123402,0.304716192,0
G35R,1.323092809,0.188249452,0
G35S,1.65883771,0.236822903,0
G35T,2.564882442,0.36790373,0
G35V,2.561565701,0.367423885,0
G35W,2.051235669,0.29359256,0
G35Y,2.279177892,0.326569801,0
M36A,2.553185892,0.366211547,0
M36C,1.428800658,0.203542596,0
M36D,1.084404865,0.153717589,0
M36E,0.964155754,0.136320707,0
M36F,2.244754706,0.321589672,0
M36G,2.721232975,0.390523537,0
M36H,1.327561111,0.188895898,0
M36I,2.7583994,0.395900541,0
M36K,1.750840645,0.250133307,0
M36L,3.291882779,0.473081545,1
M36N,3.501598326,0.503421865,1
M36P,1.207849356,0.171576758,0
M36Q,1.23677533,0.175761585,0
M36R,1.301546369,0.18513225,0
M36S,1.406948887,0.20038122,0
M36T,2.160445941,0.309392413,0
M36V,2.259043924,0.323656946,0
M36W,1.937347345,0.277115917,0
M36Y,1.745885554,0.249416435,0
G37A,1.906662812,0.272676673,0
G37C,2.79686777,0.401465901,0
G37D,1.248149782,0.177407169,0
G37E,1.630106265,0.232666219,0
G37F,1.85033637,0.264527719,0
G37H,1.840037712,0.263037775,0
G37I,3.117846296,0.447903046,1
G37K,1.140788116,0.161874761,0
G37M,0.907327359,0.128099134,0
G37N,1.50829356,0.215043127,0
G37Q,2.340276625,0.33540918,0
G37R,1.450780749,0.206722537,0
G37S,2.559469738,0.367120654,0
G37T,3.095171639,0.44462262,1
G37V,2.847297024,0.408761687,1
G37W,2.309828954,0.331004203,0
G37Y,2.071280327,0.296492495,0
I38C,2.087680815,0.298865214,0
I38D,1.21971469,0.173293359,0
I38E,0.966438113,0.136650905,0
I38F,1.957474866,0.28002784,0
I38G,1.303532511,0.185419592,0
I38H,1.422777891,0.20267126,0
I38K,1.375090129,0.195772096,0
I38L,2.348580732,0.336610565,0
I38M,2.380285863,0.341197463,0
I38N,2.497833961,0.358203579,0
I38P,1.11615544,0.158311061,0
I38Q,1.089652318,0.154476757,0
I38R,1.510216061,0.215321262,0
I38S,1.701973862,0.243063569,0
I38T,1.516924242,0.216291759,0
I38V,2.057944659,0.294563175,0
I38W,1.239745402,0.176191276,0
I38Y,1.644262608,0.23471427,0
V39A,2.765036422,0.396860743,0
V39C,1.994112609,0.285328357,0
V39D,1.376202343,0.195933004,0
V39E,1.08168341,0.153323866,0
V39F,1.940530628,0.277576455,0
V39G,2.218470068,0.317786977,0
V39H,1.367500399,0.194674062,0
V39I,3.080873114,0.442554,1
V39K,1.005780955,0.142342778,0
V39L,1.732397941,0.247465133,0
V39M,2.126073318,0.304419599,0
V39N,1.284660439,0.1826893,0
V39P,1.720986832,0.245814245,0
V39Q,1.23069209,0.1748815,0
V39R,1.098344417,0.155734275,0
V39S,2.209054857,0.316424843,0
V39T,1.941234761,0.277678324,0
V39W,2.05175017,0.293666995,0
V39Y,1.678037753,0.239600644,0
M40A,2.451907365,0.35155921,0
M40C,1.554806205,0.221772282,0
M40D,1.261845188,0.179388534,0
M40E,1.060532503,0.150263886,0
M40F,2.402513857,0.344413269,0
M40G,1.252220031,0.177996027,0
M40H,2.137885683,0.306128537,0
M40I,1.868393641,0.267140131,0
M40K,0.936699144,0.132348458,0
M40L,2.060327554,0.294907917,0
M40N,1.307737135,0.186027891,0
M40P,1.26958871,0.180508817,0
M40Q,2.217472084,0.317642595,0
M40R,2.087952587,0.298904532,0
M40S,2.5139498,0.360535117,0
M40T,1.996574962,0.285684595,0
M40V,2.144253995,0.307049864,0
M40W,0.964990238,0.136441435,0
M40Y,2.47322808,0.354643756,0
S41A,2.294003759,0.328714714,0
S41C,3.110404174,0.446826367,1
S41D,1.198527164,0.170228082,0
S41E,1.966221046,0.281293182,0
S41F,2.688691406,0.385815629,0
S41G,3.554986538,0.511145734,1
S41H,1.262193917,0.179438986,0
S41I,1.283349738,0.182499676,0
S41K,1.663570449,0.237507606,0
S41L,2.823130989,0.405265498,1
S41M,1.985414774,0.284070009,0
S41N,1.760869003,0.251584146,0
S41P,1.757714677,0.251127798,0
S41Q,2.029279672,0.290416106,0
S41R,1.208417178,0.171658907,0
S41T,2.374479322,0.34035741,0
S41V,3.027429038,0.434822049,1
S41W,2.200248745,0.315150831,0
S41Y,1.899015219,0.271570268,0
L42A,2.628080157,0.377046776,0
L42C,2.151219814,0.308057635,0
L42D,0.969126109,0.137039787,0
L42E,1.22556767,0.174140132,0
L42F,1.223834175,0.17388934,0
L42G,0.943980789,0.133401921,0
L42H,1.400944191,0.199512498,0
L42I,2.348820283,0.336645222,0
L42K,1.221495654,0.173551018,0
L42M,2.641575072,0.378999135,0
L42N,1.350314755,0.192187752,0
L42P,1.075726852,0.152462109,0
L42Q,1.317006178,0.187368877,0
L42R,1.368212014,0.194777014,0
L42S,1.848839803,0.264311205,0
L42T,3.113766818,0.447312853,1
L42V,1.143476737,0.162263734,0
L42W,2.978486857,0.427741403,1
L42Y,1.284770431,0.182705213,0
I43A,2.179717831,0.312180548,0
I43C,1.779703275,0.254308969,0
I43D,1.652187998,0.235860865,0
I43E,2.292230361,0.32845815,0
I43F,2.34866087,0.336622159,0
I43G,2.646934978,0.379774572,0
I43H,0.482608713,0.066653524,0
I43K,1.205587224,0.171249487,0
I43L,2.522747727,0.361807946,0
I43M,4.214548252,0.606566956,1
I43N,1.497624745,0.21349963,0
I43P,1.987286903,0.284340857,0
I43Q,1.614368069,0.230389317,0
I43R,1.048781602,0.14856384,0
I43S,1.796126807,0.256685022,0
I43T,1.714766709,0.244914357,0
I43V,2.572814275,0.369051258,0
I43W,1.750517993,0.250086627,0
I43Y,1.856233529,0.265380883,0
V44A,2.623797829,0.376427236,0
V44C,3.094084106,0.444465283,1
V44D,2.867041907,0.411618252,1
V44E,1.182108394,0.167852718,0
V44F,4.757488253,0.685116084,1
V44G,2.855961413,0.410015196,1
V44H,1.988063904,0.284453269,0
V44I,2.999401117,0.430767146,1
V44K,1.355972653,0.1930063,0
V44L,2.327860498,0.333612893,0
V44M,1.615003521,0.23048125,0
V44N,2.818159447,0.404546247,1
V44P,3.359590449,0.482877063,1
V44Q,2.676183852,0.384006115,0
V44R,0.998565983,0.141298962,0
V44S,3.770797876,0.542367955,1
V44T,2.216895406,0.317559164,0
V44W,1.739045094,0.248426801,0
V44Y,2.616355604,0.375350542,0
L45A,3.122784131,0.448617421,1
L45C,1.037669819,0.146956258,0
L45D,3.724141471,0.535618001,1
L45E,1.211055379,0.172040585,0
L45F,2.188635268,0.313470666,0
L45G,1.552147232,0.221387599,0
L45H,1.064239675,0.150800217,0
L45I,3.794525016,0.545800648,1
L45K,1.450765341,0.206720308,0
L45M,3.12556221,0.449019336,1
L45N,1.340689992,0.190795302,0
L45P,2.41785208,0.346632306,0
L45Q,1.659635973,0.236938391,0
L45R,1.114584986,0.158083858,0
L45S,2.068850668,0.296140987,0
L45T,2.337883212,0.335062916,0
L45V,3.139887064,0.451091765,1
L45W,1.598475102,0.228090023,0
L45Y,2.303391422,0.330072862,0
A46C,1.773541546,0.253417529,0
A46D,1.482461099,0.21130585,0
A46E,1.51868802,0.216546932,0
A46F,3.649381376,0.524802183,1
A46G,2.261139866,0.323960173,0
A46H,2.444563521,0.350496749,0
A46I,2.256054034,0.323224387,0
A46K,2.228134258,0.319185131,0
A46L,2.434168032,0.348992795,0
A46M,1.259040978,0.178982838,0
A46N,2.332839528,0.334333227,0
A46P,1.694138357,0.241929978,0
A46Q,2.471724958,0.354426294,0
A46R,1.210821545,0.172006755,0
A46S,1.315443315,0.187142772,0
A46T,2.737944581,0.392941267,0
A46V,1.458951448,0.207904622,0
A46W,4.742225466,0.682907961,1
A46Y,2.785631496,0.399840308,0
I47A,2.019432045,0.288991413,0
I47C,2.24209415,0.32120476,0
I47D,2.089578074,0.299139697,0
I47E,1.798762821,0.257066384,0
I47F,0.944580012,0.133488613,0
I47G,1.962867143,0.280807961,0
I47H,0.537883048,0.074650266,0
I47K,1.326578575,0.188753751,0
I47L,3.197201567,0.459383666,1
I47M,2.327003669,0.333488932,0
I47N,3.076067906,0.441858813,1
I47P,1.125921807,0.159723998,0
I47Q,1.768790226,0.252730138,0
I47R,0.926413654,0.130860419,0
I47S,1.602997361,0.228744274,0
I47T,1.810584168,0.258776622,0
I47V,2.499451339,0.358437571,0
I47W,0.934286161,0.131999363,0
I47Y,1.059003189,0.150042635,0
V48A,2.633720413,0.377862773,0
V48C,3.536467803,0.508466561,1
V48D,1.291598498,0.183693055,0
V48E,1.281433315,0.18222242,0
V48F,1.112318539,0.157755963,0
V48G,1.979320025,0.28318826,0
V48H,1.110497532,0.157492511,0
V48I,3.959035848,0.569601036,1
V48K,0.833046498,0.117352649,0
V48L,1.416385708,0.20174648,0
V48M,2.485060436,0.356355587,0
V48N,1.651202774,0.235718329,0
V48P,1.481757121,0.211204003,0
V48Q,1.618199726,0.230943656,0
V48R,0.766953123,0.107790677,0
V48S,2.046117009,0.292852025,0
V48T,2.945333108,0.422944928,1
V48W,1.788096956,0.255523314,0
V48Y,1.282360974,0.182356628,0
F49A,1.3509555,0.19228045,0
F49C,2.036972079,0.291528994,0
F49D,1.154602513,0.163873341,0
F49E,0.93516207,0.132126084,0
F49G,1.993221201,0.285199394,0
F49H,1.853607441,0.265000957,0
F49I,1.622945529,0.231630249,0
F49K,1.956024787,0.279818052,0
F49L,3.043521437,0.437150195,1
F49M,1.74065767,0.248660098,0
F49N,1.899224994,0.271600617,0
F49P,2.027058787,0.290094802,0
F49Q,2.372678882,0.340096933,0
F49R,0.720111562,0.101013936,0
F49S,2.800769659,0.402030402,1
F49T,2.203212829,0.315579656,0
F49V,3.464910343,0.49811408,1
F49W,2.235687768,0.320277925,0
F49Y,2.544595284,0.364968712,0
G50A,2.06433289,0.295487384,0
G50C,1.292577243,0.183834653,0
G50D,1.769965796,0.252900213,0
G50E,3.622358759,0.520892722,1
G50F,2.303279607,0.330056685,0
G50H,1.026852996,0.145391348,0
G50I,1.13552886,0.161113885,0
G50K,1.179224865,0.167435547,0
G50L,3.846332942,0.553295891,1
G50M,3.128689363,0.449471753,1
G50N,2.192207485,0.313987472,0
G50P,2.803556566,0.402433594,1
G50Q,3.419980695,0.491613942,1
G50R,1.657388697,0.236613269,0
G50S,2.419033244,0.34680319,0
G50T,3.227569467,0.463777101,1
G50V,1.159042556,0.164515698,0
G50W,1.774604433,0.253571301,0
G50Y,1.138973938,0.161612298,0
N51A,1.319795051,0.187772354,0
N51C,1.25919978,0.179005813,0
N51D,0.061299116,0.005701114,0
N51E,1.243847817,0.176784788,0
N51F,1.15893195,0.164499697,0
N51G,1.161445705,0.164863371,0
N51H,1.720178436,0.245697292,0
N51I,0.951809846,0.134534579,0
N51K,1.294228493,0.184073546,0
N51L,0.873431792,0.123195338,0
N51M,1.103097241,0.156421884,0
N51P,1.351490347,0.192357829,0
N51Q,2.121208355,0.303715767,0
N51R,0.846696416,0.119327432,0
N51S,1.133297761,0.160791104,0
N51T,1.59210166,0.227167953,0
N51V,0.66147681,0.09253103,0
N51W,1.265415843,0.179905113,0
N51Y,0.956964198,0.135280278,0
V52A,2.668584488,0.382906687,0
V52C,2.418372329,0.346707573,0
V52D,1.083659072,0.153609692,0
V52E,1.597137456,0.2278965,0
V52F,0.466452179,0.064316099,0
V52G,3.271819564,0.470178926,1
V52H,0.56287611,0.078266104,0
V52I,2.747613673,0.39434013,0
V52K,1.007021491,0.142522251,0
V52L,1.285742148,0.182845795,0
V52M,3.259311029,0.46836927,1
V52N,1.333593797,0.189768669,0
V52P,1.313276075,0.186829229,0
V52Q,0.897875804,0.126731743,0
V52R,1.218320275,0.173091624,0
V52S,2.234397539,0.320091263,0
V52T,3.152973289,0.452984998,1
V52W,1.54247518,0.219988308,0
V52Y,0.982807596,0.139019138,0
L53A,2.384696491,0.341835565,0
L53C,2.451540995,0.351506206,0
L53D,1.448870799,0.206446217,0
L53E,0.91532129,0.129255646,0
L53F,1.919414705,0.274521536,0
L53G,2.325929048,0.333333463,0
L53H,1.170988876,0.166244016,0
L53I,3.014951801,0.433016921,1
L53K,1.608305052,0.229512158,0
L53M,2.078898115,0.297594588,0
L53N,1.772399204,0.253252263,0
L53P,1.369805442,0.195007541,0
L53Q,1.24724965,0.177276943,0
L53R,1.013645103,0.143480514,0
L53S,3.220776117,0.462794283,1
L53T,1.925248915,0.275365593,0
L53V,1.390890112,0.198057938,0
L53W,1.326555971,0.188750481,0
L53Y,1.06972512,0.151593816,0
V54A,2.15486025,0.30858431,0
V54C,2.032070531,0.290819869,0
V54D,0.933236803,0.131847549,0
V54E,1.394654516,0.198602548,0
V54F,0.91326942,0.128958794,0
V54G,1.074400522,0.152270224,0
V54H,1.221385604,0.173535097,0
V54I,1.849729225,0.264439881,0
V54K,1.054940796,0.149454914,0
V54L,1.223930534,0.173903281,0
V54M,1.400739464,0.19948288,0
V54N,0.958136909,0.135449939,0
V54P,1.353888779,0.192704819,0
V54Q,0.830491678,0.116983033,0
V54R,0.985316198,0.139382067,0
V54S,2.101458495,0.300858482,0
V54T,1.919353203,0.274512639,0
V54W,0.903821054,0.127591864,0
V54Y,0.815619583,0.114831433,0
I55A,1.038130698,0.147022935,0
I55C,1.346510273,0.191637343,0
I55D,1.502911339,0.214264461,0
I55E,1.247518246,0.177315802,0
I55F,1.360324203,0.193635855,0
I55G,1.264839001,0.17982166,0
I55H,0.984201051,0.139220734,0
I55K,1.37003129,0.195040215,0
I55L,3.056776828,0.439067902,1
I55M,2.557718399,0.366867282,0
I55N,2.259208758,0.323680793,0
I55P,0.773082047,0.108677371,0
I55Q,1.011282732,0.143138741,0
I55R,1.393590159,0.198448564,0
I55S,1.406667663,0.200340534,0
I55T,3.257755899,0.468144284,1
I55V,1.937631407,0.277157014,0
I55W,0.855135775,0.120548386,0
I55Y,1.39566496,0.198748733,0
T56A,2.522796846,0.361815052,0
T56C,2.031986735,0.290807746,0
T56D,1.540992334,0.219773779,0
T56E,1.442276217,0.205492155,0
T56F,2.706753273,0.388428705,0
T56G,1.700686808,0.242877366,0
T56H,1.661027069,0.237139646,0
T56I,2.235327935,0.320225866,0
T56K,4.159530978,0.598607404,1
T56L,2.933908075,0.421292027,1
T56M,1.210105319,0.171903136,0
T56N,1.980379134,0.283341485,0
T56P,0.818919865,0.115308897,0
T56Q,1.605249148,0.229070049,0
T56R,1.202980942,0.170872426,0
T56S,2.480248879,0.355659481,0
T56V,2.12507826,0.30427564,0
T56W,3.082500915,0.4427895,1
T56Y,2.675700801,0.38393623,0
A57C,1.76115411,0.251625393,0
A57D,0.959097785,0.135588952,0
A57E,0.897813047,0.126722664,0
A57F,1.204820712,0.171138593,0
A57G,1.798708277,0.257058493,0
A57H,1.01365776,0.143482345,0
A57I,1.807989763,0.25840128,0
A57K,1.159236169,0.164543709,0
A57L,2.000861226,0.286304704,0
A57M,2.688781524,0.385828666,0
A57N,1.020803969,0.144516213,0
A57P,0.922920978,0.13035512,0
A57Q,1.699188194,0.242660556,0
A57R,1.445192695,0.205914092,0
A57S,2.731793842,0.392051417,0
A57T,2.613818004,0.374983418,0
A57V,2.390816631,0.342720988,0
A57W,1.346436958,0.191626736,0
A57Y,1.076239164,0.152536227,0
I58A,1.12137079,0.159065585,0
I58C,1.813869401,0.259251909,0
I58D,1.283820251,0.182567747,0
I58E,1.111679659,0.157663534,0
I58F,1.834690793,0.262264216,0
I58G,1.410742936,0.200930119,0
I58H,3.284929422,0.472075577,1
I58K,0.761015791,0.106931701,0
I58L,1.574468481,0.224616896,0
I58M,2.972221523,0.426834974,1
I58N,2.191322445,0.31385943,0
I58P,1.243451203,0.176727408,0
I58Q,1.18221521,0.167868172,0
I58R,1.341929676,0.190974651,0
I58S,1.724131766,0.246269235,0
I58T,2.527544944,0.362501977,0
I58V,2.878777937,0.413316147,1
I58W,1.449012638,0.206466738,0
I58Y,3.662587092,0.526712703,1
A59C,2.028299016,0.29027423,0
A59D,0.919086292,0.129800342,0
A59E,1.258014084,0.178834274,0
A59F,2.687747763,0.385679108,0
A59G,1.771592447,0.253135546,0
A59H,2.196523993,0.314611957,0
A59I,2.798989487,0.401772858,0
A59K,3.102440925,0.445674295,1
A59L,2.238354726,0.320663763,0
A59M,2.851238869,0.409331968,1
A59N,3.202621798,0.46016783,1
A59P,1.218896368,0.17317497,0
A59Q,1.92281929,0.27501409,0
A59R,3.677832104,0.528918255,1
A59S,2.059560828,0.294796992,0
A59T,2.207185734,0.31615443,0
A59V,5.103709307,0.735205159,1
A59W,2.412313532,0.345831024,0
A59Y,2.39120164,0.342776689,0
K60A,1.204277908,0.171060063,0
K60C,1.574665255,0.224645364,0
K60D,1.176505029,0.167042059,0
K60E,0.689979751,0.096654656,0
K60F,1.23228753,0.175112318,0
K60G,0.932784525,0.131782116,0
K60H,1.398500751,0.199158997,0
K60I,0.927909404,0.131076814,0
K60L,1.434206866,0.204324732,0
K60M,1.660390512,0.237047553,0
K60N,1.677248064,0.239486397,0
K60P,1.184820302,0.16824506,0
K60Q,1.308609898,0.186154156,0
K60R,2.31287493,0.331444876,0
K60S,1.616240345,0.230660186,0
K60T,1.601249511,0.228491406,0
K60V,1.576303445,0.224882367,0
K60W,1.387060283,0.197503862,0
K60Y,1.432184378,0.204032131,0
F61A,2.240054628,0.320909694,0
F61C,2.475408299,0.354959176,0
F61D,2.126413783,0.304468855,0
F61E,1.475703297,0.210328174,0
F61G,1.9171951,0.274200418,0
F61H,1.580454292,0.225482886,0
F61I,1.86967732,0.267325846,0
F61K,1.271670273,0.180809965,0
F61L,1.673539681,0.238949891,0
F61M,3.344410519,0.480680927,1
F61N,2.739886455,0.393222205,0
F61P,1.195407176,0.169776702,0
F61Q,3.694369007,0.531310709,1
F61R,4.194027349,0.603598121,1
F61S,2.979204849,0.427845278,1
F61T,2.338387628,0.335135891,0
F61V,2.135053761,0.305718832,0
F61W,1.359507145,0.193517648,0
F61Y,2.222038881,0.31830329,0
E62A,2.005457614,0.286969681,0
E62C,2.018633454,0.288875878,0
E62D,1.87342323,0.26786778,0
E62F,1.239177039,0.176109049,0
E62G,2.554288642,0.366371086,0
E62H,2.854671429,0.40982857,1
E62I,1.45191065,0.206886004,0
E62K,3.872924922,0.557143051,1
E62L,1.052472939,0.14909788,0
E62M,2.030953053,0.2906582,0
E62N,2.615473762,0.375222963,0
E62P,3.848519498,0.553612228,1
E62Q,3.743844943,0.538468575,1
E62R,5.361239884,0.772463055,1
E62S,2.131223927,0.305164756,0
E62T,2.656927012,0.381220157,0
E62V,1.322311586,0.18813643,0
E62W,1.718371759,0.245435913,0
E62Y,1.855445001,0.265266804,0
R63A,1.57095588,0.224108715,0
R63C,1.712202351,0.244543362,0
R63D,1.290227245,0.18349467,0
R63E,1.324100162,0.18839519,0
R63F,1.121827215,0.159131618,0
R63G,1.589763056,0.226829619,0
R63H,2.325539364,0.333277086,0
R63I,1.107909967,0.157118159,0
R63K,2.931563385,0.420952812,1
R63L,1.24566252,0.177047327,0
R63M,1.35741139,0.193214448,0
R63N,1.427824934,0.203401434,0
R63P,1.664520434,0.237645044,0
R63Q,1.459461174,0.207978366,0
R63S,1.390467795,0.19799684,0
R63T,2.341745244,0.33562165,0
R63V,1.261949809,0.17940367,0
R63W,1.345467177,0.191486435,0
R63Y,1.233039035,0.175221041,0
L64A,0.959505724,0.13564797,0
L64C,1.463219365,0.208522077,0
L64D,1.138820665,0.161590123,0
L64E,1.399721458,0.199335601,0
L64F,1.549890897,0.221061167,0
L64G,1.505966868,0.214706516,0
L64H,1.721715672,0.245919689,0
L64I,1.486794369,0.21193276,0
L64K,1.221581189,0.173563393,0
L64M,1.473322843,0.209983784,0
L64N,1.758245073,0.251204532,0
L64P,1.443334445,0.205645253,0
L64Q,1.399068791,0.199241177,0
L64R,2.386260524,0.34206184,0
L64S,0.996463466,0.140994783,0
L64T,0.956929821,0.135275305,0
L64V,1.570166382,0.223994496,0
L64W,1.034509137,0.14649899,0
L64Y,1.426649464,0.203231375,0
Q65A,1.732781404,0.24752061,0
Q65C,2.04303157,0.292405643,0
Q65D,1.326833447,0.188790624,0
Q65E,1.220926347,0.173468654,0
Q65F,1.409699928,0.200779223,0
Q65G,2.151958408,0.30816449,0
Q65H,3.138041002,0.450824689,1
Q65I,0.985886769,0.139464613,0
Q65K,2.709348059,0.388804103,0
Q65L,1.744562524,0.249225028,0
Q65M,1.700779983,0.242890846,0
Q65N,2.211737185,0.316812906,0
Q65P,1.003308214,0.141985038,0
Q65R,2.992846154,0.429818816,1
Q65S,1.909019195,0.27301758,0
Q65T,2.00443191,0.286821288,0
Q65V,1.12933145,0.160217283,0
Q65W,1.476307003,0.210415514,0
Q65Y,1.299018954,0.184766599,0
T66A,1.385564954,0.197287528,0
T66C,1.650209018,0.235574559,0
T66D,1.499375475,0.213752915,0
T66E,1.559785217,0.222492614,0
T66F,1.440790442,0.205277202,0
T66G,1.59150633,0.227081825,0
T66H,1.66929024,0.238335109,0
T66I,1.507640155,0.214948596,0
T66K,2.141446706,0.306643723,0
T66L,2.055664115,0.29423324,0
T66M,1.978941274,0.283133464,0
T66N,1.605940665,0.229170093,0
T66P,0.858118739,0.120979942,0
T66Q,1.94710752,0.278527958,0
T66R,2.87749565,0.413130634,1
T66S,1.770697325,0.253006046,0
T66V,1.350767639,0.192253272,0
T66W,1.294119768,0.184057816,0
T66Y,2.191192622,0.313840648,0
V67A,2.095055626,0.299932155,0
V67C,1.546329328,0.220545901,0
V67D,2.026489534,0.290012446,0
V67E,2.252408342,0.322696952,0
V67F,1.425648616,0.203086579,0
V67G,2.088022357,0.298914626,0
V67H,2.6977322,0.387123594,0
V67I,1.753308304,0.250490312,0
V67K,4.172480669,0.600480884,1
V67L,2.809715072,0.403324568,1
V67M,1.272717207,0.180961429,0
V67N,2.345027615,0.336096523,0
V67P,2.913059118,0.418275731,1
V67Q,2.645422686,0.379555784,0
V67R,2.035777297,0.291356141,0
V67S,2.993646063,0.429934541,1
V67T,2.428781789,0.348213548,0
V67W,1.401553006,0.199600578,0
V67Y,1.256303068,0.178586735,0
T68A,2.18987182,0.313649563,0
T68C,1.864635799,0.26659647,0
T68D,2.503471723,0.359019215,0
T68E,1.252814668,0.178082055,0
T68F,1.158801267,0.16448079,0
T68G,2.61871518,0.37569191,0
T68H,1.442413183,0.20551197,0
T68I,1.155629313,0.164021892,0
T68K,2.233138241,0.319909075,0
T68L,1.563076497,0.222968776,0
T68M,1.341011221,0.190841775,0
T68N,2.586711462,0.371061815,0
T68P,2.350603893,0.336903264,0
T68Q,2.055282939,0.294178094,0
T68R,2.504872837,0.35922192,0
T68S,2.50717776,0.359555381,0
T68V,1.342017653,0.190987379,0
T68W,1.479340919,0.210854442,0
T68Y,1.103191243,0.156435483,0
N69A,2.289594646,0.328076831,0
N69C,2.159125391,0.309201364,0
N69D,1.238239051,0.175973347,0
N69E,1.231508665,0.174999637,0
N69F,1.449964783,0.206604488,0
N69G,2.445193623,0.350587908,0
N69H,1.698709823,0.242591349,0
N69I,0.965687022,0.136542241,0
N69K,1.155221671,0.163962917,0
N69L,1.156859434,0.164199858,0
N69M,2.795162211,0.401219152,0
N69P,1.260154813,0.179143981,0
N69Q,0.955237869,0.135030524,0
N69R,1.078041233,0.152796939,0
N69S,2.506723753,0.359489698,0
N69T,1.557823929,0.222208868,0
N69V,1.217585788,0.172985363,0
N69W,1.046112586,0.148177704,0
N69Y,1.412945808,0.201248817,0
Y70A,2.474902875,0.354886055,0
Y70C,2.07598127,0.297172598,0
Y70D,1.320259974,0.187839616,0
Y70E,2.380653442,0.341250642,0
Y70F,2.262278367,0.324124885,0
Y70G,1.400071899,0.199386301,0
Y70H,2.125678537,0.304362484,0
Y70I,2.818308985,0.404567881,1
Y70K,2.021371129,0.289271948,0
Y70L,2.117023771,0.303110367,0
Y70M,2.170913896,0.31090685,0
Y70N,1.864053572,0.266512237,0
Y70P,1.390996524,0.198073333,0
Y70Q,2.218342136,0.317768468,0
Y70R,1.549729819,0.221037863,0
Y70S,1.406854976,0.200367633,0
Y70T,1.965065131,0.281125952,0
Y70V,2.416865617,0.346489591,0
Y70W,1.736791552,0.248100773,0
F71A,1.279093714,0.181883941,0
F71C,0.841460868,0.118569986,0
F71D,1.036531223,0.146791533,0
F71E,1.565823802,0.223366239,0
F71G,1.152679524,0.163595135,0
F71H,1.501231099,0.214021375,0
F71I,1.071519616,0.151853432,0
F71K,1.022658768,0.144784554,0
F71L,1.61487426,0.230462549,0
F71M,1.567430455,0.223598679,0
F71N,0.901995085,0.127327694,0
F71P,1.544392655,0.220265716,0
F71Q,1.262178029,0.179436687,0
F71R,1.147820378,0.162892145,0
F71S,1.132219049,0.160635043,0
F71T,1.631470844,0.232863638,0
F71V,0.946218036,0.133725592,0
F71W,2.182134871,0.31253023,0
F71Y,1.272338633,0.180906659,0
I72A,1.353066724,0.192585889,0
I72C,1.396433059,0.198859856,0
I72D,1.391200009,0.198102772,0
I72E,1.204541989,0.171098269,0
I72F,1.12126276,0.159049956,0
I72G,0.95363421,0.134798517,0
I72H,1.919810533,0.274578802,0
I72K,1.280635181,0.182106951,0
I72L,2.026505957,0.290014822,0
I72M,1.915563418,0.273964356,0
I72N,1.308482666,0.186135749,0
I72P,1.311795718,0.186615061,0
I72Q,1.592968971,0.22729343,0
I72R,2.622369617,0.376220611,0
I72S,1.904783723,0.272404818,0
I72T,1.199452545,0.17036196,0
I72V,1.592046493,0.227159972,0
I72W,0.858586504,0.121047615,0
I72Y,1.520447995,0.216801554,0
T73A,2.537688543,0.363969489,0
T73C,2.217829677,0.317694329,0
T73D,1.133997357,0.160892317,0
T73E,1.299661678,0.184859584,0
T73F,3.141645161,0.451346116,1
T73G,3.569158441,0.513196036,1
T73H,2.55223345,0.366073754,0
T73I,1.961844328,0.280659986,0
T73K,1.962017346,0.280685017,0
T73L,2.296587629,0.329088532,0
T73M,2.737410634,0.392864019,0
T73N,1.421733727,0.202520197,0
T73P,0.429303157,0.058941613,0
T73Q,1.936113683,0.276937439,0
T73R,1.673483783,0.238941805,0
T73S,1.928147533,0.275784947,0
T73V,2.351977082,0.337101928,0
T73W,3.173883916,0.456010215,1
T73Y,2.885789651,0.414330557,1
S74A,1.573995162,0.224548419,0
S74C,2.704231601,0.388063886,0
S74D,1.180896316,0.167677362,0
S74E,1.098030118,0.155688804,0
S74F,1.025233934,0.145157112,0
S74G,1.765008684,0.252183049,0
S74H,1.139328603,0.161663608,0
S74I,0.984715796,0.139295204,0
S74K,1.220254602,0.17337147,0
S74L,1.381856091,0.196750953,0
S74M,2.778451563,0.398801561,0
S74N,1.121377599,0.15906657,0
S74P,0.649103187,0.090740893,0
S74Q,1.321627569,0.188037471,0
S74R,1.308421113,0.186126844,0
S74T,1.983051038,0.283728039,0
S74V,1.286232674,0.182916761,0
S74W,1.278609788,0.18181393,0
S74Y,0.922164013,0.130245608,0
L75A,1.465995941,0.208923775,0
L75C,1.899047574,0.271574949,0
L75D,1.28681433,0.183000911,0
L75E,1.131473751,0.160527218,0
L75F,1.112477998,0.157779032,0
L75G,1.057712006,0.149855835,0
L75H,1.376575987,0.195987061,0
L75I,1.331999449,0.189538009,0
L75K,0.848347183,0.119566255,0
L75M,2.644980699,0.37949184,0
L75N,0.952183573,0.134588648,0
L75P,0.682258923,0.095537655,0
L75Q,1.701340548,0.242971945,0
L75R,1.245770868,0.177063003,0
L75S,1.213706442,0.172424124,0
L75T,0.956641849,0.135233643,0
L75V,1.5239961,0.217314871,0
L75W,0.838840883,0.118190944,0
L75Y,0.938700194,0.132637958,0
A76C,1.880336824,0.268867995,0
A76D,1.244239696,0.176841482,0
A76E,1.121213914,0.15904289,0
A76F,0.920373499,0.129986567,0
A76G,1.282289077,0.182346226,0
A76H,1.123544305,0.159380036,0
A76I,1.147371312,0.162827177,0
A76K,1.239606443,0.176171173,0
A76L,1.837132537,0.262617472,0
A76M,1.399523355,0.199306941,0
A76N,1.128954996,0.16016282,0
A76P,1.303528694,0.18541904,0
A76Q,0.917035981,0.129503716,0
A76R,1.579299483,0.225315815,0
A76S,2.01510121,0.288364855,0
A76T,1.277226913,0.181613864,0
A76V,1.994205982,0.285341866,0
A76W,1.036409877,0.146773977,0
A76Y,1.129944386,0.160305959,0
C77A,1.949264317,0.27883999,0
C77D,0.969398064,0.137079132,0
C77E,1.177647353,0.167207323,0
C77F,2.31540346,0.331810687,0
C77G,1.474982274,0.21022386,0
C77H,1.236741262,0.175756656,0
C77I,1.456109755,0.207493504,0
C77K,1.18200037,0.16783709,0
C77L,2.350747278,0.336924008,0
C77M,2.07274676,0.296704649,0
C77N,1.309539362,0.186288625,0
C77P,1.002650061,0.14188982,0
C77Q,1.046562209,0.148242753,0
C77R,1.022216265,0.144720535,0
C77S,1.295183178,0.184211663,0
C77T,2.357252698,0.337865171,0
C77V,1.582915837,0.225839006,0
C77W,1.298745904,0.184727096,0
C77Y,1.511188448,0.215461941,0
A78C,1.718525804,0.2454582,0
A78D,1.309029934,0.186214925,0
A78E,1.133565566,0.160829848,0
A78F,0.802507073,0.112934398,0
A78G,1.117750032,0.158541757,0
A78H,0.952411006,0.134621551,0
A78I,1.265539895,0.17992306,0
A78K,1.00753454,0.142596476,0
A78L,1.194021851,0.169576282,0
A78M,1.025810176,0.14524048,0
A78N,1.254691688,0.17835361,0
A78P,1.331487998,0.189464015,0
A78Q,1.532550718,0.218552499,0
A78R,1.381345053,0.196677019,0
A78S,2.389471303,0.342526355,0
A78T,1.573928921,0.224538836,0
A78V,1.705016618,0.243503776,0
A78W,1.15873699,0.164471491,0
A78Y,1.486618644,0.211907337,0
D79A,1.878364183,0.268582606,0
D79C,1.374510235,0.195688201,0
D79E,1.474599962,0.21016855,0
D79F,1.161095745,0.164812741,0
D79G,1.60183114,0.228575553,0
D79H,0.986765224,0.139591703,0
D79I,1.05884597,0.150019889,0
D79K,0.960589837,0.135804813,0
D79L,1.003575531,0.142023712,0
D79M,1.041600743,0.147524959,0
D79N,1.239565814,0.176165295,0
D79P,1.083389512,0.153570694,0
D79Q,1.015564643,0.143758221,0
D79R,0.892382923,0.125937068,0
D79S,2.039781249,0.291935407,0
D79T,0.966799195,0.136703144,0
D79V,1.049750753,0.148704051,0
D79W,0.981656647,0.138852626,0
D79Y,1.271890797,0.180841869,0
L80A,2.528188625,0.3625951,0
L80C,2.200881766,0.315242412,0
L80D,2.382178964,0.341471345,0
L80E,1.12112964,0.159030697,0
L80F,1.776884287,0.253901136,0
L80G,1.531851616,0.218451358,0
L80H,0.996301532,0.140971355,0
L80I,2.55205251,0.366047577,0
L80K,1.110409716,0.157479806,0
L80M,2.797447814,0.401549819,0
L80N,1.151650734,0.163446296,0
L80P,1.328718431,0.189063332,0
L80Q,1.620015814,0.231206397,0
L80R,1.238562834,0.17602019,0
L80S,1.390186,0.197956071,0
L80T,1.829839773,0.261562401,0
L80V,1.889521968,0.270196844,0
L80W,1.383137706,0.196936369,0
L80Y,1.132080876,0.160615053,0
V81A,2.56498462,0.367918513,0
V81C,2.563408759,0.367690527,0
V81D,1.024257286,0.145015817,0
V81E,1.045628831,0.148107717,0
V81F,1.466874614,0.209050895,0
V81G,3.60245795,0.518013598,1
V81H,1.249081839,0.177542013,0
V81I,1.900317978,0.271758743,0
V81K,1.128071127,0.160034948,0
V81L,2.103334594,0.301129904,0
V81M,2.291383775,0.328335671,0
V81N,1.218071342,0.17305561,0
V81P,0.714908165,0.100261141,0
V81Q,1.553640026,0.221603567,0
V81R,1.206628175,0.171400085,0
V81S,2.049263877,0.293307294,0
V81T,2.64125245,0.37895246,0
V81W,1.701480367,0.242992173,0
V81Y,1.33731634,0.190307223,0
M82A,1.316497616,0.187295302,0
M82C,1.536318885,0.219097654,0
M82D,0.956070195,0.13515094,0
M82E,1.138683929,0.161570341,0
M82F,0.862153037,0.121563599,0
M82G,1.584419805,0.226056591,0
M82H,1.240118678,0.176245279,0
M82I,3.076544495,0.441927763,1
M82K,1.459953471,0.208049588,0
M82L,1.871971414,0.267657741,0
M82N,1.21950488,0.173263005,0
M82P,0.969880651,0.137148949,0
M82Q,1.024657294,0.145073688,0
M82R,1.408775527,0.200645487,0
M82S,1.159910938,0.16464133,0
M82T,1.86212346,0.266233001,0
M82V,2.174779944,0.311466166,0
M82W,1.273030975,0.181006823,0
M82Y,1.055139831,0.149483709,0
G83A,1.004835712,0.142206027,0
G83C,1.09604549,0.155401681,0
G83D,1.009979103,0.14295014,0
G83E,0.965306283,0.136487159,0
G83F,1.25071877,0.177778834,0
G83H,1.23895296,0.176076631,0
G83I,1.205417252,0.171224896,0
G83K,0.899043577,0.126900689,0
G83L,1.292502664,0.183823864,0
G83M,1.166844893,0.165644491,0
G83N,1.542580536,0.22000355,0
G83P,1.273369928,0.18105586,0
G83Q,1.155931349,0.164065589,0
G83R,1.014959236,0.143670634,0
G83S,1.409370859,0.200731616,0
G83T,1.159405321,0.164568181,0
G83V,0.963784924,0.136267058,0
G83W,1.769433139,0.252823151,0
G83Y,1.125220674,0.159622562,0
L84A,1.972080584,0.282140903,0
L84C,2.385684774,0.341978544,0
L84D,1.275315852,0.181337384,0
L84E,1.016498735,0.143893359,0
L84F,2.08901852,0.299058745,0
L84G,1.782506303,0.254714494,0
L84H,1.010458189,0.143019451,0
L84I,2.901277649,0.416571263,1
L84K,1.179219689,0.167434799,0
L84M,1.633273912,0.233124494,0
L84N,1.35650635,0.193083512,0
L84P,2.008660748,0.28743309,0
L84Q,1.188502355,0.168777756,0
L84R,0.931316416,0.131569719,0
L84S,1.917192253,0.274200006,0
L84T,2.226897028,0.319006136,0
L84V,2.020334622,0.289121992,0
L84W,1.1412786,0.161945721,0
L84Y,1.376939224,0.196039612,0
A85C,1.890904635,0.27039688,0
A85D,1.008624431,0.142754155,0
A85E,1.070933398,0.151768622,0
A85F,2.514298685,0.360585592,0
A85G,2.002937145,0.286605035,0
A85H,1.185241635,0.168306016,0
A85I,2.784497145,0.399676198,0
A85K,1.087550269,0.154172646,0
A85L,1.982117385,0.283592964,0
A85M,1.544113695,0.220225358,0
A85N,0.982376222,0.138956729,0
A85P,1.374202526,0.195643683,0
A85Q,1.538924023,0.219474549,0
A85R,0.984571594,0.139274342,0
A85S,2.457227094,0.352328835,0
A85T,2.92067156,0.419377052,1
A85V,1.851463704,0.264690815,0
A85W,1.054876169,0.149445564,0
A85Y,2.327146225,0.333509556,0
V86A,1.319082413,0.187669254,0
V86C,1.545243705,0.22038884,0
V86D,1.070179088,0.151659493,0
V86E,1.253949231,0.178246196,0
V86F,1.162979058,0.165085207,0
V86G,1.483991764,0.211527297,0
V86H,1.059932841,0.150177131,0
V86I,1.930974703,0.276193964,0
V86K,0.947908647,0.133970179,0
V86L,1.021190823,0.144572181,0
V86M,1.080025449,0.153084003,0
V86N,1.121692837,0.159112177,0
V86P,1.542297772,0.219962641,0
V86Q,1.058394563,0.149954583,0
V86R,0.893370199,0.1260799,0
V86S,1.431966279,0.204000578,0
V86T,1.559719641,0.222483127,0
V86W,1.222205851,0.173653765,0
V86Y,1.40271349,0.199768469,0
V87A,2.550962048,0.365889815,0
V87C,1.511033963,0.215439591,0
V87D,0.866107096,0.122135647,0
V87E,0.787159651,0.11071403,0
V87F,1.384631432,0.197152472,0
V87G,1.339478071,0.190619969,0
V87H,1.421124221,0.202432018,0
V87I,2.229587079,0.319395316,0
V87K,1.272385117,0.180913384,0
V87L,3.589226411,0.516099343,1
V87M,2.245224236,0.321657601,0
V87N,1.066431032,0.151117248,0
V87P,1.134469743,0.160960659,0
V87Q,1.264467636,0.179767933,0
V87R,1.171802948,0.166361791,0
V87S,1.177379624,0.16716859,0
V87T,2.361098685,0.338421584,0
V87W,1.456051211,0.207485034,0
V87Y,1.377346292,0.196098504,0
P88A,1.052464013,0.149096588,0
P88C,1.222232171,0.173657573,0
P88D,0.915661745,0.129304901,0
P88E,1.218784137,0.173158733,0
P88F,2.532463315,0.363213536,0
P88G,1.256603849,0.17863025,0
P88H,1.336674973,0.190214434,0
P88I,1.255568445,0.178480454,0
P88K,1.039246488,0.14718436,0
P88L,1.476904445,0.210501948,0
P88M,0.855766642,0.120639655,0
P88N,1.019471639,0.14432346,0
P88Q,1.051131937,0.148903872,0
P88R,1.011905963,0.143228906,0
P88S,1.276484924,0.181506518,0
P88T,1.56564788,0.223340787,0
P88V,1.181379328,0.167747241,0
P88W,1.104434016,0.15661528,0
P88Y,1.002509972,0.141869553,0
F89A,1.890303093,0.270309852,0
F89C,1.743408818,0.249058117,0
F89D,1.445258362,0.205923593,0
F89E,1.587226633,0.226462665,0
F89G,2.408342529,0.345256525,0
F89H,1.407102808,0.200403488,0
F89I,1.771949507,0.253187203,0
F89K,1.124030498,0.159450375,0
F89L,2.525889681,0.362262504,0
F89M,2.69316774,0.386463236,0
F89N,1.533908878,0.218748989,0
F89P,2.796380448,0.401395399,0
F89Q,1.559507234,0.222452398,0
F89R,1.359927107,0.193578406,0
F89S,1.785867579,0.255200782,0
F89T,1.196086643,0.169875003,0
F89V,1.779547621,0.25428645,0
F89W,1.982426257,0.28363765,0
F89Y,1.722815411,0.246078793,0
G90A,2.872181447,0.412361808,1
G90C,2.570984279,0.368786505,0
G90D,1.464476301,0.208703923,0
G90E,1.339136208,0.19057051,0
G90F,1.798830767,0.257076214,0
G90H,1.730764346,0.247228794,0
G90I,0.998079074,0.141228519,0
G90K,0.870425464,0.122760401,0
G90L,1.307507209,0.185994626,0
G90M,1.524953172,0.217453334,0
G90N,3.511003893,0.504782603,1
G90P,1.089669722,0.154479275,0
G90Q,1.810574333,0.258775199,0
G90R,1.09100944,0.154673097,0
G90S,2.802928213,0.402342688,1
G90T,1.972955019,0.282267411,0
G90V,1.009975239,0.142949581,0
G90W,1.939325581,0.277402116,0
G90Y,2.212168731,0.316875339,0
A91C,1.978124912,0.283015358,0
A91D,1.022911565,0.144821127,0
A91E,1.696415943,0.242259485,0
A91F,1.987055218,0.284307338,0
A91G,2.691754474,0.386258774,0
A91H,1.091003463,0.154672232,0
A91I,1.700137596,0.24279791,0
A91K,1.03312504,0.146298748,0
A91L,2.27657111,0.326192668,0
A91M,2.696709688,0.386975663,0
A91N,0.825806701,0.116305241,0
A91P,0.994244992,0.140673828,0
A91Q,2.015956561,0.288488602,0
A91R,0.926453071,0.130866121,0
A91S,2.27498742,0.32596355,0
A91T,2.053665245,0.293944056,0
A91V,2.232933571,0.319879465,0
A91W,1.229070952,0.174646964,0
A91Y,1.591701522,0.227110064,0
A92C,2.599327577,0.372887035,0
A92D,1.761839429,0.251724541,0
A92E,1.52155188,0.216961257,0
A92F,1.645443541,0.234885119,0
A92G,2.021890066,0.289347024,0
A92H,4.035288071,0.580632725,1
A92I,2.256458093,0.323282844,0
A92K,2.915402993,0.418614829,1
A92L,3.348672748,0.481297559,1
A92M,2.369727871,0.33967,0
A92N,1.515172683,0.216038355,0
A92P,0.996166227,0.14095178,0
A92Q,2.33584522,0.334768072,0
A92R,2.119845433,0.303518588,0
A92S,2.410837127,0.345617427,0
A92T,3.026957677,0.434753855,1
A92V,1.787685217,0.255463746,0
A92W,1.401428726,0.199582598,0
A92Y,2.613438531,0.374928518,0
H93A,2.070003868,0.296307825,0
H93C,1.870616744,0.267461756,0
H93D,1.659468865,0.236914215,0
H93E,1.406873576,0.200370324,0
H93F,1.939220093,0.277386855,0
H93G,2.069648125,0.296256358,0
H93I,1.112037311,0.157715277,0
H93K,1.863680393,0.266458248,0
H93L,1.820750519,0.260247425,0
H93M,2.058920252,0.294704317,0
H93N,2.653418864,0.38071262,0
H93P,1.276961534,0.181575471,0
H93Q,1.681397124,0.240086657,0
H93R,2.008953057,0.287475379,0
H93S,1.723144118,0.246126348,0
H93T,2.75727461,0.395737813,0
H93V,1.492571287,0.212768528,0
H93W,3.209341172,0.461139947,1
H93Y,1.560953661,0.222661658,0
I94A,2.758969802,0.395983063,0
I94C,2.422945962,0.347369257,0
I94D,1.347232064,0.191741767,0
I94E,2.238849897,0.320735402,0
I94F,1.943908491,0.278065143,0
I94G,2.132456484,0.305343075,0
I94H,2.446369954,0.350758092,0
I94K,1.369414524,0.194950985,0
I94L,2.41616089,0.346387636,0
I94M,1.994003704,0.285312601,0
I94N,2.256286829,0.323258067,0
I94P,0.972108905,0.137471319,0
I94Q,2.096289532,0.300110669,0
I94R,2.442055385,0.350133888,0
I94S,1.927752615,0.275727812,0
I94T,2.212729094,0.316956409,0
I94V,2.744924424,0.393951066,0
I94W,2.013914629,0.288193188,0
I94Y,2.438840405,0.349668765,0
L95A,1.903559012,0.272227635,0
L95C,1.357235588,0.193189014,0
L95D,1.396642658,0.19889018,0
L95E,1.838364158,0.262795655,0
L95F,1.836521129,0.262529018,0
L95G,1.057881506,0.149880357,0
L95H,2.138505352,0.306218187,0
L95I,2.588175018,0.371273553,0
L95K,1.25877737,0.178944701,0
L95M,1.829720379,0.261545128,0
L95N,1.426466646,0.203204926,0
L95P,1.103508446,0.156481374,0
L95Q,2.998132292,0.430583581,1
L95R,1.341726529,0.190945261,0
L95S,3.360031057,0.482940807,1
L95T,1.832712099,0.261977951,0
L95V,1.852755435,0.264877694,0
L95W,1.813297128,0.259169116,0
L95Y,1.490548758,0.212475921,0
M96A,2.770353742,0.397630019,0
M96C,2.920460855,0.419346568,1
M96D,2.585354761,0.370865536,0
M96E,3.763866934,0.54136523,1
M96F,3.289251742,0.472700903,1
M96G,3.038751431,0.436460101,1
M96H,3.318589931,0.476945367,1
M96I,2.114202213,0.302702162,0
M96K,2.543902827,0.364868532,0
M96L,3.059804336,0.439505902,1
M96N,1.420586346,0.202354201,0
M96P,1.812180526,0.259007573,0
M96Q,4.460575298,0.642160594,1
M96R,2.315641814,0.331845171,0
M96S,2.41037795,0.345550996,0
M96T,1.631677545,0.232893542,0
M96V,2.604014584,0.373565121,0
M96W,2.377721169,0.34082642,0
M96Y,2.823104314,0.405261639,1
K97A,1.53189411,0.218457505,0
K97C,2.200114339,0.315131386,0
K97D,1.812663596,0.25907746,0
K97E,2.255554063,0.323152055,0
K97F,1.272809661,0.180974804,0
K97G,2.348396151,0.336583861,0
K97H,1.083819632,0.153632921,0
K97I,1.039900771,0.147279018,0
K97L,1.202019112,0.170733275,0
K97M,1.36213571,0.193897933,0
K97N,2.411371767,0.345694776,0
K97P,2.449773216,0.351250455,0
K97Q,4.668158428,0.67219241,1
K97R,2.013252403,0.288097382,0
K97S,2.316589043,0.33198221,0
K97T,2.641498574,0.378988068,0
K97V,1.597441599,0.227940502,0
K97W,0.946208023,0.133724143,0
K97Y,2.014327539,0.288252925,0
M98A,2.976161248,0.427404949,1
M98C,2.039364427,0.291875104,0
M98D,3.084723565,0.443111059,1
M98E,2.433537617,0.348901591,0
M98F,2.247853242,0.322037949,0
M98G,2.606215125,0.373883481,0
M98H,3.034971418,0.435913233,1
M98I,1.667331857,0.238051783,0
M98K,2.998551667,0.430644253,1
M98L,2.369569979,0.339647157,0
M98N,2.629071468,0.377190193,0
M98P,2.890750299,0.415048233,1
M98Q,1.705899697,0.243631534,0
M98R,2.875086513,0.412782095,1
M98S,2.144269467,0.307052103,0
M98T,1.946956353,0.278506088,0
M98V,2.485547356,0.356426031,0
M98W,2.31272487,0.331423166,0
M98Y,2.139061372,0.306298628,0
W99A,0.530362853,0.073562291,0
W99C,1.352881063,0.192559029,0
W99D,0.94304088,0.133265941,0
W99E,1.452748927,0.20700728,0
W99F,1.056138188,0.149628145,0
W99G,1.520924786,0.216870533,0
W99H,1.405931148,0.20023398,0
W99I,0.923292009,0.130408799,0
W99K,1.000777997,0.141618982,0
W99L,1.120035253,0.158872368,0
W99M,0.986620215,0.139570724,0
W99N,2.07362626,0.29683189,0
W99P,1.674091692,0.239029753,0
W99Q,1.184401413,0.168184458,0
W99R,0.951019889,0.134420293,0
W99S,1.075223335,0.152389263,0
W99T,1.294967534,0.184180465,0
W99V,1.264340229,0.1797495,0
W99Y,1.119048018,0.158729541,0
T100A,2.070049888,0.296314483,0
T100C,1.927529189,0.275695489,0
T100D,2.541292343,0.364490864,0
T100E,3.644681436,0.524122226,1
T100F,1.775913737,0.253760723,0
T100G,2.265372729,0.324572557,0
T100H,1.922976156,0.275036785,0
T100I,1.796675531,0.256764408,0
T100K,1.723242266,0.246140547,0
T100L,1.589814728,0.226837094,0
T100M,2.17793151,0.311922114,0
T100N,2.478745259,0.355441947,0
T100P,3.239793852,0.465545648,1
T100Q,2.607743108,0.37410454,0
T100R,2.252627009,0.322728587,0
T100S,2.039665474,0.291918658,0
T100V,1.78466138,0.255026277,0
T100W,2.121420493,0.303746457,0
T100Y,1.141110428,0.161921391,0
F101A,0.970774813,0.137278311,0
F101C,0.544809186,0.075652296,0
F101D,1.048017738,0.148453329,0
F101E,0.918344401,0.12969301,0
F101G,1.540681017,0.219728739,0
F101H,1.485615432,0.211762199,0
F101I,1.803567137,0.257761442,0
F101K,2.147640282,0.307539771,0
F101L,2.900432012,0.416448922,1
F101M,1.468349496,0.209264272,0
F101N,1.028490949,0.145628317,0
F101P,1.508400897,0.215058656,0
F101Q,1.320839825,0.187923505,0
F101R,1.102295904,0.156305951,0
F101S,1.285240754,0.182773256,0
F101T,1.281514199,0.182234122,0
F101V,1.709336085,0.244128689,0
F101W,2.178934209,0.312067178,0
F101Y,2.221382025,0.31820826,0
G102A,1.133441383,0.160811882,0
G102C,1.089243874,0.154417666,0
G102D,1.598298951,0.228064538,0
G102E,1.2184669,0.173112837,0
G102F,1.377374912,0.196102644,0
G102H,0.829922654,0.116900711,0
G102I,1.163688321,0.165187818,0
G102K,1.480599103,0.211036468,0
G102L,1.075451572,0.152422283,0
G102M,0.93504347,0.132108926,0
G102N,1.766905395,0.252457453,0
G102P,1.18771984,0.168664547,0
G102Q,1.339718963,0.190654819,0
G102R,2.187741067,0.313341299,0
G102S,1.694078094,0.241921259,0
G102T,1.569403694,0.223884155,0
G102V,1.15370088,0.163742898,0
G102W,1.120469064,0.158935129,0
G102Y,0.893104671,0.126041486,0
N103A,2.427738622,0.348062629,0
N103C,1.829310174,0.261485782,0
N103D,1.877255948,0.268422274,0
N103E,1.607826026,0.229442855,0
N103F,2.372925525,0.340132616,0
N103G,1.313399389,0.18684707,0
N103H,1.911070621,0.273314367,0
N103I,1.127845381,0.160002288,0
N103K,1.757627335,0.251115162,0
N103L,1.928639563,0.275856131,0
N103M,2.113620313,0.302617977,0
N103P,2.251158853,0.322516184,0
N103Q,2.31557612,0.331835667,0
N103R,2.150078473,0.307892513,0
N103S,1.861033563,0.266075322,0
N103T,2.324703135,0.333156106,0
N103V,1.805525258,0.258044731,0
N103W,1.758398292,0.251226699,0
N103Y,2.828292589,0.406012246,1
F104A,2.20403969,0.315699281,0
F104C,1.535784221,0.219020302,0
F104D,2.590804915,0.37165403,0
F104E,1.882108937,0.269124374,0
F104G,2.255409325,0.323131115,0
F104H,2.015837173,0.28847133,0
F104I,1.780362885,0.254404398,0
F104K,2.569404117,0.368557897,0
F104L,2.18736541,0.313286951,0
F104M,1.81532485,0.259462474,0
F104N,0.623622034,0.08705444,0
F104P,2.071142137,0.296472503,0
F104Q,2.910108295,0.417848825,1
F104R,2.119552462,0.303476202,0
F104S,1.526917339,0.217737498,0
F104T,1.947814776,0.278630279,0
F104V,2.115170768,0.302842287,0
F104W,1.694665233,0.242006203,0
F104Y,1.563215433,0.222988876,0
W105A,1.626293275,0.23211458,0
W105C,1.440127049,0.205181227,0
W105D,1.02312027,0.144851321,0
W105E,0.892945541,0.126018464,0
W105F,1.479371305,0.210858838,0
W105G,2.002904229,0.286600273,0
W105H,1.048653399,0.148545293,0
W105I,1.781130451,0.254515444,0
W105K,1.045883573,0.148144572,0
W105L,2.370652856,0.339803821,0
W105M,2.082124402,0.298061347,0
W105N,0.919890202,0.129916647,0
W105P,0.953445897,0.134771273,0
W105Q,1.339624141,0.190641101,0
W105R,0.808328432,0.113776595,0
W105S,1.271779897,0.180825825,0
W105T,1.115058628,0.158152382,0
W105V,2.357445484,0.337893062,0
W105Y,2.242440717,0.321254899,0
C106A,1.878664433,0.268626044,0
C106D,1.237458499,0.175860422,0
C106E,1.403357469,0.199861636,0
C106F,1.311334698,0.186548363,0
C106G,1.252691229,0.178064197,0
C106H,1.176987727,0.167111892,0
C106I,1.443607425,0.205684746,0
C106K,0.962176038,0.136034295,0
C106L,1.350936313,0.192277675,0
C106M,1.356168583,0.193034646,0
C106N,1.216448495,0.172820827,0
C106P,0.77847265,0.109457249,0
C106Q,1.106375733,0.156896195,0
C106R,1.062864911,0.150601324,0
C106S,1.408422272,0.20059438,0
C106T,0.878090749,0.123869366,0
C106V,1.435338123,0.204488395,0
C106W,1.700553128,0.242858026,0
C106Y,0.868312495,0.12245471,0
E107A,1.754871656,0.250716488,0
E107C,1.688191884,0.24106968,0
E107D,2.366521591,0.339206135,0
E107F,1.671987918,0.238725392,0
E107G,1.710965421,0.244364411,0
E107H,1.457427637,0.207684167,0
E107I,1.374465172,0.195681681,0
E107K,2.690440737,0.386068711,0
E107L,1.490240145,0.212431273,0
E107M,1.391975192,0.19821492,0
E107N,1.151873126,0.163478471,0
E107P,1.041095265,0.14745183,0
E107Q,2.478793101,0.355448868,0
E107R,2.132953959,0.305415046,0
E107S,2.022404384,0.289421432,0
E107T,2.338027551,0.335083798,0
E107V,1.644560072,0.234757305,0
E107W,1.17777058,0.167225151,0
E107Y,1.497962169,0.213548446,0
F108A,1.522350058,0.217076732,0
F108C,1.130126009,0.160332235,0
F108D,0.752591798,0.105712971,0
F108E,1.405579142,0.200183054,0
F108G,1.5725751,0.224342974,0
F108H,1.560696049,0.222624388,0
F108I,1.646742711,0.235073075,0
F108K,0.997507041,0.141145761,0
F108L,1.551874257,0.221348107,0
F108M,1.555484414,0.221870401,0
F108N,1.633127692,0.23310334,0
F108P,1.338438968,0.190469638,0
F108Q,1.957501718,0.280031725,0
F108R,1.10013744,0.155993678,0
F108S,1.423432863,0.202766017,0
F108T,0.986514227,0.13955539,0
F108V,2.058052593,0.29457879,0
F108W,1.880104993,0.268834456,0
F108Y,1.928850067,0.275886585,0
W109A,2.02243994,0.289426576,0
W109C,1.088242885,0.154272849,0
W109D,1.075590202,0.152442339,0
W109E,1.168115336,0.165828291,0
W109F,2.628090103,0.377048215,0
W109G,2.403296753,0.344526534,0
W109H,0.963351037,0.136204286,0
W109I,2.070152465,0.296329323,0
W109K,1.206309521,0.171353984,0
W109L,2.036139405,0.291408528,0
W109M,2.521334941,0.361603553,0
W109N,1.501804295,0.214104301,0
W109P,1.164755903,0.165342269,0
W109Q,1.573247883,0.224440308,0
W109R,1.198918102,0.17028464,0
W109S,2.041122103,0.292129394,0
W109T,1.914186669,0.273765177,0
W109V,1.689504304,0.241259552,0
W109Y,2.224343912,0.318636767,0
T110A,2.321377145,0.332674922,0
T110C,2.01402051,0.288208506,0
T110D,1.145003137,0.162484564,0
T110E,1.759607732,0.251401673,0
T110F,3.115012704,0.4474931,1
T110G,1.602979187,0.228741645,0
T110H,1.189612609,0.168938381,0
T110I,2.390695271,0.342703431,0
T110K,1.312349543,0.186695185,0
T110L,2.068460887,0.296084596,0
T110M,2.916010869,0.418702772,1
T110N,2.156868165,0.308874803,0
T110P,1.31419866,0.186962703,0
T110Q,3.206669204,0.460753384,1
T110R,1.443966632,0.205736713,0
T110S,2.963839404,0.425622302,1
T110V,2.276277715,0.326150222,0
T110W,2.733171432,0.392250718,0
T110Y,2.3658683,0.339111621,0
S111A,2.557475053,0.366832076,0
S111C,2.180728535,0.31232677,0
S111D,1.164072542,0.165243405,0
S111E,1.493263849,0.212868723,0
S111F,1.787352426,0.2554156,0
S111G,1.788962017,0.255648466,0
S111H,1.263874398,0.179682107,0
S111I,1.3275589,0.188895578,0
S111K,1.058250758,0.149933778,0
S111L,1.016947852,0.143958334,0
S111M,1.701636786,0.243014803,0
S111N,1.707708381,0.243893203,0
S111P,1.304193542,0.185515226,0
S111Q,2.606698406,0.373953399,0
S111R,1.410487737,0.200893198,0
S111T,1.393350216,0.19841385,0
S111V,1.606815013,0.229296588,0
S111W,1.206753882,0.171418272,0
S111Y,1.281969343,0.182299969,0
I112A,3.022011884,0.434038329,1
I112C,2.141485805,0.30664938,0
I112D,1.896463783,0.271201142,0
I112E,1.38224328,0.196806969,0
I112F,2.046268277,0.29287391,0
I112G,1.438936192,0.205008941,0
I112H,1.405144268,0.200120139,0
I112K,1.634199751,0.233258439,0
I112L,3.001298956,0.431041714,1
I112M,3.775297584,0.543018945,1
I112N,1.498573912,0.21363695,0
I112P,0.966656747,0.136682535,0
I112Q,1.339529883,0.190627464,0
I112R,1.120279639,0.158907724,0
I112S,1.405461162,0.200165985,0
I112T,1.894009933,0.270846134,0
I112V,2.17829201,0.311974269,0
I112W,1.610048543,0.229764395,0
I112Y,0.963390577,0.136210006,0
D113A,1.14663492,0.16272064,0
D113C,1.17910286,0.167417896,0
D113E,1.472532525,0.209869446,0
D113F,0.925941029,0.130792042,0
D113G,1.12934999,0.160219966,0
D113H,1.275165089,0.181315573,0
D113I,1.234939789,0.17549603,0
D113K,1.259169007,0.179001361,0
D113L,1.050912138,0.148872073,0
D113M,1.416306362,0.201735,0
D113N,1.116925099,0.158422411,0
D113P,1.029334428,0.145750346,0
D113Q,1.263315453,0.179601242,0
D113R,1.075266121,0.152395453,0
D113S,1.269300168,0.180467073,0
D113T,1.050527313,0.148816399,0
D113V,1.171994719,0.166389536,0
D113W,1.134968489,0.161032815,0
D113Y,1.059594133,0.150128129,0
V114A,1.070717639,0.151737408,0
V114C,1.049438501,0.148658876,0
V114D,1.101443079,0.15618257,0
V114E,1.163065878,0.165097767,0
V114F,1.383041574,0.196922461,0
V114G,1.090468511,0.154594839,0
V114H,1.226621386,0.174292577,0
V114I,3.477742473,0.499970551,1
V114K,0.804434544,0.113213252,0
V114L,0.721565184,0.101224237,0
V114M,1.093577457,0.155044622,0
V114N,1.248833026,0.177506016,0
V114P,1.251008929,0.177820812,0
V114Q,1.282694697,0.182404909,0
V114R,1.560575168,0.2226069,0
V114S,1.3538093,0.19269332,0
V114T,1.148580627,0.163002133,0
V114W,1.042172257,0.147607642,0
V114Y,1.152562785,0.163578246,0
L115A,2.557862476,0.366888126,0
L115C,2.912061731,0.418131436,1
L115D,1.292194253,0.183779245,0
L115E,1.610339723,0.229806521,0
L115F,2.559632321,0.367144176,0
L115G,1.53214212,0.218493386,0
L115H,1.323789588,0.188350258,0
L115I,1.825436513,0.260925365,0
L115K,1.450888035,0.206738058,0
L115M,1.978962193,0.283136491,0
L115N,1.085503727,0.153876565,0
L115P,1.103263083,0.156445877,0
L115Q,1.060799398,0.150302499,0
L115R,1.029005438,0.14570275,0
L115S,1.54124088,0.219809737,0
L115T,1.619904776,0.231190332,0
L115V,1.486388394,0.211874026,0
L115W,1.605540411,0.229112187,0
L115Y,1.667252285,0.238040271,0
C116A,2.196820727,0.314654887,0
C116D,1.307041956,0.185927316,0
C116E,1.162688364,0.165043151,0
C116F,1.256067536,0.178552659,0
C116G,1.873386007,0.267862395,0
C116H,1.407140143,0.20040889,0
C116I,2.002133516,0.286488771,0
C116K,1.193974724,0.169569464,0
C116L,2.50246421,0.358873455,0
C116M,1.352925541,0.192565464,0
C116N,1.230444598,0.174845695,0
C116P,1.039674742,0.147246317,0
C116Q,1.420496384,0.202341186,0
C116R,1.240108771,0.176243846,0
C116S,1.591891161,0.2271375,0
C116T,1.917253002,0.274208795,0
C116V,2.76671351,0.397103374,0
C116W,1.406696664,0.20034473,0
C116Y,1.025190682,0.145150855,0
V117A,2.009087991,0.287494901,0
V117C,2.963534457,0.425578185,1
V117D,1.163617365,0.165177553,0
V117E,0.966569451,0.136669906,0
V117F,1.311299867,0.186543324,0
V117G,1.55893698,0.222369897,0
V117H,1.071162752,0.151801804,0
V117I,1.032253509,0.14617266,0
V117K,1.149891664,0.163191805,0
V117L,0.763586288,0.107303584,0
V117M,1.223197666,0.173797254,0
V117N,1.318235945,0.187546792,0
V117P,1.189991903,0.168993254,0
V117Q,1.3607753,0.193701117,0
V117R,1.021415052,0.144604621,0
V117S,1.953145972,0.279401563,0
V117T,2.194539681,0.314324879,0
V117W,1.055292105,0.149505739,0
V117Y,1.156996191,0.164219643,0
T118A,1.571373344,0.224169111,0
T118C,1.527260556,0.217787152,0
T118D,0.97405137,0.137752343,0
T118E,1.116055536,0.158296608,0
T118F,0.935027934,0.132106678,0
T118G,1.092796048,0.154931572,0
T118H,1.294033623,0.184045353,0
T118I,1.190955751,0.169132698,0
T118K,0.672216933,0.094084843,0
T118L,1.55480082,0.221771503,0
T118M,1.347422791,0.19176936,0
T118N,1.626095964,0.232086034,0
T118P,1.079716911,0.153039365,0
T118Q,1.549244959,0.220967716,0
T118R,1.262309726,0.17945574,0
T118S,2.037646489,0.291626564,0
T118V,1.171953576,0.166383583,0
T118W,1.001623527,0.141741308,0
T118Y,1.652865871,0.235958935,0
A119C,2.423805021,0.34749354,0
A119D,0.913609098,0.129007937,0
A119E,1.668708651,0.238250969,0
A119F,1.123388706,0.159357525,0
A119G,1.315227982,0.187111619,0
A119H,1.557797472,0.22220504,0
A119I,1.464322664,0.208681695,0
A119K,1.295497807,0.184257182,0
A119L,1.427026847,0.203285972,0
A119M,0.571852363,0.079564732,0
A119N,1.111259368,0.157602729,0
A119P,1.220363813,0.17338727,0
A119Q,1.307243287,0.185956444,0
A119R,1.588929444,0.226709017,0
A119S,2.077043859,0.297326326,0
A119T,1.629209586,0.232536493,0
A119V,1.658643749,0.236794842,0
A119W,1.400912994,0.199507985,0
A119Y,1.150642546,0.163300438,0
S120A,1.281110331,0.182175693,0
S120C,1.335870168,0.190098,0
S120D,1.237637742,0.175886353,0
S120E,2.450141443,0.351303727,0
S120F,0.546725914,0.075929596,0
S120G,1.793183173,0.256259156,0
S120H,1.275796225,0.181406881,0
S120I,1.305273386,0.185671451,0
S120K,1.327304946,0.188858838,0
S120L,1.29720973,0.184504852,0
S120M,1.343315581,0.191175155,0
S120N,1.497198909,0.213438023,0
S120P,1.927515941,0.275693572,0
S120Q,1.598534409,0.228098603,0
S120R,1.128459663,0.160091159,0
S120T,1.819442616,0.260058206,0
S120V,1.904317363,0.272337348,0
S120W,1.430537511,0.203793873,0
S120Y,1.033794698,0.14639563,0
I121A,0.656476822,0.091807664,0
I121C,2.506909379,0.359516554,0
I121D,1.285612661,0.182827061,0
I121E,1.204370969,0.171073527,0
I121F,1.328976201,0.189100624,0
I121G,1.073805795,0.152184182,0
I121H,1.428111909,0.203442952,0
I121K,1.403724817,0.199914782,0
I121L,1.58059855,0.225503756,0
I121M,1.314524436,0.187009834,0
I121N,1.978269095,0.283036218,0
I121P,0.733250644,0.102914815,0
I121Q,1.037281624,0.146900096,0
I121R,1.403498346,0.199882017,0
I121S,1.235730889,0.175610482,0
I121T,1.048753398,0.14855976,0
I121V,1.667892881,0.238132948,0
I121W,1.284510056,0.182667544,0
I121Y,1.170794989,0.166215966,0
E122A,2.861237141,0.410778455,1
E122C,2.706827718,0.388439476,0
E122D,2.968072541,0.426234726,1
E122F,1.056235746,0.149642259,0
E122G,2.117184196,0.303133577,0
E122H,2.105855504,0.301494613,0
E122I,2.680611673,0.384646704,0
E122K,0.925562437,0.13073727,0
E122L,2.61726586,0.375482232,0
E122M,3.23717411,0.465166641,1
E122N,3.374640567,0.485054419,1
E122P,1.211417152,0.172092924,0
E122Q,3.079549147,0.442362457,1
E122R,1.415437958,0.201609365,0
E122S,2.143046301,0.306875143,0
E122T,1.757644949,0.25111771,0
E122V,2.375762459,0.340543046,0
E122W,2.171981589,0.311061317,0
E122Y,1.649625323,0.235490113,0
T123A,1.39310737,0.198378717,0
T123C,2.647928878,0.379918364,0
T123D,1.385762157,0.197316058,0
T123E,1.111232128,0.157598788,0
T123F,2.595986145,0.372403617,0
T123G,1.599164807,0.228189805,0
T123H,2.304649875,0.330254927,0
T123I,2.396243236,0.343506075,0
T123K,1.035627547,0.146660795,0
T123L,1.917218429,0.274203793,0
T123M,2.859603263,0.410542076,1
T123N,2.11074825,0.302202465,0
T123P,0.766295533,0.107695541,0
T123Q,1.645286935,0.234862463,0
T123R,0.982560628,0.138983408,0
T123S,2.601569678,0.373211408,0
T123V,1.931247541,0.276233436,0
T123W,0.964490489,0.136369135,0
T123Y,1.165759711,0.165487494,0
L124A,1.568375301,0.223735373,0
L124C,1.493799041,0.212946151,0
L124D,1.219725962,0.17329499,0
L124E,1.49083248,0.212516968,0
L124F,1.436518203,0.204659122,0
L124G,1.263081616,0.179567412,0
L124H,1.825804809,0.260978648,0
L124I,2.313864803,0.331588084,0
L124K,1.884087517,0.269410622,0
L124M,1.528408686,0.217953256,0
L124N,1.579409192,0.225331687,0
L124P,0.973497847,0.137672262,0
L124Q,2.500045049,0.358523466,0
L124R,1.606208725,0.229208874,0
L124S,2.608716347,0.374245342,0
L124T,1.87322428,0.267838998,0
L124V,1.80398996,0.257822614,0
L124W,1.232042378,0.175076851,0
L124Y,1.219100014,0.173204432,0
C125A,2.545784846,0.365140811,0
C125D,1.092999087,0.154960947,0
C125E,1.261681566,0.179364862,0
C125F,1.172831839,0.166510645,0
C125G,3.122431349,0.448566383,1
C125H,1.305972439,0.185772585,0
C125I,1.101727642,0.156223739,0
C125K,1.228611143,0.174580442,0
C125L,2.197653402,0.314775353,0
C125M,3.462335122,0.497741513,1
C125N,1.660486041,0.237061373,0
C125P,1.372692983,0.195425292,0
C125Q,1.809061268,0.258556298,0
C125R,1.380701537,0.196583919,0
C125S,2.031661579,0.290760705,0
C125T,2.148784234,0.30770527,0
C125V,2.079965062,0.297748948,0
C125W,1.747683797,0.249676594,0
C125Y,1.096771653,0.155506738,0
V126A,1.835356023,0.262360457,0
V126C,1.751002927,0.250156784,0
V126D,1.094069834,0.155115856,0
V126E,0.818291327,0.115217964,0
V126F,1.329948433,0.189241281,0
V126G,1.531424756,0.218389602,0
V126H,0.962406245,0.136067599,0
V126I,2.562310859,0.36753169,0
V126K,1.174136273,0.166699362,0
V126L,3.405812156,0.489564127,1
V126M,1.755236539,0.250769277,0
V126N,1.22788047,0.174474733,0
V126P,1.450128559,0.206628182,0
V126Q,0.984599192,0.139278335,0
V126R,1.297203593,0.184503964,0
V126S,1.429046513,0.203578165,0
V126T,1.697940246,0.242480011,0
V126W,1.109918595,0.157408754,0
V126Y,1.232926069,0.175204698,0
I127A,1.137167477,0.16135095,0
I127C,1.47615733,0.21039386,0
I127D,1.526847262,0.217727359,0
I127E,1.455963623,0.207472362,0
I127F,1.284863056,0.182718613,0
I127G,0.816187887,0.114913651,0
I127H,1.45797916,0.207763957,0
I127K,1.023402694,0.14489218,0
I127L,2.087358156,0.298818534,0
I127M,1.738848084,0.248398299,0
I127N,1.546340375,0.2205475,0
I127P,0.875680353,0.123520645,0
I127Q,1.165953386,0.165515514,0
I127R,1.212330946,0.172225126,0
I127S,0.880551842,0.124225422,0
I127T,1.910229686,0.273192706,0
I127V,1.894634057,0.270936429,0
I127W,1.108853214,0.157254622,0
I127Y,1.316339948,0.187272491,0
A128C,1.594713623,0.227545836,0
A128D,0.976790235,0.138148584,0
A128E,1.843467764,0.263534013,0
A128F,1.219513396,0.173264237,0
A128G,2.616284836,0.375340304,0
A128H,1.293904562,0.184026681,0
A128I,0.777166964,0.109268351,0
A128K,1.041670678,0.147535077,0
A128L,1.361627995,0.19382448,0
A128M,0.821671842,0.115707035,0
A128N,1.679497946,0.239811896,0
A128P,1.247028231,0.17724491,0
A128Q,1.439311607,0.205063254,0
A128R,0.97836818,0.138376871,0
A128S,2.804040645,0.402503628,1
A128T,1.023062343,0.14484294,0
A128V,1.005696016,0.14233049,0
A128W,1.579110482,0.225288472,0
A128Y,1.016445339,0.143885634,0
V129A,1.580976277,0.225558403,0
V129C,1.875488497,0.26816657,0
V129D,1.155756779,0.164040333,0
V129E,0.874251195,0.123313884,0
V129F,1.325798119,0.18864084,0
V129G,1.657608139,0.236645017,0
V129H,1.5255046,0.217533111,0
V129I,3.283116686,0.471813322,1
V129K,0.998581482,0.141301204,0
V129L,2.233351341,0.319939905,0
V129M,1.663938605,0.237560868,0
V129N,0.889791572,0.125562167,0
V129P,1.500813851,0.21396101,0
V129Q,1.252572156,0.17804697,0
V129R,1.175838693,0.166945657,0
V129S,1.422320245,0.202605051,0
V129T,2.139975512,0.30643088,0
V129W,2.031675625,0.290762737,0
V129Y,1.271793609,0.180827808,0
D130A,0.972846764,0.137578068,0
D130C,2.764056685,0.396719001,0
D130E,1.548486931,0.22085805,0
D130F,1.732990401,0.247550846,0
D130G,1.518935308,0.216582708,0
D130H,1.906135172,0.272600337,0
D130I,3.232491024,0.464489121,1
D130K,1.354358747,0.192772811,0
D130L,2.747811872,0.394368804,0
D130M,2.405948414,0.344910159,0
D130N,1.444277484,0.205781685,0
D130P,1.220029416,0.173338892,0
D130Q,1.488253729,0.212143891,0
D130R,1.394799526,0.198623527,0
D130S,1.99357396,0.285250429,0
D130T,2.258669685,0.323602803,0
D130V,2.307083967,0.330607076,0
D130W,1.702905352,0.243198331,0
D130Y,1.953565676,0.279462283,0
R131A,2.22860696,0.319253518,0
R131C,1.795521223,0.25659741,0
R131D,1.17767364,0.167211126,0
R131E,2.124677676,0.304217686,0
R131F,1.509198619,0.215174065,0
R131G,1.085278068,0.153843918,0
R131H,1.695404052,0.242113091,0
R131I,1.472551261,0.209872157,0
R131K,1.566890717,0.223520593,0
R131L,1.422291247,0.202600856,0
R131M,1.675885724,0.239289302,0
R131N,1.731441009,0.24732669,0
R131P,1.095964294,0.155389934,0
R131Q,0.855449836,0.120593822,0
R131S,2.304167387,0.330185123,0
R131T,3.471015605,0.49899735,1
R131V,1.38628389,0.197391539,0
R131W,1.188255546,0.168742049,0
R131Y,1.528329243,0.217941763,0
Y132A,2.230949237,0.319592384,0
Y132C,1.524367322,0.217368577,0
Y132D,1.313245125,0.186824752,0
Y132E,1.158008062,0.164366034,0
Y132F,2.172435982,0.311127056,0
Y132G,1.661933202,0.237270739,0
Y132H,2.298882493,0.329420538,0
Y132I,1.11340761,0.157913523,0
Y132K,1.739101783,0.248435002,0
Y132L,1.22375975,0.173878573,0
Y132M,2.862263811,0.410926987,1
Y132N,1.562213442,0.222843915,0
Y132P,0.777847776,0.109366846,0
Y132Q,1.564818168,0.22322075,0
Y132R,1.183075477,0.16799263,0
Y132S,1.780105976,0.25436723,0
Y132T,1.287235963,0.183061911,0
Y132V,1.434475338,0.204363573,0
Y132W,2.404149418,0.344649892,0
F133A,2.014412834,0.288265265,0
F133C,4.085696157,0.587925449,1
F133D,1.113125566,0.157872718,0
F133E,1.854108831,0.265073495,0
F133G,1.317258725,0.187405414,0
F133H,2.488399264,0.356838627,0
F133I,2.50863968,0.359766883,0
F133K,2.356838761,0.337805285,0
F133L,2.609372946,0.374340335,0
F133M,3.136020424,0.450532364,1
F133N,1.913586567,0.273678358,0
F133P,1.061498272,0.150403608,0
F133Q,1.617284679,0.230811273,0
F133R,1.226369068,0.174256073,0
F133S,1.428710882,0.203529608,0
F133T,2.265305217,0.32456279,0
F133V,2.078693219,0.297564945,0
F133W,2.86748241,0.411681981,1
F133Y,2.002144208,0.286490318,0
A134C,1.685055809,0.240615972,0
A134D,1.253163576,0.178132533,0
A134E,2.101082897,0.300804142,0
A134F,2.966066307,0.425944477,1
A134G,2.115622021,0.302907571,0
A134H,2.753107139,0.39513489,0
A134I,2.763716937,0.396669848,0
A134K,2.096587559,0.300153785,0
A134L,2.612541657,0.374798764,0
A134M,1.792896369,0.256217663,0
A134N,2.902175412,0.416701146,1
A134P,0.9821405,0.138922627,0
A134Q,3.636474512,0.5229349,1
A134R,2.824110001,0.405407135,1
A134S,2.797002673,0.401485418,0
A134T,1.565045118,0.223253584,0
A134V,2.390858961,0.342727112,0
A134W,1.203206414,0.170905046,0
A134Y,1.636551117,0.23359862,0
I135A,1.624916635,0.231915416,0
I135C,2.416345063,0.346414281,0
I135D,1.055173392,0.149488564,0
I135E,1.083935552,0.153649692,0
I135F,1.168108916,0.165827362,0
I135G,1.412805421,0.201228506,0
I135H,1.075555556,0.152437327,0
I135K,1.16630479,0.165566353,0
I135L,1.592342139,0.227202744,0
I135M,1.61822383,0.230947144,0
I135N,1.094411883,0.155165341,0
I135P,1.078448832,0.152855908,0
I135Q,1.220965647,0.17347434,0
I135R,1.237655961,0.175888989,0
I135S,1.478524284,0.210736296,0
I135T,1.980105516,0.283301899,0
I135V,3.358442022,0.482710916,1
I135W,1.266813457,0.180107311,0
I135Y,1.192203147,0.169313163,0
T136A,2.757872646,0.395824333,0
T136C,2.398109289,0.343776044,0
T136D,1.675971186,0.239301666,0
T136E,2.097729219,0.300318954,0
T136F,2.283820196,0.32724142,0
T136G,2.219737717,0.317970372,0
T136H,1.791725249,0.256048233,0
T136I,1.263513168,0.179629846,0
T136K,1.246093791,0.177109721,0
T136L,2.159868727,0.309308905,0
T136M,2.28647825,0.327625971,0
T136N,1.842431316,0.263384066,0
T136P,1.660608894,0.237079147,0
T136Q,1.628570658,0.232444057,0
T136R,1.949544062,0.278880461,0
T136S,2.22005339,0.318016042,0
T136V,2.995587717,0.430215448,1
T136W,2.063150106,0.295316266,0
T136Y,2.093011245,0.299636387,0
S137A,2.376740692,0.34068457,0
S137C,2.753220331,0.395151266,0
S137D,1.830828572,0.261705454,0
S137E,2.521284814,0.361596301,0
S137F,1.937125115,0.277083767,0
S137G,1.999946037,0.286172301,0
S137H,2.391080006,0.342759092,0
S137I,2.145597721,0.307244266,0
S137K,2.398606506,0.343847978,0
S137L,2.882632161,0.413873752,1
S137M,3.74606922,0.53879037,1
S137N,1.616284082,0.230666513,0
S137P,2.022786522,0.289476718,0
S137Q,3.467750978,0.498525045,1
S137R,2.073323086,0.296788028,0
S137T,2.103763881,0.30119201,0
S137V,3.267350955,0.469532436,1
S137W,1.339002556,0.190551174,0
S137Y,1.562896892,0.222942792,0
P138A,1.616858219,0.230749576,0
P138C,1.626727798,0.232177444,0
P138D,0.960463006,0.135786464,0
P138E,1.136184483,0.161208737,0
P138F,1.66506588,0.237723956,0
P138G,1.419676919,0.202222631,0
P138H,1.453916764,0.207176236,0
P138I,2.033684993,0.29105344,0
P138K,1.295534345,0.184262468,0
P138L,1.507107893,0.214871592,0
P138M,1.672001721,0.238727389,0
P138N,1.881767211,0.269074935,0
P138Q,1.879291167,0.268716716,0
P138R,1.179785044,0.16751659,0
P138S,1.641252019,0.234278717,0
P138T,1.590943463,0.227000393,0
P138V,2.012309512,0.28796097,0
P138W,1.724048253,0.246257153,0
P138Y,1.457863701,0.207747253,0
F139A,1.22077964,0.17344743,0
F139C,1.204500353,0.171092245,0
F139D,1.758834438,0.251289798,0
F139E,1.390641167,0.198021922,0
F139G,1.191336446,0.169187774,0
F139H,1.580323097,0.225463905,0
F139I,1.663385868,0.237480902,0
F139K,1.214079392,0.17247808,0
F139L,3.065356318,0.440309128,1
F139M,2.932873415,0.421142339,1
F139N,1.219551025,0.173269681,0
F139P,1.577208157,0.225013255,0
F139Q,1.219936139,0.173325397,0
F139R,1.140053225,0.161768442,0
F139S,1.395185405,0.198679354,0
F139T,1.229705695,0.174738795,0
F139V,1.6801648,0.239908372,0
F139W,2.178386604,0.311987954,0
F139Y,2.330792035,0.334037009,0
K140A,2.25931014,0.32369546,0
K140C,2.201995735,0.315403574,0
K140D,2.324339681,0.333103523,0
K140E,1.905070203,0.272446264,0
K140F,2.004480555,0.286828326,0
K140G,1.725253598,0.246431534,0
K140H,3.353847986,0.48204628,1
K140I,2.010863419,0.287751758,0
K140L,1.829529738,0.261517547,0
K140M,2.084993998,0.298476502,0
K140N,1.425585075,0.203077386,0
K140P,1.687017049,0.240899712,0
K140Q,2.370762347,0.339819661,0
K140R,2.446534637,0.350781917,0
K140S,3.117053698,0.447788378,1
K140T,2.359232598,0.33815161,0
K140V,1.589743691,0.226826817,0
K140W,2.423940117,0.347513085,0
K140Y,2.190792089,0.313782702,0
Y141A,2.711201205,0.389072204,0
Y141C,1.801085162,0.257402366,0
Y141D,0.932271339,0.131707872,0
Y141E,1.496096708,0.213278563,0
Y141F,1.47589394,0.210355755,0
Y141G,1.63799285,0.233807201,0
Y141H,1.847527178,0.264121303,0
Y141I,1.583407275,0.225910105,0
Y141K,1.558626436,0.222324969,0
Y141L,1.602742955,0.228707469,0
Y141M,1.349249264,0.192033603,0
Y141N,1.249650403,0.177624269,0
Y141P,1.316408089,0.187282349,0
Y141Q,1.344748411,0.191382448,0
Y141R,2.039221731,0.29185446,0
Y141S,2.189183501,0.313549981,0
Y141T,1.721724365,0.245920947,0
Y141V,1.205568181,0.171246732,0
Y141W,1.783703839,0.254887746,0
Q142A,2.178321483,0.311978533,0
Q142C,2.651092594,0.38037607,0
Q142D,2.274224111,0.325853119,0
Q142E,1.852787827,0.264882381,0
Q142F,0.805763632,0.113405536,0
Q142G,2.778273953,0.398775865,0
Q142H,1.985790255,0.284124332,0
Q142I,2.10887184,0.301930998,0
Q142K,2.382172603,0.341470425,0
Q142L,0.996363843,0.14098037,0
Q142M,1.263758819,0.179665386,0
Q142N,1.878047305,0.268536762,0
Q142P,2.993859755,0.429965457,1
Q142R,2.462848783,0.353142145,0
Q142S,2.42010418,0.346958126,0
Q142T,1.233710715,0.175318216,0
Q142V,2.052049977,0.293710369,0
Q142W,2.405652943,0.344867412,0
Q142Y,1.748590137,0.249807717,0
S143A,2.112546076,0.302462563,0
S143C,2.887759663,0.414615566,1
S143D,2.020720223,0.289177779,0
S143E,3.065475614,0.440326387,1
S143F,1.79544758,0.256586756,0
S143G,2.263018397,0.324231947,0
S143H,2.108215562,0.301836051,0
S143I,2.013783652,0.288174239,0
S143K,2.555094155,0.366487623,0
S143L,4.495797352,0.647256298,1
S143M,2.396010181,0.343472358,0
S143N,2.047614497,0.293068672,0
S143P,1.910303292,0.273203355,0
S143Q,2.642925399,0.379194492,0
S143R,2.669045714,0.382973414,0
S143T,2.288771386,0.327957727,0
S143V,2.343537472,0.335880938,0
S143W,2.063236931,0.295328827,0
S143Y,2.381115453,0.341317483,0
L144A,1.987843368,0.284421363,0
L144C,2.41264925,0.345879594,0
L144D,1.753926437,0.250579739,0
L144E,1.739032539,0.248424984,0
L144F,2.229662876,0.319406281,0
L144G,2.668124299,0.38284011,0
L144H,1.842883731,0.263449519,0
L144I,2.099532996,0.300579913,0
L144K,1.498507314,0.213627315,0
L144M,2.298979573,0.329434583,0
L144N,1.710972426,0.244365425,0
L144P,1.634292321,0.233271831,0
L144Q,2.243426649,0.321397537,0
L144R,2.86135078,0.410794896,1
L144S,2.598903307,0.372825654,0
L144T,2.434818112,0.349086845,0
L144V,1.65626821,0.236451164,0
L144W,3.18263998,0.457276987,1
L144Y,2.16755199,0.310420471,0
L145A,1.978165516,0.283021232,0
L145C,2.415141622,0.346240174,0
L145D,0.893108132,0.126041986,0
L145E,1.126560678,0.159816426,0
L145F,1.415102487,0.201560831,0
L145G,1.491045086,0.212547727,0
L145H,2.260606936,0.323883072,0
L145I,2.761444428,0.396341076,0
L145K,2.171650871,0.311013471,0
L145M,2.455376302,0.352061074,0
L145N,1.554265182,0.221694011,0
L145P,1.144507088,0.162412799,0
L145Q,1.66102577,0.237139458,0
L145R,1.933914747,0.276619311,0
L145S,1.319787501,0.187771261,0
L145T,1.694356092,0.241961478,0
L145V,2.140440876,0.306498206,0
L145W,2.106124127,0.301533476,0
L145Y,1.957197086,0.279987653,0
T146A,2.435827459,0.349232871,0
T146C,1.779018858,0.254209952,0
T146D,1.506133197,0.214730579,0
T146E,2.204816711,0.315811695,0
T146F,1.233022575,0.17521866,0
T146G,1.809825079,0.258666802,0
T146H,1.576965153,0.224978099,0
T146I,1.247681844,0.177339471,0
T146K,1.483977779,0.211525273,0
T146L,1.259107855,0.178992514,0
T146M,1.522039517,0.217031805,0
T146N,1.834634877,0.262256127,0
T146P,1.522660887,0.217121701,0
T146Q,1.23109883,0.174940345,0
T146R,1.484953392,0.211666419,0
T146S,1.466750015,0.209032869,0
T146V,1.947504914,0.27858545,0
T146W,1.361633311,0.193825249,0
T146Y,1.059213701,0.15007309,0
K147A,2.456846058,0.352273709,0
K147C,2.556044408,0.366625099,0
K147D,1.158012808,0.164366721,0
K147E,1.222439543,0.173687574,0
K147F,1.702585027,0.243151989,0
K147G,2.004079727,0.286770337,0
K147H,1.953455801,0.279446387,0
K147I,1.560597006,0.222610059,0
K147L,1.705134804,0.243520874,0
K147M,1.416289727,0.201732594,0
K147N,1.30720353,0.185950692,0
K147P,3.018015547,0.433460164,1
K147Q,1.677423439,0.239511769,0
K147R,2.49621318,0.357969095,0
K147S,1.525516307,0.217534805,0
K147T,1.793205625,0.256262404,0
K147V,1.410961705,0.200961769,0
K147W,1.316269846,0.187262349,0
K147Y,1.839743447,0.262995202,0
N148A,1.382324653,0.196818741,0
N148C,1.682821559,0.240292735,0
N148D,2.227744236,0.319128705,0
N148E,2.137013684,0.306002382,0
N148F,1.963959924,0.280966057,0
N148G,2.666682947,0.382631584,0
N148H,2.682777595,0.384960056,0
N148I,1.890283956,0.270307084,0
N148K,2.14762789,0.307537978,0
N148L,1.771679436,0.253148131,0
N148M,2.181280681,0.312406651,0
N148P,1.486589879,0.211903175,0
N148Q,2.945742115,0.423004101,1
N148R,1.681160064,0.24005236,0
N148S,3.496627369,0.502702699,1
N148T,1.969558389,0.281776008,0
N148V,2.225043738,0.318738014,0
N148W,2.411590061,0.345726357,0
N148Y,2.958911872,0.424909418,1
K149A,1.856557885,0.265427809,0
K149C,2.229454981,0.319376204,0
K149D,1.405366867,0.200152343,0
K149E,1.204258363,0.171057236,0
K149F,2.170240855,0.310809479,0
K149G,1.64007441,0.234108348,0
K149H,2.333265441,0.334394846,0
K149I,2.15463407,0.308551588,0
K149L,1.98926429,0.284626933,0
K149M,2.132991451,0.30542047,0
K149N,2.933069647,0.421170728,1
K149P,1.43056559,0.203797935,0
K149Q,1.334532178,0.189904428,0
K149R,2.183686954,0.312754775,0
K149S,1.635940403,0.233510266,0
K149T,2.563298146,0.367674524,0
K149V,3.135977743,0.45052619,1
K149W,1.602275271,0.228639807,0
K149Y,2.015438739,0.288413687,0
A150C,2.135605889,0.305798711,0
A150D,1.058918862,0.150030435,0
A150E,0.857779181,0.120930817,0
A150F,1.329938766,0.189239882,0
A150G,1.469126978,0.209376753,0
A150H,1.017812706,0.144083456,0
A150I,1.167831322,0.165787202,0
A150K,1.766126473,0.252344764,0
A150L,1.143468419,0.162262531,0
A150M,1.049099003,0.14860976,0
A150N,1.247193715,0.177268851,0
A150P,1.278355206,0.181777099,0
A150Q,0.910891279,0.12861474,0
A150R,0.938858597,0.132660874,0
A150S,1.608970108,0.229608374,0
A150T,1.642160162,0.234410101,0
A150V,3.040342766,0.436690325,1
A150W,1.348185315,0.191879678,0
A150Y,0.953361181,0.134759017,0
R151A,1.330042251,0.189254854,0
R151C,1.083324265,0.153561254,0
R151D,1.464631614,0.208726392,0
R151E,2.409457258,0.345417796,0
R151F,2.119768541,0.303507463,0
R151G,1.977637798,0.282944886,0
R151H,1.948133703,0.27867642,0
R151I,1.986135702,0.284174309,0
R151K,2.218610166,0.317807245,0
R151L,3.015323484,0.433070694,1
R151M,2.650817497,0.380336271,0
R151N,2.089167409,0.299080285,0
R151P,1.736110614,0.248002259,0
R151Q,1.473748487,0.210045364,0
R151S,3.338288789,0.479795273,1
R151T,1.888525903,0.27005274,0
R151V,2.453788958,0.351831427,0
R151W,1.565518562,0.223322079,0
R151Y,2.268242203,0.324987695,0
V152A,2.291093382,0.328293659,0
V152C,2.527905175,0.362554093,0
V152D,1.415242207,0.201581045,0
V152E,1.083264129,0.153552554,0
V152F,2.431955695,0.348672728,0
V152G,3.658477714,0.526118184,1
V152H,1.996751499,0.285710135,0
V152I,1.816163383,0.259583788,0
V152K,1.752199334,0.250329873,0
V152L,1.357094596,0.193168616,0
V152M,2.121843218,0.303807615,0
V152N,1.980220707,0.283318565,0
V152P,1.724968699,0.246390317,0
V152Q,1.625105454,0.231942734,0
V152R,1.996974242,0.28574236,0
V152S,2.382576764,0.341528896,0
V152T,2.844035203,0.408289788,1
V152W,1.824436352,0.260780668,0
V152Y,1.727268529,0.246723042,0
I153A,1.52110772,0.216896999,0
I153C,1.815922464,0.259548933,0
I153D,0.833990364,0.117489201,0
I153E,1.271847045,0.180835539,0
I153F,1.120898894,0.158997314,0
I153G,1.884524483,0.26947384,0
I153H,1.084971639,0.153799586,0
I153K,1.394748593,0.198616158,0
I153L,1.837569266,0.262680655,0
I153M,1.340826759,0.190815088,0
I153N,1.309306835,0.186254985,0
I153P,1.576873542,0.224964845,0
I153Q,1.385562195,0.197287128,0
I153R,0.9592071,0.135604767,0
I153S,1.415688744,0.201645647,0
I153T,2.335031413,0.334650336,0
I153V,2.612404471,0.374778917,0
I153W,1.894399198,0.270902451,0
I153Y,1.883368938,0.269306663,0
I154A,1.909307933,0.273059352,0
I154C,2.146029482,0.30730673,0
I154D,1.245274817,0.176991237,0
I154E,0.790511354,0.111198933,0
I154F,1.082751519,0.153478393,0
I154G,1.487236826,0.211996772,0
I154H,1.086917325,0.154081076,0
I154K,1.406623005,0.200334073,0
I154L,1.808531385,0.258479638,0
I154M,1.890358054,0.270317804,0
I154N,1.659851429,0.236969562,0
I154P,1.578467974,0.225195518,0
I154Q,1.57389241,0.224533554,0
I154R,1.295071569,0.184195516,0
I154S,1.772196924,0.253222998,0
I154T,1.798033112,0.256960814,0
I154V,1.730058873,0.247126731,0
I154W,1.311214951,0.186531039,0
I154Y,0.912115464,0.128791847,0
L155A,2.20569,0.315938037,0
L155C,3.621352961,0.520747209,1
L155D,1.246803191,0.177212353,0
L155E,1.621468908,0.231416621,0
L155F,1.672068558,0.238737059,0
L155G,2.337722812,0.33503971,0
L155H,1.280609705,0.182103265,0
L155I,2.267943781,0.324944521,0
L155K,1.543014224,0.220066293,0
L155M,1.864778888,0.266617172,0
L155N,1.371755633,0.195289682,0
L155P,1.461073891,0.208211684,0
L155Q,1.349264556,0.192035815,0
L155R,1.391424101,0.198135192,0
L155S,2.582302238,0.370423916,0
L155T,2.106294347,0.301558102,0
L155V,1.347338402,0.191757152,0
L155W,2.616036384,0.375304359,0
L155Y,2.28799363,0.327845206,0
M156A,2.133936765,0.305557233,0
M156C,2.467779913,0.35385555,0
M156D,1.160161554,0.164677588,0
M156E,1.539292189,0.219527813,0
M156F,1.934632286,0.27672312,0
M156G,2.765845781,0.396977836,0
M156H,1.961339939,0.280587014,0
M156I,2.464005138,0.353309439,0
M156K,1.570167255,0.223994622,0
M156L,2.181111346,0.312382153,0
M156N,2.105376333,0.30142529,0
M156P,0.714386747,0.100185706,0
M156Q,1.936559382,0.27700192,0
M156R,1.046104945,0.148176598,0
M156S,2.192997348,0.314101744,0
M156T,2.953594235,0.424140096,1
M156V,2.229378456,0.319365133,0
M156W,2.503539255,0.359028985,0
M156Y,1.352776881,0.192543956,0
V157A,1.374485842,0.195684672,0
V157C,2.233777553,0.320001567,0
V157D,0.886633171,0.12510523,0
V157E,0.973711279,0.13770314,0
V157F,0.992045913,0.140355679,0
V157G,1.115814996,0.158261808,0
V157H,1.337049245,0.190268581,0
V157I,1.954212201,0.279555818,0
V157K,1.303278844,0.185382893,0
V157L,2.133345795,0.305471735,0
V157M,1.694947737,0.242047074,0
V157N,1.466773831,0.209036315,0
V157P,1.214853535,0.172590078,0
V157Q,1.137673816,0.161424204,0
V157R,1.363517921,0.194097902,0
V157S,1.948057628,0.278665413,0
V157T,2.270660882,0.325337614,0
V157W,1.092840589,0.154938016,0
V157Y,1.064413726,0.150825397,0
W158A,1.039000569,0.147148782,0
W158C,1.251534643,0.177896869,0
W158D,1.148078083,0.162929428,0
W158E,1.477828542,0.210635641,0
W158F,0.955944172,0.135132708,0
W158G,1.161771047,0.164910439,0
W158H,1.270279364,0.180608737,0
W158I,1.329836964,0.189225154,0
W158K,1.118295235,0.158620633,0
W158L,1.339848394,0.190673545,0
W158M,1.136324824,0.16122904,0
W158N,0.917195384,0.129526778,0
W158P,0.850246498,0.119841036,0
W158Q,1.193363261,0.169481001,0
W158R,0.941368035,0.133023924,0
W158S,0.909728765,0.128446554,0
W158T,1.413469156,0.201324531,0
W158V,1.385066154,0.197215364,0
W158Y,1.698872888,0.24261494,0
I159A,1.734148961,0.247718459,0
I159C,2.074566173,0.29696787,0
I159D,1.140032316,0.161765417,0
I159E,1.056956927,0.149746595,0
I159F,2.271612152,0.325475238,0
I159G,1.271205404,0.180742711,0
I159H,1.680875775,0.240011231,0
I159K,1.221625867,0.173569856,0
I159L,1.999699742,0.286136668,0
I159M,2.911052505,0.417985427,1
I159N,0.902465981,0.127395821,0
I159P,1.335641439,0.190064909,0
I159Q,1.182087284,0.167849664,0
I159R,0.946112911,0.133710383,0
I159S,2.308499663,0.33081189,0
I159T,2.792594748,0.400847708,0
I159V,1.788255334,0.255546227,0
I159W,2.186888034,0.313217888,0
I159Y,0.892261782,0.125919542,0
V160A,1.893706445,0.270802228,0
V160C,1.959510481,0.28032234,0
V160D,0.947076163,0.13384974,0
V160E,0.969201448,0.137050686,0
V160F,1.311791056,0.186614386,0
V160G,2.098005324,0.300358899,0
V160H,0.97374548,0.137708088,0
V160I,2.286308852,0.327601463,0
V160K,1.641415404,0.234302354,0
V160L,1.904600892,0.272378367,0
V160M,1.653399267,0.236036104,0
V160N,3.523996017,0.506662222,1
V160P,0.946729175,0.13379954,0
V160Q,1.364217208,0.194199071,0
V160R,0.993261296,0.140531513,0
V160S,2.301990827,0.329870232,0
V160T,1.72621275,0.246570298,0
V160W,1.396087854,0.198809914,0
V160Y,1.254766764,0.178364472,0
S161A,3.065994479,0.440401453,1
S161C,1.357902226,0.193285459,0
S161D,1.127789117,0.159994148,0
S161E,1.518704691,0.216549343,0
S161F,1.220806188,0.17345127,0
S161H,1.109834992,0.157396659,0
S161I,1.054568832,0.1494011,0
S161K,1.066915253,0.151187302,0
S161L,1.105504964,0.156770218,0
S161M,0.993087829,0.140506417,0
S161N,0.759677034,0.106738018,0
S161P,1.255704032,0.17850007,0
S161Q,1.424730323,0.202953726,0
S161R,1.117882363,0.158560902,0
S161T,1.278023741,0.181729144,0
S161W,0.696575791,0.097608929,0
S161Y,1.158712133,0.164467895,0
G162A,2.262202845,0.324113958,0
G162C,1.4582445,0.207802345,0
G162D,1.54189146,0.219903859,0
G162E,1.77114197,0.253070374,0
G162F,2.641058824,0.378924448,0
G162H,1.039402573,0.147206942,0
G162I,2.656973231,0.381226843,0
G162K,1.264817053,0.179818484,0
G162L,2.502315234,0.358851902,0
G162M,2.383925576,0.341724034,0
G162N,0.860902084,0.121382619,0
G162P,0.922375499,0.130276204,0
G162Q,1.284448888,0.182658694,0
G162R,0.787813242,0.110808587,0
G162S,1.889740072,0.270228398,0
G162T,2.078084656,0.297476902,0
G162V,2.822442093,0.405165833,1
G162W,2.096678948,0.300167007,0
G162Y,2.536795558,0.363840297,0
L163A,1.578808722,0.225244815,0
L163C,3.038994232,0.436495228,1
L163D,2.06749605,0.29594501,0
L163E,0.942656285,0.1332103,0
L163F,1.728998271,0.24697329,0
L163G,1.730606475,0.247205955,0
L163H,1.588507251,0.226647937,0
L163I,0.970869341,0.137291987,0
L163K,0.897402674,0.126663293,0
L163M,2.07597616,0.297171858,0
L163N,1.703354267,0.243263277,0
L163P,1.074741646,0.152319575,0
L163Q,1.297167698,0.184498771,0
L163R,0.919797901,0.129903293,0
L163S,1.622847777,0.231616107,0
L163T,1.575973119,0.224834578,0
L163V,1.28059781,0.182101544,0
L163W,1.415880226,0.20167335,0
L163Y,1.524879601,0.21744269,0
T164A,2.059030368,0.294720248,0
T164C,1.863921325,0.266493105,0
T164D,1.502560164,0.214213655,0
T164E,1.58508498,0.226152824,0
T164F,2.172757725,0.311173604,0
T164G,1.766640617,0.252419147,0
T164H,1.425290872,0.203034822,0
T164I,1.830334436,0.261633966,0
T164K,1.171041049,0.166251565,0
T164L,1.822480418,0.260497696,0
T164M,1.449024373,0.206468435,0
T164N,1.830625204,0.261676032,0
T164P,1.186338868,0.168464756,0
T164Q,1.432734497,0.204111719,0
T164R,1.085203806,0.153833175,0
T164S,1.689521608,0.241262056,0
T164V,2.477415773,0.355249605,0
T164W,1.788277932,0.255549497,0
T164Y,2.245126218,0.32164342,0
S165A,1.815438359,0.259478896,0
S165C,1.204682411,0.171118584,0
S165D,0.935854184,0.132226215,0
S165E,1.364934574,0.194302855,0
S165F,1.088924209,0.154371419,0
S165G,2.023442481,0.289571618,0
S165H,1.287109799,0.183043658,0
S165I,1.382040232,0.196777593,0
S165K,1.062758911,0.150585989,0
S165L,1.083681483,0.153612935,0
S165M,1.12754571,0.159958934,0
S165N,0.854902876,0.120514691,0
S165P,1.046194407,0.148189541,0
S165Q,1.214738429,0.172573425,0
S165R,1.198087728,0.170164507,0
S165T,1.285044914,0.182744923,0
S165V,1.49424644,0.213010878,0
S165W,1.286782456,0.1829963,0
S165Y,1.517503593,0.216375576,0
F166A,1.695569712,0.242137057,0
F166C,2.066467949,0.295796271,0
F166D,1.016919252,0.143954197,0
F166E,1.153882227,0.163769135,0
F166G,1.650951753,0.235682013,0
F166H,1.560914988,0.222656063,0
F166I,1.74793645,0.249713146,0
F166K,1.244793422,0.176921592,0
F166L,2.303257342,0.330053464,0
F166M,4.474741349,0.644210049,1
F166N,1.023003566,0.144834437,0
F166P,1.445534005,0.205963471,0
F166Q,1.326362177,0.188722444,0
F166R,1.796308469,0.256711304,0
F166S,1.295257366,0.184222396,0
F166T,1.6609637,0.237130478,0
F166V,1.985640345,0.284102643,0
F166W,2.084119498,0.298349985,0
F166Y,2.022775772,0.289475162,0
L167A,2.368064174,0.339429307,0
L167C,1.404628703,0.20004555,0
L167D,1.498099194,0.21356827,0
L167E,1.367345921,0.194651713,0
L167F,1.811116015,0.258853566,0
L167G,1.44578975,0.206000471,0
L167H,0.88417359,0.124749393,0
L167I,1.066332758,0.151103031,0
L167K,1.023089479,0.144846866,0
L167M,2.075305168,0.297074784,0
L167N,1.245444588,0.177015798,0
L167P,1.951395451,0.279148309,0
L167Q,1.697915277,0.242476399,0
L167R,1.137123312,0.161344561,0
L167S,1.177252959,0.167150264,0
L167T,1.171227062,0.166278476,0
L167V,1.88769772,0.269932923,0
L167W,2.154111868,0.308476039,0
L167Y,1.302660069,0.185293373,0
P168A,1.655991458,0.236411125,0
P168C,0.998591962,0.14130272,0
P168D,1.943622941,0.278023831,0
P168E,0.863375589,0.12174047,0
P168F,1.134284467,0.160933855,0
P168G,1.577271664,0.225022443,0
P168H,1.07142171,0.151839268,0
P168I,0.858140031,0.120983022,0
P168K,1.051642632,0.148977756,0
P168L,1.456111311,0.207493729,0
P168M,1.280372646,0.182068969,0
P168N,1.307099785,0.185935683,0
P168Q,0.964655629,0.136393026,0
P168R,1.191200075,0.169168045,0
P168S,0.881685644,0.124389453,0
P168T,0.957388762,0.135341702,0
P168V,0.931448436,0.131588819,0
P168W,1.803517667,0.257754285,0
P168Y,1.252992524,0.178107786,0
I169A,1.512181796,0.215605652,0
I169C,1.088476761,0.154306685,0
I169D,2.342528235,0.335734928,0
I169E,1.014000327,0.143531905,0
I169F,0.79993272,0.112561956,0
I169G,1.367447184,0.194666363,0
I169H,1.587120494,0.22644731,0
I169K,1.122287044,0.159198143,0
I169L,1.292858073,0.183875282,0
I169M,1.217065368,0.172910072,0
I169N,0.920449946,0.129997627,0
I169P,1.435540672,0.204517699,0
I169Q,2.215050884,0.317292311,0
I169R,1.465507598,0.208853124,0
I169S,0.945013854,0.133551378,0
I169T,1.566409138,0.223450921,0
I169V,2.755475619,0.395477547,0
I169W,1.771524858,0.253125768,0
I169Y,0.904081419,0.127629532,0
Q170A,1.93238578,0.27639811,0
Q170D,1.294499595,0.184112767,0
Q170E,1.968925453,0.281684439,0
Q170F,2.647355762,0.379835449,0
Q170H,1.65125837,0.235726372,0
Q170I,1.716153657,0.245115012,0
Q170K,2.734877503,0.392497541,0
Q170L,2.596650864,0.372499785,0
Q170M,3.156179206,0.45344881,1
Q170N,2.562203996,0.367516229,0
Q170P,1.30169272,0.185153423,0
Q170R,2.334328358,0.334548622,0
Q170T,2.316531718,0.331973917,0
Q170V,1.504192049,0.214449746,0
Q170W,2.16165988,0.309568038,0
Q170Y,1.984501319,0.283937856,0
M171A,2.103232001,0.301115061,0
M171C,1.533321055,0.218663947,0
M171D,1.237710167,0.175896831,0
M171E,1.192235936,0.169317907,0
M171F,2.161237302,0.309506902,0
M171G,2.246930801,0.321904496,0
M171H,1.558904668,0.222365222,0
M171I,1.250753747,0.177783894,0
M171K,1.796004465,0.256667323,0
M171L,2.498355146,0.358278981,0
M171N,2.679721232,0.384517881,0
M171P,1.265545195,0.179923827,0
M171Q,1.537743903,0.219303816,0
M171R,1.90917136,0.273039594,0
M171S,2.519545843,0.361344717,0
M171T,2.061623114,0.29509535,0
M171V,1.408948117,0.200670456,0
M171W,2.196329958,0.314583885,0
M171Y,2.156345308,0.308799159,0
H172A,2.273595751,0.325762212,0
H172C,1.33333575,0.189731336,0
H172D,1.647360006,0.235162382,0
H172E,1.370544538,0.195114469,0
H172F,1.088848336,0.154360442,0
H172G,1.924394716,0.275242013,0
H172I,1.18019088,0.167575304,0
H172K,2.374958043,0.340426668,0
H172L,1.670895086,0.238567288,0
H172M,1.842023771,0.263325105,0
H172N,2.333856082,0.334480296,0
H172P,0.949106191,0.134143432,0
H172Q,3.018211104,0.433488456,1
H172R,2.283624523,0.327213111,0
H172S,1.640192361,0.234125412,0
H172T,1.729509155,0.247047201,0
H172V,0.686277991,0.096119108,0
H172W,2.082986084,0.29818601,0
H172Y,1.526155144,0.217627228,0
W173A,1.332822839,0.189657132,0
W173C,1.441840334,0.205429094,0
W173D,1.260009014,0.179122888,0
W173E,0.620145072,0.086551416,0
W173F,2.223607564,0.318530237,0
W173G,1.314925897,0.187067915,0
W173H,1.712940054,0.244650089,0
W173I,1.63540964,0.233433478,0
W173K,1.103064117,0.156417092,0
W173L,2.260975598,0.323936408,0
W173M,1.503882376,0.214404945,0
W173N,1.073347246,0.152117842,0
W173P,1.36688245,0.194584661,0
W173Q,1.397888618,0.199070437,0
W173R,1.556207577,0.221975024,0
W173S,1.876097285,0.268254646,0
W173T,1.204992107,0.171163389,0
W173V,1.425911686,0.203124638,0
W173Y,1.803600365,0.257766249,0
Y174A,2.157420757,0.308954748,0
Y174C,2.101692548,0.300892343,0
Y174D,1.839753543,0.262996663,0
Y174E,1.483443785,0.211448018,0
Y174F,2.830581789,0.406343433,1
Y174G,2.253247447,0.322818348,0
Y174H,2.244609413,0.321568652,0
Y174I,1.433302706,0.204193924,0
Y174K,0.979277419,0.138508414,0
Y174L,1.13043177,0.160376471,0
Y174M,1.698162048,0.2425121,0
Y174N,2.18572303,0.313049342,0
Y174P,1.657621758,0.236646987,0
Y174Q,2.026546969,0.290020755,0
Y174R,1.932350933,0.276393068,0
Y174S,1.415416537,0.201606266,0
Y174T,2.2959639,0.328998295,0
Y174V,1.788140916,0.255529674,0
Y174W,1.385819849,0.197324404,0
R175A,1.498880008,0.213681234,0
R175C,1.401988007,0.199663511,0
R175D,1.814791842,0.259385362,0
R175E,2.622585621,0.376251861,0
R175F,1.386793408,0.197465253,0
R175G,1.109917159,0.157408546,0
R175H,1.553436205,0.221574079,0
R175I,1.672976013,0.238868344,0
R175K,2.227165661,0.319045,0
R175L,1.410682012,0.200921305,0
R175M,2.248722662,0.322163731,0
R175N,1.657143975,0.236577864,0
R175P,1.261103162,0.179281182,0
R175Q,2.086344345,0.298671862,0
R175S,1.229356254,0.17468824,0
R175T,1.480174231,0.210975,0
R175V,1.492591344,0.212771429,0
R175W,2.453904601,0.351848157,0
R175Y,3.671523308,0.528005538,1
A176C,1.581647173,0.225655464,0
A176D,2.877750993,0.413167575,1
A176E,2.342003639,0.335659033,0
A176F,0.924165359,0.13053515,0
A176G,1.453667456,0.207140167,0
A176H,2.340655483,0.33546399,0
A176I,1.220962785,0.173473926,0
A176K,1.344414808,0.191334185,0
A176L,1.754235244,0.250624416,0
A176M,1.450160631,0.206632822,0
A176N,2.06172436,0.295109998,0
A176P,1.692714376,0.241723965,0
A176Q,2.160029553,0.309332172,0
A176R,1.378566763,0.196275074,0
A176S,2.331898157,0.334197036,0
A176T,2.130464004,0.305054815,0
A176V,1.666228749,0.237892192,0
A176W,1.469488327,0.209429031,0
A176Y,1.055503119,0.149536267,0
T177A,1.553067655,0.22152076,0
T177C,1.438880057,0.20500082,0
T177D,2.158409368,0.309097774,0
T177E,2.830355874,0.406310749,1
T177F,2.317961472,0.332180764,0
T177G,2.269324138,0.325144222,0
T177H,1.522685673,0.217125287,0
T177I,1.047298472,0.14834927,0
T177K,1.155084144,0.16394302,0
T177L,2.630126426,0.377342817,0
T177M,2.28605132,0.327564205,0
T177N,2.114321491,0.302719419,0
T177P,2.010560703,0.287707963,0
T177Q,1.808130774,0.25842168,0
T177R,1.952132157,0.279254891,0
T177S,1.730311129,0.247163226,0
T177V,2.164512295,0.309980707,0
T177W,1.680276625,0.23992455,0
T177Y,2.247528091,0.321990908,0
H178A,1.694070477,0.241920157,0
H178C,1.350703875,0.192244047,0
H178D,1.34848009,0.191922324,0
H178E,1.587287146,0.22647142,0
H178F,2.074884957,0.29701399,0
H178G,2.432499112,0.348751346,0
H178I,2.009022338,0.287485402,0
H178K,1.982317905,0.283621974,0
H178L,2.117197018,0.303135432,0
H178M,1.727610822,0.246772563,0
H178N,2.275054642,0.325973275,0
H178P,1.431198262,0.203889466,0
H178Q,1.019352562,0.144306233,0
H178R,1.20138292,0.170641235,0
H178S,4.231391616,0.609003747,1
H178T,1.768756919,0.25272532,0
H178V,1.268913042,0.180411066,0
H178W,1.356223051,0.193042526,0
H178Y,1.867444452,0.267002809,0
Q179A,2.336691579,0.334890518,0
Q179C,1.199473726,0.170365025,0
Q179D,3.479326063,0.500199655,1
Q179E,1.696133363,0.242218603,0
Q179F,2.096962882,0.300208085,0
Q179G,1.715362812,0.245000598,0
Q179H,1.856568386,0.265429328,0
Q179I,1.840151783,0.263054278,0
Q179K,2.32697334,0.333484544,0
Q179L,1.658414383,0.236761659,0
Q179M,2.18464049,0.312892727,0
Q179N,2.24141609,0.321106662,0
Q179P,2.257434685,0.323424131,0
Q179R,2.845334334,0.408477738,1
Q179S,1.703433495,0.24327474,0
Q179T,2.010206915,0.28765678,0
Q179V,2.458436859,0.352503856,0
Q179W,2.09865639,0.300453091,0
Q179Y,2.350935271,0.336951205,0
E180A,2.101662179,0.300887949,0
E180C,2.098215882,0.300389361,0
E180D,2.586898401,0.37108886,0
E180F,1.79605757,0.256675006,0
E180G,0.566129178,0.078736737,0
E180H,1.919728542,0.27456694,0
E180I,1.829758729,0.261550676,0
E180K,2.561626661,0.367432704,0
E180L,2.015406972,0.288409091,0
E180M,2.062905639,0.295280898,0
E180N,1.703556301,0.243292506,0
E180P,1.442476413,0.205521118,0
E180Q,1.987707916,0.284401767,0
E180R,1.962048247,0.280689488,0
E180S,2.640635591,0.378863217,0
E180T,2.544531734,0.364959518,0
E180V,2.017887899,0.288768016,0
E180W,1.635706717,0.233476457,0
E180Y,1.463247956,0.208526213,0
A181C,1.133182881,0.160774484,0
A181D,1.620223294,0.231236414,0
A181E,1.774915638,0.253616324,0
A181F,1.1147799,0.158112057,0
A181G,1.907783491,0.272838806,0
A181H,1.296462622,0.184396765,0
A181I,1.233327731,0.175262808,0
A181K,1.109031417,0.157280403,0
A181L,1.136938294,0.161317793,0
A181M,1.115755079,0.15825314,0
A181N,1.374997907,0.195758754,0
A181P,1.433849055,0.204272966,0
A181Q,1.014036118,0.143537083,0
A181R,1.324209623,0.188411026,0
A181S,1.931423685,0.27625892,0
A181T,1.043505586,0.14780054,0
A181V,1.265852121,0.179968231,0
A181W,1.203074258,0.170885927,0
A181Y,1.436681869,0.2046828,0
I182A,2.034206463,0.291128883,0
I182C,2.504450112,0.359160762,0
I182D,2.205111868,0.315854397,0
I182E,1.596628732,0.227822901,0
I182F,2.504653398,0.359190173,0
I182G,1.909355983,0.273066304,0
I182H,1.587322742,0.22647657,0
I182K,1.767166112,0.252495172,0
I182L,1.831765335,0.261840979,0
I182M,1.304529164,0.185563782,0
I182N,1.796796726,0.256781942,0
I182P,1.152166967,0.163520982,0
I182Q,1.752941624,0.250437263,0
I182R,2.397860134,0.343739998,0
I182S,2.473608208,0.354698751,0
I182T,2.142364828,0.306776551,0
I182V,2.661849716,0.381932343,0
I182W,1.628585543,0.232446211,0
I182Y,1.56302819,0.222961787,0
N183A,2.175000971,0.311498142,0
N183C,1.800043309,0.257251637,0
N183D,2.345530373,0.336169259,0
N183E,2.363922826,0.338830163,0
N183F,2.208608529,0.316360271,0
N183G,1.398310013,0.199131402,0
N183H,2.053222923,0.293880064,0
N183I,1.996363308,0.285653974,0
N183K,2.582876704,0.370507026,0
N183L,1.349496798,0.192069415,0
N183M,1.90004537,0.271719303,0
N183P,1.285174394,0.182763656,0
N183Q,2.951857072,0.423888774,1
N183R,1.569515446,0.223900322,0
N183S,1.785162912,0.255098835,0
N183T,1.628370913,0.23241516,0
N183V,3.614468281,0.519751177,1
N183W,1.762923125,0.251881323,0
N183Y,1.087931649,0.154227822,0
C184A,1.774946244,0.253620752,0
C184D,1.342061074,0.190993661,0
C184E,0.79103946,0.111275336,0
C184F,1.122169447,0.15918113,0
C184G,0.949284442,0.13416922,0
C184H,0.950301672,0.134316386,0
C184I,1.162039963,0.164949344,0
C184K,1.073270169,0.152106691,0
C184L,1.974519752,0.282493786,0
C184M,0.966499163,0.136659737,0
C184N,1.184021463,0.168129489,0
C184P,1.135444838,0.16110173,0
C184Q,0.964693527,0.136398509,0
C184R,1.057343349,0.1498025,0
C184S,1.759601717,0.251400803,0
C184T,0.93595091,0.132240209,0
C184V,1.18807191,0.168715482,0
C184W,1.188537057,0.168782776,0
C184Y,1.25839182,0.178888922,0
Y185A,1.621134131,0.231368188,0
Y185C,0.83418764,0.117517742,0
Y185D,1.143060613,0.162203532,0
Y185E,1.247642576,0.177333789,0
Y185F,2.893284778,0.415414905,1
Y185G,1.338783427,0.190519472,0
Y185H,1.627131753,0.232235886,0
Y185I,1.345134582,0.191438317,0
Y185K,1.000447028,0.1415711,0
Y185L,1.409426217,0.200739624,0
Y185M,1.72569439,0.246495305,0
Y185N,0.85409395,0.120397661,0
Y185P,1.148819867,0.163036744,0
Y185Q,1.889319923,0.270167613,0
Y185R,1.48217887,0.211265019,0
Y185S,1.493592313,0.212916243,0
Y185T,1.479812587,0.21092268,0
Y185V,1.200906715,0.17057234,0
Y185W,2.222786653,0.318411473,0
A186C,3.141135334,0.451272357,1
A186D,1.953459475,0.279446919,0
A186E,1.988478583,0.284513262,0
A186F,1.905688105,0.272535659,0
A186G,2.494698965,0.357750028,0
A186H,2.188557005,0.313459344,0
A186I,1.581333924,0.225610145,0
A186K,2.30421672,0.33019226,0
A186L,1.877775148,0.268497388,0
A186M,3.925333386,0.564725176,1
A186N,2.65512955,0.380960111,0
A186P,1.754454473,0.250656132,0
A186Q,1.181299866,0.167735745,0
A186R,2.002165756,0.286493436,0
A186S,2.689444007,0.38592451,0
A186T,2.607594817,0.374083087,0
A186V,1.377122096,0.196066068,0
A186W,2.042929038,0.29239081,0
A186Y,1.563775873,0.223069957,0
N187A,1.728887363,0.246957244,0
N187C,2.537794555,0.363984826,0
N187D,3.675980995,0.528650448,1
N187E,2.341842005,0.335635649,0
N187F,1.402124195,0.199683214,0
N187G,1.723621957,0.246195479,0
N187H,1.713863259,0.244783652,0
N187I,2.284220882,0.327299389,0
N187K,2.699551311,0.387386771,0
N187L,2.223368215,0.31849561,0
N187M,2.114893002,0.302802101,0
N187P,1.033848561,0.146403422,0
N187Q,2.719213738,0.390231407,0
N187R,2.112547464,0.302462764,0
N187S,3.054506285,0.438739414,1
N187T,2.641494254,0.378987443,0
N187V,2.304903686,0.330291646,0
N187W,1.945957053,0.278361516,0
N187Y,1.554912888,0.221787717,0
E188A,1.751911698,0.25028826,0
E188C,1.65539579,0.236324948,0
E188D,1.490973377,0.212537352,0
E188F,1.855384326,0.265258026,0
E188G,2.770607276,0.397666699,0
E188H,2.434144268,0.348989357,0
E188I,2.08946204,0.29912291,0
E188K,2.329192995,0.33380567,0
E188L,1.7222858,0.246002172,0
E188M,1.940191668,0.277527416,0
E188N,2.590708681,0.371640107,0
E188P,1.72959516,0.247059644,0
E188Q,2.57685727,0.369636172,0
E188R,1.41729085,0.20187743,0
E188S,1.646474809,0.235034317,0
E188T,1.630546931,0.232729972,0
E188V,1.9312193,0.276229351,0
E188W,2.080642684,0.297846982,0
E188Y,2.710600426,0.388985287,0
T189A,1.858003915,0.265637011,0
T189C,3.240054353,0.465583336,1
T189D,2.499104544,0.358387399,0
T189E,2.907169493,0.417423658,1
T189F,1.811819268,0.258955308,0
T189G,1.592864502,0.227278316,0
T189H,2.963522876,0.425576509,1
T189I,1.847129075,0.264063708,0
T189K,1.589115807,0.226735979,0
T189L,1.779894105,0.254336578,0
T189M,3.706651892,0.53308772,1
T189N,1.721618493,0.24590563,0
T189P,1.481879782,0.211221748,0
T189Q,1.628732997,0.232467544,0
T189R,2.235260697,0.320216139,0
T189S,2.188226118,0.313411473,0
T189V,2.313555862,0.331543388,0
T189W,2.601437819,0.373192331,0
T189Y,2.034493334,0.291170385,0
C190A,1.020016099,0.144402229,0
C190D,1.180495556,0.167619383,0
C190E,1.312571548,0.186727303,0
C190F,1.043101954,0.147742145,0
C190G,1.056723974,0.149712892,0
C190H,1.129902945,0.160299964,0
C190I,1.600671534,0.228407788,0
C190K,1.02111377,0.144561033,0
C190L,1.564532796,0.223179464,0
C190M,1.284118649,0.182610917,0
C190N,1.167501414,0.165739473,0
C190P,0.963006413,0.136154428,0
C190Q,1.503799835,0.214393003,0
C190R,1.781518395,0.25457157,0
C190S,1.11514586,0.158165002,0
C190T,1.060618831,0.150276376,0
C190V,0.951692332,0.134517578,0
C190W,0.652426695,0.091221717,0
C190Y,1.186516731,0.168490488,0
C191A,1.161992869,0.164942531,0
C191D,1.200256103,0.170478214,0
C191E,1.354844532,0.192843091,0
C191F,1.453002941,0.207044029,0
C191G,1.310669954,0.186452192,0
C191H,1.197211553,0.170037748,0
C191I,0.839068231,0.118223835,0
C191K,1.200366232,0.170494147,0
C191L,1.422088682,0.20257155,0
C191M,1.153734119,0.163747707,0
C191N,1.272419931,0.180918421,0
C191P,1.275460539,0.181358317,0
C191Q,1.077819383,0.152764843,0
C191R,1.068652068,0.151438574,0
C191S,1.140234037,0.161794601,0
C191T,1.066709315,0.151157509,0
C191V,1.227266531,0.174385912,0
C191W,1.215270032,0.172650334,0
C191Y,1.325880062,0.188652695,0
D192A,2.23483724,0.320154876,0
D192C,1.456323951,0.207524492,0
D192E,2.137968769,0.306140557,0
D192F,1.972751201,0.282237924,0
D192G,1.733569524,0.24763463,0
D192H,2.107898134,0.301790128,0
D192I,2.71188358,0.389170926,0
D192K,1.668221145,0.238180439,0
D192L,1.501301664,0.214031584,0
D192M,2.3823369,0.341494194,0
D192N,1.76310302,0.251907349,0
D192P,1.168293389,0.16585405,0
D192Q,2.621318078,0.376068481,0
D192R,1.301736473,0.185159753,0
D192S,1.746290787,0.249475062,0
D192T,1.540102972,0.219645112,0
D192V,1.508554567,0.215080888,0
D192W,1.385351338,0.197256623,0
D192Y,1.693777077,0.24187771,0
F193A,2.35635972,0.33773598,0
F193C,1.329698339,0.189205099,0
F193D,1.0054176,0.14229021,0
F193E,1.051077216,0.148895955,0
F193G,0.967426448,0.136793891,0
F193H,1.337088073,0.190274199,0
F193I,1.218824842,0.173164622,0
F193K,1.108896523,0.157260887,0
F193L,2.078504378,0.297537625,0
F193M,1.780421092,0.254412819,0
F193N,1.639430858,0.234015243,0
F193P,0.972588508,0.137540705,0
F193Q,0.945140827,0.133569748,0
F193R,1.073938095,0.152203323,0
F193S,1.119823353,0.158841712,0
F193T,1.892482681,0.270625181,0
F193V,1.349884499,0.192125505,0
F193W,2.050923044,0.293547332,0
F193Y,2.600308991,0.373029019,0
F194A,1.969618075,0.281784643,0
F194C,1.708782914,0.24404866,0
F194D,1.53155155,0.218407946,0
F194E,1.953691284,0.279480455,0
F194G,1.391306248,0.198118142,0
F194H,2.060387159,0.29491654,0
F194I,2.212985183,0.316993458,0
F194K,2.054459594,0.294058978,0
F194L,4.365671125,0.628430458,1
F194M,1.316706935,0.187325585,0
F194N,3.07351664,0.441489712,1
F194P,1.366136682,0.194476768,0
F194Q,1.963367886,0.280880405,0
F194R,1.763803545,0.252008697,0
F194S,1.713292423,0.244701067,0
F194T,1.795244036,0.256557309,0
F194V,2.170140747,0.310794996,0
F194W,2.046914024,0.292967332,0
F194Y,2.253581251,0.322866641,0
T195A,2.921158414,0.419447486,1
T195C,2.323440577,0.332973447,0
T195D,1.872449228,0.267726868,0
T195E,1.711338331,0.244418361,0
T195F,2.398585227,0.3438449,0
T195G,2.704517099,0.38810519,0
T195H,2.210160578,0.316584812,0
T195I,2.309213781,0.330915204,0
T195K,1.353923151,0.192709791,0
T195L,1.675413788,0.239221025,0
T195M,2.133750078,0.305530224,0
T195N,1.207938948,0.171589719,0
T195P,2.21006493,0.316570974,0
T195Q,1.332991397,0.189681518,0
T195R,1.23050412,0.174854306,0
T195S,2.081596863,0.297985026,0
T195V,2.274142568,0.325841322,0
T195W,2.024556966,0.289732854,0
T195Y,2.546837941,0.365293166,0
N196A,2.717742493,0.390018556,0
N196C,3.401262178,0.488905865,1
N196D,2.022151161,0.289384798,0
N196E,0.966900941,0.136717864,0
N196F,1.134441202,0.16095653,0
N196G,1.428045107,0.203433288,0
N196H,1.560118906,0.22254089,0
N196I,1.311156831,0.186522631,0
N196K,1.867884187,0.267066427,0
N196L,1.240312037,0.176273253,0
N196M,1.544130297,0.22022776,0
N196P,1.559177684,0.22240472,0
N196Q,1.498174218,0.213579124,0
N196R,1.415871059,0.201672023,0
N196S,2.049146315,0.293290286,0
N196T,2.039992139,0.291965918,0
N196V,1.224358316,0.17396517,0
N196W,1.12079241,0.158981909,0
N196Y,1.199483086,0.170366379,0
Q197A,3.474177441,0.499454785,1
Q197C,1.643795183,0.234646645,0
Q197D,1.715339436,0.244997216,0
Q197E,2.32394984,0.333047124,0
Q197F,1.196139807,0.169882694,0
Q197G,1.322956079,0.188229671,0
Q197H,2.946895272,0.423170932,1
Q197I,1.585848382,0.226263268,0
Q197K,2.482478946,0.355982113,0
Q197L,2.324017714,0.333056943,0
Q197M,1.589680039,0.226817608,0
Q197N,2.375141086,0.34045315,0
Q197P,2.215873224,0.317411282,0
Q197R,2.686369544,0.385479716,0
Q197S,2.703199907,0.387914627,0
Q197T,2.915463611,0.418623598,1
Q197V,2.359724381,0.338222758,0
Q197W,1.833125822,0.262037806,0
Q197Y,2.329420368,0.333838565,0
A198C,1.944265166,0.278116744,0
A198D,2.289416816,0.328051104,0
A198E,1.838283936,0.262784049,0
A198F,2.159938091,0.30931894,0
A198G,2.683785179,0.385105827,0
A198H,2.579101773,0.369960893,0
A198I,1.795905292,0.256652975,0
A198K,1.218651949,0.173139609,0
A198L,1.786555428,0.255300296,0
A198M,3.55883939,0.511703141,1
A198N,1.951293728,0.279133592,0
A198P,2.325559396,0.333279984,0
A198Q,1.454238927,0.207222844,0
A198R,1.978341573,0.283046703,0
A198S,2.047713799,0.293083039,0
A198T,2.843919779,0.408273089,1
A198V,2.696117229,0.38688995,0
A198W,2.569030349,0.368503823,0
A198Y,2.394231504,0.343215031,0
Y199A,1.137774417,0.161438758,0
Y199C,1.425823363,0.20311186,0
Y199D,0.89553415,0.126392967,0
Y199E,0.734083534,0.103035312,0
Y199F,2.906079435,0.417265955,1
Y199G,1.244777392,0.176919273,0
Y199H,1.098533585,0.155761643,0
Y199I,1.742644377,0.248947522,0
Y199K,0.970702937,0.137267912,0
Y199L,1.30309419,0.185356179,0
Y199M,1.27585796,0.181415813,0
Y199N,1.487207456,0.211992523,0
Y199P,1.165463235,0.165444602,0
Y199Q,1.483964368,0.211523333,0
Y199R,1.228471014,0.174560169,0
Y199S,1.233164513,0.175239195,0
Y199T,1.012985967,0.143385154,0
Y199V,1.297690497,0.184574406,0
Y199W,1.695956941,0.242193079,0
A200C,2.548456555,0.365527336,0
A200D,2.13870294,0.306246773,0
A200F,1.367763593,0.194712139,0
A200G,2.877278577,0.413099229,1
A200H,1.450835808,0.206730502,0
A200I,1.506554932,0.214791593,0
A200K,1.153965523,0.163781185,0
A200L,1.909338846,0.273063825,0
A200M,1.566394911,0.223448863,0
A200N,1.951301727,0.279134749,0
A200P,0.747942387,0.105040324,0
A200Q,1.633115979,0.233101646,0
A200R,1.727420492,0.246745027,0
A200S,1.908745951,0.272978048,0
A200T,1.651134691,0.235708479,0
A200V,1.656521185,0.236487763,0
A200W,1.347460904,0.191774874,0
A200Y,1.246194338,0.177124268,0
I201A,2.964477706,0.425714648,1
I201C,2.094890336,0.299908242,0
I201D,1.331363208,0.189445961,0
I201E,1.430167469,0.203740338,0
I201F,3.213729323,0.461774797,1
I201G,1.813212491,0.259156871,0
I201H,2.349202608,0.336700534,0
I201K,1.125015801,0.159592922,0
I201L,2.077885379,0.297448072,0
I201M,2.163354356,0.309813184,0
I201N,1.34920041,0.192026535,0
I201P,1.367932253,0.19473654,0
I201Q,0.920084661,0.12994478,0
I201R,1.197389662,0.170063515,0
I201S,2.960324004,0.425113717,1
I201T,2.186093854,0.313102991,0
I201V,2.427180428,0.347981873,0
I201W,1.908735574,0.272976547,0
I201Y,2.053126933,0.293866177,0
A202C,4.019763706,0.578386758,1
A202D,0.899257178,0.126931591,0
A202E,1.431485465,0.203931017,0
A202F,1.939304289,0.277399036,0
A202G,1.744112246,0.249159884,0
A202H,1.71341899,0.244719378,0
A202I,2.058507761,0.294644641,0
A202K,1.176299891,0.167012381,0
A202L,2.617916776,0.375576402,0
A202M,1.829807367,0.261557713,0
A202N,2.02263547,0.289454864,0
A202P,1.657448361,0.236621901,0
A202Q,1.604850728,0.229012408,0
A202R,1.079933693,0.153070728,0
A202S,2.22274105,0.318404875,0
A202T,3.463326307,0.497884911,1
A202V,2.532908627,0.363277961,0
A202W,2.393259027,0.343074339,0
A202Y,2.685137464,0.385301467,0
S203A,1.548881996,0.220915205,0
S203C,1.833229893,0.262052862,0
S203D,0.95825773,0.135467418,0
S203E,1.070839775,0.151755077,0
S203F,1.367570081,0.194684143,0
S203G,1.415205073,0.201575673,0
S203H,0.973988155,0.137743197,0
S203I,0.911153957,0.128652742,0
S203K,0.986347676,0.139531294,0
S203L,1.530771991,0.218295164,0
S203M,1.338923857,0.190539788,0
S203N,0.804416549,0.113210648,0
S203P,0.875204852,0.123451853,0
S203Q,0.839204694,0.118243577,0
S203R,1.463812417,0.208607876,0
S203T,1.978810086,0.283114485,0
S203V,1.242059322,0.17652604,0
S203W,1.779905475,0.254338222,0
S203Y,1.136235423,0.161216107,0
S204A,1.628604676,0.232448979,0
S204C,1.513284881,0.21576524,0
S204D,1.223301548,0.173812283,0
S204E,1.097154719,0.155562157,0
S204F,1.442149542,0.205473828,0
S204G,1.245930774,0.177086137,0
S204H,1.233488738,0.175286102,0
S204I,1.196529278,0.16993904,0
S204K,1.326080745,0.188681728,0
S204L,0.95519668,0.135024565,0
S204M,1.423891038,0.202832303,0
S204N,1.14737299,0.162827419,0
S204P,1.385114776,0.197222399,0
S204Q,1.192250031,0.169319946,0
S204R,1.20464262,0.171112828,0
S204T,1.596769923,0.227843328,0
S204V,1.605018401,0.229036666,0
S204W,1.289629276,0.18340816,0
S204Y,1.082369493,0.153423124,0
I205A,2.924657091,0.419953653,1
I205C,3.316416581,0.476630941,1
I205D,1.500803586,0.213959525,0
I205E,1.176663765,0.167065024,0
I205F,2.595758422,0.372370672,0
I205G,2.131323626,0.30517918,0
I205H,1.928705987,0.27586574,0
I205K,1.252575372,0.178047435,0
I205L,1.737831231,0.248251187,0
I205M,3.057848465,0.439222939,1
I205N,2.030775851,0.290632563,0
I205P,0.866216452,0.122151468,0
I205Q,2.376441783,0.340641326,0
I205R,1.238141377,0.175959216,0
I205S,2.821115802,0.404973954,1
I205T,2.269429186,0.32515942,0
I205V,2.680486444,0.384628587,0
I205W,2.453009936,0.351718723,0
I205Y,1.754210293,0.250620806,0
V206A,2.375224213,0.340465176,0
V206C,1.555402444,0.221858543,0
V206D,1.158435282,0.164427842,0
V206E,1.23539015,0.175561186,0
V206F,1.301317931,0.185099201,0
V206G,1.33130635,0.189437736,0
V206H,2.081802597,0.29801479,0
V206I,2.912215186,0.418153637,1
V206K,2.372029602,0.340003,0
V206L,1.476127526,0.210389548,0
V206M,2.008026821,0.287341377,0
V206N,3.797233334,0.54619247,1
V206P,1.283076555,0.182460154,0
V206Q,1.620009656,0.231205506,0
V206R,1.219056794,0.173198179,0
V206S,1.444570439,0.205824068,0
V206T,3.80465191,0.547265743,1
V206W,1.409872869,0.200804243,0
V206Y,1.46868122,0.209312264,0
S207A,2.104819584,0.301344743,0
S207C,1.708092493,0.243948774,0
S207D,2.159599528,0.309269959,0
S207E,1.176034037,0.166973919,0
S207F,1.249662154,0.177625969,0
S207G,1.82452415,0.26079337,0
S207H,1.625953275,0.232065391,0
S207I,1.629119,0.232523388,0
S207K,1.329762119,0.189214326,0
S207L,0.884841396,0.124846007,0
S207M,1.078354108,0.152842204,0
S207N,1.18462394,0.168216651,0
S207P,1.235442358,0.175568739,0
S207Q,1.018184363,0.144137225,0
S207R,0.958515901,0.135504769,0
S207T,2.37951144,0.341085425,0
S207V,1.61003933,0.229763062,0
S207W,0.803273141,0.113045227,0
S207Y,1.130789119,0.16042817,0
F208A,1.193633784,0.169520139,0
F208C,2.497647334,0.358176579,0
F208D,1.107633957,0.157078227,0
F208E,1.069839099,0.151610306,0
F208G,1.151503134,0.163424942,0
F208H,0.996047827,0.140934651,0
F208I,1.168917635,0.165944362,0
F208K,1.02791845,0.145545491,0
F208L,1.492938583,0.212821666,0
F208M,2.025162284,0.289820428,0
F208N,1.182542903,0.16791558,0
F208P,0.909206285,0.128370965,0
F208Q,1.197385641,0.170062934,0
F208R,0.804150616,0.113172175,0
F208S,1.301752731,0.185162105,0
F208T,0.811531373,0.114239976,0
F208V,1.347017123,0.191710671,0
F208W,1.734781271,0.247809938,0
F208Y,1.564272708,0.223141836,0
Y209A,1.45314845,0.207065081,0
Y209C,1.520256723,0.216773882,0
Y209D,1.018841758,0.144232333,0
Y209E,1.143281695,0.162235517,0
Y209F,2.594957004,0.372254728,0
Y209G,2.351823334,0.337079685,0
Y209H,1.757349603,0.251074981,0
Y209I,1.367123222,0.194619494,0
Y209K,1.551317252,0.221267523,0
Y209L,1.677180979,0.239476691,0
Y209M,1.79434804,0.256427682,0
Y209N,1.219845771,0.173312323,0
Y209P,1.220938718,0.173470444,0
Y209Q,1.521988754,0.217024461,0
Y209R,1.046083526,0.1481735,0
Y209S,1.44279796,0.205567637,0
Y209T,0.910997979,0.128630176,0
Y209V,2.212246233,0.316886552,0
Y209W,2.859283051,0.41049575,1
V210A,2.504455245,0.359161505,0
V210C,2.138252903,0.306181664,0
V210D,1.390699691,0.198030389,0
V210E,1.3989793,0.19922823,0
V210F,3.355327231,0.482260288,1
V210G,1.99967486,0.286133068,0
V210H,1.149443678,0.163126993,0
V210I,2.975635133,0.427328834,1
V210K,1.369400741,0.194948991,0
V210L,1.59771475,0.22798002,0
V210M,0.521274413,0.072247433,0
V210N,2.264044413,0.324380385,0
V210P,0.521325994,0.072254896,0
V210Q,1.728496686,0.246900724,0
V210R,1.031454586,0.146057077,0
V210S,2.925381122,0.420058401,1
V210T,6.141426398,0.885335511,1
V210W,2.294968332,0.328854262,0
V210Y,1.716439338,0.245156343,0
P211A,0.470117124,0.06484632,0
P211C,1.596745178,0.227839748,0
P211D,0.868391513,0.122466142,0
P211E,1.496374273,0.21331872,0
P211F,0.30211433,0.040540737,0
P211G,0.980041455,0.13861895,0
P211H,2.022815775,0.28948095,0
P211I,0.811323399,0.114209888,0
P211K,1.426430562,0.203199706,0
P211L,1.256078687,0.178554273,0
P211M,0.99654622,0.141006755,0
P211N,0.979658711,0.138563577,0
P211R,0.45552314,0.062734955,0
P211S,1.576388152,0.224894622,0
P211T,0.878296639,0.123899153,0
P211V,1.251332895,0.177867681,0
P211W,0.26869044,0.03570518,0
P211Y,0.877918211,0.123844405,0
L212A,1.229219906,0.174668514,0
L212C,3.944301476,0.56746936,1
L212D,1.576164248,0.224862229,0
L212E,1.579764162,0.225383042,0
L212F,1.225464898,0.174125263,0
L212G,1.774168406,0.25350822,0
L212H,2.151658565,0.308121111,0
L212I,1.44409704,0.20575558,0
L212K,1.398348072,0.199136908,0
L212M,2.275331089,0.32601327,0
L212N,1.573814439,0.224522274,0
L212P,1.328983325,0.189101655,0
L212Q,1.473192103,0.20996487,0
L212R,0.691654514,0.09689695,0
L212S,2.283503588,0.327195615,0
L212T,1.928083112,0.275775627,0
L212V,2.157752226,0.309002703,0
L212W,2.693873958,0.386565408,0
L212Y,2.04493218,0.292680612,0
V213A,4.06820724,0.585395263,1
V213C,1.449034986,0.206469971,0
V213D,2.899679621,0.41634007,1
V213E,1.025010532,0.145124792,0
V213F,2.56238265,0.367542076,0
V213G,2.439816202,0.349809937,0
V213H,1.186860147,0.168540172,0
V213I,0.866885585,0.122248274,0
V213K,1.249541693,0.177608542,0
V213L,2.878598082,0.413290127,1
V213M,1.459977692,0.208053092,0
V213N,1.308776029,0.186178191,0
V213P,2.176811657,0.311760101,0
V213Q,1.590061791,0.226872838,0
V213R,1.417211171,0.201865902,0
V213S,5.235390499,0.754255962,1
V213T,3.02391,0.434312937,1
V213W,1.71218353,0.244540639,0
V213Y,1.738159896,0.248298736,0
I214A,1.779161288,0.254230558,0
I214C,2.275723221,0.326070001,0
I214D,1.452456106,0.206964917,0
I214E,0.853164524,0.120263197,0
I214F,1.305670631,0.185728922,0
I214G,1.936938293,0.277056738,0
I214H,1.927895008,0.275748413,0
I214K,1.025624353,0.145213596,0
I214L,2.826799471,0.405796231,1
I214M,1.90255786,0.272082795,0
I214N,2.005730399,0.287009146,0
I214P,1.017534255,0.144043172,0
I214Q,1.002853885,0.141919308,0
I214R,1.219120181,0.17320735,0
I214S,1.881926701,0.269098009,0
I214T,2.172297085,0.311106961,0
I214V,2.365771093,0.339097558,0
I214W,3.1229471,0.448640999,1
I214Y,1.321948585,0.188083913,0
M215A,1.355949421,0.193002939,0
M215C,1.579722203,0.225376972,0
M215D,1.362094048,0.193891905,0
M215E,1.360020172,0.19359187,0
M215F,0.924055346,0.130519234,0
M215G,1.136257065,0.161219238,0
M215H,1.209939365,0.171879127,0
M215I,1.511037973,0.215440171,0
M215K,1.169948252,0.166093466,0
M215L,1.587066747,0.226439534,0
M215N,1.725669645,0.246491725,0
M215P,0.819699774,0.115421729,0
M215Q,1.542697291,0.220020441,0
M215R,0.776450452,0.10916469,0
M215S,1.629679461,0.232604472,0
M215T,1.249809973,0.177647355,0
M215V,1.419961072,0.202263741,0
M215W,0.914671029,0.12916157,0
M215Y,1.084339122,0.153708078,0
V216A,1.287951877,0.183165484,0
V216C,2.874915574,0.412757365,1
V216D,1.639027835,0.233956936,0
V216E,1.150490738,0.163278475,0
V216F,1.640481218,0.234167202,0
V216G,1.599207043,0.228195915,0
V216H,1.247896007,0.177370454,0
V216I,3.753973061,0.539933847,1
V216K,1.249921893,0.177663547,0
V216L,2.503671922,0.359048179,0
V216M,2.427241859,0.34799076,0
V216N,1.383450663,0.196981645,0
V216P,1.321819247,0.188065202,0
V216Q,0.997655232,0.1411672,0
V216R,1.36884093,0.194868001,0
V216S,2.267618531,0.324897466,0
V216T,1.422717256,0.202662488,0
V216W,1.17301907,0.166537732,0
V216Y,1.961065473,0.280547306,0
F217A,1.646019499,0.234968445,0
F217C,2.159826578,0.309302807,0
F217D,1.407873752,0.200515024,0
F217E,1.019389892,0.144311633,0
F217G,2.040056199,0.291975185,0
F217H,2.064975557,0.295580361,0
F217I,1.980208387,0.283316782,0
F217K,2.235994227,0.320322261,0
F217L,1.873116411,0.267823392,0
F217M,1.521716673,0.216985098,0
F217N,2.715277372,0.389661918,0
F217P,1.900762182,0.271823007,0
F217Q,2.534043527,0.363442151,0
F217R,2.811057162,0.403518733,1
F217S,1.034458769,0.146491703,0
F217T,1.613878872,0.230318543,0
F217V,1.495606049,0.213207578,0
F217W,2.259884389,0.323778539,0
F217Y,2.654194301,0.380824805,0
V218A,3.028863896,0.435029635,1
V218C,4.966289479,0.715324126,1
V218D,1.361642413,0.193826566,0
V218E,1.731184223,0.24728954,0
V218F,2.185332223,0.312992803,0
V218G,1.741851578,0.248832825,0
V218H,3.138601673,0.450905803,1
V218I,1.768360953,0.252668034,0
V218K,1.503723003,0.214381888,0
V218L,2.197198293,0.314709511,0
V218M,3.002154221,0.431165448,1
V218N,2.19870531,0.314927536,0
V218P,0.951074704,0.134428224,0
V218Q,1.799782623,0.257213923,0
V218R,1.121429083,0.159074019,0
V218S,1.570483609,0.22404039,0
V218T,2.344589837,0.336033188,0
V218W,1.197450664,0.170072341,0
V218Y,1.245584853,0.177036091,0
Y219A,1.114958743,0.158137931,0
Y219C,1.818978307,0.259991033,0
Y219D,0.859204579,0.121137034,0
Y219E,0.985937196,0.139471909,0
Y219F,1.538825231,0.219460256,0
Y219G,0.465766936,0.064216962,0
Y219H,1.797675389,0.256909061,0
Y219I,1.187020215,0.168563329,0
Y219K,1.10883274,0.157251659,0
Y219L,1.418194124,0.20200811,0
Y219M,1.335857048,0.190096102,0
Y219N,2.199568737,0.315052452,0
Y219P,1.727182432,0.246710586,0
Y219Q,1.255597394,0.178484642,0
Y219R,0.801428026,0.112778288,0
Y219S,2.009342878,0.287531776,0
Y219T,2.195012887,0.31439334,0
Y219V,1.68309745,0.240332649,0
Y219W,1.826234125,0.261040759,0
S220A,5.665691886,0.816509247,1
S220C,2.24696282,0.321909128,0
S220D,1.982732517,0.283681957,0
S220E,2.105458229,0.301437138,0
S220F,2.740978708,0.393380225,0
S220G,3.126223507,0.449115008,1
S220H,2.457557451,0.352376628,0
S220I,0.021892406,0,0
S220K,1.960000149,0.280393182,0
S220M,2.158263426,0.30907666,0
S220N,1.490928212,0.212530818,0
S220P,1.408670405,0.200630278,0
S220Q,5.359312344,0.772184191,1
S220R,2.790999753,0.400616954,0
S220T,3.93680045,0.566384159,1
S220W,2.496141923,0.357958786,0
S220Y,1.600108753,0.228326369,0
R221A,1.684343323,0.240512894,0
R221C,1.86046078,0.265992455,0
R221D,0.996421116,0.140988656,0
R221E,2.450597877,0.351369761,0
R221F,1.331337839,0.189442291,0
R221G,1.664067719,0.237579548,0
R221H,1.413406711,0.201315497,0
R221I,1.871822971,0.267636265,0
R221K,1.887993653,0.269975737,0
R221L,1.709237346,0.244114404,0
R221M,1.608482601,0.229537844,0
R221N,2.194588617,0.314331959,0
R221P,1.892141089,0.270575762,0
R221Q,1.599059237,0.228174531,0
R221S,1.660173323,0.237016131,0
R221T,1.206288498,0.171350943,0
R221V,2.337514988,0.335009643,0
R221W,1.923092219,0.275053576,0
R221Y,0.949292217,0.134170345,0
V222A,1.171587875,0.166330676,0
V222C,2.696903192,0.387003658,0
V222D,0.995163031,0.140806644,0
V222E,1.275762069,0.18140194,0
V222F,1.292507567,0.183824573,0
V222G,1.424172968,0.202873091,0
V222H,0.781954442,0.109960973,0
V222I,3.143783283,0.451655446,1
V222K,0.781296101,0.109865728,0
V222L,3.518096609,0.505808733,1
V222M,0.954939053,0.134987293,0
V222N,2.207923452,0.316261159,0
V222P,0.98107732,0.138768813,0
V222Q,1.219305862,0.173234213,0
V222R,0.920982482,0.130074671,0
V222S,1.602910907,0.228731767,0
V222T,1.381317706,0.196673063,0
V222W,1.183909906,0.168113349,0
V222Y,0.995300759,0.14082657,0
F223A,2.847184199,0.408745364,1
F223C,1.94933824,0.278850684,0
F223D,1.829727566,0.261546168,0
F223E,1.116451097,0.158353835,0
F223G,2.269953358,0.325235254,0
F223H,3.139402767,0.4510217,1
F223I,1.880374314,0.268873419,0
F223K,1.837983999,0.262740656,0
F223L,1.720094851,0.245685199,0
F223M,0.886699288,0.125114795,0
F223N,2.08637529,0.298676339,0
F223P,0.56693517,0.078853343,0
F223Q,1.737889614,0.248259633,0
F223R,1.657556657,0.236637569,0
F223S,1.463634105,0.208582079,0
F223T,1.545178832,0.220379455,0
F223V,1.116141781,0.158309085,0
F223W,2.482027532,0.355916805,0
F223Y,3.966810342,0.5707258,1
Q224A,1.964336037,0.281020471,0
Q224C,2.327234539,0.333522333,0
Q224D,1.775025581,0.25363223,0
Q224E,2.510071619,0.359974046,0
Q224F,2.275365113,0.326018192,0
Q224G,1.950552172,0.279026308,0
Q224H,2.739445688,0.393158437,0
Q224I,2.134737259,0.305673043,0
Q224K,1.964894976,0.281101335,0
Q224L,2.056159083,0.294304849,0
Q224M,4.266034778,0.614015701,1
Q224N,2.065717859,0.295687752,0
Q224P,1.438245804,0.20490906,0
Q224R,2.871096894,0.412204902,1
Q224S,2.018532647,0.288861294,0
Q224T,1.099260114,0.155866752,0
Q224V,3.087123931,0.443458329,1
Q224W,1.267528412,0.180210747,0
Q224Y,1.61252653,0.230122894,0
E225A,2.112711636,0.302486515,0
E225C,2.42654193,0.347889499,0
E225D,0.890876902,0.125719186,0
E225F,1.711159618,0.244392506,0
E225G,1.92287051,0.2750215,0
E225H,2.810622578,0.40345586,1
E225I,1.453469395,0.207111513,0
E225K,2.359818624,0.338236393,0
E225L,2.058890505,0.294700014,0
E225M,2.707187501,0.388491527,0
E225N,1.908618222,0.272959569,0
E225P,1.367233134,0.194635396,0
E225Q,3.157320856,0.453613976,1
E225R,1.375548688,0.195838438,0
E225S,1.529414888,0.218098827,0
E225T,2.552019063,0.366042738,0
E225V,1.664631877,0.237661167,0
E225W,1.547594637,0.220728958,0
E225Y,1.450999223,0.206754144,0
A226C,2.017745875,0.288747469,0
A226D,0.612045214,0.085379579,0
A226E,2.428807865,0.34821732,0
A226F,1.648281878,0.235295752,0
A226G,1.796668356,0.25676337,0
A226H,1.679629207,0.239830886,0
A226I,1.235917233,0.175637441,0
A226K,1.439476704,0.205087139,0
A226L,1.611481465,0.229971701,0
A226M,1.372720388,0.195429257,0
A226N,1.662250408,0.237316631,0
A226P,0.981171766,0.138782476,0
A226Q,1.604762578,0.228999655,0
A226R,1.811342317,0.258886306,0
A226S,1.754455608,0.250656297,0
A226T,1.879864949,0.268799728,0
A226V,1.229842206,0.174758544,0
A226W,2.107329004,0.30170779,0
A226Y,2.542580424,0.364677215,0
K227A,1.148294561,0.162960746,0
K227C,1.198734587,0.170258091,0
K227D,2.44725102,0.350885559,0
K227E,1.132906717,0.16073453,0
K227F,1.596703458,0.227833712,0
K227G,1.302521542,0.185273331,0
K227H,1.933557905,0.276567685,0
K227I,2.539295766,0.364202011,0
K227L,2.416688709,0.346463997,0
K227M,1.728506524,0.246902147,0
K227N,3.057016311,0.439102549,1
K227P,1.222086922,0.173636559,0
K227Q,2.027416076,0.290146492,0
K227R,3.194791007,0.459034921,1
K227S,2.329424178,0.333839116,0
K227T,2.972297444,0.426845958,1
K227V,0.98404694,0.139198438,0
K227W,2.017596387,0.288725842,0
K227Y,2.419398734,0.346856066,0
R228A,2.016419142,0.288555525,0
R228C,2.26252394,0.324160412,0
R228D,2.771016787,0.397725945,0
R228E,2.262937238,0.324220206,0
R228F,2.851603763,0.409384759,1
R228G,1.485107154,0.211688664,0
R228H,2.584406354,0.370728326,0
R228I,2.278261045,0.326437157,0
R228K,2.219703578,0.317965433,0
R228L,2.367485618,0.339345605,0
R228M,1.82055945,0.260219783,0
R228N,2.694333439,0.386631882,0
R228P,0.923363721,0.130419174,0
R228Q,2.160892463,0.309457013,0
R228S,4.130919176,0.594468029,1
R228T,2.053221361,0.293879838,0
R228V,3.130512162,0.449735464,1
R228W,2.324550449,0.333134016,0
R228Y,2.921539242,0.419502582,1
Q229A,1.917907731,0.274303517,0
Q229C,1.829866114,0.261566212,0
Q229D,1.195717472,0.169821594,0
Q229E,1.474454464,0.2101475,0
Q229F,1.200288487,0.170482899,0
Q229G,1.627404395,0.23227533,0
Q229H,1.545959036,0.22049233,0
Q229I,1.622041233,0.231499421,0
Q229K,0.928279185,0.131130312,0
Q229L,1.514500715,0.215941139,0
Q229M,2.157982959,0.309036084,0
Q229N,1.049646999,0.14868904,0
Q229P,1.174370822,0.166733295,0
Q229R,0.855730362,0.120634407,0
Q229S,2.404614661,0.3447172,0
Q229T,1.987169767,0.284323911,0
Q229V,0.859024704,0.121111011,0
Q229W,1.822408328,0.260487267,0
Q229Y,2.359263038,0.338156014,0
L230A,1.112186764,0.157736898,0
L230C,2.636482679,0.3782624,0
L230D,1.659332906,0.236894545,0
L230E,1.989897659,0.284718565,0
L230F,1.578973471,0.22526865,0
L230G,2.377182539,0.340748494,0
L230H,2.748531327,0.39447289,0
L230I,1.986402354,0.284212886,0
L230K,0.861188624,0.121424074,0
L230M,3.093698654,0.444409518,1
L230N,2.593118539,0.37198875,0
L230P,1.22331181,0.173813768,0
L230Q,2.227242481,0.319056114,0
L230R,3.032991972,0.435626859,1
L230S,1.505485821,0.214636921,0
L230T,2.411566381,0.345722931,0
L230V,2.409153766,0.345373889,0
L230W,2.782209875,0.39934529,0
L230Y,1.176342438,0.167018536,0
Q231A,1.361021552,0.193736743,0
Q231C,1.919580076,0.274545461,0
Q231D,2.035211497,0.291274285,0
Q231E,1.095685885,0.155349656,0
Q231F,3.41932822,0.491519546,1
Q231G,1.560288954,0.222565492,0
Q231H,2.054080136,0.29400408,0
Q231I,2.753464593,0.395186604,0
Q231K,2.071745733,0.296559827,0
Q231L,2.076078086,0.297186604,0
Q231M,2.663856578,0.382222683,0
Q231N,2.410903891,0.345627086,0
Q231P,1.53839423,0.219397902,0
Q231R,1.812532364,0.259058475,0
Q231S,3.072281843,0.441311069,1
Q231T,2.2908335,0.328256061,0
Q231V,0.708244498,0.099297084,0
Q231W,2.667317362,0.382723367,0
Q231Y,2.162072029,0.309627665,0
K232A,2.559094436,0.367066358,0
K232C,1.793149676,0.25625431,0
K232D,1.740372594,0.248618855,0
K232E,2.273162194,0.325699488,0
K232F,1.612845175,0.230168994,0
K232G,1.6591774,0.236872047,0
K232H,1.103657765,0.156502977,0
K232I,3.778763569,0.543520381,1
K232L,1.093828452,0.155080934,0
K232M,1.665306579,0.237758778,0
K232N,2.256940506,0.323352637,0
K232P,2.176602713,0.311729872,0
K232Q,2.45885324,0.352564095,0
K232R,3.117799933,0.447896339,1
K232S,2.178566486,0.312013979,0
K232T,2.292198403,0.328453526,0
K232V,2.632781991,0.377727008,0
K232W,1.279070789,0.181880625,0
K232Y,1.990638907,0.284825804,0
I233A,2.019159556,0.288951991,0
I233C,2.33380565,0.334473,0
I233D,1.071568992,0.151860576,0
I233E,1.57300334,0.224404929,0
I233F,1.473838866,0.210058439,0
I233G,1.177143832,0.167134477,0
I233H,1.873351305,0.267857375,0
I233K,2.375217828,0.340464252,0
I233L,1.831687527,0.261829723,0
I233M,1.287164777,0.183051612,0
I233N,1.504212347,0.214452683,0
I233P,1.090313511,0.154572414,0
I233Q,0.970118238,0.137183322,0
I233R,1.164655637,0.165327763,0
I233S,0.976085876,0.138046682,0
I233T,1.137642856,0.161419725,0
I233V,2.302069675,0.32988164,0
I233W,1.745562841,0.249369747,0
I233Y,1.710351939,0.244275656,0
D234A,1.98039013,0.283343076,0
D234C,2.408216171,0.345238244,0
D234E,2.635496266,0.378119692,0
D234F,2.195032276,0.314396145,0
D234G,3.675333396,0.528556757,1
D234H,2.703496445,0.387957528,0
D234I,4.131136454,0.594499464,1
D234K,1.72560766,0.246482758,0
D234L,2.251091302,0.322506411,0
D234M,4.303318456,0.619409668,1
D234N,2.418291221,0.346695838,0
D234P,1.310415257,0.186415344,0
D234Q,2.278062116,0.326408378,0
D234R,3.562082975,0.512172402,1
D234S,3.042469423,0.436997997,1
D234T,2.325722638,0.333303601,0
D234V,3.319958504,0.477143364,1
D234W,3.212504894,0.461597654,1
D234Y,3.412940378,0.490595394,1
K235A,1.766211716,0.252357096,0
K235C,1.929496004,0.275980035,0
K235D,2.755589679,0.395494048,0
K235E,2.078166574,0.297488754,0
K235F,1.754094343,0.250604031,0
K235G,2.76936804,0.397487414,0
K235H,2.069317675,0.296208551,0
K235I,2.749760022,0.39465065,0
K235L,2.308548877,0.33081901,0
K235M,3.846884522,0.55337569,1
K235N,2.120471911,0.303609223,0
K235P,1.468460522,0.209280335,0
K235Q,1.977709219,0.282955218,0
K235R,2.153798026,0.308430634,0
K235S,2.376383877,0.340632949,0
K235T,2.032858593,0.290933881,0
K235V,2.640719637,0.378875376,0
K235W,1.738452672,0.248341093,0
K235Y,2.199701611,0.315071675,0
S236A,1.75461006,0.250678642,0
S236C,2.522206651,0.361729666,0
S236D,1.429412199,0.20363107,0
S236E,1.594684052,0.227541557,0
S236F,2.182076656,0.312521808,0
S236G,1.618258965,0.230952227,0
S236H,1.769138835,0.252780573,0
S236I,2.541780752,0.364561523,0
S236K,1.978655372,0.283092102,0
S236L,1.339555404,0.190631157,0
S236M,3.304964806,0.47497417,1
S236N,1.066218652,0.151086522,0
S236P,1.514067142,0.215878412,0
S236Q,1.595228992,0.227620396,0
S236R,2.713026668,0.389336301,0
S236T,1.241617962,0.176462186,0
S236V,2.600384827,0.373039991,0
S236W,1.550236241,0.221111129,0
S236Y,2.928895001,0.420566767,1
E237A,1.331660033,0.189488904,0
E237C,2.527863913,0.362548123,0
E237D,2.429198235,0.348273796,0
E237F,2.355014679,0.337541388,0
E237G,2.759160656,0.396010674,0
E237H,2.330487558,0.333992959,0
E237I,1.930514209,0.276127342,0
E237K,1.805232922,0.258002437,0
E237L,2.240030716,0.320906235,0
E237M,2.137494041,0.306071877,0
E237N,2.203130653,0.315567767,0
E237P,1.752364728,0.250353801,0
E237Q,2.921103322,0.419439516,1
E237R,2.120066168,0.303550522,0
E237S,1.090897914,0.154656962,0
E237T,2.02535283,0.289847995,0
E237V,1.606581807,0.229262849,0
E237W,2.379292107,0.341053693,0
E237Y,2.796100305,0.401354869,0
G238A,2.046461211,0.292901822,0
G238C,2.086510717,0.298695932,0
G238D,1.198199657,0.1701807,0
G238E,1.635234659,0.233408163,0
G238F,2.175850123,0.311620992,0
G238H,1.720857146,0.245795483,0
G238I,2.335809575,0.334762915,0
G238K,1.998961832,0.286029912,0
G238L,2.576494124,0.369583635,0
G238M,1.366802705,0.194573124,0
G238N,1.952749668,0.279344228,0
G238P,1.90971555,0.273118324,0
G238Q,1.401815861,0.199638606,0
G238R,1.635317027,0.233420079,0
G238S,0.922779388,0.130334636,0
G238T,2.076376455,0.297229771,0
G238V,1.595381786,0.227642501,0
G238W,2.043133505,0.292420391,0
G238Y,2.713833122,0.389452973,0
R239A,1.79575759,0.256631606,0
R239C,1.498381886,0.213609168,0
R239D,2.584312358,0.370714728,0
R239E,2.163423027,0.309823119,0
R239F,0.722708784,0.101389685,0
R239G,1.856600082,0.265433914,0
R239H,2.66778622,0.382791198,0
R239I,2.430174868,0.348415089,0
R239K,1.389463819,0.197851591,0
R239L,2.129109734,0.304858888,0
R239M,1.739179948,0.248446311,0
R239N,0.676036688,0.094637461,0
R239P,2.584512892,0.37074374,0
R239Q,2.593921794,0.37210496,0
R239S,3.255431907,0.467808063,1
R239T,2.083145645,0.298209094,0
R239V,1.677154425,0.23947285,0
R239W,1.615798586,0.230596275,0
R239Y,1.434589279,0.204380057,0
F240A,3.109749502,0.446731653,1
F240C,1.647209962,0.235140674,0
F240D,2.842493635,0.408066763,1
F240E,2.06050877,0.294934134,0
F240G,1.661960879,0.237274744,0
F240H,2.108688621,0.301904491,0
F240I,3.436393747,0.493988479,1
F240K,1.817097031,0.259718862,0
F240L,1.874315215,0.267996827,0
F240M,1.844147598,0.263632367,0
F240N,3.997811601,0.575210867,1
F240P,1.594757236,0.227552145,0
F240Q,2.086723061,0.298726652,0
F240R,1.121396407,0.159069291,0
F240S,2.04666309,0.292931029,0
F240T,1.806442864,0.258177484,0
F240V,1.516856156,0.216281909,0
F240W,2.263935383,0.324364611,0
F240Y,0.532449174,0.073864127,0
H241A,2.45322773,0.351750232,0
H241C,2.046830594,0.292955262,0
H241D,1.709669901,0.244176983,0
H241E,1.991836673,0.284999089,0
H241F,2.331880576,0.334194492,0
H241G,0.926454814,0.130866374,0
H241I,1.39207451,0.198229289,0
H241K,3.36899488,0.484237637,1
H241L,2.078918271,0.297597504,0
H241M,1.95247276,0.279304167,0
H241N,2.598272859,0.372734445,0
H241P,1.810882258,0.258819748,0
H241Q,1.644898258,0.234806231,0
H241R,2.517127442,0.360994838,0
H241S,1.957094926,0.279972873,0
H241T,1.542972899,0.220060314,0
H241V,1.688514356,0.241116333,0
H241W,2.458504211,0.3525136,0
H241Y,1.495783898,0.213233308,0
V242A,1.609480273,0.229682181,0
V242C,3.055291586,0.438853026,1
V242D,2.132446457,0.305341624,0
V242E,2.051017951,0.293561062,0
V242F,3.021129762,0.433910709,1
V242G,2.295109517,0.328874688,0
V242H,2.716117787,0.389783504,0
V242I,1.690418985,0.241391883,0
V242K,2.50320902,0.358981209,0
V242L,2.737138972,0.392824716,0
V242M,2.138194995,0.306173286,0
V242N,2.233554554,0.319969305,0
V242P,2.025101354,0.289811613,0
V242Q,2.773912174,0.398144831,0
V242R,1.613050569,0.230198709,0
V242S,2.392213318,0.342923052,0
V242T,2.839974709,0.407702341,1
V242W,1.91894756,0.274453953,0
V242Y,1.313216906,0.186820669,0
Q243A,2.654588917,0.380881896,0
Q243C,1.976656669,0.282802942,0
Q243D,1.813981431,0.259268116,0
Q243E,1.673054881,0.238879754,0
Q243F,4.002392154,0.575873552,1
Q243G,2.478288361,0.355375846,0
Q243H,2.107094805,0.301673907,0
Q243I,2.232008963,0.319745698,0
Q243K,1.678786173,0.239708921,0
Q243L,2.123967876,0.304114997,0
Q243M,2.27089398,0.325371337,0
Q243N,3.109586436,0.446708062,1
Q243P,2.474125409,0.354773576,0
Q243R,1.436962261,0.204723365,0
Q243S,2.499084048,0.358384434,0
Q243T,1.470468403,0.209570822,0
Q243V,3.521328985,0.506276372,1
Q243W,2.400372671,0.344103496,0
Q243Y,2.823222668,0.405278762,1
N244A,2.215539994,0.317363072,0
N244C,3.296301042,0.473720751,1
N244D,2.055790576,0.294251536,0
N244E,1.929533606,0.275985475,0
N244F,3.457299623,0.497013009,1
N244G,2.367361682,0.339327675,0
N244H,2.105656544,0.301465829,0
N244I,2.288964583,0.327985678,0
N244K,2.282091726,0.326991356,0
N244L,3.455911065,0.496812121,1
N244M,1.966651749,0.281355493,0
N244P,2.314989323,0.331750773,0
N244Q,2.555322661,0.366520681,0
N244R,2.15399781,0.308459538,0
N244S,2.374179622,0.340314051,0
N244T,2.349840445,0.336792813,0
N244V,2.750641529,0.394778181,0
N244W,2.256362273,0.323268981,0
N244Y,2.243652029,0.321430144,0
L245A,1.506841168,0.214833004,0
L245C,3.414870265,0.490874597,1
L245D,2.873199742,0.412509129,1
L245E,2.479755195,0.355588058,0
L245F,2.005908335,0.287034888,0
L245G,2.27711981,0.326272051,0
L245H,2.41078763,0.345610266,0
L245I,1.66519274,0.237742309,0
L245K,4.172109451,0.600427178,1
L245M,2.695199373,0.38675716,0
L245N,1.030060147,0.145855338,0
L245P,2.502155197,0.358828749,0
L245Q,2.664687748,0.382342931,0
L245R,2.596116237,0.372422438,0
L245S,3.366207842,0.483834426,1
L245T,2.72809924,0.391516905,0
L245V,2.262510169,0.32415842,0
L245W,1.771721761,0.253154254,0
L245Y,0.942909881,0.133246989,0
S246A,2.162426214,0.309678906,0
S246C,2.412406484,0.345844472,0
S246D,2.236886543,0.320451356,0
S246E,1.712264591,0.244552367,0
S246F,4.678193008,0.673644149,1
S246G,1.636231572,0.23355239,0
S246H,2.018609946,0.288872477,0
S246I,0.767469361,0.107865363,0
S246K,2.203405533,0.315607535,0
S246L,4.637959865,0.667823472,1
S246M,1.976680399,0.282806375,0
S246N,3.435562783,0.49386826,1
S246P,2.055274933,0.294176936,0
S246Q,1.453949804,0.207181016,0
S246R,2.710702248,0.389000018,0
S246T,3.707182803,0.533164528,1
S246V,2.93706342,0.421748522,1
S246W,1.963488206,0.280897812,0
S246Y,0.68277698,0.095612604,0
Q247A,2.430370341,0.348443369,0
Q247C,1.794709701,0.256480004,0
Q247D,1.685640864,0.240700614,0
Q247E,2.025994275,0.289940795,0
Q247F,1.721021567,0.245819271,0
Q247G,1.553298062,0.221554094,0
Q247H,1.700569669,0.242860419,0
Q247I,2.142621057,0.306813621,0
Q247K,4.074303041,0.586277165,1
Q247L,2.188909459,0.313510335,0
Q247M,3.36479667,0.483630266,1
Q247N,1.8234054,0.260631517,0
Q247P,1.842012481,0.263323472,0
Q247R,0.886375945,0.125068016,0
Q247S,2.145781924,0.307270915,0
Q247T,3.171207514,0.45562301,1
Q247V,2.300613935,0.329671032,0
Q247W,1.476626828,0.210461784,0
Q247Y,2.616124464,0.375317102,0
V248A,1.746038471,0.249438558,0
V248C,3.048394092,0.43785514,1
V248D,2.599250983,0.372875953,0
V248E,3.32484229,0.477849919,1
V248F,3.232999786,0.464562726,1
V248G,2.488827818,0.356900628,0
V248H,2.102937221,0.301072414,0
V248I,2.189441187,0.313587262,0
V248K,2.371785004,0.339967613,0
V248L,1.59316859,0.22732231,0
V248M,2.5737677,0.369189193,0
V248N,1.799473325,0.257169175,0
V248P,2.881434335,0.413700458,1
V248Q,2.28014999,0.326710438,0
V248R,2.288162,0.327869565,0
V248S,2.206654038,0.316077508,0
V248T,2.168403629,0.310543681,0
V248W,2.617729812,0.375549354,0
V248Y,2.272661171,0.325627003,0
E249A,1.88552965,0.269619261,0
E249C,2.015020302,0.28835315,0
E249D,2.500261112,0.358554724,0
E249F,1.612046751,0.230053483,0
E249G,1.706316618,0.243691852,0
E249H,2.061974286,0.295146156,0
E249I,2.142811842,0.306841223,0
E249K,2.305595479,0.330391731,0
E249L,2.192273459,0.313997017,0
E249M,4.736234314,0.682041199,1
E249N,2.480541782,0.355701856,0
E249P,3.214876819,0.461940809,1
E249Q,2.837955343,0.407410192,1
E249R,2.108134209,0.301824282,0
E249S,4.327631715,0.622927157,1
E249T,2.973000816,0.426947718,1
E249V,1.949265962,0.278840228,0
E249W,1.95586763,0.279795315,0
E249Y,1.791537795,0.256021113,0
Q250A,3.160300095,0.454044994,1
Q250C,1.491336427,0.212589876,0
Q250D,2.230375283,0.319509348,0
Q250E,3.172796583,0.455852907,1
Q250F,3.089545286,0.443808635,1
Q250G,1.445123983,0.205904152,0
Q250H,2.623180942,0.376337989,0
Q250I,2.047615083,0.293068757,0
Q250K,3.073828972,0.441534898,1
Q250L,2.993932183,0.429975936,1
Q250M,3.31736966,0.476768826,1
Q250N,2.707234417,0.388498314,0
Q250P,4.623933681,0.665794253,1
Q250R,2.434529518,0.349045093,0
Q250S,3.663725478,0.526877397,1
Q250T,1.681512408,0.240103335,0
Q250V,3.53677999,0.508511726,1
Q250W,2.343499138,0.335875392,0
Q250Y,1.641815377,0.23436022,0
D251A,2.848445437,0.408927832,1
D251C,0.752078303,0.105638682,0
D251E,2.447768375,0.350960407,0
D251F,2.144211523,0.30704372,0
D251G,2.271292369,0.325428973,0
D251H,3.057684929,0.43919928,1
D251I,3.248528596,0.466809336,1
D251K,2.738014667,0.392951406,0
D251L,2.414148977,0.346096565,0
D251M,2.678465102,0.384336152,0
D251N,1.517854881,0.216426398,0
D251P,3.33604932,0.479471281,1
D251Q,1.873863716,0.267931507,0
D251R,3.514187483,0.505243185,1
D251S,3.276691131,0.470883713,1
D251T,2.669951336,0.383104434,0
D251V,1.513282477,0.215764892,0
D251W,2.872595979,0.41242178,1
D251Y,1.952963992,0.279375235,0
G252A,2.335071322,0.334656109,0
G252C,2.194677793,0.314344861,0
G252D,2.487475697,0.356705011,0
G252E,1.955877442,0.279796735,0
G252F,3.287509992,0.472448918,1
G252H,3.075879933,0.441831618,1
G252I,1.462055374,0.208353678,0
G252K,2.090971371,0.299341271,0
G252L,1.659149474,0.236868007,0
G252M,2.24779931,0.322030146,0
G252N,2.081696109,0.297999384,0
G252P,2.215443151,0.317349061,0
G252Q,1.880215401,0.268850429,0
G252R,2.351505578,0.337033714,0
G252S,2.925702848,0.420104946,1
G252T,2.457327761,0.352343398,0
G252V,2.033081192,0.290966085,0
G252W,3.237260335,0.465179115,1
G252Y,2.09146024,0.299411997,0
R253A,3.280685388,0.471461577,1
R253C,0.898773061,0.126861552,0
R253D,1.080048524,0.153087341,0
R253E,2.255541891,0.323150294,0
R253F,2.067937266,0.296008842,0
R253G,1.145573819,0.162567127,0
R253H,1.716643308,0.245185852,0
R253I,1.452625439,0.206989415,0
R253K,2.04669342,0.292935417,0
R253L,2.220065474,0.31801779,0
R253M,2.682084097,0.384859725,0
R253N,3.027294693,0.434802613,1
R253P,0.941597857,0.133057173,0
R253Q,4.199490805,0.604388539,1
R253S,3.707300696,0.533181584,1
R253V,3.976766298,0.572166165,1
R253W,1.119889332,0.158851257,0
R253Y,2.292091861,0.328438112,0
T254A,2.91937762,0.419189852,1
T254C,2.051364256,0.293611164,0
T254D,2.243416359,0.321396048,0
T254E,4.437513762,0.638824197,1
T254F,4.087389269,0.588170398,1
T254G,2.455818122,0.352124993,0
T254H,4.436163945,0.638628914,1
T254I,3.844972217,0.55309903,1
T254K,2.78691948,0.400026646,0
T254L,3.89406716,0.560201776,1
T254M,2.596665567,0.372501912,0
T254N,2.506659964,0.35948047,0
T254P,2.932028498,0.421020102,1
T254Q,3.195024821,0.459068748,1
T254R,2.112974369,0.302524526,0
T254S,2.506759646,0.359494891,0
T254V,2.16746976,0.310408574,0
T254W,2.147864104,0.307572152,0
T254Y,2.428584383,0.348184988,0
G255A,2.540977315,0.364445287,0
G255C,2.866096301,0.411481448,1
G255D,3.97538899,0.571966905,1
G255E,1.554036454,0.22166092,0
G255F,2.696445553,0.38693745,0
G255H,2.191582834,0.313897102,0
G255I,2.22360575,0.318529975,0
G255K,2.313280846,0.331503601,0
G255L,2.223066612,0.318451976,0
G255M,1.466910081,0.209056027,0
G255N,2.019734351,0.289035149,0
G255P,3.018408427,0.433517004,1
G255Q,2.21171368,0.316809505,0
G255R,2.481050871,0.355775508,0
G255S,1.766077626,0.252337697,0
G255T,1.687492084,0.240968437,0
G255V,1.958609768,0.28019203,0
G255W,2.194292593,0.314289132,0
G255Y,3.175011741,0.456173382,1
H256A,0.867768172,0.122375961,0
H256C,1.713531561,0.244735664,0
H256D,1.964717901,0.281075716,0
H256E,2.167691563,0.310440663,0
H256F,1.884513712,0.269472281,0
H256G,2.591817471,0.37180052,0
H256I,1.74334924,0.249049497,0
H256K,3.53575836,0.508363923,1
H256L,1.701181614,0.242948952,0
H256M,1.844995606,0.263755051,0
H256N,1.030348414,0.145897043,0
H256P,2.398061668,0.343769155,0
H256Q,1.747161731,0.249601064,0
H256R,2.466089601,0.353611006,0
H256S,2.479980311,0.355620626,0
H256T,1.849632678,0.264425914,0
H256V,2.654704566,0.380898627,0
H256W,2.47079117,0.354291199,0
H256Y,2.363387965,0.338752782,0
G257A,2.846244549,0.408609422,1
G257C,3.70882281,0.533401794,1
G257D,1.622997235,0.23163773,0
G257E,2.00575587,0.287012831,0
G257F,1.469253221,0.209395017,0
G257H,2.076819586,0.29729388,0
G257I,2.79398339,0.401048608,0
G257K,2.240657972,0.320996982,0
G257L,2.538724742,0.364119399,0
G257M,2.641798868,0.379031513,0
G257N,2.531763697,0.363112319,0
G257P,2.837369411,0.407325423,1
G257Q,1.450932042,0.206744425,0
G257R,3.218810884,0.462509965,1
G257S,2.579676216,0.370044,0
G257T,2.959779083,0.425034881,1
G257V,2.772317286,0.397914093,0
G257W,2.329167784,0.333802023,0
G257Y,1.68402657,0.240467068,0
L258A,2.661811328,0.381926789,0
L258C,2.46263925,0.353111831,0
L258D,1.925353994,0.275380795,0
L258E,2.196943287,0.314672618,0
L258F,2.362212458,0.338582717,0
L258G,2.372740581,0.34010586,0
L258H,1.863719609,0.266463922,0
L258I,3.094311421,0.444498169,1
L258K,1.645129099,0.234839628,0
L258N,1.717362677,0.245289926,0
L258P,0.192925195,0.024743943,0
L258Q,3.022335612,0.434085164,1
L258R,2.208220443,0.316304126,0
L258S,3.150846407,0.452677294,1
L258T,2.654621797,0.380886653,0
L258V,2.373864728,0.340268494,0
L258W,3.919345496,0.563858886,1
L258Y,2.141190328,0.306606632,0
R259A,1.371482038,0.1952501,0
R259C,2.16806599,0.310494833,0
R259D,2.72201948,0.390637324,0
R259E,2.74811786,0.394413073,0
R259F,2.200549683,0.315194369,0
R259G,2.721849816,0.390612778,0
R259H,1.91409839,0.273752405,0
R259I,1.223920792,0.173901872,0
R259K,2.198420105,0.314886275,0
R259L,3.549713878,0.510382919,1
R259M,3.102095137,0.445624268,1
R259N,1.815811309,0.259532852,0
R259P,2.201386503,0.315315434,0
R259Q,3.018395216,0.433515093,1
R259S,2.316179447,0.331922952,0
R259T,1.975904937,0.282694186,0
R259W,2.453741742,0.351824596,0
R259Y,1.891401316,0.270468736,0
R260A,3.153585434,0.453073559,1
R260C,2.714319131,0.389523286,0
R260D,1.488133576,0.212126508,0
R260E,1.936088786,0.276933837,0
R260F,1.755980302,0.25087688,0
R260G,2.934814805,0.421423207,1
R260H,2.173993803,0.311352432,0
R260I,2.731398565,0.391994231,0
R260K,1.976819271,0.282826466,0
R260L,2.019682784,0.289027688,0
R260M,3.800813225,0.546710386,1
R260N,2.494794252,0.357763814,0
R260P,2.421243286,0.347122925,0
R260Q,1.928781107,0.275876608,0
R260S,2.223640473,0.318534998,0
R260T,2.057255007,0.2944634,0
R260V,2.269309549,0.325142112,0
R260W,2.691402571,0.386207863,0
R260Y,2.392905532,0.343023197,0
S261A,2.874982819,0.412767093,1
S261C,3.237712341,0.465244508,1
S261D,2.582706144,0.370482351,0
S261E,3.071339907,0.441174796,1
S261F,1.280456822,0.182081147,0
S261G,1.59016446,0.226887691,0
S261H,2.777437681,0.398654879,0
S261I,4.331099783,0.623428895,1
S261K,1.976572681,0.282790791,0
S261L,2.438613906,0.349635996,0
S261M,2.629755929,0.377289216,0
S261N,2.758588584,0.395927911,0
S261P,0.422373845,0.057939124,0
S261Q,2.439726139,0.349796907,0
S261R,2.420133514,0.34696237,0
S261T,2.032856508,0.29093358,0
S261V,2.550778441,0.365863252,0
S261W,2.840915035,0.407838381,1
S261Y,3.39934299,0.488628209,1
S262A,2.641656304,0.379010887,0
S262C,3.575459003,0.514107561,1
S262D,2.258567497,0.323588019,0
S262E,1.473733198,0.210043152,0
S262F,2.954941073,0.424334948,1
S262G,2.893603152,0.415460965,1
S262H,2.23398639,0.32003178,0
S262I,3.631912239,0.522274859,1
S262K,3.726941315,0.536023065,1
S262L,2.061664643,0.295101359,0
S262M,3.05878393,0.439358277,1
S262N,1.793392715,0.256289471,0
S262P,1.540635861,0.219722207,0
S262Q,2.262086253,0.324097091,0
S262R,2.634588053,0.377988297,0
S262T,6.144132695,0.88572704,1
S262V,1.534667497,0.218858741,0
S262W,1.60511497,0.229050637,0
S262Y,2.164358211,0.309958415,0
K263A,2.742053687,0.393535746,0
K263C,2.730171157,0.391816657,0
K263D,2.076560926,0.297256459,0
K263E,1.977326248,0.282899812,0
K263F,2.453524051,0.351793102,0
K263G,2.919343029,0.419184848,1
K263H,2.494895108,0.357778405,0
K263I,1.963591091,0.280912697,0
K263L,2.46908899,0.354044939,0
K263M,2.029053748,0.29038342,0
K263N,2.296306744,0.329047895,0
K263P,2.760153994,0.396154384,0
K263Q,2.09036163,0.299253057,0
K263R,2.376007176,0.34057845,0
K263S,2.224987127,0.318729824,0
K263T,1.481552841,0.211174449,0
K263V,1.673786326,0.238985575,0
K263W,1.150867645,0.163333004,0
K263Y,1.778261643,0.254100403,0
F264A,2.09827527,0.300397953,0
F264C,1.982475538,0.283644779,0
F264D,1.958319359,0.280150016,0
F264E,1.444052685,0.205749163,0
F264G,2.286611668,0.327645273,0
F264H,2.026458953,0.290008022,0
F264I,1.968582333,0.281634798,0
F264K,1.777192874,0.253945781,0
F264L,1.945590575,0.278308496,0
F264M,1.916793804,0.274142361,0
F264N,2.278312708,0.326444632,0
F264P,1.402990741,0.19980858,0
F264Q,0.820631377,0.115556507,0
F264R,2.068197489,0.296046489,0
F264S,2.082179455,0.298069312,0
F264T,1.915856181,0.274006712,0
F264V,1.492461153,0.212752594,0
F264W,2.601227656,0.373161926,0
F264Y,3.282346301,0.471701868,1
C265A,2.024840974,0.289773943,0
C265D,2.099223942,0.300535201,0
C265E,2.569459741,0.368565945,0
C265F,1.564415302,0.223162466,0
C265G,2.306641932,0.330543125,0
C265H,2.257551824,0.323441078,0
C265I,2.30665395,0.330544863,0
C265K,2.076892562,0.297304438,0
C265L,2.012991794,0.288059678,0
C265M,1.699878928,0.242760487,0
C265N,3.040785227,0.436754338,1
C265P,2.5899575,0.371531431,0
C265Q,2.328839309,0.333754501,0
C265R,2.494437603,0.357712216,0
C265S,2.369936686,0.33970021,0
C265T,1.930280138,0.276093479,0
C265V,2.528323548,0.36261462,0
C265W,2.214862358,0.317265036,0
C265Y,2.580295386,0.370133577,0
L266A,1.98943028,0.284650947,0
L266C,3.47099826,0.498994841,1
L266D,1.604971651,0.229029902,0
L266E,2.537654763,0.363964601,0
L266F,2.499613214,0.358460991,0
L266G,1.944676206,0.278176211,0
L266H,2.13816337,0.306168711,0
L266I,1.648461436,0.235321729,0
L266K,2.336872729,0.334916725,0
L266M,2.107049011,0.301667282,0
L266N,2.211362463,0.316758693,0
L266P,2.054331519,0.294040449,0
L266Q,2.857472664,0.410233835,1
L266R,2.419741108,0.346905599,0
L266S,1.627178135,0.232242596,0
L266T,1.984342743,0.283914915,0
L266V,2.016474554,0.288563542,0
L266W,2.493611357,0.35759268,0
L266Y,2.187332871,0.313282244,0
K267A,2.727268814,0.391396764,0
K267C,2.108354385,0.301856135,0
K267D,1.680673262,0.239981933,0
K267E,2.072734948,0.29670294,0
K267F,2.311104699,0.33118877,0
K267G,1.820250533,0.260175091,0
K267H,2.218474292,0.317787588,0
K267I,1.948195919,0.278685421,0
K267L,2.178920496,0.312065194,0
K267M,2.251887002,0.322621527,0
K267N,2.067001251,0.295873425,0
K267P,1.822213171,0.260459033,0
K267Q,1.777666325,0.254014276,0
K267R,2.004093556,0.286772337,0
K267S,3.05333459,0.4385699,1
K267T,1.624747415,0.231890935,0
K267V,1.90048718,0.271783222,0
K267W,2.21140807,0.316765291,0
K267Y,2.205489011,0.315908959,0
E268A,1.525310609,0.217505046,0
E268C,2.181459502,0.312432522,0
E268D,2.628462945,0.377102155,0
E268F,1.794929383,0.256511787,0
E268G,2.143677928,0.306966522,0
E268H,2.410212457,0.345527054,0
E268I,1.474051425,0.210089191,0
E268K,3.497849015,0.502879439,1
E268L,1.324208108,0.188410807,0
E268M,1.973335256,0.282322421,0
E268N,2.192641762,0.314050301,0
E268P,2.462874129,0.353145812,0
E268Q,3.20461651,0.460456413,1
E268R,2.087859225,0.298891025,0
E268S,1.44476247,0.20585185,0
E268T,2.810270793,0.403404966,1
E268V,1.740915948,0.248697464,0
E268W,1.798575872,0.257039338,0
E268Y,2.22666568,0.318972666,0
H269A,2.816169246,0.404258317,1
H269C,2.300224832,0.329614739,0
H269D,1.864598629,0.266591093,0
H269E,3.164353738,0.454631449,1
H269F,1.703140889,0.243232407,0
H269G,2.991548555,0.429631087,1
H269I,1.886621278,0.269777191,0
H269K,3.152485099,0.45291437,1
H269L,1.742914561,0.248986611,0
H269M,2.306628678,0.330541207,0
H269N,2.745776863,0.394074392,0
H269P,1.491496206,0.212612992,0
H269Q,0.921282156,0.130118026,0
H269R,3.260358597,0.468520826,1
H269S,1.955975789,0.279810963,0
H269T,2.200777717,0.315227359,0
H269V,1.548998742,0.220932095,0
H269W,2.098370815,0.300411776,0
H269Y,1.841952617,0.263314811,0
K270A,2.046227723,0.292868043,0
K270C,1.908862038,0.272994843,0
K270D,1.266568951,0.180071938,0
K270E,1.136473561,0.161250559,0
K270F,1.366501306,0.194529519,0
K270G,1.238438734,0.176002236,0
K270H,1.144129024,0.162358103,0
K270I,1.105778389,0.156809775,0
K270L,1.508818416,0.21511906,0
K270M,1.644223111,0.234708555,0
K270N,1.25072061,0.1777791,0
K270P,2.137805792,0.306116979,0
K270Q,2.9854547,0.428749467,1
K270R,2.634537154,0.377980934,0
K270S,1.450840673,0.206731206,0
K270T,1.982557507,0.283656638,0
K270V,1.565630703,0.223338302,0
K270W,1.482426078,0.211300783,0
K270Y,1.504027196,0.214425896,0
A271C,2.363396485,0.338754015,0
A271D,0.818105881,0.115191135,0
A271E,1.201802093,0.170701878,0
A271F,1.174717689,0.166783478,0
A271G,1.468678144,0.209311819,0
A271H,1.695131621,0.242073677,0
A271I,2.36212862,0.338570588,0
A271K,1.117195203,0.158461488,0
A271L,1.837789655,0.26271254,0
A271M,1.000510951,0.141580348,0
A271N,1.060790561,0.150301221,0
A271P,2.542814783,0.364711121,0
A271Q,1.1889325,0.168839987,0
A271R,1.062125598,0.150494365,0
A271S,1.75741135,0.251083915,0
A271T,2.196654154,0.314630788,0
A271V,1.708753511,0.244044406,0
A271W,0.999653749,0.141456333,0
A271Y,1.777794305,0.254032792,0
L272A,1.862461795,0.266281949,0
L272C,2.661628104,0.381900281,0
L272D,1.73945362,0.248485904,0
L272E,1.796800961,0.256782555,0
L272F,3.028906773,0.435035838,1
L272G,1.129041292,0.160175305,0
L272H,2.583726503,0.37062997,0
L272I,1.989689299,0.284688421,0
L272K,1.380841769,0.196604207,0
L272M,3.227252982,0.463731314,1
L272N,1.51754682,0.21638183,0
L272P,1.293397003,0.183953251,0
L272Q,2.246289165,0.321811668,0
L272R,2.374971687,0.340428642,0
L272S,2.071030352,0.29645633,0
L272T,1.750808825,0.250128703,0
L272V,2.630099356,0.377338901,0
L272W,2.551452328,0.365960746,0
L272Y,1.511698377,0.215535714,0
K273A,2.020471572,0.289141805,0
K273C,1.671983392,0.238724737,0
K273D,1.05825069,0.149933768,0
K273E,1.311327637,0.186547342,0
K273F,2.822309239,0.405146612,1
K273G,1.910322852,0.273206185,0
K273H,2.118900752,0.303381917,0
K273I,1.603892937,0.228873841,0
K273L,2.489033479,0.356930381,0
K273M,1.590190492,0.226891457,0
K273N,1.836365872,0.262506556,0
K273P,1.80639758,0.258170933,0
K273Q,1.535942014,0.21904313,0
K273R,2.405687853,0.344872463,0
K273S,2.552779672,0.366152778,0
K273T,1.637108533,0.233679263,0
K273V,2.269456192,0.325163327,0
K273W,1.940167579,0.277523931,0
K273Y,1.620761511,0.231314279,0
T274A,2.48541316,0.356406616,0
T274C,2.858032424,0.410314817,1
T274D,1.412332842,0.201160137,0
T274E,1.421432183,0.202476572,0
T274F,1.507153319,0.214878164,0
T274G,1.953476219,0.279449341,0
T274H,1.68095829,0.240023169,0
T274I,2.282296272,0.327020949,0
T274K,2.42158175,0.347171891,0
T274L,1.24149947,0.176445044,0
T274M,2.064717013,0.295542956,0
T274N,3.600029104,0.517662208,1
T274P,1.424446221,0.202912624,0
T274Q,2.304130447,0.330179779,0
T274R,1.241223927,0.17640518,0
T274S,1.966305639,0.28130542,0
T274V,1.314032887,0.18693872,0
T274W,2.279426778,0.326605808,0
T274Y,1.878806961,0.268646665,0
L275A,1.777681334,0.254016448,0
L275C,2.521752988,0.361664033,0
L275D,1.538892079,0.219469927,0
L275E,1.406302475,0.200287701,0
L275F,1.136409133,0.161241238,0
L275G,1.112567909,0.15779204,0
L275H,0.850075994,0.119816368,0
L275I,3.053800475,0.438637302,1
L275K,1.124195719,0.159474278,0
L275M,2.270814875,0.325359893,0
L275N,1.055054099,0.149471306,0
L275P,1.176882211,0.167096627,0
L275Q,1.228961835,0.174631178,0
L275R,0.934431482,0.132020387,0
L275S,1.780257591,0.254389164,0
L275T,3.064695862,0.440213577,1
L275V,2.375926573,0.340566789,0
L275W,1.801432115,0.257452561,0
L275Y,0.970931687,0.137301006,0
G276A,2.604035597,0.373568161,0
G276C,2.230898392,0.319585028,0
G276D,1.155404346,0.163989345,0
G276E,1.562386881,0.222869007,0
G276F,2.136952023,0.305993461,0
G276H,1.458707096,0.207869271,0
G276I,2.554295928,0.36637214,0
G276K,1.841370263,0.26323056,0
G276L,4.051411123,0.582965307,1
G276M,1.947676197,0.27861023,0
G276N,1.402274895,0.199705016,0
G276P,1.382066527,0.196781397,0
G276Q,1.614748186,0.230444309,0
G276R,1.512684157,0.215678331,0
G276S,1.227079176,0.174358807,0
G276T,2.952753378,0.424018446,1
G276V,1.912140145,0.273469099,0
G276W,3.13320252,0.450124688,1
G276Y,1.58540813,0.226199576,0
I277A,1.816381964,0.25961541,0
I277C,1.83777399,0.262710274,0
I277D,1.344669814,0.191371077,0
I277E,1.564603726,0.223189726,0
I277F,2.553821246,0.366303466,0
I277G,1.544387588,0.220264983,0
I277H,1.224420958,0.173974232,0
I277K,2.115978176,0.302959097,0
I277L,1.436613682,0.204672935,0
I277M,2.129782338,0.304956196,0
I277N,1.072404863,0.151981504,0
I277P,1.540079719,0.219641747,0
I277Q,1.739173576,0.248445389,0
I277R,2.083936628,0.298323529,0
I277S,2.005185991,0.286930384,0
I277T,2.490503598,0.357143069,0
I277V,1.943981867,0.278075758,0
I277W,2.299901895,0.329568019,0
I277Y,1.880241795,0.268854247,0
I278A,1.778931629,0.254197333,0
I278C,2.052131685,0.29372219,0
I278D,0.744897007,0.104599737,0
I278E,1.736393131,0.248043131,0
I278F,1.593618173,0.227387353,0
I278G,1.123166256,0.159325342,0
I278H,1.897035604,0.271283869,0
I278K,1.235699524,0.175605944,0
I278L,1.776278393,0.253813479,0
I278M,1.950236753,0.278980676,0
I278N,1.440139445,0.20518302,0
I278P,1.155189031,0.163958195,0
I278Q,1.673270665,0.238910972,0
I278R,1.877029599,0.268389527,0
I278S,1.644290521,0.234718308,0
I278T,1.838012525,0.262744783,0
I278V,1.895927237,0.271123518,0
I278W,1.497234118,0.213443117,0
I278Y,1.958101005,0.280118426,0
M279A,1.549185491,0.220959113,0
M279C,1.567892678,0.223665551,0
M279D,0.995265513,0.140821471,0
M279E,1.030721093,0.14595096,0
M279F,2.030198154,0.290548986,0
M279G,1.560712733,0.222626802,0
M279H,1.246719486,0.177200243,0
M279I,1.836583708,0.262538071,0
M279K,1.412600971,0.201198928,0
M279L,3.25339366,0.467513183,1
M279N,0.710723365,0.099655711,0
M279P,1.671438331,0.238645881,0
M279Q,1.476937353,0.210506709,0
M279R,1.630011895,0.232652566,0
M279S,1.122517238,0.159231446,0
M279T,1.48541049,0.211732549,0
M279V,2.276831702,0.326230369,0
M279W,1.312413904,0.186704496,0
M279Y,1.325927876,0.188659612,0
G280A,1.854498848,0.26512992,0
G280C,1.882166941,0.269132765,0
G280D,1.271566614,0.180794968,0
G280E,0.782331072,0.110015461,0
G280F,1.534768241,0.218873316,0
G280H,1.283594475,0.182535083,0
G280I,1.578779557,0.225240596,0
G280K,1.045583447,0.148101151,0
G280L,2.086440702,0.298685802,0
G280M,1.254897697,0.178383415,0
G280N,1.56109701,0.222682396,0
G280P,1.698266194,0.242527167,0
G280Q,1.402790996,0.199779683,0
G280R,1.065100097,0.150924697,0
G280S,1.978546818,0.283076397,0
G280T,1.872049856,0.267669089,0
G280V,1.909146986,0.273036068,0
G280W,1.749536549,0.249944638,0
G280Y,2.108093608,0.301818408,0
T281A,1.837520182,0.262673554,0
T281C,2.25717874,0.323387103,0
T281D,1.385833529,0.197326383,0
T281E,1.627933952,0.232351943,0
T281F,1.622411219,0.231552949,0
T281G,2.630359465,0.377376532,0
T281H,1.716911043,0.245224586,0
T281I,2.64218317,0.379087111,0
T281K,1.138662449,0.161567233,0
T281L,1.285054793,0.182746353,0
T281M,2.127674913,0.304651307,0
T281N,1.097443253,0.1556039,0
T281P,1.636166351,0.233542954,0
T281Q,1.843419611,0.263527046,0
T281R,1.083885221,0.15364241,0
T281S,1.114133617,0.158018557,0
T281V,2.252717766,0.322741717,0
T281W,1.505646357,0.214660146,0
T281Y,2.180977037,0.312362722,0
F282A,1.897551823,0.271358553,0
F282C,1.331096082,0.189407315,0
F282D,1.350774821,0.192254311,0
F282E,1.5101526,0.215312081,0
F282G,1.122618866,0.159246149,0
F282H,1.380848367,0.196605162,0
F282I,1.570166358,0.223994492,0
F282K,0.748931907,0.105183481,0
F282L,1.598899466,0.228151417,0
F282M,1.92456056,0.275266006,0
F282N,1.45482556,0.207307714,0
F282P,1.532588314,0.218557938,0
F282Q,1.081953817,0.153362987,0
F282R,1.080932162,0.15321518,0
F282S,1.467387405,0.209125083,0
F282T,1.498835527,0.213674798,0
F282V,1.503347975,0.214327631,0
F282W,1.610223791,0.229789749,0
F282Y,1.605825547,0.229153438,0
T283A,1.291146642,0.183627683,0
T283C,3.25280287,0.467427711,1
T283D,1.119269237,0.158761546,0
T283E,1.615544785,0.230559556,0
T283F,2.264491003,0.324444995,0
T283G,1.379961971,0.196476923,0
T283H,1.453112153,0.20705983,0
T283I,2.603669798,0.37351524,0
T283K,1.335618015,0.19006152,0
T283L,3.04313496,0.437094282,1
T283M,2.362158798,0.338574954,0
T283N,1.763718901,0.251996451,0
T283P,1.274534927,0.181224405,0
T283Q,1.435131267,0.204458469,0
T283R,1.385688041,0.197305335,0
T283S,2.449053492,0.351146329,0
T283V,2.29553824,0.328936713,0
T283W,1.729693842,0.247073921,0
T283Y,1.249244991,0.177565617,0
L284A,3.414517286,0.490823531,1
L284C,1.925541591,0.275407936,0
L284D,1.405699274,0.200200434,0
L284E,1.127754726,0.159989173,0
L284F,2.412881587,0.345913207,0
L284G,1.388634543,0.197731616,0
L284H,1.637295427,0.233706302,0
L284I,1.79332182,0.256279214,0
L284K,1.078033229,0.152795781,0
L284M,1.683660053,0.240414043,0
L284N,1.257838972,0.17880894,0
L284P,1.14053463,0.161838089,0
L284Q,1.140984517,0.161903175,0
L284R,1.343948142,0.19126667,0
L284S,1.730723604,0.2472229,0
L284T,1.451018716,0.206756964,0
L284V,1.808584601,0.258487337,0
L284W,1.552578202,0.221449949,0
L284Y,1.047542511,0.148384576,0
C285A,2.09783618,0.300334428,0
C285D,1.080332483,0.153128422,0
C285E,1.026564954,0.145349676,0
C285F,2.21694363,0.317566141,0
C285G,1.19935079,0.170347239,0
C285H,1.46706141,0.20907792,0
C285I,1.478693524,0.210760781,0
C285K,1.012018824,0.143245234,0
C285L,1.573855399,0.224528199,0
C285M,1.685551994,0.240687757,0
C285N,1.654583318,0.236207405,0
C285P,1.706223463,0.243678375,0
C285Q,1.267720786,0.180238578,0
C285R,1.549240404,0.220967058,0
C285S,1.713863516,0.244783689,0
C285T,1.706593406,0.243731896,0
C285V,1.027700763,0.145513998,0
C285W,1.019656689,0.144350232,0
C285Y,1.455313883,0.207378362,0
W286A,0.934874205,0.132084438,0
W286C,1.100534213,0.156051081,0
W286D,1.086659803,0.154043819,0
W286E,0.784201325,0.110286038,0
W286F,1.064182615,0.150791962,0
W286G,0.794265138,0.111742006,0
W286H,1.401079783,0.199532115,0
W286I,1.086602332,0.154035505,0
W286K,0.919630954,0.129879141,0
W286L,1.224486015,0.173983645,0
W286N,1.090847439,0.15464966,0
W286P,0.990317073,0.140105562,0
W286Q,1.133297524,0.16079107,0
W286R,1.263651256,0.179649824,0
W286S,1.232027582,0.175074711,0
W286T,1.75828394,0.251210155,0
W286V,1.29885493,0.184742869,0
W286Y,1.088038178,0.154243234,0
L287A,2.966390963,0.425991446,1
L287C,2.82773716,0.40593189,1
L287D,1.42116729,0.202438249,0
L287E,0.92749805,0.131017302,0
L287F,2.322265699,0.332803473,0
L287G,2.17476245,0.311463635,0
L287H,1.382890729,0.196900638,0
L287I,1.682830431,0.240294018,0
L287K,1.337587889,0.190346509,0
L287M,2.254188036,0.322954427,0
L287N,1.455816492,0.207451076,0
L287P,0.931101567,0.131538636,0
L287Q,1.375357564,0.195810787,0
L287R,1.056423157,0.149669372,0
L287S,1.982217324,0.283607422,0
L287T,2.785520246,0.399824213,0
L287V,1.608252542,0.229504561,0
L287W,1.435389102,0.204495771,0
L287Y,1.548985118,0.220930124,0
P288A,1.989626354,0.284679314,0
P288C,0.880416049,0.124205776,0
P288D,1.14223505,0.162084095,0
P288E,1.189527489,0.168926066,0
P288F,1.443334605,0.205645276,0
P288G,1.768767602,0.252726865,0
P288H,1.298939407,0.184755091,0
P288I,1.262254364,0.179447731,0
P288K,1.183208853,0.168011926,0
P288L,1.118225304,0.158610516,0
P288M,0.958863257,0.135555022,0
P288N,1.011933483,0.143232887,0
P288Q,1.326855678,0.188793841,0
P288R,1.338262183,0.190444062,0
P288S,1.106106011,0.156857174,0
P288T,1.199173088,0.17032153,0
P288V,1.508085992,0.215013097,0
P288W,1.058558637,0.14997832,0
P288Y,1.093963636,0.155100491,0
F289A,1.335735863,0.19007857,0
F289C,1.177715956,0.167217248,0
F289D,1.263235097,0.179589617,0
F289E,1.227804527,0.174463746,0
F289G,1.014998999,0.143676387,0
F289H,0.971999447,0.137455483,0
F289I,0.970885311,0.137294297,0
F289K,0.962445326,0.136073253,0
F289L,1.197800681,0.170122979,0
F289M,1.097356058,0.155591286,0
F289N,0.932705573,0.131770694,0
F289P,1.55965099,0.222473195,0
F289Q,1.27203463,0.180862678,0
F289R,1.107877704,0.157113491,0
F289S,1.085486355,0.153874052,0
F289T,1.276216833,0.181467732,0
F289V,1.105776778,0.156809542,0
F289W,1.039677111,0.14724666,0
F289Y,1.489646843,0.212345438,0
F290A,1.660536818,0.237068719,0
F290C,2.515273816,0.360726667,0
F290D,1.127493624,0.159951398,0
F290E,1.230260529,0.174819065,0
F290G,1.188146099,0.168726215,0
F290H,0.676355423,0.094683574,0
F290I,2.299811066,0.329554878,0
F290K,1.049936597,0.148730938,0
F290L,2.257049462,0.3233684,0
F290M,1.893451645,0.270765365,0
F290N,1.575522066,0.224769322,0
F290P,0.785743993,0.110509221,0
F290Q,1.164976089,0.165374124,0
F290R,1.180086416,0.167560191,0
F290S,1.211984556,0.172175012,0
F290T,1.180885654,0.16767582,0
F290V,1.333264148,0.189720977,0
F290W,1.510008414,0.215291221,0
F290Y,1.379327434,0.196385123,0
I291A,1.722704581,0.246062759,0
I291C,1.691230203,0.241509244,0
I291D,1.097187939,0.155566963,0
I291E,0.875751218,0.123530898,0
I291F,2.856962373,0.410160009,1
I291G,2.718565091,0.390137565,0
I291H,1.229081297,0.174648461,0
I291K,1.014971177,0.143672362,0
I291L,2.873146953,0.412501492,1
I291M,2.132235823,0.305311151,0
I291N,1.523949475,0.217308126,0
I291P,1.421859603,0.202538408,0
I291Q,0.975937996,0.138025288,0
I291R,1.050674003,0.148837621,0
I291S,1.832730407,0.2619806,0
I291T,1.511117706,0.215451706,0
I291V,2.044662749,0.292641632,0
I291W,2.027704775,0.290188259,0
I291Y,0.926037931,0.130806062,0
V292A,1.949020629,0.278804734,0
V292C,2.272575908,0.325614668,0
V292D,1.081596575,0.153311303,0
V292E,1.32863207,0.189050838,0
V292F,1.76493095,0.252171803,0
V292G,1.498385745,0.213609727,0
V292H,1.522162402,0.217049583,0
V292I,2.269229277,0.325130498,0
V292K,1.038178216,0.147029809,0
V292L,1.931337587,0.276246464,0
V292M,2.174825609,0.311472772,0
V292N,0.795541263,0.111926628,0
V292P,1.351998864,0.192431398,0
V292Q,1.09681584,0.15551313,0
V292R,1.386588057,0.197435544,0
V292S,1.907326698,0.27277272,0
V292T,2.175765648,0.311608771,0
V292W,1.491912577,0.21267323,0
V292Y,2.767591778,0.397230436,0
N293A,2.669336412,0.38301547,0
N293C,1.630975068,0.232791912,0
N293D,1.133307772,0.160792552,0
N293E,1.368131577,0.194765377,0
N293F,1.326026965,0.188673948,0
N293G,2.518837977,0.361242308,0
N293H,1.76496088,0.252176133,0
N293I,2.081495037,0.297970295,0
N293K,1.337804605,0.190377862,0
N293L,1.817327595,0.259752218,0
N293M,1.064772447,0.150877295,0
N293P,1.615719074,0.230584771,0
N293Q,1.970545037,0.28191875,0
N293R,2.226297836,0.318919449,0
N293S,1.839068872,0.262897609,0
N293T,2.178577653,0.312015594,0
N293V,2.283462254,0.327189635,0
N293W,1.529695167,0.218139376,0
N293Y,1.123991482,0.15944473,0
I294A,1.95329699,0.279423411,0
I294C,2.22071366,0.318111565,0
I294D,1.10090595,0.156104862,0
I294E,1.207391252,0.171510482,0
I294F,1.697450214,0.242409116,0
I294G,1.550180533,0.221103069,0
I294H,0.977451794,0.138244294,0
I294K,1.451355331,0.206805664,0
I294L,2.22669185,0.318976452,0
I294M,1.796228397,0.25669972,0
I294N,1.115448529,0.15820879,0
I294P,1.938598248,0.27729689,0
I294Q,1.330422626,0.189309884,0
I294R,1.188835098,0.168825895,0
I294S,1.146851959,0.16275204,0
I294T,1.58345273,0.225916681,0
I294V,2.400694262,0.344150022,0
I294W,1.514701982,0.215970257,0
I294Y,2.15912948,0.309201955,0
V295A,2.598944992,0.372831685,0
V295C,2.673102746,0.38356036,0
V295D,1.031064981,0.146000711,0
V295E,1.140032759,0.161765481,0
V295F,1.977509031,0.282926256,0
V295G,1.289932019,0.183451959,0
V295H,1.520556886,0.216817307,0
V295I,2.430667855,0.348486412,0
V295K,1.174644942,0.166772953,0
V295L,2.685758881,0.385391369,0
V295M,2.168969154,0.310625497,0
V295N,1.28047675,0.18208403,0
V295P,1.511566515,0.215516637,0
V295Q,1.926164244,0.275498017,0
V295R,0.996597654,0.141014196,0
V295S,2.281816842,0.326951588,0
V295T,2.451202911,0.351457294,0
V295W,2.593124031,0.371989545,0
V295Y,1.905415079,0.272496159,0
H296A,3.47799115,0.500006528,1
H296C,2.153942013,0.308451465,0
H296D,2.152897289,0.308300321,0
H296E,1.604739191,0.228996271,0
H296F,1.63987787,0.234079913,0
H296G,1.274205246,0.181176709,0
H296I,1.878765084,0.268640606,0
H296K,2.802672841,0.402305742,1
H296L,2.581844095,0.370357635,0
H296M,2.633954077,0.377896578,0
H296N,2.917619554,0.418935507,1
H296P,1.543757522,0.220173829,0
H296Q,2.253795759,0.322897674,0
H296R,1.204749428,0.17112828,0
H296S,2.32738847,0.333544603,0
H296T,2.910954508,0.41797125,1
H296V,1.812830815,0.259101653,0
H296W,2.282723986,0.327082827,0
H296Y,2.679118801,0.384430725,0
V297A,2.163925851,0.309895864,0
V297C,2.136195005,0.30588394,0
V297D,1.686213373,0.240783441,0
V297E,2.057771529,0.294538127,0
V297F,1.834017232,0.26216677,0
V297G,3.024269914,0.434365007,1
V297H,2.035974004,0.291384599,0
V297I,1.988848101,0.284566721,0
V297K,1.335230975,0.190005526,0
V297L,2.68535276,0.385332614,0
V297M,2.260796872,0.323910551,0
V297N,2.005428044,0.286965403,0
V297P,2.751051454,0.394837486,0
V297Q,2.057538172,0.294504367,0
V297R,1.722838193,0.246082089,0
V297S,2.259412195,0.323710225,0
V297T,1.646485828,0.235035911,0
V297W,1.672936489,0.238862625,0
V297Y,2.08430779,0.298377226,0
I298A,1.649590327,0.23548505,0
I298C,2.616810441,0.375416345,0
I298D,1.6131015,0.230206077,0
I298E,2.174574059,0.311436379,0
I298F,2.508829949,0.35979441,0
I298G,2.202294366,0.315446778,0
I298H,1.639915484,0.234085355,0
I298K,1.498605174,0.213641472,0
I298L,2.850147286,0.409174045,1
I298M,1.861317003,0.266116328,0
I298N,2.523829856,0.361964501,0
I298P,1.538689226,0.21944058,0
I298Q,2.511507155,0.360181731,0
I298R,1.806572909,0.258196298,0
I298S,2.100934344,0.300782651,0
I298T,2.23187939,0.319726953,0
I298V,2.505224667,0.35927282,0
I298W,2.296939629,0.329139457,0
I298Y,3.647633741,0.524549346,1
Q299A,2.23993017,0.320891689,0
Q299C,1.936887825,0.277049437,0
Q299D,2.210732944,0.316667618,0
Q299E,3.126315891,0.449128374,1
Q299F,2.130392406,0.305044457,0
Q299G,1.471603519,0.209735044,0
Q299H,2.271605497,0.325474275,0
Q299I,1.534587893,0.218847225,0
Q299K,2.671513114,0.383330382,0
Q299L,2.142774883,0.306835876,0
Q299M,1.860500794,0.265998244,0
Q299N,2.141966208,0.306718882,0
Q299P,1.564151634,0.22312432,0
Q299R,2.713549274,0.389411908,0
Q299S,2.740132916,0.393257861,0
Q299T,1.705608927,0.243589467,0
Q299V,2.073627797,0.296832112,0
Q299W,2.435253182,0.349149788,0
Q299Y,1.650230738,0.235577701,0
D300A,2.518790622,0.361235457,0
D300C,1.618733831,0.231020927,0
D300E,2.654693215,0.380896985,0
D300F,1.767111959,0.252487337,0
D300G,2.143541886,0.306946841,0
D300H,2.377252906,0.340758674,0
D300I,1.233879863,0.175342687,0
D300K,2.327863552,0.333613335,0
D300L,2.425603053,0.347753668,0
D300M,1.84820424,0.264219256,0
D300N,1.318732841,0.18761868,0
D300P,2.272003991,0.325531926,0
D300Q,1.914871293,0.273864224,0
D300R,2.627199691,0.376919396,0
D300S,1.731080821,0.24727458,0
D300T,2.617392714,0.375500584,0
D300V,1.921713773,0.274854151,0
D300W,1.89136943,0.270464123,0
D300Y,1.622738504,0.231600298,0
N301A,1.462262273,0.208383611,0
N301C,1.839526933,0.262963878,0
N301D,2.355449983,0.337604365,0
N301E,1.368949272,0.194883676,0
N301F,1.732346484,0.247457688,0
N301G,1.733419376,0.247612907,0
N301H,1.802291213,0.25757685,0
N301I,1.403996544,0.199954094,0
N301K,1.95719778,0.279987753,0
N301L,2.301953087,0.329864772,0
N301M,6.933999646,1,1
N301P,1.80512577,0.257986935,0
N301Q,1.871865191,0.267642373,0
N301R,1.768269155,0.252654753,0
N301S,2.597500717,0.372622736,0
N301T,3.021189429,0.433919342,1
N301V,2.037410485,0.29159242,0
N301W,1.838614794,0.262831916,0
N301Y,1.690375808,0.241385636,0
L302A,2.370405272,0.339768002,0
L302C,1.725497184,0.246466775,0
L302D,1.421160123,0.202437212,0
L302E,1.902121735,0.272019699,0
L302F,1.948513874,0.27873142,0
L302G,2.100410202,0.300706821,0
L302H,2.32815622,0.333655676,0
L302I,2.236917742,0.32045587,0
L302K,1.436099378,0.204598529,0
L302M,2.431311605,0.348579545,0
L302N,2.236829107,0.320443046,0
L302P,2.002281085,0.286510121,0
L302Q,2.185837547,0.31306591,0
L302R,1.755837916,0.25085628,0
L302S,3.634031958,0.522581526,1
L302T,2.054080039,0.294004066,0
L302V,2.24215128,0.321213025,0
L302W,2.06033797,0.294909424,0
L302Y,2.307116582,0.330611794,0
I303A,0.942987454,0.133258211,0
I303C,2.033095623,0.290968173,0
I303D,1.315196598,0.187107079,0
I303E,1.276451659,0.181501706,0
I303F,1.822102192,0.260442977,0
I303G,1.691843287,0.241597942,0
I303H,1.521475559,0.216950215,0
I303K,1.381410197,0.196686444,0
I303L,1.887866851,0.269957392,0
I303M,1.252517621,0.17803908,0
I303N,2.040205398,0.291996771,0
I303P,1.352903315,0.192562248,0
I303Q,1.298619248,0.184708772,0
I303R,1.296764767,0.184440478,0
I303S,1.576783907,0.224951877,0
I303T,1.987645792,0.284392779,0
I303V,1.878075699,0.26854087,0
I303W,2.369642606,0.339657664,0
I303Y,2.435316721,0.34915898,0
R304A,2.65496203,0.380935876,0
R304C,1.799485005,0.257170865,0
R304D,1.357834079,0.1932756,0
R304E,2.423343898,0.347426828,0
R304F,1.79492138,0.256510629,0
R304G,1.852634618,0.264860215,0
R304H,2.338816019,0.335197868,0
R304I,2.123572092,0.304057737,0
R304K,2.242297365,0.321234159,0
R304L,1.690128871,0.241349911,0
R304M,1.98794096,0.284435482,0
R304N,2.65486452,0.380921769,0
R304P,2.500460777,0.358583611,0
R304Q,2.899513192,0.416315993,1
R304S,2.444162335,0.350438708,0
R304T,2.160004843,0.309328597,0
R304V,2.420892022,0.347072106,0
R304W,2.649731002,0.380179084,0
R304Y,1.897471325,0.271346907,0
K305A,1.473616213,0.210026227,0
K305C,1.087133089,0.154112291,0
K305D,1.73109848,0.247277135,0
K305E,1.614305354,0.230380243,0
K305F,1.55890346,0.222365047,0
K305G,1.688883149,0.241169687,0
K305H,1.563836119,0.223078673,0
K305I,1.386679152,0.197448723,0
K305L,1.098412858,0.155744177,0
K305M,1.597269938,0.227915667,0
K305N,2.009223909,0.287514565,0
K305P,1.812389339,0.259037783,0
K305Q,2.270046638,0.325248749,0
K305R,2.769378255,0.397488892,0
K305S,1.090548583,0.154606423,0
K305T,2.328317293,0.333678979,0
K305V,1.397397526,0.198999389,0
K305W,1.551103979,0.221236668,0
K305Y,2.049304875,0.293313225,0
E306A,1.221461186,0.173546031,0
E306C,1.416054619,0.20169858,0
E306D,2.260123765,0.32381317,0
E306F,1.474670326,0.21017873,0
E306G,1.676025676,0.23930955,0
E306H,1.848920048,0.264322815,0
E306I,1.248439295,0.177449054,0
E306K,2.51481201,0.360659856,0
E306L,1.290706828,0.183564053,0
E306M,1.035900165,0.146700235,0
E306N,2.128156245,0.304720943,0
E306P,1.295982341,0.184327281,0
E306Q,1.807490719,0.258329081,0
E306R,1.452257017,0.206936114,0
E306S,2.005886592,0.287031743,0
E306T,1.285697773,0.182839375,0
E306V,1.073502647,0.152140325,0
E306W,1.549226998,0.220965118,0
E306Y,1.595966003,0.227727022,0
V307A,2.849274981,0.409047846,1
V307C,3.024859096,0.434450246,1
V307D,2.157705229,0.308995904,0
V307E,2.5551557,0.366496526,0
V307F,3.066593101,0.440488058,1
V307G,1.567298928,0.223579651,0
V307H,1.569297804,0.223868835,0
V307I,2.388919845,0.342446573,0
V307K,1.20017651,0.170466699,0
V307L,4.694686392,0.676030308,1
V307M,2.125261659,0.304302173,0
V307N,2.07497083,0.297026414,0
V307P,1.557963665,0.222229084,0
V307Q,1.553560514,0.221592064,0
V307R,1.657682731,0.236655808,0
V307S,2.630295795,0.377367321,0
V307T,2.235452007,0.320243816,0
V307W,1.629135791,0.232525817,0
V307Y,2.30651143,0.330524245,0
Y308A,1.078187182,0.152818054,0
Y308C,1.458011031,0.207768568,0
Y308D,1.191258288,0.169176467,0
Y308E,1.216139708,0.172776154,0
Y308F,1.995691965,0.285556848,0
Y308G,1.518696463,0.216548153,0
Y308H,1.944758826,0.278188164,0
Y308I,1.827515724,0.261226172,0
Y308K,1.28786952,0.18315357,0
Y308L,2.1769544,0.311780752,0
Y308M,1.039556907,0.14722927,0
Y308N,1.38137796,0.19668178,0
Y308P,1.583394652,0.225908278,0
Y308Q,1.838124752,0.26276102,0
Y308R,1.873307465,0.267851032,0
Y308S,1.586165109,0.226309091,0
Y308T,1.526283493,0.217645797,0
Y308V,1.912565143,0.273530585,0
Y308W,2.515436722,0.360750236,0
I309A,1.522097434,0.217040184,0
I309C,2.628198051,0.377063832,0
I309D,1.337474433,0.190330095,0
I309E,2.075715906,0.297134206,0
I309F,1.929881565,0.276035816,0
I309G,1.607783832,0.229436751,0
I309H,2.383167733,0.341614394,0
I309K,1.960880485,0.280520543,0
I309L,2.931221161,0.420903301,1
I309M,2.864316098,0.411223899,1
I309N,1.916122337,0.274045217,0
I309P,1.519947806,0.21672919,0
I309Q,2.09408061,0.299791096,0
I309R,3.150821211,0.452673649,1
I309S,1.700776638,0.242890362,0
I309T,1.534236714,0.218796418,0
I309V,2.045656752,0.292785438,0
I309W,2.057901966,0.294556998,0
I309Y,2.782413688,0.399374776,0
L310A,2.212341511,0.316900336,0
L310C,2.457476143,0.352364865,0
L310D,1.312328625,0.186692158,0
L310E,1.036965435,0.146854352,0
L310F,2.600050155,0.372991573,0
L310G,2.743934378,0.393807833,0
L310H,1.664850062,0.237692732,0
L310I,2.279831022,0.326664292,0
L310K,1.182394835,0.167894159,0
L310M,2.477416282,0.355249679,0
L310N,1.38710517,0.197510356,0
L310P,2.401741564,0.344301539,0
L310Q,1.430035903,0.203721304,0
L310R,1.449487074,0.206535376,0
L310S,1.554527236,0.221731923,0
L310T,1.72668329,0.246638373,0
L310V,2.735023143,0.392518612,0
L310W,1.830867666,0.26171111,0
L310Y,2.734365704,0.392423497,0
L311A,2.069799271,0.296278225,0
L311C,2.39315731,0.343059623,0
L311D,0.901504678,0.127256746,0
L311E,1.316716502,0.187326969,0
L311F,2.706593567,0.3884056,0
L311G,1.554511064,0.221729583,0
L311H,1.187905755,0.168691444,0
L311I,1.334609078,0.189915553,0
L311K,1.313281869,0.186830068,0
L311M,1.837192418,0.262626135,0
L311N,1.465326442,0.208826916,0
L311P,1.499288653,0.213740354,0
L311Q,1.526386686,0.217660726,0
L311R,1.078819601,0.152909548,0
L311S,1.841700613,0.263278353,0
L311T,1.971271304,0.282023821,0
L311V,1.329309536,0.189148849,0
L311W,1.688250508,0.241078161,0
L311Y,1.128157974,0.160047512,0
N312A,1.996124403,0.285619411,0
N312C,1.190406108,0.169053179,0
N312D,1.408050451,0.200540587,0
N312E,1.299731652,0.184869708,0
N312F,1.236099155,0.17566376,0
N312G,1.086234442,0.153982281,0
N312H,1.120472639,0.158935647,0
N312I,1.030360731,0.145898825,0
N312K,1.023036364,0.144839182,0
N312L,1.073431498,0.152130031,0
N312M,1.281294602,0.182202352,0
N312P,1.16314659,0.165109444,0
N312Q,1.418454268,0.202045746,0
N312R,1.401662785,0.19961646,0
N312S,0.921016369,0.130079574,0
N312T,1.124503543,0.159518812,0
N312V,1.211482853,0.172102429,0
N312W,1.399743866,0.199338843,0
N312Y,1.385779414,0.197318554,0
W313A,1.751515465,0.250230935,0
W313C,1.622733864,0.231599627,0
W313D,0.979964036,0.13860775,0
W313E,0.948390835,0.134039938,0
W313F,2.643549006,0.379284711,0
W313G,1.298271886,0.184658518,0
W313H,1.546498299,0.220570347,0
W313I,1.683406956,0.240377426,0
W313K,1.164246717,0.165268604,0
W313L,1.641497088,0.234314172,0
W313M,1.802221242,0.257566727,0
W313N,1.633811357,0.233202249,0
W313P,1.210592217,0.171973578,0
W313Q,1.572664118,0.224355852,0
W313R,0.832814005,0.117319013,0
W313S,1.353620256,0.192665971,0
W313T,1.262487603,0.179481474,0
W313V,1.503415099,0.214337342,0
W313Y,2.5206687,0.361507165,0
I314A,2.143103931,0.30688348,0
I314C,1.754203468,0.250619819,0
I314D,1.087628019,0.154183894,0
I314E,1.160277426,0.164694352,0
I314F,2.270382634,0.325297359,0
I314G,1.095859668,0.155374797,0
I314H,1.473830582,0.210057241,0
I314K,0.998110617,0.141233082,0
I314L,1.459255242,0.207948573,0
I314M,2.706335936,0.388368328,0
I314N,0.713478573,0.100054317,0
I314P,1.092554503,0.154896627,0
I314Q,1.144481389,0.162409081,0
I314R,1.08749703,0.154164944,0
I314S,1.506825105,0.21483068,0
I314T,2.843844966,0.408262265,1
I314V,1.859364616,0.265833869,0
I314W,3.098660067,0.445127304,1
I314Y,1.521448551,0.216946308,0
G315A,0.798632426,0.112373838,0
G315C,1.137182792,0.161353166,0
G315D,1.139542575,0.161694564,0
G315E,0.745219024,0.104646325,0
G315F,1.240754249,0.17633723,0
G315H,1.389826519,0.197904064,0
G315I,0.952749807,0.134670567,0
G315K,1.696589695,0.242284622,0
G315L,0.843199236,0.118821483,0
G315M,1.132586597,0.160688217,0
G315N,1.098387918,0.155740569,0
G315P,1.372187048,0.195352097,0
G315Q,1.168000327,0.165811652,0
G315R,1.103778755,0.156520481,0
G315S,0.940246218,0.132861627,0
G315T,0.786816442,0.110664376,0
G315V,1.212718683,0.172281221,0
G315W,1.126860877,0.159859856,0
G315Y,0.808163186,0.113752688,0
Y316A,0.974991105,0.137888297,0
Y316C,0.892446452,0.125946259,0
Y316D,0.993202396,0.140522992,0
Y316E,1.030629936,0.145937772,0
Y316F,1.462743345,0.20845321,0
Y316G,1.292199113,0.183779948,0
Y316H,1.265441293,0.179908795,0
Y316I,1.042164065,0.147606457,0
Y316K,1.482433018,0.211301787,0
Y316L,1.046666349,0.148257819,0
Y316M,1.057778412,0.149865442,0
Y316N,1.053944269,0.149310742,0
Y316P,1.085312361,0.15384888,0
Y316Q,1.209895934,0.171872844,0
Y316R,1.530876979,0.218310353,0
Y316S,1.312163436,0.18666826,0
Y316T,1.206051911,0.171316715,0
Y316V,1.485450428,0.211738327,0
Y316W,2.020225053,0.289106141,0
V317A,2.266611796,0.324751818,0
V317C,2.863077075,0.411044645,1
V317D,1.343575238,0.191212721,0
V317E,1.680899677,0.240014689,0
V317F,2.266407401,0.324722247,0
V317G,2.035813167,0.29136133,0
V317H,0.824169128,0.116068327,0
V317I,2.013121029,0.288078375,0
V317K,1.500676668,0.213941163,0
V317L,2.110509282,0.302167892,0
V317M,2.702768754,0.38785225,0
V317N,1.251736497,0.177926072,0
V317P,1.25105294,0.177827179,0
V317Q,1.259573286,0.179059849,0
V317R,0.797990537,0.112280974,0
V317S,1.722035802,0.245966004,0
V317T,2.679333645,0.384461807,0
V317W,0.878412617,0.123915932,0
V317Y,1.108389832,0.157187582,0
N318A,1.637236848,0.233697827,0
N318C,1.436914549,0.204716463,0
N318D,0.975542592,0.137968083,0
N318E,1.541456454,0.219840925,0
N318F,1.30179062,0.185167586,0
N318G,1.195079954,0.169729361,0
N318H,1.970735249,0.281946268,0
N318I,1.164359779,0.165284961,0
N318K,0.919545505,0.129866778,0
N318L,1.337494347,0.190332976,0
N318M,0.95454342,0.134930056,0
N318P,1.055298586,0.149506676,0
N318Q,1.473245549,0.209972602,0
N318R,1.14733466,0.162821874,0
N318S,1.802218464,0.257566325,0
N318T,1.762418838,0.251808366,0
N318V,1.207905036,0.171584813,0
N318W,1.393626312,0.198453794,0
N318Y,1.464560071,0.208716042,0
S319A,1.312299172,0.186687897,0
S319C,1.454538141,0.207266132,0
S319D,0.730934317,0.102579703,0
S319E,1.333387901,0.189738881,0
S319F,1.064555836,0.150845957,0
S319G,1.364450372,0.194232803,0
S319H,1.137809697,0.161443863,0
S319I,1.252887893,0.178092649,0
S319K,0.873270938,0.123172066,0
S319L,0.944161869,0.133428118,0
S319M,1.314484148,0.187004006,0
S319N,1.709260975,0.244117823,0
S319P,0.988154048,0.139792629,0
S319Q,0.829544218,0.116845961,0
S319R,1.245455814,0.177017423,0
S319T,1.625683001,0.232026289,0
S319V,0.821147533,0.115631182,0
S319W,1.314015141,0.186936153,0
S319Y,0.959957486,0.135713328,0
G320A,2.525049003,0.36214088,0
G320C,2.477266295,0.35522798,0
G320D,1.250708314,0.177777321,0
G320E,1.179732624,0.167509007,0
G320F,2.595358999,0.372312886,0
G320H,1.079734644,0.153041931,0
G320I,2.625107928,0.376616773,0
G320K,0.828654085,0.116717182,0
G320L,2.618480544,0.375657965,0
G320M,2.883387423,0.413983018,1
G320N,1.201446017,0.170650363,0
G320P,0.913068548,0.128929733,0
G320Q,1.088732907,0.154343743,0
G320R,0.917246281,0.129534141,0
G320S,1.531487773,0.218398719,0
G320T,1.256949605,0.178680272,0
G320V,2.476697619,0.355145707,0
G320W,1.717735706,0.245343893,0
G320Y,0.772864777,0.108645937,0
F321A,1.262295677,0.179453708,0
F321C,1.493468762,0.212898369,0
F321D,1.212230713,0.172210625,0
F321E,0.994586435,0.140723226,0
F321G,1.418171841,0.202004886,0
F321H,0.706223301,0.09900467,0
F321I,1.884894162,0.269527322,0
F321K,1.390586775,0.198014053,0
F321L,1.733828111,0.247672041,0
F321M,1.468819027,0.209332201,0
F321N,1.518258335,0.216484768,0
F321P,0.925340783,0.130705203,0
F321Q,1.133370247,0.160801591,0
F321R,0.954320968,0.134897873,0
F321S,1.225244536,0.174093383,0
F321T,1.417364647,0.201888106,0
F321V,1.875800359,0.268211688,0
F321W,1.382721953,0.19687622,0
F321Y,1.649353261,0.235450753,0
N322A,1.259371246,0.179030619,0
N322C,1.921619449,0.274840505,0
N322D,1.313640623,0.18688197,0
N322E,1.493167673,0.212854809,0
N322F,1.283388557,0.182505292,0
N322G,1.109567688,0.157357987,0
N322H,1.768935745,0.252751191,0
N322I,1.035206327,0.146599855,0
N322K,1.098444531,0.155748759,0
N322L,1.315774698,0.187190714,0
N322M,0.902296244,0.127371264,0
N322P,1.292002263,0.183751469,0
N322Q,1.390415842,0.197989323,0
N322R,1.006089488,0.142387415,0
N322S,1.745228158,0.249321327,0
N322T,1.602526143,0.228676102,0
N322V,1.62526421,0.231965701,0
N322W,1.460705524,0.20815839,0
N322Y,1.098687136,0.155783858,0
P323A,1.180114468,0.167564249,0
P323C,1.443076315,0.205607908,0
P323D,1.176493849,0.167040441,0
P323E,2.595917191,0.372393641,0
P323F,1.688558422,0.241122708,0
P323G,1.22045859,0.173400982,0
P323H,0.955159147,0.135019135,0
P323I,1.095994841,0.155394353,0
P323K,1.310449321,0.186420272,0
P323L,1.249947116,0.177667196,0
P323M,1.078081911,0.152802824,0
P323N,1.206407338,0.171368136,0
P323Q,1.525499082,0.217532313,0
P323R,0.791736937,0.111376242,0
P323S,0.998444267,0.141281353,0
P323T,1.605646312,0.229127508,0
P323V,1.268104589,0.180294104,0
P323W,1.911370597,0.273357766,0
P323Y,1.324418063,0.188441182,0
L324A,2.419457811,0.346864613,0
L324C,1.728142101,0.246849425,0
L324D,1.285699677,0.18283965,0
L324E,1.113776441,0.157966883,0
L324F,1.576563245,0.224919953,0
L324G,1.136305189,0.1612262,0
L324H,1.398950073,0.199224002,0
L324I,1.917030093,0.274176546,0
L324K,0.674659281,0.094438187,0
L324M,1.052352084,0.149080395,0
L324N,1.242828884,0.176637375,0
L324P,2.034457597,0.291165215,0
L324Q,1.425771486,0.203104355,0
L324R,1.113631591,0.157945927,0
L324S,1.318263346,0.187550756,0
L324T,2.27373016,0.325781658,0
L324V,1.957051516,0.279966592,0
L324W,2.758381606,0.395897966,0
L324Y,1.958781476,0.280216872,0
I325A,0.672397163,0.094110918,0
I325C,2.156246666,0.308784888,0
I325D,1.294414064,0.184100393,0
I325E,0.710372887,0.099605006,0
I325F,1.29914528,0.184784875,0
I325G,0.952537389,0.134639836,0
I325H,1.637412096,0.233723181,0
I325K,0.954471003,0.134919579,0
I325L,1.823483535,0.260642821,0
I325M,1.704980515,0.243498553,0
I325N,0.706497943,0.099044403,0
I325P,1.381991077,0.196770482,0
I325Q,0.941438642,0.133034139,0
I325R,1.681694381,0.240129662,0
I325S,1.221953371,0.173617238,0
I325T,1.04036945,0.147346823,0
I325V,2.231090138,0.319612769,0
I325W,1.620250327,0.231240324,0
I325Y,1.345960351,0.191557784,0
Y326A,1.597773166,0.227988471,0
Y326C,1.122426882,0.159218374,0
Y326D,0.97320662,0.137630129,0
Y326E,0.887567466,0.125240398,0
Y326F,1.208407265,0.171657473,0
Y326G,0.788261709,0.110873468,0
Y326H,1.303256267,0.185379627,0
Y326I,1.001916974,0.141783762,0
Y326K,0.785088616,0.110414405,0
Y326L,1.319211654,0.187687951,0
Y326M,0.97861509,0.138412593,0
Y326N,1.903948242,0.272283946,0
Y326P,1.163313591,0.165133605,0
Y326Q,0.757866979,0.106476151,0
Y326R,0.18938723,0.024232093,0
Y326S,1.065508161,0.150983733,0
Y326T,1.39013479,0.197948663,0
Y326V,1.257497676,0.178759563,0
Y326W,1.323203056,0.188265402,0
C327A,2.370523717,0.339785138,0
C327D,3.198448628,0.459564083,1
C327E,1.176037079,0.166974359,0
C327F,1.666834875,0.237979883,0
C327G,1.555176622,0.221825872,0
C327H,1.412303677,0.201155917,0
C327I,1.816724362,0.259664946,0
C327K,0.847844467,0.119493525,0
C327L,1.386827807,0.197470229,0
C327M,1.393593417,0.198449035,0
C327N,1.499708442,0.213801086,0
C327P,1.700606673,0.242865773,0
C327Q,1.06585622,0.151034088,0
C327R,0.994072466,0.140648868,0
C327S,3.861369224,0.555471246,1
C327T,2.571271467,0.368828054,0
C327V,1.619231469,0.231092923,0
C327W,1.506839554,0.21483277,0
C327Y,1.310260859,0.186393007,0
R328A,2.133524334,0.305497565,0
R328C,1.483080588,0.211395473,0
R328D,2.072439316,0.29666017,0
R328E,1.170767798,0.166212032,0
R328F,1.242386796,0.176573416,0
R328G,2.134227327,0.305599269,0
R328H,2.52941937,0.362773157,0
R328I,1.283651713,0.182543364,0
R328K,3.330584764,0.478680704,1
R328L,1.843851368,0.26358951,0
R328M,1.986742892,0.284262153,0
R328N,1.771577098,0.253133326,0
R328P,1.333782369,0.18979595,0
R328Q,1.79302991,0.256236983,0
R328S,1.845354411,0.263806961,0
R328T,1.575094717,0.224707496,0
R328V,1.365271026,0.19435153,0
R328W,1.419032414,0.202129388,0
R328Y,0.974702268,0.13784651,0
S329A,2.979265522,0.427854056,1
S329C,1.392084051,0.198230669,0
S329D,1.377750873,0.196157036,0
S329E,1.381900447,0.19675737,0
S329F,1.148066743,0.162927787,0
S329G,2.251674464,0.322590779,0
S329H,1.31776976,0.187479347,0
S329I,0.898656183,0.126844643,0
S329K,2.151380727,0.308080915,0
S329L,1.344155598,0.191296684,0
S329M,1.156650909,0.16416969,0
S329N,2.219958713,0.318002344,0
S329P,1.392825237,0.198337899,0
S329Q,1.552726589,0.221471417,0
S329R,3.208333038,0.460994096,1
S329T,1.837467908,0.262665992,0
S329V,1.047784732,0.148419619,0
S329W,0.856821738,0.1207923,0
S329Y,1.192490442,0.169354727,0
P330A,2.83101376,0.406405928,1
P330C,2.452801116,0.351688512,0
P330D,3.242064972,0.46587422,1
P330E,1.460904533,0.208187182,0
P330F,2.389683771,0.342557093,0
P330G,2.399679985,0.344003282,0
P330H,2.971208341,0.426688394,1
P330I,2.91532267,0.418603208,1
P330K,2.605715096,0.37381114,0
P330L,1.715705983,0.245050246,0
P330M,1.558779916,0.222347174,0
P330N,2.095384345,0.299979712,0
P330Q,2.129232578,0.30487666,0
P330R,3.139863486,0.451088354,1
P330S,2.326919567,0.333476765,0
P330T,1.860544753,0.266004604,0
P330V,3.073454733,0.441480756,1
P330W,2.342204659,0.335688115,0
P330Y,2.033368756,0.291007688,0
D331A,2.979911518,0.427947514,1
D331C,1.119376212,0.158777022,0
D331E,1.994458042,0.285378332,0
D331F,1.320250873,0.187838299,0
D331G,1.258088786,0.178845081,0
D331H,1.915507366,0.273956247,0
D331I,1.624953619,0.231920767,0
D331K,2.063992772,0.295438178,0
D331L,2.400556627,0.344130109,0
D331M,2.419187568,0.346825516,0
D331N,2.345396289,0.33614986,0
D331P,1.281339436,0.182208838,0
D331Q,1.529381957,0.218094063,0
D331R,2.329689657,0.333877524,0
D331S,2.149820374,0.307855173,0
D331T,1.564594292,0.223188361,0
D331V,1.668873272,0.238274785,0
D331W,1.681175952,0.240054659,0
D331Y,1.542512616,0.219993724,0
F332A,1.212774325,0.172289271,0
F332C,1.55221693,0.221397682,0
F332D,0.815468271,0.114809542,0
F332E,1.322870128,0.188217236,0
F332G,0.710107325,0.099566586,0
F332H,1.690193239,0.241359223,0
F332I,1.741820198,0.248828285,0
F332K,1.338308235,0.190450724,0
F332L,1.525278379,0.217500383,0
F332M,1.758390689,0.251225599,0
F332N,1.619575714,0.231142726,0
F332P,0.985471702,0.139404564,0
F332Q,0.513183415,0.071076879,0
F332R,0.774105287,0.108825407,0
F332S,1.132273989,0.160642991,0
F332T,1.421762932,0.202524422,0
F332V,1.062756481,0.150585637,0
F332W,1.729262039,0.24701145,0
F332Y,1.302201926,0.185227091,0
R333A,1.995439697,0.285520352,0
R333C,6.369701936,0.918360973,1
R333D,1.898602994,0.27151063,0
R333E,3.288594508,0.472605819,1
R333F,1.815323056,0.259462214,0
R333G,2.069895874,0.296292201,0
R333H,2.359657218,0.338213041,0
R333I,1.348668304,0.191949553,0
R333K,2.330112769,0.333938737,0
R333L,1.535944306,0.219043462,0
R333M,3.144023034,0.451690131,1
R333N,2.695595767,0.386814508,0
R333P,1.084005542,0.153659817,0
R333Q,2.519368072,0.361318999,0
R333S,2.235760442,0.320288439,0
R333T,3.137180595,0.450700211,1
R333V,2.04079403,0.29208193,0
R333W,2.74933354,0.394588949,0
R333Y,1.960020991,0.280396197,0
I334A,3.442349373,0.494850101,1
I334C,1.496805183,0.213381061,0
I334D,2.433341926,0.348873279,0
I334E,2.935039206,0.421455672,1
I334F,2.063662973,0.295390464,0
I334G,2.245261742,0.321663027,0
I334H,1.778076515,0.25407362,0
I334K,0.936257528,0.132284568,0
I334L,2.44798086,0.350991148,0
I334M,2.712230089,0.389221057,0
I334N,2.719455392,0.390266368,0
I334P,1.528389019,0.217950411,0
I334Q,1.800200804,0.257274422,0
I334R,3.506693886,0.504159059,1
I334S,1.846489549,0.263971186,0
I334T,2.526933094,0.362413458,0
I334V,2.302812915,0.329989167,0
I334W,2.386905741,0.342155186,0
I334Y,1.588175352,0.22659992,0
A335C,3.016400665,0.433226534,1
A335D,1.429549547,0.203650941,0
A335E,1.559428989,0.222441078,0
A335F,1.771178577,0.25307567,0
A335G,1.667541821,0.238082159,0
A335H,2.134180234,0.305592456,0
A335I,1.287695345,0.183128371,0
A335K,1.33727214,0.190300828,0
A335L,1.507209379,0.214886274,0
A335M,1.242778153,0.176630035,0
A335N,1.532977269,0.21861421,0
A335P,1.315495038,0.187150255,0
A335Q,1.794885358,0.256505417,0
A335R,1.429782085,0.203684583,0
A335S,1.636821568,0.233637747,0
A335T,1.947562586,0.278593794,0
A335V,1.54662318,0.220588414,0
A335W,1.597189922,0.227904091,0
A335Y,2.249781789,0.322316959,0
F336A,2.381686774,0.341400138,0
F336C,1.824544608,0.26079633,0
F336D,1.73630085,0.248029781,0
F336E,1.205610171,0.171252807,0
F336G,1.693737106,0.241871927,0
F336H,0.990904537,0.140190552,0
F336I,1.708508312,0.244008932,0
F336K,1.059441185,0.150106001,0
F336L,2.448011913,0.35099564,0
F336M,1.968598753,0.281637174,0
F336N,1.755997376,0.25087935,0
F336P,1.09407841,0.155117096,0
F336Q,1.613331163,0.230239304,0
F336R,1.380529419,0.196559018,0
F336S,1.561676805,0.222766277,0
F336T,1.88901679,0.270123758,0
F336V,2.563621867,0.367721358,0
F336W,1.8245579,0.260798253,0
F336Y,1.90170727,0.271959737,0
Q337A,1.71101422,0.244371471,0
Q337C,2.584499913,0.370741862,0
Q337D,2.107020629,0.301663176,0
Q337E,1.851897963,0.264753641,0
Q337F,0.875208958,0.123452447,0
Q337G,1.743158891,0.249021959,0
Q337H,2.194903714,0.314377545,0
Q337I,1.804827314,0.257943757,0
Q337K,2.65825647,0.381412494,0
Q337L,1.437621014,0.204818669,0
Q337M,2.542409113,0.364652431,0
Q337N,1.50741885,0.214916579,0
Q337P,1.255776088,0.178510495,0
Q337R,3.029380778,0.435104414,1
Q337S,1.180360883,0.167599899,0
Q337T,2.101507376,0.300865553,0
Q337V,1.957785168,0.280072732,0
Q337W,2.300363788,0.329634843,0
Q337Y,1.927787745,0.275732895,0
E338A,2.403215535,0.344514783,0
E338C,1.783651042,0.254880107,0
E338D,2.40280709,0.344455692,0
E338F,1.392718504,0.198322458,0
E338G,1.622306539,0.231537804,0
E338H,2.502175908,0.358831745,0
E338I,1.511974198,0.215575618,0
E338K,2.073996968,0.296885521,0
E338L,1.430628052,0.203806972,0
E338M,1.491990227,0.212684464,0
E338N,1.444201037,0.205770626,0
E338P,0.945572736,0.133632234,0
E338Q,3.059709984,0.439492252,1
E338R,1.616874895,0.230751988,0
E338S,1.64202661,0.23439078,0
E338T,2.166847266,0.310318516,0
E338V,1.454284412,0.207229425,0
E338W,1.674748695,0.239124804,0
E338Y,1.326081646,0.188681858,0
L339A,2.641027078,0.378919855,0
L339C,2.056949349,0.29441918,0
L339D,1.032613091,0.146224682,0
L339E,1.28237247,0.182358291,0
L339F,2.395084842,0.343338486,0
L339G,2.095343281,0.299973771,0
L339H,1.241884798,0.176500791,0
L339I,1.376299787,0.195947102,0
L339K,1.148033755,0.162923015,0
L339M,2.271545164,0.325465546,0
L339N,0.891993889,0.125880785,0
L339P,1.163167062,0.165112406,0
L339Q,1.58360434,0.225938615,0
L339R,1.158010719,0.164366419,0
L339S,1.273024112,0.18100583,0
L339T,1.83394181,0.262155858,0
L339V,2.788944526,0.400319617,0
L339W,2.14740133,0.307505201,0
L339Y,1.935246516,0.276811983,0
L340A,1.992705458,0.285124779,0
L340C,1.902534752,0.272079451,0
L340D,1.303164265,0.185366317,0
L340E,0.899049153,0.126901496,0
L340F,1.475815464,0.210344401,0
L340G,1.26855741,0.180359615,0
L340H,1.812533493,0.259058638,0
L340I,2.465359993,0.353505451,0
L340K,1.490990348,0.212539807,0
L340M,3.11099573,0.44691195,1
L340N,2.360020771,0.338265638,0
L340P,1.072672577,0.152020236,0
L340Q,1.901163774,0.271881107,0
L340R,1.53058339,0.218267879,0
L340S,2.382609095,0.341533574,0
L340T,1.695085844,0.242067054,0
L340V,2.966955163,0.426073071,1
L340W,2.168136559,0.310505043,0
L340Y,2.003875687,0.286740818,0
C341A,2.128643316,0.30479141,0
C341D,1.996852979,0.285724817,0
C341E,1.206341088,0.171358551,0
C341F,3.161490977,0.454217283,1
C341G,2.070286954,0.29634878,0
C341H,1.90853307,0.27294725,0
C341I,2.518507986,0.361194567,0
C341K,2.640618506,0.378860745,0
C341L,2.674346449,0.383740291,0
C341M,2.008324845,0.287384494,0
C341N,2.375128418,0.340451317,0
C341P,1.664188953,0.237597087,0
C341Q,3.21514409,0.461979476,1
C341R,2.169810112,0.310747162,0
C341S,2.480516696,0.355698227,0
C341T,1.654185492,0.23614985,0
C341V,1.652286801,0.235875159,0
C341W,1.855543527,0.265281058,0
C341Y,2.570951436,0.368781754,0
L342A,2.074526633,0.29696215,0
L342C,2.032770978,0.290921206,0
L342D,1.33464309,0.189920474,0
L342E,2.712646621,0.389281318,0
L342F,1.708569388,0.244017768,0
L342G,2.579009777,0.369947584,0
L342H,1.293138969,0.18391592,0
L342I,1.948367098,0.278710186,0
L342K,1.334809981,0.189944619,0
L342M,3.796628697,0.546104995,1
L342N,2.012744155,0.288023851,0
L342P,2.965602275,0.425877343,1
L342Q,1.980039621,0.283292366,0
L342R,1.913655686,0.273688358,0
L342S,2.070396115,0.296364573,0
L342T,4.863661915,0.700476619,1
L342V,2.395015593,0.343328468,0
L342W,2.814598161,0.404031022,1
L342Y,3.656604544,0.525847185,1
R343A,2.246909606,0.321901429,0
R343C,1.879340672,0.268723878,0
R343D,3.6316952,0.522243459,1
R343E,1.28834662,0.183222593,0
R343F,2.394321786,0.343228092,0
R343G,2.888589257,0.414735587,1
R343H,2.403302631,0.344527384,0
R343I,1.862283872,0.266256208,0
R343K,3.08068967,0.442527461,1
R343L,2.372274107,0.340038373,0
R343M,2.92213406,0.419588637,1
R343N,2.289409519,0.328050048,0
R343P,2.151470219,0.308093862,0
R343Q,2.804200273,0.402526722,1
R343S,1.559785047,0.22249259,0
R343T,2.168324671,0.310532257,0
R343V,1.26302338,0.179558987,0
R343W,2.671352671,0.38330717,0
R343Y,2.347235951,0.336416011,0
R344A,1.395708892,0.198755088,0
R344C,1.832721472,0.261979307,0
R344D,2.645855007,0.379618329,0
R344E,1.833605848,0.262107253,0
R344F,2.49016304,0.357093799,0
R344G,2.536399812,0.363783043,0
R344H,2.603657603,0.373513475,0
R344I,1.785219757,0.255107059,0
R344K,2.517315527,0.361022049,0
R344L,1.608340116,0.22951723,0
R344M,1.795674318,0.256619559,0
R344N,2.112108069,0.302399195,0
R344P,2.081932142,0.298033532,0
R344Q,2.822498197,0.40517395,1
R344S,1.472540968,0.209870668,0
R344T,1.554714136,0.221758962,0
R344V,2.740016264,0.393240985,0
R344W,1.895293656,0.271031855,0
R344Y,1.462089574,0.208358626,0
S345A,1.893286839,0.270741522,0
S345C,2.420823267,0.347062159,0
S345D,3.480369657,0.500350636,1
S345E,4.220026276,0.607359482,1
S345F,2.600690908,0.373084273,0
S345G,2.781092683,0.399183662,0
S345H,2.261823639,0.324059097,0
S345I,2.440976431,0.349977791,0
S345K,3.437228318,0.494109219,1
S345L,1.102580222,0.156347085,0
S345M,2.16810379,0.310500302,0
S345N,4.338786608,0.624540976,1
S345P,2.361788165,0.338521333,0
S345Q,2.169400681,0.310687928,0
S345R,3.831068884,0.551087584,1
S345T,2.176243679,0.311677929,0
S345V,1.254225482,0.178286163,0
S345W,2.930209304,0.420756912,1
S345Y,1.995051695,0.285464218,0
S346A,1.773213881,0.253370125,0
S346C,2.503923683,0.359084602,0
S346D,2.70407871,0.388041767,0
S346E,3.29327571,0.473283066,1
S346F,2.870104762,0.412061367,1
S346G,2.269229259,0.325130496,0
S346H,2.23656441,0.320404752,0
S346I,2.072279308,0.296637021,0
S346K,1.718021252,0.245385204,0
S346L,1.054754719,0.149427993,0
S346N,3.424338742,0.492244437,1
S346P,2.409147587,0.345372995,0
S346Q,2.410134038,0.345515709,0
S346R,2.211321988,0.316752838,0
S346T,2.16047746,0.309396973,0
S346V,1.745074719,0.249299129,0
S346W,2.034082529,0.291110953,0
S346Y,1.49331761,0.212876501,0
L347A,1.695476915,0.242123632,0
L347C,3.42213681,0.491925875,1
L347D,1.138242591,0.161506491,0
L347E,2.254535623,0.323004713,0
L347F,1.615297723,0.230523813,0
L347G,2.236332513,0.320371202,0
L347H,3.189625998,0.45828768,1
L347I,2.25988807,0.323779071,0
L347K,2.804436094,0.402560839,1
L347M,2.767333776,0.39719311,0
L347N,1.738412884,0.248335337,0
L347P,1.987487336,0.284369854,0
L347Q,1.817591149,0.259790348,0
L347R,2.269292482,0.325139642,0
L347S,2.46370004,0.353265299,0
L347T,1.929952819,0.276046124,0
L347V,1.772245693,0.253230054,0
L347W,2.600265275,0.373022695,0
L347Y,3.605790375,0.518495713,1
K348A,2.097987133,0.300356267,0
K348C,3.023807447,0.4342981,1
K348D,2.229384634,0.319366027,0
K348E,1.742744359,0.248961987,0
K348F,3.066968172,0.440542321,1
K348G,2.500018736,0.358519659,0
K348H,3.927744845,0.565074051,1
K348I,1.850206626,0.264508949,0
K348L,1.481656537,0.211189451,0
K348M,1.963116006,0.280843964,0
K348N,2.607971401,0.374137568,0
K348P,3.5956017,0.517021679,1
K348Q,3.231561539,0.464354649,1
K348R,2.227463345,0.319088067,0
K348S,0.689537721,0.096590706,0
K348T,1.312361699,0.186696943,0
K348V,2.486327923,0.356538959,0
K348W,1.760022865,0.251461732,0
K348Y,1.72507001,0.246404974,0
A349C,3.238914325,0.465418404,1
A349D,3.906668258,0.562024824,1
A349E,1.629724678,0.232611014,0
A349F,2.24649354,0.321841235,0
A349G,2.06239457,0.29520696,0
A349H,1.943271423,0.277972976,0
A349I,2.11405471,0.302680822,0
A349K,2.59937736,0.372894237,0
A349L,3.099657785,0.445271648,1
A349M,3.606173988,0.518551211,1
A349N,2.401077547,0.344205473,0
A349P,3.442627242,0.494890301,1
A349Q,2.208935896,0.316407633,0
A349R,1.656630989,0.236503649,0
A349S,1.449698955,0.20656603,0
A349T,2.806463477,0.402854148,1
A349V,1.419891056,0.202253611,0
A349W,2.16567144,0.310148405,0
A349Y,1.422086335,0.20257121,0
Y350A,1.446621988,0.206120873,0
Y350C,3.823498072,0.549992287,1
Y350D,2.061724488,0.295110017,0
Y350E,3.162980977,0.454432847,1
Y350F,2.805383628,0.402697922,1
Y350G,3.459677855,0.497357076,1
Y350I,2.616146652,0.375320312,0
Y350K,2.195135807,0.314411123,0
Y350L,2.294561984,0.328795474,0
Y350M,1.376938215,0.196039466,0
Y350N,2.429542599,0.348323617,0
Y350P,1.278872005,0.181851866,0
Y350Q,2.878665068,0.413299818,1
Y350R,1.548967472,0.220927571,0
Y350S,2.182245589,0.312546248,0
Y350T,2.059219902,0.294747669,0
Y350V,3.854865752,0.554530364,1
Y350W,2.29656291,0.329084956,0
G351A,2.39980045,0.344020711,0
G351C,1.88761254,0.2699206,0
G351D,3.571303056,0.513506305,1
G351E,2.83522405,0.407015046,1
G351F,2.480863067,0.355748338,0
G351H,1.783015212,0.25478812,0
G351I,4.171767905,0.600377765,1
G351K,1.682379259,0.240228746,0
G351L,2.289436788,0.328053993,0
G351M,2.640761287,0.378881402,0
G351N,2.323198425,0.332938414,0
G351P,2.271022777,0.325389971,0
G351Q,2.737122058,0.392822269,0
G351R,2.519248412,0.361301687,0
G351S,1.454364511,0.207241013,0
G351T,2.3313889,0.33412336,0
G351V,2.077493408,0.297391364,0
G351W,2.774135624,0.398177158,0
G351Y,3.270754594,0.470024853,1
N352A,1.125919383,0.159723647,0
N352C,1.983011742,0.283722354,0
N352D,2.466674238,0.353695588,0
N352E,2.273753702,0.325785063,0
N352F,2.264589796,0.324459287,0
N352G,2.460957892,0.352868583,0
N352H,2.080516378,0.297828708,0
N352I,2.307083478,0.330607005,0
N352K,3.520551211,0.506163849,1
N352L,2.299672461,0.329534826,0
N352M,2.790504018,0.400545234,0
N352P,2.038627264,0.291768456,0
N352Q,1.45388418,0.207171522,0
N352R,2.687380042,0.385625909,0
N352S,1.954407729,0.279584106,0
N352T,2.058816512,0.294689309,0
N352V,2.512419979,0.360313792,0
N352W,2.312613609,0.331407069,0
N352Y,1.588598408,0.226661125,0
G353A,2.851322058,0.409344004,1
G353C,4.095332937,0.589319637,1
G353D,2.525828569,0.362253662,0
G353E,1.730413422,0.247178025,0
G353F,1.708250543,0.24397164,0
G353H,2.056768385,0.294392999,0
G353I,1.71234612,0.244564162,0
G353K,2.366460492,0.339197296,0
G353L,1.846945705,0.264037179,0
G353M,2.021510516,0.289292113,0
G353N,2.942732457,0.422568683,1
G353P,2.724267138,0.390962501,0
G353Q,1.727498308,0.246756285,0
G353R,2.677925021,0.384258016,0
G353S,2.171178284,0.3109451,0
G353T,2.737012667,0.392806443,0
G353V,2.218157034,0.317741689,0
G353W,2.173269414,0.311247632,0
G353Y,3.236979807,0.46513853,1
Y354A,2.374819968,0.340406692,0
Y354C,1.885842773,0.269664561,0
Y354D,2.36816274,0.339443567,0
Y354E,2.483861962,0.356182199,0
Y354F,2.796957591,0.401478896,0
Y354G,2.172313666,0.31110936,0
Y354H,2.004191859,0.286786559,0
Y354I,1.665720453,0.237818655,0
Y354K,1.900693464,0.271813066,0
Y354L,2.997050384,0.430427057,1
Y354M,1.570131973,0.223989518,0
Y354N,2.515682733,0.360785827,0
Y354P,1.674798371,0.239131991,0
Y354Q,3.006338453,0.431770796,1
Y354R,1.983661152,0.283816306,0
Y354S,2.473819889,0.354729375,0
Y354T,2.81175454,0.403619625,1
Y354V,1.440251981,0.205199301,0
Y354W,1.868178875,0.26710906,0
S355A,2.215047973,0.31729189,0
S355C,2.238251334,0.320648805,0
S355D,2.841184249,0.40787733,1
S355E,2.000572956,0.286262999,0
S355F,4.298761705,0.618750426,1
S355G,1.864118451,0.266521624,0
S355H,2.4629084,0.35315077,0
S355I,2.384706266,0.341836979,0
S355K,3.148617871,0.452354883,1
S355L,1.686848997,0.240875399,0
S355M,2.164379594,0.309961509,0
S355N,2.906676116,0.417352279,1
S355P,2.088621401,0.299001292,0
S355Q,3.000635728,0.430945762,1
S355R,1.767194356,0.252499258,0
S355T,1.713380537,0.244713815,0
S355V,3.628069751,0.521718952,1
S355W,2.025088886,0.289809809,0
S355Y,2.100417317,0.300707851,0
S356A,2.188639193,0.313471234,0
S356C,4.084091646,0.587693318,1
S356D,1.696014387,0.24220139,0
S356E,1.798823921,0.257075224,0
S356F,2.197462351,0.314747713,0
S356G,2.4986817,0.358326225,0
S356H,2.879890912,0.413477165,1
S356I,2.873778922,0.412592921,1
S356K,1.192568594,0.169366034,0
S356L,2.144323271,0.307059887,0
S356M,2.898982374,0.416239197,1
S356N,2.063680212,0.295392958,0
S356P,2.494997767,0.357793257,0
S356Q,1.975616661,0.28265248,0
S356R,2.57395753,0.369216656,0
S356T,2.565899623,0.368050889,0
S356V,1.462561271,0.208426868,0
S356W,0.717756441,0.100673212,0
S356Y,3.079555312,0.442363349,1
N357A,2.651903355,0.380493366,0
N357C,2.465258359,0.353490747,0
N357D,1.068227759,0.151377187,0
N357E,1.744636731,0.249235763,0
N357F,1.248035462,0.17739063,0
N357G,1.108249286,0.157167249,0
N357H,1.194413971,0.169633011,0
N357I,2.700366047,0.387504642,0
N357K,2.462690125,0.353119191,0
N357L,2.222088499,0.318310468,0
N357M,1.775201359,0.253657661,0
N357P,3.234490063,0.46477833,1
N357Q,2.471198759,0.354350167,0
N357R,1.512569272,0.21566171,0
N357S,2.365653342,0.339080523,0
N357T,2.185038799,0.312950352,0
N357V,1.93778272,0.277178905,0
N357W,2.561567005,0.367424074,0
N357Y,2.35774181,0.337935932,0
G358A,1.933267582,0.276525683,0
G358C,2.278066882,0.326409067,0
G358D,2.297754286,0.329257316,0
G358E,2.931388024,0.420927442,1
G358F,2.476412608,0.355104473,0
G358H,2.353794493,0.337364859,0
G358I,1.914850391,0.2738612,0
G358K,1.256975668,0.178684042,0
G358L,2.091816619,0.299463556,0
G358M,1.720776298,0.245783787,0
G358N,1.797815731,0.256929365,0
G358P,1.793123642,0.256250543,0
G358Q,3.037242937,0.436241862,1
G358R,3.140064603,0.451117451,1
G358S,2.301906355,0.329858011,0
G358T,1.510272934,0.21532949,0
G358V,1.931573482,0.276280591,0
G358W,2.10508579,0.301383256,0
G358Y,2.31137963,0.331228545,0
N359A,1.311607578,0.186587842,0
N359C,2.138277458,0.306185217,0
N359D,2.370793399,0.339824154,0
N359E,2.004782546,0.286872016,0
N359F,2.512413561,0.360312864,0
N359G,2.105468989,0.301438695,0
N359H,2.346248634,0.336273172,0
N359I,1.49900464,0.213699265,0
N359K,2.686539031,0.385504237,0
N359L,1.804836026,0.257945017,0
N359M,2.633203092,0.37778793,0
N359P,1.738612505,0.248364216,0
N359Q,1.770868444,0.253030802,0
N359R,3.211070411,0.461390122,1
N359S,2.196847084,0.3146587,0
N359T,2.45913239,0.352604481,0
N359V,2.158082853,0.309050536,0
N359W,1.804351937,0.257874982,0
N359Y,1.605832564,0.229154454,0
T360A,1.944798904,0.278193962,0
T360D,2.905148635,0.417131293,1
T360E,2.447814801,0.350967123,0
T360F,3.153987923,0.453131789,1
T360G,2.694505426,0.386656764,0
T360H,1.621787165,0.231462664,0
T360I,3.182581461,0.457268521,1
T360K,2.161042182,0.309478673,0
T360L,3.478644736,0.500101085,1
T360M,2.293010629,0.328571034,0
T360N,2.272300907,0.325574882,0
T360P,1.316448921,0.187288257,0
T360Q,1.975027525,0.282567248,0
T360R,1.831787495,0.261844185,0
T360S,2.290522347,0.328211045,0
T360V,2.002037496,0.28647488,0
T360Y,1.962019191,0.280685284,0
G361A,2.515831947,0.360807414,0
G361C,1.668415055,0.238208493,0
G361D,2.403970444,0.344623999,0
G361E,2.766216378,0.397031452,0
G361F,2.287727504,0.327806705,0
G361H,3.095576841,0.444681242,1
G361I,2.038220164,0.291709559,0
G361K,1.577978758,0.225124741,0
G361L,3.093277368,0.444348569,1
G361M,1.961311514,0.280582902,0
G361N,2.837429023,0.407334047,1
G361P,2.538311359,0.364059594,0
G361Q,1.389125015,0.197802575,0
G361R,1.712049324,0.244521223,0
G361S,2.340296872,0.335412109,0
G361T,3.189701758,0.458298641,1
G361V,3.563459812,0.512371594,1
G361W,2.202418266,0.315464703,0
G361Y,1.244492345,0.176878034,0
E362A,1.806453407,0.25817901,0
E362C,1.978154081,0.283019578,0
E362D,0.830283148,0.116952865,0
E362F,2.040127467,0.291985496,0
E362G,1.326892687,0.188799195,0
E362H,2.332167299,0.334235974,0
E362I,2.612906926,0.374851609,0
E362K,2.482355027,0.355964185,0
E362L,1.559288597,0.222420767,0
E362N,1.964472967,0.281040281,0
E362P,2.219335059,0.317912118,0
E362Q,2.509627869,0.359909848,0
E362R,1.969727581,0.281800485,0
E362S,4.120779119,0.59300103,1
E362T,2.788379726,0.400237905,0
E362V,2.39943103,0.343967265,0
E362W,2.883508032,0.414000467,1
E362Y,2.454470898,0.351930086,0
Q363A,0.831644094,0.117149758,0
Q363C,2.697610951,0.387106052,0
Q363D,2.86545956,0.411389328,1
Q363E,2.038810426,0.291794955,0
Q363F,2.0076799,0.287291187,0
Q363G,1.576855576,0.224962246,0
Q363H,2.839858508,0.40768553,1
Q363I,2.204479335,0.315762886,0
Q363K,2.061113686,0.29502165,0
Q363L,1.585240751,0.22617536,0
Q363M,2.731035615,0.391941721,0
Q363N,2.333004455,0.334357088,0
Q363P,2.019268461,0.288967747,0
Q363R,3.128674571,0.449469613,1
Q363S,2.635281899,0.378088679,0
Q363T,2.303872148,0.33014241,0
Q363V,1.263215768,0.17958682,0
Q363W,3.26923221,0.469804604,1
Q363Y,2.980750548,0.4280689,1
S364A,2.526893255,0.362407695,0
S364C,3.508674606,0.504445617,1
S364D,1.451953435,0.206892194,0
S364E,2.646805493,0.379755839,0
S364F,2.399025575,0.343908607,0
S364G,2.207274936,0.316167336,0
S364H,2.962206444,0.425386056,1
S364I,3.896335154,0.560529895,1
S364K,2.77572569,0.398407199,0
S364L,2.482684507,0.356011852,0
S364M,2.420022905,0.346946368,0
S364N,3.486141037,0.501185602,1
S364P,1.770253211,0.252941794,0
S364Q,2.339122255,0.335242173,0
S364R,1.582792501,0.225821163,0
S364T,2.028432299,0.290293513,0
S364V,2.563921878,0.367764762,0
S364W,2.233790657,0.320003463,0
S364Y,1.866326504,0.266841071,0
G365A,2.13712352,0.306018272,0
G365C,2.149990479,0.307879782,0
G365D,1.97066606,0.281936259,0
G365E,1.460183935,0.20808293,0
G365F,2.342402185,0.335716692,0
G365H,2.699512314,0.387381129,0
G365I,1.786958554,0.255358617,0
G365K,1.69374526,0.241873107,0
G365L,2.879125431,0.41336642,1
G365M,1.713536558,0.244736387,0
G365N,2.000218067,0.286211656,0
G365P,2.112651891,0.302477871,0
G365Q,2.023138,0.289527567,0
G365R,2.431031129,0.348538968,0
G365S,2.232063548,0.319753595,0
G365T,1.778263363,0.254100652,0
G365V,1.688900313,0.241172171,0
G365W,2.253544755,0.322861361,0
G365Y,2.144600652,0.307100016,0
Y366A,2.50151599,0.358736272,0
Y366C,2.279745416,0.326651907,0
Y366D,1.923153055,0.275062377,0
Y366E,3.45829381,0.497156842,1
Y366F,1.714793386,0.244918217,0
Y366G,2.08409649,0.298346656,0
Y366H,2.337488501,0.335005811,0
Y366I,2.079424013,0.297670672,0
Y366K,2.3661085,0.339146372,0
Y366L,1.733243487,0.247587461,0
Y366M,0.951104566,0.134432544,0
Y366N,1.569527155,0.223902016,0
Y366P,2.22810639,0.319181099,0
Y366Q,2.986359998,0.42888044,1
Y366R,2.47831992,0.355380411,0
Y366S,1.877820566,0.268503959,0
Y366T,2.493986243,0.357646916,0
Y366V,2.683241585,0.385027183,0
Y366W,2.636862926,0.378317412,0
H367A,1.744264489,0.24918191,0
H367C,2.668961973,0.382961299,0
H367D,1.964520717,0.281047189,0
H367E,2.179857661,0.312200778,0
H367F,2.863561541,0.411114735,1
H367G,2.351883527,0.337088393,0
H367I,3.001104611,0.431013597,1
H367K,2.325838768,0.333320402,0
H367L,2.107275435,0.30170004,0
H367M,1.915738983,0.273989756,0
H367N,1.937714895,0.277169092,0
H367P,2.207026456,0.316131387,0
H367Q,2.415488331,0.346290334,0
H367R,2.350190947,0.336843521,0
H367S,1.360904006,0.193719737,0
H367T,1.841101994,0.263191748,0
H367V,2.016882406,0.288622547,0
H367W,1.484334309,0.211576854,0
H367Y,2.257489314,0.323432035,0
V368A,1.862570791,0.266297718,0
V368C,0.554228309,0.077014995,0
V368D,2.775773517,0.398414118,0
V368E,1.777387881,0.253973993,0
V368F,2.575138394,0.369387496,0
V368G,2.211475501,0.316775047,0
V368H,2.260861842,0.323919951,0
V368I,1.810296388,0.258734988,0
V368K,2.795777036,0.401308101,0
V368L,2.399317359,0.34395082,0
V368M,1.668255854,0.238185461,0
V368N,2.003108049,0.286629761,0
V368P,1.944108841,0.278094128,0
V368Q,1.892547505,0.27063456,0
V368R,2.586728008,0.371064208,0
V368S,1.198370961,0.170205484,0
V368T,2.928382647,0.420492643,1
V368W,1.574311197,0.224594141,0
V368Y,2.268442794,0.325016715,0
E369A,2.979200818,0.427844695,1
E369C,2.081691651,0.29799874,0
E369D,1.530127602,0.218201938,0
E369F,2.030561211,0.290601511,0
E369G,0.977700448,0.138280268,0
E369H,2.882518763,0.413857346,1
E369I,1.943558585,0.27801452,0
E369K,2.149044886,0.30774298,0
E369L,2.409637201,0.34544383,0
E369M,1.832142457,0.261895539,0
E369N,2.324320866,0.333100801,0
E369P,1.743197861,0.249027597,0
E369Q,3.222128759,0.462989974,1
E369R,3.284083407,0.471953181,1
E369S,1.904276091,0.272331377,0
E369T,2.249328006,0.322251308,0
E369V,2.991174133,0.429576918,1
E369W,2.198913039,0.314957589,0
E369Y,1.730989979,0.247261438,0
Q370A,2.618721586,0.375692837,0
Q370C,4.079011955,0.586958421,1
Q370D,1.692079551,0.241632123,0
Q370E,1.480637072,0.211041961,0
Q370F,1.393429909,0.19842538,0
Q370G,2.764643571,0.396803908,0
Q370H,2.641197596,0.378944524,0
Q370I,2.175236069,0.311532155,0
Q370K,1.973993487,0.28241765,0
Q370L,1.384338174,0.197110045,0
Q370M,4.372741105,0.629453298,1
Q370N,2.491878816,0.357342027,0
Q370P,2.593904029,0.37210239,0
Q370R,2.257863349,0.323486148,0
Q370S,1.497401873,0.213467386,0
Q370T,2.035353739,0.291294863,0
Q370V,2.411961074,0.345780033,0
Q370W,1.957827721,0.280078889,0
Q370Y,3.966009528,0.570609944,1
E371A,2.327971137,0.333628899,0
E371C,3.888986173,0.559466691,1
E371D,2.021772971,0.289330084,0
E371F,2.41505032,0.346226965,0
E371G,2.656352377,0.381137022,0
E371H,2.108887999,0.301933335,0
E371I,3.544777812,0.509668801,1
E371K,0.866548318,0.12219948,0
E371L,2.183960385,0.312794334,0
E371M,0.857863462,0.12094301,0
E371N,2.133802942,0.305537872,0
E371P,4.383535843,0.631015013,1
E371Q,1.926509607,0.275547982,0
E371R,1.900966661,0.27185259,0
E371S,2.026061756,0.289950558,0
E371T,2.840498637,0.40777814,1
E371V,2.035320173,0.291290007,0
E371W,1.782123326,0.254659087,0
E371Y,1.805138483,0.257988775,0
K372A,1.436863231,0.204709038,0
K372C,1.817456881,0.259770923,0
K372D,2.851185642,0.409324268,1
K372E,2.037710258,0.291635789,0
K372F,2.329149592,0.333799391,0
K372G,2.254030413,0.322931623,0
K372H,3.267297802,0.469524746,1
K372I,3.132347082,0.450000929,1
K372L,3.413615167,0.490693018,1
K372M,2.941712164,0.422421073,1
K372N,2.153158523,0.308338115,0
K372P,1.631264188,0.23283374,0
K372Q,0.404137557,0.055300813,0
K372R,2.723221271,0.390811191,0
K372S,1.914644434,0.273831404,0
K372T,1.419458422,0.20219102,0
K372V,3.137196944,0.450702576,1
K372W,2.130757336,0.305097253,0
K372Y,2.026605028,0.290029155,0
E373A,2.091231359,0.299378884,0
E373C,2.566330493,0.368113225,0
E373D,2.175501141,0.311570504,0
E373F,2.175913455,0.311630155,0
E373G,2.654033518,0.380801544,0
E373H,2.04961965,0.293358765,0
E373I,3.416796184,0.491153227,1
E373K,2.173817063,0.311326862,0
E373L,2.50938803,0.359875149,0
E373M,1.765361154,0.252234042,0
E373N,2.642696899,0.379161434,0
E373P,1.510317165,0.215335889,0
E373Q,2.380015825,0.341158396,0
E373R,3.046511105,0.437582722,1
E373S,2.578251441,0.369837872,0
E373T,2.037782987,0.291646311,0
E373V,1.74915971,0.249890119,0
E373W,1.385640582,0.197298469,0
E373Y,2.671437861,0.383319495,0
N374A,2.795450299,0.401260831,0
N374C,1.696321465,0.242245816,0
N374D,1.685928178,0.240742181,0
N374E,1.757124497,0.251042415,0
N374F,1.030965778,0.145986359,0
N374G,1.808578327,0.25848643,0
N374H,2.059325958,0.294763012,0
N374I,2.789968611,0.400467775,0
N374K,2.116825974,0.303081751,0
N374L,3.403413948,0.48921717,1
N374M,2.356892833,0.337813108,0
N374P,2.368201086,0.339449114,0
N374Q,1.892881726,0.270682913,0
N374R,3.180525996,0.456971149,1
N374S,2.481759655,0.35587805,0
N374T,2.966010029,0.425936335,1
N374V,2.368869682,0.339545842,0
N374W,2.750440082,0.394749037,0
N374Y,2.863826269,0.411153034,1
K375A,1.974127018,0.282436968,0
K375C,1.710769516,0.244336069,0
K375D,2.508304915,0.359718451,0
K375E,1.511129525,0.215453416,0
K375F,2.86588328,0.411450629,1
K375G,1.744333212,0.249191852,0
K375H,3.729040884,0.536326817,1
K375I,2.147836104,0.307568101,0
K375L,1.508945367,0.215137426,0
K375M,2.854953609,0.409869394,1
K375N,2.419572432,0.346881196,0
K375P,1.966321162,0.281307666,0
K375Q,2.359042462,0.338124102,0
K375R,2.330653438,0.334016958,0
K375S,2.45050933,0.351356951,0
K375T,2.414552799,0.346154987,0
K375V,2.258206981,0.323535862,0
K375W,2.401703528,0.344296036,0
K375Y,2.623501774,0.376384405,0
L376A,2.877534672,0.413136279,1
L376C,2.072427017,0.296658391,0
L376D,2.443891233,0.350399486,0
L376E,2.089629874,0.299147191,0
L376F,1.380330397,0.196530225,0
L376G,2.359589542,0.33820325,0
L376H,2.507790702,0.359644058,0
L376I,2.017222111,0.288671694,0
L376K,2.289201233,0.328019915,0
L376M,2.612377182,0.374774969,0
L376N,1.876475162,0.268309315,0
L376P,2.216299727,0.317472985,0
L376Q,2.053676557,0.293945693,0
L376R,2.529610499,0.362800808,0
L376S,2.949095303,0.423489219,1
L376T,3.090858595,0.443998636,1
L376V,3.773359656,0.542738577,1
L376W,2.358283354,0.338014279,0
L376Y,2.328485991,0.333703385,0
L377A,1.827701014,0.261252979,0
L377C,2.377823294,0.340841194,0
L377D,1.663934169,0.237560227,0
L377E,2.475467859,0.354967793,0
L377F,3.583434951,0.515261471,1
L377G,2.052509336,0.293776827,0
L377H,2.181523834,0.312441829,0
L377I,2.241047201,0.321053294,0
L377K,2.206566207,0.316064801,0
L377M,2.854142135,0.409751995,1
L377N,2.359829173,0.338237919,0
L377P,1.757735975,0.251130879,0
L377Q,2.581648393,0.370329322,0
L377R,3.156171667,0.453447719,1
L377S,2.64810562,0.379943934,0
L377T,3.095740031,0.444704852,1
L377V,2.587945022,0.371240278,0
L377W,1.963416513,0.28088744,0
L377Y,1.461992553,0.20834459,0
C378A,2.025598504,0.289883537,0
C378D,6.177074186,0.890492807,1
C378E,1.737787029,0.248244792,0
C378F,2.420997055,0.347087301,0
C378G,2.459694356,0.352685782,0
C378H,2.040062092,0.291976038,0
C378I,2.945633615,0.422988404,1
C378K,2.237888155,0.320596263,0
C378L,0.94957073,0.134210638,0
C378M,2.175239011,0.31153258,0
C378N,2.894774628,0.415630447,1
C378P,2.025322367,0.289843588,0
C378Q,0.390564445,0.053337141,0
C378R,4.013867267,0.577533699,1
C378S,3.127360426,0.449279491,1
C378T,1.923449596,0.275105279,0
C378V,2.076559294,0.297256223,0
C378W,2.558027274,0.366911968,0
C378Y,3.13406099,0.450248886,1
E379A,3.61764773,0.52021116,1
E379C,2.541809055,0.364565618,0
E379D,2.484488675,0.356272868,0
E379F,4.749711802,0.683991037,1
E379G,1.253000114,0.178108884,0
E379H,2.756436271,0.395616528,0
E379I,1.406015905,0.200246242,0
E379K,2.566504214,0.368138358,0
E379L,1.81545159,0.25948081,0
E379M,1.930619421,0.276142564,0
E379N,3.120537594,0.448292406,1
E379P,1.960341692,0.280442594,0
E379Q,3.154910684,0.453265288,1
E379R,2.093393928,0.299691751,0
E379S,2.19816873,0.314849907,0
E379T,1.797946722,0.256948316,0
E379V,2.948341504,0.423380164,1
E379W,2.83565069,0.407076769,1
E379Y,2.46208725,0.353031971,0
D380A,3.694402608,0.531315571,1
D380C,3.260764272,0.468579516,1
D380E,2.66990234,0.383097345,0
D380F,3.214101119,0.461828586,1
D380G,1.310518207,0.186430238,0
D380H,2.638621896,0.378571888,0
D380I,2.778158728,0.398759195,0
D380K,2.154074167,0.308470585,0
D380L,3.227018876,0.463697445,1
D380M,3.907245774,0.562108375,1
D380N,1.913352298,0.273644466,0
D380P,2.747301707,0.394294997,0
D380Q,2.900399289,0.416444187,1
D380R,2.078862566,0.297589445,0
D380S,1.7650404,0.252187637,0
D380T,2.429523665,0.348320877,0
D380V,2.580838358,0.370212131,0
D380W,1.669985977,0.238435764,0
D380Y,2.89018568,0.414966547,1
L381A,2.978879404,0.427798195,1
L381C,2.638090681,0.378495035,0
L381D,2.888594942,0.414736409,1
L381E,2.784876448,0.399731073,0
L381F,1.773099867,0.25335363,0
L381G,2.275882348,0.326093023,0
L381H,1.744341298,0.249193022,0
L381I,1.905820871,0.272554866,0
L381K,2.672163518,0.383424478,0
L381M,2.124738355,0.304226465,0
L381N,1.511952753,0.215572516,0
L381P,1.286756357,0.182992524,0
L381Q,1.949844141,0.278923875,0
L381R,2.659447714,0.381584836,0
L381S,4.957276627,0.714020204,1
L381T,1.809973061,0.258688211,0
L381V,1.60713697,0.229343167,0
L381W,4.41707996,0.635867963,1
L381Y,2.919558375,0.419216003,1
P382A,2.410501634,0.34556889,0
P382C,2.718764721,0.390166446,0
P382D,2.376798646,0.340692955,0
P382E,2.097867478,0.300338956,0
P382F,1.905600417,0.272522972,0
P382G,2.462419233,0.35308,0
P382H,2.654777037,0.380909112,0
P382I,2.719571698,0.390283194,0
P382K,1.927304811,0.275663027,0
P382L,2.379878874,0.341138583,0
P382M,3.556967204,0.511432285,1
P382N,2.299822376,0.329556515,0
P382Q,1.759092479,0.25132713,0
P382R,1.975290373,0.282605275,0
P382S,2.505934064,0.359375451,0
P382T,1.759454309,0.251379477,0
P382V,2.654032583,0.380801409,0
P382W,2.864804358,0.411294538,1
P382Y,1.97256473,0.282210946,0
G383A,2.632269587,0.377652876,0
G383C,2.103118508,0.301098642,0
G383D,3.060141104,0.439554624,1
G383E,1.569399082,0.223883488,0
G383F,2.833085046,0.406705588,1
G383H,4.698814391,0.676627521,1
G383I,2.58289767,0.370510059,0
G383K,2.547375303,0.365370908,0
G383L,2.315019841,0.331755188,0
G383M,4.692575211,0.675724876,1
G383N,1.841591154,0.263262517,0
G383P,1.57398378,0.224546773,0
G383Q,1.654291587,0.236165199,0
G383R,2.268317105,0.324998531,0
G383S,1.795757283,0.256631562,0
G383T,1.385467902,0.197273487,0
G383V,3.156535368,0.453500337,1
G383W,2.183110064,0.312671315,0
G383Y,2.405680539,0.344871405,0
T384A,0.829586283,0.116852047,0
T384C,1.257790035,0.17880186,0
T384D,1.606871271,0.229304727,0
T384E,3.35056697,0.481571603,1
T384F,3.059385903,0.439445366,1
T384G,1.681632143,0.240120658,0
T384H,1.454315141,0.20723387,0
T384I,1.311291073,0.186542052,0
T384K,2.107911342,0.301792039,0
T384L,2.117622663,0.303197011,0
T384M,1.511839008,0.21555606,0
T384N,0.869195403,0.122582444,0
T384P,1.53524532,0.218942337,0
T384Q,1.59340933,0.227357139,0
T384R,1.956562806,0.279895889,0
T384S,2.142760407,0.306833781,0
T384V,2.320244796,0.332511101,0
T384W,2.145152687,0.307179881,0
T384Y,2.136486389,0.305926096,0
E385A,1.46402214,0.208638218,0
E385C,2.015998056,0.288494605,0
E385D,2.150835375,0.308002017,0
E385F,2.153065562,0.308324666,0
E385G,2.298761696,0.329403062,0
E385H,2.082097424,0.298057444,0
E385I,2.960140494,0.425087167,1
E385K,1.968774229,0.28166256,0
E385L,1.492810067,0.212803073,0
E385M,3.670447476,0.527849893,1
E385N,2.217734688,0.317680587,0
E385P,2.267701132,0.324909416,0
E385Q,2.405699674,0.344874173,0
E385R,1.823371282,0.260626581,0
E385S,4.016180695,0.577868391,1
E385T,1.951345049,0.279141017,0
E385V,1.814588508,0.259355945,0
E385W,2.487017468,0.356638718,0
E385Y,1.679194728,0.239768028,0
D386A,1.958455107,0.280169655,0
D386C,2.837327376,0.407319342,1
D386E,2.002268159,0.286508251,0
D386F,3.230803833,0.464245029,1
D386G,2.011773174,0.287883376,0
D386H,2.604923898,0.373696675,0
D386I,1.362317152,0.193924183,0
D386K,1.849177712,0.264360092,0
D386L,2.297098572,0.329162452,0
D386M,2.045230748,0.292723806,0
D386N,3.271576637,0.470143781,1
D386P,2.284770023,0.327378835,0
D386Q,2.149317303,0.307782392,0
D386R,2.986525688,0.428904411,1
D386S,1.659893835,0.236975697,0
D386T,2.651806524,0.380479357,0
D386V,1.246525423,0.177172167,0
D386W,1.678703597,0.239696974,0
D386Y,1.284154527,0.182616108,0
F387A,1.013217449,0.143418643,0
F387C,2.366397902,0.339188241,0
F387D,1.432082401,0.204017378,0
F387E,2.117089996,0.303119948,0
F387G,2.230497552,0.319527037,0
F387H,2.233277072,0.31992916,0
F387I,3.111054586,0.446920465,1
F387K,1.89900346,0.271568566,0
F387L,2.575343677,0.369417195,0
F387M,2.475412069,0.354959722,0
F387N,1.621559158,0.231429678,0
F387P,2.465269456,0.353492353,0
F387Q,3.015210422,0.433054337,1
F387R,1.880909042,0.26895078,0
F387S,2.232387034,0.319800395,0
F387T,1.426574056,0.203220465,0
F387V,1.646213349,0.23499649,0
F387W,1.626256742,0.232109295,0
F387Y,1.816052521,0.259567749,0
V388A,2.96214829,0.425377643,1
V388C,3.474439947,0.499492763,1
V388D,2.81123792,0.403544884,1
V388E,1.382478387,0.196840983,0
V388F,3.084051481,0.443013826,1
V388G,0.394117962,0.053851241,0
V388H,2.97813818,0.427690959,1
V388I,2.745914184,0.394094259,0
V388K,2.348304693,0.33657063,0
V388L,2.563466119,0.367698825,0
V388M,0.72072459,0.101102625,0
V388N,1.863396866,0.266417229,0
V388P,2.31380995,0.331580148,0
V388Q,1.898522706,0.271499014,0
V388R,2.058435301,0.294634158,0
V388S,3.212231332,0.461558077,1
V388T,1.656223457,0.23644469,0
V388W,2.113488113,0.302598851,0
V388Y,2.303416383,0.330076473,0
G389A,2.206352265,0.316033849,0
G389C,2.284975282,0.327408531,0
G389D,2.327168334,0.333512755,0
G389E,2.409609962,0.345439889,0
G389F,2.375069788,0.340442835,0
G389H,2.064986925,0.295582005,0
G389I,1.622144099,0.231514303,0
G389K,2.158230386,0.30907188,0
G389L,2.921344542,0.419474414,1
G389M,2.233064812,0.319898452,0
G389N,1.546496322,0.220570061,0
G389P,3.406548401,0.489670643,1
G389Q,2.132483897,0.305347041,0
G389R,2.495220055,0.357825416,0
G389S,3.532507522,0.507893612,1
G389T,2.583862495,0.370649644,0
G389V,2.493131688,0.357523284,0
G389W,2.631812774,0.377586788,0
G389Y,3.247753295,0.46669717,1
H390A,1.19448538,0.169643342,0
H390C,2.068721844,0.29612235,0
H390D,2.153723665,0.308419876,0
H390E,2.318645798,0.332279768,0
H390F,2.625032395,0.376605845,0
H390G,2.178368866,0.311985388,0
H390I,3.081543738,0.442651022,1
H390K,3.043991955,0.437218267,1
H390L,3.370214091,0.484414024,1
H390M,0.199769441,0.025734125,0
H390N,1.269462213,0.180490517,0
H390P,2.37491359,0.340420237,0
H390Q,1.76480091,0.252152989,0
H390R,1.769847881,0.252883153,0
H390S,1.592889288,0.227281902,0
H390T,1.696546363,0.242278353,0
H390V,2.365952068,0.339123741,0
H390W,2.5624997,0.36755901,0
H390Y,2.802879144,0.402335589,1
Q391A,1.700721003,0.242882313,0
Q391C,2.814918439,0.404077358,1
Q391D,2.118160498,0.303274822,0
Q391E,1.533287134,0.218659039,0
Q391F,2.383924751,0.341723915,0
Q391G,1.997396765,0.285803488,0
Q391H,1.891181995,0.270437006,0
Q391I,1.905317094,0.272481983,0
Q391K,2.279779332,0.326656814,0
Q391L,2.596425498,0.37246718,0
Q391M,2.073498958,0.296813472,0
Q391N,2.083718761,0.298292009,0
Q391P,2.117957545,0.30324546,0
Q391R,2.224748296,0.318695271,0
Q391S,1.840040757,0.263038215,0
Q391T,2.047721904,0.293084211,0
Q391V,2.541865561,0.364573793,0
Q391W,4.133515462,0.594843644,1
Q391Y,2.164099426,0.309920976,0
G392A,2.600001473,0.37298453,0
G392C,1.553895891,0.221640584,0
G392D,2.184031801,0.312804666,0
G392E,4.102878485,0.590411279,1
G392F,1.593205543,0.227327656,0
G392H,1.508579867,0.215084548,0
G392I,2.737202175,0.39283386,0
G392K,3.428941728,0.492910368,1
G392L,2.173792698,0.311323337,0
G392M,1.311946798,0.186636918,0
G392N,1.734229498,0.247730111,0
G392P,1.802809987,0.257651903,0
G392Q,1.930489257,0.276123733,0
G392R,1.416727785,0.201795969,0
G392S,2.217883123,0.317702061,0
G392T,2.402652875,0.344433381,0
G392V,1.656024368,0.236415887,0
G392W,1.97352618,0.282350043,0
G392Y,2.144855847,0.307136936,0
T393A,2.705215401,0.388206216,0
T393C,2.848745213,0.408971202,1
T393D,2.907557313,0.417479765,1
T393E,2.080244986,0.297789445,0
T393F,1.602854673,0.228723631,0
T393G,2.835538607,0.407060554,1
T393H,1.595276337,0.227627245,0
T393I,1.516947961,0.216295191,0
T393K,3.470429399,0.498912542,1
T393L,2.72849598,0.391574303,0
T393M,2.477824367,0.355308718,0
T393N,2.484153552,0.356224384,0
T393P,2.684205541,0.385166642,0
T393Q,2.774920663,0.398290733,0
T393R,2.300033429,0.329587048,0
T393S,1.999212241,0.28606614,0
T393V,2.002791249,0.286583928,0
T393W,1.781886164,0.254624776,0
T393Y,2.702033585,0.387745891,0
V394A,2.209549248,0.316496369,0
V394C,2.688973028,0.385856372,0
V394D,1.901762834,0.271967775,0
V394E,2.175899786,0.311628177,0
V394F,1.849327156,0.264381713,0
V394G,2.490079411,0.3570817,0
V394H,2.492067862,0.357369377,0
V394I,1.976308868,0.282752624,0
V394K,2.582236282,0.370414374,0
V394L,2.415399949,0.346277547,0
V394M,2.823316874,0.405292391,1
V394N,2.648296092,0.37997149,0
V394P,2.793172824,0.40093134,0
V394Q,3.535170676,0.508278901,1
V394R,2.234342925,0.320083361,0
V394S,0.967902614,0.136862779,0
V394T,2.870075756,0.41205717,1
V394W,3.558716742,0.511685397,1
V394Y,1.433851503,0.20427332,0
P395A,1.993971996,0.285308014,0
P395C,2.039045122,0.291828909,0
P395D,1.230591495,0.174866947,0
P395E,2.848512929,0.408937597,1
P395F,2.479833065,0.355599324,0
P395G,2.477256585,0.355226575,0
P395H,2.247783999,0.322027931,0
P395I,1.782106513,0.254656655,0
P395K,2.308056159,0.330747726,0
P395L,1.42140162,0.20247215,0
P395M,2.090034757,0.299205767,0
P395N,2.204946978,0.315830541,0
P395Q,1.522003369,0.217026575,0
P395R,1.738323919,0.248322466,0
P395S,2.609346411,0.374336496,0
P395T,2.92567872,0.420101456,1
P395V,2.846128615,0.408592649,1
P395W,1.727931175,0.246818909,0
P395Y,2.394170202,0.343206162,0
S396A,3.094225177,0.444485692,1
S396C,2.335527347,0.334722084,0
S396D,1.95167202,0.279188321,0
S396E,2.195002099,0.314391779,0
S396F,3.176890293,0.456445159,1
S396G,3.283307479,0.471840925,1
S396H,2.557839736,0.366884836,0
S396I,1.917045975,0.274178843,0
S396K,3.029306619,0.435093685,1
S396L,1.319520058,0.187732569,0
S396M,2.389610762,0.342546531,0
S396N,2.461450585,0.352939863,0
S396P,3.98008989,0.572647001,1
S396Q,1.856369436,0.265400545,0
S396R,2.114031452,0.302677458,0
S396T,4.517515409,0.65039833,1
S396V,1.279907975,0.182001744,0
S396W,2.506967872,0.359525016,0
S396Y,2.694090531,0.38659674,0
D397A,1.238978217,0.176080285,0
D397C,1.933930518,0.276621592,0
D397E,2.543210661,0.364768394,0
D397F,4.394112761,0.632545214,1
D397G,3.257838137,0.468156181,1
D397H,2.259335176,0.323699082,0
D397I,2.283378519,0.327177521,0
D397K,1.736095027,0.248000004,0
D397L,2.184119372,0.312817335,0
D397M,2.302431944,0.32993405,0
D397N,2.715135303,0.389641365,0
D397P,2.322183746,0.332791616,0
D397Q,2.492662602,0.35745542,0
D397R,1.897784932,0.271392277,0
D397S,3.080715336,0.442531174,1
D397T,1.595780824,0.227700231,0
D397V,2.511217486,0.360139823,0
D397W,2.244970446,0.321620884,0
D397Y,2.520233369,0.361444184,0
N398A,1.662823497,0.237399542,0
N398C,2.438846591,0.349669659,0
N398D,2.795068047,0.401205529,0
N398E,2.625576573,0.376684573,0
N398F,1.880941046,0.26895541,0
N398G,1.919285927,0.274502906,0
N398H,2.538985705,0.364157154,0
N398I,0.909511755,0.128415159,0
N398K,1.414468598,0.201469124,0
N398M,3.996842699,0.575070692,1
N398P,2.073833106,0.296861815,0
N398Q,1.569146453,0.223846939,0
N398R,1.261162803,0.17928981,0
N398S,1.954455524,0.279591021,0
N398T,2.121783515,0.303798977,0
N398V,2.714788974,0.38959126,0
N398W,2.234793513,0.32014855,0
N398Y,1.914175817,0.273763607,0
I399A,1.542581871,0.220003743,0
I399C,1.601097777,0.228469455,0
I399D,2.305884633,0.330433564,0
I399E,1.963907074,0.280958411,0
I399F,1.189747839,0.168957945,0
I399G,2.066963142,0.295867912,0
I399H,3.109010406,0.446624726,1
I399K,2.175829669,0.311618033,0
I399L,1.966745652,0.281369079,0
I399M,1.519530158,0.216668767,0
I399N,2.221632178,0.318244451,0
I399P,2.107467437,0.301727817,0
I399Q,2.648079937,0.379940218,0
I399R,2.124922988,0.304253176,0
I399S,1.453944193,0.207180204,0
I399T,1.649713759,0.235502908,0
I399V,1.233285442,0.17525669,0
I399W,2.188860249,0.313503215,0
I399Y,2.573861424,0.369202752,0
D400A,2.626905606,0.376876849,0
D400C,2.029544814,0.290454465,0
D400E,2.969349642,0.426419489,1
D400F,1.904588758,0.272376612,0
D400G,1.796909035,0.25679819,0
D400H,2.301086763,0.329739438,0
D400I,2.855910332,0.410007806,1
D400K,2.159302763,0.309227025,0
D400L,1.462202844,0.208375013,0
D400M,3.311329848,0.475895024,1
D400N,2.299719952,0.329541696,0
D400P,1.470878001,0.20963008,0
D400Q,2.505681695,0.35933894,0
D400R,2.459894435,0.352714729,0
D400S,3.466360928,0.498323941,1
D400T,2.789299652,0.400370994,0
D400V,1.512705562,0.215681427,0
D400W,1.802273873,0.257574341,0
D400Y,3.575382244,0.514096456,1
S401A,2.283528338,0.327199196,0
S401C,1.462171267,0.208370445,0
S401D,3.476670724,0.499815497,1
S401E,2.102904321,0.301067655,0
S401F,2.41629228,0.346406644,0
S401G,2.468353005,0.353938461,0
S401H,1.695059619,0.24206326,0
S401I,2.114858663,0.302797133,0
S401K,2.297767339,0.329259205,0
S401L,2.02834213,0.290280468,0
S401M,1.13316353,0.160771684,0
S401N,0.833769222,0.117457208,0
S401P,3.214630871,0.461905227,1
S401Q,3.106516938,0.446263986,1
S401R,1.908342231,0.272919641,0
S401T,2.438971275,0.349687698,0
S401V,2.572832193,0.36905385,0
S401W,2.600470527,0.373052389,0
S401Y,1.101397875,0.15617603,0
Q402A,2.186191022,0.313117048,0
Q402C,2.299546602,0.329516617,0
Q402D,2.032422218,0.290870749,0
Q402E,5.266338997,0.758733395,1
Q402F,1.739240191,0.248455026,0
Q402G,1.937735251,0.277172037,0
Q402H,2.759544103,0.396066149,0
Q402I,1.719295461,0.245569549,0
Q402K,2.54681078,0.365289236,0
Q402L,2.527630489,0.362514353,0
Q402M,3.075380582,0.441759375,1
Q402N,1.978650858,0.283091449,0
Q402P,2.612369534,0.374773862,0
Q402R,2.214264844,0.317178591,0
Q402S,3.247801426,0.466704133,1
Q402T,2.090500073,0.299273086,0
Q402V,3.357137198,0.482522142,1
Q402W,3.241894229,0.465849518,1
Q402Y,1.386586097,0.19743526,0
G403A,3.305205126,0.475008938,1
G403C,3.295265474,0.473570932,1
G403D,3.233029356,0.464567004,1
G403E,1.951012335,0.279092882,0
G403F,1.920605705,0.274693843,0
G403H,1.824477892,0.260786678,0
G403I,2.326026702,0.333347591,0
G403K,1.802809491,0.257651831,0
G403L,1.614972817,0.230476808,0
G403M,1.172041624,0.166396321,0
G403N,1.716523857,0.24516857,0
G403P,4.605762666,0.663165385,1
G403Q,1.522677094,0.217124046,0
G403R,1.906184999,0.272607546,0
G403S,2.294688349,0.328813756,0
G403T,1.767587138,0.252556083,0
G403V,2.97684168,0.42750339,1
G403W,1.253290901,0.178150953,0
G403Y,1.614470172,0.230404088,0
R404A,1.754001707,0.250590629,0
R404C,2.669216521,0.382998125,0
R404D,1.946769583,0.278479067,0
R404E,2.103549371,0.301160976,0
R404F,2.180745608,0.31232924,0
R404G,3.517263264,0.50568817,1
R404H,2.240205941,0.320931585,0
R404I,2.817500493,0.404450913,1
R404K,2.739355055,0.393145325,0
R404L,1.681530259,0.240105918,0
R404M,2.362481008,0.338621569,0
R404N,1.374097731,0.195628522,0
R404P,1.740589256,0.2486502,0
R404Q,1.882858414,0.269232803,0
R404S,3.376313662,0.485296472,1
R404T,1.840025768,0.263036047,0
R404V,1.131955419,0.160596903,0
R404W,2.599587807,0.372924683,0
R404Y,1.327727293,0.18891994,0
N405A,3.491136643,0.501908335,1
N405C,2.531642558,0.363094794,0
N405D,2.076146556,0.29719651,0
N405E,1.431388114,0.203916933,0
N405F,3.466102571,0.498286564,1
N405G,2.739432272,0.393156497,0
N405H,2.157678748,0.308992073,0
N405I,3.063910864,0.440100009,1
N405K,2.440871388,0.349962594,0
N405L,2.498596366,0.358313879,0
N405M,1.594142526,0.227463213,0
N405P,1.667172528,0.238028732,0
N405Q,2.283325114,0.327169795,0
N405R,1.35176821,0.192398028,0
N405S,3.430549323,0.493142944,1
N405T,2.565268559,0.367959591,0
N405V,2.843129002,0.408158684,1
N405W,1.653266153,0.236016846,0
N405Y,1.864589613,0.266589788,0
C406A,1.993374377,0.285221554,0
C406D,2.405402325,0.344831154,0
C406E,2.046988316,0.29297808,0
C406F,2.284143855,0.327288245,0
C406G,3.350785204,0.481603176,1
C406H,3.434535458,0.493719633,1
C406I,2.452832045,0.351692987,0
C406K,3.189480124,0.458266576,1
C406L,2.18952462,0.313599332,0
C406M,1.007714859,0.142622563,0
C406N,2.09526213,0.299962031,0
C406P,4.061077038,0.58436371,1
C406Q,2.013802339,0.288176943,0
C406R,0.752613877,0.105716165,0
C406S,2.578235166,0.369835518,0
C406T,1.068994421,0.151488103,0
C406V,2.878286964,0.413245116,1
C406W,1.966457726,0.281327423,0
C406Y,1.986823802,0.284273859,0
S407A,2.565337878,0.36796962,0
S407C,1.725665557,0.246491134,0
S407D,2.588363703,0.371300851,0
S407E,1.490135326,0.212416108,0
S407F,2.250429281,0.322410634,0
S407G,2.093983922,0.299777108,0
S407H,2.793688637,0.401005965,0
S407I,3.846218699,0.553279363,1
S407K,2.382788408,0.341559516,0
S407L,1.745710986,0.24939118,0
S407M,1.966155516,0.281283702,0
S407N,1.761938864,0.251738927,0
S407P,2.024130809,0.289671201,0
S407Q,6.069334772,0.87490575,1
S407R,2.368079839,0.339431573,0
S407T,1.547928495,0.220777259,0
S407V,5.026099863,0.723977115,1
S407W,2.056695425,0.294382443,0
S407Y,2.468217105,0.3539188,0
T408A,1.495288183,0.213161591,0
T408C,1.948276044,0.278697013,0
T408D,2.171409946,0.310978616,0
T408E,1.661741411,0.237242992,0
T408F,2.387896996,0.342298594,0
T408G,2.816836418,0.404354839,1
T408H,3.447001336,0.495523118,1
T408I,2.784835596,0.399725163,0
T408K,2.074553135,0.296965984,0
T408L,1.974377199,0.282473163,0
T408M,3.21587784,0.462085631,1
T408N,2.304320205,0.330207232,0
T408P,2.318870085,0.332312217,0
T408Q,2.421757347,0.347197296,0
T408R,2.740702,0.393340193,0
T408S,2.14330372,0.306912384,0
T408V,2.527430134,0.362485367,0
T408W,2.033159309,0.290977387,0
T408Y,2.889709563,0.414897665,1
N409A,2.502358732,0.358858195,0
N409C,2.042893403,0.292385654,0
N409D,1.973790067,0.28238822,0
N409E,2.5935681,0.37205379,0
N409F,3.00219143,0.431170831,1
N409G,2.45109279,0.351441362,0
N409H,2.713712845,0.389435572,0
N409I,1.056184576,0.149634856,0
N409K,2.981607068,0.428192816,1
N409L,2.919805852,0.419251806,1
N409M,3.564809061,0.512566795,1
N409P,2.24051872,0.320976836,0
N409Q,2.350403798,0.336874315,0
N409R,2.145359715,0.307209833,0
N409S,2.059777993,0.29482841,0
N409T,1.819690205,0.260094026,0
N409V,3.491237905,0.501922985,1
N409W,2.530291293,0.362899301,0
N409Y,1.972407077,0.282188138,0
D410A,2.66883087,0.382942332,0
D410C,3.945354837,0.567621753,1
D410E,2.62357653,0.37639522,0
D410F,2.230658228,0.319550283,0
D410G,1.404917097,0.200087273,0
D410H,2.514792618,0.360657051,0
D410I,1.104895764,0.156682083,0
D410K,1.630366813,0.232703914,0
D410L,1.288226432,0.183205205,0
D410M,3.378443954,0.485604669,1
D410N,2.641100458,0.378930471,0
D410P,1.800705453,0.257347432,0
D410Q,3.776911626,0.543252454,1
D410R,2.836824049,0.407246523,1
D410S,3.584323698,0.515390049,1
D410T,2.458169306,0.352465148,0
D410V,3.245707449,0.46640119,1
D410W,2.714016509,0.389479505,0
D410Y,2.222305022,0.318341794,0
S411A,2.550528852,0.365827143,0
S411C,2.270913986,0.325374231,0
S411D,2.082427808,0.298105242,0
S411E,3.035138966,0.435937473,1
S411F,4.895196269,0.70503881,1
S411G,2.524548457,0.362068464,0
S411H,3.671444416,0.527994124,1
S411I,2.003388959,0.286670401,0
S411K,2.152154161,0.30819281,0
S411L,2.917343896,0.418895626,1
S411M,1.316186042,0.187250225,0
S411N,4.615650863,0.664595947,1
S411P,2.305064109,0.330314855,0
S411Q,1.989737435,0.284695385,0
S411R,2.828480586,0.406039444,1
S411T,3.378135034,0.485559976,1
S411V,2.452689586,0.351672377,0
S411W,2.766728621,0.39710556,0
S411Y,1.758132594,0.25118826,0
L412A,2.777710336,0.398694325,0
L412C,3.083215894,0.442892939,1
L412D,3.848042307,0.553543191,1
L412E,1.90792981,0.272859974,0
L412F,2.501315915,0.358707327,0
L412G,2.199284639,0.31501135,0
L412H,1.599011896,0.228167682,0
L412I,1.540670209,0.219727176,0
L412K,2.026763507,0.290052083,0
L412N,1.471702846,0.209749414,0
L412P,1.814151727,0.259292754,0
L412Q,1.883982587,0.269395441,0
L412R,2.792887252,0.400890025,0
L412S,2.349270482,0.336710354,0
L412T,2.339216515,0.33525581,0
L412V,2.316900163,0.332027221,0
L412W,3.080471305,0.442495869,1
L412Y,1.492640869,0.212778594,0
L413A,2.941095743,0.422331893,1
L413C,3.802750794,0.546990701,1
L413D,3.337604414,0.479696262,1
L413E,2.613271284,0.374904322,0
L413F,4.17674087,0.601097223,1
L413G,4.28602693,0.616908039,1
L413H,4.861068367,0.700101401,1
L413I,3.091187593,0.444046234,1
L413K,1.394678041,0.198605951,0
L413M,3.197497761,0.459426517,1
L413N,3.573700517,0.513853155,1
L413P,5.561090413,0.801376167,1
L413Q,2.355501932,0.337611881,0
L413R,0.831572983,0.11713947,0
L413S,3.905336288,0.561832123,1
L413T,2.842418418,0.408055881,1
L413V,2.413003421,0.345930833,0
L413W,0.599838662,0.083613612,0
L413Y,3.825121762,0.550227192,1
