variant,activity,activity_scaled,activity_binary
K2A,0.000721119,0.000732913,0
K2C,0.004912761,0.004997391,0
K2D,0.006140517,0.006246481,0
K2E,0.003538079,0.003598822,0
K2F,0.041669885,0.042393222,0
K2G,0.000423191,0.000429808,0
K2H,0.026211518,0.026666244,0
K2I,0.183145354,0.186327029,1
K2L,0.048994654,0.049845269,0
K2M,0.004175256,0.00424707,0
K2N,0.081285063,0.08269677,0
K2P,0.000981586,0.000997906,0
K2Q,0.019016762,0.019346469,0
K2R,0.039747269,0.040437198,0
K2S,0.003675736,0.003738871,0
K2T,0.01061603,0.010799762,0
K2V,0.046855499,0.047668943,0
K2W,0.073705975,0.074985985,0
K2Y,0.140913137,0.143360967,1
T3A,0.008440419,0.008586347,0
T3C,0.047616655,0.048443326,0
T3D,0.012005264,0.012213136,0
T3E,0.047476072,0.0483003,0
T3F,0.041088586,0.041801822,0
T3G,0.0000842,0.0000849,0
T3H,0.041505406,0.042225885,0
T3I,0.027245501,0.027718194,0
T3K,0.05192326,0.052824764,0
T3L,0.052499164,0.053410675,0
T3M,0.005308916,0.005400429,0
T3N,0.215497901,0.219241748,1
T3P,0.057491084,0.058489337,0
T3Q,0.071357761,0.072596967,0
T3R,0.05786362,0.058868346,0
T3S,0.035730677,0.036350812,0
T3V,0.009744154,0.009912736,0
T3W,0.058046365,0.059054267,0
T3Y,0.074335842,0.075626797,0
I4A,0.192305089,0.195645927,1
I4C,0.163236372,0.1660721,1
I4D,0.003429363,0.003488216,0
I4E,0.014544322,0.014796314,0
I4F,0.018176144,0.018491244,0
I4G,0.064689578,0.065812915,0
I4H,0.014806302,0.015062846,0
I4K,0.034211582,0.03480532,0
I4L,0.013902692,0.014143535,0
I4M,0.046332279,0.047136632,0
I4N,0.017701039,0.018007883,0
I4P,0.010815142,0.011002334,0
I4Q,0.011751801,0.011955269,0
I4R,0.003250424,0.003306168,0
I4S,0.038057449,0.038718015,0
I4T,0.017016672,0.017311624,0
I4V,0.195068817,0.198457679,1
I4W,0.004480653,0.004557774,0
I4Y,0.068939481,0.070136666,0
I5A,0.022887688,0.023284658,0
I5C,0.025577835,0.02602155,0
I5D,0.00342967,0.003488529,0
I5E,0.000693069,0.000704375,0
I5F,0.075741976,0.077057364,0
I5G,0.062672691,0.063760982,0
I5H,0.000253633,0.000257304,0
I5K,0.008305833,0.008449422,0
I5L,0.069285612,0.070488812,0
I5M,0.022869575,0.02326623,0
I5N,0.007413395,0.007541477,0
I5P,0.000688808,0.00070004,0
I5Q,0.001339704,0.001362247,0
I5R,0.001050581,0.0010681,0
I5S,0.0080567,0.00819596,0
I5T,0.029071897,0.029576326,0
I5V,0.007088869,0.007211312,0
I5W,0.384451368,0.391131022,1
I5Y,0.045036145,0.045817976,0
A6C,0.098218833,0.099924789,0
A6D,0.010383355,0.010563044,0
A6E,0.047036272,0.047852858,0
A6F,0.009766575,0.009935547,0
A6G,0.06678369,0.067943415,0
A6H,0.009322506,0.009483761,0
A6I,0.010927081,0.011116218,0
A6K,0.002429473,0.002470952,0
A6L,0.01193908,0.012145802,0
A6M,0.068910824,0.070107511,0
A6N,0.012626201,0.012844863,0
A6P,0.002919302,0.002969292,0
A6Q,0.005234848,0.005325074,0
A6R,0.005232507,0.005322693,0
A6S,0.041046424,0.041758928,0
A6T,0.105031799,0.10685614,1
A6V,0.006624717,0.006739094,0
A6W,0.014514663,0.014766139,0
A6Y,0.008113018,0.008253257,0
L7A,0.017597048,0.017902085,0
L7C,0.010171935,0.01034795,0
L7D,0.06329168,0.064390727,0
L7E,0.058506663,0.059522563,0
L7F,0.297818205,0.302992484,1
L7G,0.047340742,0.048162618,0
L7H,0.014045036,0.014288352,0
L7I,0.067889938,0.069068886,0
L7K,0.002124119,0.002160292,0
L7M,0.046791998,0.047604339,0
L7N,0.062795322,0.063885744,0
L7P,0.01482784,0.015084758,0
L7Q,0.001877254,0.001909137,0
L7R,0.000176908,0.000179245,0
L7S,0.04738249,0.048205092,0
L7T,0.025233583,0.025671316,0
L7V,0.013488918,0.013722571,0
L7W,0.130706674,0.132977152,1
L7Y,0.037578734,0.038230981,0
S8A,0.096878293,0.098560955,0
S8C,0.177185803,0.180263922,1
S8D,0.001946846,0.001979939,0
S8E,0.016881583,0.017174188,0
S8F,0.035452733,0.036068038,0
S8G,0.108628565,0.110515405,1
S8H,0.035200017,0.035810931,0
S8I,0.098464526,0.100174751,0
S8K,0.001469533,0.001494332,0
S8L,0.010050339,0.010224241,0
S8M,0.024665752,0.025093618,0
S8N,0.01886719,0.019194298,0
S8P,0.015388665,0.015655328,0
S8Q,0.06202552,0.063102565,0
S8R,0.00175611,0.001785888,0
S8T,0.022737074,0.023131426,0
S8V,0.025759243,0.02620611,0
S8W,0.014466557,0.014717197,0
S8Y,0.048320016,0.049158909,0
Y9A,0.044641599,0.045416574,0
Y9C,0.018287959,0.018605002,0
Y9D,0.188526646,0.191801829,1
Y9E,0.039993126,0.040687327,0
Y9F,0.025857173,0.026305742,0
Y9G,0.029383765,0.029893613,0
Y9H,0.00253972,0.002583115,0
Y9I,0.022186812,0.022571603,0
Y9K,0.080210683,0.081603721,0
Y9L,0.03724655,0.037893025,0
Y9M,0.059777108,0.060815084,0
Y9N,0.014523445,0.014775074,0
Y9P,0.051774949,0.052673876,0
Y9Q,0.011825945,0.012030701,0
Y9R,0.064659481,0.065782295,0
Y9S,0.021168533,0.02153563,0
Y9T,0.035922902,0.036546377,0
Y9V,0.123694633,0.125843267,1
Y9W,0.080012484,0.081402078,0
I10A,0.009836614,0.010006803,0
I10C,0.049268136,0.050123503,0
I10D,0.004384031,0.004459473,0
I10E,0.118073057,0.120124008,1
I10F,0.03418784,0.034781166,0
I10G,0.035209648,0.035820729,0
I10H,0.0206421,0.021000049,0
I10K,0.005100565,0.005188458,0
I10L,0.013804925,0.014044069,0
I10M,0.09991418,0.101649595,0
I10N,0.267584533,0.272233459,1
I10P,0.051098591,0.051985765,0
I10Q,0.038712521,0.03938447,0
I10R,0.00240292,0.002443938,0
I10S,0.004049011,0.004118632,0
I10T,0.13992023,0.142350807,1
I10V,0.00079955,0.000812707,0
I10W,0.066752603,0.067911788,0
I10Y,0.008759478,0.00891095,0
L11A,0.01072962,0.010915326,0
L11C,0.038964291,0.039640615,0
L11D,0.030741823,0.031275269,0
L11E,0.039542579,0.040228951,0
L11F,0.044065073,0.04483003,0
L11G,0.040511133,0.041214335,0
L11H,0.069383288,0.070588185,0
L11I,0.291368973,0.296431188,1
L11K,0.107096096,0.108956307,1
L11M,0.043580314,0.044336847,0
L11N,0.016661296,0.016950073,0
L11P,0.071915357,0.073164252,0
L11Q,0.064123298,0.065236795,0
L11R,0.021970991,0.022352032,0
L11S,0.006768093,0.006884962,0
L11T,0.006912161,0.007031533,0
L11V,0.018531252,0.018852522,0
L11W,0.011690567,0.011892971,0
L11Y,0.020193489,0.020543643,0
C12A,0.022067814,0.022450537,0
C12D,0.102925765,0.10471351,1
C12E,0.070937093,0.07216899,0
C12F,0.076978186,0.078315055,0
C12G,0.014171308,0.014416818,0
C12H,0.011490382,0.011689307,0
C12I,0.093971927,0.095604087,0
C12K,0.115779231,0.117790324,1
C12L,0.037295836,0.037943168,0
C12M,0.040603457,0.041308263,0
C12N,0.021939801,0.0223203,0
C12P,0.068222114,0.069406834,0
C12Q,0.028780416,0.02927978,0
C12R,0.028667973,0.029165383,0
C12S,0.054136197,0.055076154,0
C12T,0.092100687,0.093700331,0
C12V,0.009044773,0.009201202,0
C12W,0.038523341,0.039192002,0
C12Y,0.046899465,0.047713673,0
L13A,0.011105604,0.011297843,0
L13C,0.029076596,0.029581107,0
L13D,0.253608176,0.258014243,1
L13E,0.044265056,0.045033488,0
L13F,0.059873866,0.060913523,0
L13G,0.010388024,0.010567794,0
L13H,0.036917065,0.037557815,0
L13I,0.027487657,0.027964558,0
L13K,0.029372507,0.02988216,0
L13M,0.052787962,0.053704491,0
L13N,0.040600408,0.041305161,0
L13P,0.009020903,0.009176917,0
L13Q,0.035879841,0.036502568,0
L13R,0.107945544,0.109820515,1
L13S,0.033836261,0.034423478,0
L13T,0.042553459,0.043292149,0
L13V,0.091088076,0.092670125,0
L13W,0.021248806,0.021617298,0
L13Y,0.046840145,0.047653323,0
V14A,0.02836375,0.028855874,0
V14C,0.051612818,0.052508928,0
V14D,0.014064147,0.014307795,0
V14E,0.00353167,0.003592301,0
V14F,0.001148849,0.001168075,0
V14G,0.136074294,0.138438042,1
V14H,0.001924948,0.00195766,0
V14I,0.055810411,0.05677946,0
V14K,0.000461103,0.000468379,0
V14L,0.019010807,0.01934041,0
V14M,0.00899478,0.009150341,0
V14N,0.109056708,0.110950987,1
V14P,0.001807228,0.001837895,0
V14Q,0.002289323,0.002328367,0
V14R,0.009175856,0.009334563,0
V14S,0.184360135,0.187562919,1
V14T,0.181240569,0.184389146,1
V14W,0.002182838,0.002220031,0
V14Y,0.005790281,0.005890159,0
F15A,0.038476071,0.039143911,0
F15C,0.055411367,0.056373482,0
F15D,0.033997458,0.034587476,0
F15E,0.041650897,0.042373904,0
F15G,0.083428289,0.084877238,0
F15H,0.07110171,0.072336467,0
F15I,0.093213708,0.094832692,0
F15K,0.05485265,0.055805056,0
F15L,0.030330183,0.030856477,0
F15M,0.087830562,0.089356007,0
F15N,0.020548657,0.020904983,0
F15P,0.016199174,0.016479921,0
F15Q,0.017039856,0.017335211,0
F15R,0.040260965,0.04095982,0
F15S,0.045345462,0.046132667,0
F15T,0.02933725,0.02984629,0
F15V,0.043592073,0.044348811,0
F15W,0.063392928,0.064493734,0
F15Y,0.095639917,0.09730106,0
A16C,0.073360739,0.07463475,0
A16D,0.01302496,0.013250551,0
A16E,0.002679377,0.002725198,0
A16F,0.014904718,0.015162972,0
A16G,0.067182829,0.06834949,0
A16H,0.000778887,0.000791685,0
A16I,0.021553711,0.021927501,0
A16K,0.001625347,0.001652853,0
A16L,0.00181111,0.001841844,0
A16M,0.047975547,0.048808454,0
A16N,0.002965213,0.003016001,0
A16P,0.015577883,0.015847834,0
A16Q,0.003769069,0.003833825,0
A16R,0.000113887,0.000115129,0
A16S,0.244322412,0.248567126,1
A16T,0.096484263,0.098160078,0
A16V,0.017987684,0.018299509,0
A16W,0.007747244,0.007881127,0
A16Y,0.001867416,0.001899128,0
Q17A,0.042334138,0.043069017,0
Q17C,0.00223242,0.002270475,0
Q17D,0.076286935,0.077611793,0
Q17E,0.031512298,0.032059133,0
Q17F,0.008822123,0.008974683,0
Q17G,0.008285239,0.00842847,0
Q17H,0.058001697,0.059008823,0
Q17I,0.072581077,0.07384154,0
Q17K,0.061808244,0.062881514,0
Q17L,0.031625063,0.032173857,0
Q17M,0.02732302,0.02779706,0
Q17N,0.184757695,0.187967387,1
Q17P,0.0000425,0.0000425,0
Q17R,0.053429218,0.05435689,0
Q17S,0.046608545,0.047417698,0
Q17T,0.067932824,0.069112517,0
Q17V,0.069093811,0.070293678,0
Q17W,0.018870128,0.019197287,0
Q17Y,0.04996517,0.050832649,0
K18A,0.053133827,0.054056366,0
K18C,0.026316829,0.026773385,0
K18D,0.071560344,0.07280307,0
K18E,0.147939818,0.150509747,1
K18F,0.000460544,0.00046781,0
K18G,0.051753352,0.052651904,0
K18H,0.149216175,0.151808282,1
K18I,0.000109333,0.000110496,0
K18L,0.000138448,0.000140117,0
K18M,0.004677777,0.004758323,0
K18N,0.110573645,0.112494283,1
K18P,0.020070173,0.020418184,0
K18Q,0.06641384,0.067567139,0
K18R,0.044841611,0.045620061,0
K18S,0.049483296,0.050342402,0
K18T,0.040849641,0.041558725,0
K18V,0.0000428,0.0000428,0
K18W,0.020490387,0.0208457,0
K18Y,0.019477858,0.019815577,0
L19A,0.035704211,0.036323886,0
L19C,0.003887842,0.003954662,0
L19D,0.086714165,0.088220211,0
L19E,0.05735403,0.058349901,0
L19F,0.049251408,0.050106485,0
L19G,0.020886716,0.021248916,0
L19H,0.006850437,0.006968737,0
L19I,0.135372906,0.137724467,1
L19K,0.014517677,0.014769206,0
L19M,0.062431374,0.063515472,0
L19N,0.044462302,0.045234161,0
L19P,0.039685986,0.04037485,0
L19Q,0.021182415,0.021549753,0
L19R,0.017784091,0.018092378,0
L19S,0.02834881,0.028840674,0
L19T,0.044381997,0.045152461,0
L19V,0.026226674,0.026681663,0
L19W,0.137829529,0.140223777,1
L19Y,0.098916806,0.10063489,0
P20A,0.023845498,0.024259111,0
P20C,0.021445951,0.021817868,0
P20D,0.031094024,0.03163359,0
P20E,0.012907339,0.013130886,0
P20F,0.017664624,0.017970835,0
P20G,0.02321532,0.023617983,0
P20H,0.156263613,0.158978179,1
P20I,0.025315242,0.025754394,0
P20K,0.063768943,0.064876283,0
P20L,0.085012324,0.086488798,0
P20M,0.096867397,0.098549869,0
P20N,0.064141883,0.065255703,0
P20Q,0.084876683,0.0863508,0
P20R,0.00660463,0.006718658,0
P20S,0.015315486,0.015580878,0
P20T,0.065449811,0.066586358,0
P20V,0.075658079,0.076972009,0
P20W,0.063370341,0.064470754,0
P20Y,0.029712102,0.030227656,0
G21A,0.027964937,0.028450131,0
G21C,0.002935063,0.002985327,0
G21D,0.033801934,0.034388554,0
G21E,0.014106115,0.014350492,0
G21F,0.030164114,0.030687522,0
G21H,0.034687627,0.035289637,0
G21I,0.090842679,0.092420463,0
G21K,0.002961348,0.003012069,0
G21L,0.079282759,0.080659673,0
G21M,0.337095856,0.34295264,1
G21N,0.03826124,0.038925347,0
G21P,0.011173439,0.011366857,0
G21Q,0.010187971,0.010364265,0
G21R,0.017693728,0.018000445,0
G21S,0.023609881,0.0240194,0
G21T,0.018526089,0.01884727,0
G21V,0.083545636,0.084996624,0
G21W,0.045968794,0.046766831,0
G21Y,0.063456614,0.064558527,0
N22A,0.019454948,0.019792269,0
N22C,0.00261412,0.002658807,0
N22D,0.040582938,0.041287388,0
N22E,0.128913497,0.131152816,1
N22F,0.021599208,0.021973788,0
N22G,0.064157142,0.065271227,0
N22H,0.067495548,0.068667643,0
N22I,0.040555472,0.041259445,0
N22K,0.015961215,0.016237827,0
N22L,0.038678893,0.039350257,0
N22M,0.192444619,0.195787882,1
N22P,0.016716634,0.017006373,0
N22Q,0.01230227,0.012515303,0
N22R,0.00683709,0.006955158,0
N22S,0.083044589,0.084486871,0
N22T,0.027584651,0.028063237,0
N22V,0.019738613,0.020080863,0
N22W,0.110705397,0.112628324,1
N22Y,0.051964892,0.052867119,0
D23A,0.005701465,0.005799799,0
D23C,0.005324554,0.005416339,0
D23E,0.050876358,0.051759671,0
D23F,0.030855225,0.031390642,0
D23G,0.014015716,0.014258522,0
D23H,0.052707692,0.053622827,0
D23I,0.039550099,0.040236602,0
D23K,0.004718094,0.004799341,0
D23L,0.020618741,0.020976284,0
D23M,0.077216546,0.078557557,0
D23N,0.148588506,0.151169706,1
D23P,0.01399865,0.01424116,0
D23Q,0.029586886,0.030100264,0
D23R,0.002972916,0.003023838,0
D23S,0.052773627,0.053689907,0
D23T,0.027294093,0.02776763,0
D23V,0.018173966,0.018489028,0
D23W,0.0044061,0.004481926,0
D23Y,0.338624766,0.344508117,1
N24A,0.019194856,0.019527657,0
N24C,0.001873365,0.001905181,0
N24D,0.122752988,0.12488526,1
N24E,0.051943582,0.052845439,0
N24F,0.037601878,0.038254528,0
N24G,0.02957909,0.030092332,0
N24H,0.067461047,0.068632542,0
N24I,0.20320235,0.206732544,1
N24K,0.057055807,0.058046496,0
N24L,0.055488368,0.056451821,0
N24M,0.093538675,0.095163306,0
N24P,0.063595689,0.064700018,0
N24Q,0.051813866,0.052713469,0
N24R,0.026115898,0.026568962,0
N24S,0.006117594,0.006223159,0
N24T,0.00360047,0.003662297,0
N24V,0.027377894,0.027852887,0
N24W,0.014706832,0.014961648,0
N24Y,0.052501442,0.053412993,0
S25A,0.048353778,0.049193257,0
S25C,0.004220241,0.004292837,0
S25D,0.062001483,0.063078111,0
S25E,0.180548527,0.183685078,1
S25F,0.068686722,0.069879515,0
S25G,0.032731543,0.033299564,0
S25H,0.018491335,0.018811912,0
S25I,0.037301552,0.037948983,0
S25K,0.09470062,0.096345442,0
S25L,0.031454322,0.032000149,0
S25M,0.081221954,0.082632565,0
S25N,0.040365586,0.041066259,0
S25P,0.093847006,0.095476995,0
S25Q,0.021982671,0.022363915,0
S25R,0.078511104,0.07987461,0
S25T,0.020911317,0.021273944,0
S25V,0.018802934,0.019128925,0
S25W,0.01587625,0.016151386,0
S25Y,0.017050171,0.017345705,0
T26A,0.038119819,0.038781469,0
T26C,0.032871799,0.033442257,0
T26D,0.019602353,0.019942235,0
T26E,0.052475173,0.053386267,0
T26F,0.061316371,0.062381094,0
T26G,0.034344293,0.034940337,0
T26H,0.035306693,0.035919461,0
T26I,0.083565936,0.085017277,0
T26K,0.055705253,0.056672475,0
T26L,0.107764705,0.109636534,1
T26M,0.157678213,0.16041736,1
T26N,0.006179145,0.00628578,0
T26P,0.006972552,0.007092973,0
T26Q,0.043162065,0.043911331,0
T26R,0.01097716,0.011167167,0
T26S,0.005380487,0.005473244,0
T26V,0.040498357,0.041201337,0
T26W,0.08215901,0.083585903,0
T26Y,0.059070728,0.06009643,0
A27C,0.002633913,0.002678944,0
A27D,0.003206439,0.003261419,0
A27E,0.021877283,0.022256695,0
A27F,0.009332754,0.009494187,0
A27G,0.030501657,0.03103093,0
A27H,0.003794843,0.003860047,0
A27I,0.00642476,0.006535663,0
A27K,0.008290635,0.00843396,0
A27L,0.0042366,0.00430948,0
A27M,0.023157004,0.023558653,0
A27N,0.008709565,0.00886017,0
A27P,0.102588428,0.104370312,1
A27Q,0.006982643,0.00710324,0
A27R,0.002926207,0.002976317,0
A27S,0.059703611,0.06074031,0
A27T,0.068285709,0.069471534,0
A27V,0.068424605,0.069612843,0
A27W,0.021251699,0.021620241,0
A27Y,0.011180643,0.011374186,0
T28A,0.036557888,0.037192397,0
T28C,0.018909205,0.019237043,0
T28D,0.018052447,0.018365397,0
T28E,0.016072216,0.016350757,0
T28F,0.218566734,0.222363906,1
T28G,0.010708594,0.010893935,0
T28H,0.041661646,0.04238484,0
T28I,0.058440759,0.059455514,0
T28K,0.03376246,0.034348394,0
T28L,0.065934179,0.067079143,0
T28M,0.116637982,0.118663997,1
T28N,0.005161637,0.005250591,0
T28P,0.002192152,0.002229507,0
T28Q,0.024601974,0.025028732,0
T28R,0.005049416,0.00513642,0
T28S,0.002304695,0.002344006,0
T28V,0.075417943,0.076727701,0
T28W,0.034534102,0.035133445,0
T28Y,0.062900189,0.063992433,0
L29A,0.001598087,0.001625119,0
L29C,0.009454785,0.009618339,0
L29D,0.004252611,0.00432577,0
L29E,0.006017131,0.006120951,0
L29F,0.022186542,0.022571328,0
L29G,0.000294311,0.000298688,0
L29H,0.001484582,0.001509642,0
L29I,0.071013261,0.072246481,0
L29K,0.004395801,0.004471448,0
L29M,0.029923443,0.030442669,0
L29N,0.002395972,0.002436869,0
L29P,0.000751438,0.000763759,0
L29Q,0.003394909,0.003453164,0
L29R,0.000422921,0.000429533,0
L29S,0.00494966,0.005034931,0
L29T,0.014559302,0.014811554,0
L29V,0.011548,0.011747926,0
L29W,0.005171054,0.005260172,0
L29Y,0.005333361,0.005425299,0
C30A,0.002485952,0.002528412,0
C30D,0.014814444,0.015071129,0
C30E,0.005344225,0.005436352,0
C30F,0.004643352,0.0047233,0
C30G,0.001271413,0.001292769,0
C30H,0.006550965,0.006664061,0
C30I,0.004200926,0.004273186,0
C30K,0.002603663,0.002648169,0
C30L,0.001585718,0.001612536,0
C30M,0.004847707,0.004931206,0
C30N,0.00232766,0.00236737,0
C30P,0.000784613,0.00079751,0
C30Q,0.002951785,0.00300234,0
C30R,0.002242328,0.002280555,0
C30S,0.002630081,0.002675046,0
C30T,0.002499025,0.002541713,0
C30V,0.000931824,0.000947279,0
C30W,0.001444284,0.001468644,0
C30Y,0.013545266,0.013779898,0
L31A,0.008382369,0.008527288,0
L31C,0.01824603,0.018562344,0
L31D,0.001751779,0.001781482,0
L31E,0.004144751,0.004216035,0
L31F,0.006117565,0.00622313,0
L31G,0.000413595,0.000420045,0
L31H,0.002498668,0.002541349,0
L31I,0.040518053,0.041221375,0
L31K,0.001723243,0.00175245,0
L31M,0.018184015,0.018499252,0
L31N,0.002476499,0.002518795,0
L31P,0.006246881,0.006354693,0
L31Q,0.00225976,0.00229829,0
L31R,0.008629089,0.008778295,0
L31S,0.001979532,0.002013193,0
L31T,0.016853575,0.017145693,0
L31V,0.166821144,0.169719163,1
L31W,0.006931341,0.007051046,0
L31Y,0.001455958,0.001480521,0
G32A,0.000496011,0.000503893,0
G32C,0.001546355,0.001572489,0
G32D,0.001387972,0.001411353,0
G32E,0.004083798,0.004154023,0
G32F,0.149852629,0.152455795,1
G32H,0.003506289,0.003566479,0
G32I,0.001593428,0.00162038,0
G32K,0.00090801,0.000923051,0
G32L,0.000667128,0.000677984,0
G32M,0.004335455,0.004410053,0
G32N,0.007046761,0.007168472,0
G32P,0.001783753,0.001814012,0
G32Q,0.005510447,0.005605462,0
G32R,0.014183582,0.014429305,0
G32S,0.002485588,0.002528042,0
G32T,0.001213485,0.001233834,0
G32V,0.003761909,0.003826541,0
G32W,0.008871029,0.009024439,0
G32Y,0.002560773,0.002604533,0
H33A,0.000373931,0.000379692,0
H33C,0.001405331,0.001429014,0
H33D,0.001484755,0.001509818,0
H33E,0.008143079,0.00828384,0
H33F,0.068983735,0.070181689,0
H33G,0.000553644,0.000562528,0
H33I,0.000843766,0.000857691,0
H33K,0.033510831,0.034092393,0
H33L,0.001696442,0.001725184,0
H33M,0.019991178,0.020337817,0
H33N,0.01084403,0.011031724,0
H33P,0.001272924,0.001294306,0
H33Q,0.008310905,0.008454582,0
H33R,0.137193676,0.139576875,1
H33S,0.000354617,0.000360042,0
H33T,0.001606341,0.001633517,0
H33V,0.004600275,0.004679475,0
H33W,0.008815503,0.008967948,0
H33Y,0.006415513,0.006526255,0
H34A,0.0024532,0.002495091,0
H34C,0.005562195,0.005658109,0
H34D,0.001205653,0.001225866,0
H34E,0.03628003,0.036909711,0
H34F,0.018068568,0.018381799,0
H34G,0.00231697,0.002356494,0
H34I,0.080287201,0.081681569,0
H34K,0.013424347,0.013656878,0
H34L,0.030156086,0.030679354,0
H34M,0.03956051,0.040247194,0
H34N,0.035005277,0.035612807,0
H34P,0.0059122,0.006014196,0
H34Q,0.041586596,0.042308486,0
H34R,0.007034163,0.007155655,0
H34S,0.003621512,0.003683704,0
H34T,0.030844368,0.031379596,0
H34V,0.038175735,0.038838356,0
H34W,0.046217673,0.047020034,0
H34Y,0.094950212,0.096599371,0
A35C,0.00994267,0.010114701,0
A35D,0.00080248,0.000815688,0
A35E,0.006936333,0.007056125,0
A35F,0.013348772,0.013579989,0
A35G,0.001064243,0.001081999,0
A35H,0.002182367,0.002219552,0
A35I,0.006226521,0.006333979,0
A35K,0.005537879,0.005633371,0
A35L,0.000890114,0.000904844,0
A35M,0.011046014,0.011237218,0
A35N,0.129104777,0.13134742,1
A35P,0.002386319,0.002427048,0
A35Q,0.004529118,0.004607081,0
A35R,0.002125973,0.002162178,0
A35S,0.134758781,0.13709967,1
A35T,0.091871341,0.093467,0
A35V,0.001702285,0.001731128,0
A35W,0.007947631,0.008084996,0
A35Y,0.055617889,0.056583593,0
V36A,0.020822166,0.021183244,0
V36C,0.002117951,0.002154017,0
V36D,0.001361759,0.001384685,0
V36E,0.005398724,0.005491798,0
V36F,0.082005336,0.083429559,0
V36G,0.001703455,0.001732318,0
V36H,0.004962221,0.00504771,0
V36I,0.028859491,0.029360229,0
V36K,0.017479362,0.017782354,0
V36L,0.060660552,0.061713879,0
V36M,0.010484683,0.010666133,0
V36N,0.012334493,0.012548086,0
V36P,0.006358952,0.006468711,0
V36Q,0.00293118,0.002981377,0
V36R,0.002760242,0.002807469,0
V36S,0.001990602,0.002024455,0
V36T,0.020248499,0.020599609,0
V36W,0.006982618,0.007103214,0
V36Y,0.007477651,0.007606849,0
P37A,0.06343614,0.064537697,0
P37C,0.013746325,0.01398445,0
P37D,0.007573571,0.007704436,0
P37E,0.001731137,0.001760481,0
P37F,0.043510864,0.044266191,0
P37G,0.014752309,0.015007915,0
P37H,0.133008399,0.135318873,1
P37I,0.018575222,0.018897256,0
P37K,0.058645717,0.059664033,0
P37L,0.059780327,0.060818359,0
P37M,0.08774559,0.089269558,0
P37N,0.017812977,0.018121766,0
P37Q,0.071638242,0.072882322,0
P37R,0.041386358,0.042104768,0
P37S,0.089581983,0.091137861,0
P37T,0.109212959,0.111109953,1
P37V,0.025659107,0.026104234,0
P37W,0.033922593,0.03451131,0
P37Y,0.005967476,0.006070433,0
N38A,0.045743704,0.046537829,0
N38C,0.002173666,0.0022107,0
N38D,0.026028626,0.026480174,0
N38E,0.088317819,0.08985173,0
N38F,0.002204297,0.002241863,0
N38G,0.006374564,0.006484595,0
N38H,0.232798384,0.236842851,1
N38I,0.0000879,0.0000887,0
N38K,0.052190051,0.053096191,0
N38L,0.058339578,0.059352575,0
N38M,0.003086159,0.003139049,0
N38P,0.000063,0.0000634,0
N38Q,0.105125939,0.106951915,1
N38R,0.064921034,0.066048393,0
N38S,0.015320454,0.015585932,0
N38T,0.044526991,0.045299974,0
N38V,0.001130475,0.001149382,0
N38W,0.01480276,0.015059242,0
N38Y,0.048796377,0.049643547,0
G39A,0.008491517,0.008638333,0
G39C,0.001885997,0.001918032,0
G39D,0.00283743,0.002885998,0
G39E,0.005354988,0.005447302,0
G39F,0.000693321,0.000704632,0
G39H,0.009426763,0.00958983,0
G39I,0.001232243,0.001252918,0
G39K,0.004050583,0.004120231,0
G39L,0.002221365,0.002259228,0
G39M,0.007851992,0.007987695,0
G39N,0.038836262,0.039510361,0
G39P,0.013581376,0.013816635,0
G39Q,0.004682178,0.004762801,0
G39R,0.00115647,0.001175829,0
G39S,0.001390388,0.001413811,0
G39T,0.001294904,0.001316668,0
G39V,0.015549107,0.015818558,0
G39W,0.003925623,0.0039931,0
G39Y,0.002778807,0.002826356,0
T40A,0.022345775,0.022733328,0
T40C,0.006901703,0.007020893,0
T40D,0.000834219,0.000847978,0
T40E,0.03058601,0.031116749,0
T40F,0.203879702,0.207421666,1
T40G,0.001586552,0.001613384,0
T40H,0.087792063,0.089316839,0
T40I,0.080850288,0.08225444,0
T40K,0.04905334,0.049904975,0
T40L,0.004219377,0.004291958,0
T40M,0.012389248,0.012603792,0
T40N,0.000545198,0.000553935,0
T40P,0.012521417,0.012738258,0
T40Q,0.067959152,0.069139303,0
T40R,0.001589175,0.001616053,0
T40S,0.010427183,0.010607634,0
T40V,0.117312075,0.119349803,1
T40W,0.011180624,0.011374167,0
T40Y,0.143926359,0.146426548,1
I41A,0.012663128,0.012882431,0
I41C,0.00995884,0.010131152,0
I41D,0.000866022,0.000880334,0
I41E,0.005180477,0.005269759,0
I41F,0.09347437,0.095097884,0
I41G,0.001834086,0.001865219,0
I41H,0.01179833,0.012002606,0
I41K,0.019123296,0.019454854,0
I41L,0.104730742,0.106549851,1
I41M,0.091592312,0.093183122,0
I41N,0.012131697,0.012341766,0
I41P,0.003217941,0.003273121,0
I41Q,0.012702355,0.01292234,0
I41R,0.035385989,0.036000134,0
I41S,0.01246979,0.012685734,0
I41T,0.000811245,0.000824605,0
I41V,0.100758763,0.102508854,1
I41W,0.218199807,0.221990603,1
I41Y,0.137920767,0.1403166,1
V42A,0.009962857,0.010135239,0
V42C,0.001308214,0.00133021,0
V42D,0.001247638,0.001268581,0
V42E,0.00477658,0.004858843,0
V42F,0.002755775,0.002802924,0
V42G,0.003346664,0.00340408,0
V42H,0.000362744,0.000368311,0
V42I,0.20548537,0.209055235,1
V42K,0.001371778,0.001394878,0
V42L,0.028252243,0.028742429,0
V42M,0.008361641,0.0085062,0
V42N,0.001611146,0.001638405,0
V42P,0.001652945,0.001680931,0
V42Q,0.000662617,0.000673394,0
V42R,0.002077271,0.00211263,0
V42S,0.000531052,0.000539543,0
V42T,0.000934286,0.000949784,0
V42W,0.001473403,0.001498269,0
V42Y,0.001602552,0.001629662,0
K43A,0.087216934,0.088731716,0
K43C,0.00100125,0.001017912,0
K43D,0.002078447,0.002113826,0
K43E,0.002565523,0.002609366,0
K43F,0.002317328,0.002356858,0
K43G,0.011713731,0.011916537,0
K43H,0.035153769,0.035763879,0
K43I,0.002267522,0.002306187,0
K43L,0.001669772,0.00169805,0
K43M,0.047433389,0.048256875,0
K43N,0.032992003,0.033564549,0
K43P,0.000401388,0.000407626,0
K43Q,0.216312489,0.22007049,1
K43R,0.209569951,0.213210791,1
K43S,0.045714799,0.046508422,0
K43T,0.051690727,0.05258819,0
K43V,0.00525046,0.005340958,0
K43W,0.004224494,0.004297164,0
K43Y,0.002709617,0.002755964,0
T44A,0.05801965,0.059027088,0
T44C,0.002266229,0.002304871,0
T44D,0.004393802,0.004469414,0
T44E,0.003451703,0.003510945,0
T44F,0.001340263,0.001362815,0
T44G,0.039598668,0.040286015,0
T44H,0.000623813,0.000633916,0
T44I,0.004453092,0.004529734,0
T44K,0.007572693,0.007703543,0
T44L,0.013447179,0.013680106,0
T44M,0.019101242,0.019432417,0
T44N,0.001945054,0.001978116,0
T44P,0.005629551,0.005726636,0
T44Q,0.006215925,0.006323199,0
T44R,0.002199599,0.002237084,0
T44S,0.148614688,0.151196343,1
T44V,0.012304928,0.012518007,0
T44W,0.001876215,0.00190808,0
T44Y,0.001915341,0.001947886,0
I45A,0.009621945,0.009788403,0
I45C,0.004192041,0.004264147,0
I45D,0.004369007,0.004444188,0
I45E,0.002273517,0.002312286,0
I45F,0.02044158,0.020796045,0
I45G,0.001573172,0.001599772,0
I45H,0.006306349,0.006415194,0
I45K,0.00374772,0.003812105,0
I45L,0.023695674,0.024106684,0
I45M,0.036342864,0.036973636,0
I45N,0.009567371,0.009732881,0
I45P,0.050533121,0.051410469,0
I45Q,0.002369298,0.002409731,0
I45R,0.00075371,0.00076607,0
I45S,0.012910163,0.013133759,0
I45T,0.00919963,0.00935875,0
I45V,0.258443956,0.262934051,1
I45W,0.081299671,0.082711632,0
I45Y,0.012909246,0.013132826,0
T46A,0.058881021,0.059903426,0
T46C,0.002502382,0.002545128,0
T46D,0.012528598,0.012745564,0
T46E,0.075875184,0.077192887,0
T46F,0.00894143,0.009096064,0
T46G,0.018278052,0.018594923,0
T46H,0.018736943,0.019061788,0
T46I,0.018075973,0.018389332,0
T46K,0.034067165,0.034658394,0
T46L,0.067375425,0.068545432,0
T46M,0.064410378,0.065528864,0
T46N,0.115591526,0.117599357,1
T46P,0.000341601,0.0003468,0
T46Q,0.04888131,0.049729956,0
T46R,0.103811124,0.105614254,1
T46S,0.086831037,0.088339113,0
T46V,0.099144786,0.100866831,0
T46W,0.011675758,0.011877904,0
T46Y,0.027092435,0.027562468,0
N47A,0.101161788,0.102918882,1
N47C,0.028526907,0.029021866,0
N47D,0.062632236,0.063719824,0
N47E,0.082549377,0.083983053,0
N47F,0.058682173,0.059701123,0
N47G,0.036724511,0.037361915,0
N47H,0.037760059,0.038415457,0
N47I,0.017775671,0.018083812,0
N47K,0.035668411,0.036287464,0
N47L,0.023021014,0.0234203,0
N47M,0.02938178,0.029891594,0
N47P,0.001732869,0.001762243,0
N47Q,0.078256391,0.079615471,0
N47R,0.031348169,0.031892152,0
N47S,0.018356626,0.018674862,0
N47T,0.034300031,0.034895306,0
N47V,0.064469529,0.065589042,0
N47W,0.049441057,0.050299429,0
N47Y,0.102437673,0.104216937,1
D48A,0.072460127,0.073718488,0
D48C,0.001533632,0.001559544,0
D48E,0.157203331,0.159934226,1
D48F,0.002706168,0.002752455,0
D48G,0.026928896,0.027396087,0
D48H,0.011000225,0.011190633,0
D48I,0.011768405,0.011972161,0
D48K,0.002880347,0.002929661,0
D48L,0.021621762,0.021996734,0
D48M,0.016645057,0.016933552,0
D48N,0.242185583,0.246393166,1
D48P,0.114304844,0.116290317,1
D48Q,0.046755576,0.047567284,0
D48R,0.009213148,0.009372503,0
D48S,0.054399756,0.055344293,0
D48T,0.044870288,0.045649237,0
D48V,0.00361204,0.003674068,0
D48W,0.012611555,0.012829962,0
D48Y,0.038632674,0.039303235,0
Q49A,0.123597165,0.125744105,1
Q49C,0.000474011,0.000481511,0
Q49D,0.01615855,0.016438591,0
Q49E,0.073354973,0.074628884,0
Q49F,0.045650749,0.046443259,0
Q49G,0.082736467,0.084173394,0
Q49H,0.051397668,0.052290039,0
Q49I,0.017393719,0.017695223,0
Q49K,0.038372799,0.039038844,0
Q49L,0.05986199,0.060901441,0
Q49M,0.01533125,0.015596916,0
Q49N,0.018946291,0.019274773,0
Q49P,0.000852172,0.000866243,0
Q49R,0.131240291,0.133520042,1
Q49S,0.002500393,0.002543104,0
Q49T,0.004729091,0.004810529,0
Q49V,0.043945406,0.044708283,0
Q49W,0.009687849,0.009855453,0
Q49Y,0.131207445,0.133486625,1
I50A,0.0033068,0.003363524,0
I50C,0.00389058,0.003957448,0
I50D,0.0006116,0.000621491,0
I50E,0.063575449,0.064679426,0
I50F,0.007710085,0.007843322,0
I50G,0.000845104,0.000859052,0
I50H,0.009715731,0.009883819,0
I50K,0.000615174,0.000625127,0
I50L,0.196065503,0.199471684,1
I50M,0.0849135,0.086388256,0
I50N,0.137271427,0.139655977,1
I50P,0.000275057,0.0002791,0
I50Q,0.138659369,0.141068037,1
I50R,0.000816887,0.000830345,0
I50S,0.001166496,0.001186029,0
I50T,0.045218989,0.046003997,0
I50V,0.105396213,0.107226886,1
I50W,0.000764694,0.000777245,0
I50Y,0.00180852,0.001839209,0
E51A,0.098325694,0.100033506,0
E51C,0.006247264,0.006355083,0
E51D,0.020149527,0.020498917,0
E51F,0.005015263,0.005101674,0
E51G,0.011224148,0.011418447,0
E51H,0.003450423,0.003509642,0
E51I,0.008224078,0.008366246,0
E51K,0.005407333,0.005500557,0
E51L,0.014907888,0.015166197,0
E51M,0.00460276,0.004682003,0
E51N,0.018415664,0.018734926,0
E51P,0.005800512,0.005900568,0
E51Q,0.079100821,0.080474574,0
E51R,0.003074116,0.003126797,0
E51S,0.068370777,0.06955808,0
E51T,0.028212836,0.028702338,0
E51V,0.004675125,0.004755625,0
E51W,0.00593456,0.006036945,0
E51Y,0.020333116,0.020685696,0
V52A,0.041645303,0.042368213,0
V52C,0.077677558,0.07902658,0
V52D,0.001642714,0.001670522,0
V52E,0.014976369,0.015235868,0
V52F,0.004267347,0.004340762,0
V52G,0.000647413,0.000657926,0
V52H,0.001653013,0.001681,0
V52I,0.011652974,0.011854724,0
V52K,0.003268955,0.003325021,0
V52L,0.001988409,0.002022224,0
V52M,0.003004654,0.003056128,0
V52N,0.013602358,0.013837982,0
V52P,0.000574993,0.000584248,0
V52Q,0.000998425,0.001015037,0
V52R,0.000655497,0.000666151,0
V52S,0.00072475,0.000736607,0
V52T,0.004583264,0.004662168,0
V52W,0.001758012,0.001787823,0
V52Y,0.001554085,0.001580353,0
T53A,0.040323082,0.041023016,0
T53C,0.043357292,0.04410995,0
T53D,0.006197999,0.006304961,0
T53E,0.010904531,0.011093276,0
T53F,0.000903958,0.000918929,0
T53G,0.001201405,0.001221545,0
T53H,0.000238224,0.000241627,0
T53I,0.085664526,0.087152333,0
T53K,0.000573162,0.000582385,0
T53L,0.004996865,0.005082956,0
T53M,0.084397288,0.085863075,0
T53N,0.057900475,0.058905842,0
T53P,0.000385291,0.000391249,0
T53Q,0.001017799,0.001034748,0
T53R,0.000208603,0.000211491,0
T53S,0.000750809,0.000763119,0
T53V,0.253104702,0.25750202,1
T53W,0.002526496,0.002569661,0
T53Y,0.054329112,0.055272421,0
N54A,0.152774011,0.155427941,1
N54C,0.016449906,0.01673501,0
N54D,0.021802432,0.022180544,0
N54E,0.170762874,0.173729386,1
N54F,0.054598912,0.055546909,0
N54G,0.012523885,0.012740769,0
N54H,0.005300194,0.005391556,0
N54I,0.001668583,0.00169684,0
N54K,0.012486491,0.012702725,0
N54L,0.002685571,0.0027315,0
N54M,0.015923577,0.016199535,0
N54P,0.0000549,0.0000551,0
N54Q,0.048321231,0.049160145,0
N54R,0.028819153,0.02931919,0
N54S,0.274110944,0.278873276,1
N54T,0.039773306,0.040463687,0
N54V,0.000935371,0.000950888,0
N54W,0.003294186,0.003350691,0
N54Y,0.04459241,0.04536653,0
A55C,0.003689165,0.003752533,0
A55D,0.036805278,0.037444086,0
A55E,0.002573623,0.002617607,0
A55F,0.015820884,0.016095058,0
A55G,0.008290243,0.008433561,0
A55H,0.005946967,0.006049567,0
A55I,0.000258609,0.000262366,0
A55K,0.000735464,0.000747507,0
A55L,0.065853867,0.066997435,0
A55M,0.001864884,0.001896552,0
A55N,0.338082694,0.343956626,1
A55P,0.020845277,0.021206757,0
A55Q,0.014306706,0.014554569,0
A55R,0.000260819,0.000264615,0
A55S,0.09605731,0.097725706,0
A55T,0.055327493,0.05628815,0
A55V,0.005559799,0.005655672,0
A55W,0.002405297,0.002446356,0
A55Y,0.002795003,0.002842834,0
T56A,0.019304498,0.019639205,0
T56C,0.004767385,0.004849489,0
T56D,0.001795387,0.001825848,0
T56E,0.126233292,0.128426039,1
T56F,0.041568076,0.042289644,0
T56G,0.000382876,0.000388792,0
T56H,0.002448839,0.002490654,0
T56I,0.043486204,0.044241102,0
T56K,0.01645402,0.016739195,0
T56L,0.116071489,0.11808766,1
T56M,0.079639253,0.081022362,0
T56N,0.009512949,0.009677513,0
T56P,0.000475644,0.000483172,0
T56Q,0.057500257,0.058498669,0
T56R,0.009246917,0.009406859,0
T56S,0.004641375,0.004721289,0
T56V,0.272079188,0.276806215,1
T56W,0.002907557,0.002957343,0
T56Y,0.038539326,0.039208265,0
E57A,0.00264136,0.002686521,0
E57C,0.004699616,0.004780542,0
E57D,0.003768647,0.003833396,0
E57F,0.003725987,0.003789995,0
E57G,0.002762575,0.002809842,0
E57H,0.001357794,0.001380651,0
E57I,0.000429118,0.000435838,0
E57K,0.042317867,0.043052464,0
E57L,0.001852038,0.001883483,0
E57M,0.012662345,0.012881635,0
E57N,0.00161478,0.001642103,0
E57P,0.000471353,0.000478807,0
E57Q,0.002474604,0.002516867,0
E57R,0.015059678,0.015320625,0
E57S,0.002855673,0.002904558,0
E57T,0.001181134,0.001200921,0
E57V,0.001000405,0.001017052,0
E57W,0.073933929,0.0752179,0
E57Y,0.000828437,0.000842096,0
L58A,0.021589686,0.021964101,0
L58C,0.001266995,0.001288274,0
L58D,0.010815848,0.011003052,0
L58E,0.007455788,0.007584606,0
L58F,0.01496718,0.01522652,0
L58G,0.003094155,0.003147184,0
L58H,0.00256582,0.002609668,0
L58I,0.004581552,0.004660426,0
L58K,0.003604647,0.003666546,0
L58M,0.01707965,0.017375697,0
L58N,0.001190755,0.001210709,0
L58P,0.012584727,0.012802668,0
L58Q,0.021522511,0.021895759,0
L58R,0.003754595,0.0038191,0
L58S,0.001918168,0.001950762,0
L58T,0.017686598,0.017993191,0
L58V,0.065308649,0.066442743,0
L58W,0.002650202,0.002695516,0
L58Y,0.00577971,0.005879404,0
V59A,0.002384278,0.002424972,0
V59C,0.000783666,0.000796547,0
V59D,0.006317576,0.006426616,0
V59E,0.003166564,0.003220851,0
V59F,0.002711929,0.002758316,0
V59G,0.00443861,0.004515001,0
V59H,0.001746818,0.001776435,0
V59I,0.014152364,0.014397545,0
V59K,0.011452909,0.011651183,0
V59L,0.003724384,0.003788364,0
V59M,0.001601642,0.001628736,0
V59N,0.001999464,0.002033471,0
V59P,0.000344425,0.000349673,0
V59Q,0.002033482,0.00206808,0
V59R,0.00204787,0.002082718,0
V59S,0.002518558,0.002561585,0
V59T,0.002483422,0.002525838,0
V59W,0.001057257,0.001074892,0
V59Y,0.002054301,0.002089261,0
Q60A,0.040908532,0.041618639,0
Q60C,0.003768878,0.003833631,0
Q60D,0.018473499,0.018793766,0
Q60E,0.132161269,0.134457023,1
Q60F,0.067487128,0.068659076,0
Q60G,0.049746332,0.050610009,0
Q60H,0.07733186,0.078674875,0
Q60I,0.12429348,0.12645252,1
Q60K,0.042512565,0.043250545,0
Q60L,0.009004746,0.00916048,0
Q60M,0.051736472,0.05263473,0
Q60N,0.000712323,0.000723964,0
Q60P,0.000744235,0.000756431,0
Q60R,0.002011428,0.002045643,0
Q60S,0.006572197,0.006685662,0
Q60T,0.044801887,0.045579647,0
Q60V,0.177948207,0.181039574,1
Q60W,0.016244608,0.016526145,0
Q60Y,0.02060763,0.02096498,0
S61A,0.040758503,0.041466003,0
S61C,0.009853769,0.010024256,0
S61D,0.14442535,0.14693421,1
S61E,0.001018965,0.001035934,0
S61F,0.00479442,0.004876993,0
S61G,0.023063831,0.023463861,0
S61H,0.080717013,0.08211885,0
S61I,0.188512645,0.191787584,1
S61K,0.015747517,0.016020416,0
S61L,0.014067654,0.014311363,0
S61M,0.005200212,0.005289837,0
S61N,0.036730584,0.037368094,0
S61P,0.009705599,0.009873511,0
S61Q,0.014727887,0.014983068,0
S61R,0.069638488,0.070847819,0
S61T,0.141120964,0.143572405,1
S61V,0.036659018,0.037295284,0
S61W,0.002477934,0.002520255,0
S61Y,0.010389446,0.010569241,0
S62A,0.073778751,0.075060025,0
S62C,0.004026286,0.004095512,0
S62D,0.042062118,0.042792271,0
S62E,0.057561249,0.058560721,0
S62F,0.035315472,0.035928392,0
S62G,0.076174438,0.077497341,0
S62H,0.044393796,0.045164465,0
S62I,0.038511966,0.03918043,0
S62K,0.044831229,0.045609499,0
S62L,0.024519767,0.024945096,0
S62M,0.050437426,0.051313112,0
S62N,0.058164062,0.059174009,0
S62P,0.002945827,0.002996278,0
S62Q,0.062582726,0.063669453,0
S62R,0.036571114,0.037205853,0
S62T,0.099754236,0.101486871,0
S62V,0.052752956,0.053668877,0
S62W,0.017376769,0.017677979,0
S62Y,0.110087492,0.111999682,1
S63A,0.130276985,0.132539997,1
S63C,0.0078134,0.007948432,0
S63D,0.012486836,0.012703076,0
S63E,0.004135228,0.004206347,0
S63F,0.028789706,0.029289232,0
S63G,0.088060405,0.089589843,0
S63H,0.01163891,0.011840416,0
S63I,0.062548746,0.063634883,0
S63K,0.005465133,0.005559361,0
S63L,0.038738199,0.039410594,0
S63M,0.05232552,0.053234014,0
S63N,0.015974453,0.016251295,0
S63P,0.002642751,0.002687936,0
S63Q,0.00692566,0.007045267,0
S63R,0.002018572,0.002052911,0
S63T,0.127142017,0.129350554,1
S63V,0.049602702,0.050463883,0
S63W,0.018589932,0.018912222,0
S63Y,0.146127805,0.148666247,1
T64A,0.007751276,0.007885229,0
T64C,0.002931775,0.002981982,0
T64D,0.055377229,0.056338751,0
T64E,0.023337412,0.023742196,0
T64F,0.073649887,0.074928922,0
T64G,0.04770873,0.048537001,0
T64H,0.050839142,0.051721808,0
T64I,0.071008896,0.07224204,0
T64K,0.106269843,0.108115696,1
T64L,0.102682213,0.104465726,1
T64M,0.004635444,0.004715255,0
T64N,0.106640994,0.108493297,1
T64P,0.039390779,0.040074513,0
T64Q,0.04560807,0.046399839,0
T64R,0.030637873,0.031169513,0
T64S,0.082625936,0.084060943,0
T64V,0.02868753,0.02918528,0
T64W,0.014818699,0.015075458,0
T64Y,0.041208002,0.041923313,0
G65A,0.059088967,0.060114985,0
G65C,0.022108749,0.022492183,0
G65D,0.01937611,0.019712061,0
G65E,0.034399915,0.034996926,0
G65F,0.042761609,0.043503916,0
G65H,0.026297217,0.026753432,0
G65I,0.00598073,0.006083917,0
G65K,0.02813245,0.028620555,0
G65L,0.018488615,0.018809144,0
G65M,0.017590874,0.017895804,0
G65N,0.037249054,0.037895573,0
G65P,0.061768686,0.062841268,0
G65Q,0.035276817,0.035889065,0
G65R,0.126765007,0.128966993,1
G65S,0.031805891,0.032357827,0
G65T,0.027461068,0.027937507,0
G65V,0.002503695,0.002546464,0
G65W,0.006122749,0.006228404,0
G65Y,0.041573406,0.042295067,0
E66A,0.078979646,0.080351293,0
E66C,0.009440823,0.009604134,0
E66D,0.003454023,0.003513305,0
E66F,0.025118007,0.025553732,0
E66G,0.000220178,0.000223267,0
E66H,0.059735515,0.060772768,0
E66I,0.125567705,0.127748886,1
E66K,0.158685173,0.161441817,1
E66L,0.057999895,0.059006989,0
E66M,0.061918346,0.062993529,0
E66N,0.007410082,0.007538106,0
E66P,0.010860509,0.011048489,0
E66Q,0.08537149,0.086854205,0
E66R,0.039732116,0.040421782,0
E66S,0.025210168,0.025647494,0
E66T,0.082063158,0.083488386,0
E66V,0.096654071,0.098332837,0
E66W,0.010870993,0.011059155,0
E66Y,0.016453316,0.016738479,0
I67A,0.000932776,0.000948248,0
I67C,0.003098826,0.003151936,0
I67D,0.004844057,0.004927493,0
I67E,0.078417857,0.079779742,0
I67F,0.006370498,0.006480458,0
I67G,0.012595942,0.012814078,0
I67H,0.004096462,0.004166907,0
I67K,0.005987238,0.006090538,0
I67L,0.087046481,0.088558301,0
I67M,0.00572835,0.005827152,0
I67N,0.004690727,0.004771498,0
I67P,0.000627618,0.000637787,0
I67Q,0.001670139,0.001698423,0
I67R,0.000603348,0.000613095,0
I67S,0.001580531,0.001607258,0
I67T,0.004320037,0.004394367,0
I67V,0.010101833,0.01027663,0
I67W,0.016238407,0.016519836,0
I67Y,0.00424019,0.004313133,0
C68A,0.000629514,0.000639716,0
C68D,0.004472512,0.004549492,0
C68E,0.003370889,0.003428726,0
C68F,0.001769612,0.001799625,0
C68G,0.00131979,0.001341987,0
C68H,0.002601288,0.002645753,0
C68I,0.000719774,0.000731545,0
C68K,0.001227984,0.001248585,0
C68L,0.003496816,0.003556842,0
C68M,0.000881575,0.000896157,0
C68N,0.001016279,0.001033202,0
C68P,0.001057374,0.001075011,0
C68Q,0.001188541,0.001208457,0
C68R,0.00822614,0.008368344,0
C68S,0.00250677,0.002549592,0
C68T,0.001198421,0.001218509,0
C68V,0.001421464,0.001445427,0
C68W,0.00702165,0.007142925,0
C68Y,0.004459793,0.004536552,0
D69A,0.067610009,0.068784093,0
D69C,0.00213024,0.002166519,0
D69E,0.11906861,0.12113686,1
D69F,0.003668734,0.003731747,0
D69G,0.123955288,0.126108451,1
D69H,0.047609,0.048435538,0
D69I,0.001564901,0.001591357,0
D69K,0.008734893,0.008885938,0
D69L,0.003932379,0.003999973,0
D69M,0.003962196,0.004030308,0
D69N,0.037384651,0.038033526,0
D69P,0.00114834,0.001167557,0
D69Q,0.027348846,0.027823335,0
D69R,0.006214746,0.006321999,0
D69S,0.090353203,0.091922482,0
D69T,0.012229257,0.012441021,0
D69V,0.006635981,0.006750554,0
D69W,0.009613381,0.009779691,0
D69Y,0.036015428,0.036640511,0
S70A,0.048784502,0.049631466,0
S70C,0.00027952,0.00028364,0
S70D,0.003220973,0.003276205,0
S70E,0.201770124,0.205275431,1
S70F,0.002956501,0.003007138,0
S70G,0.101619232,0.103384274,1
S70H,0.034500251,0.035099005,0
S70I,0.000154201,0.000156144,0
S70K,0.028323683,0.028815111,0
S70L,0.003413451,0.003472028,0
S70M,0.045609822,0.046401621,0
S70N,0.01807101,0.018384283,0
S70P,0.000386027,0.000391998,0
S70Q,0.284650955,0.289596434,1
S70R,0.05450083,0.055447123,0
S70T,0.030219629,0.030744002,0
S70V,0.010926371,0.011115496,0
S70W,0.001970154,0.002003652,0
S70Y,0.028333537,0.028825136,0
P71A,0.014421679,0.01467154,0
P71C,0.003996026,0.004064726,0
P71D,0.004582499,0.00466139,0
P71E,0.009520265,0.009684957,0
P71F,0.023759625,0.024171746,0
P71G,0.008169867,0.008311094,0
P71H,0.006811058,0.006928673,0
P71I,0.00642022,0.006531044,0
P71K,0.023999214,0.024415498,0
P71L,0.005376922,0.005469617,0
P71M,0.00160612,0.001633292,0
P71N,0.001420279,0.001444222,0
P71Q,0.011951187,0.012158119,0
P71R,0.003987775,0.004056332,0
P71S,0.004082475,0.004152677,0
P71T,0.013816433,0.014055777,0
P71V,0.021188174,0.021555612,0
P71W,0.008814015,0.008966434,0
P71Y,0.007118844,0.007241807,0
H72A,0.008324219,0.008468128,0
H72C,0.000840786,0.000854659,0
H72D,0.000878844,0.000893379,0
H72E,0.001242021,0.001262866,0
H72F,0.183027121,0.186206741,1
H72G,0.005884648,0.005986166,0
H72I,0.033508957,0.034090486,0
H72K,0.001531254,0.001557125,0
H72L,0.035660082,0.03627899,0
H72M,0.02091758,0.021280316,0
H72N,0.022756105,0.023150788,0
H72P,0.000275579,0.000279631,0
H72Q,0.013072295,0.013298708,0
H72R,0.001639483,0.001667235,0
H72S,0.000331647,0.000336673,0
H72T,0.001634391,0.001662054,0
H72V,0.00424992,0.004323032,0
H72W,0.131805447,0.134095018,1
H72Y,0.276951282,0.281762969,1
Q73A,0.051195101,0.052083952,0
Q73C,0.000327493,0.000332447,0
Q73D,0.014045144,0.014288462,0
Q73E,0.036078274,0.036704449,0
Q73F,0.00442401,0.004500147,0
Q73G,0.005739328,0.00583832,0
Q73H,0.029436802,0.029947572,0
Q73I,0.08041001,0.081806512,0
Q73K,0.120931228,0.123031844,1
Q73L,0.123448613,0.125592972,1
Q73M,0.010383976,0.010563676,0
Q73N,0.229311833,0.233295716,1
Q73P,0.000282995,0.000287176,0
Q73R,0.04261606,0.043355838,0
Q73S,0.041043436,0.041755888,0
Q73T,0.048340332,0.049179578,0
Q73V,0.100696414,0.102445421,1
Q73W,0.001357814,0.001380671,0
Q73Y,0.002092119,0.002127736,0
I74A,0.001568555,0.001595074,0
I74C,0.00162796,0.001655512,0
I74D,0.001261703,0.00128289,0
I74E,0.001290199,0.001311881,0
I74F,0.011972553,0.012179857,0
I74G,0.004961915,0.005047399,0
I74H,0.001676094,0.001704482,0
I74K,0.004812189,0.004895071,0
I74L,0.014486528,0.014737515,0
I74M,0.003401694,0.003460067,0
I74N,0.001764645,0.001794572,0
I74P,0.000471134,0.000478584,0
I74Q,0.003530771,0.003591387,0
I74R,0.001429339,0.001453439,0
I74S,0.001566923,0.001593414,0
I74T,0.001097391,0.001115723,0
I74V,0.323668474,0.329291938,1
I74W,0.03014911,0.030672257,0
I74Y,0.001418275,0.001442183,0
L75A,0.002004602,0.002038698,0
L75C,0.005665499,0.005763209,0
L75D,0.003694148,0.003757603,0
L75E,0.001454419,0.001478955,0
L75F,0.001864643,0.001896307,0
L75G,0.000651005,0.000661581,0
L75H,0.000619223,0.000629246,0
L75I,0.098729321,0.100444147,0
L75K,0.000950069,0.000965841,0
L75M,0.016930346,0.017223798,0
L75N,0.000736514,0.000748575,0
L75P,0.002440672,0.002482346,0
L75Q,0.001935488,0.001968383,0
L75R,0.000599987,0.000609676,0
L75S,0.00166293,0.001691089,0
L75T,0.001496151,0.001521412,0
L75V,0.381058806,0.387679509,1
L75W,0.003077461,0.0031302,0
L75Y,0.002718799,0.002765305,0
D76A,0.004630386,0.004710109,0
D76C,0.004629245,0.004708948,0
D76E,0.005567376,0.005663381,0
D76F,0.00052296,0.000531311,0
D76G,0.001065847,0.001083631,0
D76H,0.003364832,0.003422564,0
D76I,0.003328378,0.003385477,0
D76K,0.001671492,0.0016998,0
D76L,0.001061316,0.001079021,0
D76M,0.002255058,0.002293506,0
D76N,0.004381169,0.004456561,0
D76P,0.003513837,0.003574158,0
D76Q,0.003015094,0.003066749,0
D76R,0.001795834,0.001826303,0
D76S,0.003361475,0.003419149,0
D76T,0.001061287,0.001078992,0
D76V,0.007316791,0.007443194,0
D76W,0.004313129,0.004387339,0
D76Y,0.014809673,0.015066276,0
G77A,0.00119174,0.001211712,0
G77C,0.00104132,0.001058678,0
G77D,0.002910099,0.00295993,0
G77E,0.008689005,0.008839252,0
G77F,0.001712372,0.00174139,0
G77H,0.001524733,0.001550491,0
G77I,0.006764186,0.006880987,0
G77K,0.00248868,0.002531188,0
G77L,0.001221117,0.001241599,0
G77M,0.003337334,0.003394588,0
G77N,0.001049369,0.001066867,0
G77P,0.00044413,0.000451111,0
G77Q,0.002583758,0.002627918,0
G77R,0.00222649,0.002264442,0
G77S,0.001789874,0.001820239,0
G77T,0.005318714,0.005410398,0
G77V,0.357085019,0.363289144,1
G77W,0.007482402,0.007611683,0
G77Y,0.000639622,0.00065,0
K78A,0.054850824,0.055803199,0
K78C,0.002178434,0.002215551,0
K78D,0.059640045,0.060675639,0
K78E,0.014956316,0.015215467,0
K78F,0.003630167,0.00369251,0
K78G,0.371681527,0.378139287,1
K78H,0.009830312,0.010000391,0
K78I,0.007265102,0.007390607,0
K78L,0.031283063,0.031825914,0
K78M,0.19230112,0.195641889,1
K78N,0.053940696,0.054877256,0
K78P,0.000254996,0.00025869,0
K78Q,0.037441957,0.038091828,0
K78R,0.024301237,0.024722769,0
K78S,0.002213517,0.002251243,0
K78T,0.005171146,0.005260265,0
K78V,0.016436016,0.016720879,0
K78W,0.014701791,0.014956519,0
K78Y,0.004466843,0.004543724,0
N79A,0.031199927,0.031741334,0
N79C,0.001118381,0.001137078,0
N79D,0.017014318,0.017309229,0
N79E,0.038762595,0.039435414,0
N79F,0.002729625,0.00277632,0
N79G,0.046114431,0.046914998,0
N79H,0.036413828,0.037045834,0
N79I,0.001231607,0.001252271,0
N79K,0.023441204,0.023847792,0
N79L,0.007926436,0.008063433,0
N79M,0.022176082,0.022560686,0
N79P,0.001831013,0.001862093,0
N79Q,0.040735156,0.041442251,0
N79R,0.005070338,0.005157706,0
N79S,0.010662182,0.010846716,0
N79T,0.038684425,0.039355885,0
N79V,0.001767211,0.001797182,0
N79W,0.011812311,0.01201683,0
N79Y,0.017062204,0.017357948,0
C80A,0.000387623,0.000393622,0
C80D,0.316484408,0.321983039,1
C80E,0.013533624,0.013768053,0
C80F,0.012877108,0.01310013,0
C80G,0.001933387,0.001966246,0
C80H,0.000245174,0.000248698,0
C80I,0.000599393,0.000609072,0
C80K,0.001206797,0.00122703,0
C80L,0.000603315,0.000613062,0
C80M,0.002380397,0.002421023,0
C80N,0.001461596,0.001486257,0
C80P,0.001465898,0.001490633,0
C80Q,0.00085362,0.000867716,0
C80R,0.000350154,0.000355502,0
C80S,0.000655846,0.000666506,0
C80T,0.012400203,0.012614938,0
C80V,0.00057256,0.000581772,0
C80W,0.001805185,0.001835816,0
C80Y,0.002472264,0.002514487,0
T81A,0.008842137,0.008995045,0
T81C,0.005007435,0.00509371,0
T81D,0.002605087,0.002649618,0
T81E,0.002126554,0.002162769,0
T81F,0.006302539,0.006411318,0
T81G,0.007098647,0.00722126,0
T81H,0.007246045,0.007371219,0
T81I,0.008777486,0.008929271,0
T81K,0.017682072,0.017988587,0
T81L,0.019860203,0.020204566,0
T81M,0.047492683,0.048317199,0
T81N,0.004439519,0.004515925,0
T81P,0.001277537,0.001298999,0
T81Q,0.005842348,0.005943131,0
T81R,0.004262878,0.004336215,0
T81S,0.076866112,0.078201034,0
T81V,0.004891556,0.004975817,0
T81W,0.004565966,0.00464457,0
T81Y,0.001293783,0.001315528,0
L82A,0.000428275,0.00043498,0
L82C,0.000939037,0.000954618,0
L82D,0.001564752,0.001591205,0
L82E,0.001792274,0.001822681,0
L82F,0.010973799,0.011163748,0
L82G,0.000408105,0.00041446,0
L82H,0.000827694,0.00084134,0
L82I,0.019580938,0.019920448,0
L82K,0.001340359,0.001362913,0
L82M,0.006048506,0.006152871,0
L82N,0.000731978,0.000743961,0
L82P,0.007240346,0.007365421,0
L82Q,0.003234453,0.00328992,0
L82R,0.003155638,0.003209735,0
L82S,0.002114843,0.002150855,0
L82T,0.000887263,0.000901944,0
L82V,0.004349334,0.004424173,0
L82W,0.002576007,0.002620032,0
L82Y,0.001823954,0.001854911,0
I83A,0.000314466,0.000319194,0
I83C,0.004342308,0.004417025,0
I83D,0.000939116,0.000954698,0
I83E,0.002721626,0.002768182,0
I83F,0.002373363,0.002413867,0
I83G,0.000842295,0.000856194,0
I83H,0.001854932,0.001886428,0
I83K,0.074643447,0.075939747,0
I83L,0.026368153,0.026825601,0
I83M,0.192259854,0.195599906,1
I83N,0.001230983,0.001251637,0
I83P,0.000814331,0.000827745,0
I83Q,0.000716376,0.000728087,0
I83R,0.001787611,0.001817937,0
I83S,0.001345548,0.001368192,0
I83T,0.002207166,0.002244782,0
I83V,0.036737785,0.03737542,0
I83W,0.000573904,0.00058314,0
I83Y,0.001789478,0.001819836,0
D84A,0.001153568,0.001172876,0
D84C,0.008804259,0.008956509,0
D84E,0.002264728,0.002303344,0
D84F,0.001428187,0.001452267,0
D84G,0.002383226,0.002423901,0
D84H,0.001113912,0.001132531,0
D84I,0.001436824,0.001461054,0
D84K,0.001541077,0.001567119,0
D84L,0.000552096,0.000560953,0
D84M,0.004723697,0.004805041,0
D84N,0.002219587,0.002257419,0
D84P,0.001021583,0.001038598,0
D84Q,0.000937782,0.000953341,0
D84R,0.003730761,0.003794852,0
D84S,0.005742393,0.005841439,0
D84T,0.000586926,0.000596388,0
D84V,0.024886157,0.025317853,0
D84W,0.002888867,0.002938329,0
D84Y,0.008242655,0.008385146,0
A85C,0.028404823,0.028897661,0
A85D,0.006509254,0.006621625,0
A85E,0.002133301,0.002169634,0
A85F,0.002437143,0.002478755,0
A85G,0.002579974,0.002624068,0
A85H,0.002459324,0.002501322,0
A85I,0.052143299,0.053048627,0
A85K,0.004637699,0.004717549,0
A85L,0.000962192,0.000978175,0
A85M,0.002731202,0.002777924,0
A85N,0.000895057,0.000909873,0
A85P,0.000867701,0.000882042,0
A85Q,0.002845156,0.002893858,0
A85R,0.007525967,0.007656005,0
A85S,0.033734767,0.03432022,0
A85T,0.030320569,0.030846696,0
A85V,0.00318996,0.003244654,0
A85W,0.003091383,0.003144364,0
A85Y,0.003953745,0.00402171,0
L86A,0.002104362,0.002140192,0
L86C,0.000583379,0.000592779,0
L86D,0.000329838,0.000334833,0
L86E,0.000664438,0.000675247,0
L86F,0.001427216,0.001451279,0
L86G,0.001944706,0.001977761,0
L86H,0.000940012,0.000955609,0
L86I,0.190219679,0.19352428,1
L86K,0.001201116,0.001221251,0
L86M,0.024194342,0.024614017,0
L86N,0.000633093,0.000643357,0
L86P,0.003873484,0.003940055,0
L86Q,0.009510285,0.009674803,0
L86R,0.001223254,0.001243773,0
L86S,0.000526445,0.000534856,0
L86T,0.001504401,0.001529806,0
L86V,0.014255311,0.014502281,0
L86W,0.001243431,0.001264301,0
L86Y,0.001346256,0.001368913,0
L87A,0.00199459,0.002028512,0
L87C,0.001380884,0.001404142,0
L87D,0.002488338,0.00253084,0
L87E,0.00339053,0.003448709,0
L87F,0.00808176,0.008221456,0
L87G,0.004038271,0.004107705,0
L87H,0.045054806,0.045836961,0
L87I,0.028466573,0.028960484,0
L87K,0.021745351,0.022122471,0
L87M,0.003459121,0.003518492,0
L87N,0.005970631,0.006073643,0
L87P,0.001073532,0.00109145,0
L87Q,0.004625295,0.00470493,0
L87R,0.000513685,0.000521874,0
L87S,0.002314413,0.002353893,0
L87T,0.004357996,0.004432986,0
L87V,0.013043421,0.013269332,0
L87W,0.009463633,0.009627341,0
L87Y,0.002742384,0.0027893,0
G88A,0.000604973,0.000614749,0
G88C,0.001459024,0.00148364,0
G88D,0.003564627,0.003625831,0
G88E,0.005402927,0.005496074,0
G88F,0.002472821,0.002515053,0
G88H,0.004847814,0.004931315,0
G88I,0.002040082,0.002074795,0
G88K,0.003764497,0.003829174,0
G88L,0.001763645,0.001793554,0
G88M,0.009781467,0.009950697,0
G88N,0.002167219,0.002204141,0
G88P,0.000325943,0.00033087,0
G88Q,0.002531141,0.002574387,0
G88R,0.007591278,0.007722451,0
G88S,0.000300977,0.00030547,0
G88T,0.001126787,0.00114563,0
G88V,0.023841504,0.024255048,0
G88W,0.002468634,0.002510793,0
G88Y,0.000393281,0.000399378,0
D89A,0.108265075,0.110145598,1
D89C,0.000901113,0.000916035,0
D89E,0.002248155,0.002286483,0
D89F,0.000782436,0.000795295,0
D89G,0.005242859,0.005333225,0
D89H,0.000465179,0.000472526,0
D89I,0.000771154,0.000783817,0
D89K,0.008966913,0.009121989,0
D89L,0.000605162,0.000614941,0
D89M,0.002440349,0.002482017,0
D89N,0.002290763,0.002329832,0
D89P,0.000912859,0.000927985,0
D89Q,0.002036571,0.002071223,0
D89R,0.001182246,0.001202053,0
D89S,0.015111518,0.015373366,0
D89T,0.005450007,0.005543972,0
D89V,0.015719829,0.015992247,0
D89W,0.002866629,0.002915704,0
D89Y,0.001738656,0.001768131,0
P90A,0.002072573,0.00210785,0
P90C,0.001103283,0.001121718,0
P90D,0.009168599,0.00932718,0
P90E,0.002882743,0.002932098,0
P90F,0.009621193,0.009787638,0
P90G,0.00105176,0.001069299,0
P90H,0.009921642,0.010093308,0
P90I,0.009616543,0.009782908,0
P90K,0.003722404,0.003786349,0
P90L,0.00093354,0.000949025,0
P90M,0.000676815,0.000687839,0
P90N,0.001723146,0.001752352,0
P90Q,0.001485241,0.001510313,0
P90R,0.000346771,0.00035206,0
P90S,0.001849214,0.00188061,0
P90T,0.001852955,0.001884416,0
P90V,0.00306182,0.003114287,0
P90W,0.004305545,0.004379623,0
P90Y,0.034058569,0.034649649,0
Q91A,0.040332629,0.041032729,0
Q91C,0.000462873,0.000470179,0
Q91D,0.013811578,0.014050837,0
Q91E,0.018677684,0.019001499,0
Q91F,0.002907645,0.002957433,0
Q91G,0.206359968,0.20994503,1
Q91H,0.305966487,0.311282354,1
Q91I,0.01255021,0.012767551,0
Q91K,0.005291186,0.005382391,0
Q91L,0.034382633,0.034979344,0
Q91M,0.059764108,0.060801858,0
Q91N,0.113045836,0.115009432,1
Q91P,0.000960772,0.00097673,0
Q91R,0.000713976,0.000725646,0
Q91S,0.03607326,0.036699348,0
Q91T,0.00552601,0.005621296,0
Q91V,0.00595311,0.006055817,0
Q91W,0.001864801,0.001896468,0
Q91Y,0.002698423,0.002744575,0
C92A,0.003279508,0.003335758,0
C92D,0.000790352,0.000803349,0
C92E,0.002336706,0.002376573,0
C92F,0.029286095,0.029794246,0
C92G,0.007312014,0.007438334,0
C92H,0.000608814,0.000618656,0
C92I,0.001697629,0.001726391,0
C92K,0.00260727,0.002651838,0
C92L,0.005895821,0.005997533,0
C92M,0.005184184,0.00527353,0
C92N,0.005234583,0.005324805,0
C92P,0.000665361,0.000676186,0
C92Q,0.002989133,0.003040337,0
C92R,0.001553434,0.001579691,0
C92S,0.008137408,0.00827807,0
C92T,0.000585505,0.000594942,0
C92V,0.002831367,0.002879829,0
C92W,0.004882554,0.004966659,0
C92Y,0.001012325,0.001029179,0
D93A,0.001516086,0.001541694,0
D93C,0.00036118,0.000366719,0
D93E,0.076878468,0.078213604,0
D93F,0.002372143,0.002412626,0
D93G,0.014443443,0.014693682,0
D93H,0.001983624,0.002017356,0
D93I,0.000643418,0.000653862,0
D93K,0.000658834,0.000669546,0
D93L,0.002972923,0.003023845,0
D93M,0.006591742,0.006705546,0
D93N,0.003424946,0.003483723,0
D93P,0.002906657,0.002956428,0
D93Q,0.002884529,0.002933915,0
D93R,0.000926896,0.000942266,0
D93S,0.002882422,0.002931772,0
D93T,0.002359888,0.002400158,0
D93V,0.002641517,0.002686681,0
D93W,0.008503945,0.008650977,0
D93Y,0.008855534,0.009008675,0
G94A,0.002426624,0.002468053,0
G94C,0.00489695,0.004981305,0
G94D,0.129438717,0.131687163,1
G94E,0.573595293,0.583561592,1
G94F,0.000430458,0.000437201,0
G94H,0.006174878,0.006281439,0
G94I,0.000615298,0.000625253,0
G94K,0.002813553,0.002861706,0
G94L,0.001515454,0.001541051,0
G94M,0.002015773,0.002050063,0
G94N,0.009235334,0.009395075,0
G94P,0.00095856,0.00097448,0
G94Q,0.005696526,0.005794775,0
G94R,0.001013659,0.001030536,0
G94S,0.007964967,0.008102633,0
G94T,0.003133717,0.003187433,0
G94V,0.221708283,0.225560044,1
G94W,0.002290322,0.002329383,0
G94Y,0.01093373,0.011122983,0
F95A,0.001016011,0.001032929,0
F95C,0.001238817,0.001259607,0
F95D,0.002600482,0.002644933,0
F95E,0.0002664,0.000270292,0
F95G,0.000108433,0.000109581,0
F95H,0.005030215,0.005116886,0
F95I,0.057784035,0.058787378,0
F95K,0.010017376,0.010190706,0
F95L,0.620973808,0.631763376,1
F95M,0.021803888,0.022182025,0
F95N,0.000871526,0.000885933,0
F95P,0.000326449,0.000331385,0
F95Q,0.001617299,0.001644665,0
F95R,0.000663904,0.000674704,0
F95S,0.000882216,0.000896809,0
F95T,0.003942498,0.004010268,0
F95V,0.012386889,0.012601392,0
F95W,0.000336173,0.000341278,0
F95Y,0.001409453,0.001433208,0
Q96A,0.140974265,0.143423157,1
Q96C,0.001748086,0.001777725,0
Q96D,0.021715425,0.022092025,0
Q96E,0.103465681,0.105262808,1
Q96F,0.000806859,0.000820143,0
Q96G,0.010584592,0.010767778,0
Q96H,0.031099498,0.03163916,0
Q96I,0.02139226,0.021763244,0
Q96K,0.034488931,0.035087489,0
Q96L,0.007504824,0.007634494,0
Q96M,0.122229417,0.124352591,1
Q96N,0.029863969,0.030382161,0
Q96P,0.000792802,0.000805841,0
Q96R,0.009283415,0.009443991,0
Q96S,0.034352719,0.03494891,0
Q96T,0.018738224,0.019063091,0
Q96V,0.00849266,0.008639495,0
Q96W,0.001001531,0.001018197,0
Q96Y,0.006377154,0.00648723,0
N97A,0.002716325,0.002762788,0
N97C,0.00265784,0.002703287,0
N97D,0.252807918,0.257200079,1
N97E,0.019255751,0.019589611,0
N97F,0.003477256,0.003536942,0
N97G,0.181182852,0.184330426,1
N97H,0.010431566,0.010612093,0
N97I,0.000749828,0.000762121,0
N97K,0.002906829,0.002956603,0
N97L,0.004502142,0.004579637,0
N97M,0.003450664,0.003509888,0
N97P,0.000526043,0.000534447,0
N97Q,0.020019218,0.020366344,0
N97R,0.001796994,0.001827483,0
N97S,0.007807598,0.00794253,0
N97T,0.001423289,0.001447284,0
N97V,0.001101092,0.001119488,0
N97W,0.000680757,0.00069185,0
N97Y,0.001870925,0.001902698,0
K98A,0.455688666,0.463606169,1
K98C,0.000932675,0.000948145,0
K98D,0.000898546,0.000913423,0
K98E,0.019968347,0.020314589,0
K98F,0.00096144,0.00097741,0
K98G,0.004194444,0.004266592,0
K98H,0.001412445,0.001436252,0
K98I,0.00451434,0.004592047,0
K98L,0.014248944,0.014495803,0
K98M,0.009058342,0.009215007,0
K98N,0.004341707,0.004416414,0
K98P,0.000202982,0.000205773,0
K98Q,0.052752617,0.053668532,0
K98R,0.006942306,0.007062202,0
K98S,0.218281319,0.222073531,1
K98T,0.014745641,0.015001131,0
K98V,0.056127019,0.057101569,0
K98W,0.001674144,0.001702498,0
K98Y,0.001384256,0.001407573,0
K99A,0.016860342,0.017152578,0
K99C,0.008991139,0.009146636,0
K99D,0.011875903,0.012081527,0
K99E,0.283686697,0.288615421,1
K99F,0.001176437,0.001196143,0
K99G,0.00242952,0.002471,0
K99H,0.032148374,0.032706261,0
K99I,0.001994518,0.002028439,0
K99L,0.000205277,0.000208107,0
K99M,0.002627604,0.002672526,0
K99N,0.025398097,0.025838689,0
K99P,0.00074519,0.000757402,0
K99Q,0.117503638,0.119544695,1
K99R,0.126378386,0.128573654,1
K99S,0.097403248,0.099095032,0
K99T,0.131238665,0.133518387,1
K99V,0.004863865,0.004947645,0
K99W,0.004250785,0.004323912,0
K99Y,0.002602741,0.002647231,0
W100A,0.000599521,0.000609202,0
W100C,0.007195294,0.007319586,0
W100D,0.000845669,0.000859627,0
W100E,0.003103778,0.003156974,0
W100F,0.140232382,0.142668383,1
W100G,0.000918901,0.000934132,0
W100H,0.00038633,0.000392306,0
W100I,0.002061294,0.002096375,0
W100K,0.003300084,0.003356691,0
W100L,0.000546639,0.000555401,0
W100M,0.00414011,0.004211314,0
W100N,0.001169146,0.001188725,0
W100P,0.000407439,0.000413782,0
W100Q,0.002851376,0.002900186,0
W100R,0.001370659,0.00139374,0
W100S,0.001872116,0.00190391,0
W100T,0.003884906,0.003951675,0
W100V,0.001800677,0.00183123,0
W100Y,0.001496962,0.001522237,0
D101A,0.001018583,0.001035546,0
D101C,0.004876475,0.004960474,0
D101E,0.024694106,0.025122465,0
D101F,0.00150757,0.00153303,0
D101G,0.011769266,0.011973037,0
D101H,0.001428916,0.001453009,0
D101I,0.064662225,0.065785087,0
D101K,0.003334954,0.003392167,0
D101L,0.002550345,0.002593924,0
D101M,0.001921975,0.001954635,0
D101N,0.004264683,0.004338051,0
D101P,0.000951953,0.000967758,0
D101Q,0.002383039,0.002423711,0
D101R,0.001705995,0.001734903,0
D101S,0.003399883,0.003458224,0
D101T,0.003434903,0.003493853,0
D101V,0.000456353,0.000463546,0
D101W,0.00269271,0.002738763,0
D101Y,0.008867808,0.009021162,0
L102A,0.002008263,0.002042423,0
L102C,0.001800611,0.001831163,0
L102D,0.00492747,0.005012355,0
L102E,0.002564304,0.002608126,0
L102F,0.002156332,0.002193065,0
L102G,0.000156258,0.000158237,0
L102H,0.00373018,0.003794261,0
L102I,0.061296674,0.062361054,0
L102K,0.001579082,0.001605784,0
L102M,0.004737726,0.004819314,0
L102N,0.001591051,0.001617961,0
L102P,0.007335094,0.007461815,0
L102Q,0.001798006,0.001828512,0
L102R,0.008299683,0.008443165,0
L102S,0.00078263,0.000795493,0
L102T,0.000975527,0.000991742,0
L102V,0.072417987,0.073675616,0
L102W,0.007047641,0.007169367,0
L102Y,0.005937641,0.006040079,0
F103A,0.00185147,0.001882905,0
F103C,0.005095949,0.005183762,0
F103D,0.001488645,0.001513776,0
F103E,0.000398309,0.000404494,0
F103G,0.000795973,0.000809068,0
F103H,0.000853962,0.000868064,0
F103I,0.006490183,0.006602223,0
F103K,0.001634131,0.00166179,0
F103L,0.001583877,0.001610663,0
F103M,0.004016724,0.004085784,0
F103N,0.000844291,0.000858225,0
F103P,0.002277269,0.002316103,0
F103Q,0.000593835,0.000603417,0
F103R,0.00166665,0.001694874,0
F103S,0.002621749,0.002666569,0
F103T,0.000456284,0.000463476,0
F103V,0.000656052,0.000666715,0
F103W,0.005792124,0.005892034,0
F103Y,0.190284514,0.193590242,1
V104A,0.02004273,0.020390264,0
V104C,0.007621453,0.00775315,0
V104D,0.004484768,0.004561961,0
V104E,0.002606042,0.002650589,0
V104F,0.005757423,0.00585673,0
V104G,0.000900348,0.000915256,0
V104H,0.000840068,0.000853929,0
V104I,0.034813375,0.03541757,0
V104K,0.001045462,0.001062892,0
V104L,0.096888639,0.098571481,0
V104M,0.005628581,0.005725649,0
V104N,0.00209404,0.00212969,0
V104P,0.00091626,0.000931445,0
V104Q,0.000780126,0.000792945,0
V104R,0.002791553,0.002839324,0
V104S,0.000410919,0.000417323,0
V104T,0.002014644,0.002048915,0
V104W,0.004088764,0.004159076,0
V104Y,0.001655969,0.001684007,0
E105A,0.000175029,0.000177334,0
E105C,0.004174474,0.004246275,0
E105D,0.001194394,0.001214412,0
E105F,0.001417089,0.001440976,0
E105G,0.004622123,0.004701702,0
E105H,0.00130617,0.00132813,0
E105I,0.008118705,0.008259042,0
E105K,0.004932316,0.005017285,0
E105L,0.000754559,0.000766934,0
E105M,0.005288183,0.005379336,0
E105N,0.003816022,0.003881594,0
E105P,0.000299524,0.000303992,0
E105Q,0.00156269,0.001589107,0
E105R,0.000837229,0.00085104,0
E105S,0.001558777,0.001585126,0
E105T,0.00208515,0.002120646,0
E105V,0.001034299,0.001051535,0
E105W,0.001987763,0.002021567,0
E105Y,0.00237292,0.002413416,0
R106A,0.001723532,0.001752744,0
R106C,0.000814637,0.000828056,0
R106D,0.001367594,0.001390621,0
R106E,0.003145661,0.003199585,0
R106F,0.000620352,0.000630395,0
R106G,0.005306847,0.005398324,0
R106H,0.000823671,0.000837247,0
R106I,0.00078952,0.000802502,0
R106K,0.002405447,0.002446508,0
R106L,0.00510761,0.005195625,0
R106M,0.005409903,0.005503171,0
R106N,0.001201471,0.001221612,0
R106P,0.001386261,0.001409613,0
R106Q,0.000558265,0.000567229,0
R106S,0.00038582,0.000391788,0
R106T,0.000712588,0.000724234,0
R106V,0.000306159,0.000310742,0
R106W,0.00150422,0.001529621,0
R106Y,0.00480274,0.004885458,0
S107A,0.005747336,0.005846468,0
S107C,0.001251122,0.001272125,0
S107D,0.014348999,0.014597597,0
S107E,0.056248482,0.057225143,0
S107F,0.00321883,0.003274025,0
S107G,0.024144216,0.02456302,0
S107H,0.007682997,0.007815763,0
S107I,0.001229583,0.001250212,0
S107K,0.009578672,0.009744378,0
S107L,0.000658013,0.00066871,0
S107M,0.00747905,0.007608273,0
S107N,0.003199208,0.003254062,0
S107P,0.170632167,0.173596407,1
S107Q,0.019401282,0.01973767,0
S107R,0.008701492,0.008851956,0
S107T,0.297612508,0.302783213,1
S107V,0.001337628,0.001360135,0
S107W,0.003897389,0.003964375,0
S107Y,0.021254394,0.021622983,0
K108A,0.010896692,0.011085301,0
K108C,0.000252176,0.000255821,0
K108D,0.001475849,0.001500757,0
K108E,0.004766864,0.004848958,0
K108F,0.028073408,0.028560487,0
K108G,0.044657846,0.045433103,0
K108H,0.082733833,0.084170715,0
K108I,0.003355513,0.003413083,0
K108L,0.000785739,0.000798656,0
K108M,0.004822181,0.004905237,0
K108N,0.032307917,0.032868577,0
K108P,0.000140937,0.000142649,0
K108Q,0.013524135,0.0137584,0
K108R,0.006442506,0.006553717,0
K108S,0.033215239,0.033791665,0
K108T,0.150845676,0.153466098,1
K108V,0.001315925,0.001338054,0
K108W,0.065089652,0.066219941,0
K108Y,0.508981063,0.517824598,1
A109C,0.002835288,0.002883819,0
A109D,0.011266855,0.011461896,0
A109E,0.004247832,0.004320908,0
A109F,0.002365484,0.002405851,0
A109G,0.007863464,0.007999366,0
A109H,0.013135772,0.013363288,0
A109I,0.001344358,0.001366982,0
A109K,0.001219538,0.001239993,0
A109L,0.002976221,0.003027201,0
A109M,0.003308717,0.003365474,0
A109N,0.00125424,0.001275298,0
A109P,0.002468304,0.002510458,0
A109Q,0.000611042,0.000620923,0
A109R,0.011886471,0.012092279,0
A109S,0.087613068,0.089134733,0
A109T,0.416142162,0.423372489,1
A109V,0.046687676,0.047498204,0
A109W,0.002966187,0.003016992,0
A109Y,0.001075825,0.001093782,0
Y110A,0.020244975,0.020596024,0
Y110C,0.001657178,0.001685237,0
Y110D,0.003160317,0.003214495,0
Y110E,0.149476447,0.152073077,1
Y110F,0.011696005,0.011898503,0
Y110G,0.009597168,0.009763196,0
Y110H,0.072871619,0.074137131,0
Y110I,0.007049715,0.007171477,0
Y110K,0.218456152,0.222251402,1
Y110L,0.002796953,0.002844817,0
Y110M,0.010645189,0.010829428,0
Y110N,0.02972138,0.030237095,0
Y110P,0.000324862,0.00032977,0
Y110Q,0.088637234,0.090176696,0
Y110R,0.061789027,0.062861963,0
Y110S,0.090581207,0.092154448,0
Y110T,0.117805855,0.119852163,1
Y110V,0.074579314,0.075874499,0
Y110W,0.006155046,0.006261262,0
S111A,0.005230478,0.005320628,0
S111C,0.003331894,0.003389054,0
S111D,0.000891804,0.000906564,0
S111E,0.006533796,0.006646593,0
S111F,0.001371539,0.001394635,0
S111G,0.061369428,0.062435073,0
S111H,0.074450822,0.075743775,0
S111I,0.003214138,0.003269252,0
S111K,0.005698406,0.005796687,0
S111L,0.001871315,0.001903095,0
S111M,0.006315119,0.006424117,0
S111N,0.004249258,0.004322358,0
S111P,0.065823948,0.066966996,0
S111Q,0.040374735,0.041075567,0
S111R,0.002322031,0.002361643,0
S111T,0.002592627,0.002636941,0
S111V,0.004920477,0.005005241,0
S111W,0.001591989,0.001618915,0
S111Y,0.002482654,0.002525057,0
N112A,0.056748792,0.057734147,0
N112C,0.000866378,0.000880696,0
N112D,0.003221394,0.003276634,0
N112E,0.001114124,0.001132747,0
N112F,0.000704125,0.000715624,0
N112G,0.01505009,0.01531087,0
N112H,0.001702886,0.001731739,0
N112I,0.001903761,0.001936105,0
N112K,0.000285943,0.000290175,0
N112L,0.001139663,0.00115873,0
N112M,0.004006094,0.004074969,0
N112P,0.0000642,0.0000646,0
N112Q,0.004523411,0.004601275,0
N112R,0.001953754,0.001986967,0
N112S,0.438581595,0.446201839,1
N112T,0.440173941,0.447821854,1
N112V,0.001079689,0.001097714,0
N112W,0.000463768,0.00047109,0
N112Y,0.003366494,0.003424255,0
C113A,0.002405734,0.0024468,0
C113D,0.000253999,0.000257676,0
C113E,0.000906408,0.000921422,0
C113F,0.016149375,0.016429257,0
C113G,0.001907032,0.001939433,0
C113H,0.007466023,0.007595019,0
C113I,0.000484478,0.00049216,0
C113K,0.00115974,0.001179156,0
C113L,0.002015242,0.002049523,0
C113M,0.002821171,0.002869456,0
C113N,0.001912876,0.001945378,0
C113P,0.000713797,0.000725464,0
C113Q,0.001278007,0.001299478,0
C113R,0.002648328,0.00269361,0
C113S,0.001666641,0.001694865,0
C113T,0.001829602,0.001860657,0
C113V,0.000789108,0.000802083,0
C113W,0.001628356,0.001655914,0
C113Y,0.002881566,0.002930901,0
Y114A,0.003854129,0.003920363,0
Y114C,0.014926529,0.015185162,0
Y114D,0.003027578,0.00307945,0
Y114E,0.007080675,0.007202975,0
Y114F,0.040118151,0.040814524,0
Y114G,0.002016892,0.002051202,0
Y114H,0.009913691,0.010085219,0
Y114I,0.003942573,0.004010344,0
Y114K,0.001585549,0.001612364,0
Y114L,0.008627047,0.008776218,0
Y114M,0.007017479,0.007138681,0
Y114N,0.010921615,0.011110657,0
Y114P,0.000280815,0.000284958,0
Y114Q,0.006768245,0.006885116,0
Y114R,0.001202879,0.001223044,0
Y114S,0.00206356,0.002098681,0
Y114T,0.000833427,0.000847172,0
Y114V,0.013567557,0.013802576,0
Y114W,0.001336481,0.001358968,0
P115A,0.016339128,0.016622307,0
P115C,0.001330621,0.001353006,0
P115D,0.007267215,0.007392757,0
P115E,0.006864645,0.006983191,0
P115F,0.002977459,0.00302846,0
P115G,0.001205563,0.001225775,0
P115H,0.004031061,0.00410037,0
P115I,0.002209353,0.002247007,0
P115K,0.001760908,0.00179077,0
P115L,0.003650356,0.00371305,0
P115M,0.002818271,0.002866506,0
P115N,0.00176141,0.00179128,0
P115Q,0.001402915,0.001426556,0
P115R,0.002261041,0.002299593,0
P115S,0.003403429,0.003461832,0
P115T,0.001714469,0.001743524,0
P115V,0.002056896,0.002091901,0
P115W,0.001980349,0.002014024,0
P115Y,0.002374463,0.002414986,0
Y116A,0.000488416,0.000496166,0
Y116C,0.003459091,0.003518461,0
Y116D,0.001725706,0.001754956,0
Y116E,0.002367365,0.002407765,0
Y116F,0.002433193,0.002474737,0
Y116G,0.004777276,0.004859551,0
Y116H,0.010467767,0.010648923,0
Y116I,0.005206544,0.005296279,0
Y116K,0.001200543,0.001220668,0
Y116L,0.002310454,0.002349865,0
Y116M,0.00404238,0.004111886,0
Y116N,0.006602205,0.006716191,0
Y116P,0.002721352,0.002767903,0
Y116Q,0.000335002,0.000340087,0
Y116R,0.003820275,0.003885921,0
Y116S,0.000176521,0.000178852,0
Y116T,0.002667343,0.002712955,0
Y116V,0.002910403,0.002960239,0
Y116W,0.004084812,0.004155055,0
D117A,0.000323472,0.000328356,0
D117C,0.000458624,0.000465857,0
D117E,0.409500112,0.416615023,1
D117F,0.010567404,0.010750291,0
D117G,0.002102887,0.002138691,0
D117H,0.013312651,0.013543241,0
D117I,0.007339734,0.007466536,0
D117K,0.000910001,0.000925077,0
D117L,0.001393167,0.001416639,0
D117M,0.006994165,0.007114962,0
D117N,0.002633803,0.002678833,0
D117P,0.000697328,0.000708708,0
D117Q,0.003639346,0.003701848,0
D117R,0.000484892,0.000492581,0
D117S,0.006511201,0.006623606,0
D117T,0.010450057,0.010630905,0
D117V,0.238720813,0.242868191,1
D117W,0.001973163,0.002006713,0
D117Y,0.012278055,0.012490667,0
V118A,0.00216921,0.002206167,0
V118C,0.002420405,0.002461726,0
V118D,0.001156903,0.001176269,0
V118E,0.005487476,0.005582092,0
V118F,0.003554632,0.003615662,0
V118G,0.00879964,0.00895181,0
V118H,0.003567515,0.003628769,0
V118I,0.066345926,0.067498044,0
V118K,0.000916648,0.000931839,0
V118L,0.013135172,0.013362678,0
V118M,0.012539283,0.012756434,0
V118N,0.0005048,0.000512835,0
V118P,0.00120604,0.00122626,0
V118Q,0.001442209,0.001466533,0
V118R,0.003389187,0.003447342,0
V118S,0.001560517,0.001586897,0
V118T,0.001864168,0.001895824,0
V118W,0.003079125,0.003131893,0
V118Y,0.000234044,0.000237374,0
P119A,0.021207006,0.021574771,0
P119C,0.000496315,0.000504203,0
P119D,0.306526311,0.311851906,1
P119E,0.21694047,0.220709383,1
P119F,0.017713628,0.018020691,0
P119G,0.000328664,0.000333638,0
P119H,0.077917097,0.079270281,0
P119I,0.008809568,0.00896191,0
P119K,0.005306087,0.005397551,0
P119L,0.002583882,0.002628044,0
P119M,0.035455412,0.036070764,0
P119N,0.04745321,0.048277041,0
P119Q,0.099321212,0.101046323,0
P119R,0.002286353,0.002325345,0
P119S,0.033028833,0.033602019,0
P119T,0.032403797,0.032966123,0
P119V,0.010372648,0.010552151,0
P119W,0.032624292,0.033190449,0
P119Y,0.022352361,0.022740029,0
D120A,0.003707067,0.003770746,0
D120C,0.000644036,0.00065449,0
D120E,0.006787272,0.006904474,0
D120F,0.00361197,0.003673997,0
D120G,0.027091508,0.027561525,0
D120H,0.453976173,0.461863919,1
D120I,0.000692857,0.00070416,0
D120K,0.010873657,0.011061866,0
D120L,0.003479169,0.003538888,0
D120M,0.019049054,0.019379322,0
D120N,0.001753812,0.00178355,0
D120P,0.001355429,0.001378245,0
D120Q,0.038300675,0.038965467,0
D120R,0.001708104,0.001737048,0
D120S,0.004002745,0.004071562,0
D120T,0.001347594,0.001370274,0
D120V,0.000678092,0.000689138,0
D120W,0.002476228,0.002518519,0
D120Y,0.014801801,0.015058267,0
Y121A,0.008883912,0.009037546,0
Y121C,0.061877364,0.062951835,0
Y121D,0.007307113,0.007433348,0
Y121E,0.014557848,0.014810075,0
Y121F,0.013745714,0.013983829,0
Y121G,0.017831383,0.018140492,0
Y121H,0.021226341,0.021594442,0
Y121I,0.017722521,0.018029738,0
Y121K,0.013208093,0.013436866,0
Y121L,0.064978109,0.06610646,0
Y121M,0.028769654,0.029268831,0
Y121N,0.00281996,0.002868224,0
Y121P,0.000666882,0.000677733,0
Y121Q,0.019475685,0.019813366,0
Y121R,0.008194541,0.008336196,0
Y121S,0.006191073,0.006297915,0
Y121T,0.001087084,0.001105237,0
Y121V,0.000860728,0.000874948,0
Y121W,0.006288029,0.006396556,0
A122C,0.000777221,0.00078999,0
A122D,0.035072845,0.035681549,0
A122E,0.481988049,0.490362542,1
A122F,0.003041651,0.003093767,0
A122G,0.005567863,0.005663876,0
A122H,0.053396438,0.054323541,0
A122I,0.006947313,0.007067296,0
A122K,0.007949607,0.008087006,0
A122L,0.011848046,0.012053186,0
A122M,0.043933552,0.044696223,0
A122N,0.02405495,0.024472202,0
A122P,0.006611604,0.006725753,0
A122Q,0.094831648,0.096478746,0
A122R,0.003100707,0.00315385,0
A122S,0.045297078,0.046083443,0
A122T,0.022888819,0.023285808,0
A122V,0.01220887,0.01242028,0
A122W,0.0299917,0.030512112,0
A122Y,0.006956692,0.007076838,0
S123A,0.043112361,0.043860763,0
S123C,0.011033709,0.011224699,0
S123D,0.071247743,0.072485037,0
S123E,0.006911085,0.007030438,0
S123F,0.025631617,0.026076266,0
S123G,0.08103634,0.082443725,0
S123H,0.002103548,0.002139364,0
S123I,0.002783624,0.002831257,0
S123K,0.001870643,0.001902412,0
S123L,0.000293379,0.00029774,0
S123M,0.020552162,0.020908549,0
S123N,0.150544862,0.153160057,1
S123P,0.01095387,0.011143473,0
S123Q,0.012249361,0.012461475,0
S123R,0.003586768,0.003648357,0
S123T,0.102575888,0.104357554,1
S123V,0.015164908,0.015427683,0
S123W,0.046160285,0.046961649,0
S123Y,0.032105795,0.032662942,0
L124A,0.00213987,0.002176317,0
L124C,0.0006729,0.000683856,0
L124D,0.000547731,0.000556512,0
L124E,0.003175068,0.003229503,0
L124F,0.004379449,0.004454812,0
L124G,0.002018877,0.002053221,0
L124H,0.005726632,0.005825404,0
L124I,0.006214932,0.006322189,0
L124K,0.001103971,0.001122417,0
L124M,0.001116971,0.001135643,0
L124N,0.008752055,0.008903398,0
L124P,0.002530091,0.002573318,0
L124Q,0.000361888,0.00036744,0
L124R,0.000539217,0.00054785,0
L124S,0.001370031,0.001393101,0
L124T,0.000355678,0.000361122,0
L124V,0.008016293,0.008154851,0
L124W,0.001495312,0.001520559,0
L124Y,0.001258522,0.001279654,0
R125A,0.001137264,0.001156289,0
R125C,0.001158547,0.001177942,0
R125D,0.00164846,0.001676368,0
R125E,0.020228444,0.020579205,0
R125F,0.001524673,0.00155043,0
R125G,0.001346206,0.001368862,0
R125H,0.001153444,0.00117275,0
R125I,0.005086591,0.005174241,0
R125K,0.0437826,0.044542648,0
R125L,0.003665869,0.003728832,0
R125M,0.00782123,0.007956398,0
R125N,0.002034771,0.002069391,0
R125P,0.000759696,0.00077216,0
R125Q,0.0052561,0.005346696,0
R125S,0.002849442,0.002898219,0
R125T,0.002476574,0.002518871,0
R125V,0.007970971,0.008108741,0
R125W,0.001476671,0.001501594,0
R125Y,0.003149256,0.003203242,0
S126A,0.127361501,0.129573852,1
S126C,0.001122957,0.001141733,0
S126D,0.007042034,0.007163663,0
S126E,0.003049232,0.00310148,0
S126F,0.009666817,0.009834055,0
S126G,0.015371885,0.015638257,0
S126H,0.003221437,0.003276677,0
S126I,0.000482464,0.000490111,0
S126K,0.030608899,0.031140036,0
S126L,0.009445062,0.009608447,0
S126M,0.012292089,0.012504945,0
S126N,0.018615339,0.01893807,0
S126P,0.001793794,0.001824227,0
S126Q,0.014192541,0.01443842,0
S126R,0.025271918,0.025710317,0
S126T,0.004804442,0.004887189,0
S126V,0.000525726,0.000534125,0
S126W,0.012027383,0.012235639,0
S126Y,0.004180186,0.004252086,0
L127A,0.00353228,0.003592922,0
L127C,0.002439166,0.002480813,0
L127D,0.003643333,0.003705905,0
L127E,0.00293874,0.002989068,0
L127F,0.006941361,0.00706124,0
L127G,0.002226235,0.002264182,0
L127H,0.002593577,0.002637908,0
L127I,0.059618645,0.060653867,0
L127K,0.002659939,0.002705423,0
L127M,0.002938418,0.002988741,0
L127N,0.006651576,0.00676642,0
L127P,0.004248502,0.004321589,0
L127Q,0.001362154,0.001385087,0
L127R,0.000560883,0.000569893,0
L127S,0.001671749,0.001700061,0
L127T,0.005760695,0.005860059,0
L127V,0.024594562,0.025021191,0
L127W,0.021218422,0.021586386,0
L127Y,0.002388876,0.00242965,0
V128A,0.004991387,0.005077383,0
V128C,0.002802231,0.002850187,0
V128D,0.006848794,0.006967065,0
V128E,0.000963009,0.000979006,0
V128F,0.001633151,0.001660793,0
V128G,0.001338903,0.001361432,0
V128H,0.00389233,0.003959228,0
V128I,0.015151823,0.015414371,0
V128K,0.003429424,0.003488279,0
V128L,0.021731188,0.022108062,0
V128M,0.005072816,0.005160227,0
V128N,0.001590562,0.001617464,0
V128P,0.000920472,0.00093573,0
V128Q,0.004138053,0.004209221,0
V128R,0.001754816,0.001784572,0
V128S,0.000690243,0.0007015,0
V128T,0.002208845,0.00224649,0
V128W,0.00272212,0.002768684,0
V128Y,0.002947499,0.002997979,0
A129C,0.00393969,0.004007411,0
A129D,0.002599819,0.002644258,0
A129E,0.001872636,0.001904439,0
A129F,0.005252205,0.005342733,0
A129G,0.045160688,0.045944683,0
A129H,0.002278247,0.002317098,0
A129I,0.005830245,0.005930817,0
A129K,0.001956476,0.001989736,0
A129L,0.002456087,0.002498028,0
A129M,0.002423598,0.002464975,0
A129N,0.007760347,0.007894458,0
A129P,0.001754329,0.001784076,0
A129Q,0.003618995,0.003681144,0
A129R,0.001414407,0.001438248,0
A129S,0.021837138,0.022215853,0
A129T,0.001265676,0.001286932,0
A129V,0.003409808,0.003468322,0
A129W,0.001968934,0.00200241,0
A129Y,0.003921017,0.003988414,0
S130A,0.023810137,0.024223135,0
S130C,0.024961903,0.025394915,0
S130D,0.022459266,0.022848791,0
S130E,0.14050815,0.142948943,1
S130F,0.03644481,0.037077354,0
S130G,0.024066531,0.024483985,0
S130H,0.025006897,0.025440691,0
S130I,0.005106695,0.005194695,0
S130K,0.106784854,0.108639656,1
S130L,0.016041648,0.016319658,0
S130M,0.037055234,0.037698385,0
S130N,0.015847974,0.016122619,0
S130P,0.001345588,0.001368233,0
S130Q,0.265548548,0.270162096,1
S130R,0.017022767,0.017317825,0
S130T,0.05898832,0.06001259,0
S130V,0.026638838,0.027100989,0
S130W,0.013491326,0.01372502,0
S130Y,0.008670592,0.008820519,0
S131A,0.03825017,0.038914085,0
S131C,0.001933725,0.00196659,0
S131D,0.003988255,0.00405682,0
S131E,0.003475476,0.003535131,0
S131F,0.030838383,0.031373507,0
S131G,0.024272388,0.024693419,0
S131H,0.006653305,0.006768179,0
S131I,0.059896808,0.060936864,0
S131K,0.004066312,0.004136233,0
S131L,0.099770003,0.101502912,0
S131M,0.051291578,0.052182106,0
S131N,0.006712267,0.006828166,0
S131P,0.009513011,0.009677577,0
S131Q,0.020999586,0.021363747,0
S131R,0.002582913,0.002627058,0
S131T,0.028088226,0.028575562,0
S131V,0.03494549,0.035551981,0
S131W,0.008024664,0.008163367,0
S131Y,0.035717284,0.036337186,0
G132A,0.006136784,0.006242683,0
G132C,0.00767384,0.007806447,0
G132D,0.000969447,0.000985556,0
G132E,0.001777139,0.001807283,0
G132F,0.00732529,0.007451841,0
G132H,0.000245123,0.000248646,0
G132I,0.001374876,0.00139803,0
G132K,0.002069985,0.002105217,0
G132L,0.001382281,0.001405564,0
G132M,0.002872266,0.002921439,0
G132N,0.001521351,0.00154705,0
G132P,0.0000955,0.0000964,0
G132Q,0.002706708,0.002753004,0
G132R,0.008032901,0.008171748,0
G132S,0.001608765,0.001635983,0
G132T,0.001593958,0.001620919,0
G132V,0.008526986,0.008674418,0
G132W,0.003497398,0.003557434,0
G132Y,0.005641821,0.005739119,0
T133A,0.034538351,0.035137767,0
T133C,0.01306236,0.013288601,0
T133D,0.008445447,0.008591462,0
T133E,0.026520506,0.026980601,0
T133F,0.004379161,0.004454519,0
T133G,0.01042157,0.010601923,0
T133H,0.015742327,0.016015136,0
T133I,0.009956675,0.01012895,0
T133K,0.024034707,0.024451608,0
T133L,0.005604291,0.005700937,0
T133M,0.010655314,0.010839729,0
T133N,0.005417628,0.00551103,0
T133P,0.001997485,0.002031458,0
T133Q,0.004175066,0.004246877,0
T133R,0.011825381,0.012030127,0
T133S,0.300030581,0.305243303,1
T133V,0.011734355,0.01193752,0
T133W,0.00584421,0.005945025,0
T133Y,0.018772415,0.019097876,0
L134A,0.003143853,0.003197745,0
L134C,0.00405601,0.004125752,0
L134D,0.005915284,0.006017334,0
L134E,0.002782098,0.002829704,0
L134F,0.027668098,0.028148134,0
L134G,0.053084635,0.05400632,0
L134H,0.002629033,0.00267398,0
L134I,0.025614247,0.026058594,0
L134K,0.002866308,0.002915378,0
L134M,0.0134414,0.013674227,0
L134N,0.010947297,0.011136785,0
L134P,0.002301903,0.002341165,0
L134Q,0.004441173,0.004517608,0
L134R,0.002175884,0.002212957,0
L134S,0.001143972,0.001163114,0
L134T,0.000981341,0.000997657,0
L134V,0.006390283,0.006500587,0
L134W,0.005581155,0.005677399,0
L134Y,0.001758351,0.001788168,0
E135A,0.005439599,0.005533383,0
E135C,0.002933331,0.002983565,0
E135D,0.006228354,0.006335844,0
E135F,0.007660317,0.007792689,0
E135G,0.003974151,0.004042471,0
E135H,0.000506843,0.000514914,0
E135I,0.003635281,0.003697713,0
E135K,0.005697506,0.005795772,0
E135L,0.004067193,0.00413713,0
E135M,0.000854539,0.000868651,0
E135N,0.00225123,0.002289612,0
E135P,0.001734477,0.001763879,0
E135Q,0.007526145,0.007656186,0
E135R,0.001544302,0.0015704,0
E135S,0.000829203,0.000842875,0
E135T,0.002945301,0.002995743,0
E135V,0.007697185,0.007830198,0
E135W,0.003487538,0.003547402,0
E135Y,0.002248778,0.002287117,0
F136A,0.000589073,0.000598572,0
F136C,0.002371463,0.002411934,0
F136D,0.003199017,0.003253868,0
F136E,0.004103778,0.00417435,0
F136G,0.000669581,0.000680479,0
F136H,0.008108587,0.008248749,0
F136I,0.001567249,0.001593746,0
F136K,0.000876891,0.000891392,0
F136L,0.002150634,0.002187268,0
F136M,0.005928669,0.006030951,0
F136N,0.000725538,0.000737409,0
F136P,0.002198005,0.002235462,0
F136Q,0.004385129,0.00446059,0
F136R,0.001039691,0.001057021,0
F136S,0.030634376,0.031165955,0
F136T,0.004833406,0.004916657,0
F136V,0.000855895,0.000870031,0
F136W,0.004403155,0.00447893,0
F136Y,0.008451165,0.008597279,0
N137A,0.011831827,0.012036685,0
N137C,0.0000311,0.0000309,0
N137D,0.007181006,0.00730505,0
N137E,0.17833909,0.181437249,1
N137F,0.14000757,0.142439664,1
N137G,0.000733584,0.000745594,0
N137H,0.051044283,0.051930514,0
N137I,0.044684867,0.045460594,0
N137K,0.021285358,0.021654485,0
N137L,0.001684158,0.001712686,0
N137M,0.02116907,0.021536176,0
N137P,0.0000456,0.0000457,0
N137Q,0.0729215,0.074187878,0
N137R,0.000701337,0.000712787,0
N137S,0.01262529,0.012843936,0
N137T,0.196047177,0.19945304,1
N137V,0.075097054,0.076401236,0
N137W,0.014559046,0.014811294,0
N137Y,0.13850843,0.140914475,1
N138A,0.052621058,0.053534687,0
N138C,0.000194364,0.000197005,0
N138D,0.022710659,0.023104552,0
N138E,0.356714539,0.362912226,1
N138F,0.013990232,0.014232596,0
N138G,0.003758192,0.003822759,0
N138H,0.171058959,0.174030616,1
N138I,0.007629491,0.007761328,0
N138K,0.003001119,0.003052531,0
N138L,0.005253652,0.005344205,0
N138M,0.007712327,0.007845603,0
N138P,0.018505627,0.018826452,0
N138Q,0.066462084,0.067616221,0
N138R,0.000752442,0.00076478,0
N138S,0.090200583,0.09176721,0
N138T,0.073140853,0.074411043,0
N138V,0.017628004,0.017933579,0
N138W,0.001152743,0.001172037,0
N138Y,0.035714217,0.036334066,0
E139A,0.001132503,0.001151445,0
E139C,0.000471532,0.000478989,0
E139D,0.001640676,0.001668449,0
E139F,0.001002102,0.001018778,0
E139G,0.001575857,0.001602503,0
E139H,0.002379313,0.00241992,0
E139I,0.001044801,0.001062219,0
E139K,0.003606023,0.003667946,0
E139L,0.002407631,0.00244873,0
E139M,0.005943186,0.006045721,0
E139N,0.000540142,0.000548791,0
E139P,0.004303191,0.004377228,0
E139Q,0.000875456,0.000889932,0
E139R,0.001535597,0.001561544,0
E139S,0.000327576,0.000332532,0
E139T,0.000858681,0.000872865,0
E139V,0.002294122,0.002333249,0
E139W,0.005444255,0.00553812,0
E139Y,0.000788666,0.000801634,0
S140A,0.067521043,0.068693581,0
S140C,0.001394256,0.001417747,0
S140D,0.050337354,0.051211301,0
S140E,0.136018675,0.138381457,1
S140F,0.096658418,0.098337259,0
S140G,0.008880102,0.00903367,0
S140H,0.071287905,0.072525897,0
S140I,0.019608084,0.019948066,0
S140K,0.0079297,0.008066753,0
S140L,0.010485709,0.010667177,0
S140M,0.012227067,0.012438793,0
S140N,0.330538747,0.336281592,1
S140P,0.029096676,0.029601536,0
S140Q,0.009614247,0.009780572,0
S140R,0.006013675,0.006117435,0
S140T,0.000879443,0.000893988,0
S140V,0.032299081,0.032859587,0
S140W,0.017876213,0.018186101,0
S140Y,0.0415633,0.042284785,0
F141A,0.000275899,0.000279957,0
F141C,0.007224517,0.007349317,0
F141D,0.000677573,0.00068861,0
F141E,0.002263401,0.002301994,0
F141G,0.000450762,0.000457858,0
F141H,0.002685451,0.002731378,0
F141I,0.005132094,0.005220535,0
F141K,0.00107242,0.001090318,0
F141L,0.006534954,0.006647772,0
F141M,0.002561947,0.002605728,0
F141N,0.000470595,0.000478036,0
F141P,0.000279233,0.000283348,0
F141Q,0.001542632,0.001568701,0
F141R,0.001463006,0.001487691,0
F141S,0.002535014,0.002578327,0
F141T,0.001782343,0.001812577,0
F141V,0.002229175,0.002267174,0
F141W,0.005913669,0.006015691,0
F141Y,0.001382702,0.001405992,0
N142A,0.00281587,0.002864063,0
N142C,0.00061209,0.000621989,0
N142D,0.064310244,0.06542699,0
N142E,0.035744329,0.036364701,0
N142F,0.002064846,0.002099989,0
N142G,0.009905188,0.010076568,0
N142H,0.003009191,0.003060743,0
N142I,0.021074436,0.021439898,0
N142K,0.001981102,0.00201479,0
N142L,0.003853693,0.00391992,0
N142M,0.014623948,0.014877323,0
N142P,0.000659661,0.000670387,0
N142Q,0.028703741,0.029201773,0
N142R,0.00265777,0.002703216,0
N142S,0.012373238,0.012587504,0
N142T,0.005110276,0.005198338,0
N142V,0.00349375,0.003553722,0
N142W,0.017901122,0.018211443,0
N142Y,0.005860442,0.005961539,0
W143A,0.001248467,0.001269424,0
W143C,0.027122762,0.027593322,0
W143D,0.000824557,0.000838148,0
W143E,0.000679791,0.000690867,0
W143F,0.020674267,0.021032775,0
W143G,0.001013976,0.001030859,0
W143H,0.004666011,0.004746353,0
W143I,0.013058316,0.013284486,0
W143K,0.004667717,0.004748089,0
W143L,0.004158135,0.004229652,0
W143M,0.012575456,0.012793236,0
W143N,0.001516628,0.001542245,0
W143P,0.001053843,0.001071418,0
W143Q,0.002972864,0.003023785,0
W143R,0.001271991,0.001293357,0
W143S,0.000492898,0.000500726,0
W143T,0.007792054,0.007926715,0
W143V,0.004477155,0.004554215,0
W143Y,0.012045511,0.012254082,0
T144A,0.026309233,0.026765657,0
T144C,0.002288202,0.002327226,0
T144D,0.018764189,0.019089507,0
T144E,0.088460681,0.089997075,0
T144F,0.014842532,0.015099706,0
T144G,0.005504747,0.005599663,0
T144H,0.051497034,0.052391132,0
T144I,0.014049271,0.014292661,0
T144K,0.009005593,0.009161341,0
T144L,0.01421491,0.014461178,0
T144M,0.036123902,0.03675087,0
T144N,0.021479519,0.02185202,0
T144P,0.027424887,0.027900697,0
T144Q,0.022465001,0.022854626,0
T144R,0.009312615,0.009473698,0
T144S,0.014156727,0.014401984,0
T144V,0.01716065,0.017458104,0
T144W,0.00963762,0.009804351,0
T144Y,0.014999702,0.015259607,0
G145A,0.003431399,0.003490288,0
G145C,0.00208016,0.002115569,0
G145D,0.024339491,0.024761688,0
G145E,0.037207316,0.03785311,0
G145F,0.079605682,0.080988208,0
G145H,0.002540113,0.002583515,0
G145I,0.00061704,0.000627025,0
G145K,0.002477782,0.0025201,0
G145L,0.000571476,0.00058067,0
G145M,0.003297488,0.00335405,0
G145N,0.061759988,0.062832419,0
G145P,0.002369118,0.002409548,0
G145Q,0.010532769,0.010715054,0
G145R,0.009887977,0.010059058,0
G145S,0.007808429,0.007943375,0
G145T,0.022661058,0.02305409,0
G145V,0.045798162,0.046593234,0
G145W,0.002755276,0.002802416,0
G145Y,0.003647434,0.003710077,0
V146A,0.008143609,0.008284379,0
V146C,0.0029958,0.00304712,0
V146D,0.004265233,0.004338611,0
V146E,0.001494283,0.001519512,0
V146F,0.003231633,0.003287051,0
V146G,0.004179824,0.004251718,0
V146H,0.024247362,0.024667958,0
V146I,0.013067553,0.013293884,0
V146K,0.00270013,0.002746312,0
V146L,0.004725974,0.004807358,0
V146M,0.006905293,0.007024546,0
V146N,0.009358387,0.009520266,0
V146P,0.000523092,0.000531445,0
V146Q,0.009504186,0.009668598,0
V146R,0.005584825,0.005681133,0
V146S,0.012725337,0.012945721,0
V146T,0.003841782,0.003907802,0
V146W,0.005417248,0.005510644,0
V146Y,0.02135337,0.021723679,0
T147A,0.019068263,0.019398865,0
T147C,0.00199544,0.002029377,0
T147D,0.006237301,0.006344946,0
T147E,0.009342729,0.009504336,0
T147F,0.001686312,0.001714877,0
T147G,0.009187637,0.009346549,0
T147H,0.01441596,0.014665721,0
T147I,0.039054203,0.039732089,0
T147K,0.004708408,0.004789487,0
T147L,0.03566714,0.036286171,0
T147M,0.021017073,0.021381538,0
T147N,0.032663977,0.033230824,0
T147P,0.003248221,0.003303927,0
T147Q,0.483186922,0.491582247,1
T147R,0.002780437,0.002828014,0
T147S,0.054774541,0.05572559,0
T147V,0.025099123,0.025534519,0
T147W,0.005390853,0.00548379,0
T147Y,0.001968572,0.002002042,0
Q148A,0.000655546,0.0006662,0
Q148C,0.024187288,0.02460684,0
Q148D,0.001402794,0.001426433,0
Q148E,0.7906361,0.804373792,1
Q148F,0.000764199,0.000776741,0
Q148G,0.000668422,0.0006793,0
Q148H,0.001724961,0.001754198,0
Q148I,0.00441964,0.004495701,0
Q148K,0.010842802,0.011030475,0
Q148L,0.000301707,0.000306213,0
Q148M,0.001256091,0.001277181,0
Q148N,0.001163434,0.001182914,0
Q148P,0.004864685,0.004948479,0
Q148R,0.000239981,0.000243414,0
Q148S,0.001236567,0.001257318,0
Q148T,0.001414267,0.001438105,0
Q148V,0.015589504,0.015859657,0
Q148W,0.001432423,0.001456577,0
Q148Y,0.000863586,0.000877855,0
N149A,0.00112272,0.001141492,0
N149C,0.000805762,0.000819027,0
N149D,0.395466812,0.402337875,1
N149E,0.011366142,0.011562908,0
N149F,0.002882315,0.002931663,0
N149G,0.005437758,0.00553151,0
N149H,0.003222665,0.003277927,0
N149I,0.00035441,0.000359832,0
N149K,0.001565829,0.001592301,0
N149L,0.001013615,0.001030491,0
N149M,0.005667921,0.005765673,0
N149P,0.000441357,0.00044829,0
N149Q,0.002666037,0.002711627,0
N149R,0.000372845,0.000378587,0
N149S,0.005223531,0.005313561,0
N149T,0.00168549,0.001714041,0
N149V,0.00052347,0.000531829,0
N149W,0.004330232,0.004404739,0
N149Y,0.002768447,0.002815816,0
G150A,0.006588819,0.006702573,0
G150C,0.001062846,0.001080578,0
G150D,0.001804093,0.001834705,0
G150E,0.010144724,0.010320266,0
G150F,0.00319264,0.00324738,0
G150H,0.194486056,0.197864792,1
G150I,0.003937841,0.00400553,0
G150K,0.00215582,0.002192544,0
G150L,0.01061444,0.010798144,0
G150M,0.007032199,0.007153657,0
G150N,0.001701665,0.001730497,0
G150P,0.000518333,0.000526603,0
G150Q,0.010885385,0.011073797,0
G150R,0.003156127,0.003210233,0
G150S,0.001986457,0.002020238,0
G150T,0.047270996,0.04809166,0
G150V,0.006927817,0.007047461,0
G150W,0.002721224,0.002767773,0
G150Y,0.002049062,0.002083931,0
T151A,0.042325361,0.043060088,0
T151C,0.000629674,0.000639879,0
T151D,0.000130607,0.00013214,0
T151E,0.062093045,0.063171264,0
T151F,0.001352639,0.001375406,0
T151G,0.000786773,0.000799708,0
T151H,0.003924923,0.003992388,0
T151I,0.001350648,0.001373381,0
T151K,0.001795437,0.001825899,0
T151L,0.00041157,0.000417985,0
T151M,0.003048158,0.003100388,0
T151N,0.021847366,0.022226259,0
T151P,0.0000632,0.0000636,0
T151Q,0.009276938,0.009437401,0
T151R,0.000172028,0.000174281,0
T151S,0.007089171,0.007211619,0
T151V,0.819945861,0.834192852,1
T151W,0.000174847,0.000177149,0
T151Y,0.00063209,0.000642337,0
S152A,0.005616993,0.00571386,0
S152C,0.009495585,0.009659848,0
S152D,0.008115818,0.008256105,0
S152E,0.005012963,0.005099334,0
S152F,0.004068523,0.004138483,0
S152G,0.012971414,0.013196074,0
S152H,0.002887671,0.002937112,0
S152I,0.007222962,0.007347735,0
S152K,0.005826205,0.005926707,0
S152L,0.001133704,0.001152667,0
S152M,0.002583491,0.002627646,0
S152N,0.035520966,0.036137457,0
S152P,0.000790191,0.000803185,0
S152Q,0.024998803,0.025432456,0
S152R,0.00174355,0.00177311,0
S152T,0.360418045,0.366680086,1
S152V,0.001136558,0.001155571,0
S152W,0.005297656,0.005388974,0
S152Y,0.001930421,0.001963228,0
S153A,0.123842832,0.125994041,1
S153C,0.001669997,0.001698279,0
S153D,0.009040832,0.009197193,0
S153E,0.023542746,0.023951098,0
S153F,0.061386662,0.062452606,0
S153G,0.071351099,0.072590189,0
S153H,0.035002216,0.035609693,0
S153I,0.005363709,0.005456175,0
S153K,0.009410983,0.009573776,0
S153L,0.004393916,0.00446953,0
S153M,0.013941794,0.014183316,0
S153N,0.017726278,0.018033561,0
S153P,0.005859796,0.005960882,0
S153Q,0.006515094,0.006627566,0
S153R,0.00592104,0.00602319,0
S153T,0.031998776,0.032554064,0
S153V,0.021115831,0.021482012,0
S153W,0.007088277,0.007210709,0
S153Y,0.021398362,0.021769452,0
A154C,0.002027925,0.002062427,0
A154D,0.007048143,0.007169878,0
A154E,0.000655706,0.000666363,0
A154F,0.01043054,0.010611049,0
A154G,0.007003594,0.007124555,0
A154H,0.035815086,0.036436688,0
A154I,0.000462647,0.00046995,0
A154K,0.000703183,0.000714665,0
A154L,0.143664189,0.146159822,1
A154M,0.01243966,0.01265508,0
A154N,0.004503849,0.004581373,0
A154P,0.000531488,0.000539987,0
A154Q,0.027424253,0.027900052,0
A154R,0.000278929,0.000283039,0
A154S,0.01315389,0.013381721,0
A154T,0.278557333,0.283396927,1
A154V,0.00058568,0.00059512,0
A154W,0.07127925,0.072517092,0
A154Y,0.313249077,0.31869149,1
C155A,0.001441332,0.001465641,0
C155D,0.001125221,0.001144037,0
C155E,0.003079647,0.003132424,0
C155F,0.030630741,0.031162257,0
C155G,0.002459768,0.002501773,0
C155H,0.005798064,0.005898077,0
C155I,0.005896184,0.005997902,0
C155K,0.003671572,0.003734634,0
C155L,0.000867063,0.000881393,0
C155M,0.001375762,0.001398931,0
C155N,0.004891017,0.004975269,0
C155P,0.001531299,0.001557171,0
C155Q,0.001418116,0.001442021,0
C155R,0.001591786,0.001618709,0
C155S,0.002457071,0.00249903,0
C155T,0.00274977,0.002796815,0
C155V,0.005057823,0.005144973,0
C155W,0.007950482,0.008087896,0
C155Y,0.021977044,0.02235819,0
I156A,0.006262278,0.006370357,0
I156C,0.018026463,0.018338962,0
I156D,0.009645787,0.00981266,0
I156E,0.011051029,0.01124232,0
I156F,0.004501615,0.0045791,0
I156G,0.005846611,0.005947468,0
I156H,0.009779509,0.009948705,0
I156K,0.003412072,0.003470625,0
I156L,0.026467783,0.026926962,0
I156M,0.071278825,0.07251666,0
I156N,0.06024154,0.061287586,0
I156P,0.078632531,0.079998147,0
I156Q,0.216952121,0.220721237,1
I156R,0.004931138,0.005016087,0
I156S,0.0081953,0.008336968,0
I156T,0.034133752,0.034726138,0
I156V,0.010388935,0.010568721,0
I156W,0.01604057,0.016318561,0
I156Y,0.009788824,0.009958182,0
R157A,0.009061379,0.009218097,0
R157C,0.009423906,0.009586923,0
R157D,0.061580364,0.062649674,0
R157E,0.005087232,0.005174893,0
R157F,0.017088598,0.0173848,0
R157G,0.002488475,0.002530979,0
R157H,0.052686445,0.05360121,0
R157I,0.00360146,0.003663304,0
R157K,0.023383996,0.02378959,0
R157L,0.00611064,0.006216084,0
R157M,0.02922515,0.029732242,0
R157N,0.03461192,0.035212615,0
R157P,0.002386033,0.002426757,0
R157Q,0.029601075,0.030114699,0
R157S,0.08828383,0.089817151,0
R157T,0.011259447,0.011454359,0
R157V,0.01258371,0.012801633,0
R157W,0.024701969,0.025130464,0
R157Y,0.016509935,0.016796082,0
R158A,0.052786662,0.053703169,0
R158C,0.000505567,0.000513615,0
R158D,0.256754502,0.261215241,1
R158E,0.105035581,0.106859987,1
R158F,0.002194889,0.002232292,0
R158G,0.047918391,0.048750305,0
R158H,0.028643994,0.029140988,0
R158I,0.001218013,0.001238441,0
R158K,0.017761102,0.01806899,0
R158L,0.000663455,0.000674247,0
R158M,0.009678658,0.009846102,0
R158N,0.294264857,0.299377392,1
R158P,0.000120943,0.000122308,0
R158Q,0.153451358,0.156117057,1
R158S,0.00480396,0.004886699,0
R158T,0.006242541,0.006350277,0
R158V,0.000159615,0.000161652,0
R158W,0.002427438,0.002468882,0
R158Y,0.000528086,0.000536526,0
S159A,0.013707145,0.01394459,0
S159C,0.000113274,0.000114506,0
S159D,0.026918374,0.027385383,0
S159E,0.016441714,0.016726676,0
S159F,0.001374569,0.001397718,0
S159G,0.877664661,0.892914599,1
S159H,0.003594172,0.003655889,0
S159I,0.000175406,0.000177717,0
S159K,0.003495866,0.003555875,0
S159L,0.000442302,0.000449251,0
S159M,0.00681519,0.006932877,0
S159N,0.011935885,0.012142551,0
S159P,0.000280804,0.000284947,0
S159Q,0.018104589,0.018418445,0
S159R,0.000232757,0.000236065,0
S159T,0.003777255,0.003842154,0
S159V,0.000236154,0.000239521,0
S159W,0.004469499,0.004546426,0
S159Y,0.000157073,0.000159066,0
K160A,0.007053444,0.007175271,0
K160C,0.001778001,0.00180816,0
K160D,0.002481366,0.002523747,0
K160E,0.365123383,0.371467186,1
K160F,0.003535309,0.003596003,0
K160G,0.007064458,0.007186476,0
K160H,0.029530032,0.030042422,0
K160I,0.006039399,0.006143606,0
K160L,0.00101212,0.00102897,0
K160M,0.0032969,0.003353452,0
K160N,0.00363129,0.003693652,0
K160P,0.000161518,0.000163588,0
K160Q,0.443760396,0.451470629,1
K160R,0.00896194,0.00911693,0
K160S,0.022577316,0.022968892,0
K160T,0.017761549,0.018069445,0
K160V,0.005875421,0.005976778,0
K160W,0.000657022,0.000667702,0
K160Y,0.006881805,0.00700065,0
N161A,0.044446685,0.045218273,0
N161C,0.000326858,0.000331801,0
N161D,0.001347805,0.001370488,0
N161E,0.003672131,0.003735203,0
N161F,0.001333434,0.001355868,0
N161G,0.004722285,0.004803605,0
N161H,0.005827111,0.005927629,0
N161I,0.001477352,0.001502287,0
N161K,0.001183277,0.001203102,0
N161L,0.000839539,0.000853391,0
N161M,0.000323179,0.000328058,0
N161P,0.826034976,0.840387774,1
N161Q,0.05669231,0.057676683,0
N161R,0.000138458,0.000140127,0
N161S,0.010537721,0.010720092,0
N161T,0.007080108,0.007202398,0
N161V,0.00105126,0.001068791,0
N161W,0.003141731,0.003195586,0
N161Y,0.001317958,0.001340123,0
S162A,0.004474212,0.004551221,0
S162C,0.038266429,0.038930626,0
S162D,0.01075861,0.01094482,0
S162E,0.003150036,0.003204036,0
S162F,0.018120448,0.01843458,0
S162G,0.014264787,0.014511921,0
S162H,0.001059903,0.001077584,0
S162I,0.009380055,0.00954231,0
S162K,0.001937494,0.001970424,0
S162L,0.000735882,0.000747932,0
S162M,0.006260879,0.006368934,0
S162N,0.010159872,0.010335678,0
S162P,0.000166683,0.000168843,0
S162Q,0.003401422,0.00345979,0
S162R,0.001560474,0.001586853,0
S162T,0.000501846,0.00050983,0
S162V,0.005946749,0.006049346,0
S162W,0.002519415,0.002562457,0
S162Y,0.001365946,0.001388945,0
F163A,0.000986448,0.001002852,0
F163C,0.005162737,0.00525171,0
F163D,0.001761137,0.001791003,0
F163E,0.002627451,0.00267237,0
F163G,0.001806773,0.001837432,0
F163H,0.000695061,0.000706402,0
F163I,0.00819944,0.00834118,0
F163K,0.000444319,0.000451303,0
F163L,0.003060091,0.003112528,0
F163M,0.005941129,0.006043628,0
F163N,0.001785107,0.001815389,0
F163P,0.001834518,0.001865659,0
F163Q,0.001564765,0.001591218,0
F163R,0.00053695,0.000545544,0
F163S,0.007831054,0.007966393,0
F163T,0.000543085,0.000551785,0
F163V,0.001468154,0.001492929,0
F163W,0.009548634,0.009713819,0
F163Y,0.010578214,0.010761289,0
F164A,0.001392223,0.001415678,0
F164C,0.00109023,0.001108438,0
F164D,0.004959757,0.005045203,0
F164E,0.00155789,0.001584224,0
F164G,0.00132213,0.001344367,0
F164H,0.000660481,0.000671221,0
F164I,0.000501031,0.000509001,0
F164K,0.002688211,0.002734186,0
F164L,0.000685744,0.000696923,0
F164M,0.002650795,0.00269612,0
F164N,0.00050661,0.000514676,0
F164P,0.009752702,0.009921433,0
F164Q,0.001080024,0.001098054,0
F164R,0.003906991,0.003974144,0
F164S,0.001778518,0.001808686,0
F164T,0.000369459,0.000375142,0
F164V,0.003460769,0.003520168,0
F164W,0.002194855,0.002232257,0
F164Y,0.018451534,0.018771419,0
S165A,0.022570791,0.022962254,0
S165C,0.002475495,0.002517774,0
S165D,0.011838376,0.012043348,0
S165E,0.073160136,0.074430661,0
S165F,0.003375804,0.003433727,0
S165G,0.002078203,0.002113578,0
S165H,0.002619711,0.002664496,0
S165I,0.000176982,0.000179321,0
S165K,0.002826618,0.002874998,0
S165L,0.008366122,0.008510759,0
S165M,0.005657239,0.005754805,0
S165N,0.006244427,0.006352196,0
S165P,0.001902784,0.001935111,0
S165Q,0.005872561,0.005973869,0
S165R,0.001937853,0.001970789,0
S165T,0.007327377,0.007453964,0
S165V,0.000688794,0.000700026,0
S165W,0.007973537,0.008111352,0
S165Y,0.002503975,0.002546749,0
R166A,0.005149595,0.00523834,0
R166C,0.019229028,0.019562423,0
R166D,0.002891047,0.002940546,0
R166E,0.003390677,0.003448858,0
R166F,0.0018711,0.001902876,0
R166G,0.004568706,0.004647357,0
R166H,0.017403493,0.017705167,0
R166I,0.014815798,0.015072507,0
R166K,0.022056976,0.022439511,0
R166L,0.001039857,0.001057189,0
R166M,0.007882907,0.008019147,0
R166N,0.035942656,0.036566474,0
R166P,0.006087048,0.006192083,0
R166Q,0.004238374,0.004311285,0
R166S,0.002217381,0.002255175,0
R166T,0.026649481,0.027111817,0
R166V,0.002188344,0.002225633,0
R166W,0.021631151,0.022006286,0
R166Y,0.006947269,0.007067251,0
L167A,0.004692681,0.004773486,0
L167C,0.000887933,0.000902626,0
L167D,0.005316319,0.005407961,0
L167E,0.001708429,0.001737379,0
L167F,0.008914215,0.009068376,0
L167G,0.002402773,0.002443788,0
L167H,0.002208311,0.002245947,0
L167I,0.011101183,0.011293345,0
L167K,0.028188756,0.028677839,0
L167M,0.004878062,0.004962089,0
L167N,0.000339194,0.000344351,0
L167P,0.000225073,0.000228247,0
L167Q,0.002190456,0.002227782,0
L167R,0.001971324,0.002004842,0
L167S,0.034303825,0.034899166,0
L167T,0.001856579,0.001888103,0
L167V,0.00087088,0.000885276,0
L167W,0.008008796,0.008147224,0
L167Y,0.000787495,0.000800442,0
N168A,0.000941191,0.000956809,0
N168C,0.002200653,0.002238156,0
N168D,0.008591172,0.008739719,0
N168E,0.009442044,0.009605376,0
N168F,0.000669451,0.000680347,0
N168G,0.000497597,0.000505507,0
N168H,0.002174638,0.002211689,0
N168I,0.000568877,0.000578025,0
N168K,0.005187918,0.005277329,0
N168L,0.00029617,0.00030058,0
N168M,0.005834533,0.00593518,0
N168P,0.000765145,0.000777704,0
N168Q,0.000629114,0.000639309,0
N168R,0.003810722,0.003876202,0
N168S,0.001566069,0.001592545,0
N168T,0.005247603,0.005338051,0
N168V,0.0040245,0.004093695,0
N168W,0.003112896,0.00316625,0
N168Y,0.003920651,0.003988041,0
W169A,0.00062716,0.000637321,0
W169C,0.007223258,0.007348036,0
W169D,0.000891328,0.00090608,0
W169E,0.003070146,0.003122758,0
W169F,0.00425448,0.004327671,0
W169G,0.004620779,0.004700335,0
W169H,0.003685541,0.003748846,0
W169I,0.007869488,0.008005495,0
W169K,0.002943989,0.002994408,0
W169L,0.0060741,0.00617891,0
W169M,0.003997276,0.004065998,0
W169N,0.001241615,0.001262453,0
W169P,0.002643457,0.002688654,0
W169Q,0.00520989,0.005299683,0
W169R,0.002671398,0.002717081,0
W169S,0.001730987,0.001760329,0
W169T,0.000976024,0.000992247,0
W169V,0.000655951,0.000666613,0
W169Y,0.001269286,0.001290605,0
L170A,0.005086815,0.005174469,0
L170C,0.000667427,0.000678288,0
L170D,0.004305503,0.004379581,0
L170E,0.008830718,0.008983428,0
L170F,0.010730467,0.010916188,0
L170G,0.001659532,0.001687632,0
L170H,0.004044308,0.004113847,0
L170I,0.063527495,0.064630639,0
L170K,0.001026603,0.001043705,0
L170M,0.007200737,0.007325123,0
L170N,0.006768307,0.006885179,0
L170P,0.002623833,0.002668689,0
L170Q,0.004978891,0.00506467,0
L170R,0.001220768,0.001241244,0
L170S,0.03168668,0.032236545,0
L170T,0.000828728,0.000842392,0
L170V,0.007808733,0.007943684,0
L170W,0.018827991,0.019154418,0
L170Y,0.001741401,0.001770924,0
T171A,0.002169608,0.002206571,0
T171C,0.009819607,0.0099895,0
T171D,0.010389976,0.01056978,0
T171E,0.006245313,0.006353098,0
T171F,0.008033008,0.008171856,0
T171G,0.013560773,0.013795674,0
T171H,0.009627436,0.00979399,0
T171I,0.009904254,0.010075618,0
T171K,0.000356665,0.000362126,0
T171L,0.000733658,0.00074567,0
T171M,0.001358732,0.001381605,0
T171N,0.000600084,0.000609775,0
T171P,0.001168434,0.001188001,0
T171Q,0.016918753,0.017212004,0
T171R,0.001881958,0.001913923,0
T171S,0.091616467,0.093207697,0
T171V,0.001813997,0.001844781,0
T171W,0.001570664,0.00159722,0
T171Y,0.000722978,0.000734804,0
H172A,0.166713368,0.169609514,1
H172C,0.010245799,0.010423098,0
H172D,0.004396388,0.004472045,0
H172E,0.012232823,0.012444649,0
H172F,0.007099539,0.007222167,0
H172G,0.090414846,0.091985196,0
H172I,0.003031874,0.003083821,0
H172K,0.036217905,0.036846506,0
H172L,0.004428311,0.004504523,0
H172M,0.050525007,0.051402214,0
H172N,0.060130459,0.061174575,0
H172P,0.038641227,0.039311937,0
H172Q,0.030560295,0.031090587,0
H172R,0.00414062,0.004211833,0
H172S,0.081954388,0.083377726,0
H172T,0.007557934,0.007688527,0
H172V,0.004346994,0.004421793,0
H172W,0.001435265,0.001459468,0
H172Y,0.004388952,0.00446448,0
L173A,0.035838929,0.036460945,0
L173C,0.000438585,0.000445469,0
L173D,0.091516562,0.093106056,0
L173E,0.624127093,0.634971454,1
L173F,0.004819266,0.004902271,0
L173G,0.003189962,0.003244656,0
L173H,0.036047912,0.036673559,0
L173I,0.002166165,0.002203069,0
L173K,0.005060661,0.005147861,0
L173M,0.011460726,0.011659136,0
L173N,0.02900353,0.029506771,0
L173P,0.001886218,0.001918257,0
L173Q,0.031245876,0.031788081,0
L173R,0.00070961,0.000721204,0
L173S,0.081923861,0.083346668,0
L173T,0.006649025,0.006763825,0
L173V,0.001300059,0.001321913,0
L173W,0.001302709,0.001324609,0
L173Y,0.008103667,0.008243743,0
N174A,0.000614348,0.000624287,0
N174C,0.0000572,0.0000575,0
N174D,0.583317675,0.593452914,1
N174E,0.04144518,0.042164612,0
N174F,0.000342455,0.000347669,0
N174G,0.094450943,0.096091426,0
N174H,0.007031151,0.007152591,0
N174I,0.000238648,0.000242058,0
N174K,0.002102615,0.002138414,0
N174L,0.000415863,0.000422353,0
N174M,0.001184545,0.001204392,0
N174P,0.001959485,0.001992797,0
N174Q,0.003857101,0.003923387,0
N174R,0.000867013,0.000881342,0
N174S,0.005666251,0.005763974,0
N174T,0.004828878,0.00491205,0
N174V,0.0010351,0.00105235,0
N174W,0.004456141,0.004532836,0
N174Y,0.002279317,0.002318187,0
F175A,0.002832907,0.002881396,0
F175C,0.0000306,0.0000304,0
F175D,0.004123635,0.004194552,0
F175E,0.000932568,0.000948036,0
F175G,0.862205285,0.877186594,1
F175H,0.025705139,0.026151066,0
F175I,0.00000881,0.00000823,0
F175K,0.002913351,0.002963238,0
F175L,0.000609658,0.000619515,0
F175M,0.001117462,0.001136143,0
F175N,0.056159231,0.057134341,0
F175P,0.00044219,0.000449137,0
F175Q,0.030066866,0.030588584,0
F175R,0.000347008,0.000352301,0
F175S,0.005516816,0.005611942,0
F175T,0.001821755,0.001852674,0
F175V,0.000515103,0.000523317,0
F175W,0.000392448,0.000398531,0
F175Y,0.001720926,0.001750093,0
K176A,0.007736993,0.007870698,0
K176C,0.00016214,0.000164221,0
K176D,0.062530335,0.063616152,0
K176E,0.194015198,0.197385752,1
K176F,0.000238077,0.000241477,0
K176G,0.007026419,0.007147776,0
K176H,0.013481009,0.013714524,0
K176I,0.000549442,0.000558253,0
K176L,0.001822461,0.001853392,0
K176M,0.006585509,0.006699205,0
K176N,0.032812188,0.03338161,0
K176P,0.001977115,0.002010734,0
K176Q,0.027272721,0.027745887,0
K176R,0.009746542,0.009915165,0
K176S,0.306030702,0.311347685,1
K176T,0.291679836,0.296747452,1
K176V,0.005894413,0.0059961,0
K176W,0.000439269,0.000446165,0
K176Y,0.000881822,0.000896408,0
Y177A,0.000951983,0.000967788,0
Y177C,0.000541689,0.000550365,0
Y177D,0.001488592,0.001513722,0
Y177E,0.002065769,0.002100928,0
Y177F,0.835422465,0.849938384,1
Y177G,0.000810676,0.000824026,0
Y177H,0.004901479,0.004985913,0
Y177I,0.000140939,0.000142651,0
Y177K,0.000272865,0.00027687,0
Y177L,0.000697406,0.000708788,0
Y177M,0.024952617,0.025385468,0
Y177N,0.000427055,0.000433739,0
Y177P,0.00080309,0.000816308,0
Y177Q,0.000813363,0.00082676,0
Y177R,0.000178616,0.000180983,0
Y177S,0.001267097,0.001288378,0
Y177T,0.001070731,0.0010886,0
Y177V,0.000162995,0.000165091,0
Y177W,0.098008747,0.099711052,0
P178A,0.012525153,0.012742059,0
P178C,0.003117383,0.003170815,0
P178D,0.064667251,0.0657902,0
P178E,0.040229771,0.040928084,0
P178F,0.004816365,0.00489932,0
P178G,0.015235829,0.015499837,0
P178H,0.006052456,0.006156889,0
P178I,0.005211646,0.005301469,0
P178K,0.005529368,0.005624712,0
P178L,0.000979812,0.000996101,0
P178M,0.010107765,0.010282665,0
P178N,0.016313391,0.016596123,0
P178Q,0.018749206,0.019074264,0
P178R,0.000734288,0.000746311,0
P178S,0.02596071,0.026411078,0
P178T,0.021893146,0.022272834,0
P178V,0.005153681,0.005242497,0
P178W,0.011046523,0.011237735,0
P178Y,0.003014894,0.003066545,0
A179C,0.003025231,0.003077062,0
A179D,0.017416811,0.017718716,0
A179E,0.145415411,0.147941474,1
A179F,0.051615921,0.052512085,0
A179G,0.003153212,0.003207267,0
A179H,0.025985186,0.026435979,0
A179I,0.027316895,0.027790828,0
A179K,0.000551778,0.000560629,0
A179L,0.014984169,0.015243804,0
A179M,0.046509505,0.047316937,0
A179N,0.010351253,0.010530384,0
A179P,0.116623916,0.118649686,1
A179Q,0.039041128,0.039718787,0
A179R,0.001519431,0.001545097,0
A179S,0.072815422,0.074079957,0
A179T,0.163382241,0.166220504,1
A179V,0.027054502,0.027523876,0
A179W,0.034346367,0.034942447,0
A179Y,0.068333593,0.06952025,0
L180A,0.0000512,0.0000514,0
L180C,0.0000312,0.000031,0
L180D,0.000045,0.000045,0
L180E,0.000200881,0.000203635,0
L180F,0.002109264,0.002145179,0
L180G,0.0000433,0.0000433,0
L180H,0.001050537,0.001068055,0
L180I,0.00355377,0.003614785,0
L180K,0.0000395,0.0000394,0
L180M,0.000226507,0.000229706,0
L180N,0.000530988,0.000539478,0
L180P,0.000212988,0.000215952,0
L180Q,0.982921082,1,1
L180R,0.0000154,0.0000149,0
L180S,0.0000825,0.0000832,0
L180T,0.000252339,0.000255987,0
L180V,0.0005797,0.000589037,0
L180W,0.000360972,0.000366508,0
L180Y,0.000201336,0.000204098,0
N181A,0.003426119,0.003484916,0
N181C,0.00317443,0.003228854,0
N181D,0.021791674,0.022169599,0
N181E,0.10474383,0.106563167,1
N181F,0.025127554,0.025563444,0
N181G,0.00915481,0.009313151,0
N181H,0.01030548,0.010483816,0
N181I,0.006000212,0.006103738,0
N181K,0.006809715,0.006927307,0
N181L,0.003494394,0.003554377,0
N181M,0.009407846,0.009570584,0
N181P,0.003041867,0.003093987,0
N181Q,0.006405665,0.006516236,0
N181R,0.000736873,0.000748941,0
N181S,0.005157907,0.005246796,0
N181T,0.007319079,0.007445522,0
N181V,0.020487217,0.020842475,0
N181W,0.010013188,0.010186445,0
N181Y,0.004326673,0.004401119,0
V182A,0.061798044,0.062871137,0
V182C,0.004431292,0.004507555,0
V182D,0.001037003,0.001054286,0
V182E,0.015334488,0.01560021,0
V182F,0.0017261,0.001755357,0
V182G,0.003120353,0.003173837,0
V182H,0.001564284,0.001590729,0
V182I,0.026822404,0.027287745,0
V182K,0.000721273,0.00073307,0
V182L,0.020993766,0.021357826,0
V182M,0.014692988,0.014947563,0
V182N,0.002162059,0.002198891,0
V182P,0.01406401,0.014307656,0
V182Q,0.003059872,0.003112305,0
V182R,0.002374351,0.002414872,0
V182S,0.001720683,0.001749846,0
V182T,0.012765227,0.012986304,0
V182W,0.010050529,0.010224435,0
V182Y,0.002481221,0.002523599,0
T183A,0.004123475,0.00419439,0
T183C,0.002324564,0.00236422,0
T183D,0.000753196,0.000765547,0
T183E,0.000590939,0.000600471,0
T183F,0.00575578,0.005855058,0
T183G,0.000830802,0.000844502,0
T183H,0.001344577,0.001367204,0
T183I,0.001369712,0.001392776,0
T183K,0.0004729,0.000480381,0
T183L,0.000500722,0.000508686,0
T183M,0.002142037,0.002178521,0
T183N,0.001429138,0.001453235,0
T183P,0.001155208,0.001174545,0
T183Q,0.00069501,0.00070635,0
T183R,0.0005387,0.000547324,0
T183S,0.827866012,0.842250627,1
T183V,0.001034545,0.001051785,0
T183W,0.001292218,0.001313936,0
T183Y,0.001323026,0.001345279,0
M184A,0.001743899,0.001773465,0
M184C,0.006889697,0.007008679,0
M184D,0.001726181,0.001755439,0
M184E,0.002235607,0.002273717,0
M184F,0.003230607,0.003286007,0
M184G,0.000626902,0.000637059,0
M184H,0.001060436,0.001078126,0
M184I,0.088436241,0.08997221,0
M184K,0.002753719,0.002800832,0
M184L,0.002195835,0.002233254,0
M184N,0.000482988,0.000490644,0
M184P,0.000234313,0.000237648,0
M184Q,0.06903615,0.070235015,0
M184R,0.000706579,0.00071812,0
M184S,0.001648784,0.001676697,0
M184T,0.002882438,0.002931788,0
M184V,0.003627307,0.0036896,0
M184W,0.000524911,0.000533295,0
M184Y,0.002135391,0.00217176,0
P185A,0.011415789,0.011613418,0
P185C,0.002276626,0.002315449,0
P185D,0.002151805,0.002188459,0
P185E,0.029448362,0.029959333,0
P185F,0.001651102,0.001679056,0
P185G,0.001325749,0.001348049,0
P185H,0.009664285,0.009831479,0
P185I,0.012955943,0.013180334,0
P185K,0.01268016,0.012899759,0
P185L,0.023145955,0.023547412,0
P185M,0.006605266,0.006719305,0
P185N,0.00229133,0.002330409,0
P185Q,0.014348929,0.014597526,0
P185R,0.028043371,0.028529928,0
P185S,0.007573365,0.007704226,0
P185T,0.008029939,0.008168734,0
P185V,0.026052696,0.026504662,0
P185W,0.030740824,0.031274253,0
P185Y,0.002659938,0.002705422,0
N186A,0.002012135,0.002046362,0
N186C,0.001601073,0.001628157,0
N186D,0.003664574,0.003727515,0
N186E,0.002880042,0.00292935,0
N186F,0.000289308,0.000293599,0
N186G,0.002144982,0.002181518,0
N186H,0.000302924,0.000307451,0
N186I,0.001560624,0.001587005,0
N186K,0.005124763,0.005213076,0
N186L,0.000470402,0.000477839,0
N186M,0.00581418,0.005914473,0
N186P,0.002195279,0.002232689,0
N186Q,0.001677099,0.001705504,0
N186R,0.00047134,0.000478794,0
N186S,0.004635006,0.004714809,0
N186T,0.002267614,0.00230628,0
N186V,0.001377814,0.001401019,0
N186W,0.012350934,0.012564812,0
N186Y,0.000450453,0.000457544,0
N187A,0.004321424,0.004395778,0
N187C,0.002664242,0.0027098,0
N187D,0.014931071,0.015189783,0
N187E,0.023168036,0.023569877,0
N187F,0.006371951,0.006481936,0
N187G,0.002047986,0.002082836,0
N187H,0.065172259,0.066303983,0
N187I,0.001014335,0.001031224,0
N187K,0.031905321,0.032458985,0
N187L,0.045966835,0.046764838,0
N187M,0.021989065,0.02237042,0
N187P,0.00075111,0.000763425,0
N187Q,0.046333709,0.047138087,0
N187R,0.042947721,0.043693262,0
N187S,0.013206496,0.013435241,0
N187T,0.056195317,0.057171054,0
N187V,0.007565788,0.007696518,0
N187W,0.018743506,0.019068465,0
N187Y,0.098848573,0.100565471,0
E188A,0.002978854,0.003029879,0
E188C,0.002644055,0.002689263,0
E188D,0.09297471,0.094589542,0
E188F,0.002968645,0.003019493,0
E188G,0.016531578,0.016818101,0
E188H,0.006030811,0.006134868,0
E188I,0.001003281,0.001019978,0
E188K,0.017617494,0.017922886,0
E188L,0.00439616,0.004471813,0
E188M,0.018602961,0.018925477,0
E188N,0.06229746,0.063379231,0
E188P,0.000828556,0.000842217,0
E188Q,0.044740331,0.045517021,0
E188R,0.00918568,0.009344558,0
E188S,0.005852871,0.005953836,0
E188T,0.000643293,0.000653735,0
E188V,0.045347721,0.046134966,0
E188W,0.015501556,0.015770181,0
E188Y,0.007400484,0.007528341,0
Q189A,0.057417227,0.058414197,0
Q189C,0.010867876,0.011055984,0
Q189D,0.047366333,0.048188654,0
Q189E,0.083241518,0.084687221,0
Q189F,0.032912637,0.033483804,0
Q189G,0.022387898,0.022776183,0
Q189H,0.029997918,0.030518438,0
Q189I,0.022803976,0.023199491,0
Q189K,0.239648411,0.243811907,1
Q189L,0.031573848,0.032121752,0
Q189M,0.022247844,0.022633695,0
Q189N,0.131461707,0.133745305,1
Q189P,0.062182924,0.063262704,0
Q189R,0.009207135,0.009366386,0
Q189S,0.044063624,0.044828556,0
Q189T,0.037940897,0.038599438,0
Q189V,0.027205865,0.027677869,0
Q189W,0.010961738,0.011151477,0
Q189Y,0.014354948,0.014603649,0
F190A,0.002776798,0.002824312,0
F190C,0.003671644,0.003734707,0
F190D,0.003259098,0.003314993,0
F190E,0.008176001,0.008317334,0
F190G,0.001286368,0.001307984,0
F190H,0.14084873,0.143295441,1
F190I,0.002204032,0.002241594,0
F190K,0.00083316,0.000846901,0
F190L,0.00586613,0.005967326,0
F190M,0.005776518,0.005876157,0
F190N,0.001831845,0.001862939,0
F190P,0.001292766,0.001314493,0
F190Q,0.002767049,0.002814394,0
F190R,0.001291909,0.001313621,0
F190S,0.002284342,0.002323299,0
F190T,0.009501829,0.0096662,0
F190V,0.00731045,0.007436743,0
F190W,0.014600986,0.014853962,0
F190Y,0.125193814,0.127368498,1
D191A,0.006564684,0.006678018,0
D191C,0.006742954,0.006859386,0
D191E,0.021372026,0.021742659,0
D191F,0.01345016,0.013683139,0
D191G,0.003343605,0.003400968,0
D191H,0.003966007,0.004034185,0
D191I,0.009176982,0.009335709,0
D191K,0.00587967,0.005981101,0
D191L,0.000427087,0.000433772,0
D191M,0.015924151,0.016200119,0
D191N,0.030279698,0.030805114,0
D191P,0.05840212,0.059416203,0
D191Q,0.011347428,0.011543869,0
D191R,0.007892207,0.008028609,0
D191S,0.032660767,0.033227558,0
D191T,0.061096759,0.062157666,0
D191V,0.042842575,0.043586289,0
D191W,0.028666521,0.029163906,0
D191Y,0.025002548,0.025436266,0
K192A,0.002106461,0.002142327,0
K192C,0.000748497,0.000760767,0
K192D,0.001885428,0.001917453,0
K192E,0.004920206,0.005004965,0
K192F,0.001220982,0.001241462,0
K192G,0.000943471,0.000959129,0
K192H,0.001231444,0.001252106,0
K192I,0.005420584,0.005514038,0
K192L,0.001124862,0.001143671,0
K192M,0.000798692,0.000811834,0
K192N,0.013979747,0.014221928,0
K192P,0.005640117,0.005737385,0
K192Q,0.002644002,0.002689209,0
K192R,0.005893621,0.005995294,0
K192S,0.000776438,0.000789193,0
K192T,0.002816372,0.002864574,0
K192V,0.000965331,0.000981368,0
K192W,0.001770653,0.001800684,0
K192Y,0.001764486,0.00179441,0
L193A,0.003519052,0.003579464,0
L193C,0.001870072,0.001901831,0
L193D,0.005071617,0.005159007,0
L193E,0.001178371,0.00119811,0
L193F,0.007917559,0.008054401,0
L193G,0.003290633,0.003347076,0
L193H,0.001757941,0.001787751,0
L193I,0.001558782,0.001585131,0
L193K,0.001972159,0.002005691,0
L193M,0.016440946,0.016725894,0
L193N,0.002071375,0.002106632,0
L193P,0.000891234,0.000905984,0
L193Q,0.000635669,0.000645978,0
L193R,0.000326921,0.000331865,0
L193S,0.005710145,0.00580863,0
L193T,0.002239661,0.002277842,0
L193V,0.00233045,0.002370208,0
L193W,0.003736226,0.003800412,0
L193Y,0.01147324,0.011671867,0
Y194A,0.003595919,0.003657667,0
Y194C,0.002371587,0.00241206,0
Y194D,0.002790003,0.002837747,0
Y194E,0.01018591,0.010362168,0
Y194F,0.008347271,0.00849158,0
Y194G,0.003470116,0.003529678,0
Y194H,0.006924132,0.007043712,0
Y194I,0.000265411,0.000269286,0
Y194K,0.002365877,0.002406251,0
Y194L,0.00053257,0.000541088,0
Y194M,0.002156376,0.00219311,0
Y194N,0.001472609,0.001497461,0
Y194P,0.00076309,0.000775613,0
Y194Q,0.029527304,0.030039646,0
Y194R,0.000995858,0.001012426,0
Y194S,0.004344389,0.004419142,0
Y194T,0.000168609,0.000170802,0
Y194V,0.003930458,0.003998019,0
Y194W,0.006408126,0.00651874,0
I195A,0.003736165,0.00380035,0
I195C,0.007917968,0.008054817,0
I195D,0.001464542,0.001489254,0
I195E,0.006148021,0.006254115,0
I195F,0.001983778,0.002017512,0
I195G,0.003885373,0.00395215,0
I195H,0.004066568,0.004136494,0
I195K,0.001640819,0.001668594,0
I195L,0.018978768,0.019307815,0
I195M,0.017066612,0.017362432,0
I195N,0.000481931,0.000489569,0
I195P,0.002277348,0.002316184,0
I195Q,0.001516655,0.001542272,0
I195R,0.001395001,0.001418505,0
I195S,0.002788978,0.002836704,0
I195T,0.002573579,0.002617562,0
I195V,0.082490223,0.083922872,0
I195W,0.002172658,0.002209674,0
I195Y,0.000743898,0.000756088,0
W196A,0.002560295,0.002604047,0
W196C,0.005662156,0.005759807,0
W196D,0.002217757,0.002255557,0
W196E,0.001413209,0.001437029,0
W196F,0.004174965,0.004246774,0
W196G,0.003928315,0.003995838,0
W196H,0.000809444,0.000822773,0
W196I,0.00032739,0.000332342,0
W196K,0.000755499,0.00076789,0
W196L,0.001535541,0.001561487,0
W196M,0.001945816,0.001978891,0
W196N,0.001006839,0.001023598,0
W196P,0.002195919,0.00223334,0
W196Q,0.002457204,0.002499165,0
W196R,0.001137326,0.001156352,0
W196S,0.000300532,0.000305018,0
W196T,0.000280198,0.00028433,0
W196V,0.000354569,0.000359994,0
W196Y,0.001063796,0.001081544,0
G197A,0.000551997,0.000560852,0
G197C,0.000790934,0.000803941,0
G197D,0.004163272,0.004234878,0
G197E,0.00457939,0.004658227,0
G197F,0.000984021,0.001000383,0
G197H,0.000429158,0.000435879,0
G197I,0.00022877,0.000232009,0
G197K,0.001711005,0.00174,0
G197L,0.000832093,0.000845815,0
G197M,0.001844561,0.001875876,0
G197N,0.001544463,0.001570564,0
G197P,0.000965323,0.00098136,0
G197Q,0.000618502,0.000628513,0
G197R,0.025213982,0.025651374,0
G197S,0.000407489,0.000413833,0
G197T,0.000619437,0.000629464,0
G197V,0.003066637,0.003119188,0
G197W,0.004935627,0.005020654,0
G197Y,0.000909539,0.000924607,0
V198A,0.023680853,0.024091605,0
V198C,0.003132943,0.003186646,0
V198D,0.002355808,0.002396007,0
V198E,0.015618681,0.015889341,0
V198F,0.012594562,0.012812674,0
V198G,0.002560024,0.002603771,0
V198H,0.001355309,0.001378123,0
V198I,0.018623881,0.018946761,0
V198K,0.001741107,0.001770625,0
V198L,0.010591776,0.010775087,0
V198M,0.018752589,0.019077705,0
V198N,0.002896772,0.002946371,0
V198P,0.000559327,0.00056831,0
V198Q,0.001320027,0.001342228,0
V198R,0.00062824,0.00063842,0
V198S,0.000887837,0.000902528,0
V198T,0.003017184,0.003068875,0
V198W,0.003503731,0.003563877,0
V198Y,0.010005634,0.01017876,0
L199A,0.000394698,0.00040082,0
L199C,0.010072185,0.010246467,0
L199D,0.010214984,0.010391747,0
L199E,0.006286443,0.006394942,0
L199F,0.45947556,0.467458866,1
L199G,0.000375063,0.000380844,0
L199H,0.202594098,0.206113723,1
L199I,0.012897239,0.01312061,0
L199K,0.005168061,0.005257127,0
L199M,0.164371308,0.167226757,1
L199N,0.001766708,0.00179667,0
L199P,0.000215812,0.000218825,0
L199Q,0.001146059,0.001165237,0
L199R,0.000680398,0.000691484,0
L199S,0.001539176,0.001565185,0
L199T,0.000284633,0.000288842,0
L199V,0.010592793,0.010776121,0
L199W,0.021678236,0.02205419,0
L199Y,0.002236128,0.002274247,0
H200A,0.002988535,0.003039728,0
H200C,0.00070879,0.00072037,0
H200D,0.005072329,0.005159731,0
H200E,0.086395796,0.087896309,0
H200F,0.016482513,0.016768184,0
H200G,0.000669358,0.000680252,0
H200I,0.006421735,0.006532585,0
H200K,0.005809976,0.005910196,0
H200L,0.005197392,0.005286968,0
H200M,0.050077811,0.050947248,0
H200N,0.161218277,0.164018938,1
H200P,0.002539251,0.002582638,0
H200Q,0.040396757,0.041097972,0
H200R,0.001095721,0.001114024,0
H200S,0.008101799,0.008241843,0
H200T,0.013255071,0.01348466,0
H200V,0.003706874,0.00377055,0
H200W,0.00210401,0.002139834,0
H200Y,0.016701677,0.016991156,0
P201A,0.024208455,0.024628375,0
P201C,0.000483143,0.000490802,0
P201D,0.002481428,0.00252381,0
P201E,0.00254434,0.002587815,0
P201F,0.001631878,0.001659498,0
P201G,0.001568279,0.001594794,0
P201H,0.000910939,0.000926031,0
P201I,0.000400468,0.00040669,0
P201K,0.002050782,0.002085681,0
P201L,0.003627545,0.003689842,0
P201M,0.001907649,0.001940061,0
P201N,0.001810942,0.001841673,0
P201Q,0.005495272,0.005590024,0
P201R,0.000493503,0.000501342,0
P201S,0.00275908,0.002806286,0
P201T,0.009951264,0.010123445,0
P201V,0.004058111,0.00412789,0
P201W,0.00121161,0.001231927,0
P201Y,0.001632751,0.001660386,0
G202A,0.81655722,0.830745329,1
G202C,0.008103232,0.008243301,0
G202D,0.000181716,0.000184137,0
G202E,0.007007095,0.007128117,0
G202F,0.000104267,0.000105342,0
G202H,0.001724415,0.001753643,0
G202I,0.000867643,0.000881983,0
G202K,0.002933523,0.002983761,0
G202L,0.0000656,0.000066,0
G202M,0.005931165,0.006033491,0
G202N,0.028916083,0.029417805,0
G202P,0.003402364,0.003460748,0
G202Q,0.000401596,0.000407838,0
G202R,0.000120985,0.000122351,0
G202S,0.10382905,0.105632491,1
G202T,0.001258058,0.001279182,0
G202V,0.004499628,0.004577079,0
G202W,0.000821775,0.000835318,0
G202Y,0.000384722,0.000390671,0
T203A,0.022939521,0.023337391,0
T203C,0.00059212,0.000601672,0
T203D,0.03987853,0.04057074,0
T203E,0.120823532,0.122922276,1
T203F,0.024809504,0.025239868,0
T203G,0.008952132,0.009106951,0
T203H,0.005923301,0.00602549,0
T203I,0.005268853,0.00535967,0
T203K,0.003849743,0.003915901,0
T203L,0.002527569,0.002570753,0
T203M,0.004123678,0.004194596,0
T203N,0.051857905,0.052758273,0
T203P,0.000253555,0.000257224,0
T203Q,0.008384716,0.008529676,0
T203R,0.001393446,0.001416923,0
T203S,0.57196376,0.581901709,1
T203V,0.004841358,0.004924747,0
T203W,0.007725705,0.007859214,0
T203Y,0.008583471,0.008731884,0
D204A,0.001014762,0.001031658,0
D204C,0.0000509,0.000051,0
D204E,0.378726093,0.385306262,1
D204F,0.013480522,0.013714029,0
D204G,0.000686269,0.000697457,0
D204H,0.006503569,0.006615841,0
D204I,0.04930109,0.05015703,0
D204K,0.000971506,0.000987651,0
D204L,0.194745684,0.198128931,1
D204M,0.205243202,0.208808859,1
D204N,0.002417854,0.002459131,0
D204P,0.001267057,0.001288337,0
D204Q,0.025397827,0.025838414,0
D204R,0.0000534,0.0000536,0
D204S,0.001350709,0.001373443,0
D204T,0.012816469,0.013038437,0
D204V,0.041906283,0.042633728,0
D204W,0.037700204,0.038354562,0
D204Y,0.011828445,0.012033245,0
K205A,0.023931846,0.024346959,0
K205C,0.0000632,0.0000636,0
K205D,0.060973746,0.062032515,0
K205E,0.457233836,0.465178189,1
K205F,0.068783067,0.069977534,0
K205G,0.004313247,0.004387459,0
K205H,0.014533966,0.014785778,0
K205I,0.015732256,0.01600489,0
K205L,0.002716463,0.002762929,0
K205M,0.009625306,0.009791823,0
K205N,0.017856638,0.018166186,0
K205P,0.000597491,0.000607137,0
K205Q,0.01437823,0.014627336,0
K205R,0.00198,0.002013669,0
K205S,0.00954513,0.009710254,0
K205T,0.067862854,0.069041331,0
K205V,0.174019131,0.177042225,1
K205W,0.002234037,0.00227212,0
K205Y,0.032255686,0.032815438,0
D206A,0.001886864,0.001918914,0
D206C,0.000950163,0.000965937,0
D206E,0.006498393,0.006610575,0
D206F,0.001300417,0.001322277,0
D206G,0.000864066,0.000878344,0
D206H,0.006182676,0.006289372,0
D206I,0.004647963,0.004727991,0
D206K,0.000357064,0.000362532,0
D206L,0.000511305,0.000519453,0
D206M,0.005963792,0.006066685,0
D206N,0.039222984,0.039903803,0
D206P,0.002047148,0.002081984,0
D206Q,0.001112723,0.001131322,0
D206R,0.001078264,0.001096264,0
D206S,0.000686988,0.000698189,0
D206T,0.002748365,0.002795385,0
D206V,0.000435409,0.000442238,0
D206W,0.00748922,0.007618619,0
D206Y,0.0529711,0.053890812,0
Q207A,0.043083616,0.043831519,0
Q207C,0.001315196,0.001337313,0
Q207D,0.008039981,0.008178951,0
Q207E,0.031198747,0.031740133,0
Q207F,0.001027105,0.001044216,0
Q207G,0.025560319,0.026003729,0
Q207H,0.01950701,0.019845236,0
Q207I,0.0031082,0.003161473,0
Q207K,0.018560744,0.018882527,0
Q207L,0.001464683,0.001489397,0
Q207M,0.002019053,0.0020534,0
Q207N,0.074217236,0.07550613,0
Q207P,0.00629999,0.006408725,0
Q207R,0.00046957,0.000476993,0
Q207S,0.135981896,0.138344039,1
Q207T,0.003845793,0.003911883,0
Q207V,0.001719928,0.001749078,0
Q207W,0.002773946,0.002821411,0
Q207Y,0.003007247,0.003058766,0
I208A,0.028692467,0.029190303,0
I208C,0.0000609,0.0000612,0
I208D,0.089489359,0.091043628,0
I208E,0.088776183,0.090318059,0
I208F,0.02717609,0.027647577,0
I208G,0.002893008,0.002942542,0
I208H,0.121190057,0.12329517,1
I208K,0.016241761,0.016523248,0
I208L,0.020001774,0.020348597,0
I208M,0.065225542,0.066358192,0
I208N,0.101877619,0.103647151,1
I208P,0.000891059,0.000905806,0
I208Q,0.323741239,0.329365968,1
I208R,0.007554838,0.007685377,0
I208S,0.012532714,0.012749751,0
I208T,0.01654902,0.016835846,0
I208V,0.007368611,0.007495915,0
I208W,0.025052501,0.025487087,0
I208Y,0.034589145,0.035189444,0
F209A,0.007212615,0.007337208,0
F209C,0.000422833,0.000429444,0
F209D,0.310639571,0.31603664,1
F209E,0.060253096,0.061299343,0
F209G,0.023178173,0.02358019,0
F209H,0.159755593,0.162530838,1
F209I,0.0000644,0.0000648,0
F209K,0.003831111,0.003896945,0
F209L,0.023502806,0.023910464,0
F209M,0.01771237,0.018019411,0
F209N,0.186432327,0.189671118,1
F209P,0.000124139,0.00012556,0
F209Q,0.126478234,0.128675237,1
F209R,0.010527019,0.010709204,0
F209S,0.053045392,0.053966395,0
F209T,0.001683233,0.001711745,0
F209V,0.000232043,0.000235338,0
F209W,0.000289506,0.0002938,0
F209Y,0.000506037,0.000514094,0
L210A,0.020386849,0.020740363,0
L210C,0.002173253,0.00221028,0
L210D,0.00656177,0.006675054,0
L210E,0.003894834,0.003961776,0
L210F,0.00535766,0.00545002,0
L210G,0.026482664,0.026942101,0
L210H,0.018936135,0.019264441,0
L210I,0.041346337,0.042064052,0
L210K,0.008529171,0.008676641,0
L210M,0.018355368,0.018673582,0
L210N,0.001203982,0.001224166,0
L210P,0.004617631,0.004697132,0
L210Q,0.015725399,0.015997914,0
L210R,0.009177165,0.009335895,0
L210S,0.004468665,0.004545578,0
L210T,0.011500294,0.011699391,0
L210V,0.083517496,0.084967995,0
L210W,0.007066686,0.007188743,0
L210Y,0.01296019,0.013184655,0
Y211A,0.003322142,0.003379132,0
Y211C,0.007691076,0.007823983,0
Y211D,0.018592842,0.018915183,0
Y211E,0.034204794,0.034798414,0
Y211F,0.033571481,0.034154097,0
Y211G,0.015960079,0.016236672,0
Y211H,0.035519985,0.036136459,0
Y211I,0.098417174,0.100126576,0
Y211K,0.021560491,0.021934399,0
Y211L,0.001802273,0.001832853,0
Y211M,0.033142834,0.033718001,0
Y211N,0.10427667,0.106087889,1
Y211P,0.017874584,0.018184444,0
Y211Q,0.057611911,0.058612263,0
Y211R,0.01850629,0.018827127,0
Y211S,0.047227397,0.048047304,0
Y211T,0.19954601,0.20301267,1
Y211V,0.002158903,0.00219568,0
Y211W,0.007556431,0.007686998,0
A212C,0.010792304,0.010979099,0
A212D,0.033118173,0.033692912,0
A212E,0.043013175,0.043759854,0
A212F,0.010395711,0.010575615,0
A212G,0.030910458,0.031446835,0
A212H,0.020938901,0.021302008,0
A212I,0.001644266,0.001672101,0
A212K,0.009590674,0.009756589,0
A212L,0.001583848,0.001610633,0
A212M,0.012012507,0.012220505,0
A212N,0.094737933,0.096383403,0
A212P,0.184126977,0.187325709,1
A212Q,0.070788717,0.072018035,0
A212R,0.0235454,0.023953798,0
A212S,0.138239708,0.140641083,1
A212T,0.024056763,0.024474047,0
A212V,0.00552693,0.005622232,0
A212W,0.021322204,0.021691971,0
A212Y,0.007217163,0.007341835,0
Q213A,0.043037166,0.043784262,0
Q213C,0.041563739,0.042285232,0
Q213D,0.05638688,0.057365946,0
Q213E,0.04069969,0.041406169,0
Q213F,0.069364596,0.070569168,0
Q213G,0.071910715,0.07315953,0
Q213H,0.092455191,0.094060995,0
Q213I,0.043413325,0.044166957,0
Q213K,0.05382901,0.054763629,0
Q213L,0.051172831,0.052061295,0
Q213M,0.043231291,0.04398176,0
Q213N,0.049874667,0.050740574,0
Q213P,0.042882639,0.043627049,0
Q213R,0.040554448,0.041258403,0
Q213S,0.037428127,0.038077757,0
Q213T,0.042563599,0.043302466,0
Q213V,0.042899166,0.043643864,0
Q213W,0.033981615,0.034571357,0
Q213Y,0.034063709,0.034654878,0
A214C,0.026497712,0.026957411,0
A214D,0.050504942,0.051381801,0
A214E,0.237911648,0.242044965,1
A214F,0.020225311,0.020576018,0
A214G,0.05502636,0.055981785,0
A214H,0.034669333,0.035271025,0
A214I,0.027023827,0.027492668,0
A214K,0.026583227,0.027044412,0
A214L,0.021346405,0.021716593,0
A214M,0.034440002,0.03503771,0
A214N,0.049931204,0.050798093,0
A214P,0.197191387,0.200617132,1
A214Q,0.028896134,0.029397509,0
A214R,0.010155618,0.01033135,0
A214S,0.04022725,0.040925519,0
A214T,0.001703151,0.001732009,0
A214V,0.003836372,0.003902298,0
A214W,0.040079583,0.040775286,0
A214Y,0.037075934,0.037719445,0
S215A,0.02494387,0.025376569,0
S215C,0.0000863,0.0000871,0
S215D,0.012966362,0.013190934,0
S215E,0.094089635,0.09572384,0
S215F,0.000882184,0.000896777,0
S215G,0.015548011,0.015817443,0
S215H,0.005264766,0.005355512,0
S215I,0.0010568,0.001074427,0
S215K,0.004636278,0.004716103,0
S215L,0.005472406,0.00556676,0
S215M,0.004778822,0.004861124,0
S215N,0.008689398,0.008839652,0
S215P,0.767083333,0.780411763,1
S215Q,0.019844422,0.020188511,0
S215R,0.000882107,0.000896698,0
S215T,0.011388089,0.011585237,0
S215V,0.006634082,0.006748622,0
S215W,0.000705164,0.000716681,0
S215Y,0.002069128,0.002104345,0
G216A,0.094574724,0.096217358,0
G216C,0.005572556,0.005668651,0
G216D,0.021080284,0.021445847,0
G216E,0.030342618,0.030869128,0
G216F,0.004520927,0.004598748,0
G216H,0.037076168,0.037719683,0
G216I,0.004228178,0.004300912,0
G216K,0.002150239,0.002186866,0
G216L,0.000721487,0.000733287,0
G216M,0.033634222,0.034217928,0
G216N,0.058784819,0.059805552,0
G216P,0.066873279,0.068034561,0
G216Q,0.01518345,0.015446548,0
G216R,0.000721819,0.000733625,0
G216S,0.075848056,0.077165287,0
G216T,0.052712352,0.053627568,0
G216V,0.010366963,0.010546367,0
G216W,0.040543119,0.041246877,0
G216Y,0.009829147,0.009999206,0
R217A,0.01917138,0.019503773,0
R217C,0.000865519,0.000879822,0
R217D,0.026747973,0.027212021,0
R217E,0.088409181,0.08994468,0
R217F,0.002892718,0.002942247,0
R217G,0.034906991,0.035512813,0
R217H,0.030630063,0.031161567,0
R217I,0.015400574,0.015667444,0
R217K,0.013991141,0.01423352,0
R217L,0.032548339,0.033113176,0
R217M,0.106777794,0.108632474,1
R217N,0.067907929,0.069087189,0
R217P,0.119534412,0.121610756,1
R217Q,0.108790448,0.1106801,1
R217S,0.15421392,0.15689287,1
R217T,0.11045225,0.112370779,1
R217V,0.041422131,0.042141163,0
R217W,0.003808396,0.003873836,0
R217Y,0.002019142,0.002053491,0
I218A,0.004094832,0.004165249,0
I218C,0.002178591,0.002215711,0
I218D,0.000980633,0.000996936,0
I218E,0.002971302,0.003022196,0
I218F,0.001329368,0.001351731,0
I218G,0.000515811,0.000524037,0
I218H,0.000678349,0.0006894,0
I218K,0.002525087,0.002568227,0
I218L,0.001392476,0.001415936,0
I218M,0.002740017,0.002786892,0
I218N,0.010863483,0.011051515,0
I218P,0.001033536,0.001050759,0
I218Q,0.003481683,0.003541446,0
I218R,0.000370272,0.000375969,0
I218S,0.001099828,0.001118202,0
I218T,0.244521886,0.248770066,1
I218V,0.328827735,0.334540849,1
I218W,0.006816939,0.006934656,0
I218Y,0.000446492,0.000453514,0
T219A,0.040878778,0.041588368,0
T219C,0.020986214,0.021350143,0
T219D,0.016691204,0.016980501,0
T219E,0.182861473,0.186038215,1
T219F,0.005365458,0.005457954,0
T219G,0.002426296,0.00246772,0
T219H,0.081410266,0.082824149,0
T219I,0.097181474,0.098869404,0
T219K,0.002030426,0.002064971,0
T219L,0.001268527,0.001289833,0
T219M,0.037535169,0.038186659,0
T219N,0.004164645,0.004236275,0
T219P,0.000164771,0.000166898,0
T219Q,0.04896415,0.049814235,0
T219R,0.001946996,0.001980091,0
T219S,0.113805891,0.115782694,1
T219V,0.057465645,0.058463456,0
T219W,0.003852528,0.003918735,0
T219Y,0.018368771,0.018687218,0
V220A,0.012346054,0.012559848,0
V220C,0.000947323,0.000963048,0
V220D,0.014608819,0.014861931,0
V220E,0.002819019,0.002867267,0
V220F,0.006442424,0.006553634,0
V220G,0.000574803,0.000584054,0
V220H,0.006796683,0.006914048,0
V220I,0.038199384,0.038862416,0
V220K,0.001188644,0.001208562,0
V220L,0.003542755,0.003603579,0
V220M,0.00169855,0.001727328,0
V220N,0.002306376,0.002345716,0
V220P,0.001441838,0.001466155,0
V220Q,0.002381129,0.002421768,0
V220R,0.000504914,0.000512951,0
V220S,0.001073104,0.001091014,0
V220T,0.000771445,0.000784113,0
V220W,0.001570159,0.001596706,0
V220Y,0.001427361,0.001451427,0
S221A,0.075785492,0.077101636,0
S221C,0.003447339,0.003506505,0
S221D,0.001794636,0.001825084,0
S221E,0.008790389,0.008942398,0
S221F,0.005870243,0.00597151,0
S221G,0.01173764,0.011940862,0
S221H,0.009522335,0.009687063,0
S221I,0.009112567,0.009270174,0
S221K,0.008899846,0.009053757,0
S221L,0.00155518,0.001581467,0
S221M,0.020508954,0.02086459,0
S221N,0.003179776,0.003234293,0
S221P,0.001507004,0.001532454,0
S221Q,0.043156523,0.043905693,0
S221R,0.001103989,0.001122436,0
S221T,0.019604619,0.019944541,0
S221V,0.006783109,0.006900239,0
S221W,0.001280117,0.001301624,0
S221Y,0.007704631,0.007837773,0
T222A,0.002505352,0.002548149,0
T222C,0.000986268,0.001002669,0
T222D,0.000913088,0.000928218,0
T222E,0.000857797,0.000871966,0
T222F,0.001170739,0.001190346,0
T222G,0.000745441,0.000757658,0
T222H,0.000629707,0.000639912,0
T222I,0.001982335,0.002016044,0
T222K,0.001885522,0.001917549,0
T222L,0.003978742,0.004047142,0
T222M,0.003741179,0.003805451,0
T222N,0.003906705,0.003973853,0
T222P,0.00248503,0.002527474,0
T222Q,0.001871467,0.00190325,0
T222R,0.000542682,0.000551375,0
T222S,0.004571587,0.004650288,0
T222V,0.001366769,0.001389782,0
T222W,0.001762617,0.001792508,0
T222Y,0.003203874,0.003258809,0
K223A,0.073542797,0.074819971,0
K223C,0.003346301,0.003403711,0
K223D,0.001659384,0.001687482,0
K223E,0.003658309,0.003721141,0
K223F,0.002906812,0.002956585,0
K223G,0.033097398,0.033671776,0
K223H,0.011380994,0.011578018,0
K223I,0.001389542,0.001412951,0
K223L,0.004824448,0.004907543,0
K223M,0.076540961,0.077870233,0
K223N,0.017830582,0.018139677,0
K223P,0.000521728,0.000530057,0
K223Q,0.042286069,0.043020113,0
K223R,0.105148289,0.106974654,1
K223S,0.399403744,0.406343217,1
K223T,0.023028436,0.023427851,0
K223V,0.000822993,0.000836557,0
K223W,0.001474285,0.001499166,0
K223Y,0.00131827,0.00134044,0
R224A,0.011808764,0.012013222,0
R224C,0.00139478,0.00141828,0
R224D,0.008865349,0.00901866,0
R224E,0.073798626,0.075080246,0
R224F,0.060482982,0.061533223,0
R224G,0.007976316,0.008114179,0
R224H,0.078414585,0.079776414,0
R224I,0.352145242,0.358263531,1
R224K,0.016028893,0.016306681,0
R224L,0.045413885,0.046202279,0
R224M,0.033486822,0.034067967,0
R224N,0.070582135,0.071807864,0
R224P,0.000455746,0.000462929,0
R224Q,0.016690375,0.016979657,0
R224S,0.027039197,0.027508305,0
R224T,0.056107822,0.057082039,0
R224V,0.048398809,0.049239071,0
R224W,0.0016589,0.001686989,0
R224Y,0.036233312,0.036862181,0
S225A,0.009148248,0.009306475,0
S225C,0.001550021,0.001576218,0
S225D,0.013201198,0.013429851,0
S225E,0.009794128,0.009963578,0
S225F,0.004404967,0.004480773,0
S225G,0.019469096,0.019806663,0
S225H,0.015529375,0.015798483,0
S225I,0.001089272,0.001107463,0
S225K,0.01267933,0.012898915,0
S225L,0.001368534,0.001391578,0
S225M,0.008835345,0.008988135,0
S225N,0.023241867,0.023644991,0
S225P,0.000564826,0.000573904,0
S225Q,0.011357979,0.011554603,0
S225R,0.006212786,0.006320005,0
S225T,0.402100116,0.409086442,1
S225V,0.002756108,0.002803263,0
S225W,0.001667462,0.0016957,0
S225Y,0.004223501,0.004296154,0
Q226A,0.027989171,0.028474786,0
Q226C,0.003060843,0.003113293,0
Q226D,0.001345584,0.001368229,0
Q226E,0.087675547,0.089198298,0
Q226F,0.002197499,0.002234947,0
Q226G,0.001017199,0.001034138,0
Q226H,0.009122811,0.009280596,0
Q226I,0.075481554,0.076792417,0
Q226K,0.025410867,0.02585168,0
Q226L,0.017822473,0.018131427,0
Q226M,0.05532722,0.056287873,0
Q226N,0.008852834,0.009005928,0
Q226P,0.001207003,0.00122724,0
Q226R,0.001130024,0.001148923,0
Q226S,0.02134886,0.02171909,0
Q226T,0.027108347,0.027578657,0
Q226V,0.094115227,0.095749877,0
Q226W,0.005872558,0.005973865,0
Q226Y,0.006120816,0.006226437,0
Q227A,0.004509763,0.00458739,0
Q227C,0.000914076,0.000929223,0
Q227D,0.001807715,0.00183839,0
Q227E,0.001071779,0.001089666,0
Q227F,0.009569511,0.009735058,0
Q227G,0.003512317,0.003572612,0
Q227H,0.00107147,0.001089352,0
Q227I,0.003632076,0.003694452,0
Q227K,0.00595603,0.006058788,0
Q227L,0.00160182,0.001628917,0
Q227M,0.006798527,0.006915925,0
Q227N,0.004832657,0.004915895,0
Q227P,0.001018095,0.001035049,0
Q227R,0.002469591,0.002511767,0
Q227S,0.002623993,0.002668852,0
Q227T,0.039254723,0.039936093,0
Q227V,0.012087597,0.0122969,0
Q227W,0.001538941,0.001564946,0
Q227Y,0.001368552,0.001391596,0
T228A,0.002568871,0.002612772,0
T228C,0.001923058,0.001955737,0
T228D,0.074165251,0.075453241,0
T228E,0.13932762,0.141747899,1
T228F,0.004181165,0.004253082,0
T228G,0.000619738,0.00062977,0
T228H,0.018805855,0.019131897,0
T228I,0.41128941,0.418435413,1
T228K,0.003419816,0.003478504,0
T228L,0.0047058,0.004786833,0
T228M,0.022197413,0.022582388,0
T228N,0.014502415,0.014753679,0
T228P,0.00185742,0.001888959,0
T228Q,0.009394295,0.009556798,0
T228R,0.008797523,0.008949656,0
T228S,0.014577938,0.014830514,0
T228V,0.163497745,0.166338015,1
T228W,0.002536945,0.002580291,0
T228Y,0.000763518,0.000776049,0
V229A,0.013257172,0.013486798,0
V229C,0.005459279,0.005553405,0
V229D,0.00609482,0.00619999,0
V229E,0.000731659,0.000743636,0
V229F,0.004474742,0.00455176,0
V229G,0.001673028,0.001701363,0
V229H,0.001418631,0.001442545,0
V229I,0.133740375,0.136063568,1
V229K,0.003196291,0.003251095,0
V229L,0.007267943,0.007393497,0
V229M,0.004884689,0.004968831,0
V229N,0.004230956,0.004303738,0
V229P,0.002316701,0.00235622,0
V229Q,0.004631361,0.004711101,0
V229R,0.000421776,0.000428368,0
V229S,0.002670961,0.002716636,0
V229T,0.003552778,0.003613776,0
V229W,0.003427961,0.00348679,0
V229Y,0.003584346,0.003645893,0
S230A,0.012815068,0.013037011,0
S230C,0.000992659,0.001009171,0
S230D,0.034592399,0.035192755,0
S230E,0.520549229,0.529593777,1
S230F,0.035172144,0.035782574,0
S230G,0.001802682,0.00183327,0
S230H,0.007554534,0.007685068,0
S230I,0.12869926,0.130934856,1
S230K,0.004667279,0.004747643,0
S230L,0.010153787,0.010329487,0
S230M,0.015280997,0.01554579,0
S230N,0.000706098,0.000717631,0
S230P,0.000491974,0.000499786,0
S230Q,0.015206716,0.015470218,0
S230R,0.003612276,0.003674308,0
S230T,0.076208295,0.077531786,0
S230V,0.043064423,0.043811992,0
S230W,0.016516572,0.016802834,0
S230Y,0.05678366,0.05776962,0
P231A,0.478442831,0.48675572,1
P231C,0.006422656,0.006533522,0
P231D,0.007409327,0.007537338,0
P231E,0.005601818,0.005698421,0
P231F,0.013892051,0.014132709,0
P231G,0.004810325,0.004893175,0
P231H,0.009323404,0.009484675,0
P231I,0.105520464,0.107353296,1
P231K,0.000415116,0.000421593,0
P231L,0.002813433,0.002861584,0
P231M,0.009304515,0.009465458,0
P231N,0.010490255,0.010671802,0
P231Q,0.010815195,0.011002388,0
P231R,0.000769757,0.000782396,0
P231S,0.073660455,0.074939674,0
P231T,0.053075949,0.053997483,0
P231V,0.103840236,0.105643872,1
P231W,0.000201179,0.000203938,0
P231Y,0.000619766,0.000629799,0
N232A,0.0023684,0.002408818,0
N232C,0.001443875,0.001468228,0
N232D,0.128383105,0.130613208,1
N232E,0.26538021,0.269990833,1
N232F,0.013278479,0.013508475,0
N232G,0.000321203,0.000326048,0
N232H,0.004487949,0.004565197,0
N232I,0.128274985,0.130503209,1
N232K,0.017743494,0.018051076,0
N232L,0.006433013,0.006544059,0
N232M,0.032975635,0.033547897,0
N232P,0.000327434,0.000332387,0
N232Q,0.042422523,0.043158938,0
N232R,0.008366309,0.008510949,0
N232S,0.03250276,0.033066805,0
N232T,0.023668354,0.024078889,0
N232V,0.264787835,0.269388164,1
N232W,0.000942871,0.000958518,0
N232Y,0.003654533,0.003717299,0
I233A,0.004503985,0.004581512,0
I233C,0.003092246,0.003145242,0
I233D,0.035439231,0.036054302,0
I233E,0.108297141,0.110178222,1
I233F,0.031044945,0.031583659,0
I233G,0.012535158,0.012752238,0
I233H,0.006997193,0.007118043,0
I233K,0.001506747,0.001532192,0
I233L,0.207828359,0.211438936,1
I233M,0.078212897,0.079571221,0
I233N,0.004675776,0.004756288,0
I233P,0.003148422,0.003202394,0
I233Q,0.063870256,0.064979356,0
I233R,0.001622212,0.001649664,0
I233S,0.000743062,0.000755237,0
I233T,0.011152883,0.011345944,0
I233V,0.169107745,0.172045496,1
I233W,0.006983976,0.007104596,0
I233Y,0.017764668,0.018072618,0
G234A,0.147943296,0.150513285,1
G234C,0.003560959,0.003622099,0
G234D,0.066592724,0.067749131,0
G234E,0.013683252,0.013920281,0
G234F,0.029384803,0.029894669,0
G234H,0.19296439,0.196316685,1
G234I,0.021699234,0.022075553,0
G234K,0.000157062,0.000159055,0
G234L,0.009441892,0.009605222,0
G234M,0.023051124,0.023450934,0
G234N,0.000158937,0.000160962,0
G234P,0.05064908,0.051528443,0
G234Q,0.005509502,0.005604501,0
G234R,0.0000852,0.0000859,0
G234S,0.206562507,0.210151088,1
G234T,0.019830383,0.020174228,0
G234V,0.029840052,0.030357829,0
G234W,0.000752718,0.000765061,0
G234Y,0.027629175,0.028108535,0
S235A,0.022749373,0.023143939,0
S235C,0.001819741,0.001850625,0
S235D,0.288661838,0.293677012,1
S235E,0.271965527,0.276690579,1
S235F,0.017797598,0.01810612,0
S235G,0.005389176,0.005482084,0
S235H,0.026335407,0.026792286,0
S235I,0.039903337,0.040595978,0
S235K,0.002712906,0.00275931,0
S235L,0.057828652,0.058832771,0
S235M,0.085570171,0.087056338,0
S235N,0.021920032,0.022300187,0
S235P,0.059133272,0.06016006,0
S235Q,0.027206194,0.027678204,0
S235R,0.000535012,0.000543572,0
S235T,0.01482293,0.015079763,0
S235V,0.023096228,0.023496821,0
S235W,0.001523223,0.001548955,0
S235Y,0.007753705,0.0078877,0
R236A,0.010953071,0.01114266,0
R236C,0.000816621,0.000830074,0
R236D,0.053285251,0.054210422,0
R236E,0.128687175,0.130922561,1
R236F,0.004979585,0.005065376,0
R236G,0.0000654,0.0000658,0
R236H,0.003653725,0.003716477,0
R236I,0.355193925,0.361365189,1
R236K,0.00882237,0.008974935,0
R236L,0.064181616,0.065296126,0
R236M,0.025454788,0.025896365,0
R236N,0.000926302,0.000941661,0
R236P,0.000460438,0.000467702,0
R236Q,0.005349428,0.005441645,0
R236S,0.022042366,0.022424647,0
R236T,0.021854234,0.022233246,0
R236V,0.06085658,0.061913313,0
R236W,0.205532302,0.209102982,1
R236Y,0.019082518,0.019413367,0
P237A,0.205333507,0.208900733,1
P237C,0.002644211,0.002689421,0
P237D,0.010582691,0.010765844,0
P237E,0.009892228,0.010063383,0
P237F,0.017024712,0.017319804,0
P237G,0.001759167,0.001788998,0
P237H,0.018766296,0.019091651,0
P237I,0.0164877,0.016773461,0
P237K,0.002917874,0.00296784,0
P237L,0.042556853,0.043295602,0
P237M,0.006575144,0.00668866,0
P237N,0.000936492,0.000952028,0
P237Q,0.00629505,0.006403699,0
P237R,0.000509585,0.000517703,0
P237S,0.026956855,0.027424532,0
P237T,0.062776962,0.063867065,0
P237V,0.011055277,0.011246642,0
P237W,0.002348123,0.002388188,0
P237Y,0.003170086,0.003224434,0
R238A,0.119404572,0.12147866,1
R238C,0.000520331,0.000528636,0
R238D,0.314366696,0.319828529,1
R238E,0.011767244,0.01197098,0
R238F,0.014363737,0.014612591,0
R238G,0.043059023,0.043806498,0
R238H,0.009127497,0.009285364,0
R238I,0.021767422,0.022144925,0
R238K,0.001960005,0.001993326,0
R238L,0.02387052,0.024284568,0
R238M,0.005897217,0.005998953,0
R238N,0.070835053,0.072065176,0
R238P,0.08044985,0.081847044,0
R238Q,0.018023705,0.018336156,0
R238S,0.109182699,0.111079167,1
R238T,0.040096458,0.040792455,0
R238V,0.012285433,0.012498173,0
R238W,0.072116244,0.07336863,0
R238Y,0.011124094,0.011316654,0
V239A,0.037802378,0.038458512,0
V239C,0.004325756,0.004400186,0
V239D,0.006481389,0.006593276,0
V239E,0.001199664,0.001219773,0
V239F,0.006531425,0.006644181,0
V239G,0.005221449,0.005311443,0
V239H,0.001974811,0.00200839,0
V239I,0.18646532,0.189704684,1
V239K,0.005429323,0.005522929,0
V239L,0.209366854,0.213004165,1
V239M,0.011738685,0.011941925,0
V239N,0.009986974,0.010159775,0
V239P,0.00468515,0.004765825,0
V239Q,0.019641419,0.01998198,0
V239R,0.098838692,0.100555419,0
V239S,0.005238314,0.005328601,0
V239T,0.003836152,0.003902074,0
V239W,0.004398565,0.00447426,0
V239Y,0.00350654,0.003566735,0
R240A,0.022139145,0.022523108,0
R240C,0.001347108,0.001369779,0
R240D,0.0095805,0.009746238,0
R240E,0.073169256,0.07443994,0
R240F,0.02385488,0.024268656,0
R240G,0.000451182,0.000458285,0
R240H,0.080342073,0.081737394,0
R240I,0.062101879,0.063180251,0
R240K,0.00455735,0.004635804,0
R240L,0.008164187,0.008305315,0
R240M,0.063523205,0.064626275,0
R240N,0.077402073,0.078746308,0
R240P,0.037321432,0.037969208,0
R240Q,0.459844797,0.467834519,1
R240S,0.019770973,0.020113785,0
R240T,0.000615989,0.000625956,0
R240V,0.009423551,0.009586562,0
R240W,0.00334974,0.00340721,0
R240Y,0.019060931,0.019391405,0
N241A,0.00706608,0.007188127,0
N241C,0.001748806,0.001778457,0
N241D,0.027327177,0.027801289,0
N241E,0.038542808,0.039211808,0
N241F,0.001310664,0.001332702,0
N241G,0.56837183,0.578247364,1
N241H,0.018214221,0.018529982,0
N241I,0.001882493,0.001914467,0
N241K,0.012290134,0.012502956,0
N241L,0.002836281,0.002884829,0
N241M,0.004052674,0.004122358,0
N241P,0.001893114,0.001925273,0
N241Q,0.014648698,0.014902503,0
N241R,0.000471016,0.000478464,0
N241S,0.005314413,0.005406022,0
N241T,0.048644316,0.049488844,0
N241V,0.002010363,0.002044559,0
N241W,0.001724916,0.001754152,0
N241Y,0.001784981,0.001815261,0
I242A,0.000256477,0.000260197,0
I242C,0.001832785,0.001863896,0
I242D,0.001169745,0.001189334,0
I242E,0.001622077,0.001649526,0
I242F,0.013205653,0.013434383,0
I242G,0.000833719,0.000847469,0
I242H,0.058194712,0.059205191,0
I242K,0.000365383,0.000370995,0
I242L,0.00811196,0.00825218,0
I242M,0.096700023,0.098379587,0
I242N,0.011582925,0.011783458,0
I242P,0.0000201,0.0000197,0
I242Q,0.183694835,0.186886058,1
I242R,0.000192706,0.000195318,0
I242S,0.203474885,0.207009815,1
I242T,0.242918695,0.247139017,1
I242V,0.132599236,0.1349026,1
I242W,0.001336674,0.001359164,0
I242Y,0.000770558,0.000783211,0
P243A,0.002773725,0.002821186,0
P243C,0.000147516,0.000149343,0
P243D,0.033668584,0.034252887,0
P243E,0.018440837,0.018760536,0
P243F,0.0000604,0.0000607,0
P243G,0.029366642,0.029876193,0
P243H,0.004254908,0.004328107,0
P243I,0.000565174,0.000574258,0
P243K,0.00016751,0.000169684,0
P243L,0.0000243,0.000024,0
P243M,0.001718722,0.001747851,0
P243N,0.050951993,0.05183662,0
P243Q,0.00516586,0.005254888,0
P243R,0.0000167,0.0000163,0
P243S,0.021462459,0.021834663,0
P243T,0.826575973,0.840938172,1
P243V,0.000410931,0.000417335,0
P243W,0.000162972,0.000165067,0
P243Y,0.0000377,0.0000376,0
S244A,0.143730477,0.146227262,1
S244C,0.000204488,0.000207305,0
S244D,0.001958282,0.001991573,0
S244E,0.003324379,0.003381408,0
S244F,0.004549133,0.004627444,0
S244G,0.018996132,0.01932548,0
S244H,0.002513178,0.002556111,0
S244I,0.005663278,0.005760949,0
S244K,0.000534166,0.000542711,0
S244L,0.000764005,0.000776544,0
S244M,0.005852212,0.005953166,0
S244N,0.003019432,0.003071162,0
S244P,0.001438764,0.001463028,0
S244Q,0.000616017,0.000625985,0
S244R,0.000506941,0.000515013,0
S244T,0.004273677,0.004347202,0
S244V,0.000222709,0.000225842,0
S244W,0.002740613,0.002787498,0
S244Y,0.001527065,0.001552863,0
R245A,0.002656465,0.002701888,0
R245C,0.002490146,0.002532679,0
R245D,0.001503112,0.001528494,0
R245E,0.000801339,0.000814527,0
R245F,0.450161002,0.457982454,1
R245G,0.055175573,0.056133591,0
R245H,0.001439552,0.00146383,0
R245I,0.004490267,0.004567555,0
R245K,0.010890512,0.011079014,0
R245L,0.005979303,0.006082465,0
R245M,0.007545763,0.007676145,0
R245N,0.003422287,0.003481018,0
R245P,0.001271494,0.001292851,0
R245Q,0.003719161,0.00378305,0
R245S,0.007006911,0.007127929,0
R245T,0.002331214,0.002370986,0
R245V,0.002814217,0.002862381,0
R245W,0.01438478,0.014633999,0
R245Y,0.022069152,0.022451898,0
I246A,0.001744552,0.001774129,0
I246C,0.005667198,0.005764937,0
I246D,0.009264787,0.009425039,0
I246E,0.00104177,0.001059136,0
I246F,0.00024026,0.000243698,0
I246G,0.001457395,0.001481983,0
I246H,0.001396352,0.001419879,0
I246K,0.003124872,0.003178435,0
I246L,0.007804093,0.007938964,0
I246M,0.005806864,0.00590703,0
I246N,0.008427577,0.008573282,0
I246P,0.004034069,0.00410343,0
I246Q,0.009408664,0.009571416,0
I246R,0.001013605,0.001030481,0
I246S,0.001184932,0.001204785,0
I246T,0.000998758,0.001015376,0
I246V,0.011593392,0.011794107,0
I246W,0.001421868,0.001445838,0
I246Y,0.001377453,0.001400652,0
S247A,0.051033953,0.051920004,0
S247C,0.000907462,0.000922494,0
S247D,0.060409361,0.061458323,0
S247E,0.050404463,0.051279576,0
S247F,0.007224888,0.007349694,0
S247G,0.012755208,0.012976111,0
S247H,0.051502849,0.052397048,0
S247I,0.105319803,0.107149148,1
S247K,0.003756931,0.003821476,0
S247L,0.035886376,0.036509216,0
S247M,0.008662301,0.008812084,0
S247N,0.005335222,0.005427193,0
S247P,0.003083764,0.003136612,0
S247Q,0.027270339,0.027743463,0
S247R,0.002625976,0.002670869,0
S247T,0.060167395,0.061212153,0
S247V,0.035468946,0.036084533,0
S247W,0.001725913,0.001755167,0
S247Y,0.017774728,0.018082853,0
I248A,0.000775028,0.000787759,0
I248C,0.000680287,0.000691371,0
I248D,0.000824207,0.000837792,0
I248E,0.016189723,0.016470306,0
I248F,0.018552847,0.018874493,0
I248G,0.000451796,0.00045891,0
I248H,0.000817099,0.000830561,0
I248K,0.003986657,0.004055194,0
I248L,0.00986075,0.010031358,0
I248M,0.00540152,0.005494643,0
I248N,0.006218904,0.00632623,0
I248P,0.000261872,0.000265686,0
I248Q,0.003073392,0.00312606,0
I248R,0.001535653,0.001561601,0
I248S,0.002815023,0.002863201,0
I248T,0.003131926,0.003185611,0
I248V,0.041779632,0.042504876,0
I248W,0.000787307,0.000800251,0
I248Y,0.001598399,0.001625437,0
Y249A,0.001803495,0.001834097,0
Y249C,0.01536081,0.015626989,0
Y249D,0.000669264,0.000680157,0
Y249E,0.002760243,0.00280747,0
Y249F,0.035651859,0.036270624,0
Y249G,0.001338814,0.001361341,0
Y249H,0.113345548,0.115314352,1
Y249I,0.001939902,0.001972874,0
Y249K,0.00093199,0.000947448,0
Y249L,0.004456469,0.00453317,0
Y249M,0.005763218,0.005862626,0
Y249N,0.004838328,0.004921664,0
Y249P,0.000880945,0.000895516,0
Y249Q,0.011916102,0.012122425,0
Y249R,0.003204652,0.003259601,0
Y249S,0.000727262,0.000739163,0
Y249T,0.000274534,0.000278568,0
Y249V,0.003557767,0.003618852,0
Y249W,0.001887684,0.001919749,0
W250A,0.000558397,0.000567363,0
W250C,0.001095466,0.001113765,0
W250D,0.000961662,0.000977636,0
W250E,0.000767882,0.000780488,0
W250F,0.070847644,0.072077986,0
W250G,0.000980116,0.00099641,0
W250H,0.121553298,0.123664723,1
W250I,0.000199383,0.000202111,0
W250K,0.000605017,0.000614793,0
W250L,0.000587601,0.000597075,0
W250M,0.003139927,0.003193751,0
W250N,0.000588503,0.000597992,0
W250P,0.000480527,0.00048814,0
W250Q,0.001348297,0.001370989,0
W250R,0.000502792,0.000510792,0
W250S,0.002405585,0.002446649,0
W250T,0.000364582,0.000370181,0
W250V,0.000272407,0.000276404,0
W250Y,0.570220462,0.580128119,1
T251A,0.001441851,0.001466169,0
T251C,0.000920237,0.000935491,0
T251D,0.006794622,0.006911952,0
T251E,0.001567996,0.001594506,0
T251F,0.000263551,0.000267394,0
T251G,0.002142355,0.002178845,0
T251H,0.001155765,0.001175111,0
T251I,0.001683004,0.001711512,0
T251K,0.004047323,0.004116914,0
T251L,0.000761331,0.000773824,0
T251M,0.006055107,0.006159587,0
T251N,0.004342655,0.004417378,0
T251P,0.000385461,0.000391422,0
T251Q,0.000367193,0.000372837,0
T251R,0.00152456,0.001550315,0
T251S,0.002833772,0.002882276,0
T251V,0.00712511,0.007248182,0
T251W,0.003676409,0.003739555,0
T251Y,0.000824776,0.000838371,0
I252A,0.002049792,0.002084673,0
I252C,0.000873233,0.00088767,0
I252D,0.001101302,0.001119702,0
I252E,0.000463299,0.000470613,0
I252F,0.001265642,0.001286898,0
I252G,0.000595795,0.000605411,0
I252H,0.005037203,0.005123995,0
I252K,0.006248006,0.006355837,0
I252L,0.072641028,0.073902533,0
I252M,0.026819526,0.027284817,0
I252N,0.000288912,0.000293196,0
I252P,0.000777313,0.000790083,0
I252Q,0.013127243,0.013354611,0
I252R,0.001612063,0.001639338,0
I252S,0.002724749,0.002771359,0
I252T,0.009257024,0.009417141,0
I252V,0.105284793,0.10711353,1
I252W,0.000671621,0.000682555,0
I252Y,0.000631227,0.000641459,0
V253A,0.029006355,0.029509645,0
V253C,0.002843482,0.002892155,0
V253D,0.006067017,0.006171703,0
V253E,0.004037098,0.004106512,0
V253F,0.000448896,0.00045596,0
V253G,0.001564862,0.001591317,0
V253H,0.003975655,0.004044001,0
V253I,0.001507034,0.001532484,0
V253K,0.002773772,0.002821234,0
V253L,0.002226804,0.002264761,0
V253M,0.001846792,0.001878146,0
V253N,0.001047826,0.001065297,0
V253P,0.00156068,0.001587062,0
V253Q,0.001023121,0.001040163,0
V253R,0.000619823,0.000629857,0
V253S,0.001421997,0.00144597,0
V253T,0.001735619,0.001765041,0
V253W,0.000874602,0.000889063,0
V253Y,0.00194496,0.00197802,0
K254A,0.051797625,0.052696946,0
K254C,0.013188467,0.013416899,0
K254D,0.001402751,0.001426389,0
K254E,0.035153426,0.03576353,0
K254F,0.018051867,0.018364807,0
K254G,0.00287032,0.002919459,0
K254H,0.014868376,0.015125999,0
K254I,0.001224344,0.001244882,0
K254L,0.000476494,0.000484037,0
K254M,0.006304351,0.006413162,0
K254N,0.009209196,0.009368482,0
K254P,0.296285184,0.301432825,1
K254Q,0.07373482,0.075015331,0
K254R,0.064418236,0.065536858,0
K254S,0.026279526,0.026735434,0
K254T,0.010308928,0.010487324,0
K254V,0.005007463,0.005093738,0
K254W,0.018576472,0.018898528,0
K254Y,0.003546907,0.003607803,0
P255A,0.019590223,0.019929894,0
P255C,0.003032898,0.003084862,0
P255D,0.002287375,0.002326385,0
P255E,0.007230037,0.007354933,0
P255F,0.002367089,0.002407484,0
P255G,0.002515345,0.002558316,0
P255H,0.00818832,0.008329867,0
P255I,0.001107069,0.001125569,0
P255K,0.009313911,0.009475017,0
P255L,0.001526202,0.001551985,0
P255M,0.004448157,0.004524713,0
P255N,0.005597521,0.005694049,0
P255Q,0.010040687,0.010214422,0
P255R,0.006405688,0.006516259,0
P255S,0.039251115,0.039932422,0
P255T,0.006205211,0.006312299,0
P255V,0.004532323,0.004610342,0
P255W,0.002681675,0.002727536,0
P255Y,0.002295007,0.002334149,0
G256A,0.001845454,0.001876785,0
G256C,0.000739054,0.00075116,0
G256D,0.012187117,0.012398149,0
G256E,0.007665633,0.007798098,0
G256F,0.001220983,0.001241463,0
G256H,0.032551029,0.033115913,0
G256I,0.00083969,0.000853544,0
G256K,0.002360835,0.002401121,0
G256L,0.000699869,0.000711294,0
G256M,0.004825126,0.004908233,0
G256N,0.032692146,0.033259482,0
G256P,0.003926496,0.003993988,0
G256Q,0.002199564,0.002237048,0
G256R,0.004820396,0.004903421,0
G256S,0.006446487,0.006557767,0
G256T,0.001634122,0.001661781,0
G256V,0.010509518,0.010691399,0
G256W,0.000760116,0.000772588,0
G256Y,0.002038271,0.002072952,0
D257A,0.001574848,0.001601477,0
D257C,0.000583644,0.000593049,0
D257E,0.002386757,0.002427494,0
D257F,0.002523723,0.00256684,0
D257G,0.00079421,0.000807274,0
D257H,0.005057551,0.005144697,0
D257I,0.001886541,0.001918586,0
D257K,0.000529547,0.000538012,0
D257L,0.000389898,0.000395936,0
D257M,0.001550457,0.001576662,0
D257N,0.003626638,0.003688919,0
D257P,0.000571253,0.000580443,0
D257Q,0.002434411,0.002475976,0
D257R,0.000525796,0.000534196,0
D257S,0.004204839,0.004277167,0
D257T,0.000353976,0.00035939,0
D257V,0.001594234,0.0016212,0
D257W,0.000240313,0.000243752,0
D257Y,0.006700205,0.006815894,0
I258A,0.043826134,0.044586939,0
I258C,0.034280784,0.034875725,0
I258D,0.01495174,0.015210811,0
I258E,0.232701113,0.23674389,1
I258F,0.00732421,0.007450742,0
I258G,0.00077581,0.000788554,0
I258H,0.01234594,0.012559732,0
I258K,0.00166509,0.001693287,0
I258L,0.010091659,0.010266279,0
I258M,0.070542229,0.071767264,0
I258N,0.002982685,0.003033777,0
I258P,0.000493937,0.000501783,0
I258Q,0.039609762,0.040297301,0
I258R,0.000808601,0.000821915,0
I258S,0.034864686,0.035469773,0
I258T,0.277938897,0.282767745,1
I258V,0.043688554,0.044446968,0
I258W,0.001155978,0.001175328,0
I258Y,0.010849387,0.011037174,0
L259A,0.000574918,0.000584171,0
L259C,0.00141613,0.001440001,0
L259D,0.001978654,0.002012299,0
L259E,0.002377932,0.002418515,0
L259F,0.008435186,0.008581023,0
L259G,0.00123807,0.001258847,0
L259H,0.001578591,0.001605285,0
L259I,0.003796841,0.00386208,0
L259K,0.000583918,0.000593328,0
L259M,0.000840755,0.000854628,0
L259N,0.002125563,0.002161761,0
L259P,0.003436087,0.003495057,0
L259Q,0.00087748,0.000891991,0
L259R,0.000781733,0.00079458,0
L259S,0.000662016,0.000672783,0
L259T,0.000147018,0.000148836,0
L259V,0.00237528,0.002415817,0
L259W,0.0004527,0.00045983,0
L259Y,0.000535072,0.000543633,0
L260A,0.05404166,0.054979974,0
L260C,0.005329263,0.00542113,0
L260D,0.000746718,0.000758957,0
L260E,0.044621477,0.045396102,0
L260F,0.278060462,0.282891422,1
L260G,0.002324329,0.002363981,0
L260H,0.130934031,0.13320846,1
L260I,0.01191589,0.012122209,0
L260K,0.000907065,0.00092209,0
L260M,0.22269292,0.22656179,1
L260N,0.038801144,0.039474633,0
L260P,0.0000312,0.000031,0
L260Q,0.119926968,0.122010133,1
L260R,0.0000687,0.0000692,0
L260S,0.031216636,0.031758333,0
L260T,0.002241635,0.00227985,0
L260V,0.002987869,0.003039051,0
L260W,0.001417977,0.00144188,0
L260Y,0.014823533,0.015080376,0
I261A,0.001928076,0.001960842,0
I261C,0.000727613,0.00073952,0
I261D,0.000832051,0.000845772,0
I261E,0.000716447,0.00072816,0
I261F,0.003832102,0.003897954,0
I261G,0.000916111,0.000931293,0
I261H,0.002142656,0.002179151,0
I261K,0.000738937,0.000751041,0
I261L,0.008017949,0.008156536,0
I261M,0.016370202,0.016653921,0
I261N,0.001628785,0.001656351,0
I261P,0.00052438,0.000532755,0
I261Q,0.000455128,0.0004623,0
I261R,0.0010464,0.001063846,0
I261S,0.000209939,0.00021285,0
I261T,0.003961457,0.004029556,0
I261V,0.002540108,0.002583509,0
I261W,0.001272608,0.001293985,0
I261Y,0.001692859,0.001721538,0
N262A,0.004712852,0.004794008,0
N262C,0.001442106,0.001466428,0
N262D,0.000814555,0.000827972,0
N262E,0.009039655,0.009195995,0
N262F,0.002123935,0.002160105,0
N262G,0.000842212,0.00085611,0
N262H,0.00412614,0.004197101,0
N262I,0.007488506,0.007617893,0
N262K,0.002243943,0.002282198,0
N262L,0.000814003,0.000827411,0
N262M,0.003936162,0.004003822,0
N262P,0.003661288,0.003724172,0
N262Q,0.010193106,0.010369489,0
N262R,0.002232081,0.00227013,0
N262S,0.002626117,0.002671013,0
N262T,0.001682798,0.001711302,0
N262V,0.000790491,0.00080349,0
N262W,0.000629584,0.000639787,0
N262Y,0.000616305,0.000626278,0
S263A,0.445859337,0.453606042,1
S263C,0.003957947,0.004025985,0
S263D,0.00273701,0.002783833,0
S263E,0.00648612,0.006598089,0
S263F,0.019362277,0.019697988,0
S263G,0.001519269,0.001544932,0
S263H,0.129945154,0.1322024,1
S263I,0.00387475,0.003941343,0
S263K,0.000213473,0.000216446,0
S263L,0.000317443,0.000322222,0
S263M,0.011453498,0.011651782,0
S263N,0.0011859,0.00120577,0
S263P,0.000381932,0.000387832,0
S263Q,0.001047141,0.0010646,0
S263R,0.001938917,0.001971872,0
S263T,0.11067119,0.112593523,1
S263V,0.003315503,0.003372378,0
S263W,0.016352063,0.016635467,0
S263Y,0.003132715,0.003186414,0
T264A,0.001187499,0.001207397,0
T264C,0.002570496,0.002614425,0
T264D,0.02724274,0.027715385,0
T264E,0.003358219,0.003415836,0
T264F,0.001467309,0.001492069,0
T264G,0.000791705,0.000804725,0
T264H,0.000511364,0.000519513,0
T264I,0.013115674,0.013342841,0
T264K,0.001222024,0.001242522,0
T264L,0.000719836,0.000731608,0
T264M,0.001503685,0.001529077,0
T264N,0.002585128,0.002629312,0
T264P,0.00188209,0.001914057,0
T264Q,0.002317481,0.002357014,0
T264R,0.001609823,0.001637059,0
T264S,0.036471303,0.037104307,0
T264V,0.000718027,0.000729767,0
T264W,0.003190386,0.003245087,0
T264Y,0.000740944,0.000753082,0
G265A,0.01335017,0.013581412,0
G265C,0.002511559,0.002554464,0
G265D,0.004599692,0.004678882,0
G265E,0.003605852,0.003667772,0
G265F,0.001990665,0.002024519,0
G265H,0.003689471,0.003752844,0
G265I,0.001862689,0.001894319,0
G265K,0.000612551,0.000622458,0
G265L,0.00358728,0.003648878,0
G265M,0.000989086,0.001005536,0
G265N,0.002610559,0.002655185,0
G265P,0.001257399,0.001278512,0
G265Q,0.001318118,0.001340286,0
G265R,0.001666316,0.001694534,0
G265S,0.027941093,0.028425873,0
G265T,0.006998437,0.007119308,0
G265V,0.011978031,0.01218543,0
G265W,0.002702825,0.002749054,0
G265Y,0.000379532,0.00038539,0
N266A,0.011195879,0.011389687,0
N266C,0.000969504,0.000985614,0
N266D,0.00361871,0.003680854,0
N266E,0.007218962,0.007343665,0
N266F,0.001613375,0.001640673,0
N266G,0.086184116,0.087680951,0
N266H,0.012604489,0.012822773,0
N266I,0.001121554,0.001140306,0
N266K,0.000907482,0.000922514,0
N266L,0.002067304,0.00210249,0
N266M,0.010140152,0.010315615,0
N266P,0.072597652,0.073858403,0
N266Q,0.004956702,0.005042095,0
N266R,0.002056039,0.002091029,0
N266S,0.006093617,0.006198766,0
N266T,0.015999521,0.016276799,0
N266V,0.002636979,0.002682064,0
N266W,0.003961372,0.00402947,0
N266Y,0.002199264,0.002236743,0
L267A,0.000500687,0.000508651,0
L267C,0.000586778,0.000596238,0
L267D,0.001095716,0.001114019,0
L267E,0.000353555,0.000358962,0
L267F,0.407462262,0.414541763,1
L267G,0.000863501,0.000877769,0
L267H,0.000177556,0.000179905,0
L267I,0.003483973,0.003543775,0
L267K,0.000227311,0.000230524,0
L267M,0.020753319,0.021113201,0
L267N,0.000270695,0.000274662,0
L267P,0.001073691,0.001091611,0
L267Q,0.001924956,0.001957668,0
L267R,0.000283845,0.000288041,0
L267S,0.000190786,0.000193365,0
L267T,0.000764014,0.000776553,0
L267V,0.000601305,0.000611017,0
L267W,0.002042649,0.002077406,0
L267Y,0.000896033,0.000910866,0
I268A,0.002210927,0.002248608,0
I268C,0.000771872,0.000784548,0
I268D,0.000726132,0.000738013,0
I268E,0.000586001,0.000595447,0
I268F,0.00215942,0.002196206,0
I268G,0.001203666,0.001223845,0
I268H,0.000548142,0.00055693,0
I268K,0.002252521,0.002290925,0
I268L,0.013053262,0.013279344,0
I268M,0.00574579,0.005844895,0
I268N,0.002499991,0.002542695,0
I268P,0.000205922,0.000208764,0
I268Q,0.000269713,0.000273663,0
I268R,0.001035929,0.001053193,0
I268S,0.001567587,0.001594089,0
I268T,0.013594197,0.013829679,0
I268V,0.035205832,0.035816847,0
I268W,0.001247196,0.001268131,0
I268Y,0.00290649,0.002956258,0
A269C,0.000468394,0.000475796,0
A269D,0.001565776,0.001592247,0
A269E,0.000396185,0.000402333,0
A269F,0.001082989,0.001101071,0
A269G,0.017323079,0.017623356,0
A269H,0.001287667,0.001309305,0
A269I,0.001408687,0.001432428,0
A269K,0.000436703,0.000443555,0
A269L,0.001767182,0.001797153,0
A269M,0.001164696,0.001184198,0
A269N,0.001051102,0.00106863,0
A269P,0.000863372,0.000877638,0
A269Q,0.002290277,0.002329337,0
A269R,0.001313259,0.001335342,0
A269S,0.002391084,0.002431896,0
A269T,0.001682807,0.001711312,0
A269V,0.000480418,0.000488029,0
A269W,0.001644245,0.00167208,0
A269Y,0.000501192,0.000509164,0
P270A,0.000838044,0.00085187,0
P270C,0.00210826,0.002144157,0
P270D,0.000930044,0.000945468,0
P270E,0.000241762,0.000245226,0
P270F,0.000946269,0.000961975,0
P270G,0.001774567,0.001804666,0
P270H,0.005798083,0.005898096,0
P270I,0.000634718,0.000645011,0
P270K,0.000797575,0.000810697,0
P270L,0.000838822,0.000852661,0
P270M,0.003811003,0.003876488,0
P270N,0.000987322,0.001003742,0
P270Q,0.001627513,0.001655057,0
P270R,0.001738967,0.001768447,0
P270S,0.000952449,0.000968263,0
P270T,0.001576331,0.001602985,0
P270V,0.000825378,0.000838984,0
P270W,0.003690667,0.003754061,0
P270Y,0.001184003,0.00120384,0
R271A,0.001642622,0.001670428,0
R271C,0.002371213,0.00241168,0
R271D,0.000474987,0.000482504,0
R271E,0.000781743,0.00079459,0
R271F,0.000132133,0.000133692,0
R271G,0.000620973,0.000631027,0
R271H,0.003655335,0.003718115,0
R271I,0.00178567,0.001815962,0
R271K,0.001401571,0.001425189,0
R271L,0.002139167,0.002175601,0
R271M,0.003924766,0.003992228,0
R271N,0.001991088,0.002024949,0
R271P,0.002141089,0.002177557,0
R271Q,0.001609717,0.001636952,0
R271S,0.005055115,0.005142218,0
R271T,0.000692565,0.000703863,0
R271V,0.001035889,0.001053152,0
R271W,0.003062995,0.003115482,0
R271Y,0.003973097,0.004041399,0
G272A,0.000740469,0.000752599,0
G272C,0.005918474,0.006020579,0
G272D,0.001925643,0.001958367,0
G272E,0.002864508,0.002913546,0
G272F,0.001033489,0.001050711,0
G272H,0.000536561,0.000545148,0
G272I,0.00064984,0.000660395,0
G272K,0.010317709,0.010496257,0
G272L,0.000339817,0.000344985,0
G272M,0.001517794,0.001543431,0
G272N,0.000792227,0.000805256,0
G272P,0.000560404,0.000569405,0
G272Q,0.00163358,0.001661229,0
G272R,0.000338816,0.000343967,0
G272S,0.00059461,0.000604206,0
G272T,0.001921276,0.001953924,0
G272V,0.005458334,0.005552444,0
G272W,0.002081661,0.002117096,0
G272Y,0.005421576,0.005515047,0
Y273A,0.000435931,0.000442769,0
Y273C,0.001294915,0.001316679,0
Y273D,0.001432338,0.00145649,0
Y273E,0.001309532,0.00133155,0
Y273F,0.007024265,0.007145585,0
Y273G,0.000335272,0.000340361,0
Y273H,0.00336076,0.003418421,0
Y273I,0.001256886,0.00127799,0
Y273K,0.003268087,0.003324138,0
Y273L,0.000518757,0.000527035,0
Y273M,0.004511991,0.004589657,0
Y273N,0.006933779,0.007053527,0
Y273P,0.001854111,0.001885592,0
Y273Q,0.00206717,0.002102353,0
Y273R,0.001723374,0.001752583,0
Y273S,0.006657028,0.006771967,0
Y273T,0.000327336,0.000332287,0
Y273V,0.00079413,0.000807193,0
Y273W,0.002375128,0.002415663,0
F274A,0.0000466,0.0000467,0
F274C,0.002298137,0.002337334,0
F274D,0.00056927,0.000578425,0
F274E,0.000243245,0.000246735,0
F274G,0.000350162,0.00035551,0
F274H,0.001471219,0.001496047,0
F274I,0.0000822,0.0000829,0
F274K,0.000279981,0.000284109,0
F274L,0.000971997,0.00098815,0
F274M,0.000289454,0.000293747,0
F274N,0.000107771,0.000108907,0
F274P,0.000338117,0.000343256,0
F274Q,0.000260198,0.000263983,0
F274R,0.000262427,0.00026625,0
F274S,0.000437686,0.000444555,0
F274T,0.000569877,0.000579043,0
F274V,0.000146832,0.000148647,0
F274W,0.001182609,0.001202422,0
F274Y,0.759230696,0.772422675,1
K275A,0.030378321,0.030905451,0
K275C,0.001073559,0.001091477,0
K275D,0.00291975,0.002969748,0
K275E,0.020382219,0.020735653,0
K275F,0.015190242,0.015453458,0
K275G,0.001113727,0.001132343,0
K275H,0.006037718,0.006141895,0
K275I,0.016610093,0.01689798,0
K275L,0.013200286,0.013428923,0
K275M,0.008506581,0.008653658,0
K275N,0.003067512,0.003120078,0
K275P,0.13158531,0.133871056,1
K275Q,0.00300871,0.003060254,0
K275R,0.291767969,0.296837117,1
K275S,0.014148442,0.014393555,0
K275T,0.004871918,0.004955838,0
K275V,0.040679183,0.041385305,0
K275W,0.015683164,0.015954945,0
K275Y,0.000553749,0.000562635,0
I276A,0.001581804,0.001608554,0
I276C,0.000963697,0.000979706,0
I276D,0.000760923,0.000773409,0
I276E,0.000190357,0.000192928,0
I276F,0.014667159,0.014921285,0
I276G,0.000287304,0.00029156,0
I276H,0.002503733,0.002546502,0
I276K,0.000917171,0.000932372,0
I276L,0.761087569,0.774311814,1
I276M,0.007155222,0.007278818,0
I276N,0.000325217,0.000330132,0
I276P,0.000740048,0.000752171,0
I276Q,0.000760374,0.00077285,0
I276R,0.001093074,0.001111331,0
I276S,0.000494974,0.000502838,0
I276T,0.002586684,0.002630895,0
I276V,0.035027916,0.035635839,0
I276W,0.001482487,0.001507511,0
I276Y,0.006251668,0.006359563,0
R277A,0.00954417,0.009709277,0
R277C,0.000821709,0.000835251,0
R277D,0.00195227,0.001985457,0
R277E,0.002655741,0.002701152,0
R277F,0.00306167,0.003114134,0
R277G,0.819052919,0.833284394,1
R277H,0.006839092,0.006957194,0
R277I,0.007440044,0.007568589,0
R277K,0.014156412,0.014401663,0
R277L,0.008567549,0.008715686,0
R277M,0.007417394,0.007545545,0
R277N,0.021897221,0.02227698,0
R277P,0.001471616,0.001496451,0
R277Q,0.013775071,0.014013696,0
R277S,0.011233289,0.011427747,0
R277T,0.020221879,0.020572526,0
R277V,0.011575226,0.011775625,0
R277W,0.000630486,0.000640705,0
R277Y,0.003735309,0.003799479,0
S278A,0.022329918,0.022717196,0
S278C,0.00031408,0.000318801,0
S278D,0.04349642,0.044251496,0
S278E,0.185817717,0.189045828,1
S278F,0.002467021,0.002509152,0
S278G,0.008026563,0.008165299,0
S278H,0.055400179,0.056362099,0
S278I,0.002414867,0.002456092,0
S278K,0.040845934,0.041554954,0
S278L,0.00291745,0.002967408,0
S278M,0.059374924,0.060405911,0
S278N,0.099605545,0.101335597,0
S278P,0.134682835,0.137022405,1
S278Q,0.041501552,0.042221964,0
S278R,0.042885469,0.043629929,0
S278T,0.136235152,0.138601695,1
S278V,0.004177063,0.004248909,0
S278W,0.002691599,0.002737633,0
S278Y,0.04442686,0.045198103,0
G279A,0.037548184,0.038199901,0
G279C,0.000766613,0.000779197,0
G279D,0.002396473,0.002437379,0
G279E,0.00331111,0.003367909,0
G279F,0.010423794,0.010604186,0
G279H,0.011276581,0.011471791,0
G279I,0.005612117,0.005708899,0
G279K,0.01847755,0.018797887,0
G279L,0.001739978,0.001769476,0
G279M,0.072431673,0.07368954,0
G279N,0.007704992,0.007838141,0
G279P,0.009647432,0.009814333,0
G279Q,0.031693605,0.03224359,0
G279R,0.02374203,0.024153845,0
G279S,0.03504436,0.035652569,0
G279T,0.038985665,0.03966236,0
G279V,0.023656851,0.024067186,0
G279W,0.010680406,0.010865257,0
G279Y,0.010292089,0.010470192,0
K280A,0.018694087,0.019018187,0
K280C,0.00030895,0.000313582,0
K280D,0.035046296,0.035654539,0
K280E,0.003398668,0.003456988,0
K280F,0.004471436,0.004548397,0
K280G,0.010352425,0.010531577,0
K280H,0.070190814,0.071409743,0
K280I,0.003396121,0.003454397,0
K280L,0.003049502,0.003101755,0
K280M,0.00630258,0.00641136,0
K280N,0.591746902,0.602028611,1
K280P,0.00213507,0.002171433,0
K280Q,0.069493865,0.070700683,0
K280R,0.011252864,0.011447662,0
K280S,0.028460337,0.028954139,0
K280T,0.029442202,0.029953066,0
K280V,0.0048336,0.004916854,0
K280W,0.003631955,0.003694329,0
K280Y,0.007478537,0.007607751,0
S281A,0.203348947,0.206881688,1
S281C,0.00553513,0.005630574,0
S281D,0.006991425,0.007112174,0
S281E,0.00094649,0.0009622,0
S281F,0.005225734,0.005315802,0
S281G,0.058649142,0.059667518,0
S281H,0.002620652,0.002665453,0
S281I,0.00666093,0.006775937,0
S281K,0.002984093,0.003035209,0
S281L,0.000378004,0.000383836,0
S281M,0.003513509,0.003573825,0
S281N,0.048304913,0.049143543,0
S281P,0.000593248,0.00060282,0
S281Q,0.000771376,0.000784043,0
S281R,0.000341845,0.000347048,0
S281T,0.000238378,0.000241784,0
S281V,0.001205684,0.001225898,0
S281W,0.001628171,0.001655726,0
S281Y,0.007120061,0.007243046,0
S282A,0.055295927,0.056256036,0
S282C,0.004764337,0.004846388,0
S282D,0.012918317,0.013142055,0
S282E,0.004360443,0.004435475,0
S282F,0.003168033,0.003222346,0
S282G,0.024130989,0.024549563,0
S282H,0.008559267,0.00870726,0
S282I,0.001090521,0.001108734,0
S282K,0.003338046,0.003395313,0
S282L,0.001225841,0.001246405,0
S282M,0.002676761,0.002722537,0
S282N,0.012966376,0.013190949,0
S282P,0.000660751,0.000671496,0
S282Q,0.004326536,0.004400979,0
S282R,0.003045377,0.003097558,0
S282T,0.136050637,0.138413974,1
S282V,0.003185661,0.00324028,0
S282W,0.002639475,0.002684603,0
S282Y,0.009874366,0.010045211,0
I283A,0.010684724,0.01086965,0
I283C,0.004732888,0.004814392,0
I283D,0.000660265,0.000671001,0
I283E,0.000287373,0.00029163,0
I283F,0.005238659,0.005328952,0
I283G,0.000132239,0.0001338,0
I283H,0.001373683,0.001396816,0
I283K,0.000600864,0.000610568,0
I283L,0.008801153,0.008953349,0
I283M,0.010670142,0.010854814,0
I283N,0.000406688,0.000413018,0
I283P,0.000335672,0.000340768,0
I283Q,0.001651496,0.001679457,0
I283R,0.000286263,0.000290501,0
I283S,0.00163993,0.00166769,0
I283T,0.001232862,0.001253548,0
I283V,0.207772057,0.211381656,1
I283W,0.023789066,0.024201698,0
I283Y,0.009123912,0.009281716,0
M284A,0.0000607,0.000061,0
M284C,0.000662116,0.000672885,0
M284D,0.000123766,0.00012518,0
M284E,0.002158797,0.002195573,0
M284F,0.0021874,0.002224673,0
M284G,0.000275845,0.000279902,0
M284H,0.001156683,0.001176045,0
M284I,0.704359106,0.716597613,1
M284K,0.001100181,0.001118562,0
M284L,0.03467212,0.035273861,0
M284N,0.000176589,0.000178921,0
M284P,0.000208234,0.000211116,0
M284Q,0.001237545,0.001258313,0
M284R,0.000259898,0.000263678,0
M284S,0.000859518,0.000873717,0
M284T,0.000465737,0.000473093,0
M284V,0.018168624,0.018483593,0
M284W,0.001590033,0.001616926,0
M284Y,0.000489116,0.000496879,0
R285A,0.006356575,0.006466293,0
R285C,0.004821508,0.004904552,0
R285D,0.003716481,0.003780324,0
R285E,0.006988971,0.007109678,0
R285F,0.008167679,0.008308867,0
R285G,0.010214716,0.010391475,0
R285H,0.039721,0.040410472,0
R285I,0.255999979,0.260447607,1
R285K,0.032812101,0.033381521,0
R285L,0.101580881,0.103345257,1
R285M,0.047782164,0.048611711,0
R285N,0.004387495,0.004462997,0
R285P,0.000604909,0.000614684,0
R285Q,0.091260333,0.092845375,0
R285S,0.012154246,0.012364707,0
R285T,0.032407924,0.032970321,0
R285V,0.10159292,0.103357505,1
R285W,0.00366709,0.003730074,0
R285Y,0.004249851,0.004322962,0
S286A,0.005498315,0.005593119,0
S286C,0.000538223,0.000546839,0
S286D,0.001491377,0.001516555,0
S286E,0.00075378,0.000766141,0
S286F,0.002233637,0.002271713,0
S286G,0.000401625,0.000407867,0
S286H,0.00211288,0.002148858,0
S286I,0.001734124,0.00176352,0
S286K,0.000515316,0.000523534,0
S286L,0.000479095,0.000486683,0
S286M,0.001449647,0.0014741,0
S286N,0.000276096,0.000280157,0
S286P,0.00120975,0.001230035,0
S286Q,0.000997316,0.001013909,0
S286R,0.000810291,0.000823634,0
S286T,0.291449048,0.296512654,1
S286V,0.000276023,0.000280083,0
S286W,0.005152332,0.005241125,0
S286Y,0.000482702,0.000490353,0
D287A,0.000945947,0.000961648,0
D287C,0.002374945,0.002415476,0
D287E,0.003854804,0.00392105,0
D287F,0.006195774,0.006302698,0
D287G,0.003156253,0.003210361,0
D287H,0.001641691,0.001669481,0
D287I,0.000233045,0.000236358,0
D287K,0.000926559,0.000941923,0
D287L,0.001319242,0.001341429,0
D287M,0.004854814,0.004938437,0
D287N,0.002006803,0.002040937,0
D287P,0.000327424,0.000332377,0
D287Q,0.008115292,0.00825557,0
D287R,0.003601113,0.003662951,0
D287S,0.002340287,0.002380216,0
D287T,0.003683991,0.003747269,0
D287V,0.00126005,0.001281209,0
D287W,0.001287911,0.001309554,0
D287Y,0.00741154,0.007539589,0
A288C,0.008345254,0.008489528,0
A288D,0.018701921,0.019026157,0
A288E,0.009750159,0.009918845,0
A288F,0.004496398,0.004573793,0
A288G,0.051403852,0.052296331,0
A288H,0.047553389,0.04837896,0
A288I,0.014467788,0.01471845,0
A288K,0.003503937,0.003564086,0
A288L,0.124735576,0.126902298,1
A288M,0.037026219,0.037668866,0
A288N,0.00689289,0.007011927,0
A288P,0.000603994,0.000613753,0
A288Q,0.030450296,0.030978677,0
A288R,0.010102691,0.010277503,0
A288S,0.017542768,0.017846862,0
A288T,0.010496379,0.010678032,0
A288V,0.031787598,0.032339216,0
A288W,0.005720545,0.005819211,0
A288Y,0.010740752,0.010926651,0
P289A,0.01805359,0.01836656,0
P289C,0.001236325,0.001257071,0
P289D,0.005242691,0.005333054,0
P289E,0.013537499,0.013771996,0
P289F,0.019858649,0.020202985,0
P289G,0.003520881,0.003581325,0
P289H,0.023683359,0.024094155,0
P289I,0.033718905,0.034304082,0
P289K,0.144145004,0.146648992,1
P289L,0.024744068,0.025173295,0
P289M,0.010420776,0.010601115,0
P289N,0.010976478,0.011166473,0
P289Q,0.004717838,0.004799081,0
P289R,0.051616132,0.052512299,0
P289S,0.014182762,0.014428471,0
P289T,0.012152215,0.01236264,0
P289V,0.056311125,0.057288874,0
P289W,0.001043532,0.001060928,0
P289Y,0.003153609,0.003207671,0
I290A,0.00171255,0.001741571,0
I290C,0.000618461,0.000628471,0
I290D,0.000940206,0.000955807,0
I290E,0.001373055,0.001396177,0
I290F,0.00309487,0.003147911,0
I290G,0.001089537,0.001107733,0
I290H,0.000698946,0.000710355,0
I290K,0.000941856,0.000957486,0
I290L,0.011614694,0.011815779,0
I290M,0.006445201,0.006556459,0
I290N,0.00076489,0.000777444,0
I290P,0.000183647,0.000186102,0
I290Q,0.000568302,0.00057744,0
I290R,0.000263815,0.000267663,0
I290S,0.001304101,0.001326025,0
I290T,0.000544649,0.000553376,0
I290V,0.025548113,0.025991311,0
I290W,0.002750399,0.002797455,0
I290Y,0.000693964,0.000705286,0
G291A,0.046537739,0.047345662,0
G291C,0.028838285,0.029338655,0
G291D,0.000877355,0.000891864,0
G291E,0.005603071,0.005699696,0
G291F,0.004071436,0.004141446,0
G291H,0.008391819,0.008536902,0
G291I,0.131553131,0.133838318,1
G291K,0.079701564,0.081085756,0
G291L,0.009503558,0.009667959,0
G291M,0.041146375,0.041860615,0
G291N,0.003136359,0.003190121,0
G291P,0.0000838,0.0000845,0
G291Q,0.048040135,0.048874164,0
G291R,0.078936488,0.080307385,0
G291S,0.038512126,0.039180592,0
G291T,0.065037717,0.066167103,0
G291V,0.315179632,0.320655591,1
G291W,0.004370474,0.004445681,0
G291Y,0.002351325,0.002391446,0
K292A,0.021528515,0.021901867,0
K292C,0.003331444,0.003388596,0
K292D,0.014795391,0.015051745,0
K292E,0.058020117,0.059027563,0
K292F,0.002298187,0.002337385,0
K292G,0.023347079,0.023752031,0
K292H,0.227178719,0.231125536,1
K292I,0.045757867,0.046552239,0
K292L,0.023094203,0.023494761,0
K292M,0.037487513,0.038138175,0
K292N,0.023432006,0.023838434,0
K292P,0.01763205,0.017937695,0
K292Q,0.078717854,0.080084952,0
K292R,0.041990485,0.042719393,0
K292S,0.082673585,0.08410942,0
K292T,0.019473372,0.019811013,0
K292V,0.027083742,0.027553624,0
K292W,0.007388573,0.007516223,0
K292Y,0.005283885,0.005374963,0
C293A,0.000593816,0.000603398,0
C293D,0.005838053,0.005938761,0
C293E,0.000950139,0.000965912,0
C293F,0.002214654,0.0022524,0
C293G,0.002643646,0.002688847,0
C293H,0.003387066,0.003445185,0
C293I,0.000498085,0.000506003,0
C293K,0.000737232,0.000749306,0
C293L,0.002172003,0.002209008,0
C293M,0.000301268,0.000305766,0
C293N,0.000365934,0.000371556,0
C293P,0.000714555,0.000726235,0
C293Q,0.000399126,0.000405325,0
C293R,0.000914098,0.000929245,0
C293S,0.005413806,0.005507142,0
C293T,0.000708606,0.000720182,0
C293V,0.001234345,0.001255057,0
C293W,0.001311993,0.001334054,0
C293Y,0.004497186,0.004574594,0
N294A,0.017690444,0.017997104,0
N294C,0.001260039,0.001281197,0
N294D,0.011148143,0.011341121,0
N294E,0.01268802,0.012907756,0
N294F,0.039173602,0.039853563,0
N294G,0.004640514,0.004720413,0
N294H,0.175774169,0.178827759,1
N294I,0.022103874,0.022487224,0
N294K,0.027790784,0.028272952,0
N294L,0.011042722,0.011233868,0
N294M,0.020041499,0.020389012,0
N294P,0.000027,0.0000267,0
N294Q,0.015643933,0.015915032,0
N294R,0.053012139,0.053932564,0
N294S,0.023886031,0.024300348,0
N294T,0.0314692,0.032015286,0
N294V,0.069948196,0.071162909,0
N294W,0.168423144,0.171349,1
N294Y,0.233762543,0.237823764,1
S295A,0.091696754,0.093289379,0
S295C,0.012866744,0.013089585,0
S295D,0.024966476,0.025399568,0
S295E,0.044150278,0.044916715,0
S295F,0.004910757,0.004995352,0
S295G,0.00299244,0.003043701,0
S295H,0.043141278,0.043890183,0
S295I,0.015833105,0.016107491,0
S295K,0.014436057,0.014686167,0
S295L,0.063874067,0.064983233,0
S295M,0.085282297,0.086763462,0
S295N,0.012411558,0.01262649,0
S295P,0.000209229,0.000212128,0
S295Q,0.013908871,0.014149821,0
S295R,0.017811659,0.018120425,0
S295T,0.002088976,0.002124538,0
S295V,0.014386445,0.014635693,0
S295W,0.003400222,0.003458569,0
S295Y,0.503365108,0.512111058,1
E296A,0.071843675,0.073091325,0
E296C,0.000858504,0.000872685,0
E296D,0.037024179,0.03766679,0
E296F,0.014921542,0.015180088,0
E296G,0.011606927,0.011807877,0
E296H,0.115499861,0.117506099,1
E296I,0.019409695,0.01974623,0
E296K,0.006716964,0.006832944,0
E296L,0.028947576,0.029449845,0
E296M,0.159313509,0.162081072,1
E296N,0.056609122,0.05759205,0
E296P,0.161100988,0.163899611,1
E296Q,0.061031983,0.062091764,0
E296R,0.005139328,0.005227895,0
E296S,0.048462672,0.049304043,0
E296T,0.053542972,0.054472621,0
E296V,0.019554309,0.019893356,0
E296W,0.010233096,0.010410174,0
E296Y,0.003441529,0.003500594,0
C297A,0.002295976,0.002335135,0
C297D,0.000584066,0.000593478,0
C297E,0.000202693,0.000205478,0
C297F,0.004626437,0.004706091,0
C297G,0.000134152,0.000135747,0
C297H,0.000579335,0.000588665,0
C297I,0.000649429,0.000659977,0
C297K,0.000943204,0.000958857,0
C297L,0.000384199,0.000390138,0
C297M,0.004938868,0.005023951,0
C297N,0.002066458,0.002101629,0
C297P,0.001113179,0.001131785,0
C297Q,0.001069002,0.001086841,0
C297R,0.002609674,0.002654284,0
C297S,0.003782448,0.003847437,0
C297T,0.000678493,0.000689546,0
C297V,0.002567878,0.002611762,0
C297W,0.005926871,0.006029122,0
C297Y,0.002260235,0.002298773,0
I298A,0.008293752,0.008437131,0
I298C,0.003868771,0.00393526,0
I298D,0.001367897,0.00139093,0
I298E,0.000893921,0.000908718,0
I298F,0.011807977,0.012012421,0
I298G,0.001359784,0.001382676,0
I298H,0.095740971,0.09740387,0
I298K,0.002993516,0.003044796,0
I298L,0.04446802,0.045239979,0
I298M,0.002629279,0.00267423,0
I298N,0.000341829,0.000347032,0
I298P,0.000981359,0.000997675,0
I298Q,0.00054268,0.000551373,0
I298R,0.000217565,0.000220609,0
I298S,0.001373949,0.001397087,0
I298T,0.00533398,0.005425929,0
I298V,0.144744392,0.147258796,1
I298W,0.00959792,0.009763961,0
I298Y,0.004758541,0.004840491,0
T299A,0.00908781,0.009244987,0
T299C,0.013560632,0.013795531,0
T299D,0.00297079,0.003021675,0
T299E,0.01036948,0.010548928,0
T299F,0.003531304,0.003591929,0
T299G,0.000840275,0.000854139,0
T299H,0.004161749,0.004233329,0
T299I,0.011664974,0.011866933,0
T299K,0.005275472,0.005366404,0
T299L,0.00118711,0.001207001,0
T299M,0.008025525,0.008164243,0
T299N,0.014828081,0.015085003,0
T299P,0.001010986,0.001027817,0
T299Q,0.013432568,0.013665241,0
T299R,0.005950252,0.00605291,0
T299S,0.147231917,0.149789545,1
T299V,0.009305456,0.009466415,0
T299W,0.008347353,0.008491664,0
T299Y,0.003178395,0.003232888,0
P300A,0.051594758,0.052490554,0
P300C,0.006115081,0.006220603,0
P300D,0.004686528,0.004767227,0
P300E,0.012853104,0.013075708,0
P300F,0.003408865,0.003467362,0
P300G,0.00593456,0.006036945,0
P300H,0.004605168,0.004684453,0
P300I,0.003468701,0.003528238,0
P300K,0.003129433,0.003183075,0
P300L,0.005224035,0.005314073,0
P300M,0.00986391,0.010034573,0
P300N,0.007192498,0.007316741,0
P300Q,0.014866283,0.015123869,0
P300R,0.003206155,0.00326113,0
P300S,0.004729123,0.004810562,0
P300T,0.025697331,0.026143122,0
P300V,0.010104101,0.010278938,0
P300W,0.011798181,0.012002455,0
P300Y,0.015644848,0.015915963,0
N301A,0.01532438,0.015589926,0
N301C,0.021002122,0.021366327,0
N301D,0.027680101,0.028160346,0
N301E,0.015938981,0.016215207,0
N301F,0.007367589,0.007494875,0
N301G,0.016945802,0.017239523,0
N301H,0.017358048,0.017658932,0
N301I,0.005240732,0.005331061,0
N301K,0.018433906,0.018753485,0
N301L,0.034280297,0.034875229,0
N301M,0.028198853,0.028688112,0
N301P,0.006894507,0.007013572,0
N301Q,0.013843618,0.014083434,0
N301R,0.007677951,0.00781063,0
N301S,0.02593405,0.026383954,0
N301T,0.007609916,0.007741413,0
N301V,0.045002803,0.045784054,0
N301W,0.025861437,0.02631008,0
N301Y,0.022616767,0.023009029,0
G302A,0.008519692,0.008666997,0
G302C,0.005306414,0.005397884,0
G302D,0.007635101,0.007767035,0
G302E,0.004278862,0.004352477,0
G302F,0.001839697,0.001870928,0
G302H,0.006685668,0.006801104,0
G302I,0.000381336,0.000387226,0
G302K,0.00382818,0.003893964,0
G302L,0.001346272,0.001368929,0
G302M,0.0020221,0.0020565,0
G302N,0.006348274,0.006457848,0
G302P,0.001483101,0.001508135,0
G302Q,0.004726859,0.004808258,0
G302R,0.001612652,0.001639938,0
G302S,0.001103286,0.001121721,0
G302T,0.001065,0.001082769,0
G302V,0.004287509,0.004361274,0
G302W,0.000811205,0.000824564,0
G302Y,0.002622795,0.002667633,0
S303A,0.002377229,0.0024178,0
S303C,0.001621317,0.001648753,0
S303D,0.004151291,0.004222689,0
S303E,0.002297075,0.002336253,0
S303F,0.002199943,0.002237434,0
S303G,0.002865536,0.002914592,0
S303H,0.009817506,0.009987363,0
S303I,0.00461601,0.004695483,0
S303K,0.001447116,0.001471525,0
S303L,0.001280778,0.001302297,0
S303M,0.011174363,0.011367797,0
S303N,0.00415614,0.004227622,0
S303P,0.000751661,0.000763986,0
S303Q,0.002162984,0.002199832,0
S303R,0.001143486,0.001162619,0
S303T,0.013639001,0.013875261,0
S303V,0.002292099,0.002331191,0
S303W,0.001790385,0.001820759,0
S303Y,0.001127614,0.001146471,0
I304A,0.004239622,0.004312555,0
I304C,0.003109865,0.003163167,0
I304D,0.001562678,0.001589095,0
I304E,0.002054114,0.002089071,0
I304F,0.008056125,0.008195375,0
I304G,0.000314308,0.000319033,0
I304H,0.00221799,0.002255794,0
I304K,0.000797065,0.000810179,0
I304L,0.183039875,0.186219717,1
I304M,0.091841931,0.093437079,0
I304N,0.003222723,0.003277986,0
I304P,0.001137628,0.001156659,0
I304Q,0.00081469,0.00082811,0
I304R,0.0011006,0.001118988,0
I304S,0.00045496,0.000462129,0
I304T,0.001064375,0.001082133,0
I304V,0.014748882,0.015004428,0
I304W,0.000732126,0.000744111,0
I304Y,0.002223019,0.002260911,0
P305A,0.160809641,0.163603201,1
P305C,0.004613084,0.004692506,0
P305D,0.0113145,0.011510369,0
P305E,0.078998079,0.080370047,0
P305F,0.012539911,0.012757073,0
P305G,0.03771798,0.038372647,0
P305H,0.044244814,0.045012894,0
P305I,0.016049299,0.016327442,0
P305K,0.012051314,0.012259986,0
P305L,0.013098832,0.013325706,0
P305M,0.011395884,0.011593167,0
P305N,0.034564652,0.035164526,0
P305Q,0.029014226,0.029517653,0
P305R,0.014119001,0.014363602,0
P305S,0.047439009,0.048262593,0
P305T,0.035489989,0.036105942,0
P305V,0.021705297,0.022081721,0
P305W,0.028595477,0.029091628,0
P305Y,0.010753121,0.010939235,0
N306A,0.075400726,0.076710184,0
N306C,0.005697403,0.005795667,0
N306D,0.003498615,0.003558672,0
N306E,0.00498397,0.005069837,0
N306F,0.01210945,0.012319132,0
N306G,0.043295387,0.044046969,0
N306H,0.021140375,0.021506983,0
N306I,0.02303721,0.023436778,0
N306K,0.000498315,0.000506237,0
N306L,0.007746656,0.007880529,0
N306M,0.008433205,0.008579007,0
N306P,0.002090718,0.002126311,0
N306Q,0.006888285,0.007007242,0
N306R,0.008262958,0.008405802,0
N306S,0.045455719,0.04624484,0
N306T,0.1332315,0.135545851,1
N306V,0.071798618,0.073045485,0
N306W,0.003261921,0.003317865,0
N306Y,0.005914197,0.006016228,0
D307A,0.039219415,0.039900172,0
D307C,0.002834387,0.002882902,0
D307E,0.117271123,0.119308139,1
D307F,0.021037251,0.021402067,0
D307G,0.034045072,0.034635917,0
D307H,0.079879245,0.081266524,0
D307I,0.027000386,0.02746882,0
D307K,0.005105347,0.005193323,0
D307L,0.008997382,0.009152988,0
D307M,0.02118789,0.021555323,0
D307N,0.079212203,0.080587891,0
D307P,0.000129239,0.000130748,0
D307Q,0.052768137,0.053684322,0
D307R,0.010994682,0.011184994,0
D307S,0.111268862,0.11320158,1
D307T,0.069615901,0.07082484,0
D307V,0.042753595,0.043495763,0
D307W,0.004217411,0.004289958,0
D307Y,0.049380693,0.050238016,0
K308A,0.004613793,0.004693228,0
K308C,0.001422582,0.001446565,0
K308D,0.003400125,0.00345847,0
K308E,0.005525862,0.005621145,0
K308F,0.002882941,0.0029323,0
K308G,0.002957715,0.003008373,0
K308H,0.006089844,0.006194927,0
K308I,0.003852301,0.003918504,0
K308L,0.125048474,0.127220633,1
K308M,0.00746637,0.007595372,0
K308N,0.004992499,0.005078514,0
K308P,0.001197557,0.00121763,0
K308Q,0.001354535,0.001377335,0
K308R,0.253145839,0.257543872,1
K308S,0.002042152,0.002076901,0
K308T,0.028324737,0.028816183,0
K308V,0.019485902,0.019823761,0
K308W,0.000827233,0.000840871,0
K308Y,0.006616397,0.00673063,0
P309A,0.014292651,0.01454027,0
P309C,0.007076246,0.007198469,0
P309D,0.001128244,0.001147112,0
P309E,0.006282503,0.006390934,0
P309F,0.001016214,0.001033136,0
P309G,0.001326191,0.001348499,0
P309H,0.001067829,0.001085647,0
P309I,0.009809876,0.0099796,0
P309K,0.00278425,0.002831894,0
P309L,0.019504124,0.019842299,0
P309M,0.011882404,0.012088141,0
P309N,0.001186595,0.001206477,0
P309Q,0.007453672,0.007582454,0
P309R,0.000139472,0.000141159,0
P309S,0.000431088,0.000437842,0
P309T,0.000902525,0.000917471,0
P309V,0.016165918,0.016446087,0
P309W,0.001638068,0.001665795,0
P309Y,0.003387971,0.003446105,0
F310A,0.004489145,0.004566414,0
F310C,0.004953503,0.005038841,0
F310D,0.001982819,0.002016537,0
F310E,0.001430816,0.001454942,0
F310G,0.002102375,0.00213817,0
F310H,0.001571109,0.001597673,0
F310I,0.001609803,0.001637039,0
F310K,0.003105353,0.003158576,0
F310L,0.01201511,0.012223153,0
F310M,0.001292445,0.001314166,0
F310N,0.001184309,0.001204151,0
F310P,0.000477673,0.000485237,0
F310Q,0.001825331,0.001856312,0
F310R,0.001281451,0.001302981,0
F310S,0.005327153,0.005418983,0
F310T,0.001473363,0.001498228,0
F310V,0.000704958,0.000716471,0
F310W,0.010801191,0.010988141,0
F310Y,0.018879687,0.019207012,0
Q311A,0.000430281,0.000437021,0
Q311C,0.001305447,0.001327394,0
Q311D,0.002022668,0.002057078,0
Q311E,0.000901858,0.000916792,0
Q311F,0.000446748,0.000453774,0
Q311G,0.001371304,0.001394396,0
Q311H,0.006563772,0.00667709,0
Q311I,0.000711098,0.000722718,0
Q311K,0.005211643,0.005301466,0
Q311L,0.001912956,0.00194546,0
Q311M,0.004910095,0.004994678,0
Q311N,0.005923051,0.006025236,0
Q311P,0.000629753,0.000639959,0
Q311R,0.000516196,0.000524429,0
Q311S,0.001024864,0.001041936,0
Q311T,0.002980568,0.003031623,0
Q311V,0.001711704,0.001740711,0
Q311W,0.000570943,0.000580127,0
Q311Y,0.001745852,0.001775452,0
N312A,0.007564473,0.00769518,0
N312C,0.005114816,0.005202957,0
N312D,0.001381552,0.001404822,0
N312E,0.001385008,0.001408338,0
N312F,0.000842587,0.000856492,0
N312G,0.000376379,0.000382183,0
N312H,0.063731873,0.064838569,0
N312I,0.002966062,0.003016865,0
N312K,0.006414657,0.006525384,0
N312L,0.000475258,0.00048278,0
N312M,0.001683613,0.001712132,0
N312P,0.0005459,0.000554649,0
N312Q,0.006158703,0.006264983,0
N312R,0.002675876,0.002721637,0
N312S,0.29532236,0.30045327,1
N312T,0.003498185,0.003558234,0
N312V,0.001665366,0.001693568,0
N312W,0.001432138,0.001456287,0
N312Y,0.002121079,0.002157199,0
V313A,0.000972437,0.000988598,0
V313C,0.002308996,0.002348382,0
V313D,0.000746315,0.000758547,0
V313E,0.000986577,0.001002984,0
V313F,0.000289662,0.000293959,0
V313G,0.001305606,0.001327556,0
V313H,0.000398367,0.000404553,0
V313I,0.27375248,0.278508583,1
V313K,0.001850085,0.001881496,0
V313L,0.102543607,0.104324712,1
V313M,0.029845452,0.030363323,0
V313N,0.001749041,0.001778696,0
V313P,0.000573637,0.000582868,0
V313Q,0.001345216,0.001367854,0
V313R,0.001079114,0.001097129,0
V313S,0.000719086,0.000730845,0
V313T,0.010418283,0.010598579,0
V313W,0.003874308,0.003940893,0
V313Y,0.000535918,0.000544494,0
N314A,0.025088157,0.025523363,0
N314C,0.001398078,0.001421635,0
N314D,0.013950237,0.014191906,0
N314E,0.001747818,0.001777452,0
N314F,0.00184479,0.001876109,0
N314G,0.002350631,0.00239074,0
N314H,0.283954499,0.288887877,1
N314I,0.001409797,0.001433558,0
N314K,0.000625996,0.000636137,0
N314L,0.003318368,0.003375293,0
N314M,0.001487274,0.001512381,0
N314P,0.004330463,0.004404974,0
N314Q,0.00177386,0.001803947,0
N314R,0.000347758,0.000353064,0
N314S,0.004255414,0.004328621,0
N314T,0.000894757,0.000909568,0
N314V,0.000267917,0.000271836,0
N314W,0.005180965,0.005270255,0
N314Y,0.002866654,0.00291573,0
R315A,0.023864361,0.024278302,0
R315C,0.000829375,0.00084305,0
R315D,0.000324545,0.000329448,0
R315E,0.001208975,0.001229246,0
R315F,0.007715432,0.007848762,0
R315G,0.004322482,0.004396855,0
R315H,0.039434114,0.040118601,0
R315I,0.018808769,0.019134862,0
R315K,0.115170075,0.117170583,1
R315L,0.022317087,0.022704142,0
R315M,0.043364454,0.044117237,0
R315N,0.000991314,0.001007803,0
R315P,0.333182845,0.338971635,1
R315Q,0.043746268,0.044505685,0
R315S,0.036797218,0.037435886,0
R315T,0.04265288,0.043393298,0
R315V,0.017631057,0.017936685,0
R315W,0.005575622,0.00567177,0
R315Y,0.01543394,0.01570139,0
I316A,0.100613562,0.102361129,1
I316C,0.002565968,0.002609819,0
I316D,0.037107777,0.037751841,0
I316E,0.005403598,0.005496757,0
I316F,0.017076858,0.017372856,0
I316G,0.001632382,0.00166001,0
I316H,0.071491009,0.072732531,0
I316K,0.005395342,0.005488357,0
I316L,0.005370729,0.005463316,0
I316M,0.033539282,0.034121338,0
I316N,0.011339247,0.011535546,0
I316P,0.020667462,0.021025852,0
I316Q,0.118393148,0.120449661,1
I316R,0.004871067,0.004954972,0
I316S,0.000912642,0.000927764,0
I316T,0.044779444,0.045556814,0
I316V,0.120445656,0.122537834,1
I316W,0.040855081,0.04156426,0
I316Y,0.032154666,0.032712663,0
T317A,0.072373342,0.073630195,0
T317C,0.002630507,0.002675479,0
T317D,0.000500309,0.000508266,0
T317E,0.000264846,0.000268711,0
T317F,0.022407883,0.022796515,0
T317G,0.001361032,0.001383945,0
T317H,0.05881163,0.059832829,0
T317I,0.030537003,0.03106689,0
T317K,0.001234397,0.00125511,0
T317L,0.004698963,0.004779878,0
T317M,0.0117019,0.011904501,0
T317N,0.009942624,0.010114655,0
T317P,0.001112427,0.00113102,0
T317Q,0.002203566,0.00224112,0
T317R,0.001087192,0.001105347,0
T317S,0.201196804,0.204692149,1
T317V,0.040407797,0.041109203,0
T317W,0.002615767,0.002660483,0
T317Y,0.007004668,0.007125648,0
Y318A,0.00067828,0.00068933,0
Y318C,0.005163936,0.00525293,0
Y318D,0.000682026,0.000693141,0
Y318E,0.000834327,0.000848088,0
Y318F,0.102971318,0.104759855,1
Y318G,0.0043244,0.004398806,0
Y318H,0.006754998,0.006871639,0
Y318I,0.003663519,0.003726441,0
Y318K,0.000999975,0.001016614,0
Y318L,0.000517487,0.000525742,0
Y318M,0.001872854,0.001904661,0
Y318N,0.001281707,0.001303242,0
Y318P,0.000848558,0.000862566,0
Y318Q,0.000690685,0.00070195,0
Y318R,0.001434582,0.001458773,0
Y318S,0.00199745,0.002031422,0
Y318T,0.001060495,0.001078186,0
Y318V,0.006489859,0.006601893,0
Y318W,0.013385954,0.013617817,0
G319A,0.000430155,0.000436893,0
G319C,0.000556371,0.000565302,0
G319D,0.000719409,0.000731173,0
G319E,0.001856375,0.001887896,0
G319F,0.000769079,0.000781706,0
G319H,0.011773439,0.011977283,0
G319I,0.0000889,0.0000897,0
G319K,0.000260802,0.000264597,0
G319L,0.000837422,0.000851237,0
G319M,0.003781407,0.003846378,0
G319N,0.001228635,0.001249248,0
G319P,0.000890504,0.000905241,0
G319Q,0.000801308,0.000814495,0
G319R,0.001021376,0.001038387,0
G319S,0.001097164,0.001115492,0
G319T,0.000381643,0.000387538,0
G319V,0.003875221,0.003941822,0
G319W,0.003179895,0.003234414,0
G319Y,0.000898275,0.000913147,0
A320C,0.000206075,0.000208919,0
A320D,0.065021371,0.066150473,0
A320E,0.011208492,0.011402519,0
A320F,0.031343608,0.031887511,0
A320G,0.017569777,0.01787434,0
A320H,0.018700123,0.019024328,0
A320I,0.006261763,0.006369833,0
A320K,0.07494478,0.076246316,0
A320L,0.016276765,0.01655886,0
A320M,0.213362213,0.217068949,1
A320N,0.17762573,0.180711494,1
A320P,0.005280958,0.005371986,0
A320Q,0.009871341,0.010042133,0
A320R,0.083548663,0.084999704,0
A320S,0.104521706,0.106337183,1
A320T,0.023769097,0.024181382,0
A320V,0.006040701,0.00614493,0
A320W,0.005405488,0.005498679,0
A320Y,0.005774224,0.005873823,0
C321A,0.000829022,0.000842691,0
C321D,0.005927866,0.006030135,0
C321E,0.002680675,0.002726519,0
C321F,0.001333055,0.001355482,0
C321G,0.006082187,0.006187137,0
C321H,0.002071527,0.002106786,0
C321I,0.002095255,0.002130926,0
C321K,0.010497482,0.010679154,0
C321L,0.005850264,0.005951184,0
C321M,0.003979793,0.004048211,0
C321N,0.002840653,0.002889277,0
C321P,0.002363057,0.002403382,0
C321Q,0.001468046,0.001492819,0
C321R,0.000145509,0.000147301,0
C321S,0.10154172,0.103305416,1
C321T,0.001405788,0.001429479,0
C321V,0.002674703,0.002720443,0
C321W,0.006592074,0.006705884,0
C321Y,0.006141093,0.006247067,0
P322A,0.001623961,0.001651443,0
P322C,0.001551218,0.001577436,0
P322D,0.001172267,0.0011919,0
P322E,0.000351767,0.000357143,0
P322F,0.000945173,0.00096086,0
P322G,0.007891234,0.008027619,0
P322H,0.002497654,0.002540318,0
P322I,0.00053809,0.000546704,0
P322K,0.000185783,0.000188275,0
P322L,0.001376328,0.001399507,0
P322M,0.001435262,0.001459465,0
P322N,0.00049099,0.000498785,0
P322Q,0.001485224,0.001510295,0
P322R,0.000332077,0.000337111,0
P322S,0.00068961,0.000700856,0
P322T,0.000960117,0.000976064,0
P322V,0.000422138,0.000428737,0
P322W,0.000937029,0.000952575,0
P322Y,0.000135886,0.000137511,0
R323A,0.039046412,0.039724162,0
R323C,0.000431647,0.000438411,0
R323D,0.000859654,0.000873855,0
R323E,0.001800001,0.001830542,0
R323F,0.057021652,0.058011748,0
R323G,0.000960409,0.000976361,0
R323H,0.060799038,0.061854771,0
R323I,0.057941029,0.0589471,0
R323K,0.028596301,0.029092466,0
R323L,0.087466072,0.088985183,0
R323M,0.018364452,0.018682824,0
R323N,0.010134468,0.010309832,0
R323P,0.015405741,0.015672701,0
R323Q,0.032547683,0.033112509,0
R323S,0.025871681,0.026320502,0
R323T,0.111277291,0.113210156,1
R323V,0.128031008,0.130254993,1
R323W,0.07181898,0.073066201,0
R323Y,0.036286683,0.036916479,0
Y324A,0.004126374,0.004197339,0
Y324C,0.003042247,0.003094374,0
Y324D,0.008408841,0.00855422,0
Y324E,0.005324647,0.005416434,0
Y324F,0.166571072,0.169464745,1
Y324G,0.001633426,0.001661073,0
Y324H,0.001417366,0.001441258,0
Y324I,0.000969759,0.000985873,0
Y324K,0.001872033,0.001903826,0
Y324L,0.001236004,0.001256745,0
Y324M,0.000782124,0.000794978,0
Y324N,0.004997342,0.005083441,0
Y324P,0.010617352,0.010801107,0
Y324Q,0.001171478,0.001191098,0
Y324R,0.002086301,0.002121817,0
Y324S,0.000588204,0.000597688,0
Y324T,0.002055335,0.002090313,0
Y324V,0.001178418,0.001198158,0
Y324W,0.003401237,0.003459602,0
V325A,0.003085154,0.003138026,0
V325C,0.000915281,0.000930449,0
V325D,0.000992972,0.00100949,0
V325E,0.000895477,0.000910301,0
V325F,0.002596309,0.002640687,0
V325G,0.00063369,0.000643965,0
V325H,0.001067423,0.001085234,0
V325I,0.280486205,0.285359316,1
V325K,0.00102729,0.001044404,0
V325L,0.003663581,0.003726504,0
V325M,0.001262968,0.001284177,0
V325N,0.000130907,0.000132445,0
V325P,0.000792225,0.000805254,0
V325Q,0.000481874,0.000489511,0
V325R,0.00090005,0.000914953,0
V325S,0.001321344,0.001343568,0
V325T,0.001487047,0.00151215,0
V325W,0.000965617,0.000981659,0
V325Y,0.002194563,0.00223196,0
K326A,0.004408133,0.004483994,0
K326C,0.003773344,0.003838175,0
K326D,0.000273045,0.000277053,0
K326E,0.006457208,0.006568675,0
K326F,0.00549191,0.005586603,0
K326G,0.000502129,0.000510118,0
K326H,0.084108269,0.085569033,0
K326I,0.043819004,0.044579685,0
K326L,0.031442841,0.031988469,0
K326M,0.015713382,0.015985688,0
K326N,0.169798832,0.172748592,1
K326P,0.008294729,0.008438125,0
K326Q,0.019032312,0.019362289,0
K326R,0.086797308,0.088304798,0
K326S,0.014018578,0.014261434,0
K326T,0.155449938,0.158150366,1
K326V,0.075476874,0.076787656,0
K326W,0.003576534,0.003637945,0
K326Y,0.016988483,0.017282946,0
Q327A,0.095743029,0.097405964,0
Q327C,0.004045361,0.004114918,0
Q327D,0.002905478,0.002955228,0
Q327E,0.000882315,0.00089691,0
Q327F,0.031527471,0.032074569,0
Q327G,0.000854755,0.000868871,0
Q327H,0.069294097,0.070497444,0
Q327I,0.01846624,0.018786381,0
Q327K,0.02000978,0.020356742,0
Q327L,0.106603455,0.108455105,1
Q327M,0.074991414,0.07629376,0
Q327N,0.001246607,0.001267532,0
Q327P,0.002288724,0.002327757,0
Q327R,0.016373713,0.016657493,0
Q327S,0.078636307,0.080001988,0
Q327T,0.021007141,0.021371433,0
Q327V,0.045101393,0.045884357,0
Q327W,0.026827889,0.027293325,0
Q327Y,0.015350067,0.01561606,0
N328A,0.08121733,0.08262786,0
N328C,0.005371538,0.00546414,0
N328D,0.057372461,0.058368653,0
N328E,0.019766712,0.02010945,0
N328F,0.002183491,0.002220696,0
N328G,0.065139835,0.066270996,0
N328H,0.012636574,0.012855416,0
N328I,0.002479562,0.002521911,0
N328K,0.086008133,0.08750191,0
N328L,0.003768899,0.003833652,0
N328M,0.029123237,0.029628558,0
N328P,0.099282117,0.101006549,0
N328Q,0.098576168,0.100288333,0
N328R,0.101678235,0.103444303,1
N328S,0.127315064,0.129526608,1
N328T,0.023096362,0.023496958,0
N328V,0.008634214,0.008783509,0
N328W,0.006259372,0.006367401,0
N328Y,0.015841268,0.016115796,0
T329A,0.001620175,0.001647591,0
T329C,0.000986091,0.001002489,0
T329D,0.000664674,0.000675487,0
T329E,0.000766395,0.000778976,0
T329F,0.004171497,0.004243246,0
T329G,0.001261644,0.00128283,0
T329H,0.126088578,0.12827881,1
T329I,0.001963618,0.001997002,0
T329K,0.005550155,0.00564586,0
T329L,0.000236202,0.00023957,0
T329M,0.001323746,0.001346011,0
T329N,0.006152794,0.006258971,0
T329P,0.000541445,0.000550117,0
T329Q,0.013018855,0.01324434,0
T329R,0.000494127,0.000501977,0
T329S,0.331349185,0.337106113,1
T329V,0.001031293,0.001048477,0
T329W,0.000946165,0.000961869,0
T329Y,0.002866728,0.002915805,0
L330A,0.000980286,0.000996583,0
L330C,0.000601603,0.00061132,0
L330D,0.001091538,0.001109768,0
L330E,0.000708693,0.000720271,0
L330F,0.001357554,0.001380407,0
L330G,0.00048106,0.000488683,0
L330H,0.00099323,0.001009752,0
L330I,0.128709025,0.130944791,1
L330K,0.000158812,0.000160835,0
L330M,0.008015447,0.00815399,0
L330N,0.008045744,0.008184814,0
L330P,0.000600609,0.000610309,0
L330Q,0.003146864,0.003200809,0
L330R,0.000899515,0.000914409,0
L330S,0.001165123,0.001184632,0
L330T,0.00023812,0.000241521,0
L330V,0.004181979,0.00425391,0
L330W,0.000961931,0.000977909,0
L330Y,0.000919851,0.000935098,0
K331A,0.006262192,0.00637027,0
K331C,0.004490526,0.004567819,0
K331D,0.001299971,0.001321823,0
K331E,0.000739583,0.000751698,0
K331F,0.001336578,0.001359066,0
K331G,0.002466345,0.002508465,0
K331H,0.001418334,0.001442243,0
K331I,0.002888912,0.002938374,0
K331L,0.18585531,0.189084074,1
K331M,0.05023388,0.051106029,0
K331N,0.003138183,0.003191977,0
K331P,0.004098611,0.004169094,0
K331Q,0.033456417,0.034037033,0
K331R,0.103792115,0.105594914,1
K331S,0.006356819,0.006466541,0
K331T,0.004951531,0.005036834,0
K331V,0.005936191,0.006038604,0
K331W,0.001060296,0.001077984,0
K331Y,0.007786915,0.007921487,0
L332A,0.000496109,0.000503993,0
L332C,0.00146117,0.001485823,0
L332D,0.00355081,0.003611774,0
L332E,0.002750984,0.00279805,0
L332F,0.025534549,0.025977512,0
L332G,0.000448405,0.00045546,0
L332H,0.001460547,0.00148519,0
L332I,0.007751645,0.007885604,0
L332K,0.000885115,0.000899759,0
L332M,0.012351748,0.012565641,0
L332N,0.000901237,0.000916161,0
L332P,0.000754814,0.000767193,0
L332Q,0.003140064,0.003193891,0
L332R,0.001189117,0.001209043,0
L332S,0.002062681,0.002097786,0
L332T,0.001422978,0.001446968,0
L332V,0.003046411,0.00309861,0
L332W,0.00989868,0.010069947,0
L332Y,0.004916457,0.005001151,0
A333C,0.004882679,0.004966786,0
A333D,0.002991266,0.003042507,0
A333E,0.006180897,0.006287562,0
A333F,0.00045661,0.000463808,0
A333G,0.001403477,0.001427128,0
A333H,0.003143818,0.00319771,0
A333I,0.001457096,0.001481679,0
A333K,0.000268614,0.000272545,0
A333L,0.001525684,0.001551458,0
A333M,0.001166386,0.001185917,0
A333N,0.024616917,0.025043934,0
A333P,0.000715343,0.000727037,0
A333Q,0.002909077,0.00295889,0
A333R,0.000915601,0.000930774,0
A333S,0.00588387,0.005985374,0
A333T,0.000450762,0.000457858,0
A333V,0.004570742,0.004649429,0
A333W,0.001729381,0.001758695,0
A333Y,0.00145601,0.001480574,0
T334A,0.010573492,0.010756485,0
T334C,0.010068999,0.010243226,0
T334D,0.000533937,0.000542478,0
T334E,0.001054552,0.00107214,0
T334F,0.014214087,0.01446034,0
T334G,0.001163956,0.001183445,0
T334H,0.001971431,0.002004951,0
T334I,0.024582091,0.025008503,0
T334K,0.001662026,0.001690169,0
T334L,0.16547496,0.168349587,1
T334M,0.113206409,0.115172795,1
T334N,0.004301241,0.004375245,0
T334P,0.000461389,0.00046867,0
T334Q,0.017560566,0.017864969,0
T334R,0.002761766,0.002809019,0
T334S,0.004202383,0.004274669,0
T334V,0.09170725,0.093300058,0
T334W,0.003362951,0.00342065,0
T334Y,0.003394937,0.003453192,0
G335A,0.001684615,0.001713151,0
G335C,0.000176561,0.000178892,0
G335D,0.002140034,0.002176484,0
G335E,0.00375886,0.003823439,0
G335F,0.000926533,0.000941896,0
G335H,0.000730449,0.000742405,0
G335I,0.001614072,0.001641382,0
G335K,0.001528345,0.001554166,0
G335L,0.000103783,0.00010485,0
G335M,0.000824413,0.000838002,0
G335N,0.001444687,0.001469054,0
G335P,0.00611645,0.006221995,0
G335Q,0.001653469,0.001681464,0
G335R,0.002092074,0.00212769,0
G335S,0.001125356,0.001144174,0
G335T,0.000988058,0.00100449,0
G335V,0.000730199,0.000742151,0
G335W,0.006122638,0.006228291,0
G335Y,0.001025748,0.001042835,0
M336A,0.001535552,0.001561498,0
M336C,0.001171703,0.001191326,0
M336D,0.00098796,0.001004391,0
M336E,0.000367347,0.000372994,0
M336F,0.000734428,0.000746453,0
M336G,0.0001812,0.000183612,0
M336H,0.000115969,0.000117248,0
M336I,0.000620277,0.000630319,0
M336K,0.000659309,0.000670029,0
M336L,0.002591305,0.002635596,0
M336N,0.000316711,0.000321478,0
M336P,0.000213213,0.000216181,0
M336Q,0.003692765,0.003756195,0
M336R,0.0000307,0.0000305,0
M336S,0.000839146,0.000852991,0
M336T,0.005065483,0.005152766,0
M336V,0.003470478,0.003530046,0
M336W,0.000718147,0.000729889,0
M336Y,0.000229647,0.000232901,0
R337A,0.00440896,0.004484835,0
R337C,0.000156033,0.000158008,0
R337D,0.004325839,0.00440027,0
R337E,0.001394745,0.001418244,0
R337F,0.005083103,0.005170693,0
R337G,0.00197355,0.002007107,0
R337H,0.002641954,0.002687125,0
R337I,0.00398158,0.004050029,0
R337K,0.072815755,0.074080296,0
R337L,0.017209302,0.017507602,0
R337M,0.001862264,0.001893887,0
R337N,0.026591043,0.027052364,0
R337P,0.002017562,0.002051883,0
R337Q,0.000717802,0.000729538,0
R337S,0.001076606,0.001094577,0
R337T,0.001510009,0.001535511,0
R337V,0.002334184,0.002374007,0
R337W,0.000748363,0.00076063,0
R337Y,0.00346276,0.003522194,0
N338A,0.001016636,0.001033565,0
N338C,0.00066409,0.000674893,0
N338D,0.003625124,0.003687379,0
N338E,0.000290509,0.00029482,0
N338F,0.000531952,0.000540459,0
N338G,0.000718904,0.000730659,0
N338H,0.001393629,0.001417109,0
N338I,0.004635193,0.004715,0
N338K,0.001520154,0.001545832,0
N338L,0.000658811,0.000669522,0
N338M,0.001717691,0.001746802,0
N338P,0.000593684,0.000603264,0
N338Q,0.001181833,0.001201632,0
N338R,0.000383161,0.000389082,0
N338S,0.00236434,0.002404687,0
N338T,0.0000671,0.0000675,0
N338V,0.000266229,0.000270119,0
N338W,0.001073566,0.001091484,0
N338Y,0.000236203,0.000239571,0
V339A,0.006725238,0.006841362,0
V339C,0.023733167,0.024144828,0
V339D,0.001958913,0.001992215,0
V339E,0.003644071,0.003706655,0
V339F,0.037882543,0.03854007,0
V339G,0.00032829,0.000333258,0
V339H,0.08193917,0.083362243,0
V339I,0.105516635,0.1073494,1
V339K,0.109331523,0.111230577,1
V339L,0.092827959,0.09444024,0
V339M,0.073411153,0.07468604,0
V339N,0.056947502,0.057936309,0
V339P,0.000380893,0.000386775,0
V339Q,0.013312334,0.013542918,0
V339R,0.074215674,0.075504541,0
V339S,0.052597525,0.053510745,0
V339T,0.055053619,0.056009518,0
V339W,0.014642708,0.014896409,0
V339Y,0.015573035,0.015842902,0
P340A,0.01993907,0.020284803,0
P340C,0.006589845,0.006703616,0
P340D,0.000187419,0.000189939,0
P340E,0.000319842,0.000324663,0
P340F,0.002943225,0.002993631,0
P340G,0.015293656,0.015558668,0
P340H,0.096369262,0.098043079,0
P340I,0.004020205,0.004089325,0
P340K,0.247430559,0.251729281,1
P340L,0.011324697,0.011520743,0
P340M,0.016577839,0.016865166,0
P340N,0.026569891,0.027030844,0
P340Q,0.048848392,0.049696466,0
P340R,0.302449968,0.307704731,1
P340S,0.004605089,0.004684372,0
P340T,0.0000883,0.0000891,0
P340V,0.008350863,0.008495235,0
P340W,0.000530371,0.00053885,0
P340Y,0.003665899,0.003728863,0
E341A,0.045488636,0.046278329,0
E341C,0.002474864,0.002517132,0
E341D,0.082627445,0.084062478,0
E341F,0.004898933,0.004983322,0
E341G,0.043665991,0.044424013,0
E341H,0.003249294,0.003305019,0
E341I,0.00447085,0.004547801,0
E341K,0.007207035,0.007331531,0
E341L,0.001236527,0.001257277,0
E341M,0.014812959,0.015069619,0
E341N,0.004588175,0.004667164,0
E341P,0.032779252,0.033348102,0
E341Q,0.034716294,0.035318803,0
E341R,0.005131221,0.005219647,0
E341S,0.129688102,0.131940881,1
E341T,0.038966337,0.039642696,0
E341V,0.005381494,0.005474269,0
E341W,0.006400788,0.006511274,0
E341Y,0.009246098,0.009406026,0
K342A,0.031735819,0.032286538,0
K342C,0.006096402,0.006201599,0
K342D,0.000110109,0.000111286,0
K342E,0.005183345,0.005272676,0
K342F,0.04968036,0.05054289,0
K342G,0.001039178,0.001056499,0
K342H,0.058859903,0.059881941,0
K342I,0.057833973,0.058838184,0
K342L,0.121393184,0.123501827,1
K342M,0.030757808,0.031291532,0
K342N,0.003746417,0.00381078,0
K342P,0.015771761,0.016045081,0
K342Q,0.062249775,0.063330717,0
K342R,0.193959414,0.197328999,1
K342S,0.020989595,0.021353583,0
K342T,0.049696806,0.050559622,0
K342V,0.054803819,0.055755377,0
K342W,0.000625509,0.000635642,0
K342Y,0.024421292,0.02484491,0
Q343A,0.074128624,0.075415978,0
Q343C,0.001282373,0.001303919,0
Q343D,0.016824975,0.017116596,0
Q343E,0.162679823,0.16550588,1
Q343F,0.023783686,0.024196225,0
Q343G,0.018788148,0.019113882,0
Q343H,0.011148588,0.011341574,0
Q343I,0.005427171,0.005520739,0
Q343K,0.052098471,0.05300302,0
Q343L,0.018980245,0.019309317,0
Q343M,0.0172228,0.017521334,0
Q343N,0.069176731,0.070378039,0
Q343P,0.003089407,0.003142353,0
Q343R,0.053383345,0.05431022,0
Q343S,0.097454044,0.09914671,0
Q343T,0.029183534,0.029689903,0
Q343V,0.025348317,0.025788044,0
Q343W,0.016962673,0.017256687,0
Q343Y,0.001806157,0.001836805,0
T344A,0.100762388,0.102512542,1
T344C,0.050132246,0.051002629,0
T344D,0.033281108,0.033858678,0
T344E,0.019286672,0.019621069,0
T344F,0.088429276,0.089965124,0
T344G,0.023844499,0.024258095,0
T344H,0.013502109,0.013735991,0
T344I,0.00304259,0.003094723,0
T344K,0.012370441,0.012584658,0
T344L,0.010829035,0.011016468,0
T344M,0.031645893,0.032195049,0
T344N,0.013991125,0.014233504,0
T344P,0.0588834,0.059905846,0
T344Q,0.110073407,0.111985353,1
T344R,0.003323212,0.003380221,0
T344S,0.046519159,0.047326759,0
T344V,0.088808967,0.090351413,0
T344W,0.010040183,0.010213909,0
T344Y,0.058616032,0.059633833,0
R345A,0.000402176,0.000408428,0
R345C,0.001847621,0.001878989,0
R345D,0.000346465,0.000351749,0
R345E,0.001550561,0.001576768,0
R345F,0.000246677,0.000250227,0
R345G,0.001020578,0.001037575,0
R345H,0.001138669,0.001157718,0
R345I,0.009871415,0.010042208,0
R345K,0.109165922,0.111062099,1
R345L,0.000406605,0.000412934,0
R345M,0.002091728,0.002127338,0
R345N,0.000511582,0.000519735,0
R345P,0.000579716,0.000589053,0
R345Q,0.000877409,0.000891919,0
R345S,0.000110722,0.000111909,0
R345T,0.000959938,0.000975882,0
R345V,0.000530768,0.000539254,0
R345W,0.001018765,0.001035731,0
R345Y,0.000357742,0.000363222,0
G346A,0.082466718,0.083898958,0
G346C,0.008689517,0.008839773,0
G346D,0.002278359,0.002317212,0
G346E,0.000897055,0.000911906,0
G346F,0.006396172,0.006506578,0
G346H,0.001765983,0.001795933,0
G346I,0.002809437,0.002857518,0
G346K,0.002075889,0.002111224,0
G346L,0.003040579,0.003092677,0
G346M,0.00382807,0.003893852,0
G346N,0.002227045,0.002265007,0
G346P,0.001931591,0.001964419,0
G346Q,0.001090658,0.001108873,0
G346R,0.00377359,0.003838425,0
G346S,0.003796541,0.003861775,0
G346T,0.005768326,0.005867822,0
G346V,0.001129929,0.001148827,0
G346W,0.022752354,0.023146972,0
G346Y,0.002397735,0.002438662,0
I347A,0.041173452,0.041888163,0
I347C,0.009693372,0.009861072,0
I347D,0.001191645,0.001211615,0
I347E,0.001681179,0.001709655,0
I347F,0.109880115,0.111788702,1
I347G,0.002729501,0.002776193,0
I347H,0.004104304,0.004174886,0
I347K,0.00342945,0.003488305,0
I347L,0.035386348,0.0360005,0
I347M,0.133319663,0.135635546,1
I347N,0.001620943,0.001648373,0
I347P,0.001789237,0.001819591,0
I347Q,0.000286721,0.000290967,0
I347R,0.003322091,0.00337908,0
I347S,0.000498012,0.000505929,0
I347T,0.002860234,0.002909198,0
I347V,0.372218475,0.378685565,1
I347W,0.001878234,0.001910134,0
I347Y,0.001949086,0.001982218,0
F348A,0.002278146,0.002316995,0
F348C,0.004399043,0.004474746,0
F348D,0.000527266,0.000535691,0
F348E,0.001726692,0.001755959,0
F348G,0.001593463,0.001620415,0
F348H,0.002186546,0.002223804,0
F348I,0.313058988,0.318498097,1
F348K,0.001681439,0.00170992,0
F348L,0.136965654,0.139344891,1
F348M,0.008854307,0.009007427,0
F348N,0.001726774,0.001756043,0
F348P,0.000441194,0.000448124,0
F348Q,0.000917934,0.000933148,0
F348R,0.000245061,0.000248583,0
F348S,0.002139608,0.00217605,0
F348T,0.001442132,0.001466455,0
F348V,0.01607942,0.016358086,0
F348W,0.003276736,0.003332937,0
F348Y,0.005927348,0.006029608,0
G349A,0.092483242,0.094089534,0
G349C,0.02358864,0.02399779,0
G349D,0.002777577,0.002825105,0
G349E,0.001601723,0.001628819,0
G349F,0.000674738,0.000685726,0
G349H,0.002106278,0.002142141,0
G349I,0.001111276,0.001129849,0
G349K,0.062643937,0.063731728,0
G349L,0.030308617,0.030834536,0
G349M,0.108071577,0.109948738,1
G349N,0.007065272,0.007187305,0
G349P,0.000790777,0.000803781,0
G349Q,0.026900291,0.027366985,0
G349R,0.064151517,0.065265504,0
G349S,0.180943765,0.184087184,1
G349T,0.044319131,0.045088502,0
G349V,0.002932048,0.00298226,0
G349W,0.009312058,0.009473132,0
G349Y,0.000760285,0.000772759,0
A350C,0.019074739,0.019405453,0
A350D,0.002384482,0.002425179,0
A350E,0.002994883,0.003046187,0
A350F,0.002760714,0.002807949,0
A350G,0.01989796,0.020242979,0
A350H,0.002207648,0.002245272,0
A350I,0.002688386,0.002734364,0
A350K,0.005940446,0.006042933,0
A350L,0.074602352,0.075897938,0
A350M,0.065806606,0.066949353,0
A350N,0.001107207,0.00112571,0
A350P,0.001480281,0.001505266,0
A350Q,0.010222429,0.010399322,0
A350R,0.001801112,0.001831672,0
A350S,0.127873138,0.130094379,1
A350T,0.00220251,0.002240045,0
A350V,0.001829431,0.001860483,0
A350W,0.001552509,0.001578749,0
A350Y,0.004785025,0.004867435,0
I351A,0.013503831,0.013737743,0
I351C,0.005360417,0.005452825,0
I351D,0.000570299,0.000579472,0
I351E,0.000581723,0.000591095,0
I351F,0.016439048,0.016723963,0
I351G,0.002233234,0.002271303,0
I351H,0.00146831,0.001493087,0
I351K,0.00062373,0.000633832,0
I351L,0.102481091,0.104261109,1
I351M,0.398550635,0.405475284,1
I351N,0.009057214,0.009213859,0
I351P,0.00088373,0.000898349,0
I351Q,0.000892556,0.000907329,0
I351R,0.000646223,0.000656715,0
I351S,0.001884162,0.001916165,0
I351T,0.004423289,0.004499413,0
I351V,0.057284674,0.05827934,0
I351W,0.009959163,0.010131481,0
I351Y,0.001003032,0.001019725,0
A352C,0.00093907,0.000954651,0
A352D,0.00167331,0.00170165,0
A352E,0.00208132,0.002116749,0
A352F,0.000942347,0.000957985,0
A352G,0.016608157,0.016896011,0
A352H,0.004268367,0.004341799,0
A352I,0.000477292,0.000484849,0
A352K,0.000996561,0.001013141,0
A352L,0.000173356,0.000175632,0
A352M,0.005399752,0.005492844,0
A352N,0.00327628,0.003332473,0
A352P,0.000409576,0.000415956,0
A352Q,0.00211117,0.002147118,0
A352R,0.001229368,0.001249993,0
A352S,0.037984528,0.038643827,0
A352T,0.001453265,0.001477781,0
A352V,0.011060544,0.011252,0
A352W,0.002901168,0.002950843,0
A352Y,0.006068439,0.00617315,0
G353A,0.000974657,0.000990856,0
G353C,0.006936779,0.007056579,0
G353D,0.003333612,0.003390802,0
G353E,0.000503211,0.000511218,0
G353F,0.004602968,0.004682215,0
G353H,0.001382585,0.001405873,0
G353I,0.00063521,0.000645511,0
G353K,0.000677539,0.000688576,0
G353L,0.007924787,0.008061755,0
G353M,0.007295191,0.007421219,0
G353N,0.000981647,0.000997968,0
G353P,0.002650935,0.002696262,0
G353Q,0.008506404,0.008653478,0
G353R,0.001470201,0.001495011,0
G353S,0.003860377,0.00392672,0
G353T,0.000166792,0.000168954,0
G353V,0.003903247,0.003970335,0
G353W,0.003776376,0.003841259,0
G353Y,0.004164125,0.004235746,0
F354A,0.002858405,0.002907337,0
F354C,0.002450865,0.002492716,0
F354D,0.000795102,0.000808181,0
F354E,0.009042579,0.00919897,0
F354G,0.000859356,0.000873552,0
F354H,0.000844357,0.000858292,0
F354I,0.005092268,0.005180017,0
F354K,0.004137989,0.004209156,0
F354L,0.000961055,0.000977018,0
F354M,0.004712106,0.004793249,0
F354N,0.00397608,0.004044433,0
F354P,0.001786202,0.001816503,0
F354Q,0.000475204,0.000482725,0
F354R,0.000094,0.0000949,0
F354S,0.001996339,0.002030292,0
F354T,0.000453274,0.000460414,0
F354V,0.003554461,0.003615488,0
F354W,0.05975955,0.060797221,0
F354Y,0.011632391,0.011833784,0
I355A,0.004582042,0.004660925,0
I355C,0.013848801,0.014088707,0
I355D,0.000660081,0.000670814,0
I355E,0.000441653,0.000448591,0
I355F,0.006974113,0.007094562,0
I355G,0.000155627,0.000157595,0
I355H,0.000414221,0.000420682,0
I355K,0.000317044,0.000321817,0
I355L,0.156026125,0.158736565,1
I355M,0.023010923,0.023410034,0
I355N,0.003114361,0.003167741,0
I355P,0.00166747,0.001695708,0
I355Q,0.011101336,0.011293501,0
I355R,0.000476452,0.000483994,0
I355S,0.001685813,0.00171437,0
I355T,0.002077208,0.002112566,0
I355V,0.078580003,0.079944706,0
I355W,0.000191146,0.000193731,0
I355Y,0.000424196,0.00043083,0
E356A,0.003503117,0.003563252,0
E356C,0.001266734,0.001288009,0
E356D,0.005513069,0.00560813,0
E356F,0.00574425,0.005843328,0
E356G,0.002030173,0.002064714,0
E356H,0.007543551,0.007673894,0
E356I,0.011195105,0.011388899,0
E356K,0.004428458,0.004504672,0
E356L,0.00120737,0.001227613,0
E356M,0.00408987,0.004160201,0
E356N,0.001974338,0.002007908,0
E356P,0.004675641,0.00475615,0
E356Q,0.006184961,0.006291697,0
E356R,0.002380717,0.002421349,0
E356S,0.000982413,0.000998747,0
E356T,0.002086626,0.002122148,0
E356V,0.002684379,0.002730287,0
E356W,0.000738062,0.00075015,0
E356Y,0.003577181,0.003638603,0
N357A,0.000200479,0.000203226,0
N357C,0.0000561,0.0000563,0
N357D,0.000593465,0.000603041,0
N357E,0.000299404,0.00030387,0
N357F,0.016997133,0.017291746,0
N357G,0.0000315,0.0000313,0
N357H,0.119359867,0.121433178,1
N357I,0.000559761,0.000568751,0
N357K,0.001647864,0.001675761,0
N357L,0.003646627,0.003709256,0
N357M,0.001147891,0.001167101,0
N357P,0.00387608,0.003942696,0
N357Q,0.029406934,0.029917185,0
N357R,0.00000858,0.00000799,0
N357S,0.029280078,0.029788125,0
N357T,0.02186561,0.02224482,0
N357V,0.0000187,0.0000183,0
N357W,0.000190513,0.000193087,0
N357Y,0.101750694,0.103518021,1
G358A,0.002490296,0.002532832,0
G358C,0.005517733,0.005612875,0
G358D,0.005212115,0.005301946,0
G358E,0.005010066,0.005096386,0
G358F,0.002010012,0.002044202,0
G358H,0.007727411,0.007860949,0
G358I,0.005234747,0.005324972,0
G358K,0.001649572,0.001677499,0
G358L,0.001212597,0.001232931,0
G358M,0.001576397,0.001603053,0
G358N,0.001521242,0.001546939,0
G358P,0.002296923,0.002336099,0
G358Q,0.006860639,0.006979116,0
G358R,0.000857275,0.000871435,0
G358S,0.00453014,0.004608121,0
G358T,0.006697251,0.006812889,0
G358V,0.00097757,0.00099382,0
G358W,0.000175252,0.000177561,0
G358Y,0.002866382,0.002915453,0
W359A,0.000939065,0.000954646,0
W359C,0.00503678,0.005123565,0
W359D,0.004477539,0.004554606,0
W359E,0.001863956,0.001895608,0
W359F,0.002596874,0.002641262,0
W359G,0.001054294,0.001071877,0
W359H,0.000859564,0.000873764,0
W359I,0.003185149,0.003239759,0
W359K,0.001192437,0.001212421,0
W359L,0.001363081,0.00138603,0
W359M,0.002840476,0.002889097,0
W359N,0.00224919,0.002287536,0
W359P,0.001558372,0.001584714,0
W359Q,0.006291841,0.006400434,0
W359R,0.00116436,0.001183856,0
W359S,0.000726697,0.000738588,0
W359T,0.001833682,0.001864808,0
W359V,0.000878098,0.00089262,0
W359Y,0.007570743,0.007701559,0
E360A,0.009317139,0.009478301,0
E360C,0.032386268,0.032948289,0
E360D,0.247978512,0.252286755,1
E360F,0.026996521,0.027464887,0
E360G,0.003073402,0.00312607,0
E360H,0.001628173,0.001655728,0
E360I,0.012836459,0.013058774,0
E360K,0.002010292,0.002044487,0
E360L,0.044879237,0.045658341,0
E360M,0.096047473,0.097715698,0
E360N,0.032635733,0.033202089,0
E360P,0.006047102,0.006151442,0
E360Q,0.014942679,0.015201593,0
E360R,0.00072224,0.000734053,0
E360S,0.037499453,0.038150323,0
E360T,0.043814291,0.04457489,0
E360V,0.032516021,0.033080297,0
E360W,0.004134319,0.004205422,0
E360Y,0.11046621,0.112384981,1
G361A,0.029810351,0.030327612,0
G361C,0.166250024,0.169138119,1
G361D,0.004489281,0.004566552,0
G361E,0.00304153,0.003093644,0
G361F,0.001082779,0.001100857,0
G361H,0.004732145,0.004813636,0
G361I,0.001508565,0.001534042,0
G361K,0.003350019,0.003407494,0
G361L,0.003711543,0.0037753,0
G361M,0.014077676,0.014321559,0
G361N,0.004132912,0.004203991,0
G361P,0.003342232,0.003399571,0
G361Q,0.006132504,0.006238328,0
G361R,0.003769702,0.003834469,0
G361S,0.016389497,0.016673551,0
G361T,0.006750083,0.006866639,0
G361V,0.034539216,0.035138648,0
G361W,0.001336455,0.001358941,0
G361Y,0.005251658,0.005342176,0
M362A,0.000763025,0.000775547,0
M362C,0.001836343,0.001867515,0
M362D,0.001875492,0.001907345,0
M362E,0.0000752,0.0000758,0
M362F,0.057197568,0.058190721,0
M362G,0.00000315,0.00000247,0
M362H,0.001121107,0.001139851,0
M362I,0.003998798,0.004067546,0
M362K,0.007703365,0.007836485,0
M362L,0.336398362,0.342243026,1
M362N,0.001307726,0.001329713,0
M362P,0.001133385,0.001152343,0
M362Q,0.001257275,0.001278385,0
M362R,0.000463333,0.000470647,0
M362S,0.006340784,0.006450228,0
M362T,0.001130953,0.001149868,0
M362V,0.000438058,0.000444933,0
M362W,0.0000547,0.0000549,0
M362Y,0.001951537,0.001984711,0
V363A,0.041398258,0.042116875,0
V363C,0.119622673,0.121700551,1
V363D,0.001546467,0.001572602,0
V363E,0.014136991,0.014381905,0
V363F,0.146754693,0.149304028,1
V363G,0.000000724,0,0
V363H,0.019973977,0.020320317,0
V363I,0.050580549,0.051458722,0
V363K,0.054311536,0.05525454,0
V363L,0.074739815,0.076037789,0
V363M,0.094786907,0.096433228,0
V363N,0.013892985,0.014133659,0
V363P,0.000168026,0.000170209,0
V363Q,0.059401472,0.060432921,0
V363R,0.016899821,0.017192743,0
V363S,0.03129477,0.031837825,0
V363T,0.087766606,0.089290939,0
V363W,0.000719326,0.000731089,0
V363Y,0.126204462,0.128396708,1
D364A,0.001425706,0.001449743,0
D364C,0.006398983,0.006509438,0
D364E,0.03681594,0.037454933,0
D364F,0.001676953,0.001705356,0
D364G,0.000177765,0.000180117,0
D364H,0.016891937,0.017184722,0
D364I,0.004016102,0.004085151,0
D364K,0.0010198,0.001036784,0
D364L,0.000821325,0.00083486,0
D364M,0.001437309,0.001461548,0
D364N,0.030206819,0.030730969,0
D364P,0.005668902,0.005766671,0
D364Q,0.002588884,0.002633133,0
D364R,0.000637368,0.000647707,0
D364S,0.008531049,0.008678552,0
D364T,0.023235746,0.023638764,0
D364V,0.00551196,0.005607002,0
D364W,0.000306853,0.000311448,0
D364Y,0.002787096,0.002834789,0
G365A,0.005941154,0.006043653,0
G365C,0.005214237,0.005304105,0
G365D,0.007891757,0.008028151,0
G365E,0.000350416,0.000355768,0
G365F,0.000749364,0.000761649,0
G365H,0.000974158,0.000990349,0
G365I,0.00022135,0.00022446,0
G365K,0.000235697,0.000239056,0
G365L,0.005700857,0.005799181,0
G365M,0.003507011,0.003567214,0
G365N,0.000313406,0.000318115,0
G365P,0.001623189,0.001650658,0
G365Q,0.000357219,0.00036269,0
G365R,0.000793071,0.000806115,0
G365S,0.001216953,0.001237363,0
G365T,0.000801487,0.000814677,0
G365V,0.003808504,0.003873946,0
G365W,0.002037742,0.002072414,0
G365Y,0.001034221,0.001051455,0
W366A,0.000215682,0.000218693,0
W366C,0.00567109,0.005768897,0
W366D,0.003367589,0.003425369,0
W366E,0.001237304,0.001258067,0
W366F,0.001093707,0.001111975,0
W366G,0.000167772,0.000169951,0
W366H,0.001195667,0.001215707,0
W366I,0.000893743,0.000908536,0
W366K,0.000893944,0.000908741,0
W366L,0.001145642,0.001164813,0
W366M,0.00292155,0.00297158,0
W366N,0.003807796,0.003873225,0
W366P,0.001349501,0.001372214,0
W366Q,0.001573999,0.001600613,0
W366R,0.000301016,0.00030551,0
W366S,0.002325919,0.002365599,0
W366T,0.000843404,0.000857323,0
W366V,0.0000921,0.000093,0
W366Y,0.000960905,0.000976866,0
Y367A,0.000217346,0.000220386,0
Y367C,0.002292078,0.00233117,0
Y367D,0.000678704,0.000689761,0
Y367E,0.0000557,0.0000559,0
Y367F,0.054449075,0.055394469,0
Y367G,0.00000805,0.00000745,0
Y367H,0.003165852,0.003220127,0
Y367I,0.001542068,0.001568127,0
Y367K,0.000548235,0.000557025,0
Y367L,0.006110917,0.006216366,0
Y367M,0.000392281,0.000398361,0
Y367N,0.000460732,0.000468001,0
Y367P,0.00021993,0.000223015,0
Y367Q,0.002024203,0.00205864,0
Y367R,0.00041399,0.000420447,0
Y367S,0.000483706,0.000491375,0
Y367T,0.003875764,0.003942374,0
Y367V,0.000261739,0.000265551,0
Y367W,0.000168156,0.000170341,0
G368A,0.012635687,0.012854513,0
G368C,0.005387227,0.005480101,0
G368D,0.001816985,0.001847821,0
G368E,0.006763277,0.006880062,0
G368F,0.018919958,0.019247983,0
G368H,0.000591865,0.000601413,0
G368I,0.000763019,0.000775541,0
G368K,0.003143107,0.003196986,0
G368L,0.001976251,0.002009855,0
G368M,0.000203226,0.000206021,0
G368N,0.002762634,0.002809902,0
G368P,0.00041498,0.000421454,0
G368Q,0.003749427,0.003813842,0
G368R,0.002519251,0.00256229,0
G368S,0.003073405,0.003126073,0
G368T,0.0000978,0.0000988,0
G368V,0.000383221,0.000389143,0
G368W,0.002122469,0.002158613,0
G368Y,0.007924747,0.008061714,0
F369A,0.000586709,0.000596167,0
F369C,0.000650757,0.000661328,0
F369D,0.000295158,0.00029955,0
F369E,0.000474645,0.000482156,0
F369G,0.0000824,0.0000831,0
F369H,0.0016916,0.001720257,0
F369I,0.001055665,0.001073272,0
F369K,0.000165747,0.000167891,0
F369L,0.001164607,0.001184107,0
F369M,0.000870932,0.000885329,0
F369N,0.000350078,0.000355425,0
F369P,0.000526822,0.00053524,0
F369Q,0.000615843,0.000625808,0
F369R,0.00033371,0.000338772,0
F369S,0.032565624,0.033130762,0
F369T,0.00151724,0.001542868,0
F369V,0.001916322,0.001948884,0
F369W,0.167399053,0.170307114,1
F369Y,0.239999242,0.244168834,1
R370A,0.007973517,0.008111332,0
R370C,0.009935898,0.010107812,0
R370D,0.00105268,0.001070235,0
R370E,0.005674286,0.005772148,0
R370F,0.001968897,0.002002373,0
R370G,0.000228449,0.000231682,0
R370H,0.000376587,0.000382394,0
R370I,0.018109084,0.018423019,0
R370K,0.054446396,0.055391743,0
R370L,0.010066666,0.010240852,0
R370M,0.072802736,0.074067051,0
R370N,0.005106878,0.005194881,0
R370P,0.000731371,0.000743343,0
R370Q,0.157113719,0.159843057,1
R370S,0.004914619,0.004999281,0
R370T,0.003296808,0.003353358,0
R370V,0.008170427,0.008311663,0
R370W,0.013149735,0.013377494,0
R370Y,0.037143253,0.037787933,0
H371A,0.000336139,0.000341243,0
H371C,0.002053669,0.002088618,0
H371D,0.001560194,0.001586568,0
H371E,0.000732559,0.000744552,0
H371F,0.06263889,0.063726593,0
H371G,0.00018244,0.000184874,0
H371I,0.010971986,0.011161903,0
H371K,0.0004256,0.000432259,0
H371L,0.001831676,0.001862767,0
H371M,0.004990665,0.005076648,0
H371N,0.004524763,0.004602651,0
H371P,0.000450542,0.000457634,0
H371Q,0.004483761,0.004560936,0
H371R,0.000524185,0.000532557,0
H371S,0.004417783,0.004493812,0
H371T,0.000532176,0.000540687,0
H371V,0.004543876,0.004622096,0
H371W,0.001158461,0.001177854,0
H371Y,0.036760396,0.037398424,0
Q372A,0.041284639,0.042001282,0
Q372C,0.012654741,0.012873899,0
Q372D,0.013522507,0.013756743,0
Q372E,0.210567105,0.214225272,1
Q372F,0.046633139,0.04744272,0
Q372G,0.000463972,0.000471298,0
Q372H,0.03283174,0.033401502,0
Q372I,0.052083597,0.052987887,0
Q372K,0.01281104,0.013032913,0
Q372L,0.090798913,0.092375937,0
Q372M,0.054370956,0.055314992,0
Q372N,0.0000385,0.0000384,0
Q372P,0.0000217,0.0000213,0
Q372R,0.004761583,0.004843586,0
Q372S,0.025013488,0.025447396,0
Q372T,0.041514901,0.042235545,0
Q372V,0.036979156,0.037620985,0
Q372W,0.172834451,0.175836959,1
Q372Y,0.078850054,0.080219449,0
N373A,0.000775734,0.000788477,0
N373C,0.009797743,0.009967256,0
N373D,0.001617012,0.001644373,0
N373E,0.000479431,0.000487025,0
N373F,0.002728386,0.002775059,0
N373G,0.003200589,0.003255467,0
N373H,0.001702534,0.001731381,0
N373I,0.000524398,0.000532774,0
N373K,0.004270299,0.004343765,0
N373L,0.001569142,0.001595671,0
N373M,0.001270773,0.001292118,0
N373P,0.000909788,0.00092486,0
N373Q,0.002065629,0.002100786,0
N373R,0.000278678,0.000282784,0
N373S,0.002240659,0.002278857,0
N373T,0.002640779,0.00268593,0
N373V,0.000546618,0.00055538,0
N373W,0.00076852,0.000781138,0
N373Y,0.00436499,0.004440101,0
S374A,0.084500789,0.085968374,0
S374C,0.038231792,0.038895387,0
S374D,0.030409835,0.030937513,0
S374E,0.047006721,0.047822793,0
S374F,0.049788235,0.05065264,0
S374G,0.073281404,0.074554036,0
S374H,0.041463372,0.042183121,0
S374I,0.029750851,0.030267078,0
S374K,0.000689748,0.000700997,0
S374L,0.077230516,0.07857177,0
S374M,0.061922379,0.062997632,0
S374N,0.060751937,0.061806852,0
S374P,0.006899288,0.007018436,0
S374Q,0.038297434,0.03896217,0
S374R,0.000992982,0.0010095,0
S374T,0.022517165,0.022907696,0
S374V,0.0540224,0.05496038,0
S374W,0.007823298,0.007958502,0
S374Y,0.194097283,0.197469263,1
E375A,0.002362529,0.002402845,0
E375C,0.001433536,0.001457709,0
E375D,0.254224332,0.258641105,1
E375F,0.015339126,0.015604929,0
E375G,0.000890165,0.000904896,0
E375H,0.003585818,0.00364739,0
E375I,0.001318113,0.001340281,0
E375K,0.000562981,0.000572027,0
E375L,0.003754628,0.003819133,0
E375M,0.021516981,0.021890133,0
E375N,0.005280999,0.005372027,0
E375P,0.000209775,0.000212684,0
E375Q,0.149389895,0.151985021,1
E375R,0.001856602,0.001888127,0
E375S,0.000148654,0.0001505,0
E375T,0.000163957,0.000166069,0
E375V,0.002520767,0.002563832,0
E375W,0.008264085,0.008406949,0
E375Y,0.007083247,0.007205592,0
G376A,0.00053347,0.000542003,0
G376C,0.000541472,0.000550144,0
G376D,0.003038033,0.003090087,0
G376E,0.001888427,0.001920505,0
G376F,0.003842978,0.003909019,0
G376H,0.000786664,0.000799597,0
G376I,0.000322422,0.000327288,0
G376K,0.000277587,0.000281674,0
G376L,0.001625005,0.001652505,0
G376M,0.000675023,0.000686016,0
G376N,0.001959936,0.001993256,0
G376P,0.000445543,0.000452548,0
G376Q,0.001868055,0.001899779,0
G376R,0.026600363,0.027061846,0
G376S,0.000842167,0.000856064,0
G376T,0.001695409,0.001724133,0
G376V,0.000609134,0.000618982,0
G376W,0.001818189,0.001849046,0
G376Y,0.000514907,0.000523118,0
R377A,0.044565308,0.045338957,0
R377C,0.000330132,0.000335132,0
R377D,0.005263602,0.005354328,0
R377E,0.013051877,0.013277935,0
R377F,0.087498026,0.089017692,0
R377G,0.011782973,0.011986982,0
R377H,0.046428284,0.047234305,0
R377I,0.09313064,0.094748181,0
R377K,0.037874729,0.03853212,0
R377L,0.05142054,0.052313309,0
R377M,0.033934645,0.034523571,0
R377N,0.01813146,0.018445783,0
R377P,0.001546431,0.001572566,0
R377Q,0.05303067,0.053951417,0
R377S,0.16548549,0.1683603,1
R377T,0.070164334,0.071382803,0
R377V,0.062805888,0.063896493,0
R377W,0.05895369,0.059977358,0
R377Y,0.073286156,0.074558871,0
G378A,0.001499761,0.001525085,0
G378C,0.000732704,0.000744699,0
G378D,0.000303524,0.000308062,0
G378E,0.001071941,0.001089831,0
G378F,0.00239715,0.002438067,0
G378H,0.002061553,0.002096639,0
G378I,0.00063076,0.000640984,0
G378K,0.000396812,0.000402971,0
G378L,0.003046594,0.003098796,0
G378M,0.002205105,0.002242685,0
G378N,0.000849026,0.000863042,0
G378P,0.001712091,0.001741104,0
G378Q,0.002791842,0.002839618,0
G378R,0.002321649,0.002361254,0
G378S,0.001459719,0.001484347,0
G378T,0.000617226,0.000627215,0
G378V,0.007753062,0.007887046,0
G378W,0.00492406,0.005008886,0
G378Y,0.003917251,0.003984582,0
Q379A,0.006209316,0.006316475,0
Q379C,0.00186924,0.001900984,0
Q379D,0.0063309,0.006440172,0
Q379E,0.180184204,0.183314425,1
Q379F,0.032133914,0.03269155,0
Q379G,0.001185991,0.001205863,0
Q379H,0.012058414,0.01226721,0
Q379I,0.010346645,0.010525696,0
Q379K,0.002871014,0.002920165,0
Q379L,0.004313866,0.004388089,0
Q379M,0.205884451,0.20946125,1
Q379N,0.000483236,0.000490896,0
Q379P,0.000113823,0.000115064,0
Q379R,0.00033977,0.000344937,0
Q379S,0.014529743,0.014781481,0
Q379T,0.139739442,0.142166877,1
Q379V,0.001454849,0.001479392,0
Q379W,0.005190454,0.005279909,0
Q379Y,0.052406873,0.053316781,0
A380C,0.013989275,0.014231622,0
A380D,0.017935318,0.018246233,0
A380E,0.00790908,0.008045775,0
A380F,0.005052336,0.005139391,0
A380G,0.001040323,0.001057664,0
A380H,0.002072419,0.002107694,0
A380I,0.001975323,0.00200891,0
A380K,0.000881999,0.000896588,0
A380L,0.005213732,0.005303591,0
A380M,0.001478491,0.001503445,0
A380N,0.00082666,0.000840288,0
A380P,0.000648515,0.000659047,0
A380Q,0.001081301,0.001099354,0
A380R,0.00309817,0.003151269,0
A380S,0.076880831,0.078216008,0
A380T,0.018403394,0.018722443,0
A380V,0.200540748,0.204024693,1
A380W,0.002755931,0.002803083,0
A380Y,0.000846825,0.000860803,0
A381C,0.00647868,0.00659052,0
A381D,0.00048707,0.000494797,0
A381E,0.003281671,0.003337958,0
A381F,0.001176894,0.001196608,0
A381G,0.003393063,0.003451286,0
A381H,0.003155369,0.003209461,0
A381I,0.001306109,0.001328068,0
A381K,0.001238862,0.001259652,0
A381L,0.001362653,0.001385594,0
A381M,0.001877459,0.001909346,0
A381N,0.001413077,0.001436895,0
A381P,0.018353876,0.018672064,0
A381Q,0.160541217,0.163330113,1
A381R,0.000221855,0.000224973,0
A381S,0.060348456,0.06139636,0
A381T,0.002589945,0.002634212,0
A381V,0.001446855,0.00147126,0
A381W,0.000226476,0.000229675,0
A381Y,0.005524446,0.005619705,0
D382A,0.011444235,0.011642358,0
D382C,0.009049057,0.009205561,0
D382E,0.03280401,0.03337329,0
D382F,0.0001295,0.000131014,0
D382G,0.000673147,0.000684107,0
D382H,0.005146063,0.005234747,0
D382I,0.002511321,0.002554222,0
D382K,0.001491724,0.001516908,0
D382L,0.000568323,0.000577462,0
D382M,0.000527716,0.000536149,0
D382N,0.006102718,0.006208025,0
D382P,0.000239562,0.000242988,0
D382Q,0.003333394,0.00339058,0
D382R,0.000843678,0.000857602,0
D382S,0.020311165,0.020663364,0
D382T,0.000492486,0.000500307,0
D382V,0.014398451,0.014647908,0
D382W,0.000497884,0.000505799,0
D382Y,0.000928136,0.000943527,0
L383A,0.071698142,0.072943263,0
L383C,0.001536874,0.001562843,0
L383D,0.000547602,0.000556381,0
L383E,0.022974614,0.023373094,0
L383F,0.019538813,0.019877591,0
L383G,0.000620156,0.000630196,0
L383H,0.043436589,0.044190625,0
L383I,0.053349058,0.054275337,0
L383K,0.051873986,0.052774634,0
L383M,0.113773912,0.115750159,1
L383N,0.000708216,0.000719786,0
L383P,0.000646237,0.00065673,0
L383Q,0.161316897,0.164119271,1
L383R,0.094196701,0.095832766,0
L383S,0.006624086,0.006738452,0
L383T,0.005048422,0.005135409,0
L383V,0.081501715,0.082917187,0
L383W,0.120557971,0.122652101,1
L383Y,0.04679149,0.047603822,0
K384A,0.047755316,0.048584396,0
K384C,0.004065898,0.004135812,0
K384D,0.055478388,0.056441667,0
K384E,0.059671462,0.060707602,0
K384F,0.020216207,0.020566756,0
K384G,0.060966987,0.062025639,0
K384H,0.02962519,0.030139233,0
K384I,0.023564004,0.023972726,0
K384L,0.032727818,0.033295774,0
K384M,0.094866793,0.096514502,0
K384N,0.001559198,0.001585555,0
K384P,0.085351915,0.08683429,0
K384Q,0.068547668,0.069738045,0
K384R,0.063653033,0.064758359,0
K384S,0.068488593,0.069677943,0
K384T,0.076725023,0.078057493,0
K384V,0.097658662,0.099354884,0
K384W,0.024849066,0.025280117,0
K384Y,0.014465052,0.014715666,0
S385A,0.107738874,0.109610254,1
S385C,0.01256273,0.012780289,0
S385D,0.006106211,0.006211579,0
S385E,0.004379466,0.004454829,0
S385F,0.000994342,0.001010884,0
S385G,0.001553785,0.001580048,0
S385H,0.05116225,0.05205053,0
S385I,0.004757303,0.004839231,0
S385K,0.000720612,0.000732397,0
S385L,0.005627509,0.005724558,0
S385M,0.000627751,0.000637922,0
S385N,0.012666518,0.01288588,0
S385P,0.000292462,0.000296807,0
S385Q,0.001067245,0.001085053,0
S385R,0.005146523,0.005235215,0
S385T,0.277886175,0.282714107,1
S385V,0.017255617,0.017554721,0
S385W,0.0013129,0.001334977,0
S385Y,0.003199877,0.003254743,0
T386A,0.001312428,0.001334497,0
T386C,0.001554233,0.001580503,0
T386D,0.000651245,0.000661825,0
T386E,0.003316459,0.003373351,0
T386F,0.000635314,0.000645617,0
T386G,0.003597391,0.003659164,0
T386H,0.000527265,0.00053569,0
T386I,0.004489136,0.004566405,0
T386K,0.000622012,0.000632084,0
T386L,0.011345912,0.011542327,0
T386M,0.007562058,0.007692723,0
T386N,0.00258614,0.002630341,0
T386P,0.001048219,0.001065697,0
T386Q,0.001762051,0.001791933,0
T386R,0.001949691,0.001982833,0
T386S,0.086691866,0.088197524,0
T386V,0.059137293,0.060164151,0
T386W,0.00627295,0.006381215,0
T386Y,0.002474741,0.002517007,0
Q387A,0.09712513,0.098812081,0
Q387C,0.000658445,0.00066915,0
Q387D,0.038215174,0.038878481,0
Q387E,0.021758223,0.022135567,0
Q387F,0.001590276,0.001617173,0
Q387G,0.006555001,0.006668167,0
Q387H,0.00089696,0.000911809,0
Q387I,0.007404259,0.007532182,0
Q387K,0.026097834,0.026550584,0
Q387L,0.00236305,0.002403375,0
Q387M,0.022588646,0.022980419,0
Q387N,0.094749754,0.096395429,0
Q387P,0.0000859,0.0000867,0
Q387R,0.05349251,0.054421282,0
Q387S,0.163952578,0.166800751,1
Q387T,0.032590491,0.033156061,0
Q387V,0.026587713,0.027048976,0
Q387W,0.001476756,0.00150168,0
Q387Y,0.00126916,0.001290477,0
A388C,0.01371747,0.013955094,0
A388D,0.011112771,0.011305135,0
A388E,0.081355159,0.082768084,0
A388F,0.029757019,0.030273353,0
A388G,0.005717997,0.005816619,0
A388H,0.044570961,0.045344708,0
A388I,0.005677504,0.005775422,0
A388K,0.028821603,0.029321683,0
A388L,0.016127502,0.016407004,0
A388M,0.050616941,0.051495746,0
A388N,0.226468779,0.23040326,1
A388P,0.000183128,0.000185574,0
A388Q,0.097253177,0.098942353,0
A388R,0.052116498,0.05302136,0
A388S,0.131762579,0.134051405,1
A388T,0.052244829,0.053151921,0
A388V,0.009662235,0.009829394,0
A388W,0.044587872,0.045361913,0
A388Y,0.041887792,0.042614916,0
A389C,0.071438849,0.072679464,0
A389D,0.008037158,0.008176078,0
A389E,0.001330341,0.001352721,0
A389F,0.000842489,0.000856392,0
A389G,0.001736175,0.001765607,0
A389H,0.004014971,0.004084,0
A389I,0.064889203,0.066016009,0
A389K,0.002514326,0.002557279,0
A389L,0.0021906,0.002227928,0
A389M,0.002099314,0.002135056,0
A389N,0.001317499,0.001339656,0
A389P,0.002907218,0.002956998,0
A389Q,0.005596144,0.005692648,0
A389R,0.001014742,0.001031638,0
A389S,0.190641307,0.193953235,1
A389T,0.086918346,0.08842794,0
A389V,0.110934685,0.112861597,1
A389W,0.001691047,0.001719695,0
A389Y,0.000788094,0.000801052,0
I390A,0.020516982,0.020872757,0
I390C,0.001209483,0.001229763,0
I390D,0.000438825,0.000445714,0
I390E,0.014498361,0.014749554,0
I390F,0.008265297,0.008408182,0
I390G,0.00034031,0.000345487,0
I390H,0.04981701,0.050681915,0
I390K,0.008272508,0.008415518,0
I390L,0.062059908,0.063137551,0
I390M,0.153441724,0.156107256,1
I390N,0.00172419,0.001753414,0
I390P,0.00013826,0.000139926,0
I390Q,0.0948674,0.09651512,0
I390R,0.294173391,0.299284336,1
I390S,0.019664584,0.020005548,0
I390T,0.026403783,0.02686185,0
I390V,0.11861878,0.120679214,1
I390W,0.022170766,0.022555278,0
I390Y,0.014153483,0.014398683,0
D391A,0.015894003,0.016169447,0
D391C,0.002611699,0.002656344,0
D391E,0.059335247,0.060365545,0
D391F,0.004584173,0.004663093,0
D391G,0.045648292,0.04644076,0
D391H,0.041091966,0.041805261,0
D391I,0.00131523,0.001337347,0
D391K,0.018349059,0.018667163,0
D391L,0.001473031,0.00149789,0
D391M,0.016728463,0.017018407,0
D391N,0.11552591,0.117532601,1
D391P,0.000443601,0.000450573,0
D391Q,0.204010355,0.207554589,1
D391R,0.009384406,0.009546737,0
D391S,0.143086309,0.145571901,1
D391T,0.121281546,0.123388249,1
D391V,0.004094214,0.00416462,0
D391W,0.003143596,0.003197484,0
D391Y,0.010036489,0.010210151,0
Q392A,0.078755035,0.080122779,0
Q392C,0.018653341,0.018976733,0
Q392D,0.000524873,0.000533257,0
Q392E,0.02682713,0.027292553,0
Q392F,0.009043257,0.00919966,0
Q392G,0.082786242,0.084224034,0
Q392H,0.065279637,0.066413227,0
Q392I,0.077620271,0.078968297,0
Q392K,0.075347633,0.076656169,0
Q392L,0.047806193,0.048636157,0
Q392M,0.053048667,0.053969727,0
Q392N,0.014079598,0.014323514,0
Q392P,0.000345793,0.000351065,0
Q392R,0.007254608,0.007379931,0
Q392S,0.039557291,0.040243919,0
Q392T,0.036361432,0.036992527,0
Q392V,0.145299723,0.147823776,1
Q392W,0.009314003,0.00947511,0
Q392Y,0.02753371,0.028011411,0
I393A,0.000360043,0.000365563,0
I393C,0.01105524,0.011246604,0
I393D,0.000399891,0.000406103,0
I393E,0.005548291,0.005643964,0
I393F,0.001003516,0.001020217,0
I393G,0.004919421,0.005004166,0
I393H,0.000215987,0.000219004,0
I393K,0.000702035,0.000713497,0
I393L,0.061393945,0.062460016,0
I393M,0.039224025,0.039904862,0
I393N,0.002162702,0.002199545,0
I393P,0.009806331,0.009975993,0
I393Q,0.000729292,0.000741228,0
I393R,0.000138965,0.000140643,0
I393S,0.00137217,0.001395277,0
I393T,0.000906984,0.000922008,0
I393V,0.272198039,0.276927131,1
I393W,0.000680062,0.000691142,0
I393Y,0.000520617,0.000528927,0
N394A,0.0759118,0.077230139,0
N394C,0.004486435,0.004563657,0
N394D,0.165218563,0.168088734,1
N394E,0.048329339,0.049168394,0
N394F,0.002120034,0.002156136,0
N394G,0.121508784,0.123619436,1
N394H,0.052527007,0.053439002,0
N394I,0.003018642,0.003070359,0
N394K,0.012751007,0.012971837,0
N394L,0.000719514,0.00073128,0
N394M,0.003273254,0.003329395,0
N394P,0.003802784,0.003868126,0
N394Q,0.047219786,0.04803956,0
N394R,0.02923864,0.029745966,0
N394S,0.180559779,0.183696526,1
N394T,0.020164132,0.020513776,0
N394V,0.002689149,0.00273514,0
N394W,0.016123279,0.016402707,0
N394Y,0.012063422,0.012272305,0
G395A,0.012646736,0.012865754,0
G395C,0.00593485,0.00603724,0
G395D,0.128486013,0.130717904,1
G395E,0.04109082,0.041804095,0
G395F,0.004364189,0.004439286,0
G395H,0.034711664,0.035314092,0
G395I,0.014383389,0.014632584,0
G395K,0.095598688,0.097259115,0
G395L,0.010287503,0.010465526,0
G395M,0.055652502,0.056618807,0
G395N,0.043740231,0.044499543,0
G395P,0.038144914,0.038807,0
G395Q,0.028029317,0.02851563,0
G395R,0.017519498,0.017823188,0
G395S,0.023914683,0.024329498,0
G395T,0.089339255,0.090890915,0
G395V,0.119840191,0.121921849,1
G395W,0.0270427,0.027511869,0
G395Y,0.013227098,0.013456201,0
K396A,0.079031746,0.080404299,0
K396C,0.019698642,0.020040197,0
K396D,0.031065473,0.031604543,0
K396E,0.00364913,0.003711802,0
K396F,0.000802753,0.000815965,0
K396G,0.11258512,0.11454071,1
K396H,0.006724922,0.006841041,0
K396I,0.002963754,0.003014517,0
K396L,0.00460068,0.004679887,0
K396M,0.005706988,0.005805418,0
K396N,0.18680841,0.190053736,1
K396P,0.000463936,0.000471261,0
K396Q,0.050393954,0.051268884,0
K396R,0.008500652,0.008647626,0
K396S,0.007882604,0.008018839,0
K396T,0.003107275,0.003160532,0
K396V,0.008625284,0.008774424,0
K396W,0.007463056,0.007592001,0
K396Y,0.001964046,0.001997438,0
L397A,0.005661183,0.005758818,0
L397C,0.007363903,0.007491125,0
L397D,0.002414217,0.002455431,0
L397E,0.002158583,0.002195355,0
L397F,0.112372882,0.114324784,1
L397G,0.001223304,0.001243824,0
L397H,0.01348101,0.013714525,0
L397I,0.040821845,0.041530446,0
L397K,0.004843252,0.004926674,0
L397M,0.062399397,0.063482939,0
L397N,0.005904469,0.006006331,0
L397P,0.000488715,0.000496471,0
L397Q,0.005913517,0.006015536,0
L397R,0.012057914,0.012266701,0
L397S,0.00309037,0.003143333,0
L397T,0.004083108,0.004153321,0
L397V,0.314286932,0.319747379,1
L397W,0.028039432,0.028525921,0
L397Y,0.110645328,0.112567212,1
N398A,0.024259499,0.024680306,0
N398C,0.006586946,0.006700667,0
N398D,0.122236132,0.124359422,1
N398E,0.027566626,0.028044899,0
N398F,0.006910606,0.007029951,0
N398G,0.219377333,0.22318859,1
N398H,0.012776755,0.012998033,0
N398I,0.005333222,0.005425158,0
N398K,0.029702722,0.030218113,0
N398L,0.006209902,0.006317071,0
N398M,0.012378812,0.012593175,0
N398P,0.002696847,0.002742972,0
N398Q,0.00819786,0.008339573,0
N398R,0.050625766,0.051504724,0
N398S,0.154964953,0.157656953,1
N398T,0.053798208,0.054732292,0
N398V,0.009023241,0.009179296,0
N398W,0.008308092,0.00845172,0
N398Y,0.019304323,0.019639027,0
R399A,0.061577104,0.062646357,0
R399C,0.001571664,0.001598237,0
R399D,0.003919169,0.003986534,0
R399E,0.004048294,0.004117902,0
R399F,0.000204707,0.000207527,0
R399G,0.032638597,0.033205003,0
R399H,0.05086308,0.051746162,0
R399I,0.012053946,0.012262664,0
R399K,0.06174637,0.062818565,0
R399L,0.009037904,0.009194214,0
R399M,0.054467943,0.055413665,0
R399N,0.088577682,0.090116109,0
R399P,0.001843186,0.001874477,0
R399Q,0.018486287,0.018806776,0
R399S,0.254021566,0.258434816,1
R399T,0.093333185,0.094954246,0
R399V,0.007783993,0.007918514,0
R399W,0.005359924,0.005452324,0
R399Y,0.002192224,0.00222958,0
L400A,0.001644718,0.001672561,0
L400C,0.001114614,0.001133245,0
L400D,0.001696638,0.001725383,0
L400E,0.000503271,0.000511279,0
L400F,0.124159233,0.12631594,1
L400G,0.000250978,0.000254603,0
L400H,0.018893796,0.019221366,0
L400I,0.080453305,0.081850559,0
L400K,0.002393238,0.002434087,0
L400M,0.026393276,0.02685116,0
L400N,0.000246741,0.000250292,0
L400P,0.000304883,0.000309444,0
L400Q,0.000339437,0.000344599,0
L400R,0.001046773,0.001064226,0
L400S,0.0001705,0.000172726,0
L400T,0.002839015,0.00288761,0
L400V,0.312293984,0.3177198,1
L400W,0.041283323,0.041999943,0
L400Y,0.016624171,0.016912303,0
I401A,0.015251825,0.015516111,0
I401C,0.001885376,0.001917401,0
I401D,0.000963073,0.000979071,0
I401E,0.029104975,0.029609979,0
I401F,0.016051316,0.016329494,0
I401G,0.001497157,0.001522436,0
I401H,0.001450198,0.001474661,0
I401K,0.005964615,0.006067522,0
I401L,0.046257882,0.047060942,0
I401M,0.050623851,0.051502776,0
I401N,0.002657673,0.002703117,0
I401P,0.000244649,0.000248164,0
I401Q,0.008806377,0.008958664,0
I401R,0.002463279,0.002505345,0
I401S,0.006839674,0.006957787,0
I401T,0.101502458,0.103265471,1
I401V,0.423690741,0.431052235,1
I401W,0.000694564,0.000705896,0
I401Y,0.016757516,0.017047965,0
G402A,0.011962439,0.012169567,0
G402C,0.09489919,0.096547462,0
G402D,0.062633759,0.063721373,0
G402E,0.018165791,0.018480711,0
G402F,0.046040585,0.046839869,0
G402H,0.13166791,0.133955091,1
G402I,0.01357366,0.013808785,0
G402K,0.025750848,0.026197569,0
G402L,0.017599197,0.017904272,0
G402M,0.013099601,0.013326489,0
G402N,0.082605132,0.084039777,0
G402P,0.099367612,0.101093529,0
G402Q,0.027957135,0.028442193,0
G402R,0.009938158,0.010110111,0
G402S,0.033094353,0.033668678,0
G402T,0.028814389,0.029314343,0
G402V,0.075956364,0.077275477,0
G402W,0.07214468,0.07339756,0
G402Y,0.022454921,0.022844371,0
K403A,0.043424991,0.044178826,0
K403C,0.000903261,0.00091822,0
K403D,0.032580326,0.033145719,0
K403E,0.012585684,0.012803642,0
K403F,0.000366818,0.000372455,0
K403G,0.013674776,0.013911658,0
K403H,0.03332118,0.033899446,0
K403I,0.000354871,0.000360301,0
K403L,0.001709716,0.001738688,0
K403M,0.008027684,0.00816644,0
K403N,0.063266721,0.064365334,0
K403P,0.002447515,0.002489307,0
K403Q,0.075780644,0.077096704,0
K403R,0.172166816,0.175157723,1
K403S,0.024434186,0.024858028,0
K403T,0.219083173,0.222889319,1
K403V,0.025254824,0.025692926,0
K403W,0.003842017,0.003908041,0
K403Y,0.005657454,0.005755024,0
T404A,0.160507994,0.163296313,1
T404C,0.012318239,0.012531549,0
T404D,0.012346247,0.012560044,0
T404E,0.043500371,0.044255515,0
T404F,0.000879677,0.000894226,0
T404G,0.154461901,0.15714516,1
T404H,0.012231279,0.012443078,0
T404I,0.005335197,0.005427167,0
T404K,0.041091983,0.041805278,0
T404L,0.004035906,0.004105299,0
T404M,0.017182118,0.017479945,0
T404N,0.011812218,0.012016736,0
T404P,0.022807092,0.023202661,0
T404Q,0.0260039,0.026455018,0
T404R,0.010484196,0.010665637,0
T404S,0.126577017,0.128775736,1
T404V,0.02881166,0.029311567,0
T404W,0.003823264,0.003888962,0
T404Y,0.078007255,0.079362006,0
N405A,0.009619987,0.009786411,0
N405C,0.00086063,0.000874848,0
N405D,0.128329714,0.130558889,1
N405E,0.027896803,0.028380813,0
N405F,0.000273394,0.000277408,0
N405G,0.082233596,0.083661785,0
N405H,0.017438922,0.017741212,0
N405I,0.002360895,0.002401182,0
N405K,0.009446782,0.009610197,0
N405L,0.006610226,0.006724352,0
N405M,0.008026683,0.008165421,0
N405P,0.000405033,0.000411334,0
N405Q,0.072968428,0.074235622,0
N405R,0.009416904,0.0095798,0
N405S,0.148454727,0.151033603,1
N405T,0.066985417,0.068148648,0
N405V,0.001148198,0.001167413,0
N405W,0.000714507,0.000726186,0
N405Y,0.000704648,0.000716156,0
E406A,0.061195484,0.062258106,0
E406C,0.005940641,0.006043132,0
E406D,0.163352643,0.166190391,1
E406F,0.024633458,0.025060763,0
E406G,0.005748299,0.005847447,0
E406H,0.022892626,0.023289681,0
E406I,0.039740309,0.040430117,0
E406K,0.009306654,0.009467634,0
E406L,0.02619801,0.026652501,0
E406M,0.025428085,0.025869198,0
E406N,0.013546378,0.013781029,0
E406P,0.048744728,0.049591001,0
E406Q,0.173694077,0.176711523,1
E406R,0.010803473,0.010990462,0
E406S,0.143495183,0.14598788,1
E406T,0.056017211,0.056989853,0
E406V,0.023446747,0.023853431,0
E406W,0.006276476,0.006384802,0
E406Y,0.028241818,0.028731823,0
K407A,0.018290805,0.018607897,0
K407C,0.008972559,0.009127733,0
K407D,0.003408732,0.003467227,0
K407E,0.049182673,0.050036555,0
K407F,0.002547994,0.002591532,0
K407G,0.017269642,0.01756899,0
K407H,0.063612213,0.064716829,0
K407I,0.007380488,0.007507998,0
K407L,0.016694545,0.0169839,0
K407M,0.050333369,0.051207246,0
K407N,0.37008328,0.376513268,1
K407P,0.000463673,0.000470993,0
K407Q,0.107065098,0.10892477,1
K407R,0.03276581,0.033334426,0
K407S,0.000938564,0.000954136,0
K407T,0.003742285,0.003806576,0
K407V,0.014555591,0.014807779,0
K407W,0.000457106,0.000464312,0
K407Y,0.009940913,0.010112914,0
F408A,0.018289351,0.018606418,0
F408C,0.002582537,0.002626676,0
F408D,0.0093263,0.009487621,0
F408E,0.000726491,0.000738378,0
F408G,0.00151355,0.001539114,0
F408H,0.011599902,0.01180073,0
F408I,0.025872318,0.02632115,0
F408K,0.004239592,0.004312524,0
F408L,0.00525857,0.005349209,0
F408M,0.019013344,0.019342991,0
F408N,0.012988457,0.013213413,0
F408P,0.006047253,0.006151596,0
F408Q,0.006851335,0.00696965,0
F408R,0.001021582,0.001038597,0
F408S,0.071205949,0.072442517,0
F408T,0.003502985,0.003563118,0
F408V,0.002258554,0.002297063,0
F408W,0.029348959,0.029858202,0
F408Y,0.406069713,0.413125016,1
H409A,0.007425175,0.007553461,0
H409C,0.010128253,0.010303509,0
H409D,0.004025202,0.004094409,0
H409E,0.001397404,0.001420949,0
H409F,0.015204051,0.015467506,0
H409G,0.013735676,0.013973616,0
H409I,0.007168527,0.007292354,0
H409K,0.028451762,0.028945415,0
H409L,0.006141974,0.006247963,0
H409M,0.008221861,0.008363991,0
H409N,0.018294163,0.018611314,0
H409P,0.003726175,0.003790186,0
H409Q,0.029061189,0.029565432,0
H409R,0.019422756,0.019759517,0
H409S,0.012840915,0.013063308,0
H409T,0.0053489,0.005441108,0
H409V,0.014298297,0.014546014,0
H409W,0.01729231,0.017592052,0
H409Y,0.01638044,0.016664337,0
Q410A,0.110088135,0.112000337,1
Q410C,0.001137357,0.001156384,0
Q410D,0.005689873,0.005788006,0
Q410E,0.153090977,0.155750414,1
Q410F,0.002286704,0.002325702,0
Q410G,0.049636135,0.050497897,0
Q410H,0.041497571,0.042217914,0
Q410I,0.001044921,0.001062341,0
Q410K,0.027443373,0.027919504,0
Q410L,0.001197316,0.001217384,0
Q410M,0.018361417,0.018679736,0
Q410N,0.029224265,0.029731342,0
Q410P,0.001423101,0.001447093,0
Q410R,0.001554559,0.001580835,0
Q410S,0.151997831,0.154638273,1
Q410T,0.061044008,0.062103998,0
Q410V,0.009150728,0.009308998,0
Q410W,0.007860116,0.00799596,0
Q410Y,0.003160853,0.003215041,0
I411A,0.005447777,0.005541703,0
I411C,0.008632414,0.008781678,0
I411D,0.001542885,0.001568958,0
I411E,0.001564828,0.001591283,0
I411F,0.003645368,0.003707975,0
I411G,0.002678434,0.002724239,0
I411H,0.004279184,0.004352804,0
I411K,0.001202474,0.001222632,0
I411L,0.018825497,0.01915188,0
I411M,0.023275326,0.023679031,0
I411N,0.00784169,0.007977214,0
I411P,0.004845803,0.004929269,0
I411Q,0.002938016,0.002988332,0
I411R,0.005207755,0.005297511,0
I411S,0.00182254,0.001853473,0
I411T,0.003174414,0.003228837,0
I411V,0.017076434,0.017372425,0
I411W,0.011341152,0.011537484,0
I411Y,0.003389716,0.003447881,0
E412A,0.002955027,0.003005638,0
E412C,0.0015036,0.001528991,0
E412D,0.008485521,0.008632232,0
E412F,0.002460106,0.002502117,0
E412G,0.013131722,0.013359168,0
E412H,0.016615793,0.01690378,0
E412I,0.005650579,0.005748029,0
E412K,0.0021716,0.002208598,0
E412L,0.000533486,0.000542019,0
E412M,0.003116294,0.003169707,0
E412N,0.014477139,0.014727963,0
E412P,0.005538008,0.005633502,0
E412Q,0.018205546,0.018521157,0
E412R,0.000388182,0.000394191,0
E412S,0.001915971,0.001948527,0
E412T,0.001841978,0.001873248,0
E412V,0.008545116,0.008692863,0
E412W,0.006939122,0.007058963,0
E412Y,0.003244848,0.003300495,0
K413A,0.010673673,0.010858407,0
K413C,0.001643189,0.001671005,0
K413D,0.031122237,0.031662294,0
K413E,0.002041583,0.002076322,0
K413F,0.001054216,0.001071798,0
K413G,0.005791217,0.005891111,0
K413H,0.015151128,0.015413664,0
K413I,0.010627965,0.010811904,0
K413L,0.010126033,0.010301251,0
K413M,0.006370354,0.006480311,0
K413N,0.003231409,0.003286823,0
K413P,0.009297439,0.009458259,0
K413Q,0.025339056,0.025778622,0
K413R,0.013221452,0.013450457,0
K413S,0.077116988,0.078456269,0
K413T,0.004650417,0.004730488,0
K413V,0.003795089,0.003860297,0
K413W,0.014123987,0.014368675,0
K413Y,0.001205998,0.001226217,0
E414A,0.036459461,0.03709226,0
E414C,0.003644282,0.00370687,0
E414D,0.144165029,0.146669365,1
E414F,0.005087082,0.005174741,0
E414G,0.015801292,0.016075125,0
E414H,0.013976546,0.014218672,0
E414I,0.00797679,0.008114662,0
E414K,0.047052283,0.047869147,0
E414L,0.014762882,0.015018672,0
E414M,0.012237617,0.012449526,0
E414N,0.006984337,0.007104963,0
E414P,0.00093027,0.000945698,0
E414Q,0.025990775,0.026441665,0
E414R,0.001611684,0.001638953,0
E414S,0.048044969,0.048879082,0
E414T,0.037162345,0.037807357,0
E414V,0.028708783,0.029206902,0
E414W,0.01812449,0.018438692,0
E414Y,0.032133561,0.032691191,0
F415A,0.030064064,0.030585733,0
F415C,0.002477769,0.002520087,0
F415D,0.06737063,0.068540554,0
F415E,0.137859648,0.140254419,1
F415G,0.004763825,0.004845867,0
F415H,0.054247644,0.055189538,0
F415I,0.002340316,0.002380246,0
F415K,0.003157915,0.003212052,0
F415L,0.004439559,0.004515966,0
F415M,0.012550787,0.012768138,0
F415N,0.007641994,0.007774048,0
F415P,0.021300922,0.021670319,0
F415Q,0.013187323,0.013415735,0
F415R,0.001906546,0.001938938,0
F415S,0.023408493,0.023814512,0
F415T,0.013811766,0.014051029,0
F415V,0.006014009,0.006117774,0
F415W,0.102957454,0.10474575,1
F415Y,0.087686825,0.089209772,0
S416A,0.038377449,0.039043575,0
S416C,0.028790509,0.029290049,0
S416D,0.195892982,0.199296165,1
S416E,0.073003767,0.074271575,0
S416F,0.009150974,0.009309249,0
S416G,0.081906932,0.083329445,0
S416H,0.058377795,0.059391456,0
S416I,0.035737187,0.036357435,0
S416K,0.004243029,0.004316021,0
S416L,0.048917238,0.049766508,0
S416M,0.027186889,0.027658563,0
S416N,0.009245608,0.009405527,0
S416P,0.021996928,0.022378419,0
S416Q,0.010635834,0.01081991,0
S416R,0.015389948,0.015656634,0
S416T,0.109133859,0.111029479,1
S416V,0.050036297,0.050905012,0
S416W,0.007553661,0.00768418,0
S416Y,0.107170895,0.109032405,1
E417A,0.004459928,0.004536689,0
E417C,0.005620734,0.005717666,0
E417D,0.016689459,0.016978726,0
E417F,0.090894923,0.092473615,0
E417G,0.017669832,0.017976134,0
E417H,0.006504949,0.006617245,0
E417I,0.193302995,0.196661173,1
E417K,0.023242125,0.023645253,0
E417L,0.024217171,0.024637242,0
E417M,0.034675016,0.035276807,0
E417N,0.085597907,0.087084556,0
E417P,0.003571898,0.003633228,0
E417Q,0.115111805,0.1171113,1
E417R,0.008833775,0.008986538,0
E417S,0.084006536,0.085465533,0
E417T,0.052770732,0.053686962,0
E417V,0.040094548,0.040790511,0
E417W,0.029419473,0.029929942,0
E417Y,0.048626941,0.049471167,0
V418A,0.03148438,0.032030729,0
V418C,0.002867185,0.00291627,0
V418D,0.009271176,0.009431539,0
V418E,0.020915175,0.021277869,0
V418F,0.097417295,0.099109323,0
V418G,0.003285495,0.003341849,0
V418H,0.076731498,0.078064081,0
V418I,0.062158042,0.06323739,0
V418K,0.034269741,0.03486449,0
V418L,0.032354561,0.032916031,0
V418M,0.063040979,0.064135669,0
V418N,0.043693768,0.044452273,0
V418P,0.018772254,0.019097712,0
V418Q,0.040476549,0.04117915,0
V418R,0.086601607,0.088105697,0
V418S,0.039671398,0.040360008,0
V418T,0.085328335,0.0868103,0
V418W,0.052228464,0.053135271,0
V418Y,0.01349454,0.01372829,0
E419A,0.155341678,0.158040224,1
E419C,0.00158319,0.001609964,0
E419D,0.004478203,0.004555282,0
E419F,0.005636451,0.005733656,0
E419G,0.011578376,0.01177883,0
E419H,0.020311452,0.020663656,0
E419I,0.014438155,0.014688302,0
E419K,0.024266241,0.024687165,0
E419L,0.003395535,0.003453801,0
E419M,0.040694152,0.041400534,0
E419N,0.044940688,0.04572086,0
E419P,0.006402567,0.006513084,0
E419Q,0.095108579,0.09676049,0
E419R,0.003779032,0.003843961,0
E419S,0.032788588,0.0333576,0
E419T,0.020392119,0.020745725,0
E419V,0.012048099,0.012256715,0
E419W,0.005733101,0.005831985,0
E419Y,0.018136752,0.018451167,0
G420A,0.002363751,0.002404088,0
G420C,0.001472855,0.001497711,0
G420D,0.01088557,0.011073986,0
G420E,0.014658709,0.014912688,0
G420F,0.013335158,0.013566139,0
G420H,0.015084708,0.01534609,0
G420I,0.026923281,0.027390375,0
G420K,0.003760089,0.003824689,0
G420L,0.009201441,0.009360593,0
G420M,0.008146393,0.008287212,0
G420N,0.056874416,0.057861953,0
G420P,0.060590224,0.061642329,0
G420Q,0.005333416,0.005425355,0
G420R,0.011313898,0.011509757,0
G420S,0.021044392,0.021409332,0
G420T,0.014307141,0.014555011,0
G420V,0.192746173,0.196094676,1
G420W,0.034773226,0.035376724,0
G420Y,0.007332323,0.007458996,0
R421A,0.003932491,0.004000087,0
R421C,0.50904753,0.51789222,1
R421D,0.003482383,0.003542158,0
R421E,0.006074286,0.006179099,0
R421F,0.002137906,0.002174319,0
R421G,0.016408473,0.016692857,0
R421H,0.005988906,0.006092235,0
R421I,0.01150387,0.01170303,0
R421K,0.007165277,0.007289047,0
R421L,0.003711635,0.003775393,0
R421M,0.010722661,0.010908246,0
R421N,0.002033461,0.002068059,0
R421P,0.005188883,0.005278311,0
R421Q,0.005858331,0.005959391,0
R421S,0.003751753,0.003816208,0
R421T,0.021969119,0.022350127,0
R421V,0.00898625,0.009141662,0
R421W,0.011649744,0.011851438,0
R421Y,0.003444222,0.003503334,0
I422A,0.009682618,0.009850131,0
I422C,0.003393117,0.003451341,0
I422D,0.004077559,0.004147676,0
I422E,0.017971861,0.018283411,0
I422F,0.00906838,0.009225219,0
I422G,0.000563191,0.000572241,0
I422H,0.002366982,0.002407375,0
I422K,0.000497742,0.000505654,0
I422L,0.057889578,0.058894755,0
I422M,0.079638781,0.081021882,0
I422N,0.006794338,0.006911663,0
I422P,0.011714015,0.011916826,0
I422Q,0.226435433,0.230369335,1
I422R,0.002103828,0.002139648,0
I422S,0.007942697,0.008079976,0
I422T,0.065728513,0.066869903,0
I422V,0.119191248,0.121261629,1
I422W,0.025468452,0.025910266,0
I422Y,0.039723288,0.0404128,0
Q423A,0.061348794,0.06241408,0
Q423C,0.013144156,0.013371818,0
Q423D,0.003387389,0.003445513,0
Q423E,0.016828289,0.017119968,0
Q423F,0.009445488,0.00960888,0
Q423G,0.021554957,0.021928769,0
Q423H,0.005586445,0.005682781,0
Q423I,0.008128603,0.008269112,0
Q423K,0.017423902,0.017725931,0
Q423L,0.003558497,0.003619594,0
Q423M,0.077066361,0.078404762,0
Q423N,0.005451309,0.005545297,0
Q423P,0.00246493,0.002507025,0
Q423R,0.001043394,0.001060788,0
Q423S,0.020648156,0.021006211,0
Q423T,0.025007136,0.025440934,0
Q423V,0.0248943,0.025326137,0
Q423W,0.016232094,0.016513413,0
Q423Y,0.007058717,0.007180636,0
D424A,0.00536207,0.005454507,0
D424C,0.002837754,0.002886327,0
D424E,0.060267537,0.061314035,0
D424F,0.023634437,0.024044382,0
D424G,0.010132258,0.010307584,0
D424H,0.004087847,0.004158143,0
D424I,0.028999939,0.029503118,0
D424K,0.003772109,0.003836918,0
D424L,0.015668608,0.015940136,0
D424M,0.006716044,0.006832008,0
D424N,0.016237456,0.016518868,0
D424P,0.004103427,0.004173993,0
D424Q,0.030225576,0.030750052,0
D424R,0.005031485,0.005118178,0
D424S,0.017185505,0.017483391,0
D424T,0.052548619,0.05346099,0
D424V,0.006026942,0.006130932,0
D424W,0.015351388,0.015617404,0
D424Y,0.020746546,0.02110631,0
L425A,0.001289221,0.001310886,0
L425C,0.000852097,0.000866167,0
L425D,0.000322747,0.000327619,0
L425E,0.001646902,0.001674783,0
L425F,0.000762921,0.000775441,0
L425G,0.000269443,0.000273388,0
L425H,0.001080274,0.001098309,0
L425I,0.278629313,0.283470158,1
L425K,0.00028661,0.000290854,0
L425M,0.021337931,0.021707971,0
L425N,0.348300615,0.354352098,1
L425P,0.000110907,0.000112098,0
L425Q,0.002499076,0.002541764,0
L425R,0.000400497,0.00040672,0
L425S,0.000634077,0.000644358,0
L425T,0.000569251,0.000578406,0
L425V,0.130376302,0.132641039,1
L425W,0.00176701,0.001796978,0
L425Y,0.000260564,0.000264355,0
E426A,0.006052375,0.006156807,0
E426C,0.002013092,0.002047336,0
E426D,0.004250744,0.00432387,0
E426F,0.005423466,0.00551697,0
E426G,0.004363075,0.004438153,0
E426H,0.004504026,0.004581553,0
E426I,0.04613231,0.046933188,0
E426K,0.00309795,0.003151045,0
E426L,0.000377679,0.000383505,0
E426M,0.248041704,0.252351046,1
E426N,0.007620304,0.007751981,0
E426P,0.001723153,0.001752359,0
E426Q,0.00049631,0.000504198,0
E426R,0.001076304,0.00109427,0
E426S,0.004848062,0.004931567,0
E426T,0.009459903,0.009623546,0
E426V,0.010137084,0.010312494,0
E426W,0.001677174,0.001705581,0
E426Y,0.002134644,0.002171,0
K427A,0.018468686,0.018788869,0
K427C,0.091035446,0.09261658,0
K427D,0.010583046,0.010766205,0
K427E,0.067200693,0.068367664,0
K427F,0.012629356,0.012848072,0
K427G,0.008886094,0.009039766,0
K427H,0.010185027,0.01036127,0
K427I,0.00728539,0.007411247,0
K427L,0.068710701,0.069903911,0
K427M,0.008598119,0.008746787,0
K427N,0.085332623,0.086814662,0
K427P,0.002299399,0.002338618,0
K427Q,0.107722976,0.10959408,1
K427R,0.107296228,0.109159916,1
K427S,0.040478352,0.041180984,0
K427T,0.106515001,0.108365114,1
K427V,0.017853981,0.018163483,0
K427W,0.006843542,0.006961722,0
K427Y,0.026671286,0.027134001,0
Y428A,0.015874597,0.016149704,0
Y428C,0.008642873,0.008792319,0
Y428D,0.0133274,0.013558246,0
Y428E,0.006930187,0.007049872,0
Y428F,0.004114306,0.004185061,0
Y428G,0.002025917,0.002060384,0
Y428H,0.005806088,0.00590624,0
Y428I,0.003347982,0.003405421,0
Y428K,0.003164128,0.003218373,0
Y428L,0.011689734,0.011892123,0
Y428M,0.062310684,0.063392684,0
Y428N,0.019571847,0.019911199,0
Y428P,0.000754962,0.000767344,0
Y428Q,0.001817776,0.001848626,0
Y428R,0.069554487,0.070762359,0
Y428S,0.002128069,0.002164311,0
Y428T,0.008288886,0.008432181,0
Y428V,0.002118454,0.002154529,0
Y428W,0.003648656,0.00371132,0
V429A,0.001319707,0.001341902,0
V429C,0.013025157,0.013250751,0
V429D,0.000942341,0.000957979,0
V429E,0.001394301,0.001417792,0
V429F,0.007963078,0.008100711,0
V429G,0.001604672,0.001631819,0
V429H,0.00367663,0.00373978,0
V429I,0.193062036,0.196416027,1
V429K,0.002617736,0.002662486,0
V429L,0.005834423,0.005935068,0
V429M,0.089366229,0.090918358,0
V429N,0.342439813,0.348389456,1
V429P,0.001067383,0.001085194,0
V429Q,0.006012447,0.006116185,0
V429R,0.001454336,0.001478871,0
V429S,0.001381954,0.001405231,0
V429T,0.172221997,0.175213863,1
V429W,0.002245181,0.002283458,0
V429Y,0.002357016,0.002397236,0
E430A,0.002266234,0.002304876,0
E430C,0.004492384,0.004569709,0
E430D,0.014603022,0.014856034,0
E430F,0.001780093,0.001810288,0
E430G,0.023744772,0.024156635,0
E430H,0.00104714,0.001064599,0
E430I,0.011572734,0.01177309,0
E430K,0.002188101,0.002225386,0
E430L,0.007794755,0.007929463,0
E430M,0.016571621,0.01685884,0
E430N,0.008157029,0.008298032,0
E430P,0.0011442,0.001163346,0
E430Q,0.008827804,0.008980463,0
E430R,0.001207699,0.001227948,0
E430S,0.008662399,0.008812184,0
E430T,0.01053989,0.010722299,0
E430V,0.003663867,0.003726795,0
E430W,0.002589368,0.002633625,0
E430Y,0.020748293,0.021108088,0
D431A,0.012768898,0.012990039,0
D431C,0.001122855,0.00114163,0
D431E,0.045832404,0.046628071,0
D431F,0.000941236,0.000956855,0
D431G,0.122858886,0.124992998,1
D431H,0.002383247,0.002423923,0
D431I,0.007264643,0.00739014,0
D431K,0.007035835,0.007157356,0
D431L,0.001059867,0.001077547,0
D431M,0.006246261,0.006354062,0
D431N,0.021708338,0.022084815,0
D431P,0.001199172,0.001219273,0
D431Q,0.006577533,0.00669109,0
D431R,0.001680084,0.001708541,0
D431S,0.01984802,0.020192171,0
D431T,0.041429907,0.042149074,0
D431V,0.002671019,0.002716695,0
D431W,0.001739773,0.001769267,0
D431Y,0.012939737,0.013163847,0
T432A,0.08194693,0.083370138,0
T432C,0.044972021,0.045752737,0
T432D,0.012509214,0.012725843,0
T432E,0.127032608,0.129239244,1
T432F,0.006027029,0.006131021,0
T432G,0.003581978,0.003643483,0
T432H,0.012657904,0.012877117,0
T432I,0.005643629,0.005740959,0
T432K,0.000849984,0.000864017,0
T432L,0.012437088,0.012652464,0
T432M,0.052158682,0.053064277,0
T432N,0.006141748,0.006247733,0
T432P,0.012799392,0.013021063,0
T432Q,0.014151465,0.01439663,0
T432R,0.000670719,0.000681637,0
T432S,0.207802332,0.211412457,1
T432V,0.033606326,0.034189547,0
T432W,0.000965174,0.000981209,0
T432Y,0.015301099,0.015566241,0
K433A,0.035283375,0.035895737,0
K433C,0.003982783,0.004051253,0
K433D,0.005630324,0.005727422,0
K433E,0.013232704,0.013461905,0
K433F,0.02167828,0.022054234,0
K433G,0.018318088,0.018635654,0
K433H,0.010954328,0.011143938,0
K433I,0.00617195,0.00627846,0
K433L,0.00509794,0.005185787,0
K433M,0.014941,0.015199885,0
K433N,0.036549188,0.037183546,0
K433P,0.00037357,0.000379325,0
K433Q,0.016516515,0.016802776,0
K433R,0.020791392,0.021151935,0
K433S,0.025948427,0.026398581,0
K433T,0.068087756,0.069270141,0
K433V,0.060505971,0.061556612,0
K433W,0.005674674,0.005772543,0
K433Y,0.058719033,0.059738623,0
I434A,0.039721613,0.040411096,0
I434C,0.004873002,0.004956941,0
I434D,0.040977757,0.041689067,0
I434E,0.016590446,0.016877992,0
I434F,0.001511123,0.001536644,0
I434G,0.004091849,0.004162214,0
I434H,0.004543751,0.004621969,0
I434K,0.00659116,0.006704954,0
I434L,0.037831434,0.038488072,0
I434M,0.019950875,0.020296813,0
I434N,0.024671231,0.025099192,0
I434P,0.000499174,0.000507111,0
I434Q,0.020578424,0.020935267,0
I434R,0.00134136,0.001363931,0
I434S,0.01347292,0.013706295,0
I434T,0.078021349,0.079376345,0
I434V,0.090375062,0.091944721,0
I434W,0.015023891,0.015284216,0
I434Y,0.006675201,0.006790456,0
D435A,0.019761665,0.020104316,0
D435C,0.006698498,0.006814157,0
D435E,0.097152542,0.098839969,0
D435F,0.002129148,0.002165408,0
D435G,0.007322708,0.007449214,0
D435H,0.001939878,0.00197285,0
D435I,0.002401733,0.00244273,0
D435K,0.001326246,0.001348555,0
D435L,0.000863132,0.000877394,0
D435M,0.003458266,0.003517622,0
D435N,0.019300893,0.019635537,0
D435P,0.000445525,0.00045253,0
D435Q,0.001725456,0.001754702,0
D435R,0.001951232,0.001984401,0
D435S,0.012561422,0.012778958,0
D435T,0.008016256,0.008154813,0
D435V,0.001515396,0.001540992,0
D435W,0.000459808,0.000467061,0
D435Y,0.00112705,0.001145898,0
L436A,0.004339168,0.004413831,0
L436C,0.003128313,0.003181935,0
L436D,0.001648963,0.00167688,0
L436E,0.001508307,0.001533779,0
L436F,0.016327079,0.016610049,0
L436G,0.000787705,0.000800656,0
L436H,0.00106036,0.001078049,0
L436I,0.257537255,0.262011595,1
L436K,0.000628574,0.00063876,0
L436M,0.081913223,0.083335845,0
L436N,0.001365889,0.001388887,0
L436P,0.002492225,0.002534794,0
L436Q,0.035779295,0.036400275,0
L436R,0.002554795,0.002598452,0
L436S,0.003054381,0.003106719,0
L436T,0.003014636,0.003066283,0
L436V,0.037992286,0.03865172,0
L436W,0.002733065,0.002779819,0
L436Y,0.000450603,0.000457696,0
W437A,0.00172803,0.00175732,0
W437C,0.005131028,0.00521945,0
W437D,0.001726678,0.001755945,0
W437E,0.003212247,0.003267328,0
W437F,0.006375887,0.006485941,0
W437G,0.012509842,0.012726482,0
W437H,0.005363974,0.005456444,0
W437I,0.004627706,0.004707382,0
W437K,0.003675269,0.003738395,0
W437L,0.009648777,0.009815702,0
W437M,0.006822833,0.006940653,0
W437N,0.007315593,0.007441975,0
W437P,0.001443025,0.001467363,0
W437Q,0.006960718,0.007080934,0
W437R,0.004630464,0.004710188,0
W437S,0.003561131,0.003622274,0
W437T,0.005108043,0.005196066,0
W437V,0.001520816,0.001546506,0
W437Y,0.002222865,0.002260754,0
S438A,0.000251997,0.000255639,0
S438C,0.010993624,0.011183917,0
S438D,0.008587146,0.008735623,0
S438E,0.007035602,0.007157119,0
S438F,0.001317974,0.001340139,0
S438G,0.001936303,0.001969212,0
S438H,0.005881281,0.00598274,0
S438I,0.002224401,0.002262317,0
S438K,0.018410588,0.018729762,0
S438L,0.003492755,0.00355271,0
S438M,0.010045494,0.010219312,0
S438N,0.008429272,0.008575006,0
S438P,0.002276554,0.002315376,0
S438Q,0.004420917,0.004497,0
S438R,0.003064234,0.003116743,0
S438T,0.021837456,0.022216176,0
S438V,0.000728908,0.000740837,0
S438W,0.008259282,0.008402062,0
S438Y,0.002396888,0.002437801,0
Y439A,0.047449071,0.04827283,0
Y439C,0.003803772,0.003869131,0
Y439D,0.002386352,0.002427082,0
Y439E,0.005049775,0.005136785,0
Y439F,0.111344467,0.113278499,1
Y439G,0.001040365,0.001057706,0
Y439H,0.014159861,0.014405172,0
Y439I,0.002601442,0.002645909,0
Y439K,0.136270382,0.138637538,1
Y439L,0.023777632,0.024190066,0
Y439M,0.005458563,0.005552677,0
Y439N,0.01494617,0.015205144,0
Y439P,0.00158544,0.001612253,0
Y439Q,0.011269967,0.011465062,0
Y439R,0.003823264,0.003888962,0
Y439S,0.0015106,0.001536112,0
Y439T,0.002487129,0.00252961,0
Y439V,0.00168115,0.001709626,0
Y439W,0.007456766,0.007585601,0
N440A,0.001753844,0.001783583,0
N440C,0.031071493,0.031610668,0
N440D,0.003293091,0.003349577,0
N440E,0.022259992,0.022646055,0
N440F,0.019894815,0.020239779,0
N440G,0.004424965,0.004501118,0
N440H,0.005712805,0.005811337,0
N440I,0.012595962,0.012814098,0
N440K,0.004509804,0.004587432,0
N440L,0.053354442,0.054280815,0
N440M,0.005611929,0.005708708,0
N440P,0.001534507,0.001560435,0
N440Q,0.029555085,0.03006791,0
N440R,0.001187315,0.00120721,0
N440S,0.015871738,0.016146795,0
N440T,0.002268841,0.002307529,0
N440V,0.005708479,0.005806935,0
N440W,0.001371901,0.001395003,0
N440Y,0.004545832,0.004624086,0
A441C,0.020247744,0.020598841,0
A441D,0.000440411,0.000447327,0
A441E,0.003524324,0.003584828,0
A441F,0.000971273,0.000987414,0
A441G,0.001012564,0.001029422,0
A441H,0.008944829,0.009099522,0
A441I,0.002337951,0.00237784,0
A441K,0.010828249,0.011015669,0
A441L,0.005895058,0.005996756,0
A441M,0.004575068,0.00465383,0
A441N,0.000926044,0.000941399,0
A441P,0.001211689,0.001232007,0
A441Q,0.001532512,0.001558405,0
A441R,0.003142366,0.003196233,0
A441S,0.005862497,0.00596363,0
A441T,0.001535752,0.001561701,0
A441V,0.018923354,0.019251438,0
A441W,0.002089191,0.002124757,0
A441Y,0.003973616,0.004041927,0
E442A,0.005987503,0.006090808,0
E442C,0.000274234,0.000278263,0
E442D,0.206226923,0.209809673,1
E442F,0.016290064,0.01657239,0
E442G,0.041844218,0.042570584,0
E442H,0.001436442,0.001460666,0
E442I,0.001893006,0.001925163,0
E442K,0.002978079,0.003029091,0
E442L,0.000139002,0.000140681,0
E442M,0.010820875,0.011008167,0
E442N,0.012016064,0.012224124,0
E442P,0.00092635,0.00094171,0
E442Q,0.008330697,0.008474718,0
E442R,0.000857572,0.000871737,0
E442S,0.000886938,0.000901613,0
E442T,0.00347988,0.003539611,0
E442V,0.002540024,0.002583424,0
E442W,0.009599265,0.009765329,0
E442Y,0.010957848,0.01114752,0
L443A,0.007990661,0.008128774,0
L443C,0.051526073,0.052420675,0
L443D,0.001053828,0.001071403,0
L443E,0.001159805,0.001179222,0
L443F,0.037500491,0.038151379,0
L443G,0.000994498,0.001011042,0
L443H,0.006033071,0.006137168,0
L443I,0.027181325,0.027652903,0
L443K,0.001282245,0.001303789,0
L443M,0.08825299,0.089785775,0
L443N,0.005465497,0.005559731,0
L443P,0.001705194,0.001734088,0
L443Q,0.107041694,0.108900959,1
L443R,0.002719888,0.002766413,0
L443S,0.002468223,0.002510375,0
L443T,0.081480531,0.082895635,0
L443V,0.127005554,0.12921172,1
L443W,0.022560648,0.022951935,0
L443Y,0.004045145,0.004114699,0
L444A,0.091475799,0.093064585,0
L444C,0.003605546,0.003667461,0
L444D,0.001190871,0.001210828,0
L444E,0.011973177,0.012180491,0
L444F,0.023543981,0.023952355,0
L444G,0.000978772,0.000995043,0
L444H,0.001976982,0.002010598,0
L444I,0.279172277,0.284022557,1
L444K,0.000697358,0.000708739,0
L444M,0.081901833,0.083324257,0
L444N,0.001024111,0.00104117,0
L444P,0.000318144,0.000322936,0
L444Q,0.046969132,0.047784551,0
L444R,0.001100564,0.001118951,0
L444S,0.003938339,0.004006037,0
L444T,0.005390889,0.005483827,0
L444V,0.042164443,0.042896374,0
L444W,0.016840587,0.01713248,0
L444Y,0.023203088,0.023605538,0
V445A,0.000936228,0.00095176,0
V445C,0.000737901,0.000749987,0
V445D,0.000404271,0.000410559,0
V445E,0.001294819,0.001316582,0
V445F,0.001525519,0.00155129,0
V445G,0.001339349,0.001361886,0
V445H,0.000767952,0.00078056,0
V445I,0.020449555,0.020804159,0
V445K,0.000911472,0.000926574,0
V445L,0.002794416,0.002842236,0
V445M,0.000454505,0.000461666,0
V445N,0.001622067,0.001649516,0
V445P,0.00042251,0.000429115,0
V445Q,0.001344846,0.001367478,0
V445R,0.000365774,0.000371393,0
V445S,0.00026043,0.000264219,0
V445T,0.560665043,0.570406661,1
V445W,0.009846106,0.01001646,0
V445Y,0.003208846,0.003263868,0
A446C,0.00412162,0.004192502,0
A446D,0.014604188,0.01485722,0
A446E,0.024265445,0.024686355,0
A446F,0.002168108,0.002205045,0
A446G,0.008320419,0.008464262,0
A446H,0.006559802,0.006673051,0
A446I,0.002314219,0.002353695,0
A446K,0.028835142,0.029335457,0
A446L,0.029491735,0.030003459,0
A446M,0.025542294,0.025985391,0
A446N,0.268696173,0.273364415,1
A446P,0.00022056,0.000223656,0
A446Q,0.049111331,0.049963974,0
A446R,0.057100374,0.058091838,0
A446S,0.185389857,0.188610533,1
A446T,0.0528762,0.053794263,0
A446V,0.003724594,0.003788578,0
A446W,0.002786045,0.00283372,0
A446Y,0.006278311,0.006386669,0
L447A,0.0082143,0.008356299,0
L447C,0.000777683,0.00079046,0
L447D,0.004739718,0.004821341,0
L447E,0.041806863,0.04253258,0
L447F,0.047463305,0.048287311,0
L447G,0.000421084,0.000427664,0
L447H,0.008496168,0.008643064,0
L447I,0.048318714,0.049157584,0
L447K,0.001428167,0.001452247,0
L447M,0.091890992,0.093486992,0
L447N,0.003780123,0.003845071,0
L447P,0.001057931,0.001075577,0
L447Q,0.005763349,0.005862759,0
L447R,0.00372516,0.003789153,0
L447S,0.014086176,0.014330207,0
L447T,0.031361863,0.031906083,0
L447V,0.170272253,0.173230239,1
L447W,0.039994695,0.040688923,0
L447Y,0.121483454,0.123593666,1
E448A,0.000663814,0.000674612,0
E448C,0.002710678,0.002757043,0
E448D,0.008758873,0.008910334,0
E448F,0.002107909,0.0021438,0
E448G,0.011310297,0.011506093,0
E448H,0.00384428,0.003910343,0
E448I,0.00157047,0.001597023,0
E448K,0.017486533,0.01778965,0
E448L,0.00189821,0.001930458,0
E448M,0.003901938,0.003969003,0
E448N,0.059420391,0.060452168,0
E448P,0.000248935,0.000252524,0
E448Q,0.010818878,0.011006135,0
E448R,0.000364966,0.000370571,0
E448S,0.005133384,0.005221847,0
E448T,0.001475321,0.00150022,0
E448V,0.001589225,0.001616103,0
E448W,0.001316303,0.001338439,0
E448Y,0.000938764,0.00095434,0
N449A,0.005644541,0.005741886,0
N449C,0.001528833,0.001554662,0
N449D,0.011548387,0.01174832,0
N449E,0.004286465,0.004360212,0
N449F,0.005299397,0.005390745,0
N449G,0.001785153,0.001815436,0
N449H,0.003586472,0.003648055,0
N449I,0.002056251,0.002091245,0
N449K,0.014496239,0.014747395,0
N449L,0.002112385,0.002148354,0
N449M,0.005040829,0.005127684,0
N449P,0.000724967,0.000736828,0
N449Q,0.004841477,0.004924868,0
N449R,0.017886532,0.018196599,0
N449S,0.042906658,0.043651486,0
N449T,0.001077362,0.001095346,0
N449V,0.000962819,0.000978813,0
N449W,0.027720056,0.028200995,0
N449Y,0.007375021,0.007502436,0
Q450A,0.001187484,0.001207382,0
Q450C,0.002132637,0.002168958,0
Q450D,0.0065255,0.006638153,0
Q450E,0.132822513,0.135129757,1
Q450F,0.012539959,0.012757122,0
Q450G,0.009836022,0.0100062,0
Q450H,0.005805296,0.005905435,0
Q450I,0.001938856,0.00197181,0
Q450K,0.015518096,0.015787008,0
Q450L,0.007145128,0.007268548,0
Q450M,0.004275897,0.00434946,0
Q450N,0.004858936,0.00494263,0
Q450P,0.0012895,0.00131117,0
Q450R,0.000562125,0.000571156,0
Q450S,0.014996012,0.015255852,0
Q450T,0.105134073,0.106960191,1
Q450V,0.010513597,0.010695549,0
Q450W,0.011420169,0.011617874,0
Q450Y,0.002010514,0.002044713,0
H451A,0.025858638,0.026307232,0
H451C,0.000542358,0.000551046,0
H451D,0.00334508,0.003402469,0
H451E,0.104286014,0.106097396,1
H451F,0.015829609,0.016103934,0
H451G,0.009693759,0.009861465,0
H451I,0.011586193,0.011786783,0
H451K,0.013513659,0.013747742,0
H451L,0.016120456,0.016399835,0
H451M,0.07151557,0.072757518,0
H451N,0.008790553,0.008942565,0
H451P,0.003102796,0.003155975,0
H451Q,0.104498713,0.10631379,1
H451R,0.022924128,0.023321731,0
H451S,0.000653285,0.0006639,0
H451T,0.003883904,0.003950656,0
H451V,0.007131696,0.007254883,0
H451W,0.015245899,0.015510082,0
H451Y,0.007665022,0.007797476,0
T452A,0.0023794,0.002420009,0
T452C,0.000306945,0.000311542,0
T452D,0.001280292,0.001301802,0
T452E,0.000716532,0.000728246,0
T452F,0.001993925,0.002027836,0
T452G,0.000340197,0.000345372,0
T452H,0.000311845,0.000316527,0
T452I,0.05804604,0.059053936,0
T452K,0.001157735,0.001177116,0
T452L,0.002489561,0.002532084,0
T452M,0.012086273,0.012295553,0
T452N,0.000327933,0.000332895,0
T452P,0.010459029,0.010640033,0
T452Q,0.002330531,0.002370291,0
T452R,0.000227969,0.000231194,0
T452S,0.001488741,0.001513873,0
T452V,0.047878978,0.048710207,0
T452W,0.000432887,0.000439672,0
T452Y,0.001139827,0.001158897,0
I453A,0.00307938,0.003132152,0
I453C,0.000819114,0.000832611,0
I453D,0.000578555,0.000587872,0
I453E,0.001994183,0.002028098,0
I453F,0.000900827,0.000915744,0
I453G,0.012057927,0.012266714,0
I453H,0.004838314,0.00492165,0
I453K,0.001530737,0.001556599,0
I453L,0.165653527,0.168531257,1
I453M,0.018709935,0.01903431,0
I453N,0.001084602,0.001102712,0
I453P,0.000502119,0.000510107,0
I453Q,0.010270951,0.010448687,0
I453R,0.002247805,0.002286127,0
I453S,0.000777353,0.000790124,0
I453T,0.001336706,0.001359197,0
I453V,0.204376261,0.207926853,1
I453W,0.000422043,0.00042864,0
I453Y,0.032016296,0.032571888,0
D454A,0.067271674,0.068439879,0
D454C,0.000763014,0.000775536,0
D454E,0.215271915,0.219011835,1
D454F,0.014411672,0.014661359,0
D454G,0.002270036,0.002308745,0
D454H,0.126960566,0.12916595,1
D454I,0.011667656,0.011869662,0
D454K,0.007099401,0.007222027,0
D454L,0.011895432,0.012101396,0
D454M,0.030763501,0.031297324,0
D454N,0.004281119,0.004354773,0
D454P,0.000404619,0.000410913,0
D454Q,0.03984476,0.040536383,0
D454R,0.002089216,0.002124783,0
D454S,0.009959081,0.010131398,0
D454T,0.031713998,0.032264337,0
D454V,0.01194666,0.012153514,0
D454W,0.026974402,0.027442384,0
D454Y,0.014563122,0.01481544,0
L455A,0.05995762,0.060998733,0
L455C,0.001464297,0.001489005,0
L455D,0.00112874,0.001147617,0
L455E,0.001811098,0.001841832,0
L455F,0.08496533,0.086440987,0
L455G,0.000456397,0.000463591,0
L455H,0.002303315,0.002342602,0
L455I,0.01147493,0.011673587,0
L455K,0.003536611,0.003597328,0
L455M,0.198958481,0.202414932,1
L455N,0.003242515,0.003298122,0
L455P,0.00548625,0.005580845,0
L455Q,0.017861326,0.018170955,0
L455R,0.000397079,0.000403242,0
L455S,0.001972496,0.002006034,0
L455T,0.02831002,0.02880121,0
L455V,0.171155773,0.174129112,1
L455W,0.051346121,0.052237596,0
L455Y,0.062818745,0.063909574,0
T456A,0.035433812,0.036048788,0
T456C,0.056657941,0.057641717,0
T456D,0.004107822,0.004178465,0
T456E,0.007825382,0.007960623,0
T456F,0.057178406,0.058171226,0
T456G,0.003614929,0.003677007,0
T456H,0.00098772,0.001004146,0
T456I,0.004942273,0.005027415,0
T456K,0.001167871,0.001187428,0
T456L,0.181413647,0.184565231,1
T456M,0.046302945,0.047106788,0
T456N,0.012216738,0.012428285,0
T456P,0.001615003,0.001642329,0
T456Q,0.00208502,0.002120514,0
T456R,0.000653186,0.000663799,0
T456S,0.00198344,0.002017169,0
T456V,0.000624636,0.000634753,0
T456W,0.002053821,0.002088772,0
T456Y,0.004127397,0.00419838,0
D457A,0.149819574,0.152422166,1
D457C,0.000937928,0.000953489,0
D457E,0.055643684,0.056609836,0
D457F,0.009966367,0.01013881,0
D457G,0.002963141,0.003013893,0
D457H,0.00113745,0.001156478,0
D457I,0.003687901,0.003751247,0
D457K,0.006192468,0.006299334,0
D457L,0.000958532,0.000974451,0
D457M,0.027490445,0.027967394,0
D457N,0.011048189,0.01123943,0
D457P,0.001564956,0.001591413,0
D457Q,0.042480452,0.043217874,0
D457R,0.00318463,0.003239231,0
D457S,0.006694594,0.006810186,0
D457T,0.019098264,0.019429387,0
D457V,0.006206851,0.006313967,0
D457W,0.011965159,0.012172334,0
D457Y,0.014111526,0.014355997,0
S458A,0.048497236,0.049339208,0
S458C,0.004966093,0.005051649,0
S458D,0.25618151,0.260632292,1
S458E,0.041458095,0.042177752,0
S458F,0.012521722,0.012738568,0
S458G,0.097973094,0.09967478,0
S458H,0.098031284,0.099733981,0
S458I,0.035861577,0.036483986,0
S458K,0.022159475,0.022543791,0
S458L,0.048376755,0.049216633,0
S458M,0.014670405,0.014924588,0
S458N,0.110631672,0.112553318,1
S458P,0.000993054,0.001009573,0
S458Q,0.035787168,0.036408284,0
S458R,0.029486019,0.029997644,0
S458T,0.029037661,0.029541495,0
S458V,0.003442266,0.003501344,0
S458W,0.014179007,0.014424651,0
S458Y,0.021644305,0.022019669,0
E459A,0.041425807,0.042144903,0
E459C,0.006559466,0.006672709,0
E459D,0.011272167,0.0114673,0
E459F,0.110188372,0.112102315,1
E459G,0.00041911,0.000425656,0
E459H,0.026366121,0.026823533,0
E459I,0.013783077,0.014021841,0
E459K,0.056687174,0.057671458,0
E459L,0.051612511,0.052508615,0
E459M,0.020522088,0.020877952,0
E459N,0.006489476,0.006601503,0
E459P,0.000979335,0.000995616,0
E459Q,0.069334861,0.070538916,0
E459R,0.001074715,0.001092653,0
E459S,0.017847058,0.018156439,0
E459T,0.142534422,0.145010424,1
E459V,0.056431133,0.057410968,0
E459W,0.028765263,0.029264364,0
E459Y,0.045563709,0.046354707,0
M460A,0.002874154,0.00292336,0
M460C,0.000650543,0.000661111,0
M460D,0.001713032,0.001742062,0
M460E,0.002911055,0.002960902,0
M460F,0.00826857,0.008411512,0
M460G,0.002243992,0.002282248,0
M460H,0.001381269,0.001404534,0
M460I,0.016990773,0.017285275,0
M460K,0.011521176,0.011720636,0
M460L,0.0021414,0.002177873,0
M460N,0.001361661,0.001384585,0
M460P,0.050377398,0.051252041,0
M460Q,0.006412475,0.006523164,0
M460R,0.002463769,0.002505844,0
M460S,0.003273717,0.003329866,0
M460T,0.047825276,0.048655572,0
M460V,0.01539817,0.015664999,0
M460W,0.147958469,0.150528722,1
M460Y,0.012306792,0.012519903,0
N461A,0.040100826,0.040796898,0
N461C,0.01017583,0.010351913,0
N461D,0.009437602,0.009600857,0
N461E,0.058881681,0.059904098,0
N461F,0.001582903,0.001609672,0
N461G,0.070627372,0.071853887,0
N461H,0.00503658,0.005123361,0
N461I,0.008722552,0.008873382,0
N461K,0.266811266,0.271446755,1
N461L,0.027413737,0.027889353,0
N461M,0.028731787,0.029230306,0
N461P,0.000676766,0.000687789,0
N461Q,0.122537591,0.12466612,1
N461R,0.055176755,0.056134793,0
N461S,0.133233936,0.135548329,1
N461T,0.044918507,0.045698293,0
N461V,0.035101167,0.035710363,0
N461W,0.001839587,0.001870816,0
N461Y,0.00925129,0.009411308,0
K462A,0.045765825,0.046560335,0
K462C,0.002930945,0.002981138,0
K462D,0.001655738,0.001683772,0
K462E,0.007236791,0.007361804,0
K462F,0.008238864,0.008381289,0
K462G,0.017303771,0.017603712,0
K462H,0.040865898,0.041575265,0
K462I,0.027239323,0.027711908,0
K462L,0.049139367,0.049992497,0
K462M,0.008585864,0.008734319,0
K462N,0.035716904,0.0363368,0
K462P,0.000583802,0.00059321,0
K462Q,0.364129947,0.370456487,1
K462R,0.075077858,0.076381706,0
K462S,0.053637033,0.054568316,0
K462T,0.016875184,0.017167678,0
K462V,0.013086594,0.013313256,0
K462W,0.007343762,0.007470634,0
K462Y,0.004328252,0.004402725,0
L463A,0.001658789,0.001686876,0
L463C,0.004242021,0.004314996,0
L463D,0.002066674,0.002101849,0
L463E,0.001354332,0.001377129,0
L463F,0.00950595,0.009670393,0
L463G,0.000750261,0.000762561,0
L463H,0.002574658,0.00261866,0
L463I,0.010362302,0.010541625,0
L463K,0.00078068,0.000793509,0
L463M,0.009002807,0.009158507,0
L463N,0.005359162,0.005451548,0
L463P,0.003718172,0.003782044,0
L463Q,0.008796114,0.008948222,0
L463R,0.000842868,0.000856777,0
L463S,0.011926122,0.012132619,0
L463T,0.000691087,0.000702359,0
L463V,0.007102672,0.007225354,0
L463W,0.000937671,0.000953228,0
L463Y,0.004336054,0.004410663,0
F464A,0.002978712,0.003029735,0
F464C,0.001256906,0.00127801,0
F464D,0.001203853,0.001224035,0
F464E,0.102478278,0.104258248,1
F464G,0.0000573,0.0000576,0
F464H,0.012718693,0.012938962,0
F464I,0.007620527,0.007752208,0
F464K,0.000353777,0.000359188,0
F464L,0.002989678,0.003040891,0
F464M,0.006960446,0.007080657,0
F464N,0.00110618,0.001124665,0
F464P,0.001426232,0.001450278,0
F464Q,0.001787292,0.001817612,0
F464R,0.000977295,0.00099354,0
F464S,0.001029085,0.00104623,0
F464T,0.00115985,0.001179267,0
F464V,0.033998176,0.034588206,0
F464W,0.195723403,0.199123639,1
F464Y,0.113305663,0.115273774,1
E465A,0.030215456,0.030739756,0
E465C,0.002075533,0.002110862,0
E465D,0.008816915,0.008969385,0
E465F,0.001878659,0.001910567,0
E465G,0.003738844,0.003803075,0
E465H,0.007581669,0.007712675,0
E465I,0.014183222,0.014428939,0
E465K,0.006897921,0.007017046,0
E465L,0.060896741,0.061954172,0
E465M,0.658900708,0.67034931,1
E465N,0.000253865,0.00025754,0
E465P,0.0000928,0.0000937,0
E465Q,0.03042348,0.030951395,0
E465R,0.00327125,0.003327356,0
E465S,0.023788114,0.02420073,0
E465T,0.013253362,0.013482921,0
E465V,0.018254885,0.018571353,0
E465W,0.006478457,0.006590293,0
E465Y,0.012518206,0.012734991,0
K466A,0.050101981,0.050971838,0
K466C,0.000693717,0.000705035,0
K466D,0.059836286,0.06087529,0
K466E,0.034651745,0.035253132,0
K466F,0.018105366,0.018419236,0
K466G,0.013668335,0.013905105,0
K466H,0.060764439,0.061819571,0
K466I,0.005125258,0.00521358,0
K466L,0.014790867,0.015047143,0
K466M,0.053931136,0.05486753,0
K466N,0.046221971,0.047024407,0
K466P,0.000457106,0.000464312,0
K466Q,0.02163832,0.02201358,0
K466R,0.223944639,0.22783526,1
K466S,0.06749988,0.06867205,0
K466T,0.064970249,0.066098463,0
K466V,0.038229552,0.038893108,0
K466W,0.010790623,0.010977389,0
K466Y,0.093447965,0.09507102,0
T467A,0.001756226,0.001786006,0
T467C,0.008204073,0.008345894,0
T467D,0.003419486,0.003478168,0
T467E,0.000418549,0.000425085,0
T467F,0.002368292,0.002408708,0
T467G,0.002844399,0.002893088,0
T467H,0.005728095,0.005826892,0
T467I,0.01325708,0.013486704,0
T467K,0.005871014,0.005972295,0
T467L,0.002880744,0.002930064,0
T467M,0.005348224,0.00544042,0
T467N,0.00238528,0.002425991,0
T467P,0.012599856,0.01281806,0
T467Q,0.001077764,0.001095755,0
T467R,0.001407494,0.001431215,0
T467S,0.00072173,0.000733535,0
T467V,0.313447824,0.31889369,1
T467W,0.001211687,0.001232005,0
T467Y,0.00038702,0.000393008,0
K468A,0.042356929,0.043092204,0
K468C,0.001966035,0.001999461,0
K468D,0.004429033,0.004505257,0
K468E,0.056545317,0.057527136,0
K468F,0.004239697,0.004312631,0
K468G,0.03047404,0.031002833,0
K468H,0.004140694,0.004211908,0
K468I,0.001652572,0.001680551,0
K468L,0.001501645,0.001527002,0
K468M,0.007302287,0.007428438,0
K468N,0.018807264,0.01913333,0
K468P,0.000326769,0.00033171,0
K468Q,0.004213286,0.004285761,0
K468R,0.211947251,0.2156294,1
K468S,0.046987732,0.047803474,0
K468T,0.044399366,0.045170132,0
K468V,0.004977888,0.005063649,0
K468W,0.003373311,0.003431191,0
K468Y,0.000346168,0.000351447,0
K469A,0.070442166,0.071665462,0
K469C,0.015177546,0.015440541,0
K469D,0.014211296,0.014457501,0
K469E,0.033602165,0.034185314,0
K469F,0.013297486,0.013527812,0
K469G,0.022190742,0.022575601,0
K469H,0.033443252,0.03402364,0
K469I,0.051824929,0.052724724,0
K469L,0.119627408,0.121705368,1
K469M,0.110307286,0.112223296,1
K469N,0.113015379,0.114978446,1
K469P,0.000397928,0.000404106,0
K469Q,0.035622086,0.036240334,0
K469R,0.040603831,0.041308644,0
K469S,0.080691081,0.082092467,0
K469T,0.05253841,0.053450603,0
K469V,0.014842618,0.015099793,0
K469W,0.016980925,0.017275256,0
K469Y,0.04420638,0.044973792,0
Q470A,0.022004897,0.022386527,0
Q470C,0.010004304,0.010177406,0
Q470D,0.007924175,0.008061132,0
Q470E,0.002183055,0.002220252,0
Q470F,0.008655613,0.00880528,0
Q470G,0.000537024,0.000545619,0
Q470H,0.003816407,0.003881986,0
Q470I,0.056905965,0.057894051,0
Q470K,0.015545448,0.015814836,0
Q470L,0.177288468,0.180368371,1
Q470M,0.442493938,0.450182164,1
Q470N,0.009987698,0.010160512,0
Q470P,0.003759293,0.003823879,0
Q470R,0.002271046,0.002309772,0
Q470S,0.014823994,0.015080845,0
Q470T,0.04539377,0.046181815,0
Q470V,0.058891441,0.059914027,0
Q470W,0.000354302,0.000359722,0
Q470Y,0.003285388,0.00334174,0
L471A,0.005995812,0.006099261,0
L471C,0.00293954,0.002989882,0
L471D,0.00078113,0.000793967,0
L471E,0.000522647,0.000530992,0
L471F,0.035254877,0.035866744,0
L471G,0.000634913,0.000645209,0
L471H,0.000657407,0.000668094,0
L471I,0.000485624,0.000493326,0
L471K,0.000659278,0.000669997,0
L471M,0.003659297,0.003722146,0
L471N,0.001106303,0.00112479,0
L471P,0.002579719,0.002623809,0
L471Q,0.003352149,0.003409661,0
L471R,0.001364367,0.001387338,0
L471S,0.002886752,0.002936177,0
L471T,0.000681361,0.000692464,0
L471V,0.000651555,0.00066214,0
L471W,0.000801325,0.000814513,0
L471Y,0.000960471,0.000976424,0
R472A,0.015752281,0.016025263,0
R472C,0.002296789,0.002335962,0
R472D,0.012158967,0.01236951,0
R472E,0.401234025,0.408205301,1
R472F,0.001685878,0.001714436,0
R472G,0.054989304,0.055944085,0
R472H,0.145645859,0.148175927,1
R472I,0.00099115,0.001007636,0
R472K,0.014212052,0.01445827,0
R472L,0.002710767,0.002757134,0
R472M,0.018494346,0.018814975,0
R472N,0.00903179,0.009187994,0
R472P,0.000387469,0.000393465,0
R472Q,0.02071447,0.021073677,0
R472S,0.035150661,0.035760717,0
R472T,0.000881294,0.000895871,0
R472V,0.001433439,0.00145761,0
R472W,0.003205659,0.003260625,0
R472Y,0.002884023,0.0029334,0
E473A,0.053161826,0.054084852,0
E473C,0.002053692,0.002088641,0
E473D,0.030224601,0.03074906,0
E473F,0.008363798,0.008508394,0
E473G,0.021297788,0.021667131,0
E473H,0.003967944,0.004036156,0
E473I,0.002730568,0.002777279,0
E473K,0.003444735,0.003503856,0
E473L,0.027279485,0.027752768,0
E473M,0.014220067,0.014466424,0
E473N,0.038909704,0.039585079,0
E473P,0.002580859,0.002624969,0
E473Q,0.013465975,0.013699229,0
E473R,0.001130283,0.001149187,0
E473S,0.068511611,0.069701361,0
E473T,0.022497931,0.022888128,0
E473V,0.001175912,0.001195609,0
E473W,0.007003861,0.007124826,0
E473Y,0.004797847,0.00488048,0
N474A,0.000892759,0.000907535,0
N474C,0.007837399,0.007972848,0
N474D,0.00638337,0.006493554,0
N474E,0.019051102,0.019381405,0
N474F,0.002155509,0.002192227,0
N474G,0.000283723,0.000287917,0
N474H,0.000883568,0.000898185,0
N474I,0.002254484,0.002292922,0
N474K,0.013540476,0.013775024,0
N474L,0.000381341,0.000387231,0
N474M,0.006664563,0.006779633,0
N474P,0.002558217,0.002601933,0
N474Q,0.001125975,0.001144804,0
N474R,0.000246477,0.000250023,0
N474S,0.002451876,0.002493744,0
N474T,0.000585809,0.000595252,0
N474V,0.016828065,0.01711974,0
N474W,0.000582256,0.000591637,0
N474Y,0.001842503,0.001873783,0
A475C,0.001422468,0.001446449,0
A475D,0.056592964,0.057575611,0
A475E,0.002124063,0.002160235,0
A475F,0.000878731,0.000893264,0
A475G,0.033925795,0.034514567,0
A475H,0.000160407,0.000162458,0
A475I,0.400313389,0.407268668,1
A475K,0.000271755,0.000275741,0
A475L,0.00191946,0.001952077,0
A475M,0.005850546,0.005951471,0
A475N,0.001983805,0.00201754,0
A475P,0.000665587,0.000676416,0
A475Q,0.008079566,0.008219223,0
A475R,0.000535374,0.00054394,0
A475S,0.016773182,0.017063903,0
A475T,0.008252627,0.008395292,0
A475V,0.000435976,0.000442815,0
A475W,0.00097979,0.000996079,0
A475Y,0.001035214,0.001052466,0
E476A,0.002522203,0.002565293,0
E476C,0.000370936,0.000376645,0
E476D,0.010273528,0.010451309,0
E476F,0.196683861,0.200100787,1
E476G,0.005062278,0.005149506,0
E476H,0.001518128,0.001543771,0
E476I,0.007976098,0.008113957,0
E476K,0.055756117,0.056724222,0
E476L,0.003122183,0.003175699,0
E476M,0.003406258,0.00346471,0
E476N,0.050497823,0.051374558,0
E476P,0.006673494,0.006788719,0
E476Q,0.001777594,0.001807746,0
E476R,0.000562437,0.000571474,0
E476S,0.00501169,0.005098039,0
E476T,0.025734076,0.026180506,0
E476V,0.266342088,0.270969425,1
E476W,0.00086653,0.000880851,0
E476Y,0.004591522,0.00467057,0
D477A,0.003382617,0.003440658,0
D477C,0.065609019,0.066748333,0
D477E,0.012283382,0.012496087,0
D477F,0.004976731,0.005062472,0
D477G,0.090750379,0.09232656,0
D477H,0.033827417,0.03441448,0
D477I,0.055610287,0.056575858,0
D477K,0.04901538,0.049866355,0
D477L,0.009906564,0.010077968,0
D477M,0.000838265,0.000852094,0
D477N,0.095646138,0.097307389,0
D477P,0.005949706,0.006052354,0
D477Q,0.001525908,0.001551686,0
D477R,0.002208127,0.00224576,0
D477S,0.009399613,0.009562208,0
D477T,0.005926893,0.006029145,0
D477V,0.004853498,0.004937098,0
D477W,0.01991322,0.020258504,0
D477Y,0.001271252,0.001292605,0
M478A,0.001077552,0.001095539,0
M478C,0.000605859,0.00061565,0
M478D,0.015246523,0.015510716,0
M478E,0.020308919,0.020661079,0
M478F,0.000234171,0.000237503,0
M478G,0.000388386,0.000394398,0
M478H,0.000421479,0.000428066,0
M478I,0.212456283,0.216147277,1
M478K,0.003076098,0.003128813,0
M478L,0.177971803,0.18106358,1
M478N,0.000101823,0.000102856,0
M478P,0.000355383,0.000360822,0
M478Q,0.242183814,0.246391366,1
M478R,0.00040825,0.000414607,0
M478S,0.001139173,0.001158231,0
M478T,0.12868475,0.130920094,1
M478V,0.011455579,0.011653899,0
M478W,0.000606015,0.000615809,0
M478Y,0.000947963,0.000963699,0
G479A,0.034184091,0.034777352,0
G479C,0.068831828,0.070027143,0
G479D,0.003513813,0.003574134,0
G479E,0.001617085,0.001644448,0
G479F,0.001791261,0.00182165,0
G479H,0.005046559,0.005133514,0
G479I,0.002129665,0.002165934,0
G479K,0.005248635,0.005339101,0
G479L,0.00336896,0.003426764,0
G479M,0.01578346,0.016056984,0
G479N,0.004313772,0.004387993,0
G479P,0.002161081,0.002197896,0
G479Q,0.016760178,0.017050673,0
G479R,0.016039312,0.016317281,0
G479S,0.16404995,0.166899815,1
G479T,0.000789817,0.000802805,0
G479V,0.003276771,0.003332973,0
G479W,0.001493446,0.00151866,0
G479Y,0.019234236,0.019567722,0
N480A,0.003182361,0.003236922,0
N480C,0.003424877,0.003483653,0
N480D,0.014854328,0.015111707,0
N480E,0.000194353,0.000196994,0
N480F,0.008429167,0.008574899,0
N480G,0.004269314,0.004342763,0
N480H,0.017540342,0.017844394,0
N480I,0.004143043,0.004214298,0
N480K,0.004505971,0.004583532,0
N480L,0.003927962,0.003995479,0
N480M,0.003116904,0.003170328,0
N480P,0.014343465,0.014591967,0
N480Q,0.005609705,0.005706445,0
N480R,0.001670773,0.001699068,0
N480S,0.011160796,0.011353994,0
N480T,0.044415529,0.045186576,0
N480V,0.165985087,0.168868578,1
N480W,0.002753836,0.002800951,0
N480Y,0.013087754,0.013314436,0
G481A,0.001947849,0.001980959,0
G481C,0.012454223,0.012669896,0
G481D,0.004984714,0.005070594,0
G481E,0.003621199,0.003683386,0
G481F,0.003119293,0.003172759,0
G481H,0.00276422,0.002811516,0
G481I,0.000582405,0.000591789,0
G481K,0.000595478,0.000605089,0
G481L,0.021651702,0.022027195,0
G481M,0.004341003,0.004415698,0
G481N,0.001552057,0.00157829,0
G481P,0.00745209,0.007580844,0
G481Q,0.101974009,0.103745216,1
G481R,0.003185691,0.00324031,0
G481S,0.00879507,0.00894716,0
G481T,0.000910608,0.000925695,0
G481V,0.00115966,0.001179074,0
G481W,0.020183504,0.020533485,0
G481Y,0.020437101,0.020791488,0
C482A,0.042742754,0.043484734,0
C482D,0.003580846,0.003642332,0
C482E,0.001592559,0.001619495,0
C482F,0.004504051,0.004581579,0
C482G,0.000286225,0.000290462,0
C482H,0.000337878,0.000343013,0
C482I,0.007687902,0.007820754,0
C482K,0.001676098,0.001704486,0
C482L,0.033717087,0.034302233,0
C482M,0.002492149,0.002534717,0
C482N,0.001317393,0.001339548,0
C482P,0.024762158,0.025191699,0
C482Q,0.003214041,0.003269153,0
C482R,0.002104341,0.00214017,0
C482S,0.005072352,0.005159755,0
C482T,0.002506611,0.00254943,0
C482V,0.000468116,0.000475514,0
C482W,0.3554634,0.361639347,1
C482Y,0.00729222,0.007418196,0
F483A,0.006475214,0.006586993,0
F483C,0.003534559,0.00359524,0
F483D,0.020279878,0.020631533,0
F483E,0.00159788,0.001624909,0
F483G,0.006724934,0.006841053,0
F483H,0.002997594,0.003048945,0
F483I,0.010307419,0.010485789,0
F483K,0.001970648,0.002004154,0
F483L,0.239197854,0.243353521,1
F483M,0.009331764,0.00949318,0
F483N,0.007761822,0.007895958,0
F483P,0.002696924,0.00274305,0
F483Q,0.000991019,0.001007503,0
F483R,0.009036361,0.009192644,0
F483S,0.005300268,0.005391631,0
F483T,0.001912392,0.001944886,0
F483V,0.012508399,0.012725014,0
F483W,0.000894926,0.00090974,0
F483Y,0.001194738,0.001214762,0
K484A,0.002863514,0.002912535,0
K484C,0.007116511,0.007239434,0
K484D,0.000926713,0.000942079,0
K484E,0.003138436,0.003192234,0
K484F,0.033882277,0.034470293,0
K484G,0.003591663,0.003653337,0
K484H,0.047458415,0.048282336,0
K484I,0.024213385,0.02463339,0
K484L,0.124139555,0.12629592,1
K484M,0.216646563,0.220410369,1
K484N,0.001175128,0.001194811,0
K484P,0.001416278,0.001440151,0
K484Q,0.037801113,0.038457225,0
K484R,0.074903849,0.076204674,0
K484S,0.010408002,0.010588119,0
K484T,0.12100744,0.12310938,1
K484V,0.013008522,0.013233827,0
K484W,0.014119222,0.014363827,0
K484Y,0.029972558,0.030492637,0
I485A,0.002721178,0.002767726,0
I485C,0.02249205,0.022882145,0
I485D,0.000513998,0.000522193,0
I485E,0.002266116,0.002304756,0
I485F,0.000809,0.000822321,0
I485G,0.063588592,0.064692798,0
I485H,0.002590855,0.002635138,0
I485K,0.010077084,0.010251451,0
I485L,0.083096046,0.084539222,0
I485M,0.016701055,0.016990523,0
I485N,0.033314605,0.033892757,0
I485P,0.003082093,0.003134912,0
I485Q,0.032029407,0.032585227,0
I485R,0.004075217,0.004145293,0
I485S,0.001908749,0.00194118,0
I485T,0.023636054,0.024046028,0
I485V,0.011605386,0.01180631,0
I485W,0.000648393,0.000658923,0
I485Y,0.003700699,0.003764267,0
Y486A,0.004920981,0.005005753,0
Y486C,0.015087675,0.015349108,0
Y486D,0.000623469,0.000633566,0
Y486E,0.031748719,0.032299662,0
Y486F,0.069709166,0.070919726,0
Y486G,0.005075115,0.005162566,0
Y486H,0.236626382,0.240737366,1
Y486I,0.000718531,0.00073028,0
Y486K,0.109922,0.111831315,1
Y486L,0.014981461,0.015241049,0
Y486M,0.002970669,0.003021552,0
Y486N,0.044566977,0.045340655,0
Y486P,0.000354814,0.000360243,0
Y486Q,0.002241286,0.002279495,0
Y486R,0.012384029,0.012598483,0
Y486S,0.000449071,0.000456138,0
Y486T,0.000281308,0.00028546,0
Y486V,0.015033262,0.01529375,0
Y486W,0.165487394,0.168362237,1
H487A,0.001653904,0.001681906,0
H487C,0.042119161,0.042850305,0
H487D,0.058748237,0.059768335,0
H487E,0.00356482,0.003626027,0
H487F,0.013256571,0.013486186,0
H487G,0.012050672,0.012259333,0
H487I,0.000841414,0.000855298,0
H487K,0.003616445,0.003678549,0
H487L,0.000646636,0.000657136,0
H487M,0.007768509,0.007902761,0
H487N,0.042552913,0.043291594,0
H487P,0.00475779,0.004839727,0
H487Q,0.006255631,0.006363595,0
H487R,0.193104382,0.196459109,1
H487S,0.002206903,0.002244515,0
H487T,0.000726941,0.000738836,0
H487V,0.002922969,0.002973023,0
H487W,0.033802964,0.034389602,0
H487Y,0.015416631,0.01568378,0
K488A,0.03509618,0.03570529,0
K488C,0.003459939,0.003519324,0
K488D,0.00341533,0.00347394,0
K488E,0.499619411,0.508300274,1
K488F,0.01497132,0.015230731,0
K488G,0.007611762,0.007743291,0
K488H,0.015942255,0.016218538,0
K488I,0.002903572,0.002953289,0
K488L,0.142933774,0.145416715,1
K488M,0.013685121,0.013922183,0
K488N,0.087319319,0.08883588,0
K488P,0.013801058,0.014040134,0
K488Q,0.021126891,0.021493264,0
K488R,0.034820466,0.035424785,0
K488S,0.013507692,0.013741671,0
K488T,0.011713012,0.011915806,0
K488V,0.007147214,0.00727067,0
K488W,0.002502491,0.002545239,0
K488Y,0.007152941,0.007276497,0
C489A,0.023345369,0.023750291,0
C489D,0.002628576,0.002673515,0
C489E,0.01168987,0.011892262,0
C489F,0.005531974,0.005627363,0
C489G,0.002749315,0.002796352,0
C489H,0.006483008,0.006594923,0
C489I,0.002401313,0.002442303,0
C489K,0.004580337,0.00465919,0
C489L,0.031906362,0.032460044,0
C489M,0.002002435,0.002036494,0
C489N,0.053566198,0.05449625,0
C489P,0.007341591,0.007468425,0
C489Q,0.001105372,0.001123843,0
C489R,0.001506181,0.001531616,0
C489S,0.000893077,0.000907859,0
C489T,0.000777685,0.000790462,0
C489V,0.004251135,0.004324268,0
C489W,0.003486816,0.003546668,0
C489Y,0.009779326,0.009948519,0
D490A,0.000140781,0.000142491,0
D490C,0.001054297,0.00107188,0
D490E,0.000954258,0.000970103,0
D490F,0.00096006,0.000976006,0
D490G,0.005676504,0.005774405,0
D490H,0.000478576,0.000486155,0
D490I,0.002876437,0.002925683,0
D490K,0.002407084,0.002448174,0
D490L,0.000120863,0.000122227,0
D490M,0.001064474,0.001082234,0
D490N,0.028253127,0.028743329,0
D490P,0.373578649,0.380069374,1
D490Q,0.000293649,0.000298015,0
D490R,0.007275682,0.007401371,0
D490S,0.000691011,0.000702282,0
D490T,0.00175527,0.001785034,0
D490V,0.001221188,0.001241671,0
D490W,0.000588992,0.00059849,0
D490Y,0.012277061,0.012489656,0
N491A,0.007237831,0.007362862,0
N491C,0.000705683,0.000717209,0
N491D,0.614304863,0.624978549,1
N491E,0.022928697,0.023326379,0
N491F,0.002477587,0.002519902,0
N491G,0.016401586,0.01668585,0
N491H,0.012390793,0.012605364,0
N491I,0.011740804,0.011944081,0
N491K,0.004009346,0.004078278,0
N491L,0.010306406,0.010484758,0
N491M,0.006987438,0.007108118,0
N491P,0.001108049,0.001126566,0
N491Q,0.001669228,0.001697497,0
N491R,0.003080938,0.003133737,0
N491S,0.018642398,0.0189656,0
N491T,0.024370569,0.024793306,0
N491V,0.015128663,0.015390808,0
N491W,0.000341555,0.000346753,0
N491Y,0.003256919,0.003312776,0
A492C,0.000622215,0.00063229,0
A492D,0.070287594,0.071508205,0
A492E,0.107448992,0.109315335,1
A492F,0.017184299,0.017482164,0
A492G,0.138526967,0.140933334,1
A492H,0.059202266,0.060230253,0
A492I,0.033719425,0.034304611,0
A492K,0.022403608,0.022792166,0
A492L,0.010306368,0.010484719,0
A492M,0.035071338,0.035680016,0
A492N,0.054998415,0.055953354,0
A492P,0.003758537,0.00382311,0
A492Q,0.041557622,0.042279008,0
A492R,0.03265343,0.033220093,0
A492S,0.096154518,0.097824603,0
A492T,0.038307532,0.038972443,0
A492V,0.031967107,0.032521844,0
A492W,0.070284225,0.071504777,0
A492Y,0.079323449,0.08070107,0
C493A,0.007354612,0.007481672,0
C493D,0.004860475,0.004944196,0
C493E,0.002286079,0.002325066,0
C493F,0.008873449,0.009026901,0
C493G,0.001243448,0.001264318,0
C493H,0.001887072,0.001919126,0
C493I,0.000820592,0.000834114,0
C493K,0.001635723,0.001663409,0
C493L,0.028325323,0.028816779,0
C493M,0.005161187,0.005250133,0
C493N,0.004942557,0.005027704,0
C493P,0.000990357,0.001006829,0
C493Q,0.001872573,0.001904375,0
C493R,0.002458203,0.002500181,0
C493S,0.024667007,0.025094895,0
C493T,0.001754436,0.001784185,0
C493V,0.005669459,0.005767237,0
C493W,0.026729708,0.027193438,0
C493Y,0.138722485,0.141132249,1
I494A,0.001595335,0.00162232,0
I494C,0.000900619,0.000915532,0
I494D,0.001697287,0.001726043,0
I494E,0.023894634,0.024309101,0
I494F,0.019285958,0.019620342,0
I494G,0.006711269,0.00682715,0
I494H,0.000713712,0.000725377,0
I494K,0.003210629,0.003265682,0
I494L,0.113711967,0.115687138,1
I494M,0.033274752,0.033852212,0
I494N,0.006500366,0.006612583,0
I494P,0.009112873,0.009270486,0
I494Q,0.001153284,0.001172587,0
I494R,0.002567098,0.002610968,0
I494S,0.001122793,0.001141567,0
I494T,0.003671556,0.003734618,0
I494V,0.040738482,0.041445635,0
I494W,0.001821677,0.001852595,0
I494Y,0.022752794,0.02314742,0
G495A,0.174660665,0.177694906,1
G495C,0.00513488,0.005223369,0
G495D,0.045872492,0.046668855,0
G495E,0.134919828,0.137263516,1
G495F,0.011845649,0.012050747,0
G495H,0.071192535,0.07242887,0
G495I,0.026044243,0.026496062,0
G495K,0.012434233,0.012649559,0
G495L,0.024971495,0.025404674,0
G495M,0.06795073,0.069130734,0
G495N,0.053863519,0.054798738,0
G495P,0.000616982,0.000626966,0
G495Q,0.108635205,0.11052216,1
G495R,0.03195983,0.032514441,0
G495S,0.049061779,0.049913561,0
G495T,0.033082305,0.033656421,0
G495V,0.035498474,0.036114574,0
G495W,0.040901454,0.041611438,0
G495Y,0.027780195,0.028262179,0
S496A,0.309804776,0.315187339,1
S496C,0.008507419,0.008654511,0
S496D,0.006623682,0.006738041,0
S496E,0.034946464,0.035552972,0
S496F,0.001384323,0.001407641,0
S496G,0.025378782,0.025819038,0
S496H,0.011829257,0.012034071,0
S496I,0.001651592,0.001679554,0
S496K,0.019606272,0.019946222,0
S496L,0.058025929,0.059033476,0
S496M,0.084727322,0.086198843,0
S496N,0.021498186,0.021871011,0
S496P,0.007457343,0.007586188,0
S496Q,0.058035713,0.05904343,0
S496R,0.060393219,0.061441901,0
S496T,0.031653967,0.032203263,0
S496V,0.001405716,0.001429406,0
S496W,0.000645795,0.00065628,0
S496Y,0.007876505,0.008012634,0
I497A,0.008411155,0.008556574,0
I497C,0.003819212,0.00388484,0
I497D,0.007364007,0.007491231,0
I497E,0.001313153,0.001335234,0
I497F,0.040342427,0.041042698,0
I497G,0.003122687,0.003176212,0
I497H,0.001014749,0.001031645,0
I497K,0.004652225,0.004732327,0
I497L,0.040819802,0.041528368,0
I497M,0.002412907,0.002454098,0
I497N,0.000586251,0.000595701,0
I497P,0.001214292,0.001234655,0
I497Q,0.006147124,0.006253202,0
I497R,0.011659412,0.011861274,0
I497S,0.000702831,0.000714307,0
I497T,0.015372441,0.015638822,0
I497V,0.026637868,0.027100002,0
I497W,0.411870102,0.419026195,1
I497Y,0.003420612,0.003479313,0
R498A,0.008301933,0.008445454,0
R498C,0.025643774,0.026088635,0
R498D,0.001206004,0.001226223,0
R498E,0.008153073,0.008294008,0
R498F,0.000987552,0.001003976,0
R498G,0.001422317,0.001446295,0
R498H,0.001891652,0.001923786,0
R498I,0.174772408,0.177808591,1
R498K,0.003039257,0.003091332,0
R498L,0.082983367,0.084424585,0
R498M,0.07416393,0.075451897,0
R498N,0.000884805,0.000899443,0
R498P,0.001276058,0.001297495,0
R498Q,0.021700795,0.022077141,0
R498S,0.000969636,0.000985748,0
R498T,0.049011002,0.049861901,0
R498V,0.367758604,0.374148197,1
R498W,0.002516217,0.002559203,0
R498Y,0.025294651,0.025733445,0
N499A,0.034554398,0.035154093,0
N499C,0.001779855,0.001810046,0
N499D,0.024291888,0.024713258,0
N499E,0.024533816,0.024959389,0
N499F,0.005306719,0.005398194,0
N499G,0.005819744,0.005920134,0
N499H,0.016878011,0.017170554,0
N499I,0.006542051,0.006654992,0
N499K,0.019390804,0.01972701,0
N499L,0.014290051,0.014537624,0
N499M,0.012903828,0.013127314,0
N499P,0.001328626,0.001350976,0
N499Q,0.109233197,0.111130543,1
N499R,0.005489872,0.00558453,0
N499S,0.032628466,0.033194696,0
N499T,0.013209422,0.013438218,0
N499V,0.001229685,0.001250316,0
N499W,0.014490881,0.014741944,0
N499Y,0.020028051,0.02037533,0
G500A,0.009815484,0.009985305,0
G500C,0.001159803,0.00117922,0
G500D,0.037295771,0.037943102,0
G500E,0.049092606,0.049944923,0
G500F,0.131843644,0.134133879,1
G500H,0.007539648,0.007669924,0
G500I,0.000479754,0.000487354,0
G500K,0.009372548,0.009534673,0
G500L,0.004875541,0.004959524,0
G500M,0.010877449,0.011065724,0
G500N,0.039197108,0.039877477,0
G500P,0.299291028,0.3044909,1
G500Q,0.008497244,0.008644159,0
G500R,0.00202203,0.002056429,0
G500S,0.015921574,0.016197497,0
G500T,0.001621646,0.001649088,0
G500V,0.004377862,0.004453197,0
G500W,0.010967739,0.011157583,0
G500Y,0.001062019,0.001079737,0
T501A,0.020222446,0.020573103,0
T501C,0.001034257,0.001051492,0
T501D,0.003311029,0.003367826,0
T501E,0.023399844,0.023805713,0
T501F,0.002367473,0.002407875,0
T501G,0.003305742,0.003362447,0
T501H,0.020086258,0.020434549,0
T501I,0.024959797,0.025392772,0
T501K,0.052752657,0.053668573,0
T501L,0.00385638,0.003922654,0
T501M,0.097748255,0.099446034,0
T501N,0.011137652,0.011330448,0
T501P,0.0013374,0.001359903,0
T501Q,0.006438248,0.006549385,0
T501R,0.010394577,0.010574461,0
T501S,0.048770178,0.049616893,0
T501V,0.044633719,0.045408557,0
T501W,0.019288408,0.019622835,0
T501Y,0.006932447,0.007052172,0
Y502A,0.002104887,0.002140726,0
Y502C,0.005318576,0.005410257,0
Y502D,0.031562534,0.032110241,0
Y502E,0.004193102,0.004265227,0
Y502F,0.327298265,0.332984802,1
Y502G,0.005285143,0.005376243,0
Y502H,0.175387496,0.178434367,1
Y502I,0.001549289,0.001575474,0
Y502K,0.000683719,0.000694863,0
Y502L,0.007895623,0.008032084,0
Y502M,0.002469293,0.002511464,0
Y502N,0.003575732,0.003637129,0
Y502P,0.001194816,0.001214841,0
Y502Q,0.000699844,0.000711268,0
Y502R,0.000752281,0.000764616,0
Y502S,0.001863401,0.001895044,0
Y502T,0.000780919,0.000793752,0
Y502V,0.00055316,0.000562035,0
Y502W,0.00822859,0.008370837,0
D503A,0.036996603,0.037638735,0
D503C,0.011951701,0.012158642,0
D503E,0.017641627,0.017947439,0
D503F,0.006184349,0.006291074,0
D503G,0.00155163,0.001577855,0
D503H,0.004870914,0.004954816,0
D503I,0.075781389,0.077097462,0
D503K,0.156575867,0.159295859,1
D503L,0.040898781,0.041608719,0
D503M,0.054782843,0.055734036,0
D503N,0.023368092,0.023773409,0
D503P,0.002762907,0.00281018,0
D503Q,0.107078197,0.108938097,1
D503R,0.083559671,0.085010903,0
D503S,0.028884724,0.029385901,0
D503T,0.021781167,0.022158909,0
D503V,0.10103197,0.102786808,1
D503W,0.011037361,0.011228414,0
D503Y,0.030589107,0.0311199,0
H504A,0.146062882,0.148600196,1
H504C,0.002617334,0.002662077,0
H504D,0.00078408,0.000796968,0
H504E,0.05733591,0.058331467,0
H504F,0.001236891,0.001257647,0
H504G,0.001514348,0.001539925,0
H504I,0.049349902,0.05020669,0
H504K,0.000659524,0.000670248,0
H504L,0.002721908,0.002768468,0
H504M,0.005650772,0.005748226,0
H504N,0.020922864,0.021285692,0
H504P,0.05763679,0.058637575,0
H504Q,0.007005083,0.00712607,0
H504R,0.000633686,0.000643961,0
H504S,0.044491305,0.045263668,0
H504T,0.401081738,0.408050368,1
H504V,0.013889811,0.01413043,0
H504W,0.009624536,0.009791039,0
H504Y,0.007648166,0.007780327,0
D505A,0.03524687,0.035858598,0
D505C,0.001266351,0.001287619,0
D505E,0.045399688,0.046187836,0
D505F,0.069833625,0.071046347,0
D505G,0.015493516,0.015762001,0
D505H,0.029610792,0.030124585,0
D505I,0.041760789,0.042485706,0
D505K,0.057041828,0.058032274,0
D505L,0.064160658,0.065274804,0
D505M,0.16135954,0.164162655,1
D505N,0.067279233,0.068447569,0
D505P,0.000101687,0.000102717,0
D505Q,0.031330573,0.03187425,0
D505R,0.046962624,0.04777793,0
D505S,0.038830268,0.039504263,0
D505T,0.149208271,0.151800241,1
D505V,0.014835247,0.015092294,0
D505W,0.078135956,0.079492943,0
D505Y,0.017289029,0.017588714,0
V506A,0.057512146,0.058510765,0
V506C,0.001891007,0.001923129,0
V506D,0.068233689,0.06941861,0
V506E,0.008650366,0.008799942,0
V506F,0.056091415,0.057065347,0
V506G,0.009995892,0.010168848,0
V506H,0.055778297,0.056746788,0
V506I,0.025147444,0.02558368,0
V506K,0.231295744,0.235314101,1
V506L,0.054402774,0.055347363,0
V506M,0.060236554,0.061282513,0
V506N,0.036269322,0.036898817,0
V506P,0.006295792,0.006404454,0
V506Q,0.026186523,0.026640815,0
V506R,0.067255701,0.068423628,0
V506S,0.024104007,0.024522112,0
V506T,0.034491587,0.035090191,0
V506W,0.024116337,0.024534656,0
V506Y,0.073591531,0.074869552,0
Y507A,0.007631924,0.007763803,0
Y507C,0.001753853,0.001783592,0
Y507D,0.009080286,0.009237332,0
Y507E,0.001435548,0.001459756,0
Y507F,0.08810083,0.089630971,0
Y507G,0.010999341,0.011189734,0
Y507H,0.015252425,0.015516721,0
Y507I,0.000429969,0.000436704,0
Y507K,0.003062578,0.003115058,0
Y507L,0.012028545,0.012236822,0
Y507M,0.000734946,0.00074698,0
Y507N,0.005271901,0.005362771,0
Y507P,0.00299693,0.003048269,0
Y507Q,0.003841253,0.003907264,0
Y507R,0.002881715,0.002931052,0
Y507S,0.003831751,0.003897597,0
Y507T,0.002565088,0.002608923,0
Y507V,0.001255235,0.00127631,0
Y507W,0.158178076,0.160925909,1
R508A,0.045050653,0.045832736,0
R508C,0.036326987,0.036957484,0
R508D,0.04189709,0.042624375,0
R508E,0.002715509,0.002761958,0
R508F,0.002277073,0.002315904,0
R508G,0.003335556,0.003392779,0
R508H,0.044449014,0.045220642,0
R508I,0.04232912,0.043063912,0
R508K,0.006988657,0.007109358,0
R508L,0.015966976,0.016243688,0
R508M,0.008253276,0.008395952,0
R508N,0.067063153,0.068227734,0
R508P,0.006673791,0.006789021,0
R508Q,0.009234987,0.009394721,0
R508S,0.001459603,0.001484229,0
R508T,0.006231678,0.006339226,0
R508V,0.016691657,0.016980962,0
R508W,0.00057825,0.000587561,0
R508Y,0.002306477,0.002345819,0
D509A,0.099640711,0.101371374,0
D509C,0.002117233,0.002153286,0
D509E,0.047964574,0.04879729,0
D509F,0.018937658,0.01926599,0
D509G,0.0100177,0.010191035,0
D509H,0.022452639,0.022842049,0
D509I,0.02416974,0.024588987,0
D509K,0.010481262,0.010662652,0
D509L,0.017065055,0.017360848,0
D509M,0.033141461,0.033716605,0
D509N,0.110647797,0.112569724,1
D509P,0.011490325,0.011689249,0
D509Q,0.200762965,0.204250771,1
D509R,0.029955028,0.030474803,0
D509S,0.064351844,0.065469312,0
D509T,0.05396705,0.054904068,0
D509V,0.057573184,0.058572864,0
D509W,0.004916212,0.005000902,0
D509Y,0.128669154,0.130904227,1
E510A,0.033613618,0.034196966,0
E510C,0.002736458,0.002783271,0
E510D,0.003456539,0.003515865,0
E510F,0.009305101,0.009466054,0
E510G,0.014662346,0.014916389,0
E510H,0.00101235,0.001029204,0
E510I,0.091940913,0.093537781,0
E510K,0.036289538,0.036919384,0
E510L,0.011645907,0.011847535,0
E510M,0.013978734,0.014220898,0
E510N,0.001257922,0.001279044,0
E510P,0.006876046,0.006994791,0
E510Q,0.041203265,0.041918494,0
E510R,0.001366516,0.001389525,0
E510S,0.002832643,0.002881128,0
E510T,0.011164783,0.01135805,0
E510V,0.031818479,0.032370634,0
E510W,0.000646646,0.000657146,0
E510Y,0.011211441,0.011405519,0
A511C,0.004680732,0.00476133,0
A511D,0.005131495,0.005219925,0
A511E,0.010917349,0.011106317,0
A511F,0.002676528,0.0027223,0
A511G,0.01057388,0.01075688,0
A511H,0.00127546,0.001296886,0
A511I,0.005526247,0.005621537,0
A511K,0.010835407,0.011022951,0
A511L,0.119817037,0.121898292,1
A511M,0.001258665,0.0012798,0
A511N,0.004630368,0.004710091,0
A511P,0.004839764,0.004923125,0
A511Q,0.001095056,0.001113348,0
A511R,0.000421334,0.000427919,0
A511S,0.020761684,0.021121711,0
A511T,0.007830577,0.007965908,0
A511V,0.006551545,0.006664651,0
A511W,0.006562624,0.006675922,0
A511Y,0.000967491,0.000983566,0
L512A,0.007500709,0.007630308,0
L512C,0.000431836,0.000438603,0
L512D,0.015690304,0.015962209,0
L512E,0.00097121,0.00098735,0
L512F,0.111515571,0.113452576,1
L512G,0.003395167,0.003453426,0
L512H,0.009455942,0.009619516,0
L512I,0.132499205,0.134800831,1
L512K,0.031467075,0.032013124,0
L512M,0.064423944,0.065542665,0
L512N,0.03399939,0.034589441,0
L512P,0.009872408,0.010043219,0
L512Q,0.014490959,0.014742023,0
L512R,0.083620701,0.085072993,0
L512S,0.00675699,0.006873666,0
L512T,0.005379899,0.005472646,0
L512V,0.080405256,0.081801675,0
L512W,0.007669299,0.007801827,0
L512Y,0.013255496,0.013485093,0
N513A,0.135107045,0.137453986,1
N513C,0.01675939,0.017049872,0
N513D,0.01498301,0.015242625,0
N513E,0.022440369,0.022829566,0
N513F,0.08984471,0.091405153,0
N513G,0.035074172,0.035682899,0
N513H,0.006405623,0.006516193,0
N513I,0.067800294,0.068977684,0
N513K,0.033634911,0.034218629,0
N513L,0.03754648,0.038198167,0
N513M,0.022556303,0.022947514,0
N513P,0.000605693,0.000615481,0
N513Q,0.156008025,0.15871815,1
N513R,0.034889428,0.035494945,0
N513S,0.060592379,0.061644521,0
N513T,0.06449437,0.065614315,0
N513V,0.027933323,0.028417968,0
N513W,0.045840928,0.046636743,0
N513Y,0.046384354,0.047189612,0
N514A,0.016441843,0.016726807,0
N514C,0.007990146,0.00812825,0
N514D,0.01175931,0.011962908,0
N514E,0.001581941,0.001608693,0
N514F,0.000861541,0.000875775,0
N514G,0.025695613,0.026141374,0
N514H,0.046664188,0.047474308,0
N514I,0.011642481,0.011844049,0
N514K,0.209010598,0.212641718,1
N514L,0.018388902,0.018707699,0
N514M,0.023116885,0.023517837,0
N514P,0.005219939,0.005309906,0
N514Q,0.003347075,0.003404499,0
N514R,0.15529033,0.157987984,1
N514S,0.002642588,0.00268777,0
N514T,0.03405478,0.034645794,0
N514V,0.040268454,0.040967439,0
N514W,0.019530213,0.019868842,0
N514Y,0.042383061,0.043118791,0
R515A,0.003217035,0.003272199,0
R515C,0.003670891,0.003733941,0
R515D,0.002278855,0.002317717,0
R515E,0.065159646,0.066291151,0
R515F,0.004909966,0.004994547,0
R515G,0.001679039,0.001707478,0
R515H,0.005069597,0.005156952,0
R515I,0.002619941,0.00266473,0
R515K,0.006213539,0.006320772,0
R515L,0.015342494,0.015608355,0
R515M,0.003384524,0.003442598,0
R515N,0.007472465,0.007601573,0
R515P,0.002696285,0.0027424,0
R515Q,0.031166663,0.031707492,0
R515S,0.00166646,0.001694681,0
R515T,0.001549239,0.001575423,0
R515V,0.013145523,0.013373209,0
R515W,0.017771409,0.018079476,0
R515Y,0.022925746,0.023323377,0
F516A,0.115447976,0.117453313,1
F516C,0.006063921,0.006168554,0
F516D,0.001568131,0.001594643,0
F516E,0.001134671,0.001153651,0
F516G,0.031067351,0.031606454,0
F516H,0.005333887,0.005425834,0
F516I,0.02019667,0.020546879,0
F516K,0.00335968,0.003417323,0
F516L,0.110005015,0.111915772,1
F516M,0.056438002,0.057417956,0
F516N,0.003403702,0.00346211,0
F516P,0.016184699,0.016465195,0
F516Q,0.046402359,0.04720793,0
F516R,0.004061493,0.004131331,0
F516S,0.003629425,0.003691755,0
F516T,0.019182204,0.019514786,0
F516V,0.003936826,0.004004497,0
F516W,0.076018268,0.077338457,0
F516Y,0.091761371,0.093355119,0
Q517A,0.063444702,0.064546408,0
Q517C,0.001050199,0.001067711,0
Q517D,0.010848847,0.011036625,0
Q517E,0.025545929,0.025989089,0
Q517F,0.149236714,0.151829178,1
Q517G,0.056230273,0.057206618,0
Q517H,0.175702154,0.178754493,1
Q517I,0.003823315,0.003889014,0
Q517K,0.074992815,0.076295185,0
Q517L,0.09018912,0.091755548,0
Q517M,0.024439142,0.02486307,0
Q517N,0.055857303,0.056827167,0
Q517P,0.036561755,0.037196331,0
Q517R,0.0402152,0.04091326,0
Q517S,0.027964082,0.028449261,0
Q517T,0.009240735,0.009400569,0
Q517V,0.017542554,0.017846644,0
Q517W,0.056965626,0.057954748,0
Q517Y,0.008747945,0.008899216,0
I518A,0.001939635,0.001972602,0
I518C,0.00132479,0.001347074,0
I518D,0.001785337,0.001815623,0
I518E,0.000187868,0.000190396,0
I518F,0.00207025,0.002105487,0
I518G,0.001210191,0.001230483,0
I518H,0.001546563,0.0015727,0
I518K,0.001040817,0.001058166,0
I518L,0.243362233,0.247590262,1
I518M,0.012811278,0.013033156,0
I518N,0.066479181,0.067633615,0
I518P,0.00209251,0.002128134,0
I518Q,0.002426785,0.002468217,0
I518R,0.000784421,0.000797315,0
I518S,0.012325944,0.012539388,0
I518T,0.001616245,0.001643593,0
I518V,0.117777309,0.119823121,1
I518W,0.003634246,0.00369666,0
I518Y,0.00217439,0.002211437,0
K519A,0.025924118,0.02637385,0
K519C,0.011454933,0.011653242,0
K519D,0.069240569,0.070442986,0
K519E,0.036731881,0.037369413,0
K519F,0.037403864,0.038053073,0
K519G,0.062430562,0.063514645,0
K519H,0.051809892,0.052709426,0
K519I,0.102593838,0.104375816,1
K519L,0.028004327,0.028490206,0
K519M,0.035389582,0.03600379,0
K519N,0.246167415,0.250444188,1
K519P,0.08366511,0.085118174,0
K519Q,0.01364533,0.0138817,0
K519R,0.06613758,0.067286078,0
K519S,0.008281616,0.008424784,0
K519T,0.005961211,0.006064059,0
K519V,0.014977965,0.015237492,0
K519W,0.008833474,0.008986232,0
K519Y,0.048500148,0.049342171,0
G520A,0.163073965,0.165906871,1
G520C,0.008347885,0.008492205,0
G520D,0.008136992,0.008277647,0
G520E,0.046833206,0.047646263,0
G520F,0.028620478,0.029117063,0
G520H,0.042799679,0.043542648,0
G520I,0.029631473,0.030145625,0
G520K,0.040195435,0.040893151,0
G520L,0.016000308,0.0162776,0
G520M,0.056672609,0.05765664,0
G520N,0.028815865,0.029315845,0
G520P,0.08216826,0.083595314,0
G520Q,0.068173275,0.069357146,0
G520R,0.065068697,0.066198622,0
G520S,0.017879232,0.018189173,0
G520T,0.03962603,0.040313852,0
G520V,0.044256049,0.045024324,0
G520W,0.036496768,0.037130215,0
G520Y,0.048506319,0.049348449,0
V521A,0.017365279,0.017666289,0
V521C,0.004635479,0.00471529,0
V521D,0.003245927,0.003301593,0
V521E,0.004444895,0.004521395,0
V521F,0.024392304,0.024815418,0
V521G,0.000635171,0.000645471,0
V521H,0.016987457,0.017281902,0
V521I,0.224752063,0.228656714,1
V521K,0.001913229,0.001945737,0
V521L,0.194958338,0.19834528,1
V521M,0.054254223,0.055196231,0
V521N,0.017622357,0.017927834,0
V521P,0.003956188,0.004024196,0
V521Q,0.012155118,0.012365594,0
V521R,0.009124881,0.009282702,0
V521S,0.006521112,0.006633689,0
V521T,0.103120186,0.10491131,1
V521W,0.001508779,0.00153426,0
V521Y,0.006344776,0.006454289,0
E522A,0.080510683,0.081908934,0
E522C,0.000271969,0.000275958,0
E522D,0.057381386,0.058377733,0
E522F,0.009781205,0.009950431,0
E522G,0.006452842,0.006564233,0
E522H,0.009701105,0.009868939,0
E522I,0.185318744,0.188538185,1
E522K,0.077181495,0.078521897,0
E522L,0.044042385,0.044806948,0
E522M,0.02515566,0.025592039,0
E522N,0.083766594,0.085221421,0
E522P,0.007521868,0.007651835,0
E522Q,0.077311102,0.078653756,0
E522R,0.006015845,0.006119642,0
E522S,0.020132289,0.02048138,0
E522T,0.02287578,0.023272543,0
E522V,0.021981709,0.022362936,0
E522W,0.011581998,0.011782515,0
E522Y,0.034151043,0.034743729,0
L523A,0.002118947,0.00215503,0
L523C,0.328178096,0.333879922,1
L523D,0.000419528,0.000426081,0
L523E,0.116829325,0.118858664,1
L523F,0.012548451,0.012765762,0
L523G,0.000521748,0.000530078,0
L523H,0.001478575,0.001503531,0
L523I,0.044404926,0.045175788,0
L523K,0.00044629,0.000453308,0
L523M,0.133228973,0.13554328,1
L523N,0.001475157,0.001500053,0
L523P,0.001301376,0.001323253,0
L523Q,0.001367659,0.001390687,0
L523R,0.006806092,0.006923621,0
L523S,0.003647449,0.003710092,0
L523T,0.004672338,0.00475279,0
L523V,0.035371675,0.035985572,0
L523W,0.058615996,0.059633796,0
L523Y,0.017878176,0.018188098,0
K524A,0.038844405,0.039518645,0
K524C,0.00430237,0.004376393,0
K524D,0.007843769,0.007979329,0
K524E,0.044770072,0.045547279,0
K524F,0.026205456,0.026660077,0
K524G,0.032056407,0.032612696,0
K524H,0.046191653,0.046993562,0
K524I,0.066032693,0.067179369,0
K524L,0.035875023,0.036497666,0
K524M,0.114756017,0.11674933,1
K524N,0.017892227,0.018202393,0
K524P,0.004716193,0.004797407,0
K524Q,0.063517302,0.064620269,0
K524R,0.109910144,0.111819253,1
K524S,0.089713622,0.091271787,0
K524T,0.059561077,0.060595299,0
K524V,0.020468314,0.020823244,0
K524W,0.046236063,0.047038744,0
K524Y,0.032087533,0.032644363,0
S525A,0.013536698,0.013771181,0
S525C,0.018625196,0.018948099,0
S525D,0.037493774,0.038144545,0
S525E,0.076672345,0.0780039,0
S525F,0.03022918,0.030753719,0
S525G,0.015955054,0.016231559,0
S525H,0.036716029,0.037353286,0
S525I,0.0000882,0.000089,0
S525K,0.309013563,0.314382377,1
S525L,0.03561818,0.03623636,0
S525M,0.029102997,0.029607966,0
S525N,0.025236289,0.025674069,0
S525P,0.00797249,0.008110287,0
S525Q,0.005402517,0.005495657,0
S525R,0.013562762,0.013797698,0
S525T,0.023073394,0.023473591,0
S525V,0.101128868,0.10288539,1
S525W,0.036178787,0.036806708,0
S525Y,0.135893238,0.13825384,1
G526A,0.014281217,0.014528637,0
G526C,0.00200979,0.002043976,0
G526D,0.001840772,0.001872021,0
G526E,0.027857009,0.028340328,0
G526F,0.008506121,0.00865319,0
G526H,0.006706082,0.006821873,0
G526I,0.00993959,0.010111568,0
G526K,0.129672511,0.131925019,1
G526L,0.008208912,0.008350817,0
G526M,0.023845935,0.024259556,0
G526N,0.031285705,0.031828602,0
G526P,0.00889533,0.009049162,0
G526Q,0.340996769,0.346921337,1
G526R,0.025304785,0.025743755,0
G526S,0.042173017,0.042905097,0
G526T,0.026510301,0.026970219,0
G526V,0.025865046,0.026313751,0
G526W,0.215250013,0.218989552,1
G526Y,0.001084225,0.001102328,0
Y527A,0.05595883,0.056930458,0
Y527C,0.005156137,0.005244996,0
Y527D,0.003427822,0.003486649,0
Y527E,0.015575956,0.015845874,0
Y527F,0.066774559,0.067934126,0
Y527G,0.024790964,0.025221006,0
Y527H,0.016964519,0.017258565,0
Y527I,0.196630008,0.200045998,1
Y527K,0.00838934,0.00853438,0
Y527L,0.011872895,0.012078467,0
Y527M,0.29850499,0.303691203,1
Y527N,0.078477558,0.079840481,0
Y527P,0.011334575,0.011530793,0
Y527Q,0.004357899,0.004432887,0
Y527R,0.092361921,0.093966104,0
Y527S,0.00224729,0.002285603,0
Y527T,0.016056048,0.016334308,0
Y527V,0.031804685,0.0323566,0
Y527W,0.00268113,0.002726982,0
K528A,0.020027474,0.020374743,0
K528C,0.009289431,0.009450112,0
K528D,0.015193924,0.015457204,0
K528E,0.045198438,0.045983089,0
K528F,0.070571246,0.071796785,0
K528G,0.041931526,0.042659409,0
K528H,0.008448574,0.008594643,0
K528I,0.013964529,0.014206446,0
K528L,0.11769655,0.119740959,1
K528M,0.029231247,0.029738445,0
K528N,0.240840741,0.245024956,1
K528P,0.057115298,0.058107021,0
K528Q,0.021654826,0.022030373,0
K528R,0.087095445,0.088608116,0
K528S,0.019188618,0.019521311,0
K528T,0.041005972,0.041717773,0
K528V,0.042723116,0.043464754,0
K528W,0.052342473,0.053251261,0
K528Y,0.025498647,0.025940986,0
D529A,0.028439924,0.028933372,0
D529C,0.015043119,0.015303778,0
D529E,0.200591726,0.204076557,1
D529F,0.035426646,0.036041498,0
D529G,0.014949819,0.015208857,0
D529H,0.028524581,0.0290195,0
D529I,0.008955221,0.009110094,0
D529K,0.050542987,0.051420507,0
D529L,0.027134452,0.027605215,0
D529M,0.010379913,0.010559542,0
D529N,0.009688104,0.009855712,0
D529P,0.011168416,0.011361747,0
D529Q,0.043647439,0.044405139,0
D529R,0.001328758,0.00135111,0
D529S,0.078184649,0.079542482,0
D529T,0.049622749,0.050484278,0
D529V,0.066031075,0.067177722,0
D529W,0.07169067,0.072935661,0
D529Y,0.064695295,0.065818731,0
W530A,0.037122018,0.037766329,0
W530C,0.019102627,0.019433826,0
W530D,0.114772487,0.116766086,1
W530E,0.016563593,0.016850672,0
W530F,0.049899897,0.050766242,0
W530G,0.033411789,0.03399163,0
W530H,0.015654447,0.015925729,0
W530I,0.051161307,0.052049571,0
W530K,0.008968271,0.009123371,0
W530L,0.040611905,0.041316858,0
W530M,0.154023187,0.156698823,1
W530N,0.039566989,0.040253785,0
W530P,0.015669913,0.015941463,0
W530Q,0.030204987,0.030729105,0
W530R,0.006831859,0.006949836,0
W530S,0.018533305,0.018854611,0
W530T,0.029001801,0.029505012,0
W530V,0.049611137,0.050472465,0
W530Y,0.115705268,0.117715075,1
I531A,0.063464562,0.064566613,0
I531C,0.065904824,0.067049278,0
I531D,0.002511706,0.002554614,0
I531E,0.002730432,0.002777141,0
I531F,0.151444656,0.154075486,1
I531G,0.023269556,0.023673161,0
I531H,0.000404204,0.000410491,0
I531K,0.002577298,0.002621346,0
I531L,0.068775915,0.069970258,0
I531M,0.036366613,0.036997798,0
I531N,0.040096679,0.040792679,0
I531P,0.05483928,0.055791454,0
I531Q,0.021478785,0.021851273,0
I531R,0.0007214,0.000733199,0
I531S,0.002023583,0.002058009,0
I531T,0.043808033,0.044568523,0
I531V,0.155646008,0.158349843,1
I531W,0.004758699,0.004840652,0
I531Y,0.075050643,0.076354018,0
L532A,0.037342026,0.03799016,0
L532C,0.044236788,0.045004729,0
L532D,0.002847716,0.002896463,0
L532E,0.045363768,0.046151292,0
L532F,0.134567633,0.136905201,1
L532G,0.033025841,0.033598975,0
L532H,0.024541745,0.024967456,0
L532I,0.072294801,0.07355029,0
L532K,0.005481225,0.005575733,0
L532M,0.170582337,0.173545712,1
L532N,0.005159851,0.005248774,0
L532P,0.032077993,0.032634657,0
L532Q,0.045496843,0.046286679,0
L532R,0.000676636,0.000687657,0
L532S,0.016552364,0.016839248,0
L532T,0.05377851,0.054712252,0
L532V,0.07922001,0.080595834,0
L532W,0.000316008,0.000320763,0
L532Y,0.009839951,0.010010198,0
W533A,0.0000542,0.0000544,0
W533C,0.002316598,0.002356116,0
W533D,0.00016554,0.00016768,0
W533E,0.000178167,0.000180526,0
W533F,0.000428471,0.00043518,0
W533G,0.004500409,0.004577873,0
W533H,0.000226088,0.00022928,0
W533I,0.000224299,0.00022746,0
W533K,0.000308829,0.000313459,0
W533L,0.000666591,0.000677437,0
W533M,0.002910146,0.002959977,0
W533N,0.000237997,0.000241396,0
W533P,0.0000815,0.0000822,0
W533Q,0.000344886,0.000350142,0
W533R,0.002820473,0.002868746,0
W533S,0.0000227,0.0000224,0
W533T,0.0000823,0.000083,0
W533V,0.0000445,0.0000445,0
W533Y,0.000527791,0.000536226,0
I534A,0.000718234,0.000729978,0
I534C,0.001791937,0.001822338,0
I534D,0.004878776,0.004962815,0
I534E,0.001464538,0.00148925,0
I534F,0.177915957,0.181006764,1
I534G,0.002478197,0.002520523,0
I534H,0.003704831,0.003768471,0
I534K,0.001027752,0.001044874,0
I534L,0.008897464,0.009051334,0
I534M,0.128003191,0.130226692,1
I534N,0.002207278,0.002244896,0
I534P,0.000345296,0.000350559,0
I534Q,0.010242007,0.01041924,0
I534R,0.000258151,0.0002619,0
I534S,0.019461799,0.019799239,0
I534T,0.006065264,0.00616992,0
I534V,0.006692795,0.006808355,0
I534W,0.001147724,0.001166931,0
I534Y,0.015557221,0.015826813,0
S535A,0.002499027,0.002541715,0
S535C,0.016026599,0.016304347,0
S535D,0.00103947,0.001056796,0
S535E,0.001206446,0.001226673,0
S535F,0.006594768,0.006708625,0
S535G,0.00068433,0.000695485,0
S535H,0.001412965,0.001436781,0
S535I,0.000968942,0.000985042,0
S535K,0.002085435,0.002120936,0
S535L,0.004855526,0.004939161,0
S535M,0.001483664,0.001508708,0
S535N,0.001092673,0.001110923,0
S535P,0.033375014,0.033954216,0
S535Q,0.025377827,0.025818066,0
S535R,0.0000568,0.0000571,0
S535T,0.005674034,0.005771892,0
S535V,0.000223011,0.00022615,0
S535W,0.000843031,0.000856943,0
S535Y,0.010031224,0.010204794,0
F536A,0.13416225,0.136492774,1
F536C,0.022955729,0.023353881,0
F536D,0.001418081,0.001441986,0
F536E,0.001151753,0.00117103,0
F536G,0.031713703,0.032264037,0
F536H,0.004921526,0.005006308,0
F536I,0.008270205,0.008413175,0
F536K,0.000268256,0.000272181,0
F536L,0.092418416,0.094023581,0
F536M,0.006458398,0.006569885,0
F536N,0.006901277,0.00702046,0
F536P,0.007560346,0.007690981,0
F536Q,0.000572785,0.000582001,0
F536R,0.004803124,0.004885849,0
F536S,0.170620323,0.173584358,1
F536T,0.044433971,0.045205338,0
F536V,0.009476941,0.00964088,0
F536W,0.010583284,0.010766447,0
F536Y,0.006374086,0.006484108,0
A537C,0.000598169,0.000607826,0
A537D,0.001408969,0.001432715,0
A537E,0.00029461,0.000298993,0
A537F,0.000469943,0.000477372,0
A537G,0.0000525,0.0000527,0
A537H,0.000684484,0.000695641,0
A537I,0.00029673,0.00030115,0
A537K,0.00065575,0.000666408,0
A537L,0.0000658,0.0000662,0
A537M,0.001385365,0.001408701,0
A537N,0.000383204,0.000389126,0
A537P,0.001274562,0.001295973,0
A537Q,0.000400092,0.000406308,0
A537R,0.0000375,0.0000374,0
A537S,0.024784548,0.025214478,0
A537T,0.026063168,0.026515316,0
A537V,0.002082051,0.002117493,0
A537W,0.000360728,0.00036626,0
A537Y,0.000771976,0.000784654,0
I538A,0.003461643,0.003521057,0
I538C,0.000325209,0.000330123,0
I538D,0.004190722,0.004262805,0
I538E,0.027661116,0.028141031,0
I538F,0.000448178,0.000455229,0
I538G,0.00312887,0.003182502,0
I538H,0.003491584,0.003551519,0
I538K,0.004578034,0.004656847,0
I538L,0.000352532,0.000357921,0
I538M,0.139840773,0.142269969,1
I538N,0.021966292,0.022347251,0
I538P,0.000157642,0.000159645,0
I538Q,0.000657748,0.000668441,0
I538R,0.002373053,0.002413552,0
I538S,0.03464194,0.035243156,0
I538T,0.024035513,0.024452428,0
I538V,0.007564739,0.007695451,0
I538W,0.004426656,0.004502839,0
I538Y,0.000921877,0.000937159,0
S539A,0.014393572,0.014642944,0
S539C,0.009618171,0.009784564,0
S539D,0.012392554,0.012607156,0
S539E,0.301161932,0.306394313,1
S539F,0.000393069,0.000399163,0
S539G,0.00061655,0.000626527,0
S539H,0.001054672,0.001072262,0
S539I,0.000355002,0.000360434,0
S539K,0.000891706,0.000906464,0
S539L,0.00157426,0.001600878,0
S539M,0.001589104,0.00161598,0
S539N,0.001542262,0.001568324,0
S539P,0.002052873,0.002087808,0
S539Q,0.002194023,0.002231411,0
S539R,0.0000532,0.0000534,0
S539T,0.023824756,0.024238009,0
S539V,0.001436542,0.001460767,0
S539W,0.006560892,0.00667416,0
S539Y,0.000950813,0.000966598,0
C540A,0.056072909,0.057046519,0
C540D,0.101894898,0.10366473,1
C540E,0.013778141,0.014016819,0
C540F,0.018159859,0.018474676,0
C540G,0.182813542,0.185989451,1
C540H,0.119445407,0.121520205,1
C540I,0.014418876,0.014668688,0
C540K,0.000390126,0.000396168,0
C540L,0.042648811,0.043389158,0
C540M,0.031986701,0.032541779,0
C540N,0.205111847,0.208675221,1
C540P,0.002033524,0.002068123,0
C540Q,0.063065725,0.064160845,0
C540R,0.000580424,0.000589773,0
C540S,0.026535258,0.026995609,0
C540T,0.017847434,0.018156822,0
C540V,0.008929308,0.009083731,0
C540W,0.002360137,0.002400411,0
C540Y,0.016175906,0.016456249,0
F541A,0.045245387,0.046030853,0
F541C,0.071260871,0.072498394,0
F541D,0.104638832,0.106456344,1
F541E,0.024755015,0.025184432,0
F541G,0.045144725,0.045928442,0
F541H,0.218388651,0.222182728,1
F541I,0.017919786,0.018230431,0
F541K,0.03396783,0.034557333,0
F541L,0.090878829,0.092457242,0
F541M,0.045512222,0.046302325,0
F541N,0.00856132,0.008709349,0
F541P,0.001968285,0.00200175,0
F541Q,0.016736799,0.017026888,0
F541R,0.001785411,0.001815698,0
F541S,0.023761719,0.024173876,0
F541T,0.021064422,0.02142971,0
F541V,0.039311842,0.039994205,0
F541W,0.072969117,0.074236323,0
F541Y,0.048009166,0.048842657,0
L542A,0.001998806,0.002032802,0
L542C,0.105528109,0.107361074,1
L542D,0.016793787,0.017084866,0
L542E,0.143228188,0.145716245,1
L542F,0.079590421,0.080972681,0
L542G,0.089775304,0.091334541,0
L542H,0.003270874,0.003326974,0
L542I,0.050950467,0.051835067,0
L542K,0.000309847,0.000314494,0
L542M,0.201754704,0.205259743,1
L542N,0.001702387,0.001731232,0
L542P,0.003810894,0.003876377,0
L542Q,0.012390201,0.012604762,0
L542R,0.00070931,0.000720899,0
L542S,0.005368442,0.00546099,0
L542T,0.045330459,0.046117404,0
L542V,0.096119156,0.097788627,0
L542W,0.082250123,0.0836786,0
L542Y,0.019388865,0.019725038,0
L543A,0.030061134,0.030582752,0
L543C,0.057561972,0.058561457,0
L543D,0.016905814,0.01719884,0
L543E,0.024468521,0.02489296,0
L543F,0.055264844,0.056224413,0
L543G,0.021611307,0.021986098,0
L543H,0.002114978,0.002150992,0
L543I,0.359035729,0.36527375,1
L543K,0.000470166,0.000477599,0
L543M,0.010154389,0.010330099,0
L543N,0.001020381,0.001037375,0
L543P,0.034270147,0.034864903,0
L543Q,0.028680147,0.029177769,0
L543R,0.009455415,0.00961898,0
L543S,0.049248998,0.050104033,0
L543T,0.085736732,0.087225793,0
L543V,0.051076491,0.051963281,0
L543W,0.060241836,0.061287887,0
L543Y,0.045312804,0.046099442,0
C544A,0.032719138,0.033286943,0
C544D,0.032695863,0.033263264,0
C544E,0.036998546,0.037640712,0
C544F,0.003450166,0.003509381,0
C544G,0.030886205,0.03142216,0
C544H,0.058009519,0.05901678,0
C544I,0.058658667,0.059677208,0
C544K,0.322742907,0.328350288,1
C544L,0.018390151,0.01870897,0
C544M,0.011278664,0.01147391,0
C544N,0.047790767,0.048620463,0
C544P,0.006181849,0.006288531,0
C544Q,0.080190454,0.081583141,0
C544R,0.002349751,0.002389845,0
C544S,0.023098365,0.023498995,0
C544T,0.017228625,0.01752726,0
C544V,0.022295244,0.022681919,0
C544W,0.128761118,0.130997789,1
C544Y,0.029664801,0.030179533,0
V545A,0.029177609,0.029683875,0
V545C,0.053367789,0.054294394,0
V545D,0.035213508,0.035824656,0
V545E,0.056689438,0.057673761,0
V545F,0.146293104,0.148834419,1
V545G,0.073167793,0.074438451,0
V545H,0.001866627,0.001898326,0
V545I,0.059976186,0.061017621,0
V545K,0.028643867,0.029140858,0
V545L,0.11095742,0.112884727,1
V545M,0.051240478,0.052130118,0
V545N,0.053186156,0.054109605,0
V545P,0.013444087,0.013676961,0
V545Q,0.011943577,0.012150377,0
V545R,0.001038335,0.001055641,0
V545S,0.081899865,0.083322255,0
V545T,0.087055793,0.088567775,0
V545W,0.02213423,0.022518107,0
V545Y,0.004459612,0.004536368,0
A546C,0.112704009,0.114661665,1
A546D,0.016075603,0.016354203,0
A546E,0.011115241,0.011307648,0
A546F,0.011200451,0.011394338,0
A546G,0.108036632,0.109913186,1
A546H,0.001699048,0.001727835,0
A546I,0.048553871,0.049396827,0
A546K,0.000330517,0.000335524,0
A546L,0.039013393,0.03969057,0
A546M,0.01871093,0.019035322,0
A546N,0.027999732,0.028485531,0
A546P,0.105678436,0.107514013,1
A546Q,0.001670598,0.00169889,0
A546R,0.001013614,0.00103049,0
A546S,0.081843176,0.083264581,0
A546T,0.079031835,0.080404389,0
A546V,0.138939234,0.141352765,1
A546W,0.00523372,0.005323927,0
A546Y,0.075610506,0.07692361,0
L547A,0.016115816,0.016395115,0
L547C,0.010411228,0.010591401,0
L547D,0.092675174,0.094284801,0
L547E,0.116131231,0.11814844,1
L547F,0.181369952,0.184520777,1
L547G,0.03497619,0.035583215,0
L547H,0.024593641,0.025020254,0
L547I,0.029796214,0.030313229,0
L547K,0.116821385,0.118850586,1
L547M,0.070725776,0.071954001,0
L547N,0.066356926,0.067509236,0
L547P,0.000305706,0.000310281,0
L547Q,0.066843144,0.068003902,0
L547R,0.000554006,0.000562896,0
L547S,0.022948275,0.023346297,0
L547T,0.011599376,0.011800195,0
L547V,0.028706657,0.029204739,0
L547W,0.04440492,0.045175782,0
L547Y,0.03257651,0.033141837,0
L548A,0.01079015,0.010976908,0
L548C,0.021408791,0.021780063,0
L548D,0.227039635,0.230984036,1
L548E,0.13312238,0.135434834,1
L548F,0.030470563,0.030999296,0
L548G,0.039852513,0.040544271,0
L548H,0.006510189,0.006622576,0
L548I,0.016695452,0.016984823,0
L548K,0.0000749,0.0000755,0
L548M,0.004990406,0.005076385,0
L548N,0.079878844,0.081266116,0
L548P,0.001264907,0.00128615,0
L548Q,0.008714952,0.00886565,0
L548R,0.016020214,0.016297851,0
L548S,0.072967591,0.07423477,0
L548T,0.16492138,0.167786387,1
L548V,0.017017136,0.017312096,0
L548W,0.034290009,0.03488511,0
L548Y,0.002950233,0.003000761,0
G549A,0.006192917,0.006299791,0
G549C,0.031618072,0.032166744,0
G549D,0.000147975,0.00014981,0
G549E,0.001710075,0.001739053,0
G549F,0.005030361,0.005117034,0
G549H,0.000267525,0.000271437,0
G549I,0.029161238,0.029667219,0
G549K,0.000237493,0.000240883,0
G549L,0.003636301,0.00369875,0
G549M,0.095163061,0.096815918,0
G549N,0.000109081,0.00011024,0
G549P,0.000947067,0.000962787,0
G549Q,0.000135034,0.000136644,0
G549R,0.000632363,0.000642615,0
G549S,0.008009774,0.008148219,0
G549T,0.00831369,0.008457416,0
G549V,0.310606734,0.316003232,1
G549W,0.438300159,0.445915512,1
G549Y,0.000914708,0.000929866,0
F550A,0.071108377,0.07234325,0
F550C,0.024923157,0.025355496,0
F550D,0.016763959,0.01705452,0
F550E,0.008045027,0.008184084,0
F550G,0.014246818,0.01449364,0
F550H,0.007646825,0.007778963,0
F550I,0.147390801,0.14995119,1
F550K,0.004970858,0.005056497,0
F550L,0.23558331,0.239676169,1
F550M,0.052016692,0.05291982,0
F550N,0.067008798,0.068172435,0
F550P,0.016568574,0.01685574,0
F550Q,0.008955234,0.009110107,0
F550R,0.000326174,0.000331105,0
F550S,0.053489427,0.054418145,0
F550T,0.087621682,0.089143497,0
F550V,0.041190884,0.041905898,0
F550W,0.015412841,0.015679924,0
F550Y,0.014348269,0.014596854,0
I551A,0.005951726,0.006054409,0
I551C,0.027728171,0.028209251,0
I551D,0.041588464,0.042310386,0
I551E,0.053833023,0.054767712,0
I551F,0.063878254,0.064987493,0
I551G,0.076698548,0.078030558,0
I551H,0.00995669,0.010128965,0
I551K,0.006464596,0.006576191,0
I551L,0.044427081,0.045198328,0
I551M,0.076422422,0.077749634,0
I551N,0.090534332,0.092106758,0
I551P,0.005147368,0.005236074,0
I551Q,0.017523869,0.017827635,0
I551R,0.003589863,0.003651505,0
I551S,0.048396329,0.049236548,0
I551T,0.101426093,0.103187779,1
I551V,0.088118538,0.089648987,0
I551W,0.01865196,0.018975328,0
I551Y,0.017818399,0.018127282,0
M552A,0.063466828,0.064568918,0
M552C,0.03694918,0.037590488,0
M552D,0.010985636,0.011175791,0
M552E,0.107140889,0.109001878,1
M552F,0.090677421,0.092252334,0
M552G,0.041502645,0.042223076,0
M552H,0.003887817,0.003954637,0
M552I,0.065446458,0.066582947,0
M552K,0.000581648,0.000591018,0
M552L,0.052961197,0.053880737,0
M552N,0.018775711,0.019101229,0
M552P,0.009120208,0.009277948,0
M552Q,0.130076545,0.132336074,1
M552R,0.000373913,0.000379674,0
M552S,0.037847912,0.038504837,0
M552T,0.023795096,0.024207833,0
M552V,0.038882415,0.039557316,0
M552W,0.117897555,0.119945456,1
M552Y,0.045353406,0.046140749,0
W553A,0.022628492,0.023020958,0
W553C,0.018304207,0.018621532,0
W553D,0.03441705,0.035014359,0
W553E,0.048113138,0.048948436,0
W553F,0.081703303,0.083122278,0
W553G,0.025076036,0.025511031,0
W553H,0.005119073,0.005207288,0
W553I,0.112198392,0.114147262,1
W553K,0.024116703,0.024535029,0
W553L,0.086798811,0.088306327,0
W553M,0.051587019,0.05248268,0
W553N,0.026371986,0.0268295,0
W553P,0.030572418,0.031102921,0
W553Q,0.015751536,0.016024505,0
W553R,0.002795583,0.002843424,0
W553S,0.068209256,0.069393752,0
W553T,0.084357906,0.085823008,0
W553V,0.091000337,0.092580861,0
W553Y,0.047772484,0.048601862,0
A554C,0.008517492,0.008664759,0
A554D,0.259617861,0.264128355,1
A554E,0.008977913,0.00913318,0
A554F,0.001099413,0.00111778,0
A554G,0.114389372,0.116376314,1
A554H,0.000765394,0.000777957,0
A554I,0.010754144,0.010940276,0
A554K,0.002369789,0.002410231,0
A554L,0.002293022,0.00233213,0
A554M,0.109902035,0.111811003,1
A554N,0.088706908,0.09024758,0
A554P,0.012728359,0.012948796,0
A554Q,0.005136171,0.005224683,0
A554R,0.001350469,0.001373199,0
A554S,0.179478285,0.182596239,1
A554T,0.074771628,0.076070155,0
A554V,0.008024838,0.008163544,0
A554W,0.005383908,0.005476724,0
A554Y,0.005106799,0.0051948,0
C555A,0.057639968,0.058640808,0
C555D,0.013408815,0.013641076,0
C555E,0.017552848,0.017857117,0
C555F,0.052152644,0.053058134,0
C555G,0.027374835,0.027849775,0
C555H,0.00410398,0.004174556,0
C555I,0.027337424,0.027811714,0
C555K,0.002861431,0.002910416,0
C555L,0.016398051,0.016682254,0
C555M,0.005175483,0.005264678,0
C555N,0.002272246,0.002310993,0
C555P,0.000764503,0.000777051,0
C555Q,0.005595579,0.005692074,0
C555R,0.001794699,0.001825148,0
C555S,0.004845145,0.0049286,0
C555T,0.071561263,0.072804005,0
C555V,0.004913492,0.004998134,0
C555W,0.043006932,0.043753502,0
C555Y,0.018221792,0.018537685,0
Q556A,0.046018303,0.0468172,0
Q556C,0.009718632,0.009886771,0
Q556D,0.019376261,0.019712215,0
Q556E,0.044996982,0.045778132,0
Q556F,0.139502895,0.14192622,1
Q556G,0.010500308,0.010682029,0
Q556H,0.010328728,0.010507468,0
Q556I,0.034221613,0.034815526,0
Q556K,0.029471017,0.029982381,0
Q556L,0.165077417,0.167945136,1
Q556M,0.131303582,0.133584432,1
Q556N,0.009094304,0.009251594,0
Q556P,0.000430063,0.000436799,0
Q556R,0.018446126,0.018765917,0
Q556S,0.049275856,0.050131358,0
Q556T,0.004363555,0.004438641,0
Q556V,0.052194829,0.053101052,0
Q556W,0.064089162,0.065202066,0
Q556Y,0.025117457,0.025553172,0
K557A,0.018370244,0.018688717,0
K557C,0.002308648,0.002348027,0
K557D,0.027697074,0.028177614,0
K557E,0.033201659,0.033777849,0
K557F,0.068624498,0.06981621,0
K557G,0.032620641,0.033186735,0
K557H,0.034607892,0.035208517,0
K557I,0.077629197,0.078977378,0
K557L,0.103617673,0.105417441,1
K557M,0.102926456,0.104714213,1
K557N,0.102667243,0.104450496,1
K557P,0.000124428,0.000125854,0
K557Q,0.068112344,0.069295156,0
K557R,0.016364782,0.016648407,0
K557S,0.086397494,0.087898037,0
K557T,0.067424541,0.068595402,0
K557V,0.05804744,0.05905536,0
K557W,0.013155917,0.013383783,0
K557Y,0.023454145,0.023860958,0
G558A,0.001403186,0.001426832,0
G558C,0.003165791,0.003220065,0
G558D,0.001597974,0.001625004,0
G558E,0.001273788,0.001295185,0
G558F,0.0000807,0.0000814,0
G558H,0.003320969,0.003377939,0
G558I,0.00069054,0.000701803,0
G558K,0.009737711,0.009906181,0
G558L,0.0000648,0.0000652,0
G558M,0.006080086,0.006185,0
G558N,0.012405409,0.012620234,0
G558P,0.000919101,0.000934335,0
G558Q,0.00307596,0.003128673,0
G558R,0.003125933,0.003179514,0
G558S,0.000168511,0.000170703,0
G558T,0.005106971,0.005194975,0
G558V,0.000679411,0.00069048,0
G558W,0.000697539,0.000708923,0
G558Y,0.000401516,0.000407756,0
N559A,0.042146514,0.042878133,0
N559C,0.001688371,0.001716972,0
N559D,0.018469082,0.018789272,0
N559E,0.025704076,0.026149984,0
N559F,0.236261974,0.240366626,1
N559G,0.00106417,0.001081925,0
N559H,0.003354177,0.003411724,0
N559I,0.026166134,0.026620071,0
N559K,0.018090218,0.018403825,0
N559L,0.008368472,0.00851315,0
N559M,0.068488823,0.069678177,0
N559P,0.00000913,0.00000855,0
N559Q,0.027563176,0.028041389,0
N559R,0.006731985,0.006848226,0
N559S,0.09108898,0.092671044,0
N559T,0.046019143,0.046818055,0
N559V,0.011900048,0.012106092,0
N559W,0.116299137,0.118319264,1
N559Y,0.179691245,0.1828129,1
I560A,0.01085075,0.011038561,0
I560C,0.013086641,0.013313303,0
I560D,0.001422071,0.001446045,0
I560E,0.000380428,0.000386302,0
I560F,0.194706269,0.198088831,1
I560G,0.000760677,0.000773158,0
I560H,0.001437206,0.001461443,0
I560K,0.001841725,0.001872991,0
I560L,0.050128082,0.050998392,0
I560M,0.037387058,0.038035975,0
I560N,0.005019906,0.005106397,0
I560P,0.001144411,0.00116356,0
I560Q,0.001423623,0.001447624,0
I560R,0.007642885,0.007774954,0
I560S,0.00463405,0.004713837,0
I560T,0.005242358,0.005332715,0
I560V,0.088587159,0.090125751,0
I560W,0.006938424,0.007058252,0
I560Y,0.021969664,0.022350682,0
R561A,0.013444032,0.013676905,0
R561C,0.003470598,0.003530168,0
R561D,0.018277858,0.018594725,0
R561E,0.003657133,0.003719944,0
R561F,0.027410714,0.027886278,0
R561G,0.011293835,0.011489345,0
R561H,0.052554646,0.053467121,0
R561I,0.068946105,0.070143405,0
R561K,0.026221703,0.026676606,0
R561L,0.038540396,0.039209354,0
R561M,0.036019031,0.036644176,0
R561N,0.004489384,0.004566657,0
R561P,0.000261433,0.000265239,0
R561Q,0.030545744,0.031075783,0
R561S,0.052244939,0.053152033,0
R561T,0.083878283,0.085335051,0
R561V,0.341037737,0.346963017,1
R561W,0.021160146,0.021527097,0
R561Y,0.018405707,0.018724796,0
C562A,0.017868329,0.01817808,0
C562D,0.002701538,0.002747744,0
C562E,0.001147937,0.001167147,0
C562F,0.141420761,0.143877412,1
C562G,0.000465639,0.000472994,0
C562H,0.017610602,0.017915875,0
C562I,0.024001446,0.024417769,0
C562K,0.003457076,0.003516411,0
C562L,0.142323049,0.144795378,1
C562M,0.005207051,0.005296794,0
C562N,0.008846279,0.008999259,0
C562P,0.000236403,0.000239774,0
C562Q,0.004877971,0.004961996,0
C562R,0.001407828,0.001431554,0
C562S,0.002785541,0.002833207,0
C562T,0.002519112,0.002562149,0
C562V,0.03756885,0.038220926,0
C562W,0.045400242,0.046188399,0
C562Y,0.006921784,0.007041323,0
N563A,0.026392252,0.026850118,0
N563C,0.00121738,0.001237797,0
N563D,0.008375466,0.008520265,0
N563E,0.039907262,0.040599971,0
N563F,0.021799101,0.022177155,0
N563G,0.017247656,0.017546622,0
N563H,0.010090801,0.010265406,0
N563I,0.014568215,0.014820622,0
N563K,0.030869247,0.031404908,0
N563L,0.050335435,0.051209348,0
N563M,0.020312432,0.020664653,0
N563P,0.0000529,0.0000531,0
N563Q,0.030763054,0.031296869,0
N563R,0.001313606,0.001335695,0
N563S,0.16811355,0.171034026,1
N563T,0.174433375,0.177463667,1
N563V,0.062261566,0.063342713,0
N563W,0.059694519,0.06073106,0
N563Y,0.016204348,0.016485185,0
I564A,0.000478991,0.000486578,0
I564C,0.007028532,0.007149926,0
I564D,0.017013433,0.017308329,0
I564E,0.000276535,0.000280604,0
I564F,0.07280518,0.074069537,0
I564G,0.000196122,0.000198793,0
I564H,0.000787414,0.00080036,0
I564K,0.007707117,0.007840303,0
I564L,0.141438575,0.143895535,1
I564M,0.006582065,0.006695701,0
I564N,0.013521517,0.013755736,0
I564P,0.00317582,0.003230268,0
I564Q,0.00341358,0.003472159,0
I564R,0.002587234,0.002631454,0
I564S,0.00664664,0.006761398,0
I564T,0.205375424,0.208943378,1
I564V,0.181039642,0.184184727,1
I564W,0.001359652,0.001382541,0
I564Y,0.019476556,0.019814252,0
C565A,0.122434948,0.124561693,1
C565D,0.005705084,0.005803481,0
C565E,0.000688965,0.0007002,0
C565F,0.069285677,0.070488878,0
C565G,0.004703078,0.004784064,0
C565H,0.011095961,0.011288033,0
C565I,0.027338623,0.027812934,0
C565K,0.006925576,0.007045181,0
C565L,0.01431743,0.014565479,0
C565M,0.011205713,0.011399692,0
C565N,0.000918894,0.000934125,0
C565P,0.001133494,0.001152453,0
C565Q,0.002670582,0.002716251,0
C565R,0.06884432,0.070039852,0
C565S,0.001312223,0.001334288,0
C565T,0.004490937,0.004568237,0
C565V,0.034145536,0.034738127,0
C565W,0.076096712,0.077418264,0
C565Y,0.003056687,0.003109065,0
I566A,0.198215818,0.201659364,1
I566C,0.001631609,0.001659224,0
I566D,0.005321283,0.005413011,0
I566E,0.004409939,0.004485831,0
I566F,0.015764727,0.016037925,0
I566G,0.00104867,0.001066156,0
I566H,0.001000267,0.001016911,0
I566K,0.000495023,0.000502888,0
I566L,0.032579407,0.033144784,0
I566M,0.02215818,0.022542473,0
I566N,0.002196308,0.002233735,0
I566P,0.001845031,0.001876354,0
I566Q,0.006679437,0.006794765,0
I566R,0.000485261,0.000492957,0
I566S,0.001727547,0.001756829,0
I566T,0.037666605,0.038320379,0
I566V,0.133023731,0.135334471,1
I566W,0.006007537,0.00611119,0
I566Y,0.005846036,0.005946883,0
