variant,activity,activity_scaled,activity_binary
K2A,0.032454,0.063350439,0
K2C,0.0739603,0.145983645,0
K2D,0.00921618,0.017087208,0
K2E,0.0216186,0.041778682,0
K2F,0.0778293,0.15368628,0
K2G,0.0216213,0.041784057,0
K2H,0.0435157,0.085372728,0
K2I,0.0740298,0.14612201,0
K2L,0.0853308,0.168620712,0
K2M,0.0476227,0.093549188,0
K2N,0.0635647,0.125287468,0
K2P,0.0280798,0.054642022,0
K2Q,0.0501262,0.098533304,0
K2R,0.0270948,0.052681026,0
K2S,0.0510153,0.100303377,0
K2T,0.106143,0.210054875,1
K2V,0.0511353,0.10054228,0
K2W,0.0162055,0.031001961,0
K2Y,0.0603332,0.118854006,0
A3C,0.0312627,0.060978728,0
A3D,0.0487411,0.095775765,0
A3E,0.0288821,0.056239289,0
A3F,0.0532378,0.104728062,0
A3G,0.0106728,0.019987133,0
A3H,0.0252342,0.048976833,0
A3I,0.0609768,0.120135323,0
A3K,0.0196313,0.037822247,0
A3L,0.133778,0.265072274,1
A3M,0.0648764,0.127898878,0
A3N,0.074834,0.147723059,0
A3P,0.026303,0.051104663,0
A3Q,0.0331281,0.064692477,0
A3R,0.042322,0.082996239,0
A3S,0.0425328,0.083415913,0
A3T,0.0358909,0.070192824,0
A3V,0.0716554,0.141394914,0
A3W,0.0370636,0.072527504,0
A3Y,0.072619,0.143313306,0
K4A,0.0961888,0.190237463,0
K4C,0.0507882,0.099851253,0
K4D,0.015378,0.029354525,0
K4E,0.0323074,0.063058579,0
K4F,0.0323614,0.063166086,0
K4G,0.0301446,0.058752749,0
K4H,0.037236,0.072870729,0
K4I,0.0403524,0.079075043,0
K4L,0.0540811,0.106406954,0
K4M,0.0603453,0.118878095,0
K4N,0.0546598,0.107559064,0
K4P,0.047599,0.093502004,0
K4Q,0.0560664,0.110359407,0
K4R,0.0652437,0.128630121,0
K4S,0.0591272,0.116453029,0
K4T,0.066549,0.131228789,0
K4V,0.0557791,0.109787433,0
K4W,0.0381615,0.074713269,0
K4Y,0.0333277,0.065089853,0
L5A,0.122962,0.243539139,1
L5C,0.0992749,0.196381454,0
L5D,0.0183627,0.035296643,0
L5E,0.0273584,0.053205816,0
L5F,0.14597,0.289344831,1
L5G,0.0197605,0.038079466,0
L5H,0.0566767,0.111574428,0
L5I,0.0622206,0.122611554,0
L5K,0.0521212,0.102505068,0
L5M,0.0350277,0.068474314,0
L5N,0.0160552,0.030702735,0
L5P,0.0129138,0.024448649,0
L5Q,0.0221578,0.042852153,0
L5R,0.0145503,0.02770669,0
L5S,0.012706,0.024034948,0
L5T,0.0221753,0.042886993,0
L5V,0.0319521,0.062351227,0
L5W,0.0460806,0.090479083,0
L5Y,0.0418965,0.082149129,0
L6A,0.0419011,0.082158287,0
L6C,0.0362252,0.070858368,0
L6D,0.0232251,0.044976997,0
L6E,0.0136598,0.02593383,0
L6F,0.137127,0.271739662,1
L6G,0.00917294,0.017001123,0
L6H,0.0649688,0.128082833,0
L6I,0.081318,0.160631791,0
L6K,0.0127407,0.024104031,0
L6M,0.0632507,0.124662338,0
L6N,0.0104752,0.019593739,0
L6P,0.0168408,0.032266754,0
L6Q,0.0621199,0.122411074,0
L6R,0.0183131,0.035197896,0
L6S,0.042782,0.083912035,0
L6T,0.0182484,0.035069087,0
L6V,0.0494857,0.097258159,0
L6W,0.107333,0.212423998,1
L6Y,0.0505282,0.09933363,0
V7A,0.0359785,0.070367223,0
V7C,0.0950939,0.188057671,0
V7D,0.0110682,0.020774319,0
V7E,0.0307329,0.059923971,0
V7F,0.0959096,0.189681615,0
V7G,0.0110167,0.02067179,0
V7H,0.00916785,0.016990989,0
V7I,0.0756093,0.149266572,0
V7K,0.0409931,0.080350586,0
V7L,0.128355,0.254275843,1
V7M,0.0940117,0.185903163,0
V7N,0.0246509,0.047815564,0
V7P,0.00337946,0.005467119,0
V7Q,0.0203084,0.039170258,0
V7R,0.0569358,0.11209026,0
V7S,0.011458,0.021550356,0
V7T,0.0382656,0.074920517,0
V7W,0.0827259,0.163434722,0
V7Y,0.0338615,0.066152574,0
L8A,0.0419366,0.082228962,0
L8C,0.0356787,0.069770363,0
L8D,0.00921498,0.017084818,0
L8E,0.0124443,0.02351394,0
L8F,0.155274,0.307867787,1
L8G,0.0179942,0.034563011,0
L8H,0.0215005,0.041543561,0
L8I,0.095764,0.189391746,0
L8K,0.0160489,0.030690192,0
L8M,0.0578847,0.113979386,0
L8N,0.0164695,0.031527548,0
L8P,0.0167639,0.032113657,0
L8Q,0.0342812,0.066988137,0
L8R,0.0221305,0.042797802,0
L8S,0.044297,0.086928187,0
L8T,0.0265863,0.051668674,0
L8V,0.0612567,0.120692564,0
L8W,0.0478963,0.094093887,0
L8Y,0.0240793,0.046677589,0
L9A,0.0112216,0.021079717,0
L9C,0.103127,0.204050443,1
L9D,0.011412,0.021458776,0
L9E,0.0131343,0.024887633,0
L9F,0.0625302,0.123227924,0
L9G,0.0919374,0.181773523,0
L9H,0.0132467,0.025111406,0
L9I,0.0591316,0.116461789,0
L9K,0.0107972,0.020234796,0
L9M,0.0954849,0.188836097,0
L9N,0.0248622,0.048236233,0
L9P,0.0208621,0.040272596,0
L9Q,0.0145295,0.02766528,0
L9R,0.0227386,0.044008444,0
L9S,0.0145064,0.027619292,0
L9T,0.0198363,0.038230373,0
L9V,0.105042,0.207862939,1
L9W,0.061755,0.121684609,0
L9Y,0.076666,0.151370313,0
Y10A,0.0576856,0.113583006,0
Y10C,0.0731466,0.144363683,0
Y10D,0.0119662,0.022562111,0
Y10E,0.00872688,0.01611308,0
Y10F,0.151523,0.300400073,1
Y10G,0.0156264,0.029849054,0
Y10H,0.0293908,0.057252039,0
Y10I,0.0961589,0.190177936,0
Y10K,0.0766764,0.151391018,0
Y10L,0.0710682,0.140225881,0
Y10M,0.0604891,0.119164381,0
Y10N,0.0124243,0.023474123,0
Y10P,0.0074595,0.013589905,0
Y10Q,0.0154525,0.029502844,0
Y10R,0.0163271,0.031244049,0
Y10S,0.0971009,0.192053326,0
Y10T,0.050496,0.099269524,0
Y10V,0.0330958,0.064628173,0
Y10W,0.0177552,0.034087195,0
A11C,0.0534725,0.105195317,0
A11D,0.010191,0.019027937,0
A11E,0.0286269,0.055731221,0
A11F,0.120685,0.239005952,1
A11G,0.0238971,0.046314855,0
A11H,0.0433516,0.085046028,0
A11I,0.0671405,0.132406383,0
A11K,0.00956617,0.017783988,0
A11L,0.107356,0.212469787,1
A11M,0.0420572,0.08246906,0
A11N,0.0291532,0.056779011,0
A11P,0.0157481,0.030091342,0
A11Q,0.0399388,0.078251623,0
A11R,0.0136871,0.02598818,0
A11S,0.0697481,0.137597747,0
A11T,0.0521815,0.102625117,0
A11V,0.101426,0.200663991,1
A11W,0.0583255,0.114856957,0
A11Y,0.0340469,0.066521679,0
F12A,0.0641333,0.12641947,0
F12C,0.101396,0.200604266,1
F12D,0.0130276,0.024675209,0
F12E,0.00921172,0.017078328,0
F12G,0.0877193,0.173375879,0
F12H,0.0214748,0.041492396,0
F12I,0.082902,0.163785312,0
F12K,0.0106591,0.019959858,0
F12L,0.081856,0.161702874,0
F12M,0.0335305,0.065493599,0
F12N,0.0148102,0.028224115,0
F12P,0.0141374,0.026884664,0
F12Q,0.0152892,0.029177736,0
F12R,0.0299395,0.058344423,0
F12S,0.104792,0.207365224,1
F12T,0.0238715,0.046263889,0
F12V,0.112948,0.223602673,1
F12W,0.0547393,0.107717337,0
F12Y,0.0149873,0.028576696,0
V13A,0.0767917,0.151620565,0
V13C,0.0366281,0.071660485,0
V13D,0.018641,0.035850699,0
V13E,0.0967821,0.19141864,0
V13F,0.0305866,0.059632708,0
V13G,0.0227392,0.044009639,0
V13H,0.0457849,0.089890386,0
V13I,0.067629,0.133378917,0
V13K,0.0204178,0.039388058,0
V13L,0.0201986,0.038951661,0
V13M,0.0403271,0.079024674,0
V13N,0.0242484,0.047014244,0
V13P,0.017248,0.033077432,0
V13Q,0.0436769,0.085693655,0
V13R,0.0434507,0.085243322,0
V13S,0.115511,0.228705246,1
V13T,0.0493259,0.096940019,0
V13W,0.0241724,0.046862938,0
V13Y,0.0219364,0.042411377,0
A14C,0.0569825,0.112183233,0
A14D,0.0297349,0.057937093,0
A14E,0.068735,0.135580808,0
A14F,0.0441478,0.08663115,0
A14G,0.0360269,0.070463581,0
A14H,0.0363678,0.071142265,0
A14I,0.0233116,0.045149206,0
A14K,0.0294797,0.057429026,0
A14L,0.0688547,0.135819114,0
A14M,0.0448816,0.088092043,0
A14N,0.0652007,0.128544514,0
A14P,0.022097,0.042731109,0
A14Q,0.09338,0.184645537,0
A14R,0.0362488,0.070905352,0
A14S,0.0473592,0.093024596,0
A14T,0.0356966,0.069806,0
A14V,0.0331865,0.064808744,0
A14W,0.0399318,0.078237687,0
A14Y,0.0323784,0.06319993,0
T15A,0.0529854,0.104225569,0
T15C,0.0746088,0.147274718,0
T15D,0.0215081,0.041558692,0
T15E,0.0237102,0.045942763,0
T15F,0.0129455,0.024511759,0
T15G,0.0247603,0.048033364,0
T15H,0.0144132,0.027433743,0
T15I,0.168045,0.333293052,1
T15K,0.0245483,0.047611302,0
T15L,0.00655292,0.011785031,0
T15M,0.0651782,0.128499719,0
T15N,0.0193061,0.037174819,0
T15P,0.0624713,0.123110662,0
T15Q,0.0112738,0.02118364,0
T15R,0.0102433,0.019132059,0
T15S,0.0625543,0.123275903,0
T15V,0.105197,0.208171522,1
T15W,0.0284502,0.055379436,0
T15Y,0.0170675,0.032718081,0
D16A,0.108166,0.214082384,1
D16C,0.0239677,0.046455409,0
D16E,0.049673,0.097631047,0
D16F,0.0141178,0.026845644,0
D16G,0.0292019,0.056875965,0
D16H,0.0687121,0.135535217,0
D16I,0.0248076,0.048127532,0
D16K,0.0843695,0.166706899,0
D16L,0.0287456,0.055967536,0
D16M,0.0828557,0.163693136,0
D16N,0.027653,0.053792323,0
D16P,0.00578923,0.010264632,0
D16Q,0.0241847,0.046887426,0
D16R,0.0761882,0.150419081,0
D16S,0.043118,0.084580963,0
D16T,0.029855,0.058176196,0
D16V,0.0324911,0.0634243,0
D16W,0.0343831,0.067191006,0
D16Y,0.0393388,0.077057108,0
A17C,0.0300065,0.058477811,0
A17D,0.0530414,0.104337057,0
A17E,0.034327,0.067079319,0
A17F,0.0198669,0.038291293,0
A17G,0.0795389,0.157089853,0
A17H,0.0347814,0.067983965,0
A17I,0.0347578,0.067936981,0
A17K,0.0302559,0.058974331,0
A17L,0.0125463,0.023717008,0
A17M,0.0374908,0.073378,0
A17N,0.0292447,0.056961174,0
A17P,0.0175452,0.033669115,0
A17Q,0.029278,0.05702747,0
A17R,0.012596,0.023815954,0
A17S,0.0586963,0.115595168,0
A17T,0.0219142,0.04236718,0
A17V,0.0381602,0.074710681,0
A17W,0.0401653,0.078702553,0
A17Y,0.0158421,0.030278482,0
D18A,0.0342169,0.066860125,0
D18C,0.0173388,0.033258202,0
D18E,0.0518371,0.101939465,0
D18F,0.0132935,0.025204578,0
D18G,0.0943143,0.186505597,0
D18H,0.018752,0.036071684,0
D18I,0.0124541,0.023533451,0
D18K,0.0297064,0.057880354,0
D18L,0.007714,0.014096578,0
D18M,0.0273666,0.053222141,0
D18N,0.0512746,0.100819607,0
D18P,0.0175862,0.03375074,0
D18Q,0.0233835,0.045292349,0
D18R,0.0245365,0.04758781,0
D18S,0.0111596,0.020956283,0
D18T,0.0231867,0.044900548,0
D18V,0.0507551,0.099785355,0
D18W,0.0288289,0.056133375,0
D18Y,0.0907496,0.17940878,0
T19A,0.00549291,0.009674701,0
T19C,0.00618203,0.011046642,0
T19D,0.0131305,0.024880068,0
T19E,0.0418352,0.082027089,0
T19F,0.0167181,0.032022475,0
T19G,0.0037987,0.006301767,0
T19H,0.0539861,0.106217822,0
T19I,0.0446502,0.087631358,0
T19K,0.0697477,0.137596951,0
T19L,0.139039,0.275546185,1
T19M,0.0444301,0.08719317,0
T19N,0.0611927,0.120565149,0
T19P,0.0032087,0.00512716,0
T19Q,0.130606,0.258757268,1
T19R,0.0788609,0.155740051,0
T19S,0.0870511,0.172045587,0
T19V,0.0593957,0.116987575,0
T19W,0.0117035,0.022039112,0
T19Y,0.0470639,0.092436695,0
I20A,0.0123848,0.023395484,0
I20C,0.0140195,0.026649942,0
I20D,0.0317139,0.061877004,0
I20E,0.0266369,0.051769411,0
I20F,0.0174381,0.033455894,0
I20G,0.00988128,0.018411328,0
I20H,0.0127749,0.024172119,0
I20K,0.125947,0.249481854,1
I20L,0.0755738,0.149195897,0
I20M,0.0532448,0.104741998,0
I20N,0.0205853,0.039721527,0
I20P,0.0251933,0.048895407,0
I20Q,0.0387396,0.075864185,0
I20R,0.0131586,0.024936011,0
I20S,0.0188142,0.036195516,0
I20T,0.0355951,0.069603927,0
I20V,0.0599945,0.118179702,0
I20W,0.0161811,0.030953384,0
I20Y,0.0234094,0.045343912,0
C21A,0.0159248,0.030443126,0
C21D,0.123256,0.244124451,1
C21E,0.0122192,0.023065798,0
C21F,0.0325949,0.063630951,0
C21G,0.0104141,0.019472098,0
C21H,0.0129937,0.024607719,0
C21I,0.0109323,0.020503761,0
C21K,0.0314234,0.061298659,0
C21L,0.0187776,0.03612265,0
C21M,0.0259604,0.050422595,0
C21N,0.016289,0.031168197,0
C21P,0.0241264,0.046771359,0
C21Q,0.0182984,0.03516863,0
C21R,0.0218629,0.042265048,0
C21S,0.0195429,0.037646255,0
C21T,0.0129589,0.024538437,0
C21V,0.0323804,0.063203912,0
C21W,0.0645172,0.127183761,0
C21Y,0.0223482,0.043231213,0
I22A,0.0271247,0.052740552,0
I22C,0.0224104,0.043355044,0
I22D,0.0654953,0.129131021,0
I22E,0.020702,0.03995386,0
I22F,0.0161584,0.030908191,0
I22G,0.00872949,0.016118276,0
I22H,0.0247537,0.048020225,0
I22K,0.0311075,0.060669747,0
I22L,0.0791205,0.156256878,0
I22M,0.0278448,0.05417417,0
I22N,0.0290447,0.056563002,0
I22P,0.00740347,0.013478357,0
I22Q,0.0169283,0.032440954,0
I22R,0.0107634,0.020167505,0
I22S,0.0205962,0.039743227,0
I22T,0.0245973,0.047708854,0
I22V,0.0839168,0.165805637,0
I22W,0.0204988,0.039549317,0
I22Y,0.0651584,0.1284603,0
G23A,0.0204161,0.039384673,0
G23C,0.0311455,0.0607454,0
G23D,0.0313107,0.06107429,0
G23E,0.0192833,0.037129428,0
G23F,0.0128861,0.024393502,0
G23H,0.0192254,0.037014157,0
G23I,0.0132399,0.025097868,0
G23K,0.0193115,0.03718557,0
G23L,0.0169779,0.0325397,0
G23M,0.0232132,0.044953306,0
G23N,0.0185041,0.03557815,0
G23P,0.030351,0.059163662,0
G23Q,0.0184882,0.035546495,0
G23R,0.0196503,0.037860073,0
G23S,0.149522,0.296416364,1
G23T,0.00926432,0.017183047,0
G23V,0.0324812,0.063404591,0
G23W,0.026993,0.052478356,0
G23Y,0.0177086,0.033994421,0
Y24A,0.015587,0.029770614,0
Y24C,0.0333902,0.065214282,0
Y24D,0.0153299,0.029258764,0
Y24E,0.0204016,0.039355806,0
Y24F,0.0982346,0.194310363,0
Y24G,0.00399787,0.006698286,0
Y24H,0.0286795,0.05583594,0
Y24I,0.0231608,0.044848985,0
Y24K,0.0329974,0.064432272,0
Y24L,0.00852856,0.015718253,0
Y24M,0.0465845,0.091482277,0
Y24N,0.0114607,0.021555731,0
Y24P,0.00449599,0.007689973,0
Y24Q,0.0617848,0.121743937,0
Y24R,0.0107049,0.02005104,0
Y24S,0.028343,0.055166016,0
Y24T,0.126658,0.250897355,1
Y24V,0.0471142,0.092536836,0
Y24W,0.0595318,0.117258531,0
H25A,0.0713345,0.140756047,0
H25C,0.0273764,0.053241652,0
H25D,0.016521,0.031630077,0
H25E,0.0126795,0.023982191,0
H25F,0.00813484,0.014934412,0
H25G,0.0125477,0.023719795,0
H25I,0.0427305,0.083809505,0
H25K,0.0634229,0.125005164,0
H25L,0.123658,0.244924777,1
H25M,0.0378074,0.074008306,0
H25N,0.0272031,0.052896636,0
H25P,0.0128862,0.024393701,0
H25Q,0.0819175,0.161825311,0
H25R,0.0113556,0.021346492,0
H25S,0.0306007,0.059660779,0
H25T,0.0532318,0.104716117,0
H25V,0.0675703,0.133262054,0
H25W,0.014465,0.02753687,0
H25Y,0.0418538,0.082064119,0
A26C,0.0596333,0.117460603,0
A26D,0.00907481,0.01680576,0
A26E,0.0277338,0.053953185,0
A26F,0.0142542,0.027117197,0
A26G,0.0142817,0.027171945,0
A26H,0.0122652,0.023157378,0
A26I,0.0145852,0.027776171,0
A26K,0.0112092,0.02105503,0
A26L,0.00682162,0.012319975,0
A26M,0.025355,0.049217328,0
A26N,0.0742967,0.14665337,0
A26P,0.00707099,0.012816436,0
A26Q,0.0171101,0.032802892,0
A26R,0.00672638,0.012130366,0
A26S,0.0924573,0.182808571,0
A26T,0.0255305,0.049566724,0
A26V,0.118194,0.234046721,1
A26W,0.0184989,0.035567798,0
A26Y,0.116038,0.229754428,1
N27A,0.028688,0.055852863,0
N27C,0.0137828,0.026178706,0
N27D,0.0431293,0.08460346,0
N27E,0.0143626,0.027333006,0
N27F,0.0515617,0.101391183,0
N27G,0.0152821,0.029163601,0
N27H,0.0443325,0.086998862,0
N27I,0.0299348,0.058335066,0
N27K,0.0487078,0.095709469,0
N27L,0.00965946,0.017969716,0
N27M,0.0198371,0.038231966,0
N27P,0.00840457,0.015471406,0
N27Q,0.0136947,0.026003311,0
N27R,0.0393899,0.077158841,0
N27S,0.0448092,0.087947905,0
N27T,0.0179816,0.034537926,0
N27V,0.00732278,0.013317714,0
N27W,0.020944,0.040435648,0
N27Y,0.0216224,0.041786247,0
N28A,0.11264,0.222989488,1
N28C,0.0113395,0.021314439,0
N28D,0.0738677,0.145799292,0
N28E,0.026394,0.051285831,0
N28F,0.0194307,0.03742288,0
N28G,0.0194553,0.037471855,0
N28H,0.0115002,0.02163437,0
N28I,0.0122542,0.023135478,0
N28K,0.02745,0.053388179,0
N28L,0.00967399,0.017998643,0
N28M,0.0232957,0.045117552,0
N28P,0.00758527,0.013840295,0
N28Q,0.0176147,0.03380748,0
N28R,0.0101313,0.018909083,0
N28S,0.0259971,0.050495659,0
N28T,0.0150616,0.028724617,0
N28V,0.0139863,0.026583846,0
N28W,0.0874121,0.172764287,0
N28Y,0.0179884,0.034551464,0
S29A,0.100725,0.199268399,1
S29C,0.0471724,0.092652704,0
S29D,0.00690555,0.012487068,0
S29E,0.0492099,0.09670908,0
S29F,0.0129438,0.024508375,0
S29G,0.0295321,0.057533347,0
S29H,0.0296136,0.057695602,0
S29I,0.0099776,0.018603088,0
S29K,0.0416188,0.081596267,0
S29L,0.0093091,0.017272198,0
S29M,0.0229863,0.04450158,0
S29N,0.0844765,0.166919921,0
S29P,0.0140289,0.026668656,0
S29Q,0.024322,0.047160771,0
S29R,0.0125712,0.02376658,0
S29T,0.0767803,0.151597869,0
S29V,0.0215336,0.041609458,0
S29W,0.0293394,0.057149709,0
S29Y,0.0175367,0.033652193,0
T30A,0.0156873,0.029970297,0
T30C,0.0137045,0.026022821,0
T30D,0.014533,0.027672248,0
T30E,0.0222816,0.043098621,0
T30F,0.0156372,0.029870555,0
T30G,0.0186338,0.035836364,0
T30H,0.0499273,0.098137322,0
T30I,0.0185825,0.035734233,0
T30K,0.0175645,0.033707539,0
T30L,0.0100716,0.018790228,0
T30M,0.0292125,0.056897068,0
T30N,0.10917,0.216081206,1
T30P,0.0346438,0.067710023,0
T30Q,0.0165132,0.031614548,0
T30R,0.00953229,0.017716538,0
T30S,0.0761962,0.150435008,0
T30V,0.0102246,0.01909483,0
T30W,0.126665,0.250911291,1
T30Y,0.0121041,0.02283665,0
D31A,0.0292337,0.056939275,0
D31C,0.0127937,0.024209547,0
D31E,0.0822173,0.162422171,0
D31F,0.0193399,0.03724211,0
D31G,0.0174333,0.033446338,0
D31H,0.0476253,0.093554364,0
D31I,0.0194601,0.037481412,0
D31K,0.0295735,0.057615769,0
D31L,0.0119321,0.022494222,0
D31M,0.0169653,0.032514616,0
D31N,0.0322769,0.062997858,0
D31P,0.00670972,0.012097198,0
D31Q,0.109737,0.217210024,1
D31R,0.00907974,0.016815575,0
D31S,0.00752805,0.013726378,0
D31T,0.106253,0.21027387,1
D31V,0.0648039,0.127754541,0
D31W,0.0243662,0.047248767,0
D31Y,0.0365263,0.071457816,0
T32A,0.0263232,0.051144879,0
T32C,0.0242734,0.047064015,0
T32D,0.0127615,0.024145441,0
T32E,0.175264,0.347665065,1
T32F,0.0113338,0.021303091,0
T32G,0.0204195,0.039391442,0
T32H,0.015902,0.030397735,0
T32I,0.0315985,0.061647259,0
T32K,0.0153614,0.029321476,0
T32L,0.0697651,0.137631592,0
T32M,0.0601566,0.11850242,0
T32N,0.0299111,0.058287883,0
T32P,0.0157217,0.030038783,0
T32Q,0.0290458,0.056565192,0
T32R,0.0750636,0.14818016,0
T32S,0.0417385,0.081834573,0
T32V,0.0432835,0.084910451,0
T32W,0.021249,0.04104286,0
T32Y,0.00914131,0.016938152,0
V33A,0.0282537,0.054988233,0
V33C,0.0258786,0.050259742,0
V33D,0.0866031,0.171153682,0
V33E,0.0180964,0.034766477,0
V33F,0.0251528,0.048814777,0
V33G,0.0196282,0.037816075,0
V33H,0.0134343,0.025484891,0
V33I,0.104491,0.206765975,1
V33K,0.0570029,0.112223847,0
V33L,0.0703843,0.138864332,0
V33M,0.0219497,0.042437855,0
V33N,0.0111758,0.020988535,0
V33P,0.00689935,0.012474725,0
V33Q,0.0209028,0.040353624,0
V33R,0.0102019,0.019049637,0
V33S,0.0297045,0.057876571,0
V33T,0.0115783,0.021789856,0
V33W,0.0168143,0.032213996,0
V33Y,0.0165647,0.031717077,0
D34A,0.0179853,0.034545292,0
D34C,0.0163725,0.031334434,0
D34E,0.0523268,0.102914389,0
D34F,0.0326922,0.063824662,0
D34G,0.0428181,0.083983905,0
D34H,0.0227837,0.044098232,0
D34I,0.014966,0.028534291,0
D34K,0.0135711,0.025757241,0
D34L,0.017307,0.033194892,0
D34M,0.0385445,0.075475768,0
D34N,0.0545734,0.107387054,0
D34P,0.0313247,0.061102162,0
D34Q,0.0187116,0.035991253,0
D34R,0.0165252,0.031638438,0
D34S,0.0129276,0.024476123,0
D34T,0.0308429,0.060142966,0
D34V,0.0376023,0.07359998,0
D34W,0.0255649,0.04963521,0
D34Y,0.0476809,0.093665056,0
T35A,0.0281283,0.054738579,0
T35C,0.0196842,0.037927563,0
T35D,0.0192127,0.036988873,0
T35E,0.0172402,0.033061903,0
T35F,0.0187382,0.03604421,0
T35G,0.0129121,0.024445264,0
T35H,0.0297166,0.057900661,0
T35I,0.0319317,0.062310613,0
T35K,0.0399582,0.078290246,0
T35L,0.01421,0.027029201,0
T35M,0.0291573,0.056787173,0
T35N,0.0399611,0.078296019,0
T35P,0.0146752,0.027955349,0
T35Q,0.0335984,0.065628779,0
T35R,0.0154092,0.029416639,0
T35S,0.0862216,0.170394169,0
T35V,0.0150128,0.028627463,0
T35W,0.0168598,0.03230458,0
T35Y,0.0227454,0.044021982,0
I36A,0.0415182,0.081395987,0
I36C,0.038914,0.076211391,0
I36D,0.0119172,0.022464558,0
I36E,0.0133292,0.025275652,0
I36F,0.0411066,0.080576549,0
I36G,0.0154442,0.029486319,0
I36H,0.0121277,0.022883634,0
I36K,0.0252688,0.049045716,0
I36L,0.0723673,0.142812206,0
I36M,0.130596,0.258737359,1
I36N,0.0143086,0.0272255,0
I36P,0.036331,0.071069001,0
I36Q,0.0249846,0.048479914,0
I36R,0.0133688,0.02535449,0
I36S,0.0164595,0.031507639,0
I36T,0.0811264,0.160250343,0
I36V,0.0326814,0.063803161,0
I36W,0.0179822,0.034539121,0
I36Y,0.0416447,0.08164783,0
L37A,0.020227,0.039008202,0
L37C,0.0450755,0.088478071,0
L37D,0.0665022,0.131135617,0
L37E,0.0195692,0.037698614,0
L37F,0.0350775,0.068573459,0
L37G,0.00825609,0.015175803,0
L37H,0.00620332,0.011089027,0
L37I,0.0317141,0.061877402,0
L37K,0.0189868,0.036539138,0
L37M,0.0215927,0.041727118,0
L37N,0.0160461,0.030684618,0
L37P,0.0108274,0.02029492,0
L37Q,0.0609609,0.120103668,0
L37R,0.124205,0.246013777,1
L37S,0.221376,0.439467573,1
L37T,0.15494,0.30720284,1
L37V,0.00577821,0.010242693,0
L37W,0.0184352,0.03544098,0
L37Y,0.0343268,0.067078921,0
E38A,0.117562,0.232788498,1
E38C,0.011817,0.022265074,0
E38D,0.0383052,0.074999355,0
E38F,0.0217696,0.042079301,0
E38G,0.0286952,0.055867197,0
E38H,0.0264467,0.05139075,0
E38I,0.016637,0.031861017,0
E38K,0.0261018,0.050704102,0
E38L,0.00719344,0.013060217,0
E38M,0.0204419,0.039436037,0
E38N,0.0410066,0.080377463,0
E38P,0.00569417,0.010075381,0
E38Q,0.140767,0.27898639,1
E38R,0.0344888,0.06740144,0
E38S,0.0578666,0.113943352,0
E38T,0.020357,0.039267013,0
E38V,0.0192639,0.037090805,0
E38W,0.0465114,0.091336746,0
E38Y,0.0179131,0.034401552,0
K39A,0.0278165,0.054117829,0
K39C,0.0271283,0.052747719,0
K39D,0.0167442,0.032074437,0
K39E,0.0372299,0.072858584,0
K39F,0.0143984,0.027404279,0
K39G,0.0682049,0.134525453,0
K39H,0.0273166,0.053122598,0
K39I,0.0136674,0.025948961,0
K39L,0.0097381,0.018126277,0
K39M,0.0446087,0.087548737,0
K39N,0.0357478,0.069907932,0
K39P,0.0202072,0.038968783,0
K39Q,0.0145551,0.027716246,0
K39R,0.245372,0.487240234,1
K39S,0.0117884,0.022208136,0
K39T,0.0555857,0.109402401,0
K39V,0.0147987,0.02820122,0
K39W,0.0225346,0.043602309,0
K39Y,0.0198168,0.038191551,0
N40A,0.0347643,0.067949922,0
N40C,0.0191514,0.036866833,0
N40D,0.0354324,0.069280015,0
N40E,0.0580336,0.114275825,0
N40F,0.0192591,0.037081249,0
N40G,0.0514639,0.101196477,0
N40H,0.0352471,0.068911108,0
N40I,0.013383,0.02538276,0
N40K,0.0726994,0.143473371,0
N40L,0.0095988,0.01784895,0
N40M,0.0301491,0.058761707,0
N40P,0.0148426,0.028288618,0
N40Q,0.0385851,0.075556597,0
N40R,0.0328666,0.064171868,0
N40S,0.0487488,0.095791094,0
N40T,0.0229812,0.044491427,0
N40V,0.0188623,0.036291276,0
N40W,0.0234161,0.045357251,0
N40Y,0.0301377,0.058739012,0
V41A,0.033392,0.065217865,0
V41C,0.0398025,0.077980269,0
V41D,0.0186865,0.035941283,0
V41E,0.0337997,0.066029539,0
V41F,0.0233795,0.045284386,0
V41G,0.0353046,0.069025583,0
V41H,0.0209269,0.040401604,0
V41I,0.116692,0.231056451,1
V41K,0.0211408,0.040827449,0
V41L,0.0358619,0.070135089,0
V41M,0.0460183,0.090355053,0
V41N,0.0467994,0.091910113,0
V41P,0.0146742,0.027953358,0
V41Q,0.0355853,0.069584417,0
V41R,0.013516,0.025647544,0
V41S,0.00932194,0.017297761,0
V41T,0.0206288,0.039808129,0
V41W,0.0437045,0.085748602,0
V41Y,0.0191457,0.036855485,0
A42C,0.102883,0.203564674,1
A42D,0.0247833,0.048079154,0
A42E,0.0275649,0.053616929,0
A42F,0.0678026,0.133724531,0
A42G,0.0355833,0.069580435,0
A42H,0.029507,0.057483377,0
A42I,0.0505516,0.099380216,0
A42K,0.0809548,0.159908711,0
A42L,0.0161979,0.03098683,0
A42M,0.0297534,0.057973924,0
A42N,0.0115998,0.02183266,0
A42P,0.120341,0.238321096,1
A42Q,0.0241587,0.046835663,0
A42R,0.0463211,0.090957885,0
A42S,0.0250552,0.048620469,0
A42T,0.0397207,0.077817417,0
A42V,0.102839,0.203477076,1
A42W,0.0402949,0.078960568,0
A42Y,0.0286,0.055677667,0
V43A,0.068354,0.13482229,0
V43C,0.0391181,0.076617725,0
V43D,0.0363532,0.071113198,0
V43E,0.0440996,0.086535191,0
V43F,0.0321808,0.062806536,0
V43G,0.029158,0.056788567,0
V43H,0.0650324,0.128209452,0
V43I,0.0688891,0.135887599,0
V43K,0.0444902,0.087312821,0
V43L,0.011715,0.022062007,0
V43M,0.0537855,0.105818456,0
V43N,0.045037,0.088401423,0
V43P,0.0349346,0.068288965,0
V43Q,0.0427404,0.083829215,0
V43R,0.0203014,0.039156322,0
V43S,0.0262172,0.050933847,0
V43T,0.0292213,0.056914588,0
V43W,0.0410515,0.080466853,0
V43Y,0.0415771,0.081513248,0
T44A,0.0283159,0.055112064,0
T44C,0.0139778,0.026566923,0
T44D,0.0410317,0.080427434,0
T44E,0.0267136,0.05192211,0
T44F,0.0468742,0.092059029,0
T44G,0.0169467,0.032477586,0
T44H,0.0229789,0.044486848,0
T44I,0.0332692,0.064973388,0
T44K,0.0489235,0.096138897,0
T44L,0.0261566,0.050813201,0
T44M,0.0289238,0.056322307,0
T44N,0.0287965,0.056068871,0
T44P,0.00676585,0.012208945,0
T44Q,0.024528,0.047570888,0
T44R,0.0146567,0.027918518,0
T44S,0.031011,0.060477629,0
T44V,0.0417123,0.081782412,0
T44W,0.0354714,0.069357658,0
T44Y,0.0234702,0.045464957,0
H45A,0.0594289,0.117053671,0
H45C,0.0188625,0.036291674,0
H45D,0.0550815,0.108398609,0
H45E,0.0261431,0.050786325,0
H45F,0.0679505,0.134018979,0
H45G,0.0249863,0.048483299,0
H45I,0.0109967,0.020631972,0
H45K,0.0113205,0.021276613,0
H45L,0.0220871,0.042711399,0
H45M,0.053594,0.105437206,0
H45N,0.0317209,0.06189094,0
H45P,0.0167112,0.032008738,0
H45Q,0.0540156,0.106276552,0
H45R,0.0165962,0.031779789,0
H45S,0.117967,0.233594796,1
H45T,0.0120229,0.022674992,0
H45V,0.00935007,0.017353764,0
H45W,0.0275667,0.053620512,0
H45Y,0.0306268,0.059712741,0
S46A,0.0421327,0.08261937,0
S46C,0.0265601,0.051616513,0
S46D,0.0246559,0.047825519,0
S46E,0.0174495,0.03347859,0
S46F,0.0589654,0.116130908,0
S46G,0.0139281,0.026467978,0
S46H,0.066366,0.130864462,0
S46I,0.0240889,0.046696701,0
S46K,0.03432,0.067065383,0
S46L,0.0531578,0.104568793,0
S46M,0.03639,0.071186462,0
S46N,0.0373373,0.073072403,0
S46P,0.0225485,0.043629982,0
S46Q,0.0245183,0.047551576,0
S46R,0.0140077,0.02662645,0
S46T,0.0335174,0.065467519,0
S46V,0.0182467,0.035065703,0
S46W,0.101872,0.201551915,1
S46Y,0.0259959,0.05049327,0
V47A,0.0298049,0.058076454,0
V47C,0.0197908,0.038139789,0
V47D,0.0150829,0.028767022,0
V47E,0.0151215,0.028843869,0
V47F,0.0911078,0.180121906,0
V47G,0.0139168,0.026445481,0
V47H,0.0215139,0.041570239,0
V47I,0.0829244,0.163829908,0
V47K,0.0791315,0.156278777,0
V47L,0.0516746,0.101615951,0
V47M,0.048342,0.094981213,0
V47N,0.00854061,0.015742243,0
V47P,0.0050506,0.008794124,0
V47Q,0.063867,0.125889304,0
V47R,0.0366787,0.071761223,0
V47S,0.015095,0.028791111,0
V47T,0.0418904,0.082136984,0
V47W,0.0209922,0.040531607,0
V47Y,0.129987,0.257524926,1
N48A,0.00860164,0.015863745,0
N48C,0.0141673,0.026944191,0
N48D,0.0606506,0.119485904,0
N48E,0.0580648,0.11433794,0
N48F,0.0238278,0.046176888,0
N48G,0.0151709,0.028942218,0
N48H,0.0108955,0.020430497,0
N48I,0.0118054,0.02224198,0
N48K,0.0315881,0.061626554,0
N48L,0.00916934,0.016993956,0
N48M,0.0247074,0.047928048,0
N48P,0.0344731,0.067370183,0
N48Q,0.021888,0.042315019,0
N48R,0.0217699,0.042079899,0
N48S,0.112919,0.223544938,1
N48T,0.0992017,0.196235723,0
N48V,0.0161282,0.030848067,0
N48W,0.0466106,0.091534239,0
N48Y,0.0151496,0.028899812,0
L49A,0.00855513,0.01577115,0
L49C,0.0269681,0.052428784,0
L49D,0.0198782,0.03831379,0
L49E,0.0278668,0.054217969,0
L49F,0.088249,0.174430438,0
L49G,0.00974818,0.018146345,0
L49H,0.0207693,0.040087845,0
L49I,0.0594584,0.117112402,0
L49K,0.019005,0.036575371,0
L49M,0.0320076,0.06246172,0
L49N,0.0155684,0.029733584,0
L49P,0.0398202,0.078015507,0
L49Q,0.0366434,0.071690945,0
L49R,0.0185307,0.035631107,0
L49S,0.0144572,0.027521341,0
L49T,0.0168316,0.032248438,0
L49V,0.0175361,0.033650998,0
L49W,0.0227382,0.044007648,0
L49Y,0.0263658,0.051229689,0
L50A,0.025502,0.049509985,0
L50C,0.0252284,0.048965286,0
L50D,0.0812425,0.160481481,0
L50E,0.0143116,0.027231472,0
L50F,0.029492,0.057453514,0
L50G,0.0165095,0.031607182,0
L50H,0.0160112,0.030615137,0
L50I,0.0233395,0.045204751,0
L50K,0.0222055,0.042947117,0
L50M,0.0380361,0.074463615,0
L50N,0.0114492,0.021532836,0
L50P,0.0222782,0.043091852,0
L50Q,0.0196439,0.037847332,0
L50R,0.0103277,0.019300088,0
L50S,0.0300855,0.058635089,0
L50T,0.00954622,0.017744271,0
L50V,0.0487073,0.095708474,0
L50W,0.0261108,0.05072202,0
L50Y,0.0261858,0.050871334,0
E51A,0.172996,0.343149796,1
E51C,0.0758744,0.149794349,0
E51D,0.0465413,0.091396272,0
E51F,0.0255269,0.049559557,0
E51G,0.0167369,0.032059903,0
E51H,0.0153761,0.029350742,0
E51I,0.0667227,0.131574602,0
E51K,0.0275512,0.053589654,0
E51L,0.0311855,0.060825034,0
E51M,0.0130892,0.024797846,0
E51N,0.00761005,0.013889629,0
E51P,0.00259514,0.003905648,0
E51Q,0.0352635,0.068943759,0
E51R,0.0134085,0.025433527,0
E51S,0.00900934,0.016675418,0
E51T,0.0761102,0.150263794,0
E51V,0.158744,0.314776069,1
E51W,0.0122363,0.023099842,0
E51Y,0.0232058,0.044938574,0
D52A,0.103116,0.204028544,1
D52C,0.0127059,0.024034749,0
D52E,0.0591304,0.1164594,0
D52F,0.00810267,0.014870366,0
D52G,0.0589165,0.116033555,0
D52H,0.0631243,0.124410693,0
D52I,0.0198988,0.038354802,0
D52K,0.0369625,0.072326229,0
D52L,0.0293274,0.057125818,0
D52M,0.0354842,0.069383141,0
D52N,0.0651782,0.128499719,0
D52P,0.005692,0.010071061,0
D52Q,0.0127171,0.024057047,0
D52R,0.0180472,0.034668526,0
D52S,0.10369,0.205171297,1
D52T,0.080255,0.158515508,0
D52V,0.0520622,0.102387608,0
D52W,0.0189558,0.036477421,0
D52Y,0.0573182,0.112851565,0
S53A,0.0847405,0.167445507,0
S53C,0.00895229,0.01656184,0
S53D,0.0198786,0.038314586,0
S53E,0.160526,0.31832378,1
S53F,0.0438092,0.085957045,0
S53G,0.0711646,0.1404178,0
S53H,0.0506153,0.099507033,0
S53I,0.0276279,0.053742353,0
S53K,0.0404783,0.079325692,0
S53L,0.0403394,0.079049162,0
S53M,0.0594905,0.117176308,0
S53N,0.0445162,0.087364583,0
S53P,0.00182715,0.002376688,0
S53Q,0.0677735,0.133666597,0
S53R,0.0474287,0.093162961,0
S53T,0.0627625,0.1236904,0
S53V,0.0485605,0.095416216,0
S53W,0.0221143,0.042765551,0
S53Y,0.0278431,0.054170786,0
H54A,0.0675999,0.133320983,0
H54C,0.0167858,0.032157256,0
H54D,0.0176173,0.033812656,0
H54E,0.0179247,0.034424646,0
H54F,0.01056,0.019762564,0
H54G,0.0138991,0.026410243,0
H54I,0.0266688,0.05183292,0
H54K,0.0168767,0.032338226,0
H54L,0.00617788,0.011038379,0
H54M,0.0475413,0.093387132,0
H54N,0.0242796,0.047076358,0
H54P,0.0428042,0.083956232,0
H54Q,0.0400878,0.078548261,0
H54R,0.0381109,0.074612531,0
H54S,0.0462181,0.090752827,0
H54T,0.133226,0.263973319,1
H54V,0.0259604,0.050422595,0
H54W,0.0226419,0.043815928,0
H54Y,0.0894753,0.176871828,0
N55A,0.0133387,0.025294565,0
N55C,0.014462,0.027530897,0
N55D,0.0408947,0.080154686,0
N55E,0.0246459,0.04780561,0
N55F,0.114167,0.226029531,1
N55G,0.0248236,0.048159386,0
N55H,0.0224782,0.043490024,0
N55I,0.0253283,0.049164173,0
N55K,0.0496465,0.097578289,0
N55L,0.00957354,0.017798661,0
N55M,0.0312605,0.060974348,0
N55P,0.00990592,0.018460383,0
N55Q,0.029794,0.058054753,0
N55R,0.0107543,0.020149388,0
N55S,0.0700462,0.138191223,0
N55T,0.0652095,0.128562033,0
N55V,0.0140012,0.026613509,0
N55W,0.0224488,0.043431493,0
N55Y,0.0135958,0.025806415,0
G56A,0.0425047,0.083359969,0
G56C,0.016486,0.031560397,0
G56D,0.033515,0.065462741,0
G56E,0.0621855,0.122541674,0
G56F,0.0339474,0.066323589,0
G56H,0.0682704,0.134655855,0
G56I,0.0529112,0.104077847,0
G56K,0.0260279,0.050556978,0
G56L,0.00520132,0.009094186,0
G56M,0.128443,0.254451039,1
G56N,0.0335556,0.06554357,0
G56P,0.00965816,0.017967128,0
G56Q,0.0377501,0.073894229,0
G56R,0.0318071,0.062062552,0
G56S,0.0557128,0.109655439,0
G56T,0.0305991,0.059657594,0
G56V,0.0142039,0.027017057,0
G56W,0.030534,0.059527989,0
G56Y,0.0278226,0.054129973,0
K57A,0.119035,0.235721034,1
K57C,0.0188072,0.03618158,0
K57D,0.0140707,0.026751874,0
K57E,0.00639967,0.011479932,0
K57F,0.14636,0.290121266,1
K57G,0.0207326,0.04001478,0
K57H,0.0664968,0.131124866,0
K57I,0.00901919,0.016695028,0
K57L,0.0369041,0.072209962,0
K57M,0.0701128,0.138323814,0
K57N,0.0219193,0.042377333,0
K57P,0.00731171,0.013295676,0
K57Q,0.0776661,0.153361372,0
K57R,0.0612067,0.120593021,0
K57S,0.00544651,0.009582325,0
K57T,0.0089231,0.016503726,0
K57V,0.0564275,0.111078306,0
K57W,0.05552,0.109271601,0
K57Y,0.0456406,0.089603105,0
L58A,0.0108205,0.020281183,0
L58C,0.0243121,0.047141061,0
L58D,0.0131666,0.024951938,0
L58E,0.038727,0.0758391,0
L58F,0.0256628,0.049830115,0
L58G,0.0113581,0.021351469,0
L58H,0.0286649,0.055806874,0
L58I,0.0892456,0.176414528,0
L58K,0.0220028,0.04254357,0
L58M,0.0390288,0.076439941,0
L58N,0.032329,0.063101582,0
L58P,0.0297337,0.057934704,0
L58Q,0.0267372,0.051969094,0
L58R,0.0296856,0.057838944,0
L58S,0.0189716,0.036508877,0
L58T,0.0153974,0.029393147,0
L58V,0.0212158,0.040976763,0
L58W,0.0445491,0.087430082,0
L58Y,0.0339081,0.066245348,0
C59A,0.0130706,0.024760816,0
C59D,0.0264914,0.051479741,0
C59E,0.0373008,0.072999736,0
C59F,0.0357983,0.07000847,0
C59G,0.0259571,0.050416025,0
C59H,0.0150363,0.028674248,0
C59I,0.0229024,0.044334547,0
C59K,0.0131986,0.025015646,0
C59L,0.019836,0.038229776,0
C59M,0.0450666,0.088460352,0
C59N,0.0270916,0.052674655,0
C59P,0.0120967,0.022821918,0
C59Q,0.0747774,0.147610376,0
C59R,0.0164221,0.031433181,0
C59S,0.0159979,0.030588658,0
C59T,0.0107505,0.020141823,0
C59V,0.0211847,0.040914848,0
C59W,0.0292284,0.056928723,0
C59Y,0.0638279,0.125811462,0
K60A,0.053449,0.105148532,0
K60C,0.00860797,0.015876347,0
K60D,0.0224825,0.043498585,0
K60E,0.0177383,0.03405355,0
K60F,0.0651861,0.128515447,0
K60G,0.005826,0.010337836,0
K60H,0.0695402,0.137183848,0
K60I,0.00554874,0.00978585,0
K60L,0.0525103,0.103279712,0
K60M,0.032406,0.063254878,0
K60N,0.100107,0.198038048,1
K60P,0.00239099,0.003499214,0
K60Q,0.037488,0.073372425,0
K60R,0.135962,0.269420311,1
K60S,0.0788701,0.155758367,0
K60T,0.0503148,0.09890878,0
K60V,0.00264442,0.004003758,0
K60W,0.0206214,0.039793397,0
K60Y,0.11858,0.234815193,1
L61A,0.00625742,0.011196732,0
L61C,0.00950027,0.017652791,0
L61D,0.0108017,0.020243755,0
L61E,0.0233554,0.045236406,0
L61F,0.0236905,0.045903543,0
L61G,0.0129254,0.024471743,0
L61H,0.00784207,0.014351548,0
L61I,0.219929,0.436586799,1
L61K,0.0102994,0.019243746,0
L61M,0.0535175,0.105284905,0
L61N,0.0166674,0.031921539,0
L61P,0.0130384,0.02469671,0
L61Q,0.00844091,0.015543754,0
L61R,0.00751356,0.013697531,0
L61S,0.0131539,0.024926654,0
L61T,0.0143924,0.027392334,0
L61V,0.148964,0.295305464,1
L61W,0.0137038,0.026021428,0
L61Y,0.052769,0.103794747,0
K62A,0.0455638,0.089450207,0
K62C,0.00618128,0.011045148,0
K62D,0.0805374,0.159077726,0
K62E,0.0554812,0.109194356,0
K62F,0.0462432,0.090802797,0
K62G,0.0423943,0.083140178,0
K62H,0.168259,0.333719096,1
K62I,0.0037989,0.006302165,0
K62L,0.0122802,0.02318724,0
K62M,0.0256849,0.049874113,0
K62N,0.131744,0.261022866,1
K62P,0.00281923,0.00435178,0
K62Q,0.0682118,0.13453919,0
K62R,0.0437247,0.085788818,0
K62S,0.0234071,0.045339334,0
K62T,0.00878776,0.016234284,0
K62V,0.00417125,0.007043461,0
K62W,0.0422585,0.08286982,0
K62Y,0.0813103,0.160616462,0
G63A,0.0126581,0.023939586,0
G63C,0.0176623,0.033902245,0
G63D,0.0472424,0.092792064,0
G63E,0.0350801,0.068578635,0
G63F,0.0266928,0.0518807,0
G63H,0.117827,0.233316076,1
G63I,0.013073,0.024765594,0
G63K,0.0296511,0.057770259,0
G63L,0.00847286,0.015607362,0
G63M,0.0267057,0.051906382,0
G63N,0.0716941,0.14147196,0
G63P,0.0105619,0.019766347,0
G63Q,0.032267,0.062978148,0
G63R,0.0311085,0.060671738,0
G63S,0.0736376,0.145341195,0
G63T,0.0217113,0.041963234,0
G63V,0.0252864,0.049080756,0
G63W,0.0236639,0.045850586,0
G63Y,0.0171648,0.032911792,0
I64A,0.0285478,0.055573744,0
I64C,0.0148287,0.028260946,0
I64D,0.0241927,0.046903353,0
I64E,0.0404078,0.079185336,0
I64F,0.0205441,0.039639503,0
I64G,0.0247329,0.047978815,0
I64H,0.0848836,0.167730399,0
I64K,0.0877563,0.173449541,0
I64L,0.0308702,0.060197316,0
I64M,0.0479229,0.094146844,0
I64N,0.0657579,0.12965382,0
I64P,0.00390815,0.006519666,0
I64Q,0.064351,0.12685288,0
I64R,0.127251,0.252077935,1
I64S,0.019889,0.038335291,0
I64T,0.0324687,0.063379705,0
I64V,0.113024,0.223753978,1
I64W,0.014612,0.027829526,0
I64Y,0.0109701,0.020579016,0
A65C,0.00652857,0.011736554,0
A65D,0.0388223,0.076028829,0
A65E,0.163977,0.325194236,1
A65F,0.0190277,0.036620564,0
A65G,0.0440485,0.086433458,0
A65H,0.0559374,0.110102586,0
A65I,0.00918252,0.017020195,0
A65K,0.0857337,0.169422829,0
A65L,0.0443482,0.087030119,0
A65M,0.0629902,0.124143719,0
A65N,0.062618,0.123402721,0
A65P,0.0554256,0.109083664,0
A65Q,0.0577901,0.113791051,0
A65R,0.04402,0.086376719,0
A65S,0.0339833,0.06639506,0
A65T,0.0421873,0.082728071,0
A65V,0.0165001,0.031588468,0
A65W,0.0163986,0.031386396,0
A65Y,0.0490777,0.096445888,0
P66A,0.116111,0.229899761,1
P66C,0.022983,0.04449501,0
P66D,0.0228561,0.04424237,0
P66E,0.0209292,0.040406183,0
P66F,0.0214881,0.041518874,0
P66G,0.0311521,0.060758539,0
P66H,0.0327876,0.06401459,0
P66I,0.0200372,0.038630337,0
P66K,0.0225149,0.043563089,0
P66L,0.0172346,0.033050754,0
P66M,0.038141,0.074672456,0
P66N,0.0165076,0.031603399,0
P66Q,0.0141887,0.026986796,0
P66R,0.0111439,0.020925027,0
P66S,0.01989,0.038337282,0
P66T,0.0160393,0.03067108,0
P66V,0.0146495,0.027904184,0
P66W,0.0309867,0.060429251,0
P66Y,0.0220638,0.042665012,0
L67A,0.00991655,0.018481546,0
L67C,0.0230084,0.044545578,0
L67D,0.0147241,0.028052702,0
L67E,0.0157508,0.030096717,0
L67F,0.0440394,0.086415341,0
L67G,0.00844597,0.015553828,0
L67H,0.0354821,0.06937896,0
L67I,0.078445,0.154912052,0
L67K,0.0242263,0.046970246,0
L67M,0.0440776,0.086491392,0
L67N,0.0272978,0.05308517,0
L67P,0.0243751,0.047266485,0
L67Q,0.0221389,0.042814526,0
L67R,0.0287789,0.056033832,0
L67S,0.0159938,0.030580496,0
L67T,0.0274339,0.053356126,0
L67V,0.0722007,0.142480529,0
L67W,0.0406505,0.079668518,0
L67Y,0.0277652,0.054015698,0
Q68A,0.0469621,0.092234026,0
Q68C,0.0107417,0.020124303,0
Q68D,0.124541,0.246682706,1
Q68E,0.0939096,0.185699896,0
Q68F,0.0336579,0.065747235,0
Q68G,0.0228951,0.044320014,0
Q68H,0.024994,0.048498628,0
Q68I,0.0770888,0.152212049,0
Q68K,0.0184568,0.035483982,0
Q68L,0.069078,0.136263673,0
Q68M,0.0955383,0.188942409,0
Q68N,0.0135268,0.025669046,0
Q68P,0.024886,0.048283615,0
Q68R,0.0555573,0.10934586,0
Q68S,0.0331965,0.064828652,0
Q68T,0.0447575,0.087844977,0
Q68V,0.0695452,0.137193802,0
Q68W,0.0287803,0.056036619,0
Q68Y,0.0443431,0.087019965,0
L69A,0.00894792,0.01655314,0
L69C,0.0149418,0.028486112,0
L69D,0.0266641,0.051823562,0
L69E,0.0392513,0.076882908,0
L69F,0.0451992,0.08872434,0
L69G,0.0390758,0.076533512,0
L69H,0.0136299,0.025874303,0
L69I,0.0474234,0.093152409,0
L69K,0.011298,0.021231818,0
L69M,0.0339996,0.066427511,0
L69N,0.0245932,0.047700692,0
L69P,0.00984262,0.018334361,0
L69Q,0.0111294,0.020896159,0
L69R,0.0489235,0.096138897,0
L69S,0.0420979,0.082550088,0
L69T,0.0157613,0.030117621,0
L69V,0.0231948,0.044916674,0
L69W,0.0272732,0.053036195,0
L69Y,0.0135469,0.025709062,0
G70A,0.0350413,0.06850139,0
G70C,0.0116796,0.02199153,0
G70D,0.066096,0.13032693,0
G70E,0.0767804,0.151598068,0
G70F,0.0354026,0.069220687,0
G70H,0.0890064,0.175938314,0
G70I,0.00781649,0.014300622,0
G70K,0.0741876,0.146436168,0
G70L,0.0606239,0.119432748,0
G70M,0.0485319,0.095359277,0
G70N,0.0502111,0.098702328,0
G70P,0.0141162,0.026842458,0
G70Q,0.0913073,0.180519083,0
G70R,0.0752741,0.148599236,0
G70S,0.0357169,0.069846414,0
G70T,0.0234292,0.045383332,0
G70V,0.00967675,0.018004138,0
G70W,0.00962966,0.017910388,0
G70Y,0.0232335,0.04499372,0
K71A,0.0659298,0.129996049,0
K71C,0.00965124,0.017953351,0
K71D,0.0143047,0.027217735,0
K71E,0.047963,0.094226677,0
K71F,0.0228226,0.044175676,0
K71G,0.0900379,0.177991886,0
K71H,0.0178572,0.034290263,0
K71I,0.0400392,0.078451506,0
K71L,0.0289138,0.056302399,0
K71M,0.0439838,0.086304649,0
K71N,0.0301967,0.058856472,0
K71P,0.126923,0.251424933,1
K71Q,0.0391184,0.076618322,0
K71R,0.0430677,0.084480823,0
K71S,0.0411767,0.080716108,0
K71T,0.180696,0.358479413,1
K71V,0.0198864,0.038330115,0
K71W,0.0355145,0.069443464,0
K71Y,0.0418777,0.082111701,0
C72A,0.017877,0.034329682,0
C72D,0.0145159,0.027638205,0
C72E,0.0167978,0.032181147,0
C72F,0.0357828,0.069977612,0
C72G,0.0117151,0.022062206,0
C72H,0.0150538,0.028709088,0
C72I,0.0183977,0.035366323,0
C72K,0.0223103,0.043155759,0
C72L,0.0158031,0.030200839,0
C72M,0.102658,0.20311673,1
C72N,0.01598,0.030553022,0
C72P,0.00901432,0.016685333,0
C72Q,0.0195185,0.037597678,0
C72R,0.0287272,0.055930904,0
C72S,0.013466,0.025548001,0
C72T,0.00959114,0.0178337,0
C72V,0.0292364,0.05694465,0
C72W,0.0218663,0.042271817,0
C72Y,0.0306033,0.059665956,0
N73A,0.0480666,0.09443293,0
N73C,0.026792,0.052078193,0
N73D,0.0733779,0.144824169,0
N73E,0.0456473,0.089616444,0
N73F,0.00785031,0.014367952,0
N73G,0.0833616,0.164700311,0
N73H,0.0261279,0.050756064,0
N73I,0.00544522,0.009579756,0
N73K,0.0310213,0.060498135,0
N73L,0.00596925,0.010623026,0
N73M,0.0414416,0.081243487,0
N73P,0.00582035,0.010326588,0
N73Q,0.0663247,0.13078224,0
N73R,0.0237733,0.046068386,0
N73S,0.164978,0.327187086,1
N73T,0.129362,0.256280639,1
N73V,0.00484798,0.008390736,0
N73W,0.0120175,0.022664242,0
N73Y,0.00917909,0.017013367,0
I74A,0.00616334,0.011009432,0
I74C,0.0235848,0.045693109,0
I74D,0.00547663,0.009642289,0
I74E,0.00708002,0.012834413,0
I74F,0.0936122,0.185107814,0
I74G,0.00638692,0.011454549,0
I74H,0.00923426,0.017123202,0
I74K,0.00749112,0.013652856,0
I74L,0.202259,0.401408314,1
I74M,0.0757432,0.149533148,0
I74N,0.00912069,0.0168971,0
I74P,0.0545213,0.10728333,0
I74Q,0.0139302,0.026472158,0
I74R,0.00641947,0.011519351,0
I74S,0.00368726,0.006079905,0
I74T,0.0197818,0.038121871,0
I74V,0.179342,0.35578379,1
I74W,0.014297,0.027202406,0
I74Y,0.00554816,0.009784696,0
T75A,0.0461146,0.090546773,0
T75C,0.0467599,0.091831474,0
T75D,0.00384824,0.006400394,0
T75E,0.0160161,0.030624892,0
T75F,0.0153867,0.029371845,0
T75G,0.0277025,0.053890871,0
T75H,0.0297207,0.057908823,0
T75I,0.139596,0.276655093,1
T75K,0.0251436,0.048796461,0
T75L,0.100179,0.19818139,1
T75M,0.0486992,0.095692348,0
T75N,0.0337687,0.065967822,0
T75P,0.0604609,0.119108238,0
T75Q,0.0257676,0.050038757,0
T75R,0.0195929,0.037745798,0
T75S,0.0368766,0.072155214,0
T75V,0.131299,0.260136933,1
T75W,0.0119833,0.022596154,0
T75Y,0.0223405,0.043215883,0
G76A,0.105223,0.208223284,1
G76C,0.018156,0.034885132,0
G76D,0.0198882,0.038333698,0
G76E,0.039953,0.078279894,0
G76F,0.0153194,0.02923786,0
G76H,0.0140358,0.026682393,0
G76I,0.0100761,0.018799187,0
G76K,0.0292475,0.056966749,0
G76L,0.0140887,0.02678771,0
G76M,0.0319351,0.062317382,0
G76N,0.0163198,0.031229516,0
G76P,0.0085207,0.015702605,0
G76Q,0.0180827,0.034739202,0
G76R,0.022876,0.044281988,0
G76S,0.0170113,0.032606195,0
G76T,0.0110708,0.020779495,0
G76V,0.0389059,0.076195265,0
G76W,0.0252653,0.049038748,0
G76Y,0.0139086,0.026429156,0
W77A,0.0113037,0.021243166,0
W77C,0.0419097,0.082175408,0
W77D,0.0183944,0.035359753,0
W77E,0.0237414,0.046004878,0
W77F,0.0205892,0.039729291,0
W77G,0.0377028,0.073800062,0
W77H,0.0192248,0.037012962,0
W77I,0.0255899,0.049684981,0
W77K,0.027702,0.053889875,0
W77L,0.038727,0.0758391,0
W77M,0.022579,0.043690703,0
W77N,0.0275383,0.053563972,0
W77P,0.00803129,0.014728258,0
W77Q,0.0245789,0.047672223,0
W77R,0.015594,0.02978455,0
W77S,0.0129466,0.024513949,0
W77T,0.0136416,0.025897596,0
W77V,0.0379234,0.074239245,0
W77Y,0.0247511,0.048015049,0
L78A,0.0149303,0.028463217,0
L78C,0.0120811,0.02279086,0
L78D,0.0266865,0.051868158,0
L78E,0.0147445,0.028093315,0
L78F,0.0350618,0.068542202,0
L78G,0.0180085,0.03459148,0
L78H,0.0225102,0.043553732,0
L78I,0.0280201,0.054523168,0
L78K,0.0130202,0.024660476,0
L78M,0.0674426,0.133007821,0
L78N,0.0178646,0.034304995,0
L78P,0.0469801,0.092269861,0
L78Q,0.0119153,0.022460776,0
L78R,0.0176211,0.033820221,0
L78S,0.107696,0.21314668,1
L78T,0.0100945,0.018835819,0
L78V,0.0932648,0.18441619,0
L78W,0.0187209,0.036009768,0
L78Y,0.0122439,0.023114972,0
L79A,0.0253748,0.049256747,0
L79C,0.0134074,0.025431337,0
L79D,0.0100848,0.018816508,0
L79E,0.0138231,0.026258937,0
L79F,0.0214299,0.041403006,0
L79G,0.00581125,0.010308471,0
L79H,0.00886876,0.016395543,0
L79I,0.128478,0.254520719,1
L79K,0.00958947,0.017830375,0
L79M,0.0458685,0.090056822,0
L79N,0.0294562,0.057382241,0
L79P,0.0646326,0.127413506,0
L79Q,0.0132665,0.025150825,0
L79R,0.0397718,0.07791915,0
L79S,0.0138249,0.026262521,0
L79T,0.0325184,0.06347865,0
L79V,0.0303348,0.05913141,0
L79W,0.0353449,0.069105814,0
L79Y,0.0333173,0.065069148,0
G80A,0.0699939,0.138087101,0
G80C,0.0145644,0.027734761,0
G80D,0.0105862,0.019814725,0
G80E,0.0248295,0.048171132,0
G80F,0.0111317,0.020900738,0
G80H,0.0126289,0.023881453,0
G80I,0.00861568,0.015891696,0
G80K,0.0213493,0.041242543,0
G80L,0.00676589,0.012209025,0
G80M,0.0241859,0.046889815,0
G80N,0.0156938,0.029983238,0
G80P,0.0140994,0.026809012,0
G80Q,0.0227574,0.044045872,0
G80R,0.0249111,0.048333586,0
G80S,0.0102405,0.019126485,0
G80T,0.0110877,0.020813141,0
G80V,0.0474851,0.093275245,0
G80W,0.0239087,0.046337949,0
G80Y,0.0141785,0.026966489,0
N81A,0.0414349,0.081230148,0
N81C,0.0143809,0.027369439,0
N81D,0.0407761,0.07991857,0
N81E,0.0176716,0.03392076,0
N81F,0.00886938,0.016396777,0
N81G,0.0108573,0.020354447,0
N81H,0.17299,0.343137851,1
N81I,0.0282263,0.054933683,0
N81K,0.0300799,0.05862394,0
N81L,0.012017,0.022663246,0
N81M,0.0132092,0.025036749,0
N81P,0.00301081,0.004733189,0
N81Q,0.0174301,0.033439967,0
N81R,0.0159337,0.030460845,0
N81S,0.0886403,0.175209461,0
N81T,0.0317429,0.061934739,0
N81V,0.0145364,0.027679017,0
N81W,0.0142877,0.027183891,0
N81Y,0.0113272,0.021289951,0
P82A,0.0163442,0.031278093,0
P82C,0.0226833,0.04389835,0
P82D,0.0261076,0.050715649,0
P82E,0.0302697,0.059001805,0
P82F,0.0118061,0.022243374,0
P82G,0.0126605,0.023944364,0
P82H,0.142196,0.281831328,1
P82I,0.0121873,0.02300229,0
P82K,0.0175056,0.033590277,0
P82L,0.0295318,0.05753275,0
P82M,0.0206683,0.039886768,0
P82N,0.0123391,0.023304502,0
P82Q,0.0145588,0.027723613,0
P82R,0.0130731,0.024765793,0
P82S,0.0235954,0.045714212,0
P82T,0.0254762,0.049458621,0
P82V,0.0177305,0.034038021,0
P82W,0.0159584,0.030510019,0
P82Y,0.0130245,0.024669037,0
E83A,0.102878,0.203554719,1
E83C,0.0240699,0.046658875,0
E83D,0.0583667,0.114938981,0
E83F,0.0284811,0.055440954,0
E83G,0.0582861,0.114778517,0
E83H,0.0197507,0.038059955,0
E83I,0.0223475,0.043229819,0
E83K,0.0254426,0.049391728,0
E83L,0.0445931,0.08751768,0
E83M,0.0486989,0.09569175,0
E83N,0.089633,0.177185787,0
E83P,0.0020964,0.002912727,0
E83Q,0.0442078,0.086750602,0
E83R,0.00598544,0.010655259,0
E83S,0.0369403,0.072282032,0
E83T,0.0421265,0.082607026,0
E83V,0.0245888,0.047691932,0
E83W,0.0371414,0.072682393,0
E83Y,0.103403,0.20459992,1
C84A,0.0132286,0.025075371,0
C84D,0.0194778,0.03751665,0
C84E,0.0189923,0.036550088,0
C84F,0.0372255,0.072849825,0
C84G,0.028507,0.055492517,0
C84H,0.0134772,0.025570299,0
C84I,0.0154153,0.029428784,0
C84K,0.0185388,0.035647233,0
C84L,0.0052121,0.009115647,0
C84M,0.0274264,0.053341195,0
C84N,0.0269296,0.052352136,0
C84P,0.0132342,0.02508652,0
C84Q,0.0177926,0.034161654,0
C84R,0.0352045,0.068826298,0
C84S,0.019151,0.036866037,0
C84T,0.0164495,0.03148773,0
C84V,0.0259645,0.050430757,0
C84W,0.0574254,0.113064985,0
C84Y,0.0278515,0.054187509,0
D85A,0.0276742,0.05383453,0
D85C,0.0267525,0.051999554,0
D85E,0.18087,0.358825823,1
D85F,0.0134469,0.025509976,0
D85G,0.0280488,0.054580305,0
D85H,0.021044,0.040634734,0
D85I,0.0108584,0.020356637,0
D85K,0.00848168,0.015624921,0
D85L,0.0256343,0.049773376,0
D85M,0.0230757,0.044679563,0
D85N,0.034404,0.067232615,0
D85P,0.0101872,0.019020372,0
D85Q,0.0392878,0.076955574,0
D85R,0.00701002,0.012695053,0
D85S,0.017715,0.034007163,0
D85T,0.0479704,0.094241409,0
D85V,0.0172696,0.033120434,0
D85W,0.015771,0.030136932,0
D85Y,0.0375538,0.073503424,0
S86A,0.0539958,0.106237133,0
S86C,0.0119298,0.022489643,0
S86D,0.0990241,0.195882146,0
S86E,0.0678662,0.133851149,0
S86F,0.0402967,0.078964152,0
S86G,0.0289878,0.056449722,0
S86H,0.0816135,0.16122009,0
S86I,0.0672414,0.13260726,0
S86K,0.0137448,0.026103053,0
S86L,0.0837526,0.165478737,0
S86M,0.042433,0.083217225,0
S86N,0.0355614,0.069536836,0
S86P,0.0358561,0.070123542,0
S86Q,0.0490395,0.096369837,0
S86R,0.0243786,0.047273453,0
S86T,0.0343548,0.067134665,0
S86V,0.048039,0.094377982,0
S86W,0.0248086,0.048129523,0
S86Y,0.098796,0.195428031,0
L87A,0.0321944,0.062833612,0
L87C,0.0215701,0.041682125,0
L87D,0.0378097,0.074012885,0
L87E,0.0148714,0.028345955,0
L87F,0.0147638,0.028131739,0
L87G,0.0110814,0.020800598,0
L87H,0.0223144,0.043163921,0
L87I,0.15698,0.311264193,1
L87K,0.0127802,0.02418267,0
L87M,0.0511296,0.100530932,0
L87N,0.0109739,0.020586581,0
L87P,0.0228014,0.04413347,0
L87Q,0.0301236,0.05871094,0
L87R,0.0281581,0.054797906,0
L87S,0.0146299,0.027865163,0
L87T,0.0285548,0.05558768,0
L87V,0.0298996,0.058264988,0
L87W,0.0225971,0.043726737,0
L87Y,0.0182024,0.034977508,0
L88A,0.0423169,0.082986086,0
L88C,0.0073374,0.013346821,0
L88D,0.0185733,0.035715918,0
L88E,0.081301,0.160597947,0
L88F,0.0361111,0.070631211,0
L88G,0.0216526,0.041846371,0
L88H,0.0312637,0.060980719,0
L88I,0.132991,0.263505467,1
L88K,0.0414491,0.081258418,0
L88M,0.107353,0.212463815,1
L88N,0.0182989,0.035169626,0
L88P,0.00931771,0.017289339,0
L88Q,0.0662873,0.130707781,0
L88R,0.00488452,0.008463482,0
L88S,0.0298782,0.058222384,0
L88T,0.0260755,0.050651743,0
L88V,0.0428918,0.084130631,0
L88W,0.105453,0.208681182,1
L88Y,0.0264639,0.051424992,0
P89A,0.0434982,0.085337888,0
P89C,0.00191187,0.002545354,0
P89D,0.0895997,0.177119491,0
P89E,0.0611401,0.12046043,0
P89F,0.0909727,0.179852941,0
P89G,0.0745158,0.147089568,0
P89H,0.045505,0.089333145,0
P89I,0.0690425,0.136192997,0
P89K,0.02803,0.054542877,0
P89L,0.0981055,0.194053343,0
P89M,0.0477127,0.093728365,0
P89N,0.0458763,0.090072351,0
P89Q,0.0174888,0.033556831,0
P89R,0.0207019,0.039953661,0
P89S,0.0385244,0.075435752,0
P89T,0.0453863,0.08909683,0
P89V,0.041118,0.080599245,0
P89W,0.0192043,0.03697215,0
P89Y,0.0640747,0.126302806,0
A90C,0.0112218,0.021080115,0
A90D,0.0458556,0.09003114,0
A90E,0.0652898,0.128721899,0
A90F,0.0877574,0.173451731,0
A90G,0.0254986,0.049503216,0
A90H,0.0534639,0.105178195,0
A90I,0.10948,0.216698373,1
A90K,0.0507932,0.099861207,0
A90L,0.0566387,0.111498776,0
A90M,0.0714448,0.140975639,0
A90N,0.0318565,0.062160901,0
A90P,0.0258133,0.050129739,0
A90Q,0.0470529,0.092414796,0
A90R,0.0219142,0.04236718,0
A90S,0.0495498,0.097385773,0
A90T,0.0923115,0.182518304,0
A90V,0.0377699,0.073933648,0
A90W,0.01482,0.028243625,0
A90Y,0.0391709,0.076722842,0
R91A,0.0329789,0.064395441,0
R91C,0.0110457,0.020729525,0
R91D,0.0238658,0.046252541,0
R91E,0.0874432,0.172826203,0
R91F,0.0297907,0.058048183,0
R91G,0.0395759,0.07752914,0
R91H,0.0944504,0.186776553,0
R91I,0.0482581,0.09481418,0
R91K,0.0458312,0.089982563,0
R91L,0.0533287,0.104909031,0
R91M,0.064715,0.127577553,0
R91N,0.0987248,0.195286282,0
R91P,0.00924722,0.017149004,0
R91Q,0.0460402,0.090398653,0
R91S,0.0407766,0.079919565,0
R91T,0.046049,0.090416172,0
R91V,0.0681054,0.134327363,0
R91W,0.0198153,0.038188565,0
R91Y,0.0510429,0.100358325,0
S92A,0.0231981,0.044923244,0
S92C,0.00635958,0.011400119,0
S92D,0.0664095,0.130951064,0
S92E,0.0573483,0.112911489,0
S92F,0.0462323,0.090781097,0
S92G,0.0436964,0.085732476,0
S92H,0.0593974,0.116990959,0
S92I,0.0554358,0.109103971,0
S92K,0.030232,0.05892675,0
S92L,0.0289623,0.056398955,0
S92M,0.108742,0.215229119,1
S92N,0.0465228,0.091359441,0
S92P,0.0440422,0.086420916,0
S92Q,0.102618,0.203037096,1
S92R,0.0226495,0.043831058,0
S92T,0.0590417,0.116282811,0
S92V,0.0384033,0.075194659,0
S92W,0.0260476,0.050596198,0
S92Y,0.0609393,0.120060665,0
W93A,0.0110793,0.020796417,0
W93C,0.0857779,0.169510825,0
W93D,0.0632271,0.124615354,0
W93E,0.0232815,0.045089282,0
W93F,0.18452,0.36609246,1
W93G,0.0171897,0.032961364,0
W93H,0.0156341,0.029864384,0
W93I,0.020495,0.039541752,0
W93K,0.0365731,0.071550988,0
W93L,0.0484472,0.095190651,0
W93M,0.0216713,0.0418836,0
W93N,0.0200657,0.038687076,0
W93P,0.0119165,0.022463165,0
W93Q,0.0216675,0.041876035,0
W93R,0.0205578,0.039666778,0
W93S,0.011038,0.020714195,0
W93T,0.0105325,0.019707816,0
W93V,0.013396,0.025408641,0
W93Y,0.0212573,0.041059384,0
S94A,0.101149,0.200112523,1
S94C,0.0236727,0.045868106,0
S94D,0.0227262,0.043983757,0
S94E,0.0194769,0.037514858,0
S94F,0.0294464,0.05736273,0
S94G,0.168874,0.334943474,1
S94H,0.0150453,0.028692166,0
S94I,0.00890941,0.016476472,0
S94K,0.00919113,0.017037336,0
S94L,0.00712448,0.012922927,0
S94M,0.0196019,0.037763715,0
S94N,0.0101986,0.019043068,0
S94P,0.0265793,0.051654738,0
S94Q,0.0246941,0.04790157,0
S94R,0.007809,0.01428571,0
S94T,0.0146939,0.027992578,0
S94V,0.00914279,0.016941098,0
S94W,0.0441861,0.0867074,0
S94Y,0.0249728,0.048456422,0
Y95A,0.0108506,0.020341108,0
Y95C,0.0369502,0.072301741,0
Y95D,0.0261475,0.050795085,0
Y95E,0.0102569,0.019159135,0
Y95F,0.0427299,0.083808311,0
Y95G,0.0161567,0.030904807,0
Y95H,0.0315451,0.061540947,0
Y95I,0.00770868,0.014085987,0
Y95K,0.0193562,0.037274561,0
Y95L,0.0115524,0.021738293,0
Y95M,0.0193045,0.037171634,0
Y95N,0.0233385,0.045202761,0
Y95P,0.0121204,0.022869101,0
Y95Q,0.0246413,0.047796452,0
Y95R,0.0161066,0.030805065,0
Y95S,0.0282183,0.054917756,0
Y95T,0.0182042,0.034981091,0
Y95V,0.0123808,0.023387521,0
Y95W,0.019276,0.037114894,0
I96A,0.00801311,0.014692064,0
I96C,0.0378846,0.074162,0
I96D,0.013404,0.025424568,0
I96E,0.0118123,0.022255717,0
I96F,0.0306217,0.059702588,0
I96G,0.00949902,0.017650302,0
I96H,0.0159069,0.03040749,0
I96K,0.0103159,0.019276595,0
I96L,0.0751398,0.148331864,0
I96M,0.0240812,0.046681372,0
I96N,0.0275056,0.053498871,0
I96P,0.00763881,0.013946886,0
I96Q,0.0203112,0.039175832,0
I96R,0.00918812,0.017031344,0
I96S,0.0228375,0.04420534,0
I96T,0.0230872,0.044702458,0
I96V,0.174191,0.345528873,1
I96W,0.0281971,0.05487555,0
I96Y,0.0119801,0.022589784,0
V97A,0.0741527,0.146366687,0
V97C,0.0230034,0.044535624,0
V97D,0.0252108,0.048930247,0
V97E,0.030724,0.059906252,0
V97F,0.0107089,0.020059003,0
V97G,0.0116303,0.021893381,0
V97H,0.0307379,0.059933925,0
V97I,0.195633,0.38821688,1
V97K,0.0127421,0.024106818,0
V97L,0.026866,0.052225517,0
V97M,0.0255196,0.049545024,0
V97N,0.0144223,0.02745186,0
V97P,0.0088516,0.01636138,0
V97Q,0.0162059,0.031002757,0
V97R,0.00584914,0.010383904,0
V97S,0.00891237,0.016482365,0
V97T,0.020346,0.039245114,0
V97W,0.0238843,0.046289372,0
V97Y,0.0127104,0.024043708,0
E98A,0.0115733,0.021779902,0
E98C,0.0158523,0.030298789,0
E98D,0.0445048,0.087341887,0
E98F,0.0351681,0.068753831,0
E98G,0.0315633,0.061577181,0
E98H,0.0121137,0.022855762,0
E98I,0.0823025,0.162591792,0
E98K,0.0234534,0.04543151,0
E98L,0.0282256,0.054932289,0
E98M,0.0276496,0.053785554,0
E98N,0.0125964,0.02381675,0
E98P,0.0133538,0.025324627,0
E98Q,0.0833506,0.164678412,0
E98R,0.00864942,0.015958868,0
E98S,0.0189526,0.03647105,0
E98T,0.019719,0.037996845,0
E98V,0.075547,0.149142542,0
E98W,0.0188446,0.036256038,0
E98Y,0.0153604,0.029319485,0
T99A,0.102505,0.202812129,1
T99C,0.00861316,0.015886679,0
T99D,0.0770471,0.15212903,0
T99E,0.0891992,0.176322152,0
T99F,0.00997299,0.01859391,0
T99G,0.0251231,0.048755648,0
T99H,0.0472577,0.092822524,0
T99I,0.0183966,0.035364133,0
T99K,0.0279471,0.054377835,0
T99L,0.052726,0.10370914,0
T99M,0.00815282,0.014970207,0
T99N,0.0270065,0.052505233,0
T99P,0.0294271,0.057324307,0
T99Q,0.147836,0.293059775,1
T99R,0.0654877,0.12911589,0
T99S,0.0846951,0.167355122,0
T99V,0.0458659,0.090051646,0
T99W,0.0358041,0.070020017,0
T99Y,0.0229673,0.044463754,0
P100A,0.0787433,0.155505926,0
P100C,0.0038414,0.006386776,0
P100D,0.0497595,0.097803256,0
P100E,0.0575677,0.113348284,0
P100F,0.0339795,0.066387495,0
P100G,0.0637796,0.125715303,0
P100H,0.0777794,0.153586936,0
P100I,0.0527926,0.103841731,0
P100K,0.0270717,0.052635037,0
P100L,0.0414983,0.081356369,0
P100M,0.0518223,0.101910001,0
P100N,0.0307862,0.060030084,0
P100Q,0.0628617,0.123887894,0
P100R,0.0345185,0.067460568,0
P100S,0.0327144,0.063868859,0
P100T,0.0310209,0.060497339,0
P100V,0.0596596,0.117512963,0
P100W,0.075032,0.148117249,0
P100Y,0.0420162,0.082387435,0
N101A,0.0412185,0.080799326,0
N101C,0.0264129,0.051323459,0
N101D,0.183157,0.363378918,1
N101E,0.0426653,0.083679701,0
N101F,0.0936719,0.185226669,0
N101G,0.11083,0.219386033,1
N101H,0.0236558,0.04583446,0
N101I,0.036086,0.07058124,0
N101K,0.025461,0.04942836,0
N101L,0.0537656,0.105778838,0
N101M,0.029778,0.058022899,0
N101P,0.00771821,0.01410496,0
N101Q,0.0332016,0.064838806,0
N101R,0.0562945,0.110813522,0
N101S,0.045852,0.090023973,0
N101T,0.0215828,0.041707409,0
N101V,0.0236861,0.045894783,0
N101W,0.0193649,0.037291882,0
N101Y,0.0222265,0.042988925,0
S102A,0.0574085,0.113031339,0
S102C,0.0334781,0.065389278,0
S102D,0.0102128,0.019071338,0
S102E,0.0163023,0.031194676,0
S102F,0.0220962,0.042729516,0
S102G,0.0983134,0.194467243,0
S102H,0.00753615,0.013742504,0
S102I,0.00884221,0.016342686,0
S102K,0.00421333,0.007127237,0
S102L,0.00290101,0.004514592,0
S102M,0.0156033,0.029803065,0
S102N,0.100886,0.199588927,1
S102P,0.104898,0.207576255,1
S102Q,0.164768,0.326769005,1
S102R,0.0077296,0.014127636,0
S102T,0.0893101,0.176542938,0
S102V,0.0834807,0.164937423,0
S102W,0.0188201,0.036207262,0
S102Y,0.0274823,0.053452484,0
E103A,0.0403062,0.078983065,0
E103C,0.0281815,0.054844492,0
E103D,0.062191,0.122552624,0
E103F,0.0252477,0.049003709,0
E103G,0.0360987,0.070606524,0
E103H,0.0570382,0.112294124,0
E103I,0.0905844,0.17907989,0
E103K,0.0311705,0.060795171,0
E103L,0.0388334,0.076050927,0
E103M,0.0368766,0.072155214,0
E103N,0.053122,0.104497521,0
E103P,0.0615055,0.12118789,0
E103Q,0.0737389,0.145542869,0
E103R,0.0256794,0.049863163,0
E103S,0.0309261,0.060308605,0
E103T,0.0541177,0.106479819,0
E103V,0.0711892,0.140466775,0
E103W,0.0261238,0.050747901,0
E103Y,0.024044,0.046607312,0
N104A,0.0365584,0.071521722,0
N104C,0.0376535,0.073701912,0
N104D,0.0164138,0.031416657,0
N104E,0.112324,0.222360377,1
N104F,0.10082,0.199457531,1
N104G,0.0109612,0.020561297,0
N104H,0.143811,0.285046566,1
N104I,0.052588,0.103434402,0
N104K,0.0255768,0.049658901,0
N104L,0.042441,0.083233152,0
N104M,0.0220299,0.042597522,0
N104P,0.00285842,0.004429801,0
N104Q,0.0516672,0.101601218,0
N104R,0.0160792,0.030750515,0
N104S,0.0327348,0.063909472,0
N104T,0.0223278,0.043190599,0
N104V,0.0543995,0.107040843,0
N104W,0.0855248,0.169006938,0
N104Y,0.0664548,0.13104125,0
G105A,0.0747756,0.147606793,0
G105C,0.0187013,0.035970748,0
G105D,0.030891,0.060238726,0
G105E,0.0341144,0.066656062,0
G105F,0.0208549,0.040258262,0
G105H,0.0288923,0.056259595,0
G105I,0.00753282,0.013735874,0
G105K,0.046959,0.092227854,0
G105L,0.0065848,0.0118485,0
G105M,0.0256494,0.049803437,0
G105N,0.02992,0.058305601,0
G105P,0.0185396,0.035648826,0
G105Q,0.0122768,0.023180472,0
G105R,0.0305597,0.059579154,0
G105S,0.0686362,0.135384111,0
G105T,0.0107013,0.020043873,0
G105V,0.0273201,0.053129566,0
G105W,0.0352066,0.068830479,0
G105Y,0.0305592,0.059578159,0
A106C,0.0400978,0.07856817,0
A106D,0.0146397,0.027884673,0
A106E,0.0756889,0.149425045,0
A106F,0.0447757,0.087881211,0
A106G,0.0118017,0.022234614,0
A106H,0.0136273,0.025869127,0
A106I,0.0162338,0.031058302,0
A106K,0.0093641,0.017381695,0
A106L,0.0883999,0.174730858,0
A106M,0.023495,0.04551433,0
A106N,0.0304403,0.059341446,0
A106P,0.168845,0.334885739,1
A106Q,0.0429536,0.084253666,0
A106R,0.00350806,0.005723143,0
A106S,0.0771512,0.152336278,0
A106T,0.0219596,0.042457565,0
A106V,0.124861,0.247319781,1
A106W,0.0161161,0.030823978,0
A106Y,0.0272076,0.052905595,0
C107A,0.0180811,0.034736017,0
C107D,0.0147801,0.02816419,0
C107E,0.0137924,0.026197818,0
C107F,0.0209419,0.040431467,0
C107G,0.0107327,0.020106386,0
C107H,0.0158027,0.030200043,0
C107I,0.016883,0.032350768,0
C107K,0.0222871,0.043109571,0
C107L,0.00829759,0.015258424,0
C107M,0.0589903,0.116180481,0
C107N,0.0167447,0.032075432,0
C107P,0.0105877,0.019817711,0
C107Q,0.0133515,0.025320048,0
C107R,0.0164222,0.03143338,0
C107S,0.025717,0.04993802,0
C107T,0.016042,0.030676455,0
C107V,0.0102118,0.019069347,0
C107W,0.0513635,0.100996594,0
C107Y,0.0443217,0.086977361,0
Y108A,0.0207434,0.040036281,0
Y108C,0.0237518,0.046025583,0
Y108D,0.0176877,0.033952812,0
Y108E,0.0134071,0.02543074,0
Y108F,0.0755637,0.149175789,0
Y108G,0.0148441,0.028291605,0
Y108H,0.0286909,0.055858636,0
Y108I,0.0254144,0.049335586,0
Y108K,0.013109,0.024837265,0
Y108L,0.0199192,0.038395415,0
Y108M,0.0340077,0.066443637,0
Y108N,0.0259083,0.050318871,0
Y108P,0.012189,0.023005674,0
Y108Q,0.0201979,0.038950268,0
Y108R,0.011773,0.022177477,0
Y108S,0.0165545,0.031696771,0
Y108T,0.0252172,0.048942988,0
Y108V,0.0280485,0.054579708,0
Y108W,0.0506351,0.099546452,0
P109A,0.0193001,0.037162874,0
P109C,0.0158387,0.030271713,0
P109D,0.0164053,0.031399734,0
P109E,0.0233571,0.045239791,0
P109F,0.0133344,0.025286004,0
P109G,0.0118341,0.022299118,0
P109H,0.0217657,0.042071537,0
P109I,0.011971,0.022571667,0
P109K,0.0137366,0.026086728,0
P109L,0.0441837,0.086702622,0
P109M,0.0199455,0.038447775,0
P109N,0.015121,0.028842874,0
P109Q,0.0234561,0.045436886,0
P109R,0.0149313,0.028465208,0
P109S,0.0185903,0.035749762,0
P109T,0.0236325,0.045788073,0
P109V,0.05878,0.115761803,0
P109W,0.0471795,0.092666839,0
P109Y,0.0236304,0.045783892,0
G110A,0.0136939,0.026001718,0
G110C,0.03316,0.064755986,0
G110D,0.0159253,0.030444122,0
G110E,0.0655545,0.12924888,0
G110F,0.0281132,0.054708517,0
G110H,0.0106304,0.019902721,0
G110I,0.0132313,0.025080747,0
G110K,0.0189475,0.036460897,0
G110L,0.00557469,0.009837513,0
G110M,0.0523746,0.103009552,0
G110N,0.0137765,0.026166163,0
G110P,0.0142672,0.027143078,0
G110Q,0.0144718,0.027550408,0
G110R,0.0317786,0.062005813,0
G110S,0.0163141,0.031218168,0
G110T,0.0154356,0.029469198,0
G110V,0.0376985,0.073791501,0
G110W,0.0408404,0.080046582,0
G110Y,0.0259595,0.050420803,0
D111A,0.0805123,0.159027756,0
D111C,0.0212675,0.041079691,0
D111E,0.0962232,0.190305948,0
D111F,0.024194,0.046905941,0
D111G,0.0546736,0.107586538,0
D111H,0.0269505,0.052393745,0
D111I,0.0403049,0.078980477,0
D111K,0.0303976,0.059256436,0
D111L,0.0530754,0.104404746,0
D111M,0.0341839,0.066794427,0
D111N,0.0599361,0.118063435,0
D111P,0.062679,0.123524164,0
D111Q,0.0350492,0.068517117,0
D111R,0.0220668,0.042670985,0
D111S,0.0475723,0.093448848,0
D111T,0.0459077,0.090134864,0
D111V,0.0550928,0.108421106,0
D111W,0.0195849,0.037729871,0
D111Y,0.0471513,0.092610697,0
L112A,0.00467961,0.008055535,0
L112C,0.0130555,0.024730754,0
L112D,0.0130284,0.024676801,0
L112E,0.00960221,0.017855739,0
L112F,0.0788116,0.155641901,0
L112G,0.00432074,0.007341075,0
L112H,0.0288806,0.056236302,0
L112I,0.182989,0.363044454,1
L112K,0.00831716,0.015297385,0
L112M,0.0712205,0.140529089,0
L112N,0.0122781,0.02318306,0
L112P,0.00887712,0.016412187,0
L112Q,0.0114981,0.021630189,0
L112R,0.00721508,0.013103299,0
L112S,0.0090345,0.016725508,0
L112T,0.0483152,0.094927858,0
L112V,0.109159,0.216059307,1
L112W,0.100153,0.198129627,1
L112Y,0.0078872,0.014441395,0
I113A,0.118301,0.234259743,1
I113C,0.0432657,0.084875013,0
I113D,0.0408015,0.079969138,0
I113E,0.0256209,0.049746698,0
I113F,0.058007,0.114222869,0
I113G,0.0529788,0.104212429,0
I113H,0.0858981,0.169750126,0
I113K,0.0350838,0.068586001,0
I113L,0.0408186,0.080003181,0
I113M,0.0525338,0.103326497,0
I113N,0.0514794,0.101227335,0
I113P,0.0021106,0.002940997,0
I113Q,0.0597291,0.117651327,0
I113R,0.022198,0.042932185,0
I113S,0.0822313,0.162450043,0
I113T,0.0700223,0.138143641,0
I113V,0.0238489,0.046218895,0
I113W,0.0267993,0.052092727,0
I113Y,0.0505889,0.099454475,0
D114A,0.118178,0.234014868,1
D114C,0.0138707,0.026353702,0
D114E,0.0931282,0.184144239,0
D114F,0.0250182,0.048546807,0
D114G,0.0180794,0.034732632,0
D114H,0.0720164,0.142113614,0
D114I,0.00441833,0.007535363,0
D114K,0.00849417,0.015649787,0
D114L,0.0731607,0.144391754,0
D114M,0.0553828,0.108998455,0
D114N,0.0628746,0.123913576,0
D114P,0.00919456,0.017044165,0
D114Q,0.071607,0.141298556,0
D114R,0.00559829,0.009884497,0
D114S,0.0678296,0.133778284,0
D114T,0.00770372,0.014076112,0
D114V,0.00464485,0.007986332,0
D114W,0.0237793,0.046080331,0
D114Y,0.0312422,0.060937916,0
Y115A,0.0461083,0.09053423,0
Y115C,0.0219796,0.042497382,0
Y115D,0.0146149,0.0278353,0
Y115E,0.0100188,0.018685111,0
Y115F,0.0467521,0.091815945,0
Y115G,0.0355886,0.069590987,0
Y115H,0.020486,0.039523834,0
Y115I,0.133838,0.265191725,1
Y115K,0.0098038,0.018257076,0
Y115L,0.0805157,0.159034525,0
Y115M,0.056997,0.112212101,0
Y115N,0.0284777,0.055434185,0
Y115P,0.0364403,0.071286602,0
Y115Q,0.0476256,0.093554961,0
Y115R,0.0133761,0.025369023,0
Y115S,0.107113,0.211986009,1
Y115T,0.0515548,0.101377446,0
Y115V,0.0289403,0.056355157,0
Y115W,0.0176912,0.03395978,0
E116A,0.0995047,0.196838953,0
E116C,0.0216174,0.041776293,0
E116D,0.0220988,0.042734692,0
E116F,0.0382789,0.074946996,0
E116G,0.0505828,0.09944233,0
E116H,0.0465023,0.091318629,0
E116I,0.00680052,0.012277968,0
E116K,0.0228145,0.04415955,0
E116L,0.0102606,0.019166501,0
E116M,0.0248239,0.048159983,0
E116N,0.00760495,0.013879475,0
E116P,0.0989744,0.195783201,0
E116Q,0.14541,0.28822995,1
E116R,0.00615785,0.010998503,0
E116S,0.0194913,0.037543526,0
E116T,0.00725094,0.013174691,0
E116V,0.0221893,0.042914865,0
E116W,0.0199887,0.03853378,0
E116Y,0.0251613,0.048831699,0
E117A,0.0199912,0.038538757,0
E117C,0.013714,0.026041735,0
E117D,0.0321377,0.06272073,0
E117F,0.0243917,0.047299534,0
E117G,0.0244098,0.047335568,0
E117H,0.0224754,0.04348445,0
E117I,0.0341942,0.066814933,0
E117K,0.0526391,0.103536135,0
E117L,0.00762649,0.013922358,0
E117M,0.0414759,0.081311773,0
E117N,0.0249076,0.048326618,0
E117P,0.0205994,0.039749598,0
E117Q,0.021812,0.042163714,0
E117R,0.010253,0.01915137,0
E117S,0.0161971,0.030985237,0
E117T,0.0492918,0.096872131,0
E117V,0.013251,0.025119967,0
E117W,0.0495504,0.097386967,0
E117Y,0.013196,0.025010469,0
L118A,0.012861,0.024343532,0
L118C,0.0156919,0.029979455,0
L118D,0.0253872,0.049281434,0
L118E,0.0130146,0.024649328,0
L118F,0.0330326,0.06450235,0
L118G,0.00902741,0.016711393,0
L118H,0.00844959,0.015561035,0
L118I,0.0552558,0.108745616,0
L118K,0.0130905,0.024800434,0
L118M,0.0547507,0.107740033,0
L118N,0.0137174,0.026048504,0
L118P,0.0235314,0.045586797,0
L118Q,0.0408136,0.079993227,0
L118R,0.00925574,0.017165966,0
L118S,0.00639765,0.011475911,0
L118T,0.0126255,0.023874684,0
L118V,0.0251031,0.048715831,0
L118W,0.0220054,0.042548746,0
L118Y,0.0236333,0.045789666,0
R119A,0.013157,0.024932826,0
R119C,0.0285406,0.05555941,0
R119D,0.00659562,0.011870041,0
R119E,0.0113339,0.02130329,0
R119F,0.0897391,0.177397017,0
R119G,0.0109629,0.020564681,0
R119H,0.11541,0.228504169,1
R119I,0.0571583,0.112533226,0
R119K,0.0573368,0.112888595,0
R119L,0.0319058,0.06225905,0
R119M,0.0266633,0.05182197,0
R119N,0.020849,0.040246516,0
R119P,0.00567782,0.01004283,0
R119Q,0.0101668,0.018979758,0
R119S,0.0108833,0.020406209,0
R119T,0.0369408,0.072283027,0
R119V,0.0393384,0.077056311,0
R119W,0.0503974,0.099073225,0
R119Y,0.146402,0.290204882,1
E120A,0.0272874,0.053064465,0
E120C,0.0233116,0.045149206,0
E120D,0.0385513,0.075489306,0
E120F,0.0267647,0.052023843,0
E120G,0.0230213,0.04457126,0
E120H,0.0295755,0.05761975,0
E120I,0.0155808,0.029758271,0
E120K,0.0815694,0.161132293,0
E120L,0.0136282,0.025870919,0
E120M,0.0356879,0.069788679,0
E120N,0.0307771,0.060011967,0
E120P,0.00691787,0.012511596,0
E120Q,0.0239344,0.046389114,0
E120R,0.0217172,0.04197498,0
E120S,0.0291078,0.056688626,0
E120T,0.0130428,0.02470547,0
E120V,0.0141314,0.026872719,0
E120W,0.0396367,0.077650185,0
E120Y,0.0313942,0.061240526,0
Q121A,0.0251429,0.048795067,0
Q121C,0.0213675,0.041278777,0
Q121D,0.0216236,0.041788636,0
Q121E,0.0226854,0.04390253,0
Q121F,0.0259608,0.050423391,0
Q121G,0.0127201,0.024063019,0
Q121H,0.117568,0.232800443,1
Q121I,0.0205459,0.039643087,0
Q121K,0.0316179,0.061685882,0
Q121L,0.0218632,0.042265646,0
Q121M,0.0285572,0.055592458,0
Q121N,0.0249768,0.048464385,0
Q121P,0.00609484,0.010873059,0
Q121R,0.0886303,0.175189552,0
Q121S,0.0426229,0.083595289,0
Q121T,0.0400874,0.078547465,0
Q121V,0.019056,0.036676905,0
Q121W,0.0359382,0.070286991,0
Q121Y,0.0475117,0.093328202,0
L122A,0.0155856,0.029767827,0
L122C,0.0140154,0.02664178,0
L122D,0.0226269,0.043786065,0
L122E,0.0157083,0.030012105,0
L122F,0.0347664,0.067954102,0
L122G,0.00497298,0.008639593,0
L122H,0.0193648,0.037291683,0
L122I,0.166838,0.330890084,1
L122K,0.0180872,0.034748161,0
L122M,0.0397187,0.077813435,0
L122N,0.0115774,0.021788064,0
L122P,0.0098784,0.018405594,0
L122Q,0.0200985,0.038752376,0
L122R,0.00761506,0.013899603,0
L122S,0.0582478,0.114702267,0
L122T,0.01262,0.023863734,0
L122V,0.0486598,0.095613908,0
L122W,0.0275471,0.053581491,0
L122Y,0.0135238,0.025663073,0
S123A,0.0531365,0.104526388,0
S123C,0.0588233,0.115848007,0
S123D,0.0141441,0.026898003,0
S123E,0.03946,0.0772984,0
S123F,0.0641358,0.126424447,0
S123G,0.141714,0.280871734,1
S123H,0.0392234,0.076827363,0
S123I,0.0477997,0.09390157,0
S123K,0.0260568,0.050614514,0
S123L,0.0303349,0.059131609,0
S123M,0.0471183,0.092544998,0
S123N,0.0666691,0.131467891,0
S123P,0.00617916,0.011040928,0
S123Q,0.0500365,0.098354724,0
S123R,0.0309098,0.060276154,0
S123T,0.084083,0.166136517,0
S123V,0.0325878,0.063616816,0
S123W,0.01694,0.032464247,0
S123Y,0.0393916,0.077162225,0
S124A,0.0857467,0.16944871,0
S124C,0.0141829,0.026975249,0
S124D,0.0433179,0.084978936,0
S124E,0.0768232,0.151683277,0
S124F,0.0469635,0.092236813,0
S124G,0.0839955,0.165962317,0
S124H,0.0190283,0.036621759,0
S124I,0.0525391,0.103337049,0
S124K,0.00992176,0.018491918,0
S124L,0.058858,0.11591709,0
S124M,0.0469074,0.092125126,0
S124N,0.0181856,0.034944061,0
S124P,0.00893991,0.016537193,0
S124Q,0.089242,0.176407361,0
S124R,0.0365327,0.071470557,0
S124T,0.0420848,0.082524008,0
S124V,0.0585154,0.115235021,0
S124W,0.0154895,0.029576505,0
S124Y,0.0536262,0.105501312,0
V125A,0.126398,0.250379732,1
V125C,0.0473955,0.093096864,0
V125D,0.00792253,0.014511732,0
V125E,0.0102858,0.019216671,0
V125F,0.041328,0.081017325,0
V125G,0.00759045,0.013850608,0
V125H,0.00764172,0.013952679,0
V125I,0.184506,0.366064588,1
V125K,0.00977985,0.018209395,0
V125L,0.0507295,0.099734389,0
V125M,0.0407572,0.079880943,0
V125N,0.00943702,0.017526869,0
V125P,0.00363825,0.005982333,0
V125Q,0.00755806,0.013786124,0
V125R,0.0046126,0.007922127,0
V125S,0.0453583,0.089041086,0
V125T,0.180514,0.358117077,1
V125W,0.0189754,0.036516442,0
V125Y,0.0158971,0.03038798,0
S126A,0.0316268,0.0617036,0
S126C,0.00977144,0.018192652,0
S126D,0.0669899,0.132106559,0
S126E,0.0586187,0.115440677,0
S126F,0.0567508,0.111721951,0
S126G,0.045242,0.088809549,0
S126H,0.0143341,0.027276266,0
S126I,0.0899049,0.177727102,0
S126K,0.0450432,0.088413766,0
S126L,0.092054,0.182005657,0
S126M,0.0297931,0.058052961,0
S126N,0.0328751,0.06418879,0
S126P,0.0105314,0.019705626,0
S126Q,0.0625309,0.123229317,0
S126R,0.0551023,0.108440019,0
S126T,0.0955856,0.189036576,0
S126V,0.0488826,0.096057471,0
S126W,0.024084,0.046686946,0
S126Y,0.0481977,0.094693932,0
S127A,0.0549492,0.108135219,0
S127C,0.0109462,0.020531434,0
S127D,0.0825804,0.163145052,0
S127E,0.0720034,0.142087733,0
S127F,0.0403346,0.079039605,0
S127G,0.0466536,0.091619846,0
S127H,0.0263064,0.051111432,0
S127I,0.0102181,0.019081889,0
S127K,0.08118,0.160357053,0
S127L,0.0517056,0.101677667,0
S127M,0.0295497,0.057568386,0
S127N,0.0305788,0.05961718,0
S127P,0.00862322,0.015906708,0
S127Q,0.133522,0.264562614,1
S127R,0.059855,0.117901977,0
S127T,0.0611394,0.120459036,0
S127V,0.0504705,0.099218757,0
S127W,0.0154355,0.029468999,0
S127Y,0.0393514,0.077082193,0
L128A,0.119892,0.2374272,1
L128C,0.0130453,0.024710447,0
L128D,0.0099243,0.018496975,0
L128E,0.00684103,0.012358618,0
L128F,0.0562444,0.11071378,0
L128G,0.0283086,0.055097531,0
L128H,0.0278187,0.054122209,0
L128I,0.0961901,0.190240051,0
L128K,0.0146261,0.027857597,0
L128M,0.130422,0.25839095,1
L128N,0.00456441,0.007826188,0
L128P,0.00581863,0.010323163,0
L128Q,0.0167393,0.032064681,0
L128R,0.00372234,0.006149745,0
L128S,0.039112,0.076605581,0
L128T,0.0751566,0.14836531,0
L128V,0.0622772,0.122724236,0
L128W,0.0903117,0.178536983,0
L128Y,0.0312796,0.061012374,0
E129A,0.0296851,0.057837949,0
E129C,0.0112263,0.021089074,0
E129D,0.0990873,0.196007969,0
E129F,0.0112286,0.021093653,0
E129G,0.0134469,0.025509976,0
E129H,0.0707709,0.139633998,0
E129I,0.0341924,0.066811349,0
E129K,0.0439939,0.086324757,0
E129L,0.0231459,0.044819321,0
E129M,0.0766415,0.151321537,0
E129N,0.0263527,0.051203609,0
E129P,0.0116483,0.021929216,0
E129Q,0.0201784,0.038911446,0
E129R,0.00982464,0.018298566,0
E129S,0.0564737,0.111170284,0
E129T,0.067746,0.133611848,0
E129V,0.054534,0.107308614,0
E129W,0.0175993,0.03377682,0
E129Y,0.0318145,0.062077285,0
R130A,0.0157942,0.03018312,0
R130C,0.0270833,0.052658131,0
R130D,0.0268186,0.05213115,0
R130E,0.0258181,0.050139295,0
R130F,0.0218165,0.042172673,0
R130G,0.0312504,0.060954241,0
R130H,0.0254252,0.049357087,0
R130I,0.036247,0.070901769,0
R130K,0.0865159,0.170980079,0
R130L,0.0129228,0.024466567,0
R130M,0.0382336,0.07485681,0
R130N,0.0201906,0.038935734,0
R130P,0.0318843,0.062216247,0
R130Q,0.0193636,0.037289294,0
R130S,0.0133571,0.025331197,0
R130T,0.0225032,0.043539796,0
R130V,0.0170411,0.032665523,0
R130W,0.028126,0.054734,0
R130Y,0.0172593,0.033099928,0
F131A,0.0191512,0.036866435,0
F131C,0.0220704,0.042678152,0
F131D,0.0274063,0.053301178,0
F131E,0.0235995,0.045722375,0
F131G,0.0255862,0.049677615,0
F131H,0.0230674,0.044663039,0
F131I,0.061441,0.12105948,0
F131K,0.0235867,0.045696892,0
F131L,0.0312289,0.060911437,0
F131M,0.0326663,0.063773099,0
F131N,0.0193414,0.037245097,0
F131P,0.017748,0.034072861,0
F131Q,0.0222344,0.043004653,0
F131R,0.0111004,0.020838425,0
F131S,0.0249956,0.048501814,0
F131T,0.0194192,0.037399985,0
F131V,0.0396001,0.077577319,0
F131W,0.0425704,0.083490769,0
F131Y,0.0895534,0.177027314,0
E132A,0.0604421,0.11907081,0
E132C,0.0305698,0.059599262,0
E132D,0.041235,0.080832175,0
E132F,0.0183962,0.035363336,0
E132G,0.0166194,0.031825977,0
E132H,0.0161944,0.030979862,0
E132I,0.0217023,0.041945316,0
E132K,0.0512847,0.100839715,0
E132L,0.029024,0.056521791,0
E132M,0.0294476,0.05736512,0
E132N,0.0391351,0.07665157,0
E132P,0.111815,0.221347029,1
E132Q,0.0472917,0.092890213,0
E132R,0.0127699,0.024162164,0
E132S,0.0275471,0.053581491,0
E132T,0.0371887,0.072776561,0
E132V,0.055404,0.109040662,0
E132W,0.0305551,0.059569996,0
E132Y,0.0194315,0.037424473,0
I133A,0.056123,0.110472089,0
I133C,0.0335338,0.065500169,0
I133D,0.0234028,0.045330773,0
I133E,0.0224639,0.043461555,0
I133F,0.0455781,0.089478677,0
I133G,0.0133895,0.025395701,0
I133H,0.0180476,0.034669323,0
I133K,0.0261121,0.050724608,0
I133L,0.123477,0.244564431,1
I133M,0.121205,0.240041199,1
I133N,0.031919,0.062285329,0
I133P,0.0113987,0.021432298,0
I133Q,0.0154107,0.029419626,0
I133R,0.0129999,0.024620062,0
I133S,0.00984153,0.018332191,0
I133T,0.0198863,0.038329916,0
I133V,0.0422346,0.082822238,0
I133W,0.0361854,0.070779132,0
I133Y,0.0283059,0.055092155,0
F134A,0.0220411,0.04261982,0
F134C,0.0364141,0.071234441,0
F134D,0.0337751,0.065980563,0
F134E,0.0189252,0.036416501,0
F134G,0.00830485,0.015272878,0
F134H,0.0179107,0.034396774,0
F134I,0.030656,0.059770874,0
F134K,0.0269512,0.052395138,0
F134L,0.023346,0.045217692,0
F134M,0.109548,0.216833751,1
F134N,0.0160497,0.030691785,0
F134P,0.00781259,0.014292857,0
F134Q,0.0151735,0.028947394,0
F134R,0.0096268,0.017904694,0
F134S,0.0194571,0.037475439,0
F134T,0.0128721,0.02436563,0
F134V,0.0178803,0.034336252,0
F134W,0.0330358,0.064508721,0
F134Y,0.0780417,0.154109139,0
P135A,0.0410831,0.080529764,0
P135C,0.00826568,0.015194896,0
P135D,0.243152,0.482820526,1
P135E,0.0881228,0.174179191,0
P135F,0.0196414,0.037842354,0
P135G,0.0264078,0.051313305,0
P135H,0.0195649,0.037690054,0
P135I,0.00951191,0.017675964,0
P135K,0.078944,0.155905491,0
P135L,0.00679604,0.012269049,0
P135M,0.00977843,0.018206568,0
P135N,0.0873328,0.172606412,0
P135Q,0.0521588,0.102579925,0
P135R,0.0256047,0.049714446,0
P135S,0.0701688,0.138435302,0
P135T,0.023962,0.046444061,0
P135V,0.0170422,0.032667713,0
P135W,0.0124648,0.023554753,0
P135Y,0.0192793,0.037121464,0
K136A,0.0604728,0.11913193,0
K136C,0.0187866,0.036140568,0
K136D,0.0493303,0.096948779,0
K136E,0.055261,0.108755969,0
K136F,0.127415,0.252404436,1
K136G,0.0373035,0.073005112,0
K136H,0.0200793,0.038714152,0
K136I,0.0180977,0.034769065,0
K136L,0.0715916,0.141267897,0
K136M,0.0309062,0.060268987,0
K136N,0.0112489,0.021134067,0
K136P,0.0395761,0.077529539,0
K136Q,0.0417202,0.08179814,0
K136R,0.0284928,0.055464247,0
K136S,0.0544664,0.107174032,0
K136T,0.0519853,0.102234511,0
K136V,0.0737993,0.145663117,0
K136W,0.0430797,0.084504714,0
K136Y,0.0713587,0.140804226,0
E137A,0.118009,0.233678412,1
E137C,0.00287408,0.004460978,0
E137D,0.118979,0.235609546,1
E137F,0.0239541,0.046428334,0
E137G,0.0505977,0.099471994,0
E137H,0.0385193,0.075425598,0
E137I,0.0312309,0.060915419,0
E137K,0.00955818,0.017768081,0
E137L,0.0343183,0.067061998,0
E137M,0.0407117,0.079790359,0
E137N,0.094563,0.187000724,0
E137P,0.0195676,0.037695429,0
E137Q,0.0220342,0.042606083,0
E137R,0.00307258,0.004856164,0
E137S,0.0776902,0.153409352,0
E137T,0.0644254,0.127001,0
E137V,0.0417515,0.081860454,0
E137W,0.0248098,0.048131912,0
E137Y,0.0202951,0.039143779,0
S138A,0.063044,0.124250827,0
S138C,0.00588594,0.010457168,0
S138D,0.02586,0.050222712,0
S138E,0.0567525,0.111725335,0
S138F,0.0330141,0.064465519,0
S138G,0.10679,0.211342961,1
S138H,0.0299603,0.058385833,0
S138I,0.076513,0.151065712,0
S138K,0.0154261,0.029450285,0
S138L,0.0564233,0.111069945,0
S138M,0.0538523,0.105951445,0
S138N,0.146872,0.291140586,1
S138P,0.0219288,0.042396246,0
S138Q,0.0443835,0.087100396,0
S138R,0.0259708,0.0504433,0
S138T,0.0364693,0.071344337,0
S138V,0.0343451,0.067115353,0
S138W,0.0386509,0.075687596,0
S138Y,0.0607358,0.119655526,0
S139A,0.223664,0.444022659,1
S139C,0.0129719,0.024564318,0
S139D,0.00543398,0.009557379,0
S139E,0.00513273,0.008957633,0
S139F,0.036821,0.072044522,0
S139G,0.0386761,0.075737765,0
S139H,0.0326297,0.063700233,0
S139I,0.0230344,0.04459734,0
S139K,0.0221802,0.042896748,0
S139L,0.0115312,0.021696087,0
S139M,0.0465839,0.091481083,0
S139N,0.0346762,0.067774527,0
S139P,0.00260732,0.003929897,0
S139Q,0.0653347,0.128811289,0
S139R,0.0161444,0.030880319,0
S139T,0.0953053,0.188478538,0
S139V,0.0654812,0.12910295,0
S139W,0.147715,0.292818881,1
S139Y,0.0283812,0.055242067,0
W140A,0.0113334,0.021302295,0
W140C,0.0345837,0.067590372,0
W140D,0.00994303,0.018534264,0
W140E,0.0117984,0.022228044,0
W140F,0.164586,0.326406669,1
W140G,0.0192645,0.037092,0
W140H,0.0265356,0.051567737,0
W140I,0.00869571,0.016051025,0
W140K,0.00984812,0.018345311,0
W140L,0.0172659,0.033113068,0
W140M,0.0463913,0.091097643,0
W140N,0.00861063,0.015881643,0
W140P,0.00434234,0.007384077,0
W140Q,0.0102166,0.019078903,0
W140R,0.00951459,0.0176813,0
W140S,0.00538169,0.009453277,0
W140T,0.0102899,0.019224833,0
W140V,0.0136894,0.025992759,0
W140Y,0.120188,0.238016495,1
P141A,0.0305093,0.059478815,0
P141C,0.0331426,0.064721345,0
P141D,0.0248433,0.048198606,0
P141E,0.0862906,0.170531539,0
P141F,0.0259758,0.050453254,0
P141G,0.0428233,0.083994257,0
P141H,0.00998969,0.018627157,0
P141I,0.0405116,0.079391988,0
P141K,0.0192824,0.037127636,0
P141L,0.0352788,0.068974219,0
P141M,0.0842178,0.166404885,0
P141N,0.0318424,0.06213283,0
P141Q,0.112119,0.221952251,1
P141R,0.0381339,0.074658321,0
P141S,0.0602091,0.11860694,0
P141T,0.0613188,0.120816197,0
P141V,0.0413193,0.081000005,0
P141W,0.0107777,0.020195974,0
P141Y,0.0157515,0.030098111,0
N142A,0.00846272,0.015587175,0
N142C,0.0200056,0.038567425,0
N142D,0.0259212,0.050344553,0
N142E,0.0261444,0.050788913,0
N142F,0.00914291,0.016941337,0
N142G,0.0178616,0.034299023,0
N142H,0.044056,0.08644839,0
N142I,0.0213327,0.041209495,0
N142K,0.0252856,0.049079163,0
N142L,0.0247581,0.048028985,0
N142M,0.0152256,0.029051118,0
N142P,0.0206592,0.039868651,0
N142Q,0.0406395,0.079646618,0
N142R,0.0145025,0.027611527,0
N142S,0.0299352,0.058335863,0
N142T,0.0113133,0.021262279,0
N142V,0.0125219,0.023668431,0
N142W,0.0267751,0.052044548,0
N142Y,0.0313702,0.061192746,0
H143A,0.017544,0.033666726,0
H143C,0.00548427,0.0096575,0
H143D,0.0121942,0.023016027,0
H143E,0.0119223,0.022474712,0
H143F,0.0969762,0.191805065,0
H143G,0.00291613,0.004544694,0
H143I,0.0179387,0.034452518,0
H143K,0.00566122,0.010009782,0
H143L,0.0233585,0.045242578,0
H143M,0.0422229,0.082798945,0
H143N,0.0734733,0.145014097,0
H143P,0.00367493,0.006055358,0
H143Q,0.0380665,0.074524137,0
H143R,0.0122981,0.023222877,0
H143S,0.0804205,0.158844995,0
H143T,0.0776242,0.153277955,0
H143V,0.0429494,0.084245305,0
H143W,0.019183,0.036929744,0
H143Y,0.235908,0.468398741,1
T144A,0.0249103,0.048331993,0
T144C,0.0116224,0.021877653,0
T144D,0.0370255,0.072451653,0
T144E,0.0238909,0.046302511,0
T144F,0.0168358,0.032256799,0
T144G,0.222131,0.440970671,1
T144H,0.0129095,0.024440088,0
T144I,0.0350697,0.06855793,0
T144K,0.1136,0.224900713,1
T144L,0.0103799,0.01940401,0
T144M,0.0174979,0.033574947,0
T144N,0.0106841,0.02000963,0
T144P,0.0146299,0.027865163,0
T144Q,0.0166637,0.031914172,0
T144R,0.00772924,0.014126919,0
T144S,0.0412244,0.080811072,0
T144V,0.00635671,0.011394405,0
T144W,0.0145541,0.027714256,0
T144Y,0.0107576,0.020155958,0
F145A,0.0809063,0.159812154,0
F145C,0.0252339,0.048976235,0
F145D,0.175016,0.347171332,1
F145E,0.276064,0.54834369,1
F145G,0.0234688,0.04546217,0
F145H,0.0187109,0.03598986,0
F145I,0.0231034,0.04473471,0
F145K,0.00743933,0.013549749,0
F145L,0.0166815,0.03194961,0
F145M,0.0340362,0.066500377,0
F145N,0.0416041,0.081567001,0
F145P,0.0042593,0.007218757,0
F145Q,0.0274735,0.053434964,0
F145R,0.00755026,0.013770595,0
F145S,0.0323592,0.063161706,0
F145T,0.0159244,0.03044233,0
F145V,0.0211313,0.040808536,0
F145W,0.0525581,0.103374875,0
F145Y,0.0260793,0.050659308,0
N146A,0.0632259,0.124612964,0
N146C,0.0103938,0.019431683,0
N146D,0.0688187,0.135747443,0
N146E,0.0759165,0.149878164,0
N146F,0.0698993,0.137898765,0
N146G,0.0464871,0.091288368,0
N146H,0.0625781,0.123323286,0
N146I,0.0173278,0.033236302,0
N146K,0.0181846,0.03494207,0
N146L,0.0196733,0.037905863,0
N146M,0.0385287,0.075444313,0
N146P,0.0278806,0.054245443,0
N146Q,0.137839,0.273157154,1
N146R,0.0337239,0.065878631,0
N146S,0.0174549,0.03348934,0
N146T,0.0190269,0.036618971,0
N146V,0.0622415,0.122653163,0
N146W,0.0145139,0.027634223,0
N146Y,0.125027,0.247650263,1
G147A,0.0606587,0.11950203,0
G147C,0.0160921,0.030776197,0
G147D,0.0477463,0.093795258,0
G147E,0.0424143,0.083179996,0
G147F,0.0304968,0.059453929,0
G147H,0.0466486,0.091609892,0
G147I,0.0421214,0.082596873,0
G147K,0.058782,0.115765785,0
G147L,0.0334016,0.065236977,0
G147M,0.0213547,0.041253294,0
G147N,0.0486181,0.095530889,0
G147P,0.0230902,0.04470843,0
G147Q,0.0451452,0.088616834,0
G147R,0.030243,0.058948649,0
G147S,0.0314294,0.061310605,0
G147T,0.0330643,0.064565461,0
G147V,0.0340119,0.066451999,0
G147W,0.0443241,0.086982139,0
G147Y,0.0261185,0.05073735,0
V148A,0.0503419,0.098962732,0
V148C,0.0037571,0.006218947,0
V148D,0.0226059,0.043744257,0
V148E,0.0244655,0.047446459,0
V148F,0.0150516,0.028704708,0
V148G,0.0187875,0.03614236,0
V148H,0.0373345,0.073066828,0
V148I,0.179733,0.356562216,1
V148K,0.0549497,0.108136214,0
V148L,0.0251206,0.048750671,0
V148M,0.03306,0.0645569,0
V148N,0.0427271,0.083802736,0
V148P,0.01682,0.032225344,0
V148Q,0.0180674,0.034708742,0
V148R,0.0515496,0.101367093,0
V148S,0.105908,0.209587023,1
V148T,0.16872,0.334636882,1
V148W,0.0091929,0.01704086,0
V148Y,0.0184689,0.035508072,0
T149A,0.0132836,0.025184869,0
T149C,0.0202024,0.038959227,0
T149D,0.0119897,0.022608896,0
T149E,0.0175636,0.033705747,0
T149F,0.00815321,0.014970984,0
T149G,0.011286,0.021207928,0
T149H,0.0287796,0.056035225,0
T149I,0.0274998,0.053487324,0
T149K,0.0166088,0.031804874,0
T149L,0.00632172,0.011324745,0
T149M,0.0246862,0.047885842,0
T149N,0.0212548,0.041054407,0
T149P,0.0140954,0.026801048,0
T149Q,0.0138709,0.0263541,0
T149R,0.00695824,0.012591967,0
T149S,0.49426,0.98274124,1
T149V,0.0146968,0.027998351,0
T149W,0.0207341,0.040017766,0
T149Y,0.0208966,0.040341281,0
V150A,0.195681,0.388312441,1
V150C,0.00723055,0.013134097,0
V150D,0.011028,0.020694286,0
V150E,0.0169333,0.032450908,0
V150F,0.104547,0.206877464,1
V150G,0.0327982,0.064035693,0
V150H,0.0206144,0.039779461,0
V150I,0.0209715,0.040490396,0
V150K,0.00818943,0.015043093,0
V150L,0.0669956,0.132117907,0
V150M,0.0224692,0.043472107,0
V150N,0.0237648,0.046051464,0
V150P,0.00742933,0.01352984,0
V150Q,0.113377,0.224456752,1
V150R,0.00423879,0.007177924,0
V150S,0.157554,0.312406946,1
V150T,0.0451069,0.088540584,0
V150W,0.069621,0.137344709,0
V150Y,0.0402245,0.078820412,0
S151A,0.193605,0.384179417,1
S151C,0.0377717,0.073937232,0
S151D,0.022296,0.04312729,0
S151E,0.019082,0.036728668,0
S151F,0.0294148,0.057299819,0
S151G,0.0286753,0.055827579,0
S151H,0.0328102,0.064059583,0
S151I,0.0108589,0.020357632,0
S151K,0.0334872,0.065407395,0
S151L,0.119264,0.236176941,1
S151M,0.0484514,0.095199013,0
S151N,0.0250985,0.048706673,0
S151P,0.00969517,0.018040809,0
S151Q,0.0219444,0.042427304,0
S151R,0.0232742,0.045074748,0
S151T,0.0554035,0.109039666,0
S151V,0.0219357,0.042409983,0
S151W,0.0112945,0.02122485,0
S151Y,0.0174264,0.033432601,0
C152A,0.029401,0.057272345,0
C152D,0.0258762,0.050254964,0
C152E,0.0279013,0.054286654,0
C152F,0.0371008,0.072601564,0
C152G,0.0382398,0.074869153,0
C152H,0.0180574,0.034688833,0
C152I,0.0106824,0.020006245,0
C152K,0.0297707,0.058008366,0
C152L,0.0198762,0.038309808,0
C152M,0.0205509,0.039653041,0
C152N,0.0136131,0.025840857,0
C152P,0.030566,0.059591697,0
C152Q,0.0228684,0.044266858,0
C152R,0.019985,0.038526414,0
C152S,0.0397615,0.077898644,0
C152T,0.0272807,0.053051126,0
C152V,0.0238242,0.046169721,0
C152W,0.040855,0.080075649,0
C152Y,0.0553311,0.108895528,0
S153A,0.0263665,0.051231083,0
S153C,0.00958069,0.017812896,0
S153D,0.0165097,0.03160758,0
S153E,0.0782798,0.154583162,0
S153F,0.0269544,0.052401509,0
S153G,0.0721145,0.142308917,0
S153H,0.0374568,0.07331031,0
S153I,0.0765099,0.15105954,0
S153K,0.0402906,0.078952008,0
S153L,0.0410697,0.080503086,0
S153M,0.0219551,0.042448606,0
S153N,0.0998745,0.197575173,0
S153P,0.0946917,0.187256947,0
S153Q,0.0775926,0.153215044,0
S153R,0.0407768,0.079919963,0
S153T,0.0884661,0.174862653,0
S153V,0.0482651,0.094828116,0
S153W,0.0136401,0.02589461,0
S153Y,0.0551297,0.108494569,0
H154A,0.122494,0.242607417,1
H154C,0.0301243,0.058712334,0
H154D,0.0855584,0.169073831,0
H154E,0.0636908,0.125538515,0
H154F,0.0189073,0.036380865,0
H154G,0.00769216,0.014053098,0
H154I,0.0460163,0.090351071,0
H154K,0.0197884,0.038135011,0
H154L,0.021406,0.041355425,0
H154M,0.0606024,0.119389945,0
H154N,0.0479685,0.094237627,0
H154P,0.00769422,0.014057199,0
H154Q,0.0473516,0.093009466,0
H154R,0.0489218,0.096135513,0
H154S,0.0659541,0.130044427,0
H154T,0.122011,0.241645831,1
H154V,0.0753172,0.148685042,0
H154W,0.0364384,0.071282819,0
H154Y,0.0295532,0.057575354,0
R155A,0.0566281,0.111477673,0
R155C,0.00430924,0.00731818,0
R155D,0.0114868,0.021607693,0
R155E,0.0551874,0.108609441,0
R155F,0.0299024,0.058270562,0
R155G,0.0565072,0.111236978,0
R155H,0.0628055,0.123776007,0
R155I,0.065745,0.129628138,0
R155K,0.0412622,0.080886327,0
R155L,0.0676717,0.133463927,0
R155M,0.0404692,0.079307575,0
R155N,0.0794628,0.156938349,0
R155P,0.00242779,0.003572478,0
R155Q,0.0728076,0.143688782,0
R155S,0.0550113,0.108258851,0
R155T,0.0505637,0.099404305,0
R155V,0.0587602,0.115722384,0
R155W,0.0213818,0.041307246,0
R155Y,0.111497,0.220713936,1
G156A,0.102845,0.203489021,1
G156C,0.0161371,0.030865786,0
G156D,0.134757,0.267021325,1
G156E,0.0706435,0.139380363,0
G156F,0.0134232,0.025462793,0
G156H,0.0516969,0.101660347,0
G156I,0.00752438,0.013719072,0
G156K,0.0568317,0.111883012,0
G156L,0.00807208,0.014809465,0
G156M,0.0592262,0.116650124,0
G156N,0.0579064,0.114022588,0
G156P,0.00637025,0.011421361,0
G156Q,0.0910898,0.180086071,0
G156R,0.0214191,0.041381505,0
G156S,0.108373,0.214494491,1
G156T,0.0342897,0.06700506,0
G156V,0.0203449,0.039242924,0
G156W,0.022975,0.044479083,0
G156Y,0.0245202,0.047555359,0
K157A,0.0325339,0.063509509,0
K157C,0.00641517,0.011510791,0
K157D,0.0678373,0.133793613,0
K157E,0.0914455,0.18079422,0
K157F,0.0218801,0.042299291,0
K157G,0.0874956,0.172930524,0
K157H,0.061152,0.120484121,0
K157I,0.0629338,0.124031434,0
K157L,0.0368373,0.072076973,0
K157M,0.0639032,0.125961374,0
K157N,0.0502308,0.098741548,0
K157P,0.0073507,0.013373299,0
K157Q,0.0530039,0.1042624,0
K157R,0.0207867,0.040122486,0
K157S,0.0613012,0.120781157,0
K157T,0.133472,0.264463071,1
K157V,0.044694,0.087718558,0
K157W,0.0111096,0.02085674,0
K157Y,0.0365229,0.071451047,0
S158A,0.139865,0.277190635,1
S158C,0.00505293,0.008798762,0
S158D,0.0295691,0.057607009,0
S158E,0.0192155,0.036994447,0
S158F,0.01274,0.024102638,0
S158G,0.0100763,0.018799585,0
S158H,0.0759054,0.149856066,0
S158I,0.0340011,0.066430498,0
S158K,0.0622652,0.122700346,0
S158L,0.106396,0.210558562,1
S158M,0.0660244,0.130184384,0
S158N,0.0176489,0.033875567,0
S158P,0.100121,0.19806592,1
S158Q,0.0557537,0.109736865,0
S158R,0.0185396,0.035648826,0
S158T,0.106573,0.210910945,1
S158V,0.0156691,0.029934064,0
S158W,0.0138725,0.026357286,0
S158Y,0.0538614,0.105969562,0
S159A,0.0907442,0.17939803,0
S159C,0.00855582,0.015772524,0
S159D,0.0793921,0.156797595,0
S159E,0.128091,0.253750256,1
S159F,0.0128346,0.024290973,0
S159G,0.147594,0.292577987,1
S159H,0.0809614,0.159921851,0
S159I,0.00784809,0.014363533,0
S159K,0.0444252,0.087183415,0
S159L,0.0172045,0.032990829,0
S159M,0.0309551,0.06036634,0
S159N,0.0320887,0.062623178,0
S159P,0.00769227,0.014053317,0
S159Q,0.0918855,0.181670198,0
S159R,0.0110313,0.020700856,0
S159T,0.0693079,0.136721371,0
S159V,0.00682915,0.012334966,0
S159W,0.0160701,0.030732398,0
S159Y,0.00981064,0.018270694,0
F160A,0.0216493,0.041839801,0
F160C,0.0253806,0.049268294,0
F160D,0.0237028,0.045928031,0
F160E,0.0146285,0.027862375,0
F160G,0.0192737,0.037110315,0
F160H,0.0393674,0.077114046,0
F160I,0.0127814,0.024185059,0
F160K,0.0144852,0.027577085,0
F160L,0.0143028,0.027213953,0
F160M,0.0960958,0.190052313,0
F160N,0.0156997,0.029994984,0
F160P,0.0135789,0.025772769,0
F160Q,0.0112822,0.021200363,0
F160R,0.0113843,0.02140363,0
F160S,0.0194728,0.037506696,0
F160T,0.0147023,0.028009301,0
F160V,0.0343366,0.067098431,0
F160W,0.0357121,0.069836858,0
F160Y,0.0398798,0.078134163,0
Y161A,0.00806789,0.014801124,0
Y161C,0.0242339,0.046985376,0
Y161D,0.0330649,0.064566655,0
Y161E,0.029444,0.057357952,0
Y161F,0.171788,0.340744838,1
Y161G,0.00895566,0.016568549,0
Y161H,0.0486783,0.095650739,0
Y161I,0.0126149,0.023853581,0
Y161K,0.00910285,0.016861583,0
Y161L,0.0113391,0.021313643,0
Y161M,0.0196636,0.037886551,0
Y161N,0.0163792,0.031347773,0
Y161P,0.0122438,0.023114773,0
Y161Q,0.0217808,0.042101599,0
Y161R,0.00783314,0.014333769,0
Y161S,0.011271,0.021178065,0
Y161T,0.0217565,0.042053221,0
Y161V,0.00948411,0.017620618,0
Y161W,0.0356201,0.069653699,0
R162A,0.0173687,0.033317728,0
R162C,0.0203411,0.039235359,0
R162D,0.0141486,0.026906962,0
R162E,0.0201858,0.038926178,0
R162F,0.00934871,0.017351056,0
R162G,0.0284319,0.055343004,0
R162H,0.128626,0.254815366,1
R162I,0.00857014,0.015801033,0
R162K,0.152327,0.302000724,1
R162L,0.00610518,0.010893644,0
R162M,0.017299,0.033178965,0
R162N,0.123534,0.24467791,1
R162P,0.00633182,0.011344852,0
R162Q,0.0211263,0.040798581,0
R162S,0.0886254,0.175179797,0
R162T,0.0271228,0.05273677,0
R162V,0.00716365,0.013000909,0
R162W,0.0146278,0.027860982,0
R162Y,0.0172683,0.033117846,0
N163A,0.0109018,0.02044304,0
N163C,0.0204893,0.039530404,0
N163D,0.0423454,0.083042825,0
N163E,0.0165831,0.031753709,0
N163F,0.0125949,0.023813764,0
N163G,0.00803036,0.014726407,0
N163H,0.0397823,0.077940054,0
N163I,0.0278276,0.054139927,0
N163K,0.0486325,0.095559557,0
N163L,0.00462426,0.007945341,0
N163M,0.0193144,0.037191343,0
N163P,0.00752643,0.013723153,0
N163Q,0.0176002,0.033778612,0
N163R,0.00606946,0.010822531,0
N163S,0.0344079,0.067240379,0
N163T,0.0550271,0.108290307,0
N163V,0.009518,0.017688089,0
N163W,0.0225202,0.04357364,0
N163Y,0.018984,0.036533563,0
L164A,0.00515685,0.009005652,0
L164C,0.0234477,0.045420162,0
L164D,0.0125905,0.023805004,0
L164E,0.0113283,0.021292141,0
L164F,0.0507252,0.099725829,0
L164G,0.00951212,0.017676382,0
L164H,0.011862,0.022354663,0
L164I,0.202191,0.401272936,1
L164K,0.0141129,0.026835888,0
L164M,0.100471,0.198762721,1
L164N,0.0137248,0.026063236,0
L164P,0.00857194,0.015804616,0
L164Q,0.0130827,0.024784905,0
L164R,0.00531486,0.009320228,0
L164S,0.0194296,0.03742069,0
L164T,0.00714692,0.012967602,0
L164V,0.091649,0.181199359,0
L164W,0.0299791,0.058423261,0
L164Y,0.00961533,0.017881859,0
L165A,0.0495924,0.097470583,0
L165C,0.0177922,0.034160857,0
L165D,0.0201988,0.038952059,0
L165E,0.0231684,0.044864115,0
L165F,0.0874046,0.172749356,0
L165G,0.0436158,0.085572013,0
L165H,0.0514348,0.101138543,0
L165I,0.0401413,0.078654772,0
L165K,0.0180131,0.034600638,0
L165M,0.0298999,0.058265585,0
L165N,0.0421627,0.082679095,0
L165P,0.00794058,0.014547667,0
L165Q,0.0230251,0.044578825,0
L165R,0.014502,0.027610532,0
L165S,0.0266813,0.051857805,0
L165T,0.0103486,0.019341696,0
L165V,0.153788,0.30490937,1
L165W,0.0227594,0.044049854,0
L165Y,0.0509822,0.10023748,0
W166A,0.0145163,0.027639001,0
W166C,0.0384792,0.075345765,0
W166D,0.0162934,0.031176957,0
W166E,0.0219386,0.042415757,0
W166F,0.0257409,0.049985601,0
W166G,0.0162318,0.03105432,0
W166H,0.0246507,0.047815166,0
W166I,0.0102442,0.019133851,0
W166K,0.0118555,0.022341722,0
W166L,0.0177086,0.033994421,0
W166M,0.0347824,0.067985956,0
W166N,0.0126226,0.023868911,0
W166P,0.0173961,0.033372278,0
W166Q,0.015438,0.029473976,0
W166R,0.0582726,0.114751641,0
W166S,0.0222939,0.043123109,0
W166T,0.014625,0.027855407,0
W166V,0.0132199,0.025058051,0
W166Y,0.0111697,0.020976391,0
L167A,0.0130101,0.024640369,0
L167C,0.0184008,0.035372494,0
L167D,0.00793847,0.014543467,0
L167E,0.0114404,0.021515317,0
L167F,0.00527367,0.009238225,0
L167G,0.00555815,0.009804584,0
L167H,0.00524041,0.009172009,0
L167I,0.213562,0.423910997,1
L167K,0.00913308,0.016921767,0
L167M,0.0273349,0.053159031,0
L167N,0.0118714,0.022373377,0
L167P,0.0239896,0.046499009,0
L167Q,0.0155242,0.029645588,0
L167R,0.00508994,0.008872444,0
L167S,0.00283729,0.004387735,0
L167T,0.0239641,0.046448242,0
L167V,0.321236,0.638274789,1
L167W,0.0141686,0.026946779,0
L167Y,0.00933306,0.017319899,0
T168A,0.0243132,0.047143251,0
T168C,0.0308339,0.060125048,0
T168D,0.0162089,0.03100873,0
T168E,0.0228974,0.044324592,0
T168F,0.0318305,0.062109138,0
T168G,0.0642514,0.126654591,0
T168H,0.0255531,0.049611718,0
T168I,0.0346207,0.067664034,0
T168K,0.0362497,0.070907144,0
T168L,0.0978446,0.193533928,0
T168M,0.0402035,0.078778604,0
T168N,0.0234049,0.045334954,0
T168P,0.00335053,0.005409523,0
T168Q,0.0803417,0.158688115,0
T168R,0.0322405,0.062925391,0
T168S,0.0543833,0.107008591,0
T168V,0.0299418,0.058349002,0
T168W,0.0121628,0.022953514,0
T168Y,0.109474,0.216686428,1
K169A,0.145202,0.287815851,1
K169C,0.031809,0.062066335,0
K169D,0.00298715,0.004686085,0
K169E,0.060642,0.119468783,0
K169F,0.00965455,0.017959941,0
K169G,0.0788553,0.155728902,0
K169H,0.039442,0.077262564,0
K169I,0.020982,0.0405113,0
K169L,0.0358006,0.070013049,0
K169M,0.0508484,0.099971103,0
K169N,0.0286431,0.055763473,0
K169P,0.00628739,0.011256398,0
K169Q,0.0755775,0.149203263,0
K169R,0.0625551,0.123277496,0
K169S,0.104979,0.207737515,1
K169T,0.0757767,0.149599842,0
K169V,0.0782339,0.154491782,0
K169W,0.00816305,0.014990574,0
K169Y,0.00310023,0.004911211,0
K170A,0.108756,0.215256991,1
K170C,0.0134963,0.025608324,0
K170D,0.0391428,0.076666899,0
K170E,0.0527707,0.103798132,0
K170F,0.0453811,0.089086477,0
K170G,0.0243992,0.047314465,0
K170H,0.0418357,0.082028084,0
K170I,0.0307926,0.060042825,0
K170L,0.0530943,0.104442374,0
K170M,0.0923715,0.182637755,0
K170N,0.0559784,0.110184211,0
K170P,0.00528501,0.009260801,0
K170Q,0.0382746,0.074938435,0
K170R,0.0855898,0.169136344,0
K170S,0.0654818,0.129104144,0
K170T,0.0359271,0.070264893,0
K170V,0.0250935,0.048696719,0
K170W,0.0284134,0.055306173,0
K170Y,0.0777015,0.153431848,0
G171A,0.0587352,0.115672612,0
G171C,0.00473286,0.008161548,0
G171D,0.0970146,0.191881514,0
G171E,0.0740715,0.146205029,0
G171F,0.0606039,0.119392931,0
G171H,0.0301785,0.058820239,0
G171I,0.0132357,0.025089507,0
G171K,0.0173626,0.033305584,0
G171L,0.0718556,0.141793484,0
G171M,0.0416371,0.0816327,0
G171N,0.142523,0.282482339,1
G171P,0.00475953,0.008214644,0
G171Q,0.0935617,0.185007276,0
G171R,0.00572513,0.010137018,0
G171S,0.0868343,0.171613969,0
G171T,0.0538626,0.105971951,0
G171V,0.0162322,0.031055117,0
G171W,0.010276,0.01919716,0
G171Y,0.038405,0.075198043,0
D172A,0.0500759,0.098433164,0
D172C,0.00653548,0.011750311,0
D172E,0.287931,0.571969218,1
D172F,0.00656007,0.011799266,0
D172G,0.0169303,0.032444936,0
D172H,0.0219777,0.042493599,0
D172I,0.0625322,0.123231905,0
D172K,0.00711523,0.012904512,0
D172L,0.0180809,0.034735618,0
D172M,0.0312139,0.060881574,0
D172N,0.0433815,0.085105555,0
D172P,0.0526975,0.103652401,0
D172Q,0.0384005,0.075189084,0
D172R,0.00341017,0.005528258,0
D172S,0.054636,0.107511682,0
D172T,0.0691669,0.13644066,0
D172V,0.0460524,0.090422941,0
D172W,0.00710597,0.012886076,0
D172Y,0.0210776,0.040701627,0
S173A,0.0242576,0.047032559,0
S173C,0.00183264,0.002387618,0
S173D,0.132171,0.261872963,1
S173E,0.108129,0.214008722,1
S173F,0.0621057,0.122382804,0
S173G,0.0209503,0.04044819,0
S173H,0.054635,0.107509691,0
S173I,0.0312014,0.060856689,0
S173K,0.00462527,0.007947351,0
S173L,0.0320403,0.062526821,0
S173M,0.0214635,0.041469899,0
S173N,0.0789915,0.156000057,0
S173P,0.0117207,0.022073355,0
S173Q,0.0252018,0.048912329,0
S173R,0.0104883,0.01961982,0
S173T,0.080585,0.159172491,0
S173V,0.114191,0.226077311,1
S173W,0.0501438,0.098568343,0
S173Y,0.0832392,0.16445663,0
Y174A,0.00840561,0.015473477,0
Y174C,0.0253862,0.049279443,0
Y174D,0.0507075,0.099690591,0
Y174E,0.0189561,0.036478018,0
Y174F,0.0904008,0.178714369,0
Y174G,0.0105895,0.019821294,0
Y174H,0.0259454,0.050392732,0
Y174I,0.0132119,0.025042124,0
Y174K,0.0108895,0.020418552,0
Y174L,0.0079915,0.014649042,0
Y174M,0.0343641,0.06715318,0
Y174N,0.0312299,0.060913428,0
Y174P,0.00772764,0.014123734,0
Y174Q,0.0136501,0.025914519,0
Y174R,0.010054,0.018755189,0
Y174S,0.0162126,0.031016096,0
Y174T,0.0111658,0.020968627,0
Y174V,0.00741989,0.013511047,0
Y174W,0.180582,0.358252456,1
P175A,0.0730757,0.144222531,0
P175C,0.0193404,0.037243106,0
P175D,0.0577119,0.113635366,0
P175E,0.050588,0.099452683,0
P175F,0.0194712,0.03750351,0
P175G,0.0676862,0.133492795,0
P175H,0.0521054,0.102473613,0
P175I,0.0322595,0.062963217,0
P175K,0.0955562,0.188978045,0
P175L,0.0425343,0.083418899,0
P175M,0.0642937,0.126738804,0
P175N,0.0426469,0.08364307,0
P175Q,0.0502226,0.098725223,0
P175R,0.0512764,0.10082319,0
P175S,0.0800097,0.15802715,0
P175T,0.0386336,0.075653154,0
P175V,0.0451703,0.088666804,0
P175W,0.0237181,0.045958491,0
P175Y,0.0637717,0.125699576,0
K176A,0.0354131,0.069241591,0
K176C,0.0149809,0.028563954,0
K176D,0.0173789,0.033338035,0
K176E,0.0325865,0.063614228,0
K176F,0.0605188,0.119223509,0
K176G,0.019852,0.038261629,0
K176H,0.131505,0.26054705,1
K176I,0.0448028,0.087935163,0
K176L,0.0907118,0.179333526,0
K176M,0.0846479,0.167261154,0
K176N,0.0289835,0.056441162,0
K176P,0.064146,0.126444754,0
K176Q,0.0525198,0.103298625,0
K176R,0.0262389,0.050977049,0
K176S,0.0411195,0.080602231,0
K176T,0.0653644,0.128870417,0
K176V,0.0452379,0.088801386,0
K176W,0.0212835,0.041111545,0
K176Y,0.0658358,0.129808908,0
L177A,0.145053,0.287519213,1
L177C,0.0153179,0.029234874,0
L177D,0.003961,0.006624883,0
L177E,0.00526438,0.009219729,0
L177F,0.0416781,0.081714325,0
L177G,0.00620587,0.011094104,0
L177H,0.0203333,0.03921983,0
L177I,0.1083,0.214349159,1
L177K,0.00478126,0.008257905,0
L177M,0.0567569,0.111734095,0
L177N,0.00674392,0.012165286,0
L177P,0.00252961,0.003775187,0
L177Q,0.0057528,0.010192105,0
L177R,0.00379185,0.006288129,0
L177S,0.0394984,0.077374849,0
L177T,0.102885,0.203568655,1
L177V,0.283463,0.563074058,1
L177W,0.0215229,0.041588156,0
L177Y,0.0219532,0.042444823,0
T178A,0.142097,0.281634233,1
T178C,0.0103845,0.019413168,0
T178D,0.0237851,0.046091878,0
T178E,0.056895,0.112009033,0
T178F,0.0632099,0.124581111,0
T178G,0.0244844,0.047484086,0
T178H,0.0571603,0.112537208,0
T178I,0.0375614,0.073518554,0
T178K,0.024812,0.048136292,0
T178L,0.103639,0.205069763,1
T178M,0.0229386,0.044406616,0
T178N,0.0284922,0.055463052,0
T178P,0.00294385,0.004599881,0
T178Q,0.0228646,0.044259292,0
T178R,0.020234,0.039022138,0
T178S,0.0866251,0.171197481,0
T178V,0.0717351,0.141553585,0
T178W,0.0530007,0.104256029,0
T178Y,0.046365,0.091045284,0
N179A,0.0666332,0.13139642,0
N179C,0.018386,0.03534303,0
N179D,0.0253939,0.049294773,0
N179E,0.0380662,0.07452354,0
N179F,0.0745702,0.14719787,0
N179G,0.0747274,0.147510834,0
N179H,0.0144286,0.027464403,0
N179I,0.0247494,0.048011664,0
N179K,0.0445347,0.087401414,0
N179L,0.0269535,0.052399717,0
N179M,0.0450754,0.088477872,0
N179P,0.0175885,0.033755319,0
N179Q,0.0775656,0.153161291,0
N179R,0.0185857,0.035740604,0
N179S,0.158151,0.313595489,1
N179T,0.073603,0.145272311,0
N179V,0.0725542,0.143184298,0
N179W,0.00909338,0.01684273,0
N179Y,0.015665,0.029925901,0
S180A,0.0577298,0.113671002,0
S180C,0.0104798,0.019602897,0
S180D,0.0332177,0.064870858,0
S180E,0.114593,0.226877637,1
S180F,0.0677167,0.133553516,0
S180G,0.0303821,0.059225578,0
S180H,0.0249778,0.048466376,0
S180I,0.0269197,0.052332426,0
S180K,0.03656,0.071524908,0
S180L,0.0324818,0.063405785,0
S180M,0.0440906,0.086517273,0
S180N,0.0733642,0.144796894,0
S180P,0.00853046,0.015722035,0
S180Q,0.0511498,0.100571148,0
S180R,0.0354375,0.069290168,0
S180T,0.0663322,0.130797171,0
S180V,0.07435,0.146759483,0
S180W,0.0634958,0.125150297,0
S180Y,0.0503275,0.098934064,0
Y181A,0.0073697,0.013411125,0
Y181C,0.0303066,0.059075268,0
Y181D,0.0236149,0.045753034,0
Y181E,0.0109466,0.02053223,0
Y181F,0.15229,0.301927062,1
Y181G,0.00555235,0.009793037,0
Y181H,0.0232955,0.045117154,0
Y181I,0.00880622,0.016271035,0
Y181K,0.0151523,0.028905188,0
Y181L,0.00812338,0.014911596,0
Y181M,0.0264941,0.051485116,0
Y181N,0.0178139,0.034204059,0
Y181P,0.0226337,0.043799603,0
Y181Q,0.0126647,0.023952726,0
Y181R,0.00562281,0.009933313,0
Y181S,0.00966503,0.017980805,0
Y181T,0.00699497,0.012665091,0
Y181V,0.0076237,0.013916804,0
Y181W,0.232057,0.460731941,1
V182A,0.0489757,0.09624282,0
V182C,0.0485726,0.095440305,0
V182D,0.0208552,0.040258859,0
V182E,0.0220584,0.042654261,0
V182F,0.055636,0.109502541,0
V182G,0.00878466,0.016228112,0
V182H,0.0305424,0.059544712,0
V182I,0.0487117,0.095717233,0
V182K,0.034502,0.067427719,0
V182L,0.0429635,0.084273376,0
V182M,0.0782264,0.15447685,0
V182N,0.0366809,0.071765603,0
V182P,0.00939277,0.017438773,0
V182Q,0.0811029,0.160203557,0
V182R,0.0409647,0.080294046,0
V182S,0.0338692,0.066167903,0
V182T,0.107361,0.212479742,1
V182W,0.122607,0.242832384,1
V182Y,0.0541462,0.106536559,0
N183A,0.0181394,0.034852084,0
N183C,0.0725742,0.143224115,0
N183D,0.0305443,0.059548495,0
N183E,0.0269554,0.0524035,0
N183F,0.0247422,0.04799733,0
N183G,0.00931915,0.017292206,0
N183H,0.0370016,0.072404071,0
N183I,0.0189781,0.036521817,0
N183K,0.0499859,0.098253986,0
N183L,0.00761744,0.013904341,0
N183M,0.0247827,0.04807796,0
N183P,0.0133316,0.02528043,0
N183Q,0.0150828,0.028766823,0
N183R,0.00850891,0.015679132,0
N183S,0.0396446,0.077665912,0
N183T,0.0253644,0.049236043,0
N183V,0.0108878,0.020415168,0
N183W,0.0262496,0.050998351,0
N183Y,0.0206117,0.039774085,0
N184A,0.0268606,0.052214766,0
N184C,0.0169097,0.032403924,0
N184D,0.0757566,0.149559826,0
N184E,0.0617325,0.121639815,0
N184F,0.0135672,0.025749476,0
N184G,0.0480033,0.094306909,0
N184H,0.0236052,0.045733723,0
N184I,0.0305339,0.05952779,0
N184K,0.0662811,0.130695438,0
N184L,0.0668117,0.131751788,0
N184M,0.0528696,0.103995028,0
N184P,0.00225201,0.003222524,0
N184Q,0.0667928,0.131714161,0
N184R,0.0295748,0.057618357,0
N184S,0.124828,0.247254082,1
N184T,0.0916679,0.181236987,0
N184V,0.0754227,0.148895078,0
N184W,0.019353,0.037268191,0
N184Y,0.0402416,0.078854456,0
K185A,0.0585101,0.11522447,0
K185C,0.0153794,0.029357312,0
K185D,0.0125676,0.023759413,0
K185E,0.0427802,0.083908451,0
K185F,0.0759238,0.149892698,0
K185G,0.0349408,0.068301308,0
K185H,0.0197085,0.037975941,0
K185I,0.0677974,0.133714178,0
K185L,0.0780033,0.15403269,0
K185M,0.0933483,0.184582427,0
K185N,0.0451621,0.088650479,0
K185P,0.00612861,0.01094029,0
K185Q,0.103732,0.205254913,1
K185R,0.0623191,0.122807653,0
K185S,0.00798981,0.014645677,0
K185T,0.00978744,0.018224506,0
K185V,0.0716675,0.141419003,0
K185W,0.0333721,0.065178247,0
K185Y,0.0250459,0.048601954,0
G186A,0.0678666,0.133851946,0
G186C,0.00652289,0.011725246,0
G186D,0.0904833,0.178878615,0
G186E,0.110829,0.219384042,1
G186F,0.0130866,0.024792669,0
G186H,0.0364405,0.071287,0
G186I,0.00765301,0.013975156,0
G186K,0.0558976,0.11002335,0
G186L,0.0528206,0.103897476,0
G186M,0.0257845,0.050072403,0
G186N,0.0145389,0.027683994,0
G186P,0.0357724,0.069956907,0
G186Q,0.0153045,0.029208196,0
G186R,0.0921379,0.182172691,0
G186S,0.106036,0.209841853,1
G186T,0.0826815,0.163346328,0
G186V,0.0188917,0.036349807,0
G186W,0.0226779,0.043887599,0
G186Y,0.00790622,0.014479261,0
K187A,0.0381309,0.074652349,0
K187C,0.0737645,0.145593835,0
K187D,0.00895869,0.016574581,0
K187E,0.0450704,0.088467917,0
K187F,0.0124403,0.023505977,0
K187G,0.0215965,0.041734684,0
K187H,0.0232468,0.045020199,0
K187I,0.0631924,0.124546271,0
K187L,0.0574975,0.113208526,0
K187M,0.0343241,0.067073545,0
K187N,0.0914288,0.180760972,0
K187P,0.00326594,0.005241116,0
K187Q,0.0846539,0.167273099,0
K187R,0.0918486,0.181596735,0
K187S,0.0408061,0.079978296,0
K187T,0.084158,0.166285832,0
K187V,0.0703711,0.138838053,0
K187W,0.00964583,0.01794258,0
K187Y,0.0102415,0.019128475,0
E188A,0.0295204,0.057510054,0
E188C,0.00902546,0.016707511,0
E188D,0.105041,0.207860948,1
E188F,0.0597571,0.117707072,0
E188G,0.0157669,0.03012877,0
E188H,0.0608344,0.119851824,0
E188I,0.0273863,0.053261361,0
E188K,0.0225752,0.043683138,0
E188L,0.0678663,0.133851348,0
E188M,0.0264692,0.051435544,0
E188N,0.0159995,0.030591844,0
E188P,0.105945,0.209660685,1
E188Q,0.0773413,0.152714741,0
E188R,0.0316233,0.061696632,0
E188S,0.059391,0.116978218,0
E188T,0.0394909,0.077359917,0
E188V,0.055554,0.109339291,0
E188W,0.0423784,0.083108524,0
E188Y,0.0209471,0.040441819,0
V189A,0.0282864,0.055053334,0
V189C,0.0305287,0.059517438,0
V189D,0.0149314,0.028465407,0
V189E,0.0141988,0.027006903,0
V189F,0.0145205,0.027647363,0
V189G,0.0238829,0.046286584,0
V189H,0.012025,0.022679173,0
V189I,0.179535,0.356168026,1
V189K,0.0111198,0.020877047,0
V189L,0.0790792,0.156174655,0
V189M,0.0439611,0.086259457,0
V189N,0.0105551,0.019752809,0
V189P,0.008072,0.014809306,0
V189Q,0.0118501,0.022330972,0
V189R,0.00874421,0.016147582,0
V189S,0.00948733,0.017627029,0
V189T,0.0297306,0.057928533,0
V189W,0.0173539,0.033288264,0
V189Y,0.0140995,0.026809211,0
L190A,0.0334344,0.065302278,0
L190C,0.0141526,0.026914926,0
L190D,0.0141297,0.026869335,0
L190E,0.023482,0.045488449,0
L190F,0.0437255,0.08579041,0
L190G,0.00831255,0.015288207,0
L190H,0.0228534,0.044236995,0
L190I,0.0331007,0.064637928,0
L190K,0.00981004,0.018269499,0
L190M,0.0926156,0.183123724,0
L190N,0.0171004,0.032783581,0
L190P,0.0247234,0.047959902,0
L190Q,0.024351,0.047218506,0
L190R,0.00964169,0.017934338,0
L190S,0.00836132,0.015385301,0
L190T,0.0118602,0.022351079,0
L190V,0.0422373,0.082827614,0
L190W,0.0193552,0.03727257,0
L190Y,0.0121006,0.022829682,0
V191A,0.0270468,0.052585464,0
V191C,0.0338818,0.066192988,0
V191D,0.00807585,0.014816971,0
V191E,0.0204782,0.039508306,0
V191F,0.0270745,0.052640611,0
V191G,0.00893652,0.016530444,0
V191H,0.0135835,0.025781927,0
V191I,0.216915,0.430586349,1
V191K,0.00614926,0.010981401,0
V191L,0.198928,0.394776761,1
V191M,0.0605468,0.119279253,0
V191N,0.00850996,0.015681223,0
V191P,0.00556255,0.009813344,0
V191Q,0.0107226,0.020086278,0
V191R,0.0090237,0.016704007,0
V191S,0.00568367,0.010054477,0
V191T,0.00966604,0.017982815,0
V191W,0.0184946,0.035559237,0
V191Y,0.0192835,0.037129826,0
L192A,0.0210556,0.040657828,0
L192C,0.0122822,0.023191222,0
L192D,0.0103572,0.019358818,0
L192E,0.0116808,0.021993919,0
L192F,0.0717196,0.141522727,0
L192G,0.009208,0.017070922,0
L192H,0.0116224,0.021877653,0
L192I,0.146919,0.291234157,1
L192K,0.0109194,0.020478079,0
L192M,0.0839438,0.16585939,0
L192N,0.00981269,0.018274775,0
L192P,0.0235537,0.045631194,0
L192Q,0.0300432,0.058550875,0
L192R,0.0113395,0.021314439,0
L192S,0.00692829,0.01253234,0
L192T,0.029852,0.058170223,0
L192V,0.125772,0.249133454,1
L192W,0.0243631,0.047242595,0
L192Y,0.0236828,0.045888213,0
W193A,0.0116273,0.021887408,0
W193C,0.0231293,0.044786273,0
W193D,0.014666,0.027937033,0
W193E,0.0161993,0.030989617,0
W193F,0.152203,0.301753858,1
W193G,0.0191844,0.036932532,0
W193H,0.0175301,0.033639053,0
W193I,0.00886563,0.016389312,0
W193K,0.0279388,0.054361311,0
W193L,0.0223999,0.04333414,0
W193M,0.0254817,0.04946957,0
W193N,0.0108703,0.020380328,0
W193P,0.0121616,0.022951125,0
W193Q,0.0165962,0.031779789,0
W193R,0.0179973,0.034569183,0
W193S,0.0133947,0.025406053,0
W193T,0.0103988,0.019441638,0
W193V,0.0260259,0.050552996,0
W193Y,0.078243,0.154509899,0
G194A,0.260109,0.516579528,1
G194C,0.0237333,0.045988752,0
G194D,0.0338791,0.066187613,0
G194E,0.0175735,0.033725456,0
G194F,0.0111772,0.020991323,0
G194H,0.011983,0.022595557,0
G194I,0.00871798,0.016095361,0
G194K,0.014007,0.026625056,0
G194L,0.00597833,0.010641104,0
G194M,0.0171103,0.03280329,0
G194N,0.0139932,0.026597583,0
G194P,0.0108691,0.020377939,0
G194Q,0.0197143,0.037987488,0
G194R,0.00608137,0.010846242,0
G194S,0.0205407,0.039632734,0
G194T,0.00601238,0.010708892,0
G194V,0.0168931,0.032370876,0
G194W,0.0181711,0.034915194,0
G194Y,0.010172,0.018990111,0
V195A,0.0469325,0.092175096,0
V195C,0.0316065,0.061663186,0
V195D,0.0271079,0.052707106,0
V195E,0.010624,0.019889979,0
V195F,0.0478203,0.093942581,0
V195G,0.0131915,0.025001511,0
V195H,0.00791103,0.014488837,0
V195I,0.167517,0.332241878,1
V195K,0.00900829,0.016673328,0
V195L,0.112278,0.222268797,1
V195M,0.0616527,0.121480945,0
V195N,0.00921671,0.017088263,0
V195P,0.00769719,0.014063112,0
V195Q,0.0100813,0.01880954,0
V195R,0.00449483,0.007687664,0
V195S,0.00540428,0.009498251,0
V195T,0.0135493,0.02571384,0
V195W,0.0273432,0.053175555,0
V195Y,0.017948,0.034471033,0
H196A,0.0147694,0.028142888,0
H196C,0.0189627,0.036491158,0
H196D,0.0255825,0.049670249,0
H196E,0.0197126,0.037984104,0
H196F,0.0217623,0.042064768,0
H196G,0.0131367,0.024892411,0
H196I,0.0118947,0.022419764,0
H196K,0.0137627,0.026138689,0
H196L,0.0132521,0.025122157,0
H196M,0.0181074,0.034788376,0
H196N,0.035524,0.069462377,0
H196P,0.0111442,0.020925624,0
H196Q,0.0393408,0.077061089,0
H196R,0.0667438,0.131616609,0
H196S,0.00977203,0.018193827,0
H196T,0.0131763,0.02497125,0
H196V,0.0100538,0.018754791,0
H196W,0.0313789,0.061210066,0
H196Y,0.0277702,0.054025652,0
H197A,0.0606514,0.119487497,0
H197C,0.0274546,0.053397337,0
H197D,0.139392,0.276248958,1
H197E,0.0413503,0.081061721,0
H197F,0.0605999,0.119384968,0
H197G,0.0124248,0.023475119,0
H197I,0.0371726,0.072744508,0
H197K,0.00733688,0.013345785,0
H197L,0.0245355,0.047585819,0
H197M,0.072604,0.143283443,0
H197N,0.160848,0.318964837,1
H197P,0.00234801,0.003413647,0
H197Q,0.0617072,0.121589446,0
H197R,0.0114395,0.021513525,0
H197S,0.0561087,0.11044362,0
H197T,0.0162725,0.031135348,0
H197V,0.0215545,0.041651067,0
H197W,0.0461314,0.090580219,0
H197Y,0.0511754,0.100622114,0
P198A,0.0522671,0.102795535,0
P198C,0.0401517,0.078675477,0
P198D,0.0291737,0.056819823,0
P198E,0.028187,0.054855442,0
P198F,0.0275167,0.053520969,0
P198G,0.0244873,0.04748986,0
P198H,0.0489431,0.096177918,0
P198I,0.0267156,0.051926092,0
P198K,0.018217,0.035006574,0
P198L,0.0302319,0.058926551,0
P198M,0.0380633,0.074517767,0
P198N,0.0247111,0.047935414,0
P198Q,0.0307293,0.059916804,0
P198R,0.0172222,0.033026067,0
P198S,0.0663708,0.130874018,0
P198T,0.0227014,0.043934384,0
P198V,0.0611109,0.120402297,0
P198W,0.044833,0.087995287,0
P198Y,0.0302814,0.059025098,0
S199A,0.023531,0.045586001,0
S199C,0.033287,0.065008825,0
S199D,0.0284929,0.055464446,0
S199E,0.0674564,0.133035295,0
S199F,0.199766,0.396445102,1
S199G,0.0501902,0.098660719,0
S199H,0.0367919,0.071986588,0
S199I,0.0365415,0.071488077,0
S199K,0.0266518,0.051799075,0
S199L,0.0105562,0.019754999,0
S199M,0.041704,0.081765888,0
S199N,0.0292638,0.0569992,0
S199P,0.0429578,0.084262028,0
S199Q,0.032358,0.063159317,0
S199R,0.0282982,0.055076826,0
S199T,0.0300652,0.058594674,0
S199V,0.0444225,0.087178039,0
S199W,0.0447622,0.087854334,0
S199Y,0.0364246,0.071255345,0
S200A,0.0354127,0.069240795,0
S200C,0.0564694,0.111161723,0
S200D,0.0235085,0.045541207,0
S200E,0.0337729,0.065976184,0
S200F,0.0262152,0.050929866,0
S200G,0.105169,0.208115778,1
S200H,0.0379565,0.074305143,0
S200I,0.0344909,0.067405621,0
S200K,0.0676747,0.1334699,0
S200L,0.0443149,0.086963823,0
S200M,0.0362235,0.070854984,0
S200N,0.05039,0.099058493,0
S200P,0.0206139,0.039778465,0
S200Q,0.031531,0.061512876,0
S200R,0.0337016,0.065834235,0
S200T,0.061073,0.120326843,0
S200V,0.0301272,0.058718108,0
S200W,0.0375653,0.073526319,0
S200Y,0.02378,0.046081725,0
S201A,0.111642,0.221002611,1
S201C,0.0282388,0.054958569,0
S201D,0.0654556,0.129051984,0
S201E,0.0414349,0.081230148,0
S201F,0.027089,0.052669479,0
S201G,0.0450036,0.088334928,0
S201H,0.0970744,0.192000568,0
S201I,0.0577077,0.113627004,0
S201K,0.0211063,0.040758764,0
S201L,0.105383,0.208541822,1
S201M,0.0320783,0.062602473,0
S201N,0.0372803,0.072958924,0
S201P,0.0223533,0.043241366,0
S201Q,0.0646829,0.127513647,0
S201R,0.0239464,0.046413004,0
S201T,0.0486313,0.095557168,0
S201V,0.0229174,0.04436441,0
S201W,0.0410776,0.080518814,0
S201Y,0.050688,0.099651769,0
D202A,0.0434735,0.085288714,0
D202C,0.00694698,0.012569549,0
D202E,0.279151,0.554489472,1
D202F,0.0264266,0.051350733,0
D202G,0.0287738,0.056023678,0
D202H,0.0274343,0.053356922,0
D202I,0.0667183,0.131565842,0
D202K,0.0267006,0.051896229,0
D202L,0.0356468,0.069706855,0
D202M,0.0233512,0.045228044,0
D202N,0.0379829,0.074357701,0
D202P,0.0109185,0.020476287,0
D202Q,0.0397783,0.07793209,0
D202R,0.0079584,0.014583144,0
D202S,0.0682615,0.134638136,0
D202T,0.022753,0.044037112,0
D202V,0.0412506,0.080863233,0
D202W,0.0122857,0.02319819,0
D202Y,0.0295586,0.057586105,0
E203A,0.0310497,0.060554675,0
E203C,0.0320513,0.06254872,0
E203D,0.0355162,0.069446849,0
E203F,0.00980696,0.018263367,0
E203G,0.0196636,0.037886551,0
E203H,0.0298867,0.058239306,0
E203I,0.0241904,0.046898774,0
E203K,0.0380306,0.074452665,0
E203L,0.0171186,0.032819814,0
E203M,0.0290205,0.056514823,0
E203N,0.0149228,0.028448285,0
E203P,0.00686527,0.012406876,0
E203Q,0.0358944,0.070199792,0
E203R,0.0432585,0.084860679,0
E203S,0.010604,0.019850162,0
E203T,0.0414894,0.08133865,0
E203V,0.0200536,0.038662987,0
E203W,0.0383018,0.074992587,0
E203Y,0.0151853,0.028970886,0
Q204A,0.159532,0.316344866,1
Q204C,0.0160384,0.030669288,0
Q204D,0.0151372,0.028875126,0
Q204E,0.0520536,0.102370486,0
Q204F,0.0129231,0.024467164,0
Q204G,0.00850276,0.015666889,0
Q204H,0.0543263,0.106895112,0
Q204I,0.00824477,0.015153267,0
Q204K,0.0296818,0.057831379,0
Q204L,0.00971204,0.018074395,0
Q204M,0.0431832,0.084710767,0
Q204N,0.0180997,0.034773047,0
Q204P,0.0083152,0.015293483,0
Q204R,0.0114038,0.021442451,0
Q204S,0.0278516,0.054187708,0
Q204T,0.0115978,0.021828678,0
Q204V,0.0129656,0.024551775,0
Q204W,0.0204093,0.039371135,0
Q204Y,0.0117119,0.022055835,0
Q205A,0.0915355,0.180973397,0
Q205C,0.00542258,0.009534683,0
Q205D,0.107375,0.212507614,1
Q205E,0.116973,0.231615882,1
Q205F,0.0215169,0.041576211,0
Q205G,0.0175597,0.033697982,0
Q205H,0.0272623,0.053014495,0
Q205I,0.140563,0.278580254,1
Q205K,0.0233044,0.045134872,0
Q205L,0.030187,0.058837161,0
Q205M,0.0414248,0.08121004,0
Q205N,0.111019,0.219762305,1
Q205P,0.00334378,0.005396085,0
Q205R,0.0107024,0.020046063,0
Q205S,0.0321252,0.062695845,0
Q205T,0.0302966,0.059055359,0
Q205V,0.0518553,0.101975699,0
Q205W,0.0269149,0.05232287,0
Q205Y,0.0457616,0.089843999,0
S206A,0.0447483,0.087826661,0
S206C,0.0316816,0.061812699,0
S206D,0.106941,0.211643581,1
S206E,0.21156,0.419925297,1
S206F,0.0297825,0.058031858,0
S206G,0.0710042,0.140098466,0
S206H,0.0367208,0.071845038,0
S206I,0.0442607,0.086855918,0
S206K,0.0118559,0.022342519,0
S206L,0.0357908,0.069993539,0
S206M,0.0441339,0.086603477,0
S206N,0.0326421,0.06372492,0
S206P,0.00183335,0.002389031,0
S206Q,0.0279597,0.05440292,0
S206R,0.00406472,0.006831375,0
S206T,0.0593343,0.116865336,0
S206V,0.0539647,0.106175218,0
S206W,0.00608079,0.010845087,0
S206Y,0.0512807,0.100831751,0
L207A,0.0142495,0.02710784,0
L207C,0.0544963,0.107233559,0
L207D,0.00955852,0.017768758,0
L207E,0.0192203,0.037004004,0
L207F,0.0170239,0.03263128,0
L207G,0.00535866,0.009407428,0
L207H,0.0684046,0.134923028,0
L207I,0.0666066,0.131343463,0
L207K,0.0427428,0.083833993,0
L207M,0.139527,0.276517724,1
L207N,0.0137539,0.02612117,0
L207P,0.00623865,0.011159364,0
L207Q,0.0216492,0.041839602,0
L207R,0.025645,0.049794678,0
L207S,0.0105897,0.019821693,0
L207T,0.0167953,0.03217617,0
L207V,0.0371394,0.072678412,0
L207W,0.0307893,0.060036256,0
L207Y,0.0346457,0.067713806,0
Y208A,0.00901834,0.016693336,0
Y208C,0.0257616,0.050026812,0
Y208D,0.0243791,0.047274449,0
Y208E,0.0165936,0.031774613,0
Y208F,0.0283501,0.055180151,0
Y208G,0.0125858,0.023795647,0
Y208H,0.0480488,0.094397493,0
Y208I,0.0134866,0.025589013,0
Y208K,0.0182855,0.035142948,0
Y208L,0.00949988,0.017652014,0
Y208M,0.0243442,0.047204968,0
Y208N,0.0309422,0.060340658,0
Y208P,0.0102791,0.019203332,0
Y208Q,0.0163518,0.031293223,0
Y208R,0.0105135,0.019669989,0
Y208S,0.019916,0.038389044,0
Y208T,0.0100562,0.018759569,0
Y208V,0.00983153,0.018312283,0
Y208W,0.0265849,0.051665886,0
S209A,0.111346,0.220413316,1
S209C,0.0141289,0.026867742,0
S209D,0.0649981,0.128141165,0
S209E,0.0451542,0.088634751,0
S209F,0.0327283,0.063896532,0
S209G,0.13468,0.266868029,1
S209H,0.0322843,0.06301259,0
S209I,0.0255167,0.04953925,0
S209K,0.0145589,0.027723812,0
S209L,0.0496192,0.097523938,0
S209M,0.0626073,0.123381419,0
S209N,0.0674391,0.133000853,0
S209P,0.0542274,0.106698216,0
S209Q,0.0460578,0.090433692,0
S209R,0.0244062,0.047328401,0
S209T,0.0781415,0.154307826,0
S209V,0.0229118,0.044353261,0
S209W,0.0152961,0.029191473,0
S209Y,0.0359642,0.070338754,0
N210A,0.0822357,0.162458803,0
N210C,0.00573003,0.010146773,0
N210D,0.0320281,0.062502532,0
N210E,0.035838,0.070087507,0
N210F,0.0263762,0.051250394,0
N210G,0.0657995,0.12973664,0
N210H,0.0585266,0.115257319,0
N210I,0.101204,0.200222021,1
N210K,0.0531362,0.104525791,0
N210L,0.0299142,0.058294055,0
N210M,0.0547134,0.107665774,0
N210P,0.0382026,0.074795093,0
N210Q,0.0479638,0.09422827,0
N210R,0.0568495,0.111918449,0
N210S,0.0683146,0.134743851,0
N210T,0.0911442,0.180194374,0
N210V,0.0644354,0.127020909,0
N210W,0.0161065,0.030804866,0
N210Y,0.0259632,0.050428169,0
G211A,0.0949572,0.18778552,0
G211C,0.00563146,0.009950534,0
G211D,0.0561911,0.110607667,0
G211E,0.0308618,0.060180593,0
G211F,0.04112,0.080603226,0
G211H,0.0487071,0.095708076,0
G211I,0.0346942,0.067810362,0
G211K,0.0366837,0.071771177,0
G211L,0.0529019,0.104059332,0
G211M,0.0442155,0.086765932,0
G211N,0.0584503,0.115105417,0
G211P,0.145842,0.289090001,1
G211Q,0.0214058,0.041355027,0
G211R,0.00941104,0.017475146,0
G211S,0.0655196,0.129179399,0
G211T,0.0802694,0.158544176,0
G211V,0.0297411,0.057949437,0
G211W,0.030056,0.058576358,0
G211Y,0.029893,0.058251848,0
N212A,0.078893,0.155803957,0
N212C,0.00368718,0.006079746,0
N212D,0.040429,0.079227543,0
N212E,0.12807,0.253708448,1
N212F,0.0799084,0.157825476,0
N212G,0.049501,0.097288619,0
N212H,0.0542788,0.106800547,0
N212I,0.0334583,0.065349859,0
N212K,0.0441013,0.086538575,0
N212L,0.0341302,0.066687518,0
N212M,0.0362217,0.0708514,0
N212P,0.0795508,0.157113545,0
N212Q,0.0811999,0.160396671,0
N212R,0.0226051,0.043742664,0
N212S,0.014402,0.027411446,0
N212T,0.0132566,0.025131116,0
N212V,0.0760587,0.150161265,0
N212W,0.026909,0.052311124,0
N212Y,0.0307546,0.059967173,0
A213C,0.0403502,0.079070663,0
A213D,0.0263177,0.051133929,0
A213E,0.00504924,0.008791416,0
A213F,0.0203608,0.039274579,0
A213G,0.0429985,0.084343056,0
A213H,0.058854,0.115909126,0
A213I,0.0206411,0.039832617,0
A213K,0.0915306,0.180963642,0
A213L,0.0109951,0.020628787,0
A213M,0.0321381,0.062721527,0
A213N,0.0616304,0.121436548,0
A213P,0.0909043,0.179716766,0
A213Q,0.0117725,0.022176481,0
A213R,0.0380944,0.074579682,0
A213S,0.131787,0.261108473,1
A213T,0.0691621,0.136431104,0
A213V,0.129251,0.256059653,1
A213W,0.00772665,0.014121763,0
A213Y,0.0204109,0.039374321,0
Y214A,0.021923,0.042384699,0
Y214C,0.0375735,0.073542644,0
Y214D,0.0187599,0.036087412,0
Y214E,0.142404,0.282245427,1
Y214F,0.0494711,0.097229092,0
Y214G,0.0151982,0.028996568,0
Y214H,0.060903,0.119988397,0
Y214I,0.0570833,0.112383912,0
Y214K,0.0412108,0.080783996,0
Y214L,0.0298506,0.058167436,0
Y214M,0.0697929,0.137686938,0
Y214N,0.0229879,0.044504765,0
Y214P,0.00810279,0.014870605,0
Y214Q,0.0584308,0.115066595,0
Y214R,0.0280846,0.054651578,0
Y214S,0.0400318,0.078436773,0
Y214T,0.0149591,0.028520554,0
Y214V,0.0975237,0.192895061,0
Y214W,0.0311042,0.060663177,0
V215A,0.0555243,0.109280162,0
V215C,0.0166754,0.031937466,0
V215D,0.0188364,0.036239713,0
V215E,0.0178496,0.034275133,0
V215F,0.0381237,0.074638014,0
V215G,0.00822373,0.015111379,0
V215H,0.0134221,0.025460603,0
V215I,0.172211,0.341586972,1
V215K,0.0158148,0.030224132,0
V215L,0.0572115,0.11263914,0
V215M,0.0373266,0.0730511,0
V215N,0.0125982,0.023820334,0
V215P,0.00649257,0.011664883,0
V215Q,0.0194863,0.037533572,0
V215R,0.0079943,0.014654616,0
V215S,0.00705103,0.012776698,0
V215T,0.0238966,0.046313859,0
V215W,0.0261326,0.050765421,0
V215Y,0.0157029,0.030001355,0
S216A,0.0692022,0.136510937,0
S216C,0.0161064,0.030804667,0
S216D,0.044788,0.087905699,0
S216E,0.00437828,0.007455629,0
S216F,0.0692044,0.136515317,0
S216G,0.0112183,0.021073147,0
S216H,0.0134665,0.025548997,0
S216I,0.094044,0.185967468,0
S216K,0.0168264,0.032238085,0
S216L,0.0418666,0.082089602,0
S216M,0.0727168,0.143508012,0
S216N,0.0124629,0.02355097,0
S216P,0.0073266,0.013325319,0
S216Q,0.115403,0.228490233,1
S216R,0.0662384,0.130610428,0
S216T,0.0453916,0.089107381,0
S216V,0.0692607,0.136627403,0
S216W,0.0383408,0.07507023,0
S216Y,0.0928844,0.183658867,0
V217A,0.0218184,0.042176455,0
V217C,0.0257329,0.049969674,0
V217D,0.0242523,0.047022008,0
V217E,0.0288483,0.056171998,0
V217F,0.0201329,0.038820862,0
V217G,0.0165474,0.031682636,0
V217H,0.031748,0.061944892,0
V217I,0.0628458,0.123856239,0
V217K,0.0167122,0.032010729,0
V217L,0.0262805,0.051059869,0
V217M,0.0411123,0.080587897,0
V217N,0.0174807,0.033540705,0
V217P,0.0115287,0.02169111,0
V217Q,0.0215636,0.041669184,0
V217R,0.0128863,0.0243939,0
V217S,0.00953729,0.017726492,0
V217T,0.0212709,0.04108646,0
V217W,0.0295909,0.05765041,0
V217Y,0.0206243,0.03979917,0
A218C,0.0421065,0.082567209,0
A218D,0.0126442,0.023911913,0
A218E,0.0255227,0.049551196,0
A218F,0.0586855,0.115573667,0
A218G,0.0102719,0.019188998,0
A218H,0.103806,0.205402237,1
A218I,0.0390744,0.076530724,0
A218K,0.00776747,0.01420303,0
A218L,0.0473743,0.093054658,0
A218M,0.0435325,0.085406175,0
A218N,0.0105886,0.019819503,0
A218P,0.00281366,0.004340691,0
A218Q,0.0385511,0.075488908,0
A218R,0.0109479,0.020534818,0
A218S,0.102255,0.202314414,1
A218T,0.0502826,0.098844674,0
A218V,0.0541038,0.106452146,0
A218W,0.231405,0.459433901,1
A218Y,0.0393442,0.077067858,0
S219A,0.132806,0.263137158,1
S219C,0.0609062,0.119994768,0
S219D,0.030905,0.060266598,0
S219E,0.0123233,0.023273046,0
S219F,0.0240793,0.046677589,0
S219G,0.0816698,0.161332176,0
S219H,0.0348338,0.068088286,0
S219I,0.0167213,0.032028846,0
S219K,0.059436,0.117067807,0
S219L,0.0150305,0.028662701,0
S219M,0.0274307,0.053349755,0
S219N,0.0131634,0.024945567,0
S219P,0.00915445,0.016964312,0
S219Q,0.0531178,0.104489159,0
S219R,0.00701399,0.012702957,0
S219T,0.0827535,0.16348967,0
S219V,0.038087,0.07456495,0
S219W,0.0693427,0.136790653,0
S219Y,0.0214191,0.041381505,0
S220A,0.0360626,0.070534654,0
S220C,0.0116308,0.021894376,0
S220D,0.0376825,0.073759647,0
S220E,0.026719,0.051932861,0
S220F,0.0581581,0.114523687,0
S220G,0.0475944,0.093492846,0
S220H,0.0535687,0.105386837,0
S220I,0.011394,0.021422941,0
S220K,0.0571533,0.112523272,0
S220L,0.0657614,0.129660788,0
S220M,0.130837,0.259217156,1
S220N,0.0722659,0.142610333,0
S220P,0.0639491,0.126052754,0
S220Q,0.0466458,0.091604317,0
S220R,0.140662,0.27877735,1
S220T,0.0368463,0.072094891,0
S220V,0.024591,0.047696312,0
S220W,0.0142238,0.027056675,0
S220Y,0.0246182,0.047750463,0
N221A,0.0724157,0.142908564,0
N221C,0.0292682,0.057007959,0
N221D,0.121115,0.239862022,1
N221E,0.0403076,0.078985852,0
N221F,0.0134464,0.025508981,0
N221G,0.0763182,0.150677893,0
N221H,0.0460015,0.090321606,0
N221I,0.00788244,0.014431919,0
N221K,0.0322769,0.062997858,0
N221L,0.106454,0.210674032,1
N221M,0.0242311,0.046979802,0
N221P,0.0070444,0.012763499,0
N221Q,0.0389551,0.076293215,0
N221R,0.0616971,0.121569339,0
N221S,0.0428301,0.084007795,0
N221T,0.0768386,0.151713936,0
N221V,0.0184583,0.035486969,0
N221W,0.0473656,0.093037338,0
N221Y,0.0565168,0.11125609,0
Y222A,0.0208939,0.040335906,0
Y222C,0.0284632,0.055405318,0
Y222D,0.018363,0.03529724,0
Y222E,0.0141151,0.026840268,0
Y222F,0.157596,0.312490562,1
Y222G,0.00484147,0.008377775,0
Y222H,0.0687879,0.135686124,0
Y222I,0.0634904,0.125139547,0
Y222K,0.0214529,0.041448796,0
Y222L,0.0603033,0.118794479,0
Y222M,0.108871,0.215485939,1
Y222N,0.00949661,0.017645504,0
Y222P,0.00205947,0.002839204,0
Y222Q,0.02273,0.043991323,0
Y222R,0.0216812,0.041903309,0
Y222S,0.0378393,0.074071814,0
Y222T,0.0470613,0.092431519,0
Y222V,0.0508753,0.100024657,0
Y222W,0.0872683,0.172478002,0
N223A,0.0427799,0.083907854,0
N223C,0.0244362,0.047388127,0
N223D,0.0571461,0.112508938,0
N223E,0.105469,0.208713036,1
N223F,0.166351,0.329920536,1
N223G,0.0375253,0.073446684,0
N223H,0.0754256,0.148900852,0
N223I,0.0807037,0.159408806,0
N223K,0.00762719,0.013923752,0
N223L,0.0630981,0.124358533,0
N223M,0.0129663,0.024553169,0
N223P,0.00063335,0,0
N223Q,0.0268255,0.052144887,0
N223R,0.00931632,0.017286572,0
N223S,0.00766104,0.013991142,0
N223T,0.00464676,0.007990135,0
N223V,0.0626741,0.123514408,0
N223W,0.0157564,0.030107866,0
N223Y,0.141455,0.280356101,1
R224A,0.0749122,0.147878744,0
R224C,0.0294505,0.057370893,0
R224D,0.00952286,0.017697764,0
R224E,0.0292006,0.056873377,0
R224F,0.034191,0.066808562,0
R224G,0.096619,0.19109393,0
R224H,0.121363,0.240355755,1
R224I,0.0185044,0.035578747,0
R224K,0.0695475,0.137198381,0
R224L,0.0319432,0.062333508,0
R224M,0.0269894,0.052471189,0
R224N,0.0833718,0.164720618,0
R224P,0.00281454,0.004342443,0
R224Q,0.0789338,0.155885184,0
R224S,0.0583745,0.114954509,0
R224T,0.0333469,0.065128077,0
R224V,0.0286806,0.05583813,0
R224W,0.0404833,0.079335646,0
R224Y,0.0199383,0.038433441,0
R225A,0.0314671,0.06138566,0
R225C,0.0287201,0.055916769,0
R225D,0.0154372,0.029472383,0
R225E,0.0138474,0.026307315,0
R225F,0.0604172,0.119021238,0
R225G,0.0264589,0.051415038,0
R225H,0.0275364,0.053560189,0
R225I,0.0463609,0.091037121,0
R225K,0.0900777,0.178071122,0
R225L,0.109207,0.216154868,1
R225M,0.0728991,0.143870945,0
R225N,0.0196474,0.0378543,0
R225P,0.00521229,0.009116026,0
R225Q,0.0763187,0.150678888,0
R225S,0.016842,0.032269143,0
R225T,0.0101451,0.018936557,0
R225V,0.0379601,0.07431231,0
R225W,0.0303817,0.059224781,0
R225Y,0.0477666,0.093835672,0
F226A,0.0114811,0.021596345,0
F226C,0.0492351,0.096759249,0
F226D,0.0524967,0.103252636,0
F226E,0.0421955,0.082744396,0
F226G,0.00622426,0.011130716,0
F226H,0.0578101,0.113830868,0
F226I,0.115427,0.228538013,1
F226K,0.00571621,0.010119259,0
F226L,0.0480735,0.094446667,0
F226M,0.0787362,0.155491791,0
F226N,0.00845362,0.015569058,0
F226P,0.00199565,0.002712148,0
F226Q,0.0310681,0.060591307,0
F226R,0.00553271,0.009753937,0
F226S,0.0407138,0.079794539,0
F226T,0.0432961,0.084935535,0
F226V,0.149442,0.296257095,1
F226W,0.050465,0.099207807,0
F226Y,0.0823354,0.162657292,0
T227A,0.0552492,0.108732477,0
T227C,0.0240399,0.046599149,0
T227D,0.00835014,0.015363044,0
T227E,0.0400148,0.078402929,0
T227F,0.067753,0.133625784,0
T227G,0.0139324,0.026476538,0
T227H,0.0291425,0.056757708,0
T227I,0.157975,0.313245098,1
T227K,0.0613439,0.120866167,0
T227L,0.064016,0.126185942,0
T227M,0.0550102,0.108256661,0
T227N,0.0288301,0.056135764,0
T227P,0.00258452,0.003884505,0
T227Q,0.0363529,0.071112601,0
T227R,0.0349208,0.068261491,0
T227S,0.0518466,0.101958378,0
T227V,0.0781529,0.154330522,0
T227W,0.0601603,0.118509786,0
T227Y,0.0595005,0.117196217,0
P228A,0.123589,0.244787408,1
P228C,0.0230971,0.044722167,0
P228D,0.00893908,0.01653554,0
P228E,0.0163734,0.031336226,0
P228F,0.0081843,0.01503288,0
P228G,0.0338538,0.066137244,0
P228H,0.0111169,0.020871274,0
P228I,0.153786,0.304905388,1
P228K,0.0156913,0.029978261,0
P228L,0.0254416,0.049389737,0
P228M,0.0166676,0.031921937,0
P228N,0.0688856,0.135880631,0
P228Q,0.00605702,0.010797764,0
P228R,0.0127613,0.024145043,0
P228S,0.0853977,0.1687539,0
P228T,0.0690156,0.136139443,0
P228V,0.122959,0.243533166,1
P228W,0.00888254,0.016422977,0
P228Y,0.0240237,0.046566897,0
E229A,0.0371993,0.072797664,0
E229C,0.0355025,0.069419574,0
E229D,0.0359056,0.070222089,0
E229F,0.115922,0.229523489,1
E229G,0.06072,0.11962407,0
E229H,0.0457851,0.089890784,0
E229I,0.0125792,0.023782507,0
E229K,0.00712874,0.012931408,0
E229L,0.0222769,0.043089264,0
E229M,0.0130133,0.024646739,0
E229N,0.0146673,0.027939621,0
E229P,0.00916699,0.016989277,0
E229Q,0.0412443,0.08085069,0
E229R,0.0215501,0.041642308,0
E229S,0.0731652,0.144400713,0
E229T,0.0906565,0.179223431,0
E229V,0.0350022,0.068423547,0
E229W,0.15066,0.298681962,1
E229Y,0.0935963,0.18507616,0
I230A,0.0315662,0.061582954,0
I230C,0.0510239,0.100320498,0
I230D,0.0102584,0.019162121,0
I230E,0.0134013,0.025419193,0
I230F,0.0476555,0.093614488,0
I230G,0.00839317,0.01544871,0
I230H,0.0440154,0.086367561,0
I230K,0.0248155,0.04814326,0
I230L,0.0804965,0.1589963,0
I230M,0.0340105,0.066449212,0
I230N,0.0373519,0.073101469,0
I230P,0.0390698,0.076521567,0
I230Q,0.0552796,0.108792999,0
I230R,0.019939,0.038434834,0
I230S,0.0336962,0.065823485,0
I230T,0.046641,0.091594761,0
I230V,0.210788,0.418388354,1
I230W,0.0224119,0.04335803,0
I230Y,0.0576436,0.11349939,0
A231C,0.0269252,0.052343376,0
A231D,0.0241821,0.04688225,0
A231E,0.00216223,0.003043785,0
A231F,0.0531532,0.104559635,0
A231G,0.0109321,0.020503363,0
A231H,0.0465017,0.091317434,0
A231I,0.0202134,0.038981126,0
A231K,0.0110869,0.020811548,0
A231L,0.077725,0.153478634,0
A231M,0.0395621,0.077501667,0
A231N,0.017255,0.033091368,0
A231P,0.00154194,0.001808875,0
A231Q,0.0982137,0.194268754,0
A231R,0.0199932,0.038542739,0
A231S,0.0569185,0.112055818,0
A231T,0.0970495,0.191950995,0
A231V,0.14793,0.293246915,1
A231W,0.106462,0.210689959,1
A231Y,0.089706,0.17733112,0
A232C,0.0244307,0.047377177,0
A232D,0.0264052,0.051308129,0
A232E,0.0783994,0.154821269,0
A232F,0.111141,0.22000519,1
A232G,0.019525,0.037610618,0
A232H,0.0423363,0.083024709,0
A232I,0.092493,0.182879645,0
A232K,0.0310544,0.060564032,0
A232L,0.0806623,0.159326385,0
A232M,0.0705623,0.139218705,0
A232N,0.0327476,0.063934955,0
A232P,0.0396383,0.07765337,0
A232Q,0.0296765,0.057820827,0
A232R,0.0228725,0.04427502,0
A232S,0.0272024,0.052895242,0
A232T,0.0188599,0.036286498,0
A232V,0.0601039,0.118397502,0
A232W,0.082395,0.162775947,0
A232Y,0.0793172,0.15664848,0
R233A,0.0313725,0.061197325,0
R233C,0.0138089,0.026230667,0
R233D,0.0261388,0.050777764,0
R233E,0.0211725,0.040890559,0
R233F,0.0329587,0.064355226,0
R233G,0.014914,0.028430766,0
R233H,0.0497616,0.097807437,0
R233I,0.0261076,0.050715649,0
R233K,0.156122,0.309556035,1
R233L,0.0178125,0.034201272,0
R233M,0.0216015,0.041744638,0
R233N,0.033254,0.064943127,0
R233P,0.00733821,0.013348433,0
R233Q,0.0150053,0.028612531,0
R233S,0.0226162,0.043764763,0
R233T,0.0143983,0.02740408,0
R233V,0.0145523,0.027710672,0
R233W,0.0414125,0.081185553,0
R233Y,0.0344629,0.067349877,0
P234A,0.0486465,0.095587429,0
P234C,0.0185435,0.03565659,0
P234D,0.0036905,0.006086356,0
P234E,0.016505,0.031598223,0
P234F,0.0575824,0.11337755,0
P234G,0.0150088,0.028619499,0
P234H,0.0407635,0.079893485,0
P234I,0.0558256,0.109880008,0
P234K,0.0999531,0.197731655,0
P234L,0.080819,0.159638352,0
P234M,0.0574296,0.113073346,0
P234N,0.0613502,0.12087871,0
P234Q,0.0356064,0.069626424,0
P234R,0.0679566,0.134031123,0
P234S,0.0365668,0.071538446,0
P234T,0.0612839,0.120746716,0
P234V,0.0900015,0.177919419,0
P234W,0.0264568,0.051410857,0
P234Y,0.0373896,0.073176525,0
K235A,0.0697732,0.137647718,0
K235C,0.0447713,0.087872451,0
K235D,0.00989661,0.018441848,0
K235E,0.0233865,0.045298322,0
K235F,0.0465747,0.091462767,0
K235G,0.0125186,0.023661861,0
K235H,0.00934789,0.017349424,0
K235I,0.0583796,0.114964663,0
K235L,0.146698,0.290794177,1
K235M,0.0439992,0.086335309,0
K235N,0.0266587,0.051812812,0
K235P,0.0376901,0.073774778,0
K235Q,0.0316496,0.061748992,0
K235R,0.104633,0.207048677,1
K235S,0.0488876,0.096067426,0
K235T,0.0554899,0.109211676,0
K235V,0.119831,0.237305758,1
K235W,0.0229289,0.044387305,0
K235Y,0.0327504,0.06394053,0
V236A,0.0806644,0.159330566,0
V236C,0.021991,0.042520078,0
V236D,0.0397568,0.077889287,0
V236E,0.0349984,0.068415982,0
V236F,0.0530677,0.104389417,0
V236G,0.00555737,0.009803031,0
V236H,0.0443897,0.087112739,0
V236I,0.134458,0.266426058,1
V236K,0.0405197,0.079408114,0
V236L,0.0692427,0.136591567,0
V236M,0.078952,0.155921418,0
V236N,0.0524491,0.103157871,0
V236P,0.0038956,0.006494681,0
V236Q,0.0697542,0.137609892,0
V236R,0.0409725,0.080309575,0
V236S,0.0552502,0.108734467,0
V236T,0.0349601,0.068339732,0
V236W,0.0415676,0.081494335,0
V236Y,0.016705,0.031996395,0
R237A,0.0247329,0.047978815,0
R237C,0.0130051,0.024630414,0
R237D,0.0215467,0.041635539,0
R237E,0.00659342,0.011865661,0
R237F,0.0732696,0.144608559,0
R237G,0.028872,0.056219181,0
R237H,0.0921234,0.182143823,0
R237I,0.0227711,0.044073147,0
R237K,0.0290925,0.056658165,0
R237L,0.152284,0.301915117,1
R237M,0.105859,0.209489471,1
R237N,0.107671,0.213096908,1
R237P,0.0022172,0.003153223,0
R237Q,0.070915,0.139920881,0
R237S,0.0431161,0.084577181,0
R237T,0.0170159,0.032615353,0
R237V,0.022476,0.043485644,0
R237W,0.0401301,0.078632475,0
R237Y,0.07147,0.141025808,0
D238A,0.0159196,0.030432774,0
D238C,0.0117539,0.022139451,0
D238E,0.16113,0.319526259,1
D238F,0.0163088,0.031207616,0
D238G,0.0448918,0.08811235,0
D238H,0.0258236,0.050150245,0
D238I,0.0154229,0.029443914,0
D238K,0.0229912,0.044511335,0
D238L,0.00840127,0.015464836,0
D238M,0.0383164,0.075021653,0
D238N,0.0362328,0.070873499,0
D238P,0.00679793,0.012272812,0
D238Q,0.027323,0.05313534,0
D238R,0.00961325,0.017877718,0
D238S,0.0270025,0.052497269,0
D238T,0.195437,0.387826671,1
D238V,0.0142262,0.027061453,0
D238W,0.0337174,0.065865691,0
D238Y,0.0190733,0.036711347,0
Q239A,0.0567274,0.111675365,0
Q239C,0.0203866,0.039325943,0
Q239D,0.0270047,0.052501649,0
Q239E,0.0222423,0.043020381,0
Q239F,0.0172901,0.033161247,0
Q239G,0.00647355,0.011627017,0
Q239H,0.159143,0.315570422,1
Q239I,0.0519344,0.102133176,0
Q239K,0.0305446,0.059549092,0
Q239L,0.0361115,0.070632007,0
Q239M,0.182996,0.36305839,1
Q239N,0.0684003,0.134914467,0
Q239P,0.0081745,0.015013369,0
Q239R,0.0245425,0.047599755,0
Q239S,0.0313741,0.06120051,0
Q239T,0.0346516,0.067725552,0
Q239V,0.0499054,0.098093722,0
Q239W,0.017973,0.034520805,0
Q239Y,0.0105672,0.019776898,0
H240A,0.0390516,0.076485333,0
H240C,0.009352,0.017357606,0
H240D,0.0218983,0.042335525,0
H240E,0.0691326,0.136372374,0
H240F,0.0185645,0.035698398,0
H240G,0.0321403,0.062725907,0
H240I,0.146315,0.290031678,1
H240K,0.0135582,0.025731559,0
H240L,0.0613888,0.120955557,0
H240M,0.108292,0.214333232,1
H240N,0.0582364,0.114679572,0
H240P,0.0679101,0.133938548,0
H240Q,0.0909285,0.179764945,0
H240R,0.0304464,0.05935359,0
H240S,0.0386395,0.0756649,0
H240T,0.0820879,0.162164554,0
H240V,0.0382502,0.074889858,0
H240W,0.0142972,0.027202804,0
H240Y,0.0247954,0.048103244,0
G241A,0.0132399,0.025097868,0
G241C,0.0225078,0.043548954,0
G241D,0.0378983,0.074189275,0
G241E,0.0485292,0.095353902,0
G241F,0.0232882,0.04510262,0
G241H,0.0451155,0.088557705,0
G241I,0.0169046,0.03239377,0
G241K,0.0210661,0.040678732,0
G241L,0.0212689,0.041082478,0
G241M,0.0374336,0.073264122,0
G241N,0.0552406,0.108715355,0
G241P,0.0137479,0.026109225,0
G241Q,0.0241422,0.046802814,0
G241R,0.0214454,0.041433865,0
G241S,0.0301861,0.058835369,0
G241T,0.0195289,0.037618383,0
G241V,0.0294209,0.057311964,0
G241W,0.025871,0.050244612,0
G241Y,0.0244127,0.047341342,0
R242A,0.0177035,0.033984268,0
R242C,0.0131008,0.02482094,0
R242D,0.0222318,0.042999477,0
R242E,0.0160954,0.030782767,0
R242F,0.0343357,0.067096639,0
R242G,0.0155024,0.029602187,0
R242H,0.021286,0.041116522,0
R242I,0.044507,0.087346267,0
R242K,0.0397445,0.077864799,0
R242L,0.0436202,0.085580773,0
R242M,0.033137,0.064710196,0
R242N,0.0161333,0.030858221,0
R242P,0.00531153,0.009313598,0
R242Q,0.0236335,0.045790064,0
R242S,0.0285287,0.055535719,0
R242T,0.0274299,0.053348163,0
R242V,0.0337758,0.065981957,0
R242W,0.117122,0.23191252,1
R242Y,0.0241328,0.0467841,0
M243A,0.00779337,0.014254593,0
M243C,0.018913,0.036392212,0
M243D,0.0177862,0.034148912,0
M243E,0.0309693,0.06039461,0
M243F,0.118764,0.235181511,1
M243G,0.00879297,0.016244656,0
M243H,0.0206751,0.039900306,0
M243I,0.0700904,0.138279219,0
M243K,0.0303104,0.059082833,0
M243L,0.0303215,0.059104932,0
M243N,0.0219169,0.042372555,0
M243P,0.00941922,0.017491432,0
M243Q,0.0369704,0.072341956,0
M243R,0.0174758,0.033530949,0
M243S,0.0243348,0.047186254,0
M243T,0.0265685,0.051633236,0
M243V,0.0168111,0.032207625,0
M243W,0.0133238,0.025264901,0
M243Y,0.0149749,0.028552009,0
N244A,0.0581219,0.114451618,0
N244C,0.0104494,0.019542375,0
N244D,0.0206792,0.039908468,0
N244E,0.0383054,0.074999754,0
N244F,0.0910952,0.180096821,0
N244G,0.0266076,0.051711079,0
N244H,0.0980218,0.193886708,0
N244I,0.0543378,0.106918007,0
N244K,0.0291513,0.056775228,0
N244L,0.0700347,0.138168328,0
N244M,0.0571973,0.11261087,0
N244P,0.00775286,0.014173943,0
N244Q,0.117346,0.232358473,1
N244R,0.0359297,0.070270069,0
N244S,0.0285711,0.055620131,0
N244T,0.0152663,0.029132146,0
N244V,0.0282077,0.054896653,0
N244W,0.0344478,0.067319815,0
N244Y,0.0812563,0.160508955,0
Y245A,0.0274003,0.053289233,0
Y245C,0.0173269,0.03323451,0
Y245D,0.0237805,0.04608272,0
Y245E,0.011223,0.021082504,0
Y245F,0.0699478,0.137995322,0
Y245G,0.0111831,0.021003069,0
Y245H,0.0748355,0.147726045,0
Y245I,0.0158368,0.030267931,0
Y245K,0.0179641,0.034503086,0
Y245L,0.0102413,0.019128077,0
Y245M,0.0485056,0.095306917,0
Y245N,0.0239231,0.046366617,0
Y245P,0.0150492,0.02869993,0
Y245Q,0.0124116,0.023448839,0
Y245R,0.0228609,0.044251926,0
Y245S,0.0256453,0.049795275,0
Y245T,0.0393601,0.077099513,0
Y245V,0.0202735,0.039100777,0
Y245W,0.0271184,0.05272801,0
Y246A,0.0444062,0.087145588,0
Y246C,0.0365966,0.071597773,0
Y246D,0.0109301,0.020499381,0
Y246E,0.0139462,0.026504012,0
Y246F,0.0578059,0.113822507,0
Y246G,0.0337389,0.065908494,0
Y246H,0.289604,0.575299925,1
Y246I,0.0180316,0.034637469,0
Y246K,0.0066694,0.012016927,0
Y246L,0.0623042,0.122777989,0
Y246M,0.0311355,0.060725491,0
Y246N,0.02475,0.048012859,0
Y246P,0.00615356,0.010989962,0
Y246Q,0.0199362,0.03842926,0
Y246R,0.00399154,0.006685684,0
Y246S,0.00493125,0.008556514,0
Y246T,0.00725281,0.013178414,0
Y246V,0.00739273,0.013456975,0
Y246W,0.0212496,0.041044054,0
W247A,0.00745669,0.01358431,0
W247C,0.0339469,0.066322593,0
W247D,0.0176578,0.033893286,0
W247E,0.00934591,0.017345482,0
W247F,0.0346555,0.067733316,0
W247G,0.0135064,0.025628432,0
W247H,0.00993296,0.018514216,0
W247I,0.00674995,0.01217729,0
W247K,0.0105793,0.019800988,0
W247L,0.0112712,0.021178463,0
W247M,0.0176716,0.03392076,0
W247N,0.0125815,0.023787086,0
W247P,0.00690258,0.012481155,0
W247Q,0.0128233,0.024268476,0
W247R,0.0106602,0.019962048,0
W247S,0.0059007,0.010486553,0
W247T,0.00784241,0.014352225,0
W247V,0.00633238,0.011345967,0
W247Y,0.036637,0.071678204,0
T248A,0.0735253,0.145117621,0
T248C,0.0419801,0.082315565,0
T248D,0.0269218,0.052336607,0
T248E,0.0286045,0.055686626,0
T248F,0.0296739,0.057815651,0
T248G,0.00470363,0.008103355,0
T248H,0.127293,0.252161551,1
T248I,0.0788185,0.155655638,0
T248K,0.0226059,0.043744257,0
T248L,0.0609755,0.120132735,0
T248M,0.0683838,0.134881618,0
T248N,0.0197432,0.038045024,0
T248P,0.00289207,0.004496794,0
T248Q,0.0282896,0.055059704,0
T248R,0.0250912,0.04869214,0
T248S,0.0693403,0.136785875,0
T248V,0.0725354,0.14314687,0
T248W,0.0333341,0.065102594,0
T248Y,0.0612718,0.120722626,0
L249A,0.0135619,0.025738925,0
L249C,0.022518,0.04356926,0
L249D,0.00517093,0.009033684,0
L249E,0.00948852,0.017629398,0
L249F,0.0350663,0.068551161,0
L249G,0.00795681,0.014579979,0
L249H,0.00593598,0.010556791,0
L249I,0.206379,0.409610655,1
L249K,0.0276791,0.053844285,0
L249M,0.121598,0.240823607,1
L249N,0.00953994,0.017731768,0
L249P,0.00461522,0.007927343,0
L249Q,0.0103077,0.01926027,0
L249R,0.0225689,0.043670595,0
L249S,0.0161095,0.030810838,0
L249T,0.0768201,0.151677105,0
L249V,0.14775,0.292888561,1
L249W,0.0172828,0.033146713,0
L249Y,0.00563639,0.009960349,0
L250A,0.0109176,0.020474495,0
L250C,0.0145857,0.027777167,0
L250D,0.0111337,0.02090472,0
L250E,0.010188,0.019021964,0
L250F,0.00900647,0.016669704,0
L250G,0.00517881,0.009049372,0
L250H,0.00626632,0.011214451,0
L250I,0.174497,0.346138076,1
L250K,0.00848536,0.015632248,0
L250M,0.0384013,0.075190677,0
L250N,0.00548548,0.009659908,0
L250P,0.0250563,0.048622659,0
L250Q,0.0163069,0.031203834,0
L250R,0.00353734,0.005781436,0
L250S,0.00479503,0.00828532,0
L250T,0.0124387,0.023502792,0
L250V,0.300308,0.596610084,1
L250W,0.0206926,0.039935146,0
L250Y,0.00747266,0.013616104,0
E251A,0.0670336,0.13219356,0
E251C,0.0121378,0.022903742,0
E251D,0.0327961,0.064031512,0
E251F,0.0373225,0.073042938,0
E251G,0.0522401,0.102741782,0
E251H,0.0490623,0.096415229,0
E251I,0.0258853,0.050273081,0
E251K,0.051113,0.100497884,0
E251L,0.0693978,0.136900349,0
E251M,0.0507634,0.09980188,0
E251N,0.0393458,0.077071044,0
E251P,0.0636826,0.12552219,0
E251Q,0.0835776,0.165130337,0
E251R,0.0652472,0.128637089,0
E251S,0.0585534,0.115310674,0
E251T,0.0595579,0.117310492,0
E251V,0.0357545,0.06992127,0
E251W,0.0241576,0.046833473,0
E251Y,0.0520647,0.102392585,0
P252A,0.0989974,0.19582899,0
P252C,0.00904472,0.016745855,0
P252D,0.0641524,0.126457496,0
P252E,0.0862207,0.170392377,0
P252F,0.0210296,0.040606065,0
P252G,0.0271495,0.052789926,0
P252H,0.08569,0.169335828,0
P252I,0.0446775,0.087685709,0
P252K,0.0330327,0.064502549,0
P252L,0.0119497,0.022529261,0
P252M,0.0210057,0.040558484,0
P252N,0.0189582,0.036482199,0
P252Q,0.0694793,0.137062604,0
P252R,0.0317593,0.061967389,0
P252S,0.0409095,0.080184151,0
P252T,0.0162161,0.031023064,0
P252V,0.0262148,0.050929069,0
P252W,0.0145257,0.027657715,0
P252Y,0.0100116,0.018670777,0
G253A,0.0518426,0.101950415,0
G253C,0.00952942,0.017710824,0
G253D,0.0366853,0.071774362,0
G253E,0.132343,0.26221539,1
G253F,0.0349758,0.068370988,0
G253H,0.042291,0.082934523,0
G253I,0.00334616,0.005400823,0
G253K,0.0433538,0.085050408,0
G253L,0.0454524,0.089228426,0
G253M,0.0872883,0.172517819,0
G253N,0.0548505,0.107938721,0
G253P,0.00352494,0.005756749,0
G253Q,0.0332433,0.064921824,0
G253R,0.0396904,0.077757094,0
G253S,0.0624121,0.122992803,0
G253T,0.0572192,0.11265447,0
G253V,0.018394,0.035358956,0
G253W,0.0480652,0.094430143,0
G253Y,0.0451315,0.088589559,0
D254A,0.125786,0.249161326,1
D254C,0.0191781,0.036919989,0
D254E,0.135819,0.269135618,1
D254F,0.011532,0.021697679,0
D254G,0.0882279,0.17438843,0
D254H,0.0680292,0.134175659,0
D254I,0.00681475,0.012306298,0
D254K,0.0478858,0.094072983,0
D254L,0.00215028,0.003019994,0
D254M,0.0155021,0.02960159,0
D254N,0.0286386,0.055754514,0
D254P,0.00196632,0.002653756,0
D254Q,0.201489,0.399875352,1
D254R,0.00370301,0.006111261,0
D254S,0.067768,0.133655647,0
D254T,0.00856217,0.015785166,0
D254V,0.0057872,0.010260591,0
D254W,0.0164644,0.031517394,0
D254Y,0.0288852,0.05624546,0
T255A,0.050119,0.09851897,0
T255C,0.0294746,0.057418873,0
T255D,0.0220628,0.042663021,0
T255E,0.0897765,0.177471475,0
T255F,0.0691609,0.136428715,0
T255G,0.0329204,0.064278976,0
T255H,0.0945266,0.186928256,0
T255I,0.0322365,0.062917427,0
T255K,0.0376396,0.073674239,0
T255L,0.0120065,0.022642342,0
T255M,0.0362934,0.070994145,0
T255N,0.0598253,0.117842848,0
T255P,0.00403143,0.006765099,0
T255Q,0.0552412,0.10871655,0
T255R,0.0244663,0.047448052,0
T255S,0.0687637,0.135637946,0
T255V,0.0997886,0.197404158,0
T255W,0.0422629,0.08287858,0
T255Y,0.0567774,0.111774908,0
I256A,0.0111555,0.020948121,0
I256C,0.0115836,0.021800408,0
I256D,0.0101085,0.018863691,0
I256E,0.00745727,0.013585465,0
I256F,0.0159543,0.030501857,0
I256G,0.0121078,0.022844016,0
I256H,0.00542345,0.009536415,0
I256K,0.0181435,0.034860246,0
I256L,0.199638,0.396190272,1
I256M,0.102098,0.202001849,1
I256N,0.0109869,0.020612462,0
I256P,0.00605938,0.010802463,0
I256Q,0.0120019,0.022633184,0
I256R,0.0138427,0.026297958,0
I256S,0.00565678,0.010000943,0
I256T,0.0174137,0.033407317,0
I256V,0.156814,0.31093371,1
I256W,0.00985066,0.018350368,0
I256Y,0.0185744,0.035718107,0
I257A,0.0610542,0.120289415,0
I257C,0.0339142,0.066257492,0
I257D,0.0286094,0.055696381,0
I257E,0.0279399,0.054363501,0
I257F,0.0743473,0.146754108,0
I257G,0.0288213,0.056118244,0
I257H,0.023129,0.044785676,0
I257K,0.0513054,0.100880925,0
I257L,0.0683582,0.134830652,0
I257M,0.0833095,0.164596588,0
I257N,0.0275198,0.053527141,0
I257P,0.000964151,0.000658578,0
I257Q,0.0701483,0.138394489,0
I257R,0.00778309,0.014234127,0
I257S,0.0505144,0.099306156,0
I257T,0.0422392,0.082831396,0
I257V,0.0507692,0.099813427,0
I257W,0.15261,0.302564137,1
I257Y,0.053671,0.105590502,0
F258A,0.00590087,0.010486892,0
F258C,0.0107312,0.020103399,0
F258D,0.00720734,0.01308789,0
F258E,0.0105869,0.019816118,0
F258G,0.00602912,0.010742219,0
F258H,0.0201583,0.03887143,0
F258I,0.119397,0.236441725,1
F258K,0.0106794,0.020000273,0
F258L,0.19265,0.382278146,1
F258M,0.0239546,0.046429329,0
F258N,0.00971552,0.018081323,0
F258P,0.00772693,0.01412232,0
F258Q,0.0134652,0.025546409,0
F258R,0.00438841,0.007475796,0
F258S,0.0196636,0.037886551,0
F258T,0.00868239,0.016024507,0
F258V,0.0478839,0.0940692,0
F258W,0.0573107,0.112836633,0
F258Y,0.0567472,0.111714784,0
E259A,0.023897,0.046314656,0
E259C,0.0280554,0.054593445,0
E259D,0.0611747,0.120529314,0
E259F,0.017002,0.03258768,0
E259G,0.0310918,0.06063849,0
E259H,0.0708991,0.139889227,0
E259I,0.0313324,0.061117491,0
E259K,0.0354129,0.069241193,0
E259L,0.00587212,0.010429654,0
E259M,0.0456696,0.08966084,0
E259N,0.0248593,0.048230459,0
E259P,0.005315,0.009320507,0
E259Q,0.0382121,0.074814006,0
E259R,0.0472956,0.092897978,0
E259S,0.0904425,0.178797388,0
E259T,0.0461614,0.090639945,0
E259V,0.0574897,0.113192997,0
E259W,0.0198164,0.038190755,0
E259Y,0.0131463,0.024911524,0
A260C,0.0326805,0.063801369,0
A260D,0.02445,0.047415601,0
A260E,0.0286809,0.055838728,0
A260F,0.016723,0.03203223,0
A260G,0.0755669,0.14918216,0
A260H,0.0524549,0.103169418,0
A260I,0.0185088,0.035587507,0
A260K,0.0280217,0.054526353,0
A260L,0.0338538,0.066137244,0
A260M,0.034988,0.068395277,0
A260N,0.0267571,0.052008712,0
A260P,0.00614011,0.010963185,0
A260Q,0.0172214,0.033024475,0
A260R,0.00590135,0.010487847,0
A260S,0.121132,0.239895866,1
A260T,0.0423458,0.083043622,0
A260V,0.0254617,0.049429753,0
A260W,0.0358664,0.070144048,0
A260Y,0.018383,0.035337057,0
T261A,0.0455723,0.08946713,0
T261C,0.00802885,0.0147234,0
T261D,0.0190871,0.036738821,0
T261E,0.0610535,0.120288022,0
T261F,0.0602393,0.118667064,0
T261G,0.0206622,0.039874624,0
T261H,0.0128444,0.024310483,0
T261I,0.0231067,0.044741279,0
T261K,0.0191793,0.036922378,0
T261L,0.0395489,0.077475387,0
T261M,0.0425743,0.083498533,0
T261N,0.0753989,0.148847696,0
T261P,0.00395195,0.006606866,0
T261Q,0.0649692,0.12808363,0
T261R,0.013749,0.026111415,0
T261S,0.175323,0.347782526,1
T261V,0.0539712,0.106188158,0
T261W,0.0219873,0.042512711,0
T261Y,0.0320508,0.062547725,0
G262A,0.0253777,0.049262521,0
G262C,0.0416776,0.08171333,0
G262D,0.0310025,0.060460707,0
G262E,0.0453809,0.089086079,0
G262F,0.0231111,0.044750039,0
G262H,0.0152733,0.029146082,0
G262I,0.014955,0.028512391,0
G262K,0.0159343,0.03046204,0
G262L,0.0120864,0.022801412,0
G262M,0.0272789,0.053047543,0
G262N,0.0133477,0.025312483,0
G262P,0.0152888,0.02917694,0
G262Q,0.0134534,0.025522917,0
G262R,0.0055277,0.009743963,0
G262S,0.0225116,0.043556519,0
G262T,0.00722538,0.013123805,0
G262V,0.0149618,0.028525929,0
G262W,0.0432196,0.084783235,0
G262Y,0.0122049,0.023037329,0
N263A,0.0361021,0.070613293,0
N263C,0.0154723,0.029542263,0
N263D,0.0352425,0.06890195,0
N263E,0.0373917,0.073180705,0
N263F,0.0284368,0.055352759,0
N263G,0.0215199,0.041582184,0
N263H,0.018746,0.036059739,0
N263I,0.0163169,0.031223742,0
N263K,0.017395,0.033370088,0
N263L,0.00620568,0.011093725,0
N263M,0.0196237,0.037807116,0
N263P,0.0112467,0.021129687,0
N263Q,0.00947989,0.017612217,0
N263R,0.00639593,0.011472486,0
N263S,0.0259568,0.050415428,0
N263T,0.0156525,0.029901015,0
N263V,0.0101887,0.019023358,0
N263W,0.0282817,0.055043977,0
N263Y,0.0279133,0.054310544,0
L264A,0.0104996,0.019642316,0
L264C,0.0186417,0.035852092,0
L264D,0.00745623,0.013583395,0
L264E,0.011518,0.021669807,0
L264F,0.0956776,0.189219735,0
L264G,0.00619136,0.011065216,0
L264H,0.0112773,0.021190608,0
L264I,0.0731603,0.144390958,0
L264K,0.00914812,0.01695171,0
L264M,0.0621451,0.122461244,0
L264N,0.00944662,0.017545981,0
L264P,0.0172086,0.032998992,0
L264Q,0.0105101,0.01966322,0
L264R,0.00485099,0.008396728,0
L264S,0.00570317,0.010093299,0
L264T,0.00373931,0.00618353,0
L264V,0.0268751,0.052243634,0
L264W,0.183213,0.363490406,1
L264Y,0.0909734,0.179854335,0
I265A,0.0998703,0.197566811,0
I265C,0.00951449,0.017681101,0
I265D,0.0230292,0.044586988,0
I265E,0.00754936,0.013768803,0
I265F,0.0068234,0.012323519,0
I265G,0.00501345,0.008720163,0
I265H,0.0149339,0.028470384,0
I265K,0.0107459,0.020132665,0
I265L,0.27961,0.555403277,1
I265M,0.0706283,0.139350102,0
I265N,0.00723227,0.013137522,0
I265P,0.00509668,0.008885862,0
I265Q,0.00933098,0.017315758,0
I265R,0.00432009,0.007339781,0
I265S,0.00396187,0.006626615,0
I265T,0.0171967,0.032975301,0
I265V,0.124885,0.247367561,1
I265W,0.0087873,0.016233368,0
I265Y,0.0165524,0.03169259,0
A266C,0.0431462,0.084637106,0
A266D,0.0243512,0.047218904,0
A266E,0.0277156,0.053916951,0
A266F,0.0130735,0.024766589,0
A266G,0.0151561,0.028912753,0
A266H,0.0278974,0.054278889,0
A266I,0.0292349,0.056941664,0
A266K,0.0188529,0.036272562,0
A266L,0.0180772,0.034728252,0
A266M,0.0671986,0.132522052,0
A266N,0.014252,0.027112817,0
A266P,0.018097,0.034767671,0
A266Q,0.0277336,0.053952787,0
A266R,0.00837773,0.015417971,0
A266S,0.0430352,0.08441612,0
A266T,0.0434577,0.085257258,0
A266V,0.108677,0.215099713,1
A266W,0.0318018,0.062052001,0
A266Y,0.0170921,0.032767057,0
P267A,0.021996,0.042530032,0
P267C,0.0189587,0.036483195,0
P267D,0.0174346,0.033448926,0
P267E,0.0149101,0.028423001,0
P267F,0.0315291,0.061509093,0
P267G,0.00773179,0.014131996,0
P267H,0.014259,0.027126753,0
P267I,0.0180813,0.034736415,0
P267K,0.0216911,0.041923019,0
P267L,0.0445482,0.08742829,0
P267M,0.0465438,0.091401249,0
P267N,0.0465957,0.091504575,0
P267Q,0.0188739,0.03631437,0
P267R,0.0262974,0.051093514,0
P267S,0.023382,0.045289363,0
P267T,0.0131329,0.024884846,0
P267V,0.0165358,0.031659542,0
P267W,0.0233289,0.045183648,0
P267Y,0.0112535,0.021143225,0
W268A,0.0448706,0.088070144,0
W268C,0.0567151,0.111650877,0
W268D,0.0108776,0.020394861,0
W268E,0.0465974,0.09150796,0
W268F,0.0247704,0.048053472,0
W268G,0.0495707,0.097427382,0
W268H,0.0888087,0.175544722,0
W268I,0.0330851,0.06460687,0
W268K,0.0195799,0.037719917,0
W268L,0.0745231,0.147104101,0
W268M,0.0769059,0.151847921,0
W268N,0.0706491,0.139391512,0
W268P,0.00355697,0.005820516,0
W268Q,0.031629,0.06170798,0
W268R,0.0335111,0.065454977,0
W268S,0.0488477,0.09598799,0
W268T,0.0425046,0.08335977,0
W268V,0.0728653,0.143803654,0
W268Y,0.0370538,0.072507994,0
Y269A,0.00843334,0.015528683,0
Y269C,0.0423325,0.083017143,0
Y269D,0.00860222,0.015864899,0
Y269E,0.00790678,0.014480376,0
Y269F,0.124336,0.24627458,1
Y269G,0.00907704,0.016810199,0
Y269H,0.164399,0.326034378,1
Y269I,0.0191464,0.036856879,0
Y269K,0.0292851,0.057041605,0
Y269L,0.00863433,0.015928826,0
Y269M,0.0631161,0.124394368,0
Y269N,0.0331554,0.064746828,0
Y269P,0.00391109,0.006525519,0
Y269Q,0.0468116,0.091934402,0
Y269R,0.0105684,0.019779287,0
Y269S,0.00881414,0.016286802,0
Y269T,0.0167668,0.03211943,0
Y269V,0.014475,0.027556779,0
Y269W,0.0956977,0.189259752,0
A270C,0.012026,0.022681164,0
A270D,0.0287421,0.055960568,0
A270E,0.0112249,0.021086287,0
A270F,0.0079872,0.014640481,0
A270G,0.270153,0.53657572,1
A270H,0.0107378,0.020116539,0
A270I,0.00615417,0.010991176,0
A270K,0.00790538,0.014477589,0
A270L,0.00538106,0.009452023,0
A270M,0.0229941,0.044517109,0
A270N,0.0131904,0.024999321,0
A270P,0.00645042,0.011580968,0
A270Q,0.011463,0.02156031,0
A270R,0.00405684,0.006815687,0
A270S,0.0875876,0.173113683,0
A270T,0.0198493,0.038256254,0
A270V,0.0217784,0.042096821,0
A270W,0.0241148,0.046748265,0
A270Y,0.0139783,0.026567919,0
F271A,0.010518,0.019678948,0
F271C,0.0122974,0.023221483,0
F271D,0.0126476,0.023918682,0
F271E,0.0281967,0.054874754,0
F271G,0.00559395,0.009875857,0
F271H,0.110725,0.219176993,1
F271I,0.0144641,0.027535078,0
F271K,0.0347507,0.067922846,0
F271L,0.0406045,0.079576938,0
F271M,0.0333738,0.065181632,0
F271N,0.0113057,0.021247148,0
F271P,0.00310697,0.00492463,0
F271Q,0.00949337,0.017639054,0
F271R,0.00518987,0.009071391,0
F271S,0.0150016,0.028605165,0
F271T,0.0112815,0.021198969,0
F271V,0.00982796,0.018305175,0
F271W,0.142598,0.282631653,1
F271Y,0.121664,0.240955003,1
A272C,0.0121982,0.02302399,0
A272D,0.00619918,0.011080785,0
A272E,0.1062,0.210168354,1
A272F,0.0101758,0.018997676,0
A272G,0.0527056,0.103668527,0
A272H,0.0119131,0.022456396,0
A272I,0.0626794,0.12352496,0
A272K,0.0735152,0.145097514,0
A272L,0.0650083,0.128161472,0
A272M,0.0650231,0.128190937,0
A272N,0.00230817,0.003334331,0
A272P,0.0012158,0.001159576,0
A272Q,0.0619352,0.122043362,0
A272R,0.0217591,0.042058397,0
A272S,0.116614,0.230901163,1
A272T,0.107888,0.213528925,1
A272V,0.0924827,0.182859139,0
A272W,0.00636656,0.011414015,0
A272Y,0.0286752,0.05582738,0
L273A,0.0488738,0.096039952,0
L273C,0.0598094,0.117811193,0
L273D,0.00842662,0.015515305,0
L273E,0.0109971,0.020632769,0
L273F,0.0463876,0.091090277,0
L273G,0.00471823,0.008132422,0
L273H,0.00514211,0.008976307,0
L273I,0.170905,0.338986909,1
L273K,0.00591053,0.010506123,0
L273M,0.0480635,0.094426758,0
L273N,0.00676858,0.01221438,0
L273P,0.00982417,0.01829763,0
L273Q,0.0161646,0.030920535,0
L273R,0.00638441,0.011449552,0
L273S,0.00434125,0.007381907,0
L273T,0.0325124,0.063466705,0
L273V,0.283339,0.562827192,1
L273W,0.0127901,0.02420238,0
L273Y,0.00820574,0.015075564,0
S274A,0.0578302,0.113870885,0
S274C,0.0130495,0.024718809,0
S274D,0.0576811,0.113574047,0
S274E,0.0524059,0.103071866,0
S274F,0.0253869,0.049280837,0
S274G,0.0492571,0.096803048,0
S274H,0.0545645,0.107369335,0
S274I,0.0357497,0.069911714,0
S274K,0.0384038,0.075195654,0
S274L,0.0361608,0.070730157,0
S274M,0.0590002,0.11620019,0
S274N,0.0496165,0.097518563,0
S274P,0.00135848,0.001443632,0
S274Q,0.0332368,0.064908884,0
S274R,0.0427076,0.083763915,0
S274T,0.0617282,0.121631254,0
S274V,0.115509,0.228701264,1
S274W,0.0870224,0.171988449,0
S274Y,0.0445723,0.08747627,0
R275A,0.0204196,0.039391641,0
R275C,0.0129628,0.024546201,0
R275D,0.0124147,0.023455011,0
R275E,0.0149842,0.028570524,0
R275F,0.0273291,0.053147484,0
R275G,0.0232954,0.045116955,0
R275H,0.065876,0.129888941,0
R275I,0.0198486,0.03825486,0
R275K,0.117735,0.233132917,1
R275L,0.0101801,0.019006237,0
R275M,0.0314658,0.061383072,0
R275N,0.0311784,0.060810899,0
R275P,0.0292404,0.056952613,0
R275Q,0.0333305,0.065095427,0
R275S,0.0396692,0.077714888,0
R275T,0.0358605,0.070132302,0
R275V,0.0156672,0.029930281,0
R275W,0.0133798,0.025376389,0
R275Y,0.066802,0.131732477,0
G276A,0.0687439,0.135598526,0
G276C,0.045242,0.088809549,0
G276D,0.0668363,0.131800763,0
G276E,0.0469163,0.092142845,0
G276F,0.0137906,0.026194234,0
G276H,0.0368045,0.072011673,0
G276I,0.0120018,0.022632985,0
G276K,0.0359862,0.070382553,0
G276L,0.0206711,0.039892342,0
G276M,0.0491048,0.09649984,0
G276N,0.17221,0.341584981,1
G276P,0.00346326,0.005633953,0
G276Q,0.0570343,0.11228636,0
G276R,0.0482545,0.094807013,0
G276S,0.117576,0.23281637,1
G276T,0.0533144,0.104880562,0
G276V,0.0169357,0.032455686,0
G276W,0.019776,0.038110324,0
G276Y,0.0222539,0.043043474,0
F277A,0.057605,0.113422543,0
F277C,0.010776,0.02019259,0
F277D,0.0584709,0.115146428,0
F277E,0.0279693,0.054422032,0
F277G,0.0357223,0.069857165,0
F277H,0.0473025,0.092911714,0
F277I,0.052505,0.10326916,0
F277K,0.0550506,0.108337092,0
F277L,0.0546869,0.107613016,0
F277M,0.0273926,0.053273904,0
F277N,0.0345351,0.067493617,0
F277P,0.0551767,0.108588139,0
F277Q,0.0616452,0.121466013,0
F277R,0.0572971,0.112809557,0
F277S,0.0638724,0.125900055,0
F277T,0.123821,0.245249287,1
F277V,0.0542545,0.106752169,0
F277W,0.0299034,0.058272553,0
F277Y,0.0351921,0.068801611,0
E278A,0.0637182,0.125593065,0
E278C,0.013618,0.025850612,0
E278D,0.0984437,0.194726652,0
E278F,0.034493,0.067409801,0
E278G,0.0478124,0.093926854,0
E278H,0.0500615,0.098404495,0
E278I,0.0370262,0.072453046,0
E278K,0.0518442,0.1019536,0
E278L,0.0578406,0.11389159,0
E278M,0.0143536,0.027315088,0
E278N,0.0747699,0.147595445,0
E278P,0.0767979,0.151632908,0
E278Q,0.0525763,0.103411109,0
E278R,0.0428576,0.084062544,0
E278S,0.0402901,0.078951012,0
E278T,0.0369548,0.072310899,0
E278V,0.0249791,0.048468964,0
E278W,0.0367721,0.071947169,0
E278Y,0.0816294,0.161251745,0
S279A,0.110436,0.218601634,1
S279C,0.0258615,0.050225699,0
S279D,0.0277796,0.054044366,0
S279E,0.0192744,0.037111709,0
S279F,0.0229078,0.044345297,0
S279G,0.0956117,0.189088538,0
S279H,0.0726362,0.143347548,0
S279I,0.0126023,0.023828496,0
S279K,0.0181658,0.034904642,0
S279L,0.0457357,0.089792436,0
S279M,0.0238426,0.046206353,0
S279N,0.183682,0.36442412,1
S279P,0.0142343,0.027077579,0
S279Q,0.0396172,0.077611363,0
S279R,0.0317141,0.061877402,0
S279T,0.0453875,0.089099219,0
S279V,0.0450235,0.088374546,0
S279W,0.0256163,0.04973754,0
S279Y,0.0130982,0.024815763,0
G280A,0.129138,0.255834686,1
G280C,0.0254079,0.049322645,0
G280D,0.0195423,0.03764506,0
G280E,0.0136917,0.025997338,0
G280F,0.0132979,0.025213338,0
G280H,0.0245025,0.047520121,0
G280I,0.0227947,0.044120131,0
G280K,0.0160974,0.030786749,0
G280L,0.0162912,0.031172577,0
G280M,0.0234201,0.045365215,0
G280N,0.0485109,0.095317469,0
G280P,0.0288006,0.056077034,0
G280Q,0.0281487,0.054779192,0
G280R,0.0232624,0.045051256,0
G280S,0.0639123,0.12597949,0
G280T,0.0797671,0.157544167,0
G280V,0.0315225,0.061495954,0
G280W,0.022676,0.043883816,0
G280Y,0.0305536,0.05956701,0
I281A,0.0122591,0.023145233,0
I281C,0.0117388,0.022109389,0
I281D,0.0206436,0.039837594,0
I281E,0.00831629,0.015295653,0
I281F,0.155186,0.307692591,1
I281G,0.0102713,0.019187803,0
I281H,0.00998171,0.01861127,0
I281K,0.0115697,0.021772735,0
I281L,0.0973325,0.192514409,0
I281M,0.0274583,0.053404703,0
I281N,0.0173294,0.033239488,0
I281P,0.00766279,0.013994626,0
I281Q,0.00960566,0.017862607,0
I281R,0.00951743,0.017686954,0
I281S,0.0100382,0.018723734,0
I281T,0.024896,0.048303524,0
I281V,0.124113,0.245830618,1
I281W,0.0193992,0.037360168,0
I281Y,0.034546,0.067515317,0
I282A,0.0135419,0.025699108,0
I282C,0.0172024,0.032986648,0
I282D,0.0269799,0.052452276,0
I282E,0.0355171,0.06944864,0
I282F,0.105736,0.209244595,1
I282G,0.00630408,0.011289626,0
I282H,0.00974085,0.018131752,0
I282K,0.0194507,0.037462698,0
I282L,0.145599,0.288606222,1
I282M,0.0985178,0.194874174,0
I282N,0.0188229,0.036212836,0
I282P,0.0100121,0.018671772,0
I282Q,0.0223746,0.043283771,0
I282R,0.00818069,0.015025693,0
I282S,0.0132569,0.025131713,0
I282T,0.0278654,0.054215182,0
I282V,0.0668346,0.131797379,0
I282W,0.0195296,0.037619776,0
I282Y,0.0169512,0.032486545,0
T283A,0.0490794,0.096449272,0
T283C,0.0349657,0.068350881,0
T283D,0.0102504,0.019146194,0
T283E,0.0441165,0.086568837,0
T283F,0.0443832,0.087099799,0
T283G,0.00575185,0.010190214,0
T283H,0.0283914,0.055262374,0
T283I,0.0376009,0.073597193,0
T283K,0.0294399,0.05734979,0
T283L,0.102584,0.202969407,1
T283M,0.0589085,0.116017628,0
T283N,0.0481343,0.094567711,0
T283P,0.00439014,0.007479241,0
T283Q,0.0927901,0.183471129,0
T283R,0.0565035,0.111229611,0
T283S,0.0784771,0.154975959,0
T283V,0.131448,0.260433571,1
T283W,0.00934773,0.017349105,0
T283Y,0.0405448,0.079458084,0
S284A,0.0664408,0.131013378,0
S284C,0.00829903,0.015261291,0
S284D,0.00767677,0.014022459,0
S284E,0.00740785,0.013487077,0
S284F,0.0146221,0.027849634,0
S284G,0.0223491,0.043233004,0
S284H,0.0166443,0.03187555,0
S284I,0.012524,0.023672612,0
S284K,0.0116312,0.021895173,0
S284L,0.0106728,0.019987133,0
S284M,0.0173773,0.03333485,0
S284N,0.0292945,0.057060319,0
S284P,0.0214064,0.041356221,0
S284Q,0.0181376,0.0348485,0
S284R,0.00814704,0.0149587,0
S284T,0.190984,0.378961375,1
S284V,0.0339088,0.066246741,0
S284W,0.0235362,0.045596353,0
S284Y,0.00979984,0.018249192,0
N285A,0.0740718,0.146205626,0
N285C,0.00922657,0.017107893,0
N285D,0.0559255,0.110078895,0
N285E,0.0962691,0.190397329,0
N285F,0.028509,0.055496499,0
N285G,0.04846,0.095216134,0
N285H,0.0478342,0.093970254,0
N285I,0.04263,0.083609424,0
N285K,0.0243476,0.047211737,0
N285L,0.0355185,0.069451428,0
N285M,0.0222008,0.04293776,0
N285P,0.0196737,0.037906659,0
N285Q,0.043609,0.085558475,0
N285R,0.0415102,0.08138006,0
N285S,0.0509478,0.100168994,0
N285T,0.0910454,0.179997677,0
N285V,0.0999803,0.197785806,0
N285W,0.0201907,0.038935933,0
N285Y,0.0349518,0.068323208,0
A286C,0.0370972,0.072594397,0
A286D,0.0107104,0.020061989,0
A286E,0.0321763,0.062797577,0
A286F,0.0299405,0.058346414,0
A286G,0.0175606,0.033699774,0
A286H,0.0397165,0.077809055,0
A286I,0.0770094,0.152053975,0
A286K,0.0880427,0.174019723,0
A286L,0.162276,0.321807784,1
A286M,0.0846622,0.167289623,0
A286N,0.0332015,0.064838607,0
A286P,0.00332385,0.005356407,0
A286Q,0.0412988,0.080959192,0
A286R,0.0828208,0.163623655,0
A286S,0.0326491,0.063738856,0
A286T,0.0543006,0.106843947,0
A286V,0.0450522,0.088431684,0
A286W,0.0182378,0.035047984,0
A286Y,0.0173415,0.033263577,0
S287A,0.0521575,0.102577337,0
S287C,0.00516683,0.009025521,0
S287D,0.0451545,0.088635349,0
S287E,0.135135,0.26777387,1
S287F,0.0222402,0.0430162,0
S287G,0.0601089,0.118407456,0
S287H,0.0344682,0.067360428,0
S287I,0.0545612,0.107362765,0
S287K,0.0529134,0.104082227,0
S287L,0.0540733,0.106391425,0
S287M,0.0270522,0.052596215,0
S287N,0.0267545,0.052003536,0
S287P,0.106888,0.211538065,1
S287Q,0.0408519,0.080069477,0
S287R,0.043429,0.085200121,0
S287T,0.0745129,0.147083794,0
S287V,0.0311055,0.060665765,0
S287W,0.0127894,0.024200986,0
S287Y,0.0189478,0.036461494,0
M288A,0.0287405,0.055957383,0
M288C,0.0210283,0.040603477,0
M288D,0.00474946,0.008194596,0
M288E,0.0217125,0.041965623,0
M288F,0.071728,0.14153945,0
M288G,0.0233401,0.045205946,0
M288H,0.0473936,0.093093082,0
M288I,0.055157,0.108548919,0
M288K,0.0144506,0.027508202,0
M288L,0.139721,0.276903951,1
M288N,0.0173632,0.033306779,0
M288P,0.0623185,0.122806459,0
M288Q,0.0239504,0.046420967,0
M288R,0.0343002,0.067025964,0
M288S,0.0303756,0.059212637,0
M288T,0.0744131,0.146885106,0
M288V,0.0843244,0.166617111,0
M288W,0.0309757,0.060407352,0
M288Y,0.115244,0.228173686,1
H289A,0.0687409,0.135592554,0
H289C,0.0137117,0.026037156,0
H289D,0.0969863,0.191825173,0
H289E,0.0656247,0.129388638,0
H289F,0.0542967,0.106836183,0
H289G,0.099652,0.197132207,0
H289I,0.0260144,0.050530101,0
H289K,0.0197139,0.037986692,0
H289L,0.0321601,0.062765326,0
H289M,0.044812,0.087953479,0
H289N,0.0351758,0.06876916,0
H289P,0.00189199,0.002505775,0
H289Q,0.0669991,0.132124875,0
H289R,0.0204423,0.039436834,0
H289S,0.0796292,0.157269628,0
H289T,0.0662025,0.130538956,0
H289V,0.0505868,0.099450294,0
H289W,0.0112019,0.021040497,0
H289Y,0.0516092,0.101485748,0
E290A,0.0465402,0.091394082,0
E290C,0.0045859,0.007868971,0
E290D,0.109395,0.21652915,1
E290F,0.0330277,0.064492595,0
E290G,0.0522984,0.102857849,0
E290H,0.0148679,0.028338987,0
E290I,0.0334245,0.065282568,0
E290K,0.0149786,0.028559375,0
E290L,0.0414931,0.081346016,0
E290M,0.0364719,0.071349513,0
E290N,0.070003,0.138105218,0
E290P,0.086611,0.17116941,0
E290Q,0.0623275,0.122824376,0
E290R,0.0041557,0.007012503,0
E290S,0.072249,0.142576688,0
E290T,0.0683972,0.134908296,0
E290V,0.0254037,0.049314283,0
E290W,0.0203016,0.03915672,0
E290Y,0.0365872,0.071579059,0
C291A,0.0149808,0.028563755,0
C291D,0.020264,0.039081863,0
C291E,0.022829,0.044188418,0
C291F,0.0138592,0.026330807,0
C291G,0.0137499,0.026113206,0
C291H,0.0203453,0.03924372,0
C291I,0.0252761,0.04906025,0
C291K,0.0151118,0.028824558,0
C291L,0.0112712,0.021178463,0
C291M,0.0347448,0.0679111,0
C291N,0.0174006,0.033381237,0
C291P,0.00942865,0.017510205,0
C291Q,0.0175648,0.033708136,0
C291R,0.0117586,0.022148808,0
C291S,0.010874,0.020387694,0
C291T,0.0125011,0.023627021,0
C291V,0.0154189,0.029435951,0
C291W,0.0283975,0.055274518,0
C291Y,0.0336376,0.06570682,0
N292A,0.0119968,0.022623031,0
N292C,0.0154063,0.029410866,0
N292D,0.0977349,0.19331553,0
N292E,0.0688094,0.135728928,0
N292F,0.0350386,0.068496014,0
N292G,0.00645092,0.011581964,0
N292H,0.0615556,0.121287632,0
N292I,0.047796,0.093894204,0
N292K,0.00978347,0.018216602,0
N292L,0.0177012,0.033979689,0
N292M,0.037458,0.073312699,0
N292P,0.00274086,0.004195756,0
N292Q,0.0424695,0.083289891,0
N292R,0.00697946,0.012634213,0
N292S,0.112016,0.221747192,1
N292T,0.0838919,0.165756064,0
N292V,0.0539584,0.106162675,0
N292W,0.0329967,0.064430879,0
N292Y,0.071357,0.140800841,0
T293A,0.199444,0.395804045,1
T293C,0.042784,0.083916016,0
T293D,0.0213499,0.041243738,0
T293E,0.0107909,0.020222254,0
T293F,0.00893914,0.01653566,0
T293G,0.0159099,0.030413463,0
T293H,0.0156862,0.029968107,0
T293I,0.010429,0.019501762,0
T293K,0.017529,0.033636863,0
T293L,0.00651498,0.011709498,0
T293M,0.047449,0.093203375,0
T293N,0.0174321,0.033443949,0
T293P,0.0091688,0.016992881,0
T293Q,0.00617075,0.011024185,0
T293R,0.0125105,0.023645735,0
T293S,0.0920993,0.182095843,0
T293V,0.0464416,0.091197784,0
T293W,0.0127771,0.024176498,0
T293Y,0.0104402,0.019524059,0
K294A,0.113483,0.224667783,1
K294C,0.00660571,0.011890129,0
K294D,0.0293319,0.057134777,0
K294E,0.026725,0.051944806,0
K294F,0.0451771,0.088680342,0
K294G,0.0309344,0.060325129,0
K294H,0.0554382,0.109108749,0
K294I,0.049959,0.098200432,0
K294L,0.0563179,0.110860108,0
K294M,0.022596,0.043724547,0
K294N,0.0695985,0.137299915,0
K294P,0.0219803,0.042498775,0
K294Q,0.0602147,0.118618089,0
K294R,0.115072,0.227831258,1
K294S,0.0885994,0.175128035,0
K294T,0.0299883,0.058441577,0
K294V,0.0433719,0.085086443,0
K294W,0.0236191,0.045761396,0
K294Y,0.0263895,0.051276872,0
C295A,0.00873097,0.016121223,0
C295D,0.0156266,0.029849452,0
C295E,0.0155388,0.029674655,0
C295F,0.0224259,0.043385902,0
C295G,0.016137,0.030865587,0
C295H,0.0129569,0.024534455,0
C295I,0.013912,0.026435925,0
C295K,0.013694,0.026001917,0
C295L,0.0105765,0.019795413,0
C295M,0.0181533,0.034879757,0
C295N,0.0371429,0.07268538,0
C295P,0.0223083,0.043151777,0
C295Q,0.0378065,0.074006514,0
C295R,0.0165705,0.031728624,0
C295S,0.0154226,0.029443317,0
C295T,0.0138426,0.026297759,0
C295V,0.0189599,0.036485584,0
C295W,0.0226527,0.043837429,0
C295Y,0.0435079,0.085357199,0
Q296A,0.0174366,0.033452908,0
Q296C,0.0155853,0.02976723,0
Q296D,0.029367,0.057204656,0
Q296E,0.0547561,0.107750784,0
Q296F,0.0414694,0.081298833,0
Q296G,0.0147082,0.028021047,0
Q296H,0.0453004,0.088925815,0
Q296I,0.0415187,0.081396982,0
Q296K,0.0313354,0.061123464,0
Q296L,0.0103464,0.019337317,0
Q296M,0.0703595,0.138814959,0
Q296N,0.0284141,0.055307566,0
Q296P,0.0177906,0.034157672,0
Q296R,0.0208117,0.040172257,0
Q296S,0.018884,0.036334478,0
Q296T,0.0152833,0.02916599,0
Q296V,0.0224779,0.043489427,0
Q296W,0.0264547,0.051406677,0
Q296Y,0.0253029,0.049113605,0
T297A,0.0437209,0.085781253,0
T297C,0.0232186,0.044964057,0
T297D,0.0120585,0.022745867,0
T297E,0.0127036,0.02403017,0
T297F,0.013993,0.026597184,0
T297G,0.0121762,0.022980191,0
T297H,0.0207497,0.040048824,0
T297I,0.0340696,0.066566872,0
T297K,0.0291277,0.056728244,0
T297L,0.0400585,0.078489929,0
T297M,0.0151481,0.028896826,0
T297N,0.0243751,0.047266485,0
T297P,0.0213764,0.041296495,0
T297Q,0.0224063,0.043346881,0
T297R,0.013516,0.025647544,0
T297S,0.264987,0.52629094,1
T297V,0.0132862,0.025190045,0
T297W,0.0189941,0.036553671,0
T297Y,0.017706,0.033989245,0
P298A,0.0656549,0.129448762,0
P298C,0.0454057,0.089135452,0
P298D,0.0168012,0.032187916,0
P298E,0.0291349,0.056742578,0
P298F,0.0190027,0.036570793,0
P298G,0.0243828,0.047281815,0
P298H,0.0397716,0.077918752,0
P298I,0.0111768,0.020990526,0
P298K,0.0198339,0.038225595,0
P298L,0.0123116,0.023249753,0
P298M,0.0286727,0.055822403,0
P298N,0.0131222,0.024863544,0
P298Q,0.0355558,0.069525687,0
P298R,0.0103061,0.019257085,0
P298S,0.0530928,0.104439387,0
P298T,0.0457839,0.089888395,0
P298V,0.035549,0.069512149,0
P298W,0.0287253,0.055927122,0
P298Y,0.0239566,0.046433311,0
Q299A,0.0293705,0.057211624,0
Q299C,0.0392012,0.076783165,0
Q299D,0.0526674,0.103592476,0
Q299E,0.0299178,0.058301222,0
Q299F,0.0426484,0.083646056,0
Q299G,0.014091,0.026792289,0
Q299H,0.0655121,0.129164467,0
Q299I,0.0775557,0.153141581,0
Q299K,0.0190556,0.036676109,0
Q299L,0.0511907,0.100652574,0
Q299M,0.100232,0.198286905,1
Q299N,0.0448811,0.088091048,0
Q299P,0.0321219,0.062689275,0
Q299R,0.0229676,0.044464351,0
Q299S,0.0459856,0.090289952,0
Q299T,0.0618706,0.121914753,0
Q299V,0.0823714,0.162728963,0
Q299W,0.0462787,0.090873473,0
Q299Y,0.0941899,0.186257934,0
G300A,0.0108164,0.02027302,0
G300C,0.00925888,0.017172217,0
G300D,0.0178165,0.034209235,0
G300E,0.0645566,0.127262201,0
G300F,0.0110788,0.020795422,0
G300H,0.0345707,0.067564491,0
G300I,0.0285014,0.055481368,0
G300K,0.013844,0.026300546,0
G300L,0.0149931,0.028588243,0
G300M,0.0330086,0.06445457,0
G300N,0.0147884,0.028180714,0
G300P,0.0162202,0.031031226,0
G300Q,0.0236503,0.045823511,0
G300R,0.0192259,0.037015152,0
G300S,0.0126661,0.023955513,0
G300T,0.029584,0.057636673,0
G300V,0.0309985,0.060452743,0
G300W,0.0147645,0.028133132,0
G300Y,0.0116271,0.02188701,0
A301C,0.00937803,0.017409428,0
A301D,0.0298724,0.058210837,0
A301E,0.0384884,0.075364081,0
A301F,0.00860409,0.015868622,0
A301G,0.0261844,0.050868547,0
A301H,0.00818773,0.015039708,0
A301I,0.0164983,0.031584884,0
A301K,0.00806718,0.01479971,0
A301L,0.0080454,0.014756349,0
A301M,0.0168697,0.032324289,0
A301N,0.0287325,0.055941456,0
A301P,0.00971718,0.018084628,0
A301Q,0.0491903,0.096670059,0
A301R,0.0174918,0.033562803,0
A301S,0.18611,0.369257926,1
A301T,0.0314356,0.061322948,0
A301V,0.0273393,0.053167791,0
A301W,0.0163958,0.031380821,0
A301Y,0.0295364,0.057541908,0
I302A,0.0226834,0.043898549,0
I302C,0.0383655,0.075119404,0
I302D,0.0137741,0.026161385,0
I302E,0.0084801,0.015621776,0
I302F,0.0406611,0.079689621,0
I302G,0.00714229,0.012958384,0
I302H,0.0191258,0.036815867,0
I302K,0.0662208,0.130575389,0
I302L,0.139247,0.275960284,1
I302M,0.0461405,0.090598336,0
I302N,0.00721589,0.013104911,0
I302P,0.00541247,0.009514556,0
I302Q,0.00651182,0.011703207,0
I302R,0.00840891,0.015480046,0
I302S,0.00883216,0.016322678,0
I302T,0.0244307,0.047377177,0
I302V,0.129386,0.256328419,1
I302W,0.0481528,0.094604542,0
I302Y,0.0339341,0.06629711,0
N303A,0.105051,0.207880857,1
N303C,0.0107336,0.020108177,0
N303D,0.0579652,0.114139651,0
N303E,0.09759,0.193027055,0
N303F,0.0536826,0.105613596,0
N303G,0.0346445,0.067711417,0
N303H,0.0469109,0.092132094,0
N303I,0.0252416,0.048991565,0
N303K,0.0285955,0.055668708,0
N303L,0.0551095,0.108454354,0
N303M,0.0401039,0.078580314,0
N303P,0.0314826,0.061416518,0
N303Q,0.0494196,0.097126563,0
N303R,0.0380129,0.074417427,0
N303S,0.0354663,0.069347505,0
N303T,0.102351,0.202505536,1
N303V,0.0554994,0.10923059,0
N303W,0.0132421,0.025102248,0
N303Y,0.0494524,0.097191863,0
S304A,0.0899431,0.177803152,0
S304C,0.0127971,0.024216316,0
S304D,0.0177497,0.034076246,0
S304E,0.0293627,0.057196096,0
S304F,0.018586,0.035741201,0
S304G,0.116859,0.231388924,1
S304H,0.023594,0.045711425,0
S304I,0.0378455,0.074084157,0
S304K,0.0243589,0.047234233,0
S304L,0.0209852,0.040517671,0
S304M,0.0199112,0.038379488,0
S304N,0.0534436,0.105137781,0
S304P,0.0154633,0.029524345,0
S304Q,0.0199045,0.038366149,0
S304R,0.02116,0.040865673,0
S304T,0.0888304,0.175587923,0
S304V,0.00856447,0.015789745,0
S304W,0.0202146,0.038983515,0
S304Y,0.0329683,0.064374338,0
N305A,0.0927461,0.183383531,0
N305C,0.00934246,0.017338613,0
N305D,0.124247,0.246097393,1
N305E,0.0152537,0.029107061,0
N305F,0.0440488,0.086434055,0
N305G,0.106648,0.211060259,1
N305H,0.0382104,0.074810622,0
N305I,0.0328127,0.06406456,0
N305K,0.0332341,0.064903509,0
N305L,0.0879388,0.173812873,0
N305M,0.0322034,0.06285153,0
N305P,0.0283749,0.055229525,0
N305Q,0.016084,0.030760071,0
N305R,0.0664209,0.13097376,0
N305S,0.0761477,0.150338451,0
N305T,0.0351014,0.06862104,0
N305V,0.0356749,0.069762798,0
N305W,0.0104122,0.019468315,0
N305Y,0.0171006,0.032783979,0
L306A,0.0690759,0.136259492,0
L306C,0.124197,0.24599785,1
L306D,0.00778431,0.014236556,0
L306E,0.0186947,0.035957608,0
L306F,0.0349017,0.068223466,0
L306G,0.00295928,0.0046306,0
L306H,0.0510769,0.100426014,0
L306I,0.0323053,0.063054398,0
L306K,0.0669427,0.132012591,0
L306M,0.0230209,0.044570464,0
L306N,0.0081886,0.01504144,0
L306P,0.00875198,0.016163051,0
L306Q,0.0215392,0.041620607,0
L306R,0.194886,0.386729708,1
L306S,0.0842742,0.16651717,0
L306T,0.0205851,0.039721128,0
L306V,0.0180903,0.034754332,0
L306W,0.012439,0.023503389,0
L306Y,0.0458448,0.090009639,0
P307A,0.0251872,0.048883262,0
P307C,0.0226949,0.043921443,0
P307D,0.0112177,0.021071952,0
P307E,0.0155172,0.029631652,0
P307F,0.0137646,0.026142472,0
P307G,0.02185,0.042239366,0
P307H,0.0161973,0.030985636,0
P307I,0.0235525,0.045628804,0
P307K,0.0341178,0.066662831,0
P307L,0.0551789,0.108592519,0
P307M,0.0262464,0.050991981,0
P307N,0.0166774,0.031941447,0
P307Q,0.0166289,0.031844891,0
P307R,0.0170003,0.032584296,0
P307S,0.0432102,0.084764521,0
P307T,0.0123891,0.023404045,0
P307V,0.02267,0.043871871,0
P307W,0.0175105,0.033600032,0
P307Y,0.0175469,0.033672499,0
F308A,0.0264961,0.051489098,0
F308C,0.0132385,0.025095081,0
F308D,0.00872715,0.016113618,0
F308E,0.0210529,0.040652452,0
F308G,0.0110817,0.020801195,0
F308H,0.0128619,0.024345323,0
F308I,0.0213348,0.041213676,0
F308K,0.0198615,0.038280543,0
F308L,0.0427693,0.083886751,0
F308M,0.0617011,0.121577302,0
F308N,0.0094428,0.017538376,0
F308P,0.0105792,0.019800789,0
F308Q,0.0192498,0.037062734,0
F308R,0.0138998,0.026411636,0
F308S,0.0213498,0.041243539,0
F308T,0.0227745,0.044079916,0
F308V,0.0242961,0.047109207,0
F308W,0.0365356,0.071476331,0
F308Y,0.0875765,0.173091585,0
Q309A,0.0136456,0.02590556,0
Q309C,0.0152345,0.029068836,0
Q309D,0.0153505,0.029299776,0
Q309E,0.0299588,0.058382847,0
Q309F,0.0133626,0.025342147,0
Q309G,0.00906941,0.016795009,0
Q309H,0.0353895,0.069194607,0
Q309I,0.0158276,0.030249615,0
Q309K,0.0143258,0.027259742,0
Q309L,0.011636,0.021904729,0
Q309M,0.0311023,0.060659395,0
Q309N,0.025372,0.049251173,0
Q309P,0.0255193,0.049544427,0
Q309R,0.0267966,0.052087351,0
Q309S,0.0178663,0.03430838,0
Q309T,0.0153475,0.029293803,0
Q309V,0.00677224,0.012221667,0
Q309W,0.0124111,0.023447844,0
Q309Y,0.0195464,0.037653223,0
N310A,0.0140278,0.026666466,0
N310C,0.0314215,0.061294877,0
N310D,0.0239187,0.046357857,0
N310E,0.0142198,0.027048711,0
N310F,0.0232341,0.044994915,0
N310G,0.0120198,0.022668821,0
N310H,0.0426825,0.083713944,0
N310I,0.0127186,0.024060033,0
N310K,0.0418783,0.082112895,0
N310L,0.0185615,0.035692425,0
N310M,0.0475991,0.093502203,0
N310P,0.014829,0.028261543,0
N310Q,0.0251241,0.048757639,0
N310R,0.0142881,0.027184687,0
N310S,0.0451336,0.08859374,0
N310T,0.0132249,0.025068005,0
N310V,0.102964,0.203725933,1
N310W,0.0236463,0.045815547,0
N310Y,0.0294,0.057270355,0
I311A,0.00729699,0.01326637,0
I311C,0.0502256,0.098731195,0
I311D,0.0124197,0.023464965,0
I311E,0.0145264,0.027659109,0
I311F,0.0107031,0.020047456,0
I311G,0.00537077,0.009431537,0
I311H,0.0199218,0.038400591,0
I311K,0.0153932,0.029384786,0
I311L,0.044276,0.086886379,0
I311M,0.0356404,0.069694113,0
I311N,0.0377968,0.073987203,0
I311P,0.00929699,0.017248089,0
I311Q,0.0127823,0.024186851,0
I311R,0.0166614,0.031909593,0
I311S,0.00963024,0.017911543,0
I311T,0.0198572,0.038271982,0
I311V,0.282793,0.561740182,1
I311W,0.017651,0.033879748,0
I311Y,0.0159191,0.030431779,0
H312A,0.121234,0.240098934,1
H312C,0.0277466,0.053978668,0
H312D,0.110308,0.218346804,1
H312E,0.0105098,0.019662623,0
H312F,0.017374,0.03332828,0
H312G,0.0565502,0.111322585,0
H312I,0.006371,0.011422854,0
H312K,0.00502361,0.00874039,0
H312L,0.00301888,0.004749255,0
H312M,0.00924626,0.017147093,0
H312N,0.0753157,0.148682056,0
H312P,0.00792466,0.014515973,0
H312Q,0.00780671,0.014281151,0
H312R,0.00826244,0.015188445,0
H312S,0.254949,0.506306694,1
H312T,0.087375,0.172690426,0
H312V,0.00892922,0.016515911,0
H312W,0.0153302,0.029259361,0
H312Y,0.0179652,0.034505276,0
P313A,0.188052,0.373124175,1
P313C,0.00593373,0.010552311,0
P313D,0.00903967,0.016735801,0
P313E,0.0235523,0.045628406,0
P313F,0.0186818,0.035931926,0
P313G,0.0178432,0.034262391,0
P313H,0.106331,0.210429157,1
P313I,0.0102034,0.019052624,0
P313K,0.0963278,0.190514192,0
P313L,0.00989881,0.018446228,0
P313M,0.0154486,0.029495079,0
P313N,0.00637447,0.011429763,0
P313Q,0.0288092,0.056094155,0
P313R,0.095431,0.18872879,0
P313S,0.0268383,0.05217037,0
P313T,0.022929,0.044387504,0
P313V,0.0133088,0.025235038,0
P313W,0.0829779,0.163936419,0
P313Y,0.0308834,0.060223595,0
V314A,0.0173937,0.0333675,0
V314C,0.0103614,0.019367179,0
V314D,0.0511151,0.100502065,0
V314E,0.0142756,0.027159801,0
V314F,0.054107,0.106458517,0
V314G,0.00820647,0.015077017,0
V314H,0.0753598,0.148769853,0
V314I,0.0514442,0.101157257,0
V314K,0.0267293,0.051953367,0
V314L,0.0389412,0.076265542,0
V314M,0.103391,0.20457603,1
V314N,0.103539,0.204870677,1
V314P,0.00212432,0.002968312,0
V314Q,0.0531823,0.104617569,0
V314R,0.0409345,0.080233922,0
V314S,0.0329877,0.064412961,0
V314T,0.0350958,0.068609891,0
V314W,0.021965,0.042468315,0
V314Y,0.170131,0.337445984,1
T315A,0.0783435,0.15470998,0
T315C,0.0573248,0.112864704,0
T315D,0.00443584,0.007570223,0
T315E,0.0041918,0.007084374,0
T315F,0.0478261,0.093954128,0
T315G,0.134684,0.266875992,1
T315H,0.0374169,0.073230875,0
T315I,0.0311131,0.060680896,0
T315K,0.00835857,0.015379827,0
T315L,0.0127963,0.024214723,0
T315M,0.0127242,0.024071182,0
T315N,0.023519,0.045562111,0
T315P,0.00348554,0.005678309,0
T315Q,0.0216623,0.041865682,0
T315R,0.0154286,0.029455262,0
T315S,0.0735142,0.145095523,0
T315V,0.114455,0.226602898,1
T315W,0.0165347,0.031657352,0
T315Y,0.159199,0.31568191,1
I316A,0.011078,0.020793829,0
I316C,0.0172261,0.033033832,0
I316D,0.0212994,0.041143199,0
I316E,0.00895635,0.016569923,0
I316F,0.016821,0.032227335,0
I316G,0.0131157,0.024850603,0
I316H,0.0105338,0.019710404,0
I316K,0.0354362,0.06928758,0
I316L,0.102325,0.202453774,1
I316M,0.0513628,0.100995201,0
I316N,0.0114296,0.021493815,0
I316P,0.0177764,0.034129402,0
I316Q,0.0189632,0.036492154,0
I316R,0.0164678,0.031524163,0
I316S,0.0106218,0.019885599,0
I316T,0.0177443,0.034065495,0
I316V,0.21075,0.418312701,1
I316W,0.0126591,0.023941577,0
I316Y,0.0176545,0.033886716,0
G317A,0.00926322,0.017180858,0
G317C,0.0148544,0.028312111,0
G317D,0.0174888,0.033556831,0
G317E,0.0353304,0.069076947,0
G317F,0.0176431,0.03386402,0
G317H,0.0105319,0.019706621,0
G317I,0.0188475,0.036261811,0
G317K,0.0365738,0.071552382,0
G317L,0.0175883,0.033754921,0
G317M,0.0195628,0.037685873,0
G317N,0.0266317,0.051759059,0
G317P,0.0133555,0.025328012,0
G317Q,0.0218774,0.042293916,0
G317R,0.0167096,0.032005553,0
G317S,0.0131109,0.024841047,0
G317T,0.0195386,0.037637694,0
G317V,0.0102483,0.019142013,0
G317W,0.0313563,0.061165073,0
G317Y,0.0113083,0.021252324,0
E318A,0.0489681,0.09622769,0
E318C,0.0110793,0.020796417,0
E318D,0.0879009,0.173737419,0
E318F,0.0188378,0.0362425,0
E318G,0.0108008,0.020241963,0
E318H,0.105225,0.208227266,1
E318I,0.0296491,0.057766278,0
E318K,0.0383455,0.075079587,0
E318L,0.0294243,0.057318733,0
E318M,0.0443822,0.087097808,0
E318N,0.0687162,0.13554338,0
E318P,0.0027697,0.004253172,0
E318Q,0.0886463,0.175221406,0
E318R,0.0624129,0.122994396,0
E318S,0.0848563,0.167676049,0
E318T,0.105065,0.207908729,1
E318V,0.0279667,0.054416856,0
E318W,0.0109659,0.020570654,0
E318Y,0.00601186,0.010707857,0
C319A,0.0291034,0.056679866,0
C319D,0.0288378,0.056151093,0
C319E,0.013898,0.026408053,0
C319F,0.0381281,0.074646774,0
C319G,0.0100257,0.018698848,0
C319H,0.0213668,0.041277383,0
C319I,0.0212755,0.041095618,0
C319K,0.0200155,0.038587135,0
C319L,0.019852,0.038261629,0
C319M,0.026023,0.050547223,0
C319N,0.0253021,0.049112012,0
C319P,0.0180889,0.034751545,0
C319Q,0.0215761,0.04169407,0
C319R,0.0186217,0.035812275,0
C319S,0.0144893,0.027585248,0
C319T,0.012669,0.023961287,0
C319V,0.0240334,0.046586209,0
C319W,0.0374936,0.073383574,0
C319Y,0.0333193,0.06507313,0
P320A,0.120727,0.239089568,1
P320C,0.0196265,0.037812691,0
P320D,0.0129056,0.024432324,0
P320E,0.0133192,0.025255743,0
P320F,0.0186523,0.035873195,0
P320G,0.0678429,0.133804762,0
P320H,0.0112624,0.021160944,0
P320I,0.00849899,0.015659383,0
P320K,0.0132687,0.025155205,0
P320L,0.0189589,0.036483593,0
P320M,0.0265961,0.051688184,0
P320N,0.0102175,0.019080695,0
P320Q,0.0291972,0.056866608,0
P320R,0.0149657,0.028533693,0
P320S,0.0195914,0.037742811,0
P320T,0.0149177,0.028438132,0
P320V,0.0289868,0.056447732,0
P320W,0.0150375,0.028676637,0
P320Y,0.0203219,0.039197134,0
K321A,0.0277316,0.053948805,0
K321C,0.0127277,0.02407815,0
K321D,0.00846417,0.015590061,0
K321E,0.00945786,0.017568358,0
K321F,0.00974309,0.018136211,0
K321G,0.0142848,0.027178117,0
K321H,0.0373732,0.073143875,0
K321I,0.0971496,0.19215028,0
K321L,0.0605267,0.119239237,0
K321M,0.0429746,0.084295474,0
K321N,0.0190895,0.036743599,0
K321P,0.00282205,0.004357394,0
K321Q,0.0376896,0.073773782,0
K321R,0.24799,0.492452304,1
K321S,0.0313111,0.061075086,0
K321T,0.085529,0.1690153,0
K321V,0.0729793,0.144030612,0
K321W,0.0123519,0.023329985,0
K321Y,0.00516457,0.009021022,0
Y322A,0.0166812,0.031949012,0
Y322C,0.0233009,0.045127904,0
Y322D,0.0163545,0.031298599,0
Y322E,0.0125045,0.02363379,0
Y322F,0.32679,0.649332022,1
Y322G,0.0072254,0.013123844,0
Y322H,0.051701,0.101668509,0
Y322I,0.0193245,0.037211451,0
Y322K,0.0120826,0.022793847,0
Y322L,0.00938741,0.017428102,0
Y322M,0.0310747,0.060604447,0
Y322N,0.0100477,0.018742647,0
Y322P,0.0091281,0.016911853,0
Y322Q,0.0162224,0.031035606,0
Y322R,0.00425487,0.007209937,0
Y322S,0.00971491,0.018080109,0
Y322T,0.0119408,0.022511543,0
Y322V,0.00766416,0.013997354,0
Y322W,0.0324012,0.063245322,0
V323A,0.0133448,0.025306709,0
V323C,0.0107108,0.020062786,0
V323D,0.0158303,0.03025499,0
V323E,0.00922089,0.017096584,0
V323F,0.00982341,0.018296117,0
V323G,0.0176448,0.033867405,0
V323H,0.011256,0.021148202,0
V323I,0.314511,0.62488626,1
V323K,0.00936386,0.017381218,0
V323L,0.156141,0.309593862,1
V323M,0.0144057,0.027418812,0
V323N,0.0229828,0.044494612,0
V323P,0.0176927,0.033962767,0
V323Q,0.00982104,0.018291399,0
V323R,0.00428016,0.007260286,0
V323S,0.010574,0.019790436,0
V323T,0.0238247,0.046170716,0
V323W,0.0133765,0.02536982,0
V323Y,0.00807966,0.014824556,0
R324A,0.0500529,0.098387374,0
R324C,0.00744604,0.013563108,0
R324D,0.0105708,0.019784065,0
R324E,0.01457,0.02774591,0
R324F,0.0125353,0.023695109,0
R324G,0.014249,0.027106844,0
R324H,0.0955438,0.188953358,0
R324I,0.00433855,0.007376532,0
R324K,0.193201,0.38337511,1
R324L,0.05192,0.102104508,0
R324M,0.0225173,0.043567867,0
R324N,0.0149053,0.028413445,0
R324P,0.0107103,0.02006179,0
R324Q,0.0398182,0.078011526,0
R324S,0.01671,0.032006349,0
R324T,0.100035,0.197894706,1
R324V,0.00693382,0.01254335,0
R324W,0.0156662,0.02992829,0
R324Y,0.0219734,0.042485038,0
S325A,0.0665734,0.131277366,0
S325C,0.0562375,0.110700043,0
S325D,0.0476786,0.093660477,0
S325E,0.00727211,0.013216838,0
S325F,0.0137824,0.026177909,0
S325G,0.0204003,0.039353218,0
S325H,0.0121234,0.022875074,0
S325I,0.0319383,0.062323753,0
S325K,0.0281091,0.054700354,0
S325L,0.0783128,0.154648861,0
S325M,0.0140019,0.026614903,0
S325N,0.0202346,0.039023332,0
S325P,0.0110404,0.020718973,0
S325Q,0.018711,0.035990059,0
S325R,0.00691908,0.012514004,0
S325T,0.0638036,0.125763084,0
S325V,0.0122451,0.023117361,0
S325W,0.0109543,0.02054756,0
S325Y,0.0205722,0.039695446,0
T326A,0.0889331,0.175792384,0
T326C,0.0169254,0.03243518,0
T326D,0.026981,0.052454466,0
T326E,0.0379844,0.074360688,0
T326F,0.0379406,0.074273488,0
T326G,0.0696745,0.13745122,0
T326H,0.0273888,0.053266338,0
T326I,0.0669423,0.132011794,0
T326K,0.0331304,0.064697056,0
T326L,0.0555274,0.109286334,0
T326M,0.112162,0.222037858,1
T326N,0.0235302,0.045584408,0
T326P,0.0357456,0.069903552,0
T326Q,0.0764605,0.150961192,0
T326R,0.0663463,0.130825242,0
T326S,0.0496376,0.09756057,0
T326V,0.0459748,0.09026845,0
T326W,0.0126043,0.023832478,0
T326Y,0.0225487,0.04363038,0
K327A,0.16343,0.324105236,1
K327C,0.0151062,0.028813409,0
K327D,0.0128222,0.024266286,0
K327E,0.0195066,0.037573987,0
K327F,0.00509571,0.008883931,0
K327G,0.0294772,0.057424049,0
K327H,0.065232,0.128606827,0
K327I,0.0175681,0.033714706,0
K327L,0.00500547,0.008704276,0
K327M,0.0307377,0.059933527,0
K327N,0.0671155,0.132356611,0
K327P,0.00501558,0.008724404,0
K327Q,0.0776466,0.15332255,0
K327R,0.0658808,0.129898497,0
K327S,0.0716757,0.141435328,0
K327T,0.0628304,0.12382558,0
K327V,0.0117318,0.022095453,0
K327W,0.010681,0.020003458,0
K327Y,0.013689,0.025991963,0
L328A,0.00653524,0.011749833,0
L328C,0.0122715,0.02316992,0
L328D,0.0160261,0.030644801,0
L328E,0.0175645,0.033707539,0
L328F,0.0260015,0.050504419,0
L328G,0.0161667,0.030924715,0
L328H,0.011742,0.02211576,0
L328I,0.15978,0.316838599,1
L328K,0.0108962,0.020431891,0
L328M,0.029127,0.05672685,0
L328N,0.0122679,0.023162753,0
L328P,0.0103207,0.019286151,0
L328Q,0.0149704,0.02854305,0
L328R,0.0053403,0.009370875,0
L328S,0.0188679,0.036302425,0
L328T,0.0109804,0.020599521,0
L328V,0.0179467,0.034468445,0
L328W,0.0135985,0.02581179,0
L328Y,0.0240291,0.046577648,0
R329A,0.0470611,0.092431121,0
R329C,0.0237749,0.046071572,0
R329D,0.008744,0.016147164,0
R329E,0.0183789,0.035328894,0
R329F,0.00822553,0.015114963,0
R329G,0.0281137,0.054709512,0
R329H,0.0319583,0.06236357,0
R329I,0.0122693,0.02316554,0
R329K,0.0706196,0.139332781,0
R329L,0.0193392,0.037240717,0
R329M,0.0265035,0.05150383,0
R329N,0.0237579,0.046037727,0
R329P,0.00814762,0.014959855,0
R329Q,0.0113922,0.021419357,0
R329S,0.0584685,0.11514165,0
R329T,0.0423041,0.082960603,0
R329V,0.0562817,0.110788039,0
R329W,0.0570037,0.112225439,0
R329Y,0.0318618,0.062171452,0
M330A,0.0114466,0.02152766,0
M330C,0.0239327,0.046385729,0
M330D,0.0250026,0.04851575,0
M330E,0.0128825,0.024386335,0
M330F,0.0492547,0.09679827,0
M330G,0.022048,0.042633557,0
M330H,0.00901121,0.016679141,0
M330I,0.0306972,0.059852897,0
M330K,0.0187473,0.036062327,0
M330L,0.151159,0.2996754,1
M330N,0.0280346,0.054552035,0
M330P,0.00687859,0.012433395,0
M330Q,0.0134358,0.025487878,0
M330R,0.0174794,0.033538116,0
M330S,0.00997103,0.018590008,0
M330T,0.0220069,0.042551732,0
M330V,0.0350351,0.068489046,0
M330W,0.0167824,0.032150487,0
M330Y,0.0121628,0.022953514,0
V331A,0.172679,0.342518694,1
V331C,0.1047,0.207182065,1
V331D,0.0196913,0.037941698,0
V331E,0.0209245,0.040396826,0
V331F,0.0154175,0.029433164,0
V331G,0.0263294,0.051157222,0
V331H,0.0149966,0.028595211,0
V331I,0.0248073,0.048126935,0
V331K,0.0163638,0.031317114,0
V331L,0.00863335,0.015926875,0
V331M,0.0189129,0.036392013,0
V331N,0.0180465,0.034667133,0
V331P,0.00883061,0.016319592,0
V331Q,0.0292015,0.056875169,0
V331R,0.00561373,0.009915236,0
V331S,0.0269397,0.052372243,0
V331T,0.0121429,0.022913895,0
V331W,0.0204599,0.039471873,0
V331Y,0.0157443,0.030083776,0
T332A,0.02177,0.042080098,0
T332C,0.0167694,0.032124606,0
T332D,0.0149766,0.028555394,0
T332E,0.0146392,0.027883678,0
T332F,0.0173339,0.033248446,0
T332G,0.00958678,0.01782502,0
T332H,0.0221566,0.042849764,0
T332I,0.0540373,0.106319754,0
T332K,0.0384519,0.075291415,0
T332L,0.0388274,0.076038982,0
T332M,0.0258608,0.050224305,0
T332N,0.0109262,0.020491617,0
T332P,0.010449,0.019541579,0
T332Q,0.0345197,0.067462957,0
T332R,0.0182791,0.035130207,0
T332S,0.0181177,0.034808882,0
T332V,0.0494906,0.097267914,0
T332W,0.0425919,0.083533572,0
T332Y,0.0166467,0.031880328,0
G333A,0.0140208,0.02665253,0
G333C,0.0281873,0.054856039,0
G333D,0.0310058,0.060467277,0
G333E,0.0368413,0.072084936,0
G333F,0.0129033,0.024427745,0
G333H,0.0192969,0.037156503,0
G333I,0.0137243,0.02606224,0
G333K,0.0311893,0.060832599,0
G333L,0.00741415,0.013499619,0
G333M,0.0260997,0.050699921,0
G333N,0.0133768,0.025370417,0
G333P,0.0124961,0.023617067,0
G333Q,0.0236835,0.045889607,0
G333R,0.06135,0.120878311,0
G333S,0.00821698,0.015097941,0
G333T,0.024461,0.0474375,0
G333V,0.0237754,0.046072567,0
G333W,0.0221851,0.042906503,0
G333Y,0.017602,0.033782196,0
L334A,0.00700497,0.012684999,0
L334C,0.010866,0.020371767,0
L334D,0.0211042,0.040754583,0
L334E,0.00797699,0.014620154,0
L334F,0.0101608,0.018967813,0
L334G,0.00490249,0.008499257,0
L334H,0.00748721,0.013645071,0
L334I,0.014689,0.027982822,0
L334K,0.0199649,0.038486397,0
L334M,0.0811896,0.160376165,0
L334N,0.019743,0.038044626,0
L334P,0.11642,0.230514937,1
L334Q,0.0270046,0.05250145,0
L334R,0.00705342,0.012781456,0
L334S,0.0048022,0.008299594,0
L334T,0.0191335,0.036831197,0
L334V,0.170799,0.338775878,1
L334W,0.0515564,0.101380631,0
L334Y,0.0110569,0.020751822,0
R335A,0.0144269,0.027461018,0
R335C,0.0196457,0.037850915,0
R335D,0.0244429,0.047401466,0
R335E,0.0322667,0.062977551,0
R335F,0.0263318,0.051162,0
R335G,0.0229994,0.04452766,0
R335H,0.0412533,0.080868608,0
R335I,0.0328196,0.064078297,0
R335K,0.0608634,0.119909559,0
R335L,0.0164022,0.031393563,0
R335M,0.0218718,0.042282767,0
R335N,0.0180873,0.03474836,0
R335P,0.0158636,0.030321286,0
R335Q,0.0213686,0.041280967,0
R335S,0.0202642,0.039082262,0
R335T,0.020068,0.038691655,0
R335V,0.0150843,0.028769809,0
R335W,0.0296367,0.057741591,0
R335Y,0.0182456,0.035063513,0
N336A,0.0114291,0.02149282,0
N336C,0.0177544,0.034085603,0
N336D,0.0379,0.074192659,0
N336E,0.0274326,0.053353538,0
N336F,0.0194819,0.037524812,0
N336G,0.00830087,0.015264954,0
N336H,0.0230956,0.044719181,0
N336I,0.0416085,0.081575761,0
N336K,0.0363616,0.071129921,0
N336L,0.0102589,0.019163116,0
N336M,0.0245124,0.04753983,0
N336P,0.0225003,0.043534022,0
N336Q,0.0292964,0.057064102,0
N336R,0.0146185,0.027842467,0
N336S,0.0211272,0.040800373,0
N336T,0.0267235,0.05194182,0
N336V,0.00959564,0.017842659,0
N336W,0.0251147,0.048738925,0
N336Y,0.0188506,0.036267983,0
I337A,0.052259,0.102779409,0
I337C,0.0226409,0.043813937,0
I337D,0.0459958,0.090310259,0
I337E,0.0304773,0.059415107,0
I337F,0.0222931,0.043121516,0
I337G,0.0142899,0.02718827,0
I337H,0.0380494,0.074490094,0
I337K,0.153935,0.305202026,1
I337L,0.085938,0.169829562,0
I337M,0.0300206,0.058505882,0
I337N,0.11381,0.225318794,1
I337P,0.00236078,0.00343907,0
I337Q,0.046294,0.090903933,0
I337R,0.0802145,0.158434878,0
I337S,0.0740208,0.146104092,0
I337T,0.074297,0.146653968,0
I337V,0.0246464,0.047806606,0
I337W,0.00606776,0.010819146,0
I337Y,0.0379431,0.074278465,0
P338A,0.0972263,0.192302979,0
P338C,0.0284493,0.055377645,0
P338D,0.0201254,0.03880593,0
P338E,0.0389349,0.076253,0
P338F,0.011806,0.022243175,0
P338G,0.0338867,0.066202743,0
P338H,0.178233,0.353575927,1
P338I,0.00980257,0.018254628,0
P338K,0.0424449,0.083240916,0
P338L,0.0184301,0.035430826,0
P338M,0.0215298,0.041601893,0
P338N,0.0298288,0.058124035,0
P338Q,0.0536189,0.105486779,0
P338R,0.0340287,0.066485445,0
P338S,0.0134125,0.02544149,0
P338T,0.00742925,0.013529681,0
P338V,0.0309036,0.060263811,0
P338W,0.0182355,0.035043405,0
P338Y,0.0912034,0.180312232,0
S339A,0.134362,0.266234936,1
S339C,0.0111807,0.020998291,0
S339D,0.0124721,0.023569286,0
S339E,0.0133779,0.025372607,0
S339F,0.0133933,0.025403266,0
S339G,0.064434,0.127018122,0
S339H,0.0268574,0.052208396,0
S339I,0.0698562,0.137812959,0
S339K,0.0161973,0.030985636,0
S339L,0.0352616,0.068939976,0
S339M,0.0292929,0.057057134,0
S339N,0.0141116,0.0268333,0
S339P,0.0729203,0.143913152,0
S339Q,0.189025,0.375061281,1
S339R,0.0757569,0.149560423,0
S339T,0.0533088,0.104869413,0
S339V,0.0506112,0.099498871,0
S339W,0.00506751,0.008827789,0
S339Y,0.0229294,0.0443883,0
I340A,0.0161497,0.030890871,0
I340C,0.0198397,0.038237142,0
I340D,0.00884613,0.01635049,0
I340E,0.011902,0.022434297,0
I340F,0.0317375,0.061923988,0
I340G,0.00395906,0.006621021,0
I340H,0.032217,0.062878605,0
I340K,0.151597,0.300547397,1
I340L,0.0663485,0.130829622,0
I340M,0.120869,0.23937227,1
I340N,0.0123367,0.023299724,0
I340P,0.0160026,0.030598015,0
I340Q,0.0740996,0.146260972,0
I340R,0.1811,0.359283721,1
I340S,0.00788491,0.014436836,0
I340T,0.0210653,0.040677139,0
I340V,0.0839815,0.165934445,0
I340W,0.0070873,0.012848907,0
I340Y,0.0188319,0.036230754,0
Q341A,0.0760028,0.150049976,0
Q341C,0.015231,0.029061868,0
Q341D,0.0228286,0.044187621,0
Q341E,0.103343,0.204480469,1
Q341F,0.0177581,0.034092969,0
Q341G,0.0265892,0.051674447,0
Q341H,0.0811842,0.160365414,0
Q341I,0.0231579,0.044843211,0
Q341K,0.0260341,0.050569321,0
Q341L,0.0110824,0.020802589,0
Q341M,0.024604,0.047722193,0
Q341N,0.0357284,0.069869309,0
Q341P,0.00902736,0.016711293,0
Q341R,0.0453371,0.088998879,0
Q341S,0.0556434,0.109517273,0
Q341T,0.0701649,0.138427538,0
Q341V,0.0119002,0.022430714,0
Q341W,0.016161,0.030913367,0
Q341Y,0.0165735,0.031734597,0
Y342A,0.0206006,0.039751987,0
Y342C,0.0445146,0.087361398,0
Y342D,0.00952771,0.01770742,0
Y342E,0.00950017,0.017652592,0
Y342F,0.0968581,0.191569945,0
Y342G,0.00537195,0.009433886,0
Y342H,0.0716113,0.141307117,0
Y342I,0.022565,0.043662831,0
Y342K,0.0308937,0.060244101,0
Y342L,0.0325375,0.063516676,0
Y342M,0.0183045,0.035180775,0
Y342N,0.0409655,0.080295639,0
Y342P,0.0137049,0.026023618,0
Y342Q,0.020291,0.039135617,0
Y342R,0.0360068,0.070423564,0
Y342S,0.0113979,0.021430705,0
Y342T,0.0586298,0.115462776,0
Y342V,0.0242991,0.04711518,0
Y342W,0.0617597,0.121693966,0
R343A,0.0103409,0.019326367,0
R343C,0.00975592,0.018161754,0
R343D,0.00895202,0.016561302,0
R343E,0.019142,0.036848119,0
R343F,0.00695169,0.012578926,0
R343G,0.0208682,0.040284741,0
R343H,0.0070742,0.012822827,0
R343I,0.0223908,0.043316023,0
R343K,0.470086,0.934614206,1
R343L,0.00699491,0.012664971,0
R343M,0.0355298,0.069473924,0
R343N,0.00678708,0.012251211,0
R343P,0.0129834,0.024587213,0
R343Q,0.0168523,0.032289649,0
R343S,0.00502771,0.008748553,0
R343T,0.0195513,0.037662978,0
R343V,0.00382621,0.006356535,0
R343W,0.0140634,0.026737341,0
R343Y,0.00692753,0.012530827,0
G344A,0.0964305,0.190718653,0
G344C,0.0287623,0.056000784,0
G344D,0.0306975,0.059853495,0
G344E,0.0440433,0.086423106,0
G344F,0.035717,0.069846613,0
G344H,0.0247708,0.048054268,0
G344I,0.00820516,0.015074409,0
G344K,0.0152235,0.029046937,0
G344L,0.0111408,0.020918855,0
G344M,0.0170859,0.032754713,0
G344N,0.0236372,0.04579743,0
G344P,0.011494,0.021622027,0
G344Q,0.0148604,0.028324056,0
G344R,0.017573,0.033724461,0
G344S,0.0210046,0.040556294,0
G344T,0.0114583,0.021550953,0
G344V,0.0249749,0.048460603,0
G344W,0.0293489,0.057168622,0
G344Y,0.0183751,0.035321329,0
L345A,0.0179405,0.034456102,0
L345C,0.00953107,0.017714109,0
L345D,0.0085325,0.015726097,0
L345E,0.0119107,0.022451618,0
L345F,0.0215932,0.041728114,0
L345G,0.00517881,0.009049372,0
L345H,0.0140613,0.02673316,0
L345I,0.148934,0.295245738,1
L345K,0.00582628,0.010338393,0
L345M,0.165675,0.328574715,1
L345N,0.0059723,0.010629099,0
L345P,0.0237913,0.046104222,0
L345Q,0.0231767,0.04488064,0
L345R,0.00642994,0.011540196,0
L345S,0.0140819,0.026774172,0
L345T,0.00934831,0.01735026,0
L345V,0.171343,0.339858906,1
L345W,0.012495,0.023614877,0
L345Y,0.0242629,0.047043111,0
F346A,0.0163647,0.031318906,0
F346C,0.0131748,0.024968263,0
F346D,0.00877473,0.016208343,0
F346E,0.00936825,0.017389957,0
F346G,0.0111999,0.021036515,0
F346H,0.0548916,0.108020545,0
F346I,0.056417,0.111057402,0
F346K,0.00657968,0.011838307,0
F346L,0.138081,0.273638942,1
F346M,0.044931,0.088190391,0
F346N,0.0146889,0.027982623,0
F346P,0.00942679,0.017506502,0
F346Q,0.0108454,0.020330755,0
F346R,0.0112363,0.021108982,0
F346S,0.0128383,0.024298339,0
F346T,0.00845083,0.015563503,0
F346V,0.0476704,0.093644152,0
F346W,0.0281494,0.054780586,0
F346Y,0.0513019,0.100873957,0
G347A,0.0840306,0.166032196,0
G347C,0.0265688,0.051633834,0
G347D,0.00967698,0.018004596,0
G347E,0.0202734,0.039100578,0
G347F,0.0134524,0.025520926,0
G347H,0.0485578,0.09541084,0
G347I,0.00718486,0.013043135,0
G347K,0.044396,0.087125282,0
G347L,0.0791657,0.156346865,0
G347M,0.0448695,0.088067954,0
G347N,0.0530502,0.104354577,0
G347P,0.00536303,0.009416128,0
G347Q,0.0620639,0.122299586,0
G347R,0.0675763,0.133273999,0
G347S,0.0722007,0.142480529,0
G347T,0.0742899,0.146639833,0
G347V,0.0376506,0.073696139,0
G347W,0.0177343,0.034045586,0
G347Y,0.0298433,0.058152903,0
A348C,0.0174265,0.0334328,0
A348D,0.0311736,0.060801343,0
A348E,0.0129039,0.024428939,0
A348F,0.0202646,0.039083058,0
A348G,0.0271569,0.052804658,0
A348H,0.0185948,0.035758721,0
A348I,0.0124314,0.023488258,0
A348K,0.0263282,0.051154833,0
A348L,0.0185181,0.035606022,0
A348M,0.0794709,0.156954475,0
A348N,0.0280777,0.054637841,0
A348P,0.01113,0.020897354,0
A348Q,0.0192283,0.03701993,0
A348R,0.007997,0.014659992,0
A348S,0.0276984,0.053882708,0
A348T,0.0295079,0.057485168,0
A348V,0.0336742,0.065779686,0
A348W,0.0253321,0.049171738,0
A348Y,0.0132232,0.025064621,0
I349A,0.0264052,0.051308129,0
I349C,0.025654,0.049812595,0
I349D,0.0148803,0.028363674,0
I349E,0.0106028,0.019847773,0
I349F,0.0122491,0.023125325,0
I349G,0.00751191,0.013694246,0
I349H,0.0110609,0.020759786,0
I349K,0.00961622,0.017883631,0
I349L,0.0525076,0.103274337,0
I349M,0.0832608,0.164499633,0
I349N,0.0111345,0.020906313,0
I349P,0.00479108,0.008277456,0
I349Q,0.00675506,0.012187464,0
I349R,0.00289346,0.004499561,0
I349S,0.00785223,0.014371775,0
I349T,0.0228282,0.044186825,0
I349V,0.28455,0.565238122,1
I349W,0.0107616,0.020163921,0
I349Y,0.00834597,0.015354742,0
A350C,0.0265119,0.051520554,0
A350D,0.0279504,0.054384405,0
A350E,0.0141382,0.026886257,0
A350F,0.0267622,0.052018866,0
A350G,0.0345263,0.067476097,0
A350H,0.0225659,0.043664623,0
A350I,0.0172581,0.033097539,0
A350K,0.0222615,0.043058605,0
A350L,0.00936869,0.017390833,0
A350M,0.0199063,0.038369733,0
A350N,0.0101302,0.018906893,0
A350P,0.00639904,0.011478678,0
A350Q,0.0112758,0.021187621,0
A350R,0.00936593,0.017385339,0
A350S,0.177854,0.352821391,1
A350T,0.0274076,0.053303766,0
A350V,0.019649,0.037857485,0
A350W,0.0518525,0.101970125,0
A350Y,0.0258113,0.050125758,0
G351A,0.0115502,0.021733913,0
G351C,0.0261684,0.050836693,0
G351D,0.0213052,0.041154746,0
G351E,0.0262653,0.051029608,0
G351F,0.0196082,0.037776258,0
G351H,0.0221661,0.042868677,0
G351I,0.0120578,0.022744473,0
G351K,0.0203765,0.039305835,0
G351L,0.011769,0.022169513,0
G351M,0.0219888,0.042515698,0
G351N,0.0269336,0.052360099,0
G351P,0.0155079,0.029613137,0
G351Q,0.0168746,0.032334045,0
G351R,0.0154123,0.029422811,0
G351S,0.0184008,0.035372494,0
G351T,0.0345328,0.067489038,0
G351V,0.0212251,0.040995278,0
G351W,0.0400286,0.078430402,0
G351Y,0.0150424,0.028686392,0
F352A,0.0279424,0.054368478,0
F352C,0.014672,0.027948978,0
F352D,0.011754,0.02213965,0
F352E,0.010697,0.020035312,0
F352G,0.0218677,0.042274605,0
F352H,0.0113822,0.021399449,0
F352I,0.0270629,0.052617517,0
F352K,0.00705187,0.012778371,0
F352L,0.0336984,0.065827865,0
F352M,0.0165952,0.031777799,0
F352N,0.00941008,0.017473235,0
F352P,0.033937,0.066302884,0
F352Q,0.00951665,0.017685401,0
F352R,0.00667565,0.01202937,0
F352S,0.0101891,0.019024154,0
F352T,0.00914696,0.0169494,0
F352V,0.0206375,0.039825449,0
F352W,0.0550127,0.108261638,0
F352Y,0.0368759,0.07215382,0
I353A,0.0112653,0.021166717,0
I353C,0.0105008,0.019644705,0
I353D,0.0147859,0.028175737,0
I353E,0.00718086,0.013035172,0
I353F,0.0251486,0.048806415,0
I353G,0.0115796,0.021792444,0
I353H,0.0160093,0.030611354,0
I353K,0.00549089,0.009670679,0
I353L,0.137294,0.272072135,1
I353M,0.0472431,0.092793457,0
I353N,0.0151018,0.028804649,0
I353P,0.00508177,0.008856179,0
I353Q,0.00930903,0.017272059,0
I353R,0.00817618,0.015016714,0
I353S,0.00951443,0.017680981,0
I353T,0.023779,0.046079734,0
I353V,0.236574,0.469724653,1
I353W,0.0113382,0.021311851,0
I353Y,0.00743992,0.013550924,0
E354A,0.018883,0.036332487,0
E354C,0.0280978,0.054677858,0
E354D,0.0172879,0.033156867,0
E354F,0.0136672,0.025948562,0
E354G,0.015481,0.029559583,0
E354H,0.0153316,0.029262149,0
E354I,0.0309815,0.060418899,0
E354K,0.0283287,0.055137547,0
E354L,0.035372,0.069159767,0
E354M,0.0355336,0.06948149,0
E354N,0.0165288,0.031645606,0
E354P,0.0101677,0.01898155,0
E354Q,0.0297744,0.058015732,0
E354R,0.0234659,0.045456396,0
E354S,0.0185625,0.035694416,0
E354T,0.0213736,0.041290921,0
E354V,0.0535664,0.105382258,0
E354W,0.01932,0.037202492,0
E354Y,0.024847,0.048205972,0
G355A,0.0158953,0.030384396,0
G355C,0.018267,0.035106117,0
G355D,0.0154363,0.029470592,0
G355E,0.0304968,0.059453929,0
G355F,0.022726,0.043983359,0
G355H,0.0153866,0.029371646,0
G355I,0.0142448,0.027098483,0
G355K,0.0217329,0.042006237,0
G355L,0.00710555,0.01288524,0
G355M,0.0200195,0.038595098,0
G355N,0.0326092,0.063659421,0
G355P,0.0083807,0.015423884,0
G355Q,0.0180572,0.034688435,0
G355R,0.0314458,0.061343255,0
G355S,0.0139565,0.026524518,0
G355T,0.0127447,0.024111995,0
G355V,0.0160571,0.030706517,0
G355W,0.0174684,0.033516217,0
G355Y,0.02267,0.043871871,0
G356A,0.0184028,0.035376476,0
G356C,0.0141458,0.026901388,0
G356D,0.0756001,0.149248256,0
G356E,0.0313508,0.061154123,0
G356F,0.00806713,0.014799611,0
G356H,0.0105246,0.019692088,0
G356I,0.00970996,0.018070254,0
G356K,0.011965,0.022559722,0
G356L,0.00998885,0.018625485,0
G356M,0.0246812,0.047875887,0
G356N,0.0363115,0.071030179,0
G356P,0.0173628,0.033305982,0
G356Q,0.0111573,0.020951704,0
G356R,0.0203199,0.039193152,0
G356S,0.0235241,0.045572264,0
G356T,0.00848568,0.015632885,0
G356V,0.020566,0.039683103,0
G356W,0.0169589,0.032501874,0
G356Y,0.0143152,0.027238639,0
W357A,0.00689745,0.012470942,0
W357C,0.0294418,0.057353573,0
W357D,0.0368617,0.07212555,0
W357E,0.0149292,0.028461027,0
W357F,0.0170285,0.032640438,0
W357G,0.0178427,0.034261396,0
W357H,0.0103441,0.019332738,0
W357I,0.0221353,0.042807359,0
W357K,0.00768105,0.01403098,0
W357L,0.0174355,0.033450718,0
W357M,0.0877136,0.173364531,0
W357N,0.0102545,0.019154357,0
W357P,0.0077769,0.014221803,0
W357Q,0.00971542,0.018081124,0
W357R,0.0293221,0.057115267,0
W357S,0.00672982,0.012137214,0
W357T,0.00696102,0.012597501,0
W357V,0.00860003,0.01586054,0
W357Y,0.0276391,0.05376465,0
T358A,0.010488,0.019619222,0
T358C,0.0412932,0.080948043,0
T358D,0.0610001,0.12018171,0
T358E,0.030447,0.059354784,0
T358F,0.0199454,0.038447576,0
T358G,0.00157567,0.001876027,0
T358H,0.0942901,0.186457418,0
T358I,0.131358,0.260254394,1
T358K,0.0049947,0.008682835,0
T358L,0.128467,0.25449882,1
T358M,0.00465629,0.008009108,0
T358N,0.0243017,0.047120356,0
T358P,0.0957955,0.189454458,0
T358Q,0.0175285,0.033635868,0
T358R,0.00659615,0.011871096,0
T358S,0.0584826,0.115169721,0
T358V,0.0386431,0.075672067,0
T358W,0.00301711,0.004745731,0
T358Y,0.0449669,0.088261863,0
G359A,0.125548,0.248687501,1
G359C,0.0218952,0.042329353,0
G359D,0.0152405,0.029080781,0
G359E,0.0498708,0.098024839,0
G359F,0.0156294,0.029855027,0
G359H,0.0128988,0.024418786,0
G359I,0.0149813,0.028564751,0
G359K,0.0220905,0.042718168,0
G359L,0.0115007,0.021635366,0
G359M,0.0307709,0.059999624,0
G359N,0.0104547,0.019552927,0
G359P,0.00563305,0.0099537,0
G359Q,0.059448,0.117091697,0
G359R,0.0257363,0.049976443,0
G359S,0.0321803,0.062805541,0
G359T,0.0212569,0.041058588,0
G359V,0.0146202,0.027845851,0
G359W,0.0435419,0.085424889,0
G359Y,0.0226556,0.043843203,0
M360A,0.0110697,0.020777305,0
M360C,0.0126376,0.023898774,0
M360D,0.010186,0.019017983,0
M360E,0.00520921,0.009109894,0
M360F,0.00904305,0.01674253,0
M360G,0.00420573,0.007112106,0
M360H,0.0116769,0.021986155,0
M360I,0.0180493,0.034672707,0
M360K,0.0196023,0.037764512,0
M360L,0.502929,1,1
M360N,0.00730717,0.013286637,0
M360P,0.0088798,0.016417522,0
M360Q,0.00360871,0.005923523,0
M360R,0.00561084,0.009909483,0
M360S,0.00253408,0.003784086,0
M360T,0.0150736,0.028748507,0
M360V,0.0222358,0.04300744,0
M360W,0.0133425,0.02530213,0
M360Y,0.00582743,0.010340683,0
I361A,0.0165175,0.031623109,0
I361C,0.01666,0.031906806,0
I361D,0.00961196,0.01787515,0
I361E,0.016435,0.031458863,0
I361F,0.0242789,0.047074965,0
I361G,0.00481638,0.008327824,0
I361H,0.0371047,0.072609329,0
I361K,0.407562,0.810137715,1
I361L,0.0619987,0.122169782,0
I361M,0.0321342,0.062713762,0
I361N,0.00472654,0.008148966,0
I361P,0.00180096,0.002324547,0
I361Q,0.0260747,0.05065015,0
I361R,0.0263364,0.051171158,0
I361S,0.020005,0.038566231,0
I361T,0.0322778,0.06299965,0
I361V,0.0958509,0.189564751,0
I361W,0.021306,0.041156339,0
I361Y,0.0166793,0.03194523,0
D362A,0.0221679,0.042872261,0
D362C,0.0143695,0.027346743,0
D362E,0.0385156,0.075418232,0
D362F,0.0195719,0.03770399,0
D362G,0.0208758,0.040299871,0
D362H,0.0133632,0.025343341,0
D362I,0.0163035,0.031197065,0
D362K,0.0262023,0.050904184,0
D362L,0.017419,0.033417869,0
D362M,0.0254831,0.049472358,0
D362N,0.0623577,0.1228845,0
D362P,0.00921354,0.017081952,0
D362Q,0.0270059,0.052504038,0
D362R,0.0101581,0.018962438,0
D362S,0.0284109,0.055301196,0
D362T,0.0252032,0.048915116,0
D362V,0.0187013,0.035970748,0
D362W,0.0306806,0.059819849,0
D362Y,0.0376715,0.073737748,0
G363A,0.00942247,0.017497902,0
G363C,0.00898744,0.016631818,0
G363D,0.0154005,0.029399319,0
G363E,0.025711,0.049926074,0
G363F,0.0269656,0.052423807,0
G363H,0.0130267,0.024673417,0
G363I,0.0199046,0.038366349,0
G363K,0.0205407,0.039632734,0
G363L,0.0158093,0.030213182,0
G363M,0.0450567,0.088440642,0
G363N,0.00908769,0.016831402,0
G363P,0.0186715,0.03591142,0
G363Q,0.0647179,0.127583327,0
G363R,0.0856845,0.169324879,0
G363S,0.0195421,0.037644662,0
G363T,0.0116464,0.021925434,0
G363V,0.0282954,0.055071251,0
G363W,0.0347494,0.067920258,0
G363Y,0.0277166,0.053918942,0
W364A,0.00973956,0.018129183,0
W364C,0.0500479,0.09837742,0
W364D,0.0152629,0.029125377,0
W364E,0.0166001,0.031787554,0
W364F,0.0636125,0.125382631,0
W364G,0.0234118,0.045348691,0
W364H,0.0104342,0.019512114,0
W364I,0.0304388,0.059338459,0
W364K,0.0185128,0.035595471,0
W364L,0.0292776,0.057026673,0
W364M,0.0311049,0.060664571,0
W364N,0.0214913,0.041525245,0
W364P,0.00734155,0.013355083,0
W364Q,0.0102682,0.019181631,0
W364R,0.0156336,0.029863388,0
W364S,0.00736907,0.013409871,0
W364T,0.0146549,0.027914934,0
W364V,0.0144219,0.027451064,0
W364Y,0.0909165,0.179741055,0
Y365A,0.0276563,0.053798893,0
Y365C,0.0313119,0.061076679,0
Y365D,0.0265983,0.051692564,0
Y365E,0.0127105,0.024043907,0
Y365F,0.0438958,0.086129454,0
Y365G,0.0261458,0.0507917,0
Y365H,0.0373677,0.073132925,0
Y365I,0.0133979,0.025412424,0
Y365K,0.0147092,0.028023038,0
Y365L,0.0138543,0.026321052,0
Y365M,0.0311285,0.060711555,0
Y365N,0.0268641,0.052221734,0
Y365P,0.007788,0.014243902,0
Y365Q,0.0221772,0.042890776,0
Y365R,0.0081672,0.014998836,0
Y365S,0.0273611,0.053211191,0
Y365T,0.0165802,0.031747936,0
Y365V,0.0446908,0.087712187,0
Y365W,0.0329291,0.064296296,0
G366A,0.00735141,0.013374713,0
G366C,0.0220128,0.042563478,0
G366D,0.0392252,0.076830946,0
G366E,0.019334,0.037230364,0
G366F,0.0191505,0.036865042,0
G366H,0.027898,0.054280084,0
G366I,0.0183016,0.035175001,0
G366K,0.0421917,0.08273683,0
G366L,0.00727693,0.013226433,0
G366M,0.0218499,0.042239167,0
G366N,0.0327117,0.063863484,0
G366P,0.0141464,0.026902582,0
G366Q,0.026319,0.051136517,0
G366R,0.0130314,0.024682774,0
G366S,0.0220146,0.042567062,0
G366T,0.0115538,0.02174108,0
G366V,0.0101744,0.018994889,0
G366W,0.0433323,0.085007605,0
G366Y,0.100604,0.199027505,1
Y367A,0.0106278,0.019897544,0
Y367C,0.0336104,0.065652669,0
Y367D,0.0237614,0.046044695,0
Y367E,0.014162,0.02693364,0
Y367F,0.144347,0.286113666,1
Y367G,0.00900973,0.016676195,0
Y367H,0.0268821,0.05225757,0
Y367I,0.0156931,0.029981844,0
Y367K,0.0211158,0.040777677,0
Y367L,0.0119128,0.022455799,0
Y367M,0.132513,0.262553837,1
Y367N,0.0383524,0.075093324,0
Y367P,0.0110395,0.020717181,0
Y367Q,0.0105647,0.019771921,0
Y367R,0.00817585,0.015016057,0
Y367S,0.016159,0.030909386,0
Y367T,0.0144668,0.027540454,0
Y367V,0.013144,0.024906945,0
Y367W,0.0107647,0.020170093,0
H368A,0.0612499,0.120679026,0
H368C,0.05346,0.105170431,0
H368D,0.0128972,0.024415601,0
H368E,0.011755,0.022141641,0
H368F,0.081856,0.161702874,0
H368G,0.0064395,0.011559228,0
H368I,0.00504848,0.008789903,0
H368K,0.0160125,0.030617725,0
H368L,0.0805864,0.159175279,0
H368M,0.0649046,0.12795502,0
H368N,0.0242268,0.046971241,0
H368P,0.00477312,0.0082417,0
H368Q,0.0609011,0.119984615,0
H368R,0.0829674,0.163915515,0
H368S,0.0100675,0.018782066,0
H368T,0.00875366,0.016166395,0
H368V,0.0084723,0.015606247,0
H368W,0.0625358,0.123239072,0
H368Y,0.117449,0.232563531,1
H369A,0.00409922,0.00690006,0
H369C,0.141574,0.280593013,1
H369D,0.00648584,0.011651485,0
H369E,0.00331727,0.005343307,0
H369F,0.106307,0.210381376,1
H369G,0.00345474,0.005616991,0
H369I,0.066452,0.131035676,0
H369K,0.0116971,0.02202637,0
H369L,0.00707197,0.012818387,0
H369M,0.139478,0.276420172,1
H369N,0.0258032,0.050109632,0
H369P,0.00462564,0.007948088,0
H369Q,0.119217,0.23608337,1
H369R,0.00704142,0.012757566,0
H369S,0.0188887,0.036343835,0
H369T,0.0936694,0.185221692,0
H369V,0.0841262,0.166222523,0
H369W,0.015803,0.03020064,0
H369Y,0.0340574,0.066542583,0
Q370A,0.0309924,0.060440599,0
Q370C,0.0553097,0.108852924,0
Q370D,0.0287403,0.055956985,0
Q370E,0.0766434,0.15132532,0
Q370F,0.0192643,0.037091601,0
Q370G,0.00225056,0.003219638,0
Q370H,0.033612,0.065655854,0
Q370I,0.0758324,0.149710733,0
Q370K,0.0683659,0.134845982,0
Q370L,0.0399952,0.078363908,0
Q370M,0.0332079,0.064851348,0
Q370N,0.0470912,0.092491046,0
Q370P,0.00442427,0.007547189,0
Q370R,0.0357766,0.069965268,0
Q370S,0.0883673,0.174665956,0
Q370T,0.0506612,0.099598414,0
Q370V,0.103779,0.205348484,1
Q370W,0.0570276,0.112273021,0
Q370Y,0.0602557,0.118699714,0
N371A,0.0100467,0.018740656,0
N371C,0.0138727,0.026357684,0
N371D,0.0454355,0.08919478,0
N371E,0.033293,0.06502077,0
N371F,0.0118122,0.022255518,0
N371G,0.00735721,0.01338626,0
N371H,0.0328838,0.06420611,0
N371I,0.0185187,0.035607217,0
N371K,0.0324972,0.063436444,0
N371L,0.0222021,0.042940348,0
N371M,0.0200199,0.038595895,0
N371P,0.0182906,0.035153102,0
N371Q,0.0186158,0.035800529,0
N371R,0.0089388,0.016534983,0
N371S,0.0323553,0.063153941,0
N371T,0.0194593,0.037479819,0
N371V,0.0278459,0.05417636,0
N371W,0.0190243,0.036613795,0
N371Y,0.0182196,0.035011751,0
E372A,0.10855,0.214846874,1
E372C,0.0183104,0.035192521,0
E372D,0.187099,0.371226886,1
E372F,0.0125838,0.023791665,0
E372G,0.0578,0.113810761,0
E372H,0.0119682,0.022566092,0
E372I,0.00908832,0.016832656,0
E372K,0.0282721,0.055024864,0
E372L,0.0329284,0.064294903,0
E372M,0.0534611,0.105172621,0
E372N,0.0149827,0.028567538,0
E372P,0.00400374,0.006709973,0
E372Q,0.0166844,0.031955383,0
E372R,0.00830798,0.015279109,0
E372S,0.145921,0.289247279,1
E372T,0.0292532,0.056978096,0
E372V,0.00562866,0.00994496,0
E372W,0.00812269,0.014910223,0
E372Y,0.0194061,0.037373905,0
Q373A,0.0725584,0.14319266,0
Q373C,0.013291,0.025199601,0
Q373D,0.0501479,0.098576506,0
Q373E,0.112638,0.222985507,1
Q373F,0.0964021,0.190662113,0
Q373G,0.0144931,0.027592813,0
Q373H,0.0178557,0.034287277,0
Q373I,0.00872646,0.016112244,0
Q373K,0.0144487,0.027504419,0
Q373L,0.0632164,0.124594051,0
Q373M,0.0559498,0.110127273,0
Q373N,0.018037,0.03464822,0
Q373P,0.00867142,0.016002667,0
Q373R,0.0196652,0.037889737,0
Q373S,0.021255,0.041054805,0
Q373T,0.0111843,0.021005458,0
Q373V,0.00962568,0.017902464,0
Q373W,0.023094,0.044715995,0
Q373Y,0.0797716,0.157553126,0
G374A,0.0087863,0.016231377,0
G374C,0.0203408,0.039234761,0
G374D,0.0231114,0.044750636,0
G374E,0.0255979,0.049700908,0
G374F,0.00936645,0.017386374,0
G374H,0.0253407,0.049188859,0
G374I,0.0180739,0.034721682,0
G374K,0.0119194,0.022468938,0
G374L,0.0223829,0.043300295,0
G374M,0.0199747,0.038505908,0
G374N,0.0324581,0.063358602,0
G374P,0.0226666,0.043865102,0
G374Q,0.0180568,0.034687639,0
G374R,0.0168502,0.032285468,0
G374S,0.0274235,0.053335421,0
G374T,0.0241183,0.046755233,0
G374V,0.0149497,0.02850184,0
G374W,0.0195194,0.03759947,0
G374Y,0.0113678,0.02137078,0
S375A,0.0829081,0.163797457,0
S375C,0.0527595,0.103775834,0
S375D,0.0497669,0.097817988,0
S375E,0.0856297,0.16921578,0
S375F,0.0358316,0.070074766,0
S375G,0.014356,0.027319866,0
S375H,0.048378,0.095052884,0
S375I,0.0213897,0.041322974,0
S375K,0.0199471,0.03845096,0
S375L,0.0111787,0.020994309,0
S375M,0.0852472,0.168454276,0
S375N,0.0364871,0.071379774,0
S375P,0.00668901,0.012055967,0
S375Q,0.0652844,0.128711149,0
S375R,0.0261742,0.05084824,0
S375T,0.0559423,0.110112341,0
S375V,0.0415468,0.081452925,0
S375W,0.0225317,0.043596535,0
S375Y,0.0483271,0.094951549,0
G376A,0.12986,0.257272087,1
G376C,0.0241399,0.046798235,0
G376D,0.0293578,0.05718634,0
G376E,0.038941,0.076265144,0
G376F,0.0312349,0.060923382,0
G376H,0.0186664,0.035901267,0
G376I,0.0223169,0.043168899,0
G376K,0.0213491,0.041242145,0
G376L,0.0312991,0.061051196,0
G376M,0.0376136,0.073622477,0
G376N,0.0358156,0.070042912,0
G376P,0.00631604,0.011313437,0
G376Q,0.036055,0.070519524,0
G376R,0.0281045,0.054691196,0
G376S,0.0646484,0.127444962,0
G376T,0.0301807,0.058824619,0
G376V,0.0547246,0.107688072,0
G376W,0.0131138,0.024846821,0
G376Y,0.0586331,0.115469346,0
Y377A,0.014855,0.028313305,0
Y377C,0.0253571,0.049221509,0
Y377D,0.0178357,0.03424746,0
Y377E,0.00719928,0.013071843,0
Y377F,0.211244,0.419296185,1
Y377G,0.0149235,0.028449679,0
Y377H,0.0244309,0.047377575,0
Y377I,0.0238979,0.046316447,0
Y377K,0.0175846,0.033747555,0
Y377L,0.0112524,0.021141035,0
Y377M,0.0175244,0.033627705,0
Y377N,0.0117145,0.022061011,0
Y377P,0.00674015,0.01215778,0
Y377Q,0.0148339,0.028271298,0
Y377R,0.00528076,0.00925234,0
Y377S,0.00944162,0.017536027,0
Y377T,0.00979111,0.018231812,0
Y377V,0.00947778,0.017608016,0
Y377W,0.0295171,0.057503484,0
A378C,0.107869,0.213491098,1
A378D,0.00375463,0.00621403,0
A378E,0.0247592,0.048031174,0
A378F,0.0423258,0.083003805,0
A378G,0.00682288,0.012322484,0
A378H,0.0127458,0.024114185,0
A378I,0.0453397,0.089004056,0
A378K,0.00713578,0.012945424,0
A378L,0.0116311,0.021894974,0
A378M,0.025976,0.050453652,0
A378N,0.00787665,0.014420392,0
A378P,0.00817301,0.015010403,0
A378Q,0.0065421,0.01176349,0
A378R,0.00483425,0.008363401,0
A378S,0.128666,0.254895001,1
A378T,0.0187163,0.03600061,0
A378V,0.172398,0.341959262,1
A378W,0.0104161,0.019476079,0
A378Y,0.0525461,0.103350985,0
A379C,0.022561,0.043654867,0
A379D,0.00841043,0.015483073,0
A379E,0.0283508,0.055181545,0
A379F,0.0107645,0.020169695,0
A379G,0.0219474,0.042433276,0
A379H,0.00864752,0.015955085,0
A379I,0.0135384,0.02569214,0
A379K,0.0160022,0.030597219,0
A379L,0.0152471,0.029093921,0
A379M,0.0183582,0.035287684,0
A379N,0.008097,0.014859078,0
A379P,0.0103391,0.019322783,0
A379Q,0.0111736,0.020984155,0
A379R,0.017951,0.034477006,0
A379S,0.0840465,0.166063851,0
A379T,0.027525,0.053537493,0
A379V,0.0225605,0.043653872,0
A379W,0.0117773,0.022186037,0
A379Y,0.015064,0.028729395,0
D380A,0.0236377,0.045798426,0
D380C,0.0145502,0.027706491,0
D380E,0.033047,0.064531019,0
D380F,0.0127228,0.024068395,0
D380G,0.0320132,0.062472868,0
D380H,0.0309893,0.060434427,0
D380I,0.104653,0.207088495,1
D380K,0.0246025,0.047719207,0
D380L,0.0102362,0.019117924,0
D380M,0.0214982,0.041538982,0
D380N,0.0351513,0.068720384,0
D380P,0.00837341,0.015409371,0
D380Q,0.0168029,0.0321913,0
D380R,0.00913175,0.016919119,0
D380S,0.00735483,0.013381521,0
D380T,0.00960786,0.017866987,0
D380V,0.0127227,0.024068196,0
D380W,0.0165406,0.031669098,0
D380Y,0.0192326,0.037028491,0
Q381A,0.076361,0.150763101,0
Q381C,0.0130751,0.024769775,0
Q381D,0.00340063,0.005509265,0
Q381E,0.0387224,0.075829942,0
Q381F,0.0321427,0.062730685,0
Q381G,0.00470014,0.008096407,0
Q381H,0.119824,0.237291822,1
Q381I,0.113957,0.22561145,1
Q381K,0.0763795,0.150799932,0
Q381L,0.0622,0.122570542,0
Q381M,0.0871439,0.172230339,0
Q381N,0.00319784,0.005105539,0
Q381P,0.00254666,0.003809131,0
Q381R,0.0817832,0.161557939,0
Q381S,0.00760882,0.01388718,0
Q381T,0.0221306,0.042798002,0
Q381V,0.0725945,0.14326453,0
Q381W,0.0342092,0.066844795,0
Q381Y,0.0512204,0.100711702,0
K382A,0.0701083,0.138314855,0
K382C,0.0212026,0.040950484,0
K382D,0.0404619,0.079293042,0
K382E,0.0685258,0.13516432,0
K382F,0.0308006,0.060058752,0
K382G,0.0320191,0.062484614,0
K382H,0.0388867,0.07615704,0
K382I,0.0229775,0.04448406,0
K382L,0.0393673,0.077113847,0
K382M,0.0411129,0.080589091,0
K382N,0.0101127,0.018872053,0
K382P,0.0300306,0.058525791,0
K382Q,0.126403,0.250389686,1
K382R,0.121134,0.239899848,1
K382S,0.0427748,0.0838977,0
K382T,0.0431595,0.084663584,0
K382V,0.0552648,0.108763534,0
K382W,0.0243853,0.047286792,0
K382Y,0.0220509,0.04263933,0
S383A,0.131749,0.26103282,1
S383C,0.0880321,0.17399862,0
S383D,0.00674595,0.012169327,0
S383E,0.0335049,0.065442633,0
S383F,0.00773558,0.014139541,0
S383G,0.0164186,0.031426213,0
S383H,0.00708697,0.01284825,0
S383I,0.0287762,0.056028457,0
S383K,0.0644228,0.126995824,0
S383L,0.00829783,0.015258902,0
S383M,0.011707,0.02204608,0
S383N,0.0286326,0.055742569,0
S383P,0.00544322,0.009575775,0
S383Q,0.0196966,0.03795225,0
S383R,0.0109148,0.020468921,0
S383T,0.256563,0.509519941,1
S383V,0.00664712,0.01197257,0
S383W,0.0113586,0.021352464,0
S383Y,0.00677964,0.012236399,0
T384A,0.0128743,0.02437001,0
T384C,0.0467701,0.091851781,0
T384D,0.0138388,0.026290194,0
T384E,0.0151735,0.028947394,0
T384F,0.00807352,0.014812332,0
T384G,0.0112064,0.021049456,0
T384H,0.0684967,0.135106386,0
T384I,0.0145533,0.027712663,0
T384K,0.0152762,0.029151855,0
T384L,0.00933231,0.017318406,0
T384M,0.0193878,0.037337472,0
T384N,0.0559249,0.1100777,0
T384P,0.00846754,0.015596771,0
T384Q,0.0091547,0.016964809,0
T384R,0.019934,0.03842488,0
T384S,0.0941707,0.186219709,0
T384V,0.0199609,0.038478434,0
T384W,0.0142249,0.027058865,0
T384Y,0.0103229,0.019290531,0
Q385A,0.135607,0.268713555,1
Q385C,0.0125185,0.023661662,0
Q385D,0.0456456,0.08961306,0
Q385E,0.0986744,0.195185943,0
Q385F,0.00981238,0.018274158,0
Q385G,0.00749361,0.013657813,0
Q385H,0.0167577,0.032101313,0
Q385I,0.00963741,0.017925817,0
Q385K,0.0143354,0.027278855,0
Q385L,0.0195828,0.03772569,0
Q385M,0.0283429,0.055165817,0
Q385N,0.0374606,0.073317876,0
Q385P,0.0126256,0.023874883,0
Q385R,0.0167515,0.03208897,0
Q385S,0.0358873,0.070185657,0
Q385T,0.029886,0.058237912,0
Q385V,0.0282349,0.054950804,0
Q385W,0.0191544,0.036872806,0
Q385Y,0.0130632,0.024746083,0
N386A,0.0399163,0.078206829,0
N386C,0.016596,0.031779391,0
N386D,0.067739,0.133597912,0
N386E,0.0387226,0.07583034,0
N386F,0.0287115,0.055899648,0
N386G,0.0254058,0.049318464,0
N386H,0.0666725,0.13147466,0
N386I,0.077959,0.153944495,0
N386K,0.0812556,0.160507562,0
N386L,0.0848481,0.167659724,0
N386M,0.0529992,0.104253043,0
N386P,0.00205912,0.002838508,0
N386Q,0.0833269,0.164631229,0
N386R,0.121155,0.239941656,1
N386S,0.0514853,0.101239081,0
N386T,0.0434448,0.085231576,0
N386V,0.0312132,0.060880181,0
N386W,0.00427415,0.007248321,0
N386Y,0.0166515,0.031889884,0
A387C,0.0210936,0.04073348,0
A387D,0.0294395,0.057348994,0
A387E,0.0222419,0.043019584,0
A387F,0.0146568,0.027918717,0
A387G,0.0147156,0.028035779,0
A387H,0.0216742,0.041889373,0
A387I,0.0138486,0.026309704,0
A387K,0.0197109,0.037980719,0
A387L,0.0117069,0.022045881,0
A387M,0.0212765,0.041097609,0
A387N,0.023323,0.045171902,0
A387P,0.0205063,0.039564249,0
A387Q,0.0228843,0.044298512,0
A387R,0.0121106,0.022849591,0
A387S,0.0341776,0.066781884,0
A387T,0.0340821,0.066591757,0
A387V,0.0436796,0.08569903,0
A387W,0.0200608,0.038677321,0
A387Y,0.0222533,0.04304228,0
I388A,0.018656,0.035880562,0
I388C,0.0113432,0.021321805,0
I388D,0.0121448,0.022917678,0
I388E,0.00913949,0.016934528,0
I388F,0.0722091,0.142497252,0
I388G,0.0075011,0.013672724,0
I388H,0.00901137,0.01667946,0
I388K,0.00656717,0.011813401,0
I388L,0.0922771,0.182449818,0
I388M,0.141678,0.280800063,1
I388N,0.0231476,0.044822706,0
I388P,0.00747424,0.01361925,0
I388Q,0.0161201,0.030831941,0
I388R,0.0042738,0.007247624,0
I388S,0.00506272,0.008818253,0
I388T,0.023134,0.04479563,0
I388V,0.150087,0.297541199,1
I388W,0.0160672,0.030726625,0
I388Y,0.055162,0.108558874,0
N389A,0.0650647,0.128273757,0
N389C,0.0137006,0.026015057,0
N389D,0.0493167,0.096921703,0
N389E,0.0524274,0.10311467,0
N389F,0.0270618,0.052615327,0
N389G,0.00726396,0.013200612,0
N389H,0.0448944,0.088117526,0
N389I,0.0423518,0.083055567,0
N389K,0.0344647,0.06735346,0
N389L,0.0336245,0.06568074,0
N389M,0.00903309,0.016722701,0
N389P,0.00237388,0.00346515,0
N389Q,0.101172,0.200158313,1
N389R,0.0990124,0.195858853,0
N389S,0.0724927,0.14306186,0
N389T,0.101159,0.200132432,1
N389V,0.0269852,0.052462827,0
N389W,0.0354331,0.069281408,0
N389Y,0.0172783,0.033137755,0
G390A,0.0441708,0.08667694,0
G390C,0.0260876,0.050675832,0
G390D,0.00198763,0.002696181,0
G390E,0.0168362,0.032257596,0
G390F,0.0249114,0.048334183,0
G390H,0.047495,0.093294955,0
G390I,0.0579484,0.114106204,0
G390K,0.0892446,0.176412537,0
G390L,0.0771202,0.152274562,0
G390M,0.0620959,0.122363293,0
G390N,0.00498155,0.008656655,0
G390P,0.000766964,0.000266007,0
G390Q,0.144114,0.285649796,1
G390R,0.115859,0.229398065,1
G390S,0.15804,0.313374504,1
G390T,0.0488987,0.096089524,0
G390V,0.0356911,0.06979505,0
G390W,0.012175,0.022977802,0
G390Y,0.00256953,0.003854662,0
I391A,0.0142252,0.027059462,0
I391C,0.0273793,0.053247425,0
I391D,0.0214024,0.041348258,0
I391E,0.0240141,0.046547785,0
I391F,0.0182742,0.035120451,0
I391G,0.0116401,0.021912891,0
I391H,0.0128659,0.024353287,0
I391K,0.0267354,0.051965511,0
I391L,0.0772865,0.152605642,0
I391M,0.0446967,0.087723933,0
I391N,0.0210625,0.040671565,0
I391P,0.00895834,0.016573884,0
I391Q,0.0110991,0.020835836,0
I391R,0.00660493,0.011888576,0
I391S,0.019374,0.037309999,0
I391T,0.0179312,0.034437587,0
I391V,0.220675,0.43807198,1
I391W,0.0154679,0.029533503,0
I391Y,0.0120758,0.022780309,0
T392A,0.0953376,0.188542843,0
T392C,0.00769519,0.01405913,0
T392D,0.0161022,0.030796305,0
T392E,0.0666137,0.131357598,0
T392F,0.00733116,0.013334398,0
T392G,0.019623,0.037805723,0
T392H,0.0680158,0.134148982,0
T392I,0.0291527,0.056778015,0
T392K,0.0438979,0.086133635,0
T392L,0.019798,0.038154123,0
T392M,0.0291753,0.056823009,0
T392N,0.0617932,0.12176066,0
T392P,0.00544292,0.009575177,0
T392Q,0.0853948,0.168748127,0
T392R,0.0858082,0.169571148,0
T392S,0.0761296,0.150302417,0
T392V,0.0129345,0.02448986,0
T392W,0.0103198,0.01928436,0
T392Y,0.072818,0.143709487,0
N393A,0.0286867,0.055850275,0
N393C,0.0375967,0.073588832,0
N393D,0.0328046,0.064048434,0
N393E,0.0146843,0.027973465,0
N393F,0.0136169,0.025848422,0
N393G,0.0196292,0.037818066,0
N393H,0.0615856,0.121347358,0
N393I,0.0396297,0.077636249,0
N393K,0.0179526,0.034480191,0
N393L,0.018272,0.035116072,0
N393M,0.0618317,0.121837308,0
N393P,0.00577408,0.01023447,0
N393Q,0.0778094,0.153646662,0
N393R,0.0970595,0.191970904,0
N393S,0.0209145,0.040376917,0
N393T,0.117837,0.233335984,1
N393V,0.0372193,0.072837481,0
N393W,0.0203543,0.039261638,0
N393Y,0.0143553,0.027318473,0
K394A,0.0090573,0.0167709,0
K394C,0.0105597,0.019761967,0
K394D,0.0116224,0.021877653,0
K394E,0.0628591,0.123882717,0
K394F,0.0101692,0.018984536,0
K394G,0.0156229,0.029842086,0
K394H,0.024023,0.046565504,0
K394I,0.014782,0.028167972,0
K394L,0.0112632,0.021162536,0
K394M,0.113376,0.224454761,1
K394N,0.022767,0.044064984,0
K394P,0.00909117,0.01683833,0
K394Q,0.0328579,0.064154547,0
K394R,0.193014,0.383002819,1
K394S,0.0249298,0.048370815,0
K394T,0.0183741,0.035319338,0
K394V,0.00672142,0.012120491,0
K394W,0.0174473,0.03347421,0
K394Y,0.0139805,0.026572299,0
V395A,0.0111161,0.020869681,0
V395C,0.0131423,0.02490356,0
V395D,0.00633419,0.011349571,0
V395E,0.0138166,0.026245997,0
V395F,0.0163735,0.031336425,0
V395G,0.00632125,0.011323809,0
V395H,0.0288643,0.056203851,0
V395I,0.349177,0.693901391,1
V395K,0.00699052,0.012656231,0
V395L,0.0800066,0.158020978,0
V395M,0.050668,0.099611952,0
V395N,0.00730971,0.013291694,0
V395P,0.0109397,0.020518493,0
V395Q,0.0328857,0.064209893,0
V395R,0.0071935,0.013060336,0
V395S,0.00662725,0.011933012,0
V395T,0.00741704,0.013505373,0
V395W,0.00885474,0.016367631,0
V395Y,0.0271907,0.052871949,0
N396A,0.0166578,0.031902426,0
N396C,0.0216834,0.041907689,0
N396D,0.0318183,0.06208485,0
N396E,0.0216105,0.041762556,0
N396F,0.0157683,0.030131557,0
N396G,0.0110387,0.020715589,0
N396H,0.0372922,0.072982615,0
N396I,0.0140597,0.026729975,0
N396K,0.0287726,0.056021289,0
N396L,0.0308322,0.060121663,0
N396M,0.0298089,0.058084417,0
N396P,0.00642176,0.01152391,0
N396Q,0.0248717,0.048255146,0
N396R,0.0419246,0.082205072,0
N396S,0.226829,0.450323729,1
N396T,0.0626025,0.123371863,0
N396V,0.0242316,0.046980797,0
N396W,0.021423,0.041389269,0
N396Y,0.0180504,0.034674897,0
S397A,0.110919,0.219563219,1
S397C,0.0817883,0.161568092,0
S397D,0.00938404,0.017421393,0
S397E,0.035486,0.069386725,0
S397F,0.0257839,0.050071208,0
S397G,0.042038,0.082430835,0
S397H,0.0249597,0.048430342,0
S397I,0.02217,0.042876441,0
S397K,0.0268086,0.052111242,0
S397L,0.0152419,0.029083569,0
S397M,0.0409927,0.08034979,0
S397N,0.0897386,0.177396022,0
S397P,0.00996741,0.018582801,0
S397Q,0.0901376,0.178190375,0
S397R,0.0213443,0.041232589,0
S397T,0.120137,0.237914961,1
S397V,0.025843,0.050188868,0
S397W,0.0212357,0.041016381,0
S397Y,0.0261343,0.050768805,0
V398A,0.0180936,0.034760902,0
V398C,0.0632706,0.124701956,0
V398D,0.02788,0.054244248,0
V398E,0.0106126,0.019867283,0
V398F,0.0817852,0.161561921,0
V398G,0.0129105,0.024442079,0
V398H,0.0124584,0.023542012,0
V398I,0.171068,0.339311419,1
V398K,0.0104642,0.01957184,0
V398L,0.0590349,0.116269273,0
V398M,0.0246815,0.047876485,0
V398N,0.0529252,0.104105719,0
V398P,0.00506237,0.008817556,0
V398Q,0.0219459,0.04243029,0
V398R,0.00527998,0.009250787,0
V398S,0.0159796,0.030552226,0
V398T,0.00874968,0.016158472,0
V398W,0.023554,0.045631791,0
V398Y,0.0741618,0.146384803,0
I399A,0.0169868,0.032557419,0
I399C,0.0202285,0.039011188,0
I399D,0.011769,0.022169513,0
I399E,0.0125348,0.023694113,0
I399F,0.0169014,0.0323874,0
I399G,0.00591258,0.010510204,0
I399H,0.0101285,0.018903508,0
I399K,0.00866811,0.015996077,0
I399L,0.123674,0.244956631,1
I399M,0.0654929,0.129126243,0
I399N,0.0133936,0.025403863,0
I399P,0.0159741,0.030541276,0
I399Q,0.018683,0.035934315,0
I399R,0.0191635,0.036890923,0
I399S,0.0101542,0.018954673,0
I399T,0.017222,0.033025669,0
I399V,0.187061,0.371151233,1
I399W,0.0101879,0.019021765,0
I399Y,0.0130206,0.024661273,0
E400A,0.115276,0.228237394,1
E400C,0.0092287,0.017112133,0
E400D,0.0537826,0.105812682,0
E400F,0.0193744,0.037310795,0
E400G,0.0293515,0.057173798,0
E400H,0.048448,0.095192244,0
E400I,0.0376527,0.07370032,0
E400K,0.0202697,0.039093211,0
E400L,0.0192052,0.036973942,0
E400M,0.0477699,0.093842242,0
E400N,0.0366434,0.071690945,0
E400P,0.00460976,0.007916473,0
E400Q,0.157864,0.313024112,1
E400R,0.033663,0.065757388,0
E400S,0.0869123,0.171769256,0
E400T,0.0438891,0.086116115,0
E400V,0.0169092,0.032402928,0
E400W,0.0284634,0.055405716,0
E400Y,0.0139159,0.026443689,0
K401A,0.0871966,0.172335257,0
K401C,0.0244116,0.047339152,0
K401D,0.00654869,0.01177661,0
K401E,0.019585,0.03773007,0
K401F,0.00868044,0.016020625,0
K401G,0.00743851,0.013548117,0
K401H,0.0511627,0.10059683,0
K401I,0.103756,0.205302694,1
K401L,0.0333786,0.065191188,0
K401M,0.0778415,0.153710569,0
K401N,0.0218261,0.042191785,0
K401P,0.00813482,0.014934372,0
K401Q,0.0550355,0.10830703,0
K401R,0.084222,0.166413247,0
K401S,0.030845,0.060147146,0
K401T,0.0676409,0.133402609,0
K401V,0.095578,0.189021446,0
K401W,0.0187023,0.035972738,0
K401Y,0.00909852,0.016852963,0
M402A,0.0262676,0.051034187,0
M402C,0.0301258,0.05871532,0
M402D,0.0234908,0.045505968,0
M402E,0.00746852,0.013607862,0
M402F,0.0356112,0.06963598,0
M402G,0.00588936,0.010463977,0
M402H,0.00974845,0.018146882,0
M402I,0.187155,0.371338374,1
M402K,0.0197852,0.03812864,0
M402L,0.140651,0.27875545,1
M402N,0.0281658,0.054813236,0
M402P,0.00613992,0.010962806,0
M402Q,0.00960139,0.017854106,0
M402R,0.00950065,0.017653547,0
M402S,0.00567215,0.010031542,0
M402T,0.0230183,0.044565287,0
M402V,0.0959824,0.189826549,0
M402W,0.0469447,0.092199385,0
M402Y,0.0263568,0.051211771,0
N403A,0.0734556,0.144978859,0
N403C,0.0196295,0.037818663,0
N403D,0.0250549,0.048619872,0
N403E,0.0155902,0.029776985,0
N403F,0.0315397,0.061530196,0
N403G,0.0640689,0.126291259,0
N403H,0.0463741,0.091063401,0
N403I,0.037372,0.073141485,0
N403K,0.0337941,0.06601839,0
N403L,0.00796,0.01458633,0
N403M,0.0325503,0.063542159,0
N403P,0.00664798,0.011974282,0
N403Q,0.0756907,0.149428628,0
N403R,0.0660598,0.130254861,0
N403S,0.118758,0.235169566,1
N403T,0.0668758,0.131879402,0
N403V,0.0154504,0.029498663,0
N403W,0.0122755,0.023177883,0
N403Y,0.0583072,0.114820525,0
T404A,0.10379,0.205370383,1
T404C,0.0244156,0.047347115,0
T404D,0.00852024,0.015701689,0
T404E,0.0194088,0.037379281,0
T404F,0.0480623,0.094424369,0
T404G,0.0925,0.182893581,0
T404H,0.0432456,0.084834997,0
T404I,0.0228548,0.044239782,0
T404K,0.0411173,0.080597851,0
T404L,0.0794702,0.156953081,0
T404M,0.0752119,0.148475405,0
T404N,0.0434,0.085142386,0
T404P,0.0256033,0.049711659,0
T404Q,0.0580698,0.114347895,0
T404R,0.0813158,0.160627411,0
T404S,0.0800408,0.158089066,0
T404V,0.0394187,0.077216177,0
T404W,0.0196795,0.037918206,0
T404Y,0.017236,0.033053541,0
Q405A,0.123533,0.244675919,1
Q405C,0.0523524,0.102965355,0
Q405D,0.0190365,0.036638084,0
Q405E,0.0470669,0.092442668,0
Q405F,0.0370113,0.072423383,0
Q405G,0.150241,0.297847791,1
Q405H,0.0898529,0.177623577,0
Q405I,0.00871315,0.016085746,0
Q405K,0.0407404,0.079847496,0
Q405L,0.00353868,0.005784103,0
Q405M,0.0303411,0.059143952,0
Q405N,0.0170127,0.032608982,0
Q405P,0.00999971,0.018647106,0
Q405R,0.114967,0.227622218,1
Q405S,0.00561517,0.009918103,0
Q405T,0.011222,0.021080513,0
Q405V,0.0350456,0.06850995,0
Q405W,0.00571872,0.010124257,0
Q405Y,0.00513225,0.008956677,0
F406A,0.0591525,0.116503398,0
F406C,0.0116005,0.021834053,0
F406D,0.0245518,0.04761827,0
F406E,0.00893953,0.016536436,0
F406G,0.0391523,0.076685812,0
F406H,0.0170483,0.032679857,0
F406I,0.0747419,0.147539701,0
F406K,0.00814135,0.014947372,0
F406L,0.0941285,0.186135695,0
F406M,0.103398,0.204589966,1
F406N,0.0682906,0.13469607,0
F406P,0.00512914,0.008950486,0
F406Q,0.0245225,0.047559938,0
F406R,0.0284177,0.055314733,0
F406S,0.0206297,0.039809921,0
F406T,0.0139098,0.026431545,0
F406V,0.0270314,0.052554805,0
F406W,0.0765369,0.151113294,0
F406Y,0.103739,0.205268849,1
T407A,0.0382093,0.074808432,0
T407C,0.0499435,0.098169574,0
T407D,0.00816388,0.014992226,0
T407E,0.0295914,0.057651405,0
T407F,0.0210666,0.040679727,0
T407G,0.0203137,0.039180809,0
T407H,0.053052,0.10435816,0
T407I,0.032113,0.062671556,0
T407K,0.0323215,0.06308665,0
T407L,0.0370829,0.072565928,0
T407M,0.0199552,0.038467086,0
T407N,0.0909931,0.179893555,0
T407P,0.0311279,0.060710361,0
T407Q,0.0547943,0.107826835,0
T407R,0.108709,0.21516342,1
T407S,0.0773082,0.152648843,0
T407V,0.095298,0.188464005,0
T407W,0.028265,0.055010729,0
T407Y,0.0591825,0.116563124,0
A408C,0.0345748,0.067572654,0
A408D,0.0294829,0.057435397,0
A408E,0.0304468,0.059354386,0
A408F,0.0485066,0.095308908,0
A408G,0.0288309,0.056137357,0
A408H,0.0190873,0.036739219,0
A408I,0.0393575,0.077094337,0
A408K,0.0445062,0.087344674,0
A408L,0.0450111,0.088349859,0
A408M,0.132692,0.2629102,1
A408N,0.00692596,0.012527702,0
A408P,0.0140483,0.026707279,0
A408Q,0.0724477,0.142972271,0
A408R,0.0535217,0.105293267,0
A408S,0.0659107,0.129958024,0
A408T,0.0740574,0.146176958,0
A408V,0.0798039,0.157617431,0
A408W,0.0503162,0.098911567,0
A408Y,0.0611331,0.120446494,0
V409A,0.160511,0.318293917,1
V409C,0.0734511,0.1449699,0
V409D,0.0212988,0.041142005,0
V409E,0.0103131,0.019271021,0
V409F,0.029732,0.05793132,0
V409G,0.0331545,0.064745036,0
V409H,0.023256,0.045038515,0
V409I,0.0533225,0.104896688,0
V409K,0.0299591,0.058383444,0
V409L,0.079908,0.15782468,0
V409M,0.0306724,0.059803524,0
V409N,0.0243696,0.047255536,0
V409P,0.00680594,0.012288759,0
V409Q,0.0761345,0.150312172,0
V409R,0.0709265,0.139943776,0
V409S,0.0412561,0.080874182,0
V409T,0.0545787,0.107397605,0
V409W,0.0128382,0.02429814,0
V409Y,0.0236551,0.045833067,0
G410A,0.0333635,0.065161126,0
G410C,0.0126521,0.023927641,0
G410D,0.0960928,0.19004634,0
G410E,0.0177834,0.034143338,0
G410F,0.018208,0.034988657,0
G410H,0.0161307,0.030853044,0
G410I,0.0137716,0.026156408,0
G410K,0.0183854,0.035341835,0
G410L,0.0437869,0.085912649,0
G410M,0.0167391,0.032064283,0
G410N,0.0371515,0.072702501,0
G410P,0.0382129,0.074815599,0
G410Q,0.0437703,0.085879601,0
G410R,0.188352,0.373721433,1
G410S,0.111087,0.219897684,1
G410T,0.0450337,0.088394853,0
G410V,0.0348429,0.068106403,0
G410W,0.0254338,0.049374208,0
G410Y,0.076451,0.150942279,0
K411A,0.0591686,0.116535451,0
K411C,0.0252262,0.048960906,0
K411D,0.00840829,0.015478812,0
K411E,0.0251603,0.048829708,0
K411F,0.0244094,0.047334772,0
K411G,0.130668,0.258880701,1
K411H,0.0700425,0.138183856,0
K411I,0.0306349,0.059728867,0
K411L,0.0207265,0.040002636,0
K411M,0.0193243,0.037211053,0
K411N,0.0240657,0.046650513,0
K411P,0.018152,0.034877168,0
K411Q,0.0857117,0.16937903,0
K411R,0.0107132,0.020067564,0
K411S,0.0631715,0.124504662,0
K411T,0.0585692,0.11534213,0
K411V,0.0639324,0.126019507,0
K411W,0.0417335,0.081824619,0
K411Y,0.0386431,0.075672067,0
E412A,0.0716189,0.141322247,0
E412C,0.0263364,0.051171158,0
E412D,0.049033,0.096356897,0
E412F,0.0871313,0.172205254,0
E412G,0.0125897,0.023803411,0
E412H,0.0407442,0.079855061,0
E412I,0.0711932,0.140474738,0
E412K,0.0671489,0.132423106,0
E412L,0.0379713,0.074334608,0
E412M,0.0236953,0.045913099,0
E412N,0.027165,0.052820784,0
E412P,0.00192635,0.002574181,0
E412Q,0.0945387,0.186952346,0
E412R,0.0408961,0.080157473,0
E412S,0.0343279,0.06708111,0
E412T,0.0985745,0.194987056,0
E412V,0.110918,0.219561229,1
E412W,0.0174626,0.03350467,0
E412Y,0.0340046,0.066437466,0
F413A,0.0114674,0.02156907,0
F413C,0.0203474,0.039247901,0
F413D,0.0165684,0.031724444,0
F413E,0.0129461,0.024512954,0
F413G,0.0301702,0.058803715,0
F413H,0.0183564,0.0352841,0
F413I,0.032515,0.063471882,0
F413K,0.0160795,0.030751112,0
F413L,0.0155627,0.029722236,0
F413M,0.02023,0.039014174,0
F413N,0.0205387,0.039628753,0
F413P,0.0222313,0.042998481,0
F413Q,0.021046,0.040638715,0
F413R,0.00845738,0.015576543,0
F413S,0.0288358,0.056147112,0
F413T,0.0107832,0.020206924,0
F413V,0.015971,0.030535104,0
F413W,0.16866,0.33451743,1
F413Y,0.0779122,0.153851322,0
N414A,0.0826099,0.163203782,0
N414C,0.0116408,0.021914285,0
N414D,0.0240201,0.04655973,0
N414E,0.00778649,0.014240896,0
N414F,0.00672681,0.012131222,0
N414G,0.20733,0.411503962,1
N414H,0.0369664,0.072333993,0
N414I,0.00995693,0.018561937,0
N414K,0.0452968,0.088918648,0
N414L,0.00250922,0.003734593,0
N414M,0.0149853,0.028572714,0
N414P,0.0112499,0.021136058,0
N414Q,0.0205816,0.03971416,0
N414R,0.00821128,0.015086593,0
N414S,0.149576,0.29652387,1
N414T,0.105658,0.209089308,1
N414V,0.0100449,0.018737072,0
N414W,0.0148376,0.028278664,0
N414Y,0.0133212,0.025259725,0
N415A,0.0578775,0.113965052,0
N415C,0.0224542,0.043442244,0
N415D,0.0354778,0.0693704,0
N415E,0.0515353,0.101338624,0
N415F,0.0616193,0.12141445,0
N415G,0.0328946,0.064227612,0
N415H,0.0211681,0.040881799,0
N415I,0.0867519,0.171449922,0
N415K,0.0278078,0.054100508,0
N415L,0.0684564,0.135026154,0
N415M,0.0384366,0.075260954,0
N415P,0.0172657,0.03311267,0
N415Q,0.0484666,0.095229274,0
N415R,0.0534911,0.105232347,0
N415S,0.0530797,0.104413307,0
N415T,0.0632812,0.124723059,0
N415V,0.0723033,0.142684791,0
N415W,0.0587153,0.115632994,0
N415Y,0.063399,0.124957582,0
L416A,0.00942324,0.017499435,0
L416C,0.0234844,0.045493227,0
L416D,0.0097203,0.01809084,0
L416E,0.0158112,0.030216965,0
L416F,0.147568,0.292526224,1
L416G,0.00787939,0.014425847,0
L416H,0.016418,0.031425018,0
L416I,0.0381828,0.074755674,0
L416K,0.0545237,0.107288108,0
L416M,0.0833439,0.164665073,0
L416N,0.0258225,0.050148055,0
L416P,0.00820938,0.01508281,0
L416Q,0.0374387,0.073274276,0
L416R,0.137365,0.272213486,1
L416S,0.0109921,0.020622814,0
L416T,0.0100514,0.018750013,0
L416V,0.0366559,0.071715831,0
L416W,0.0253487,0.049204786,0
L416Y,0.0896175,0.177154929,0
E417A,0.0203445,0.039242128,0
E417C,0.0262554,0.051009898,0
E417D,0.0447041,0.087738665,0
E417F,0.0213092,0.04116271,0
E417G,0.0270249,0.052541865,0
E417H,0.02721,0.052910373,0
E417I,0.0240236,0.046566698,0
E417K,0.0529133,0.104082028,0
E417L,0.0139048,0.026421591,0
E417M,0.0331928,0.064821286,0
E417N,0.0173281,0.033236899,0
E417P,0.0203133,0.039180013,0
E417Q,0.0307627,0.059983299,0
E417R,0.0465406,0.091394879,0
E417S,0.0165144,0.031616937,0
E417T,0.0199793,0.038515066,0
E417V,0.0290307,0.05653513,0
E417W,0.0315083,0.061467683,0
E417Y,0.0271119,0.052715069,0
K418A,0.0364846,0.071374797,0
K418C,0.0306126,0.059684471,0
K418D,0.0163881,0.031365492,0
K418E,0.0379064,0.074205401,0
K418F,0.0586112,0.115425746,0
K418G,0.010241,0.01912748,0
K418H,0.02789,0.054264157,0
K418I,0.020182,0.038918613,0
K418L,0.101364,0.200540558,1
K418M,0.0236213,0.045765776,0
K418N,0.0452999,0.088924819,0
K418P,0.0116284,0.021889598,0
K418Q,0.0252675,0.049043128,0
K418R,0.201516,0.399929105,1
K418S,0.0160232,0.030639027,0
K418T,0.0271359,0.05276285,0
K418V,0.0125331,0.023690729,0
K418W,0.0245042,0.047523505,0
K418Y,0.0187618,0.036091194,0
R419A,0.0213496,0.04124314,0
R419C,0.0245544,0.047623446,0
R419D,0.0258173,0.050137703,0
R419E,0.0344602,0.067344501,0
R419F,0.0260194,0.050540055,0
R419G,0.05239,0.103040211,0
R419H,0.0280398,0.054562388,0
R419I,0.0248545,0.048220903,0
R419K,0.0429332,0.084213053,0
R419L,0.0202348,0.03902373,0
R419M,0.0180748,0.034723474,0
R419N,0.0292511,0.056973916,0
R419P,0.0266825,0.051860194,0
R419Q,0.0303481,0.059157888,0
R419S,0.0331518,0.064739661,0
R419T,0.0623346,0.122838512,0
R419V,0.0158743,0.030342588,0
R419W,0.0641543,0.126461278,0
R419Y,0.0298001,0.058066897,0
M420A,0.021736,0.042012408,0
M420C,0.0190531,0.036671132,0
M420D,0.0655608,0.129261422,0
M420E,0.0209386,0.040424897,0
M420F,0.0894763,0.176873819,0
M420G,0.0125879,0.023799828,0
M420H,0.0268837,0.052260755,0
M420I,0.0736635,0.145392758,0
M420K,0.0293882,0.057246862,0
M420L,0.131407,0.260351946,1
M420N,0.0254933,0.049492664,0
M420P,0.0143518,0.027311505,0
M420Q,0.0496663,0.097617708,0
M420R,0.0111529,0.020942945,0
M420S,0.0218353,0.042210101,0
M420T,0.029459,0.057387815,0
M420V,0.0250506,0.048611311,0
M420W,0.0555489,0.109329137,0
M420Y,0.0193812,0.037324333,0
E421A,0.0510198,0.100312336,0
E421C,0.0200216,0.038599279,0
E421D,0.0416765,0.08171114,0
E421F,0.0398271,0.078029244,0
E421G,0.0525723,0.103403145,0
E421H,0.0308291,0.060115492,0
E421I,0.0156189,0.029834123,0
E421K,0.0561637,0.110553117,0
E421L,0.0206875,0.039924992,0
E421M,0.0318401,0.062128251,0
E421N,0.0347485,0.067918466,0
E421P,0.00838427,0.015430992,0
E421Q,0.212361,0.421519975,1
E421R,0.0270194,0.052530915,0
E421S,0.092703,0.183297725,0
E421T,0.0126893,0.024001701,0
E421V,0.0199935,0.038543336,0
E421W,0.0195903,0.037740621,0
E421Y,0.0283425,0.055165021,0
N422A,0.0711472,0.140383159,0
N422C,0.0162889,0.031167998,0
N422D,0.0366521,0.071708266,0
N422E,0.0278041,0.054093142,0
N422F,0.0246346,0.047783113,0
N422G,0.0516658,0.101598431,0
N422H,0.03399,0.066408399,0
N422I,0.0325064,0.06345476,0
N422K,0.0346943,0.067810561,0
N422L,0.0249641,0.048439102,0
N422M,0.041682,0.081722089,0
N422P,0.0173937,0.0333675,0
N422Q,0.0244593,0.047434116,0
N422R,0.0141934,0.026996153,0
N422S,0.104989,0.207757423,1
N422T,0.116037,0.229752438,1
N422V,0.0201097,0.038774674,0
N422W,0.0310643,0.060583742,0
N422Y,0.0263783,0.051254575,0
L423A,0.0233234,0.045172699,0
L423C,0.024969,0.048448857,0
L423D,0.0265563,0.051608948,0
L423E,0.0276832,0.053852447,0
L423F,0.0486382,0.095570905,0
L423G,0.0199165,0.03839004,0
L423H,0.0219061,0.042351054,0
L423I,0.0309026,0.06026182,0
L423K,0.0382069,0.074803654,0
L423M,0.0566299,0.111481256,0
L423N,0.019778,0.038114306,0
L423P,0.0267817,0.052057688,0
L423Q,0.0249083,0.048328012,0
L423R,0.00862994,0.015920086,0
L423S,0.0311137,0.06068209,0
L423T,0.0195929,0.037745798,0
L423V,0.067006,0.132138612,0
L423W,0.035255,0.068926836,0
L423Y,0.0246466,0.047807004,0
N424A,0.0575089,0.113231221,0
N424C,0.0442361,0.086806943,0
N424D,0.0396617,0.077699956,0
N424E,0.0191304,0.036825025,0
N424F,0.0361844,0.070777141,0
N424G,0.0204059,0.039364366,0
N424H,0.0674368,0.132996274,0
N424I,0.0782919,0.154607252,0
N424K,0.0347892,0.067999494,0
N424L,0.0126698,0.023962879,0
N424M,0.0338538,0.066137244,0
N424P,0.0368586,0.072119378,0
N424Q,0.0403394,0.079049162,0
N424R,0.00888577,0.016429408,0
N424S,0.0131961,0.025010669,0
N424T,0.018061,0.034696,0
N424V,0.0133983,0.02541322,0
N424W,0.0760269,0.150097955,0
N424Y,0.0513518,0.100973301,0
K425A,0.0530635,0.104381055,0
K425C,0.00970409,0.018058568,0
K425D,0.0223276,0.043190201,0
K425E,0.030859,0.060175018,0
K425F,0.0114678,0.021569866,0
K425G,0.00571545,0.010117746,0
K425H,0.0457967,0.089913878,0
K425I,0.012843,0.024307696,0
K425L,0.0158615,0.030317105,0
K425M,0.0186226,0.035814067,0
K425N,0.0847152,0.167395139,0
K425P,0.0064392,0.011558631,0
K425Q,0.0690773,0.136262279,0
K425R,0.202988,0.40285965,1
K425S,0.0303121,0.059086217,0
K425T,0.0290277,0.056529158,0
K425V,0.0541842,0.106612211,0
K425W,0.0163731,0.031335629,0
K425Y,0.00797413,0.014614461,0
K426A,0.0209664,0.040480243,0
K426C,0.0147324,0.028069226,0
K426D,0.0221408,0.042818308,0
K426E,0.048352,0.095001121,0
K426F,0.0260597,0.050620287,0
K426G,0.0132013,0.025021021,0
K426H,0.0328015,0.064042263,0
K426I,0.0206663,0.039882786,0
K426L,0.0170398,0.032662935,0
K426M,0.0373551,0.07310784,0
K426N,0.0377644,0.073922699,0
K426P,0.00971504,0.018080368,0
K426Q,0.0350246,0.068468142,0
K426R,0.0981142,0.194070663,0
K426S,0.0219227,0.042384102,0
K426T,0.0236864,0.045895381,0
K426V,0.018922,0.03641013,0
K426W,0.021193,0.040931372,0
K426Y,0.0151505,0.028901604,0
V427A,0.0233844,0.045294141,0
V427C,0.0306872,0.059832989,0
V427D,0.0264337,0.051364868,0
V427E,0.0149811,0.028564352,0
V427F,0.0247361,0.047985186,0
V427G,0.0167961,0.032177762,0
V427H,0.0151967,0.028993582,0
V427I,0.128001,0.253571079,1
V427K,0.0365572,0.071519333,0
V427L,0.04016,0.078692001,0
V427M,0.0760326,0.150109303,0
V427N,0.0125032,0.023631202,0
V427P,0.0179697,0.034514235,0
V427Q,0.0148785,0.02836009,0
V427R,0.0142712,0.027151041,0
V427S,0.0278316,0.054147891,0
V427T,0.0330336,0.064504341,0
V427W,0.0368997,0.072201203,0
V427Y,0.112479,0.22266896,1
D428A,0.0225911,0.043714792,0
D428C,0.0169453,0.032474798,0
D428E,0.0719813,0.142043735,0
D428F,0.0281001,0.054682437,0
D428G,0.0172791,0.033139347,0
D428H,0.0239143,0.046349097,0
D428I,0.0152245,0.029048928,0
D428K,0.0246672,0.047848015,0
D428L,0.0104099,0.019463736,0
D428M,0.0468081,0.091927434,0
D428N,0.0734508,0.144969302,0
D428P,0.0208718,0.040291908,0
D428Q,0.0316221,0.061694243,0
D428R,0.0124634,0.023551966,0
D428S,0.0272882,0.053066058,0
D428T,0.10239,0.20258318,1
D428V,0.0329026,0.064243539,0
D428W,0.0295573,0.057583517,0
D428Y,0.0401683,0.078708526,0
D429A,0.0407216,0.079810068,0
D429C,0.0158461,0.030286446,0
D429E,0.055856,0.10994053,0
D429F,0.0223116,0.043158347,0
D429G,0.0326101,0.063661212,0
D429H,0.0304104,0.059281919,0
D429I,0.0220179,0.042573632,0
D429K,0.0202378,0.039029703,0
D429L,0.0124939,0.023612687,0
D429M,0.0363318,0.071070594,0
D429N,0.071529,0.141143269,0
D429P,0.0174465,0.033472617,0
D429Q,0.0975304,0.1929084,0
D429R,0.0173598,0.03330001,0
D429S,0.0300149,0.058494534,0
D429T,0.0242672,0.047051672,0
D429V,0.020701,0.039951869,0
D429W,0.0323015,0.063046833,0
D429Y,0.0340446,0.0665171,0
G430A,0.0234275,0.045379947,0
G430C,0.0179773,0.034529365,0
G430D,0.028769,0.056014122,0
G430E,0.0534928,0.105235731,0
G430F,0.0147571,0.0281184,0
G430H,0.0176357,0.033849288,0
G430I,0.0341296,0.066686323,0
G430K,0.0246879,0.047889226,0
G430L,0.0308992,0.060255051,0
G430M,0.0526074,0.103473024,0
G430N,0.0260578,0.050616504,0
G430P,0.0129224,0.02446577,0
G430Q,0.0542823,0.106807515,0
G430R,0.0204836,0.039519056,0
G430S,0.0213894,0.041322377,0
G430T,0.016173,0.030937258,0
G430V,0.0176969,0.033971128,0
G430W,0.02837,0.055219769,0
G430Y,0.0338019,0.066033918,0
F431A,0.0156311,0.029858411,0
F431C,0.0206058,0.039762339,0
F431D,0.0183013,0.035174404,0
F431E,0.0221164,0.042769731,0
F431G,0.0275809,0.053648782,0
F431H,0.0164651,0.031518788,0
F431I,0.0327383,0.06391644,0
F431K,0.0141067,0.026823545,0
F431L,0.242686,0.481892786,1
F431M,0.0361644,0.070737324,0
F431N,0.0320066,0.062459729,0
F431P,0.0125404,0.023705262,0
F431Q,0.0141658,0.026941205,0
F431R,0.012767,0.024156391,0
F431S,0.0124772,0.02357944,0
F431T,0.00915727,0.016969926,0
F431V,0.0238184,0.046158174,0
F431W,0.0229464,0.044422145,0
F431Y,0.0285994,0.055676473,0
L432A,0.0117661,0.02216374,0
L432C,0.0195554,0.03767114,0
L432D,0.013127,0.0248731,0
L432E,0.0346246,0.067671798,0
L432F,0.0624796,0.123127186,0
L432G,0.0172873,0.033155672,0
L432H,0.0521887,0.102639451,0
L432I,0.0653257,0.128793371,0
L432K,0.0259954,0.050492275,0
L432M,0.0346089,0.067640542,0
L432N,0.0315035,0.061458127,0
L432P,0.015659,0.029913956,0
L432Q,0.106944,0.211649553,1
L432R,0.0280938,0.054669894,0
L432S,0.0145817,0.027769203,0
L432T,0.0582334,0.114673599,0
L432V,0.0670863,0.132298478,0
L432W,0.0708861,0.139863345,0
L432Y,0.0477376,0.093777937,0
D433A,0.0547808,0.107799958,0
D433C,0.0484445,0.095185276,0
D433E,0.112561,0.22283221,1
D433F,0.0114413,0.021517108,0
D433G,0.0439669,0.086271004,0
D433H,0.0454464,0.08921648,0
D433I,0.0173925,0.033365111,0
D433K,0.0134305,0.025477326,0
D433L,0.0123698,0.023365621,0
D433M,0.0254642,0.04943473,0
D433N,0.0392399,0.076860212,0
D433P,0.00857879,0.015818254,0
D433Q,0.0777684,0.153565037,0
D433R,0.0113486,0.021332556,0
D433S,0.0941375,0.186153613,0
D433T,0.0323516,0.063146575,0
D433V,0.0181991,0.034970938,0
D433W,0.0227648,0.044060605,0
D433Y,0.0328511,0.064141009,0
I434A,0.0126003,0.023824515,0
I434C,0.0118867,0.022403837,0
I434D,0.0139287,0.026469172,0
I434E,0.0161515,0.030894454,0
I434F,0.0904025,0.178717753,0
I434G,0.00836891,0.015400412,0
I434H,0.0102949,0.019234787,0
I434K,0.0134732,0.025562336,0
I434L,0.243872,0.484253945,1
I434M,0.0415196,0.081398774,0
I434N,0.0126559,0.023935206,0
I434P,0.00756886,0.013807625,0
I434Q,0.0152654,0.029130354,0
I434R,0.00807725,0.014819758,0
I434S,0.00856694,0.015794662,0
I434T,0.01035,0.019344484,0
I434V,0.150802,0.298964664,1
I434W,0.0276383,0.053763058,0
I434Y,0.0160279,0.030648384,0
W435A,0.0168778,0.032340415,0
W435C,0.0397158,0.077807662,0
W435D,0.0272524,0.052994785,0
W435E,0.0284797,0.055438167,0
W435F,0.0209643,0.040476062,0
W435G,0.017892,0.034359545,0
W435H,0.0464085,0.091131886,0
W435I,0.0345647,0.067552546,0
W435K,0.0206021,0.039754973,0
W435L,0.0151754,0.028951176,0
W435M,0.0274633,0.053414657,0
W435N,0.0188082,0.03618357,0
W435P,0.034396,0.067216688,0
W435Q,0.0166665,0.031919747,0
W435R,0.0380214,0.07443435,0
W435S,0.00882788,0.016314157,0
W435T,0.020709,0.039967796,0
W435V,0.0162431,0.031076817,0
W435Y,0.0283422,0.055164424,0
T436A,0.0242312,0.046980001,0
T436C,0.0269197,0.052332426,0
T436D,0.0252279,0.04896429,0
T436E,0.0454096,0.089143217,0
T436F,0.0349677,0.068354862,0
T436G,0.0231307,0.04478906,0
T436H,0.0302888,0.05903983,0
T436I,0.0292149,0.056901847,0
T436K,0.0250179,0.04854621,0
T436L,0.0115358,0.021705245,0
T436M,0.0339023,0.066233801,0
T436N,0.0211253,0.040796591,0
T436P,0.0110462,0.02073052,0
T436Q,0.0669261,0.131979542,0
T436R,0.0455332,0.089389287,0
T436S,0.0444801,0.087292713,0
T436V,0.0115722,0.021777712,0
T436W,0.0364495,0.071304918,0
T436Y,0.0357787,0.069969449,0
Y437A,0.0557444,0.10971835,0
Y437C,0.0452956,0.088916259,0
Y437D,0.0296293,0.057726859,0
Y437E,0.0198472,0.038252073,0
Y437F,0.0356484,0.06971004,0
Y437G,0.0232292,0.04498516,0
Y437H,0.0348521,0.068124719,0
Y437I,0.024736,0.047984987,0
Y437K,0.0152225,0.029044946,0
Y437L,0.0253313,0.049170145,0
Y437M,0.03416,0.066746845,0
Y437N,0.0474148,0.093135288,0
Y437P,0.0214535,0.041449991,0
Y437Q,0.0190374,0.036639875,0
Y437R,0.0130262,0.024672422,0
Y437S,0.0569444,0.112107381,0
Y437T,0.0172811,0.033143329,0
Y437V,0.0213702,0.041284152,0
Y437W,0.0604629,0.11911222,0
N438A,0.0120261,0.022681363,0
N438C,0.0200767,0.038708975,0
N438D,0.0564388,0.111100803,0
N438E,0.0536663,0.105581145,0
N438F,0.0210326,0.040612038,0
N438G,0.00984184,0.018332809,0
N438H,0.0660547,0.130244707,0
N438I,0.0150215,0.028644783,0
N438K,0.020746,0.040041458,0
N438L,0.0394048,0.077188504,0
N438M,0.0207191,0.039987904,0
N438P,0.00842032,0.015502762,0
N438Q,0.173939,0.345027177,1
N438R,0.00687214,0.012420554,0
N438S,0.0384748,0.075337005,0
N438T,0.035071,0.068560518,0
N438V,0.0200079,0.038572004,0
N438W,0.047099,0.092506575,0
N438Y,0.0353292,0.069074558,0
A439C,0.0226078,0.04374804,0
A439D,0.0173553,0.033291051,0
A439E,0.0621789,0.122528535,0
A439F,0.0109528,0.020544574,0
A439G,0.0125992,0.023822325,0
A439H,0.0203687,0.039290306,0
A439I,0.177903,0.352918943,1
A439K,0.0144365,0.02748013,0
A439L,0.0465732,0.091459781,0
A439M,0.0222378,0.043011422,0
A439N,0.125095,0.247785642,1
A439P,0.0144152,0.027437725,0
A439Q,0.012766,0.0241544,0
A439R,0.00636926,0.01141939,0
A439S,0.0647048,0.127557246,0
A439T,0.0440818,0.086499754,0
A439V,0.0495299,0.097346155,0
A439W,0.0211286,0.04080316,0
A439Y,0.0138807,0.026373611,0
E440A,0.0317719,0.061992474,0
E440C,0.0200348,0.038625558,0
E440D,0.0375335,0.073463009,0
E440F,0.0185231,0.035615976,0
E440G,0.0181542,0.034881548,0
E440H,0.034655,0.067732321,0
E440I,0.0266382,0.051771999,0
E440K,0.0289214,0.056317529,0
E440L,0.00886848,0.016394986,0
E440M,0.0288113,0.056098336,0
E440N,0.0305829,0.059625342,0
E440P,0.0137291,0.026071797,0
E440Q,0.0412725,0.080906832,0
E440R,0.0146224,0.027850231,0
E440S,0.0470575,0.092423954,0
E440T,0.01683,0.032245252,0
E440V,0.0121877,0.023003086,0
E440W,0.0264159,0.051329431,0
E440Y,0.014956,0.028514382,0
L441A,0.00966428,0.017979312,0
L441C,0.0253946,0.049296167,0
L441D,0.0178721,0.034319927,0
L441E,0.0216869,0.041914657,0
L441F,0.0832658,0.164509587,0
L441G,0.0078572,0.014381669,0
L441H,0.0283542,0.055188314,0
L441I,0.0874736,0.172886725,0
L441K,0.014736,0.028076393,0
L441M,0.0966228,0.191101496,0
L441N,0.0196826,0.037924378,0
L441P,0.0169866,0.032557021,0
L441Q,0.0448417,0.088012608,0
L441R,0.0319588,0.062364566,0
L441S,0.0198748,0.038307021,0
L441T,0.0367525,0.071908148,0
L441V,0.0429799,0.084306026,0
L441W,0.0494529,0.097192858,0
L441Y,0.035784,0.069980001,0
L442A,0.0590829,0.116364834,0
L442C,0.010902,0.020443438,0
L442D,0.0111095,0.020856541,0
L442E,0.0905962,0.179103383,0
L442F,0.09691,0.191673271,0
L442G,0.012961,0.024542617,0
L442H,0.0763927,0.150826212,0
L442I,0.129825,0.257202407,1
L442K,0.0127965,0.024215121,0
L442M,0.0635825,0.125322905,0
L442N,0.0123824,0.023390706,0
L442P,0.0154458,0.029489505,0
L442Q,0.016171,0.030933276,0
L442R,0.0136823,0.025978624,0
L442S,0.0202724,0.039098587,0
L442T,0.0360349,0.070479507,0
L442V,0.0816505,0.161293752,0
L442W,0.0125878,0.023799629,0
L442Y,0.01478,0.028163991,0
V443A,0.0168103,0.032206032,0
V443C,0.0308083,0.060074082,0
V443D,0.0263843,0.05126652,0
V443E,0.0203424,0.039237947,0
V443F,0.0358852,0.070181476,0
V443G,0.0431877,0.084719726,0
V443H,0.0192214,0.037006193,0
V443I,0.162826,0.322902757,1
V443K,0.051678,0.10162272,0
V443L,0.036278,0.070963485,0
V443M,0.0559342,0.110096215,0
V443N,0.0253866,0.04928024,0
V443P,0.0114444,0.02152328,0
V443Q,0.0345987,0.067620235,0
V443R,0.0086634,0.0159867,0
V443S,0.016082,0.03075609,0
V443T,0.0765291,0.151097765,0
V443W,0.0172856,0.033152288,0
V443Y,0.0175158,0.033610584,0
L444A,0.0306249,0.059708958,0
L444C,0.0163946,0.031378432,0
L444D,0.018343,0.035257423,0
L444E,0.0255987,0.049702501,0
L444F,0.016761,0.032107883,0
L444G,0.0187151,0.035998221,0
L444H,0.0200743,0.038704197,0
L444I,0.0344633,0.067350673,0
L444K,0.0122212,0.02306978,0
L444M,0.0298369,0.058140161,0
L444N,0.0354364,0.069287978,0
L444P,0.0520086,0.102280898,0
L444Q,0.0297215,0.057910416,0
L444R,0.0102606,0.019166501,0
L444S,0.00837117,0.015404911,0
L444T,0.0321188,0.062683103,0
L444V,0.0482395,0.09477715,0
L444W,0.0301377,0.058739012,0
L444Y,0.0106734,0.019988328,0
L445A,0.0255442,0.049593999,0
L445C,0.0159828,0.030558596,0
L445D,0.0151537,0.028907975,0
L445E,0.0262046,0.050908763,0
L445F,0.107161,0.21208157,1
L445G,0.0128698,0.024361051,0
L445H,0.0161603,0.030911974,0
L445I,0.0678294,0.133777886,0
L445K,0.0375927,0.073580868,0
L445M,0.0928019,0.183494621,0
L445N,0.0259622,0.050426178,0
L445P,0.0251397,0.048788696,0
L445Q,0.034109,0.066645311,0
L445R,0.0154495,0.029496871,0
L445S,0.0160591,0.030710499,0
L445T,0.0664453,0.131022337,0
L445V,0.0163197,0.031229317,0
L445W,0.0839176,0.165807229,0
L445Y,0.0757856,0.149617561,0
E446A,0.0167607,0.032107286,0
E446C,0.0141255,0.026860973,0
E446D,0.0694552,0.137014625,0
E446F,0.016739,0.032064084,0
E446G,0.0264095,0.05131669,0
E446H,0.0284235,0.05532628,0
E446I,0.0154845,0.029566551,0
E446K,0.0377552,0.073904383,0
E446L,0.00994195,0.018532114,0
E446M,0.0287753,0.056026665,0
E446N,0.0673517,0.132826852,0
E446P,0.0251941,0.048896999,0
E446Q,0.063051,0.124264763,0
E446R,0.0182084,0.034989453,0
E446S,0.0171772,0.032936479,0
E446T,0.0257935,0.05009032,0
E446V,0.0214246,0.041392455,0
E446W,0.0293462,0.057163246,0
E446Y,0.0263101,0.051118798,0
N447A,0.01461,0.027825545,0
N447C,0.0159266,0.03044671,0
N447D,0.0284278,0.055334841,0
N447E,0.0225148,0.04356289,0
N447F,0.0126668,0.023956907,0
N447G,0.0279054,0.054294816,0
N447H,0.0427456,0.083839567,0
N447I,0.0473725,0.093051075,0
N447K,0.0603174,0.11882255,0
N447L,0.00763028,0.013929904,0
N447M,0.117349,0.232364445,1
N447P,0.0117474,0.022126511,0
N447Q,0.0339267,0.066282378,0
N447R,0.00817166,0.015007715,0
N447S,0.0232333,0.044993322,0
N447T,0.0248362,0.048184471,0
N447V,0.0146687,0.027942408,0
N447W,0.0229959,0.044520692,0
N447Y,0.0222414,0.043018589,0
E448A,0.0246547,0.04782313,0
E448C,0.0153392,0.029277279,0
E448D,0.0487349,0.095763421,0
E448F,0.0148228,0.028249199,0
E448G,0.0412011,0.080764685,0
E448H,0.0374173,0.073231671,0
E448I,0.0111622,0.02096146,0
E448K,0.0348352,0.068091073,0
E448L,0.0251588,0.048826722,0
E448M,0.0230791,0.044686332,0
E448N,0.0142414,0.027091714,0
E448P,0.0226012,0.0437349,0
E448Q,0.0405616,0.079491531,0
E448R,0.0369649,0.072331007,0
E448S,0.0599382,0.118067616,0
E448T,0.0835784,0.16513193,0
E448V,0.0247484,0.048009673,0
E448W,0.0283046,0.055089567,0
E448Y,0.128829,0.255219511,1
R449A,0.0172207,0.033023081,0
R449C,0.0223305,0.043195974,0
R449D,0.0423974,0.08314635,0
R449E,0.0279635,0.054410485,0
R449F,0.0163799,0.031349167,0
R449G,0.0262408,0.050980832,0
R449H,0.0678374,0.133793812,0
R449I,0.0555,0.109231784,0
R449K,0.0423328,0.083017741,0
R449L,0.00812536,0.014915538,0
R449M,0.0313298,0.061112315,0
R449N,0.0237235,0.045969241,0
R449P,0.0171419,0.032866201,0
R449Q,0.0301955,0.058854083,0
R449S,0.0276967,0.053879324,0
R449T,0.0424914,0.083333491,0
R449V,0.00906527,0.016786767,0
R449W,0.110859,0.219443768,1
R449Y,0.0180421,0.034658373,0
T450A,0.0329778,0.064393251,0
T450C,0.02081,0.040168873,0
T450D,0.064366,0.126882743,0
T450E,0.0239001,0.046320827,0
T450F,0.0171885,0.032958975,0
T450G,0.0109492,0.020537407,0
T450H,0.0265966,0.051689179,0
T450I,0.0334158,0.065265248,0
T450K,0.0151102,0.028821372,0
T450L,0.0133579,0.02533279,0
T450M,0.0304821,0.059424664,0
T450N,0.019088,0.036740613,0
T450P,0.0210547,0.040656036,0
T450Q,0.0147496,0.028103469,0
T450R,0.0644987,0.12714693,0
T450S,0.020288,0.039129644,0
T450V,0.0198407,0.038239133,0
T450W,0.0140299,0.026670647,0
T450Y,0.0264868,0.051470583,0
L451A,0.00780952,0.014286745,0
L451C,0.0148568,0.028316889,0
L451D,0.0143449,0.027297768,0
L451E,0.0251224,0.048754255,0
L451F,0.0287958,0.056067477,0
L451G,0.0168415,0.032268147,0
L451H,0.0200765,0.038708577,0
L451I,0.0204764,0.039504722,0
L451K,0.0159191,0.030431779,0
L451M,0.0387124,0.075810033,0
L451N,0.0730051,0.144081976,0
L451P,0.0122179,0.02306321,0
L451Q,0.0179007,0.034376865,0
L451R,0.0883413,0.174614194,0
L451S,0.0358182,0.070048088,0
L451T,0.0141817,0.02697286,0
L451V,0.0254221,0.049350915,0
L451W,0.0443336,0.087001052,0
L451Y,0.0388174,0.076019074,0
D452A,0.0594316,0.117059047,0
D452C,0.0136439,0.025902175,0
D452E,0.0306327,0.059724487,0
D452F,0.0303602,0.059181978,0
D452G,0.0256226,0.049750082,0
D452H,0.027537,0.053561384,0
D452I,0.0538418,0.105930541,0
D452K,0.0265116,0.051519956,0
D452L,0.00887504,0.016408046,0
D452M,0.0298685,0.058203072,0
D452N,0.0515209,0.101309956,0
D452P,0.0166738,0.03193428,0
D452Q,0.0264189,0.051335404,0
D452R,0.0157662,0.030127376,0
D452S,0.150134,0.297634769,1
D452T,0.0385121,0.075411264,0
D452V,0.0352795,0.068975612,0
D452W,0.0258021,0.050107442,0
D452Y,0.0340611,0.066549949,0
F453A,0.00942346,0.017499873,0
F453C,0.0284719,0.055422638,0
F453D,0.0221153,0.042767541,0
F453E,0.025705,0.049914129,0
F453G,0.0503149,0.098908979,0
F453H,0.0203072,0.039167869,0
F453I,0.0402379,0.078847089,0
F453K,0.0157023,0.03000016,0
F453L,0.0809114,0.159822308,0
F453M,0.0503018,0.098882899,0
F453N,0.0167864,0.032158451,0
F453P,0.0261909,0.050881488,0
F453Q,0.0295352,0.057539519,0
F453R,0.0102103,0.019066361,0
F453S,0.034714,0.067849781,0
F453T,0.0205016,0.039554892,0
F453V,0.0192657,0.037094389,0
F453W,0.0903435,0.178600292,0
F453Y,0.047636,0.093575666,0
H454A,0.0140021,0.026615301,0
H454C,0.0180055,0.034585508,0
H454D,0.0242823,0.047081734,0
H454E,0.0258502,0.050203202,0
H454F,0.0287642,0.056004566,0
H454G,0.0191907,0.036945074,0
H454I,0.0259055,0.050313297,0
H454K,0.0318069,0.062062154,0
H454L,0.0213438,0.041231593,0
H454M,0.0361646,0.070737722,0
H454N,0.0203904,0.039333508,0
H454P,0.0149085,0.028419816,0
H454Q,0.0324345,0.063311617,0
H454R,0.018237,0.035046392,0
H454S,0.0173646,0.033309566,0
H454T,0.169984,0.337153328,1
H454V,0.0150999,0.028800867,0
H454W,0.0215573,0.041656642,0
H454Y,0.0283087,0.05509773,0
D455A,0.0479974,0.094295163,0
D455C,0.0102242,0.019094034,0
D455E,0.175557,0.348248387,1
D455F,0.0154315,0.029461036,0
D455G,0.0248276,0.048167349,0
D455H,0.0339378,0.066304476,0
D455I,0.0207716,0.040092424,0
D455K,0.0231226,0.044772934,0
D455L,0.0609264,0.120034983,0
D455M,0.0495503,0.097386768,0
D455N,0.0426127,0.083574982,0
D455P,0.0132061,0.025030577,0
D455Q,0.0262231,0.050945593,0
D455R,0.0228081,0.044146809,0
D455S,0.0664214,0.130974756,0
D455T,0.0345642,0.067551551,0
D455V,0.034159,0.066744854,0
D455W,0.0264279,0.051353321,0
D455Y,0.0395674,0.077512218,0
L456A,0.035194,0.068805394,0
L456C,0.00883354,0.016325425,0
L456D,0.0429771,0.084300451,0
L456E,0.0320467,0.062539562,0
L456F,0.0878135,0.173563418,0
L456G,0.0593961,0.116988371,0
L456H,0.0877226,0.173382449,0
L456I,0.0509165,0.10010668,0
L456K,0.0460091,0.090336737,0
L456M,0.0708387,0.139768979,0
L456N,0.0555401,0.109311618,0
L456P,0.00707937,0.012833119,0
L456Q,0.0392821,0.076944226,0
L456R,0.0694488,0.137001883,0
L456S,0.0357394,0.069891208,0
L456T,0.0815292,0.161052261,0
L456V,0.034798,0.068017013,0
L456W,0.0173313,0.03324327,0
L456Y,0.0342366,0.066899345,0
N457A,0.0404089,0.079187526,0
N457C,0.0128766,0.024374589,0
N457D,0.0303796,0.0592206,0
N457E,0.016658,0.031902825,0
N457F,0.0142709,0.027150444,0
N457G,0.0116452,0.021923045,0
N457H,0.0231575,0.044842415,0
N457I,0.0163721,0.031333638,0
N457K,0.0578436,0.113897562,0
N457L,0.0216909,0.041922621,0
N457M,0.0803386,0.158681944,0
N457P,0.00834303,0.015348889,0
N457Q,0.161885,0.321029358,1
N457R,0.00814816,0.01496093,0
N457S,0.0270487,0.052589247,0
N457T,0.0397156,0.077807264,0
N457V,0.0147168,0.028038168,0
N457W,0.0153625,0.029323666,0
N457Y,0.014625,0.027855407,0
V458A,0.0267182,0.051931268,0
V458C,0.0186355,0.035839749,0
V458D,0.0133755,0.025367829,0
V458E,0.0281146,0.054711304,0
V458F,0.0123743,0.02337458,0
V458G,0.00579884,0.010283764,0
V458H,0.0275584,0.053603988,0
V458I,0.16078,0.318829458,1
V458K,0.0318201,0.062088433,0
V458L,0.148578,0.294536992,1
V458M,0.0427311,0.0838107,0
V458N,0.0178239,0.034223967,0
V458P,0.0165203,0.031628683,0
V458Q,0.0706974,0.13948767,0
V458R,0.0126864,0.023995927,0
V458S,0.019606,0.037771878,0
V458T,0.0176751,0.033927728,0
V458W,0.0143837,0.027375013,0
V458Y,0.0123174,0.0232613,0
K459A,0.0272612,0.053012305,0
K459C,0.0168364,0.032257994,0
K459D,0.0530403,0.104334867,0
K459E,0.0424217,0.083194728,0
K459F,0.0120373,0.022703661,0
K459G,0.0280825,0.054647397,0
K459H,0.0406225,0.079612774,0
K459I,0.0083584,0.015379488,0
K459L,0.0233753,0.045276024,0
K459M,0.0517722,0.101810259,0
K459N,0.0552707,0.10877528,0
K459P,0.0577303,0.113671998,0
K459Q,0.0420207,0.082396393,0
K459R,0.115048,0.227783478,1
K459S,0.0103007,0.019246334,0
K459T,0.0301207,0.058705167,0
K459V,0.00971368,0.01807766,0
K459W,0.0353286,0.069073363,0
K459Y,0.026541,0.051578488,0
N460A,0.113793,0.225284949,1
N460C,0.0143719,0.027351521,0
N460D,0.0314193,0.061290497,0
N460E,0.0383654,0.075119205,0
N460F,0.00781611,0.014299865,0
N460G,0.0270334,0.052558787,0
N460H,0.0365078,0.071420985,0
N460I,0.0106546,0.019950899,0
N460K,0.151002,0.299362835,1
N460L,0.00897937,0.016615752,0
N460M,0.0355448,0.069503787,0
N460P,0.0065697,0.011818438,0
N460Q,0.116957,0.231584028,1
N460R,0.0305489,0.059557653,0
N460S,0.106536,0.210837283,1
N460T,0.0849159,0.167794704,0
N460V,0.0260848,0.050670258,0
N460W,0.0142492,0.027107243,0
N460Y,0.0116216,0.02187606,0
L461A,0.0132654,0.025148635,0
L461C,0.0178569,0.034289666,0
L461D,0.021519,0.041580392,0
L461E,0.0231123,0.044752428,0
L461F,0.0371802,0.072759639,0
L461G,0.0111046,0.020846786,0
L461H,0.024803,0.048118374,0
L461I,0.226551,0.44977027,1
L461K,0.0174127,0.033405326,0
L461M,0.0306917,0.059841948,0
L461N,0.0233243,0.04517449,0
L461P,0.0332155,0.064866479,0
L461Q,0.0402117,0.078794929,0
L461R,0.0148922,0.028387365,0
L461S,0.0160355,0.030663515,0
L461T,0.0152414,0.029082573,0
L461V,0.0288032,0.05608221,0
L461W,0.0260099,0.050521142,0
L461Y,0.0254777,0.049461607,0
Y462A,0.0148332,0.028269904,0
Y462C,0.0231002,0.044728339,0
Y462D,0.0330222,0.064481645,0
Y462E,0.0190867,0.036738025,0
Y462F,0.180392,0.357874192,1
Y462G,0.0136881,0.025990171,0
Y462H,0.035601,0.069615674,0
Y462I,0.0574129,0.113040099,0
Y462K,0.0272537,0.052997373,0
Y462L,0.0159811,0.030555212,0
Y462M,0.0272042,0.052898826,0
Y462N,0.0204872,0.039526223,0
Y462P,0.0166965,0.031979473,0
Y462Q,0.0248809,0.048273462,0
Y462R,0.0272336,0.052957357,0
Y462S,0.0101568,0.01895985,0
Y462T,0.011166,0.020969025,0
Y462V,0.012211,0.023049473,0
Y462W,0.0229038,0.044337334,0
E463A,0.0329334,0.064304857,0
E463C,0.00872886,0.016117022,0
E463D,0.150472,0.29830768,1
E463F,0.0324089,0.063260651,0
E463G,0.0296249,0.057718099,0
E463H,0.024026,0.046571476,0
E463I,0.0198385,0.038234753,0
E463K,0.0273817,0.053252203,0
E463L,0.0124403,0.023505977,0
E463M,0.0615,0.12117694,0
E463N,0.0887853,0.175498135,0
E463P,0.00528456,0.009259905,0
E463Q,0.0843323,0.166632839,0
E463R,0.0127255,0.02407377,0
E463S,0.0652129,0.128568802,0
E463T,0.0708783,0.139847817,0
E463V,0.0217581,0.042056406,0
E463W,0.0273376,0.053164406,0
E463Y,0.0740049,0.146072438,0
K464A,0.0770654,0.152165463,0
K464C,0.00989925,0.018447104,0
K464D,0.0265306,0.051557783,0
K464E,0.0806078,0.159217883,0
K464F,0.0289995,0.056473015,0
K464G,0.0767415,0.151520623,0
K464H,0.0253569,0.049221111,0
K464I,0.0315421,0.061534974,0
K464L,0.0155788,0.029754289,0
K464M,0.032951,0.064339896,0
K464N,0.0962019,0.190263543,0
K464P,0.0139835,0.026578271,0
K464Q,0.0661269,0.130388448,0
K464R,0.0750437,0.148140542,0
K464S,0.035802,0.070015836,0
K464T,0.0413917,0.081144143,0
K464V,0.0150919,0.02878494,0
K464W,0.0200833,0.038722115,0
K464Y,0.022332,0.043198961,0
V465A,0.0880641,0.174062328,0
V465C,0.075704,0.149455107,0
V465D,0.0162604,0.031111259,0
V465E,0.025164,0.048837074,0
V465F,0.0206846,0.039919219,0
V465G,0.0106798,0.020001069,0
V465H,0.0226836,0.043898947,0
V465I,0.0440378,0.086412156,0
V465K,0.0257539,0.050011482,0
V465L,0.0472472,0.09280162,0
V465M,0.0376715,0.073737748,0
V465N,0.0202836,0.039120884,0
V465P,0.018238,0.035048382,0
V465Q,0.0201852,0.038924984,0
V465R,0.0119891,0.022607701,0
V465S,0.0342818,0.066989332,0
V465T,0.136281,0.270055395,1
V465W,0.0202965,0.039146566,0
V465Y,0.0188615,0.036289683,0
K466A,0.0849916,0.167945412,0
K466C,0.0431752,0.084694841,0
K466D,0.0202102,0.038974755,0
K466E,0.0306323,0.059723691,0
K466F,0.0334076,0.065248923,0
K466G,0.0743981,0.146855244,0
K466H,0.0534994,0.105248871,0
K466I,0.0159678,0.030528733,0
K466L,0.0172779,0.033136958,0
K466M,0.0317846,0.062017758,0
K466N,0.0462607,0.090837637,0
K466P,0.0172769,0.033134967,0
K466Q,0.0386065,0.075599201,0
K466R,0.115351,0.228386708,1
K466S,0.026482,0.051461027,0
K466T,0.0253543,0.049215935,0
K466V,0.0135256,0.025666657,0
K466W,0.0334494,0.065332141,0
K466Y,0.0260379,0.050576886,0
S467A,0.108843,0.215430195,1
S467C,0.0292596,0.056990838,0
S467D,0.0372788,0.072955937,0
S467E,0.0513651,0.10099978,0
S467F,0.00586029,0.010406102,0
S467G,0.077715,0.153458725,0
S467H,0.0258927,0.050287814,0
S467I,0.0330006,0.064438643,0
S467K,0.075998,0.150040419,0
S467L,0.0275541,0.053595427,0
S467M,0.0220667,0.042670786,0
S467N,0.0521631,0.102588485,0
S467P,0.00726951,0.013211661,0
S467Q,0.0340852,0.066597929,0
S467R,0.0981646,0.194171003,0
S467T,0.095601,0.189067236,0
S467V,0.089679,0.177277366,0
S467W,0.0223197,0.043174473,0
S467Y,0.0131838,0.024986181,0
Q468A,0.0514243,0.101117639,0
Q468C,0.10713,0.212019853,1
Q468D,0.0116041,0.02184122,0
Q468E,0.0217372,0.042014797,0
Q468F,0.0094996,0.017651457,0
Q468G,0.0117043,0.022040705,0
Q468H,0.0174014,0.033382829,0
Q468I,0.0690357,0.136179459,0
Q468K,0.0253205,0.049148644,0
Q468L,0.116669,0.231010661,1
Q468M,0.134244,0.266000014,1
Q468N,0.034451,0.067326185,0
Q468P,0.00414418,0.006989569,0
Q468R,0.0811053,0.160208335,0
Q468S,0.0902191,0.17835263,0
Q468T,0.0410227,0.080409516,0
Q468V,0.0505506,0.099378225,0
Q468W,0.00790404,0.014474921,0
Q468Y,0.0100615,0.018770121,0
L469A,0.0108464,0.020332746,0
L469C,0.0233749,0.045275228,0
L469D,0.0200458,0.038647458,0
L469E,0.0162908,0.031171781,0
L469F,0.0293394,0.057149709,0
L469G,0.0152748,0.029149068,0
L469H,0.0324163,0.063275384,0
L469I,0.128469,0.254502801,1
L469K,0.0136153,0.025845237,0
L469M,0.0306527,0.059764304,0
L469N,0.0219789,0.042495988,0
L469P,0.032052,0.062550114,0
L469Q,0.0267972,0.052088546,0
L469R,0.0105576,0.019757786,0
L469S,0.0343536,0.067132276,0
L469T,0.0423258,0.083003805,0
L469V,0.0660503,0.130235948,0
L469W,0.0304639,0.05938843,0
L469Y,0.0164323,0.031453488,0
K470A,0.0572866,0.112788653,0
K470C,0.0143555,0.027318871,0
K470D,0.0449655,0.088259076,0
K470E,0.0240825,0.04668396,0
K470F,0.0551312,0.108497555,0
K470G,0.0655399,0.129219813,0
K470H,0.0301742,0.058811678,0
K470I,0.0382549,0.074899215,0
K470L,0.0366995,0.071802633,0
K470M,0.0370967,0.072593402,0
K470N,0.109496,0.216730227,1
K470P,0.00832849,0.015319942,0
K470Q,0.0636517,0.125460672,0
K470R,0.0913955,0.180694677,0
K470S,0.0387106,0.07580645,0
K470T,0.053971,0.10618776,0
K470V,0.0255336,0.049572896,0
K470W,0.065493,0.129126442,0
K470Y,0.0228215,0.044173486,0
N471A,0.048126,0.094551187,0
N471C,0.014954,0.0285104,0
N471D,0.0451048,0.088536403,0
N471E,0.0506045,0.099485532,0
N471F,0.0250098,0.048530084,0
N471G,0.0478635,0.094028587,0
N471H,0.0151041,0.028809228,0
N471I,0.0102899,0.019224833,0
N471K,0.0237296,0.045981386,0
N471L,0.0384936,0.075374433,0
N471M,0.0398317,0.078038402,0
N471P,0.00647634,0.011632571,0
N471Q,0.126661,0.250903328,1
N471R,0.0249671,0.048445074,0
N471S,0.0579528,0.114114964,0
N471T,0.103755,0.205300703,1
N471V,0.0414339,0.081228157,0
N471W,0.0737618,0.14558846,0
N471Y,0.0448866,0.088101997,0
N472A,0.0420745,0.082503502,0
N472C,0.0869082,0.171761093,0
N472D,0.0304511,0.059362947,0
N472E,0.0139402,0.026492067,0
N472F,0.0133753,0.025367431,0
N472G,0.0208045,0.040157923,0
N472H,0.044049,0.086434453,0
N472I,0.0184786,0.035527383,0
N472K,0.0673699,0.132863086,0
N472L,0.00575259,0.010191687,0
N472M,0.0280993,0.054680844,0
N472P,0.012284,0.023194806,0
N472Q,0.0173504,0.033281296,0
N472R,0.0063867,0.011454111,0
N472S,0.0520709,0.102404928,0
N472T,0.0561732,0.110572031,0
N472V,0.0198117,0.038181398,0
N472W,0.020755,0.040059375,0
N472Y,0.0217728,0.042085672,0
A473C,0.0175081,0.033595254,0
A473D,0.0230939,0.044715796,0
A473E,0.0198396,0.038236943,0
A473F,0.120428,0.238494301,1
A473G,0.0845064,0.166979447,0
A473H,0.0152484,0.029096509,0
A473I,0.0131333,0.024885643,0
A473K,0.0161994,0.030989816,0
A473L,0.0105765,0.019795413,0
A473M,0.0298512,0.05816863,0
A473N,0.0119497,0.022529261,0
A473P,0.00965664,0.017964101,0
A473Q,0.0136261,0.025866738,0
A473R,0.0147916,0.028187085,0
A473S,0.0205916,0.039734069,0
A473T,0.024158,0.04683427,0
A473V,0.09421,0.18629795,0
A473W,0.0141959,0.02700113,0
A473Y,0.109368,0.216475397,1
K474A,0.072768,0.143609944,0
K474C,0.0110593,0.0207566,0
K474D,0.0143976,0.027402686,0
K474E,0.127855,0.253280414,1
K474F,0.0498244,0.097932463,0
K474G,0.0222159,0.042967822,0
K474H,0.0410987,0.080560821,0
K474I,0.0294502,0.057370296,0
K474L,0.0723532,0.142784135,0
K474M,0.142097,0.281634233,1
K474N,0.0890148,0.175955038,0
K474P,0.00638465,0.011450029,0
K474Q,0.0695465,0.13719639,0
K474R,0.0542504,0.106744006,0
K474S,0.00221382,0.003146494,0
K474T,0.0066695,0.012017126,0
K474V,0.0282066,0.054894463,0
K474W,0.0264297,0.051356905,0
K474Y,0.0761628,0.150368513,0
E475A,0.0442372,0.086809133,0
E475C,0.0119314,0.022492829,0
E475D,0.0679242,0.133966619,0
E475F,0.0137341,0.026081751,0
E475G,0.0149828,0.028567737,0
E475H,0.0123828,0.023391503,0
E475I,0.0898586,0.177634925,0
E475K,0.0324041,0.063251095,0
E475L,0.0261163,0.05073297,0
E475M,0.018722,0.036011958,0
E475N,0.0694751,0.137054243,0
E475P,0.0681289,0.134374148,0
E475Q,0.0453986,0.089121317,0
E475R,0.0104691,0.019581595,0
E475S,0.0344443,0.067312847,0
E475T,0.0320485,0.062543146,0
E475V,0.0991204,0.196073866,0
E475W,0.0157105,0.030016485,0
E475Y,0.0092727,0.017199731,0
I476A,0.0297125,0.057892498,0
I476C,0.0318407,0.062129445,0
I476D,0.0266777,0.051850638,0
I476E,0.0184546,0.035479603,0
I476F,0.0198832,0.038323744,0
I476G,0.0139839,0.026579068,0
I476H,0.0442574,0.086849349,0
I476K,0.0658646,0.129866245,0
I476L,0.0925741,0.183041103,0
I476M,0.1009,0.199616799,1
I476N,0.0328454,0.064129661,0
I476P,0.0095427,0.017737263,0
I476Q,0.0527055,0.103668328,0
I476R,0.0379994,0.074390551,0
I476S,0.083735,0.165443698,0
I476T,0.0731965,0.144463027,0
I476V,0.115137,0.227960664,1
I476W,0.0295467,0.057562414,0
I476Y,0.0291673,0.056807082,0
G477A,0.0179343,0.034443758,0
G477C,0.0307214,0.059901076,0
G477D,0.0261445,0.050789112,0
G477E,0.0333845,0.065202934,0
G477F,0.0641947,0.126541709,0
G477H,0.0452287,0.08878307,0
G477I,0.00670471,0.012087224,0
G477K,0.0379703,0.074332617,0
G477L,0.0414174,0.081195308,0
G477M,0.0316799,0.061809315,0
G477N,0.048667,0.095628242,0
G477P,0.0202989,0.039151344,0
G477Q,0.0395724,0.077522172,0
G477R,0.0499994,0.098280863,0
G477S,0.0406424,0.079652392,0
G477T,0.043106,0.084557073,0
G477V,0.0168975,0.032379635,0
G477W,0.0257179,0.049939811,0
G477Y,0.0655388,0.129217623,0
N478A,0.042397,0.083145554,0
N478C,0.0143628,0.027333404,0
N478D,0.0424102,0.083171833,0
N478E,0.0157112,0.030017879,0
N478F,0.0197812,0.038120677,0
N478G,0.0273811,0.053251009,0
N478H,0.110806,0.219338252,1
N478I,0.0323154,0.063074506,0
N478K,0.0519765,0.102216991,0
N478L,0.0382499,0.074889261,0
N478M,0.0380619,0.074514979,0
N478P,0.00927502,0.01720435,0
N478Q,0.0399665,0.07830677,0
N478R,0.0516502,0.101567374,0
N478S,0.0214192,0.041381704,0
N478T,0.0452323,0.088790237,0
N478V,0.0134819,0.025579656,0
N478W,0.022511,0.043555324,0
N478Y,0.0741897,0.146440348,0
G479A,0.0100615,0.018770121,0
G479C,0.0321757,0.062796383,0
G479D,0.0212139,0.040972981,0
G479E,0.0357766,0.069965268,0
G479F,0.0176227,0.033823407,0
G479H,0.0325039,0.063449783,0
G479I,0.0479417,0.094184272,0
G479K,0.0521103,0.102483368,0
G479L,0.0922579,0.182411594,0
G479M,0.0421918,0.082737029,0
G479N,0.0313587,0.061169851,0
G479P,0.00806117,0.014787745,0
G479Q,0.0510816,0.100435371,0
G479R,0.0921182,0.182133471,0
G479S,0.00915162,0.016958678,0
G479T,0.0132736,0.02516496,0
G479V,0.00943167,0.017516218,0
G479W,0.0400099,0.078393173,0
G479Y,0.0640652,0.126283893,0
C480A,0.01191,0.022450224,0
C480D,0.01353,0.025675416,0
C480E,0.0137346,0.026082746,0
C480F,0.0720704,0.14222112,0
C480G,0.0214322,0.041407585,0
C480H,0.0156966,0.029988812,0
C480I,0.0141063,0.026822749,0
C480K,0.0348538,0.068128103,0
C480L,0.0210089,0.040564855,0
C480M,0.0265758,0.05164777,0
C480N,0.0190118,0.036588909,0
C480P,0.020601,0.039752783,0
C480Q,0.0162773,0.031144904,0
C480R,0.143182,0.283794315,1
C480S,0.0137725,0.0261582,0
C480T,0.0159873,0.030567555,0
C480V,0.037097,0.072593999,0
C480W,0.0446575,0.087645891,0
C480Y,0.0374033,0.073203799,0
F481A,0.00874503,0.016149214,0
F481C,0.0365917,0.071588018,0
F481D,0.0211713,0.04088817,0
F481E,0.0154781,0.02955381,0
F481G,0.0187631,0.036093783,0
F481H,0.028754,0.055984259,0
F481I,0.0217468,0.04203391,0
F481K,0.0161371,0.030865786,0
F481L,0.134146,0.26580491,1
F481M,0.0390479,0.076477967,0
F481N,0.0176723,0.033922153,0
F481P,0.0158082,0.030210992,0
F481Q,0.0148232,0.028249996,0
F481R,0.0501258,0.098532508,0
F481S,0.0303407,0.059143156,0
F481T,0.0173725,0.033325294,0
F481V,0.14795,0.293286733,1
F481W,0.0126698,0.023962879,0
F481Y,0.0530304,0.104315158,0
E482A,0.0367664,0.071935821,0
E482C,0.00700888,0.012692784,0
E482D,0.211372,0.419551015,1
E482F,0.0143938,0.027395121,0
E482G,0.0439169,0.086171461,0
E482H,0.0181338,0.034840935,0
E482I,0.0470928,0.092494231,0
E482K,0.0755412,0.149130995,0
E482L,0.070656,0.139405249,0
E482M,0.0206945,0.039938928,0
E482N,0.065017,0.128178793,0
E482P,0.00912498,0.016905641,0
E482Q,0.0325625,0.063566447,0
E482R,0.0372099,0.072818767,0
E482S,0.04209,0.08253436,0
E482T,0.0498496,0.097982632,0
E482V,0.0410971,0.080557636,0
E482W,0.0308206,0.060098569,0
E482Y,0.0300704,0.058605027,0
F483A,0.00737944,0.013430516,0
F483C,0.0152297,0.02905928,0
F483D,0.0307217,0.059901673,0
F483E,0.0224636,0.043460958,0
F483G,0.0158255,0.030245434,0
F483H,0.0683959,0.134905707,0
F483I,0.019289,0.037140776,0
F483K,0.0564483,0.111119716,0
F483L,0.0674544,0.133031313,0
F483M,0.0265219,0.051540462,0
F483N,0.0191111,0.036786602,0
F483P,0.0505615,0.099399925,0
F483Q,0.0676337,0.133388274,0
F483R,0.0130005,0.024621256,0
F483S,0.0278101,0.054105087,0
F483T,0.0197324,0.038023523,0
F483V,0.0322224,0.062889356,0
F483W,0.0160092,0.030611155,0
F483Y,0.060373,0.118933242,0
Y484A,0.0207842,0.040117508,0
Y484C,0.0315098,0.06147067,0
Y484D,0.0188304,0.036227767,0
Y484E,0.0159861,0.030565166,0
Y484F,0.0710814,0.14025216,0
Y484G,0.0105584,0.019759379,0
Y484H,0.0963399,0.190538282,0
Y484I,0.0160075,0.030607771,0
Y484K,0.0132093,0.025036948,0
Y484L,0.15778,0.31285688,1
Y484M,0.099071,0.195975518,0
Y484N,0.0412431,0.080848301,0
Y484P,0.0110198,0.020677961,0
Y484Q,0.0218937,0.042326367,0
Y484R,0.0803104,0.158625801,0
Y484S,0.00773547,0.014139322,0
Y484T,0.0169646,0.032513222,0
Y484V,0.00820966,0.015083368,0
Y484W,0.0678909,0.133900323,0
H485A,0.0279956,0.054474392,0
H485C,0.0416431,0.081644645,0
H485D,0.0266358,0.051767221,0
H485E,0.0429647,0.084275765,0
H485F,0.0178845,0.034344614,0
H485G,0.0127814,0.024185059,0
H485I,0.014274,0.027156616,0
H485K,0.0390679,0.076517784,0
H485L,0.0274061,0.05330078,0
H485M,0.0195065,0.037573787,0
H485N,0.0263456,0.051189474,0
H485P,0.0337935,0.066017195,0
H485Q,0.0342076,0.06684161,0
H485R,0.0475167,0.093338157,0
H485S,0.0144471,0.027501234,0
H485T,0.0365503,0.071505596,0
H485V,0.0523525,0.102965554,0
H485W,0.0134777,0.025571295,0
H485Y,0.115928,0.229535434,1
K486A,0.06784,0.133798989,0
K486C,0.0185212,0.035612194,0
K486D,0.0533444,0.104940288,0
K486E,0.0402405,0.078852266,0
K486F,0.0236372,0.04579743,0
K486G,0.0429985,0.084343056,0
K486H,0.0337237,0.065878233,0
K486I,0.113052,0.223809722,1
K486L,0.0677295,0.133578999,0
K486M,0.0322361,0.062916631,0
K486N,0.0132801,0.025177901,0
K486P,0.0215529,0.041647882,0
K486Q,0.0840228,0.166016668,0
K486R,0.0650715,0.128287295,0
K486S,0.0727135,0.143501442,0
K486T,0.0348934,0.068206941,0
K486V,0.0533665,0.104984286,0
K486W,0.00663315,0.011944758,0
K486Y,0.0480253,0.094350708,0
C487A,0.0207386,0.040026725,0
C487D,0.0236235,0.045770155,0
C487E,0.0450847,0.088496387,0
C487F,0.0247326,0.047978218,0
C487G,0.0238227,0.046166735,0
C487H,0.0183812,0.035333473,0
C487I,0.0145871,0.027779954,0
C487K,0.0171771,0.03293628,0
C487L,0.0208796,0.040307436,0
C487M,0.0214241,0.041391459,0
C487N,0.0237316,0.045985367,0
C487P,0.0125712,0.02376658,0
C487Q,0.0229485,0.044426325,0
C487R,0.0497067,0.097698139,0
C487S,0.0483879,0.095072593,0
C487T,0.065097,0.128338061,0
C487V,0.00884816,0.016354531,0
C487W,0.0342759,0.066977586,0
C487Y,0.0293595,0.057189725,0
D488A,0.0305615,0.059582738,0
D488C,0.0246468,0.047807402,0
D488E,0.020997,0.040541163,0
D488F,0.00867004,0.01599992,0
D488G,0.0252043,0.048917306,0
D488H,0.0308121,0.060081647,0
D488I,0.0104823,0.019607874,0
D488K,0.0143312,0.027270493,0
D488L,0.0143132,0.027234658,0
D488M,0.0156147,0.029825761,0
D488N,0.151746,0.300844035,1
D488P,0.0840687,0.166108048,0
D488Q,0.0174657,0.033510842,0
D488R,0.0851434,0.168247625,0
D488S,0.130693,0.258930473,1
D488T,0.0366322,0.071668648,0
D488V,0.00806412,0.014793618,0
D488W,0.0147867,0.028177329,0
D488Y,0.0572235,0.11266303,0
N489A,0.0196405,0.037840563,0
N489C,0.025393,0.049292981,0
N489D,0.0598683,0.117928455,0
N489E,0.013356,0.025329007,0
N489F,0.0244876,0.047490457,0
N489G,0.0124178,0.023461183,0
N489H,0.0314084,0.061268797,0
N489I,0.022132,0.042800789,0
N489K,0.0242381,0.046993738,0
N489L,0.0105934,0.019829059,0
N489M,0.0253936,0.049294176,0
N489P,0.033778,0.065986337,0
N489Q,0.0830783,0.164136301,0
N489R,0.00909901,0.016853939,0
N489S,0.0231619,0.044851175,0
N489T,0.100469,0.198758739,1
N489V,0.0407629,0.079892291,0
N489W,0.0320606,0.062567235,0
N489Y,0.0216698,0.041880614,0
E490A,0.0830602,0.164100266,0
E490C,0.0158587,0.030311531,0
E490D,0.0645266,0.127202475,0
E490F,0.0173725,0.033325294,0
E490G,0.0462384,0.090793241,0
E490H,0.068923,0.135955089,0
E490I,0.0588464,0.115893996,0
E490K,0.0190953,0.036755146,0
E490L,0.0480173,0.094334781,0
E490M,0.0568442,0.111907897,0
E490N,0.133404,0.264327692,1
E490P,0.0401,0.07857255,0
E490Q,0.023819,0.046159368,0
E490R,0.0515497,0.101367292,0
E490S,0.0453071,0.088939154,0
E490T,0.0551498,0.108534585,0
E490V,0.0342292,0.066884613,0
E490W,0.0506026,0.099481749,0
E490Y,0.018566,0.035701384,0
C491A,0.0154763,0.029550226,0
C491D,0.0211449,0.040835611,0
C491E,0.0248882,0.048287995,0
C491F,0.0371474,0.072694338,0
C491G,0.0208196,0.040187985,0
C491H,0.0257497,0.050003121,0
C491I,0.0294855,0.057440573,0
C491K,0.0237187,0.045959685,0
C491L,0.0268982,0.052289623,0
C491M,0.160575,0.318421332,1
C491N,0.0247826,0.048077761,0
C491P,0.0199343,0.038425477,0
C491Q,0.0248474,0.048206768,0
C491R,0.0136511,0.02591651,0
C491S,0.021286,0.041116522,0
C491T,0.0297306,0.057928533,0
C491V,0.0144384,0.027483913,0
C491W,0.0495816,0.097449082,0
C491Y,0.0378426,0.074078384,0
M492A,0.0112227,0.021081907,0
M492C,0.0126206,0.023864929,0
M492D,0.0153489,0.029296591,0
M492E,0.021829,0.042197558,0
M492F,0.0158792,0.030352343,0
M492G,0.012246,0.023119153,0
M492H,0.0390344,0.07645109,0
M492I,0.0983503,0.194540705,0
M492K,0.0335022,0.065437258,0
M492L,0.0410247,0.080413498,0
M492N,0.0224809,0.0434954,0
M492P,0.0161003,0.030792522,0
M492Q,0.135295,0.268092407,1
M492R,0.00867568,0.016011148,0
M492S,0.0162795,0.031149284,0
M492T,0.0491569,0.096603564,0
M492V,0.0520749,0.102412892,0
M492W,0.0145772,0.027760244,0
M492Y,0.0145903,0.027786325,0
E493A,0.108203,0.214156045,1
E493C,0.0155379,0.029672863,0
E493D,0.0913615,0.180626987,0
E493F,0.017769,0.034114669,0
E493G,0.138962,0.275392889,1
E493H,0.0820826,0.162154002,0
E493I,0.0173514,0.033283286,0
E493K,0.0310778,0.060610618,0
E493L,0.0146306,0.027866556,0
E493M,0.0492816,0.096851824,0
E493N,0.0556973,0.109624581,0
E493P,0.0070196,0.012714126,0
E493Q,0.0391052,0.076592043,0
E493R,0.0379932,0.074378207,0
E493S,0.0677516,0.133622997,0
E493T,0.0248965,0.048304519,0
E493V,0.0185865,0.035742197,0
E493W,0.0435029,0.085347245,0
E493Y,0.0333572,0.065148583,0
S494A,0.094379,0.186634405,0
S494C,0.0218987,0.042336321,0
S494D,0.0232755,0.045077336,0
S494E,0.0906739,0.179258072,0
S494F,0.0223425,0.043219865,0
S494G,0.0197775,0.03811331,0
S494H,0.0659805,0.130096986,0
S494I,0.0176051,0.033788367,0
S494K,0.0618133,0.121800677,0
S494L,0.0160108,0.03061434,0
S494M,0.0670075,0.132141598,0
S494N,0.0811948,0.160386517,0
S494P,0.00817051,0.015005426,0
S494Q,0.0559859,0.110199143,0
S494R,0.0642568,0.126665341,0
S494T,0.116526,0.230725968,1
S494V,0.00681156,0.012299947,0
S494W,0.010961,0.020560899,0
S494Y,0.00909862,0.016853162,0
V495A,0.0360562,0.070521913,0
V495C,0.021787,0.042113942,0
V495D,0.0156526,0.029901215,0
V495E,0.0225069,0.043547162,0
V495F,0.0173739,0.033328081,0
V495G,0.0660966,0.130328124,0
V495H,0.0227989,0.044128493,0
V495I,0.106102,0.20997325,1
V495K,0.0165732,0.031734,0
V495L,0.0280071,0.054497287,0
V495M,0.0256097,0.0497244,0
V495N,0.0179474,0.034469839,0
V495P,0.0403732,0.079116453,0
V495Q,0.0194239,0.037409342,0
V495R,0.0458315,0.08998316,0
V495S,0.0679207,0.133959651,0
V495T,0.0209705,0.040488406,0
V495W,0.0193822,0.037326324,0
V495Y,0.029888,0.058241894,0
R496A,0.019977,0.038510487,0
R496C,0.034931,0.068281798,0
R496D,0.0221359,0.042808553,0
R496E,0.0728739,0.143820776,0
R496F,0.0246046,0.047723388,0
R496G,0.0133203,0.025257933,0
R496H,0.0132814,0.025180489,0
R496I,0.0263627,0.051223517,0
R496K,0.270813,0.537889687,1
R496L,0.0099718,0.018591541,0
R496M,0.04388,0.086097998,0
R496N,0.0175806,0.033739591,0
R496P,0.0142507,0.027110229,0
R496Q,0.0340818,0.06659116,0
R496S,0.0192355,0.037034265,0
R496T,0.018673,0.035914406,0
R496V,0.0422388,0.0828306,0
R496W,0.0141989,0.027007102,0
R496Y,0.0210264,0.040599695,0
N497A,0.0522778,0.102816837,0
N497C,0.0192879,0.037138586,0
N497D,0.0177988,0.034173997,0
N497E,0.0639505,0.126055541,0
N497F,0.0364518,0.071309497,0
N497G,0.0616003,0.121376624,0
N497H,0.0373113,0.07302064,0
N497I,0.104637,0.207056641,1
N497K,0.0605904,0.119366055,0
N497L,0.047549,0.093402461,0
N497M,0.109063,0.215868184,1
N497P,0.000832029,0.000395542,0
N497Q,0.0991679,0.196168432,0
N497R,0.0344751,0.067374165,0
N497S,0.0876758,0.173289277,0
N497T,0.0516098,0.101486943,0
N497V,0.0487942,0.095881479,0
N497W,0.00681971,0.012316173,0
N497Y,0.0179789,0.034532551,0
G498A,0.0754828,0.149014729,0
G498C,0.0116118,0.02185655,0
G498D,0.0395949,0.077566967,0
G498E,0.0584957,0.115195802,0
G498F,0.0200435,0.038642879,0
G498H,0.0521413,0.102545085,0
G498I,0.0318584,0.062164683,0
G498K,0.0282761,0.055032828,0
G498L,0.0255802,0.04966567,0
G498M,0.0543287,0.106899891,0
G498N,0.0526409,0.103539718,0
G498P,0.0104218,0.019487427,0
G498Q,0.0431016,0.084548313,0
G498R,0.0419633,0.082282118,0
G498S,0.0679522,0.134022363,0
G498T,0.0373119,0.073021835,0
G498V,0.017689,0.033955401,0
G498W,0.0342051,0.066836633,0
G498Y,0.0488948,0.09608176,0
T499A,0.0217222,0.041984935,0
T499C,0.0360725,0.070554364,0
T499D,0.0605086,0.119203202,0
T499E,0.0570184,0.112254705,0
T499F,0.0318828,0.06221326,0
T499G,0.0276863,0.053858619,0
T499H,0.0156379,0.029871949,0
T499I,0.102145,0.202095419,1
T499K,0.043099,0.084543137,0
T499L,0.0773303,0.152692841,0
T499M,0.115304,0.228293138,1
T499N,0.0135283,0.025672032,0
T499P,0.00399198,0.00668656,0
T499Q,0.103932,0.205653085,1
T499R,0.0264949,0.051486709,0
T499S,0.0815944,0.161182065,0
T499V,0.0929558,0.183801014,0
T499W,0.0120812,0.022791059,0
T499Y,0.0332697,0.064974383,0
Y500A,0.0133297,0.025276647,0
Y500C,0.0478409,0.093983593,0
Y500D,0.0219137,0.042366184,0
Y500E,0.0283229,0.055126,0
Y500F,0.0346385,0.067699471,0
Y500G,0.010992,0.020622615,0
Y500H,0.0421825,0.082718514,0
Y500I,0.0165308,0.031649587,0
Y500K,0.0211453,0.040836408,0
Y500L,0.0651603,0.128464083,0
Y500M,0.0473498,0.093005882,0
Y500N,0.0258061,0.050115405,0
Y500P,0.0378355,0.074064249,0
Y500Q,0.0350622,0.068542999,0
Y500R,0.0106345,0.019910883,0
Y500S,0.037527,0.073450069,0
Y500T,0.0200457,0.038647259,0
Y500V,0.0117385,0.022108792,0
Y500W,0.0712908,0.140669046,0
D501A,0.0532849,0.104821832,0
D501C,0.0181315,0.034836356,0
D501E,0.0333804,0.065194771,0
D501F,0.0164594,0.03150744,0
D501G,0.00964009,0.017931153,0
D501H,0.0694027,0.136910105,0
D501I,0.030321,0.059103936,0
D501K,0.0788153,0.155649268,0
D501L,0.0460387,0.090395666,0
D501M,0.0937051,0.185292765,0
D501N,0.100184,0.198191344,1
D501P,0.0209934,0.040533996,0
D501Q,0.0288137,0.056103114,0
D501R,0.0339226,0.066274215,0
D501S,0.13346,0.26443918,1
D501T,0.0270784,0.052648376,0
D501V,0.0324861,0.063414346,0
D501W,0.0431765,0.084697429,0
D501Y,0.0444036,0.087140412,0
Y502A,0.0892089,0.176341463,0
Y502C,0.033728,0.065886794,0
Y502D,0.0214401,0.041423313,0
Y502E,0.0311836,0.060821251,0
Y502F,0.0368703,0.072142671,0
Y502G,0.0767224,0.151482598,0
Y502H,0.11801,0.233680403,1
Y502I,0.016621,0.031829163,0
Y502K,0.0131142,0.024847617,0
Y502L,0.0559198,0.110067547,0
Y502M,0.0205193,0.03959013,0
Y502N,0.0363613,0.071129324,0
Y502P,0.0455236,0.089370175,0
Y502Q,0.0410434,0.080450727,0
Y502R,0.0251251,0.04875963,0
Y502S,0.036136,0.070680783,0
Y502T,0.0417013,0.081760513,0
Y502V,0.0396085,0.077594042,0
Y502W,0.0633992,0.12495798,0
P503A,0.0388688,0.076121404,0
P503C,0.10605,0.209869725,1
P503D,0.0339001,0.066229421,0
P503E,0.0546389,0.107517455,0
P503F,0.0566519,0.111525055,0
P503G,0.0358303,0.070072178,0
P503H,0.047365,0.093036143,0
P503I,0.0817722,0.16153604,0
P503K,0.0520899,0.102442755,0
P503L,0.052317,0.102894879,0
P503M,0.0798506,0.157710404,0
P503N,0.0318312,0.062110532,0
P503Q,0.0143547,0.027317278,0
P503R,0.0574952,0.113203947,0
P503S,0.032809,0.064057194,0
P503T,0.0399391,0.078252221,0
P503V,0.0446475,0.087625983,0
P503W,0.0222686,0.04307274,0
P503Y,0.0227994,0.044129488,0
K504A,0.0434396,0.085221224,0
K504C,0.0136504,0.025915116,0
K504D,0.0174085,0.033396965,0
K504E,0.022252,0.043039692,0
K504F,0.0462432,0.090802797,0
K504G,0.0474432,0.093191828,0
K504H,0.0673677,0.132858706,0
K504I,0.0365649,0.071534663,0
K504L,0.113714,0.225127671,1
K504M,0.0484748,0.095245599,0
K504N,0.0200484,0.038652634,0
K504P,0.00557979,0.009847666,0
K504Q,0.0370313,0.0724632,0
K504R,0.146523,0.290445776,1
K504S,0.0579139,0.11403752,0
K504T,0.0327729,0.063985324,0
K504V,0.0356353,0.06968396,0
K504W,0.024403,0.04732203,0
K504Y,0.0746607,0.147378043,0
Y505A,0.0199702,0.038496949,0
Y505C,0.032506,0.063453964,0
Y505D,0.0247053,0.047923867,0
Y505E,0.0239535,0.046427139,0
Y505F,0.0628274,0.123819607,0
Y505G,0.0120172,0.022663644,0
Y505H,0.047497,0.093298937,0
Y505I,0.0456682,0.089658053,0
Y505K,0.0318037,0.062055783,0
Y505L,0.0122989,0.023224469,0
Y505M,0.0394098,0.077198459,0
Y505N,0.0347841,0.067989341,0
Y505P,0.02056,0.039671158,0
Y505Q,0.0749102,0.147874763,0
Y505R,0.0361067,0.070622451,0
Y505S,0.0174339,0.033447532,0
Y505T,0.0560905,0.110407387,0
Y505V,0.00900897,0.016674682,0
Y505W,0.0837982,0.165569521,0
S506A,0.0856357,0.169227725,0
S506C,0.0308777,0.060212248,0
S506D,0.00741416,0.013499639,0
S506E,0.0493253,0.096938825,0
S506F,0.0420915,0.082537346,0
S506G,0.0300988,0.058661567,0
S506H,0.109916,0.217566387,1
S506I,0.0347599,0.067941162,0
S506K,0.0230518,0.044631981,0
S506L,0.140083,0.277624642,1
S506M,0.01444,0.027487098,0
S506N,0.031591,0.061632327,0
S506P,0.0115278,0.021689318,0
S506Q,0.0346067,0.067636162,0
S506R,0.0311738,0.060801741,0
S506T,0.0556255,0.109481637,0
S506V,0.0447901,0.087909879,0
S506W,0.101333,0.200478841,1
S506Y,0.0583735,0.114952519,0
E507A,0.0685247,0.13516213,0
E507C,0.0348709,0.068162147,0
E507D,0.0532914,0.104834772,0
E507F,0.0439259,0.086189379,0
E507G,0.0665445,0.13121983,0
E507H,0.0325042,0.06345038,0
E507I,0.111183,0.220088806,1
E507K,0.0463066,0.090929018,0
E507L,0.102689,0.203178447,1
E507M,0.0194619,0.037484995,0
E507N,0.0214381,0.041419331,0
E507P,0.0383049,0.074998758,0
E507Q,0.0241263,0.04677116,0
E507R,0.0586442,0.115491444,0
E507S,0.0364835,0.071372607,0
E507T,0.0478481,0.093997927,0
E507V,0.0444291,0.087191179,0
E507W,0.0446485,0.087627974,0
E507Y,0.031128,0.06071056,0
E508A,0.158967,0.31522003,1
E508C,0.0216347,0.041810734,0
E508D,0.0688342,0.135778301,0
E508F,0.0580598,0.114327986,0
E508G,0.0153996,0.029397527,0
E508H,0.0194539,0.037469068,0
E508I,0.0766425,0.151323528,0
E508K,0.02106,0.040666587,0
E508L,0.109244,0.21622853,1
E508M,0.0276889,0.053863795,0
E508N,0.015288,0.029175347,0
E508P,0.0231263,0.0447803,0
E508Q,0.066989,0.132104767,0
E508R,0.00826517,0.01519388,0
E508S,0.0483005,0.094898592,0
E508T,0.0323037,0.063051213,0
E508V,0.0598089,0.117810198,0
E508W,0.0355036,0.069421764,0
E508Y,0.0254463,0.049399094,0
S509A,0.0996479,0.197124044,0
S509C,0.0592671,0.11673155,0
S509D,0.00663011,0.011938706,0
S509E,0.00483085,0.008356632,0
S509F,0.00727124,0.013215105,0
S509G,0.0940241,0.185927849,0
S509H,0.00429958,0.007298948,0
S509I,0.116732,0.231136085,1
S509K,0.0208848,0.040317789,0
S509L,0.130722,0.258988207,1
S509M,0.0398092,0.077993608,0
S509N,0.00817196,0.015008312,0
S509P,0.00428833,0.007276551,0
S509Q,0.0142191,0.027047318,0
S509R,0.0261264,0.050753077,0
S509T,0.182758,0.362584565,1
S509V,0.0722722,0.142622876,0
S509W,0.00663997,0.011958336,0
S509Y,0.00973097,0.018112082,0
K510A,0.0802362,0.15847808,0
K510C,0.0148865,0.028376017,0
K510D,0.0229979,0.044524674,0
K510E,0.05642,0.111063375,0
K510F,0.0550129,0.108262037,0
K510G,0.0618657,0.121904998,0
K510H,0.0542098,0.106663177,0
K510I,0.0402652,0.07890144,0
K510L,0.0567167,0.111654063,0
K510M,0.053015,0.104284499,0
K510N,0.0563506,0.110925209,0
K510P,0.00650931,0.01169821,0
K510Q,0.0431618,0.084668163,0
K510R,0.0421356,0.082625143,0
K510S,0.0711684,0.140425365,0
K510T,0.0417658,0.081888923,0
K510V,0.0651169,0.12837768,0
K510W,0.0639978,0.126149709,0
K510Y,0.0459042,0.090127896,0
L511A,0.0711118,0.140312682,0
L511C,0.0392041,0.076788939,0
L511D,0.015326,0.029251,0
L511E,0.0415549,0.081469051,0
L511F,0.0337406,0.065911879,0
L511G,0.0633063,0.12477303,0
L511H,0.0301805,0.05882422,0
L511I,0.0302195,0.058901864,0
L511K,0.03235,0.06314339,0
L511M,0.106502,0.210769594,1
L511N,0.0432903,0.084923988,0
L511P,0.0454249,0.089173677,0
L511Q,0.0255443,0.049594198,0
L511R,0.0323309,0.063105364,0
L511S,0.0838833,0.165738943,0
L511T,0.0652749,0.128692235,0
L511V,0.0722919,0.142662096,0
L511W,0.0190203,0.036605832,0
L511Y,0.0182865,0.035144939,0
N512A,0.0397608,0.07789725,0
N512C,0.0276511,0.053788541,0
N512D,0.0306073,0.059673919,0
N512E,0.0329783,0.064394247,0
N512F,0.029464,0.05739777,0
N512G,0.0328724,0.064183415,0
N512H,0.0241423,0.046803013,0
N512I,0.178072,0.353255398,1
N512K,0.0953531,0.188573702,0
N512L,0.0377004,0.073795284,0
N512M,0.0485141,0.09532384,0
N512P,0.00887049,0.016398987,0
N512Q,0.0638484,0.125852274,0
N512R,0.0731973,0.14446462,0
N512S,0.058028,0.114264677,0
N512T,0.0374935,0.073383375,0
N512V,0.0639719,0.126098146,0
N512W,0.0184858,0.035541717,0
N512Y,0.0323483,0.063140005,0
R513A,0.0473276,0.092961685,0
R513C,0.0155506,0.029698147,0
R513D,0.0251347,0.048778742,0
R513E,0.030515,0.059490163,0
R513F,0.0394521,0.077282672,0
R513G,0.0160129,0.030618521,0
R513H,0.0611954,0.120570525,0
R513I,0.0676462,0.13341316,0
R513K,0.0799827,0.157973397,0
R513L,0.0447392,0.087808545,0
R513M,0.0368928,0.072187466,0
R513N,0.0351085,0.068635175,0
R513P,0.014459,0.027524925,0
R513Q,0.0581852,0.11457764,0
R513S,0.0484967,0.095289199,0
R513T,0.0458132,0.089946728,0
R513V,0.0287958,0.056067477,0
R513W,0.141493,0.280431754,1
R513Y,0.0408384,0.0800426,0
E514A,0.0264609,0.05141902,0
E514C,0.00887653,0.016411012,0
E514D,0.0349395,0.06829872,0
E514F,0.0346919,0.067805783,0
E514G,0.0455796,0.089481663,0
E514H,0.024401,0.047318049,0
E514I,0.182199,0.361471675,1
E514K,0.0349624,0.068344311,0
E514L,0.0333345,0.065103391,0
E514M,0.0427777,0.083903474,0
E514N,0.0658374,0.129812094,0
E514P,0.0374904,0.073377203,0
E514Q,0.0286725,0.055822004,0
E514R,0.102001,0.201808736,1
E514S,0.0708567,0.139804814,0
E514T,0.053238,0.10472846,0
E514V,0.0139457,0.026503017,0
E514W,0.0154365,0.02947099,0
E514Y,0.0295553,0.057579535,0
K515A,0.0336864,0.065803974,0
K515C,0.0064443,0.011568784,0
K515D,0.0439147,0.086167081,0
K515E,0.0375331,0.073462213,0
K515F,0.0314082,0.061268398,0
K515G,0.0791763,0.156367968,0
K515H,0.0299335,0.058332478,0
K515I,0.0461747,0.090666423,0
K515L,0.0242501,0.047017628,0
K515M,0.052147,0.102556433,0
K515N,0.160885,0.319038499,1
K515P,0.0590975,0.116393901,0
K515Q,0.0437896,0.085918025,0
K515R,0.0274028,0.05329421,0
K515S,0.05676,0.111740267,0
K515T,0.0624543,0.123076817,0
K515V,0.0697263,0.137554347,0
K515W,0.0186509,0.035870408,0
K515Y,0.0458116,0.089943542,0
I516A,0.00883935,0.016336992,0
I516C,0.00678393,0.01224494,0
I516D,0.013804,0.026220912,0
I516E,0.0245059,0.04752689,0
I516F,0.00730637,0.013285044,0
I516G,0.0142208,0.027050702,0
I516H,0.0135047,0.025625048,0
I516K,0.158467,0.314224601,1
I516L,0.0661582,0.130450761,0
I516M,0.0422185,0.082790185,0
I516N,0.0288895,0.056254021,0
I516P,0.00866985,0.015999541,0
I516Q,0.017307,0.033194892,0
I516R,0.0182689,0.0351099,0
I516S,0.00862614,0.015912521,0
I516T,0.0164138,0.031416657,0
I516V,0.205174,0.407211669,1
I516W,0.0151338,0.028868357,0
I516Y,0.00868929,0.016038244,0
D517A,0.0457584,0.089837628,0
D517C,0.0673645,0.132852335,0
D517E,0.0276725,0.053831145,0
D517F,0.0477932,0.093888629,0
D517G,0.0399658,0.078305377,0
D517H,0.0590871,0.116373196,0
D517I,0.0384468,0.075281261,0
D517K,0.074484,0.147026258,0
D517L,0.064858,0.127862246,0
D517M,0.0403595,0.079089178,0
D517N,0.0204384,0.039429069,0
D517P,0.0182794,0.035130804,0
D517Q,0.0801282,0.158263067,0
D517R,0.0762067,0.150455912,0
D517S,0.0723128,0.142703704,0
D517T,0.0447823,0.087894351,0
D517V,0.0365226,0.07145045,0
D517W,0.0171314,0.032845297,0
D517Y,0.0548895,0.108016364,0
G518A,0.0737147,0.14549469,0
G518C,0.00156636,0.001857492,0
G518D,0.0264032,0.051304147,0
G518E,0.0293141,0.05709934,0
G518F,0.0303016,0.059065313,0
G518H,0.0453375,0.088999676,0
G518I,0.0930726,0.184033547,0
G518K,0.0184298,0.035430229,0
G518L,0.0406138,0.079595453,0
G518M,0.0866688,0.171284482,0
G518N,0.0392528,0.076885894,0
G518P,0.0571362,0.112489228,0
G518Q,0.0855951,0.169146896,0
G518R,0.0504326,0.099143303,0
G518S,0.0633024,0.124765265,0
G518T,0.0787956,0.155610048,0
G518V,0.0523757,0.103011742,0
G518W,0.0491556,0.096600976,0
G518Y,0.0291729,0.05681823,0
V519A,0.0754993,0.149047578,0
V519C,0.0129992,0.024618668,0
V519D,0.0122095,0.023046487,0
V519E,0.0282909,0.055062292,0
V519F,0.0500286,0.098338996,0
V519G,0.012529,0.023682566,0
V519H,0.0172553,0.033091965,0
V519I,0.0913732,0.18065028,0
V519K,0.0169065,0.032397553,0
V519L,0.141244,0.27993603,1
V519M,0.0397694,0.077914372,0
V519N,0.0206574,0.039865068,0
V519P,0.0290469,0.056567382,0
V519Q,0.0262724,0.051043743,0
V519R,0.0366752,0.071754255,0
V519S,0.00860336,0.015867169,0
V519T,0.0815532,0.161100041,0
V519W,0.01378,0.026173131,0
V519Y,0.0304768,0.059414112,0
K520A,0.0324943,0.063430671,0
K520C,0.0075125,0.01369542,0
K520D,0.0356812,0.06977534,0
K520E,0.167673,0.332552452,1
K520F,0.0190213,0.036607823,0
K520G,0.0166979,0.03198226,0
K520H,0.190646,0.378288464,1
K520I,0.0282383,0.054957573,0
K520L,0.0260147,0.050530698,0
K520M,0.0428312,0.084009985,0
K520N,0.0479547,0.094210153,0
K520P,0.0307292,0.059916605,0
K520Q,0.0280922,0.054666709,0
K520R,0.064856,0.127858264,0
K520S,0.0663587,0.130849929,0
K520T,0.0417607,0.08187877,0
K520V,0.0428781,0.084103356,0
K520W,0.0240671,0.046653301,0
K520Y,0.0153053,0.029209789,0
L521A,0.0208994,0.040346855,0
L521C,0.00739893,0.013469318,0
L521D,0.00830856,0.015280264,0
L521E,0.0127186,0.024060033,0
L521F,0.0278339,0.05415247,0
L521G,0.022554,0.043640931,0
L521H,0.0328205,0.064080089,0
L521I,0.0936369,0.185156989,0
L521K,0.00999303,0.018633807,0
L521M,0.0826747,0.16333279,0
L521N,0.0120085,0.022646324,0
L521P,0.0105459,0.019734493,0
L521Q,0.119209,0.236067444,1
L521R,0.0189848,0.036535156,0
L521S,0.0805968,0.159195983,0
L521T,0.115763,0.229206942,1
L521V,0.16208,0.321417575,1
L521W,0.0371155,0.07263083,0
L521Y,0.013053,0.024725777,0
E522A,0.0774321,0.152895511,0
E522C,0.0103344,0.019313426,0
E522D,0.028741,0.055958378,0
E522F,0.0219987,0.042535407,0
E522G,0.0410895,0.080542505,0
E522H,0.0239709,0.04646178,0
E522I,0.00810843,0.014881833,0
E522K,0.0472439,0.09279505,0
E522L,0.0868937,0.171732226,0
E522M,0.0396845,0.077745348,0
E522N,0.0536174,0.105483792,0
E522P,0.00534932,0.009388833,0
E522Q,0.0308473,0.060151725,0
E522R,0.0366158,0.071635998,0
E522S,0.0856123,0.169181139,0
E522T,0.0618218,0.121817599,0
E522V,0.0695606,0.137224461,0
E522W,0.0855342,0.169025653,0
E522Y,0.038623,0.075632051,0
S523A,0.0313244,0.061101564,0
S523C,0.0124977,0.023620252,0
S523D,0.0702462,0.138589395,0
S523E,0.0262741,0.051047127,0
S523F,0.0410898,0.080543102,0
S523G,0.0319978,0.062442209,0
S523H,0.0832243,0.164426966,0
S523I,0.0889028,0.175732061,0
S523K,0.056147,0.11051987,0
S523L,0.027911,0.054305965,0
S523M,0.0367433,0.071889832,0
S523N,0.0188685,0.036303619,0
S523P,0.076541,0.151121456,0
S523Q,0.0352263,0.068869699,0
S523R,0.125546,0.248683519,1
S523T,0.0408155,0.07999701,0
S523V,0.052448,0.103155681,0
S523W,0.019243,0.037049196,0
S523Y,0.0410635,0.080490743,0
M524A,0.0417117,0.081781218,0
M524C,0.0376901,0.073774778,0
M524D,0.0415321,0.08142366,0
M524E,0.0353127,0.069041709,0
M524F,0.0189682,0.036502108,0
M524G,0.0472228,0.092753043,0
M524H,0.0272864,0.053062474,0
M524I,0.0443366,0.087007025,0
M524K,0.0214905,0.041523652,0
M524L,0.0690819,0.136271437,0
M524N,0.0775271,0.153084642,0
M524P,0.0715267,0.14113869,0
M524Q,0.10216,0.202125282,1
M524R,0.0205245,0.039600482,0
M524S,0.0417296,0.081816854,0
M524T,0.0642278,0.126607606,0
M524V,0.0964831,0.190823373,0
M524W,0.0250946,0.048698909,0
M524Y,0.0298335,0.058133392,0
G525A,0.0379779,0.074347747,0
G525C,0.0260873,0.050675235,0
G525D,0.110633,0.218993834,1
G525E,0.0438231,0.085984718,0
G525F,0.0629494,0.124062492,0
G525H,0.0373586,0.073114808,0
G525I,0.0283419,0.055163826,0
G525K,0.0194848,0.037530586,0
G525L,0.0230055,0.044539804,0
G525M,0.0231524,0.044832262,0
G525N,0.00844732,0.015556515,0
G525P,0.123833,0.245273177,1
G525Q,0.0274587,0.053405499,0
G525R,0.0276583,0.053802875,0
G525S,0.126026,0.249639132,1
G525T,0.0390073,0.076397138,0
G525V,0.0249719,0.04845463,0
G525W,0.0234157,0.045356455,0
G525Y,0.0413014,0.080964368,0
V526A,0.0595639,0.117322437,0
V526C,0.0151299,0.028860592,0
V526D,0.0260589,0.050618694,0
V526E,0.0280771,0.054636647,0
V526F,0.0505022,0.099281867,0
V526G,0.0306632,0.059785208,0
V526H,0.024426,0.04736782,0
V526I,0.101129,0.200072706,1
V526K,0.0340552,0.066538203,0
V526L,0.0991698,0.196172215,0
V526M,0.0638218,0.125799318,0
V526N,0.0356747,0.0697624,0
V526P,0.0779974,0.154020944,0
V526Q,0.0361025,0.07061409,0
V526R,0.0215282,0.041598708,0
V526S,0.0298762,0.058218402,0
V526T,0.0283847,0.055249035,0
V526W,0.0634385,0.125036221,0
V526Y,0.0858629,0.169680048,0
Y527A,0.0250965,0.048702691,0
Y527C,0.0223952,0.043324783,0
Y527D,0.017551,0.033680662,0
Y527E,0.0615544,0.121285243,0
Y527F,0.0811757,0.160348492,0
Y527G,0.0425338,0.083417903,0
Y527H,0.0883428,0.17461718,0
Y527I,0.0606134,0.119411844,0
Y527K,0.0104408,0.019525254,0
Y527L,0.0362058,0.070819745,0
Y527M,0.0458757,0.090071156,0
Y527N,0.0149739,0.028550018,0
Y527P,0.027931,0.054345782,0
Y527Q,0.0259594,0.050420604,0
Y527R,0.0262374,0.050974063,0
Y527S,0.0485305,0.09535649,0
Y527T,0.0981818,0.194205245,0
Y527V,0.0702795,0.13865569,0
Y527W,0.0507793,0.099833534,0
Q528A,0.0538145,0.105876191,0
Q528C,0.00993286,0.018514017,0
Q528D,0.108051,0.213853435,1
Q528E,0.0627235,0.123612757,0
Q528F,0.0357255,0.069863536,0
Q528G,0.175559,0.348252369,1
Q528H,0.0701104,0.138319036,0
Q528I,0.0177213,0.034019705,0
Q528K,0.0264525,0.051402297,0
Q528L,0.0177295,0.03403603,0
Q528M,0.0330871,0.064610852,0
Q528N,0.0314006,0.061253268,0
Q528P,0.0414053,0.081171219,0
Q528R,0.0474095,0.093124736,0
Q528S,0.0536582,0.105565019,0
Q528T,0.0307862,0.060030084,0
Q528V,0.0439106,0.086158919,0
Q528W,0.0339119,0.066252913,0
Q528Y,0.0132031,0.025024605,0
I529A,0.0237166,0.045955504,0
I529C,0.0589969,0.11619362,0
I529D,0.0153811,0.029360696,0
I529E,0.0152065,0.029013092,0
I529F,0.0987197,0.195276129,0
I529G,0.0371408,0.072681199,0
I529H,0.0632772,0.124715096,0
I529K,0.0388055,0.075995382,0
I529L,0.0524909,0.103241089,0
I529M,0.0731939,0.144457851,0
I529N,0.0245387,0.04759219,0
I529P,0.0124397,0.023504782,0
I529Q,0.0495326,0.09735153,0
I529R,0.0134577,0.025531477,0
I529S,0.0329536,0.064345072,0
I529T,0.0518966,0.102057921,0
I529V,0.0401015,0.078575536,0
I529W,0.0935179,0.184920076,0
I529Y,0.0481745,0.094647744,0
L530A,0.0491981,0.096685587,0
L530C,0.0710447,0.140179096,0
L530D,0.0142941,0.027196632,0
L530E,0.0301498,0.058763101,0
L530F,0.0657497,0.129637495,0
L530G,0.00724746,0.013167763,0
L530H,0.0185093,0.035588503,0
L530I,0.0319237,0.062294686,0
L530K,0.0314179,0.06128771,0
L530M,0.0383591,0.075106663,0
L530N,0.0134854,0.025586624,0
L530P,0.0125182,0.023661065,0
L530Q,0.0205796,0.039710179,0
L530R,0.0272608,0.053011508,0
L530S,0.0107146,0.020070351,0
L530T,0.04413,0.086595713,0
L530V,0.0179716,0.034518017,0
L530W,0.0353291,0.069074359,0
L530Y,0.0254834,0.049472955,0
A531C,0.0505861,0.0994489,0
A531D,0.0219609,0.042460153,0
A531E,0.0289628,0.056399951,0
A531F,0.0100929,0.018832634,0
A531G,0.0424411,0.083233351,0
A531H,0.0234849,0.045494222,0
A531I,0.0486412,0.095576878,0
A531K,0.0264365,0.051370443,0
A531L,0.0507674,0.099809843,0
A531M,0.0196117,0.037783226,0
A531N,0.0228908,0.044311453,0
A531P,0.0124522,0.023529668,0
A531Q,0.0181458,0.034864825,0
A531R,0.00901517,0.016687025,0
A531S,0.112821,0.223349834,1
A531T,0.0631091,0.124380432,0
A531V,0.0374657,0.073328029,0
A531W,0.0144074,0.027422196,0
A531Y,0.0110374,0.020713,0
I532A,0.0403429,0.07905613,0
I532C,0.0252911,0.049090113,0
I532D,0.0236615,0.045845808,0
I532E,0.0397065,0.077789147,0
I532F,0.0694266,0.136957686,0
I532G,0.0525661,0.103390802,0
I532H,0.076531,0.151101547,0
I532K,0.0392183,0.076817209,0
I532L,0.0385108,0.075408676,0
I532M,0.0489402,0.096172145,0
I532N,0.0321805,0.062805939,0
I532P,0.0251433,0.048795864,0
I532Q,0.0322857,0.063015377,0
I532R,0.0488893,0.09607081,0
I532S,0.0247777,0.048068005,0
I532T,0.0552355,0.108705202,0
I532V,0.0376655,0.073725803,0
I532W,0.0423793,0.083110316,0
I532Y,0.0246304,0.047774752,0
Y533A,0.044932,0.088192382,0
Y533C,0.0462605,0.090837239,0
Y533D,0.0308792,0.060215234,0
Y533E,0.0451429,0.088612255,0
Y533F,0.0372019,0.07280284,0
Y533G,0.0276717,0.053829552,0
Y533H,0.0708648,0.13982094,0
Y533I,0.0260976,0.050695741,0
Y533K,0.0258546,0.050211962,0
Y533L,0.044103,0.08654196,0
Y533M,0.0345224,0.067468333,0
Y533N,0.0527781,0.103812864,0
Y533P,0.0322266,0.062897718,0
Y533Q,0.0329388,0.064315608,0
Y533R,0.0226785,0.043888793,0
Y533S,0.034702,0.067825891,0
Y533T,0.0291413,0.056755319,0
Y533V,0.0828687,0.163719017,0
Y533W,0.0394224,0.077223544,0
S534A,0.0387637,0.075912164,0
S534C,0.0340934,0.066614254,0
S534D,0.0311762,0.060806519,0
S534E,0.0728036,0.143680818,0
S534F,0.0230575,0.044643329,0
S534G,0.0486729,0.095639988,0
S534H,0.0305414,0.059542722,0
S534I,0.0671742,0.132473475,0
S534K,0.0388953,0.076174162,0
S534L,0.0670744,0.132274787,0
S534M,0.0416681,0.081694416,0
S534N,0.031079,0.060613007,0
S534P,0.0305183,0.059496733,0
S534Q,0.0770342,0.152103348,0
S534R,0.0173865,0.033353166,0
S534T,0.0415743,0.081507674,0
S534V,0.0150086,0.028619101,0
S534W,0.0406729,0.079713113,0
S534Y,0.0236793,0.045881245,0
T535A,0.0515984,0.101464247,0
T535C,0.0659779,0.130091809,0
T535D,0.0211483,0.04084238,0
T535E,0.0407792,0.079924742,0
T535F,0.0409941,0.080352577,0
T535G,0.1263,0.250184627,1
T535H,0.0431328,0.084610428,0
T535I,0.0306868,0.059832192,0
T535K,0.084889,0.16774115,0
T535L,0.0291816,0.056835551,0
T535M,0.036196,0.070800235,0
T535N,0.0289,0.056274925,0
T535P,0.0444504,0.087233584,0
T535Q,0.0195247,0.037610021,0
T535R,0.00765728,0.013983657,0
T535S,0.0649132,0.127972142,0
T535V,0.0687975,0.135705237,0
T535W,0.0332841,0.065003051,0
T535Y,0.0130067,0.0246336,0
V536A,0.0835349,0.165045327,0
V536C,0.0858244,0.1696034,0
V536D,0.026801,0.052096111,0
V536E,0.00588877,0.010462802,0
V536F,0.0968506,0.191555013,0
V536G,0.0172251,0.033031841,0
V536H,0.0348147,0.068050261,0
V536I,0.0923997,0.182693898,0
V536K,0.00522683,0.009144973,0
V536L,0.0610125,0.120206396,0
V536M,0.0211812,0.04090788,0
V536N,0.0764017,0.150844129,0
V536P,0.00348364,0.005674527,0
V536Q,0.00529488,0.009280451,0
V536R,0.00543119,0.009551825,0
V536S,0.00736994,0.013411603,0
V536T,0.0510819,0.100435968,0
V536W,0.0187039,0.035975924,0
V536Y,0.012629,0.023881652,0
A537C,0.0828308,0.163643563,0
A537D,0.0261555,0.050811011,0
A537E,0.0126568,0.023936998,0
A537F,0.00770601,0.014080671,0
A537G,0.0165744,0.031736389,0
A537H,0.0179945,0.034563608,0
A537I,0.0522065,0.102674889,0
A537K,0.0125455,0.023715415,0
A537L,0.0426619,0.083672932,0
A537M,0.0430224,0.084390637,0
A537N,0.0125241,0.023672811,0
A537P,0.00753386,0.013737945,0
A537Q,0.0142795,0.027167566,0
A537R,0.00718403,0.013041483,0
A537S,0.0335353,0.065503155,0
A537T,0.0907907,0.179490605,0
A537V,0.0595,0.117195222,0
A537W,0.0133968,0.025410234,0
A537Y,0.0112732,0.021182445,0
S538A,0.130558,0.258661707,1
S538C,0.0509308,0.100135149,0
S538D,0.082104,0.162196607,0
S538E,0.00772289,0.014114277,0
S538F,0.00777226,0.014212566,0
S538G,0.0356947,0.069802217,0
S538H,0.00715675,0.012987172,0
S538I,0.0188692,0.036305013,0
S538K,0.0215067,0.041555904,0
S538L,0.0577862,0.113783287,0
S538M,0.0157719,0.030138724,0
S538N,0.0629266,0.1240171,0
S538P,0.0110763,0.020790445,0
S538Q,0.0157077,0.030010911,0
S538R,0.0108934,0.020426317,0
S538T,0.0944811,0.186837672,0
S538V,0.0839607,0.165893035,0
S538W,0.0101296,0.018905698,0
S538Y,0.0095215,0.017695057,0
S539A,0.106469,0.210703895,1
S539C,0.0279905,0.054464238,0
S539D,0.0192152,0.03699385,0
S539E,0.0108958,0.020431095,0
S539F,0.0158183,0.0302311,0
S539G,0.0417232,0.081804113,0
S539H,0.0180117,0.034597851,0
S539I,0.0136093,0.025833292,0
S539K,0.0221785,0.042893364,0
S539L,0.0615291,0.121234874,0
S539M,0.027165,0.052820784,0
S539N,0.0253444,0.049196225,0
S539P,0.0253659,0.049239029,0
S539Q,0.01919,0.03694368,0
S539R,0.00957236,0.017796312,0
S539T,0.0901535,0.178222029,0
S539V,0.0320571,0.062560267,0
S539W,0.0270335,0.052558986,0
S539Y,0.0197598,0.038078072,0
L540A,0.071451,0.140987982,0
L540C,0.0305155,0.059491158,0
L540D,0.00403113,0.006764502,0
L540E,0.00735292,0.013377719,0
L540F,0.115457,0.228597739,1
L540G,0.0231632,0.044853763,0
L540H,0.00961765,0.017886478,0
L540I,0.112351,0.22241413,1
L540K,0.00422315,0.007146787,0
L540M,0.074327,0.146713693,0
L540N,0.0111552,0.020947524,0
L540P,0.0104468,0.019537199,0
L540Q,0.0160527,0.030697757,0
L540R,0.023437,0.04539886,0
L540S,0.0724289,0.142934843,0
L540T,0.0706972,0.139487272,0
L540V,0.120296,0.238231508,1
L540W,0.0463802,0.091075545,0
L540Y,0.0327594,0.063958448,0
V541A,0.0266168,0.051729395,0
V541C,0.0346409,0.067704249,0
V541D,0.0170638,0.032710715,0
V541E,0.013172,0.024962689,0
V541F,0.0791495,0.156314613,0
V541G,0.00777378,0.014215592,0
V541H,0.0128439,0.024309488,0
V541I,0.18747,0.371965495,1
V541K,0.00799969,0.014665347,0
V541L,0.0703213,0.138738908,0
V541M,0.0490064,0.09630394,0
V541N,0.013132,0.024883054,0
V541P,0.0433045,0.084952259,0
V541Q,0.0140031,0.026617292,0
V541R,0.0052849,0.009260582,0
V541S,0.00784836,0.01436407,0
V541T,0.13434,0.266191137,1
V541W,0.0681626,0.13444124,0
V541Y,0.0232443,0.045015222,0
L542A,0.0839152,0.165802451,0
L542C,0.0394234,0.077225534,0
L542D,0.0155326,0.029662311,0
L542E,0.0191144,0.036793172,0
L542F,0.0450127,0.088353045,0
L542G,0.0486735,0.095641183,0
L542H,0.0168501,0.032285269,0
L542I,0.0677887,0.133696858,0
L542K,0.0145398,0.027685786,0
L542M,0.153817,0.304967105,1
L542N,0.00673649,0.012150493,0
L542P,0.0191844,0.036932532,0
L542Q,0.0242137,0.046945161,0
L542R,0.00551054,0.009709799,0
L542S,0.0466089,0.091530854,0
L542T,0.0933445,0.184574861,0
L542V,0.0532384,0.104729257,0
L542W,0.00926412,0.017182649,0
L542Y,0.0655778,0.129295267,0
L543A,0.216724,0.430206095,1
L543C,0.0300499,0.058564214,0
L543D,0.00964892,0.017948732,0
L543E,0.00648598,0.011651763,0
L543F,0.0343765,0.067177866,0
L543G,0.0364696,0.071344934,0
L543H,0.00936529,0.017384065,0
L543I,0.0678398,0.133798591,0
L543K,0.0787847,0.155588347,0
L543M,0.0421747,0.082702986,0
L543N,0.0197795,0.038117292,0
L543P,0.00501908,0.008731372,0
L543Q,0.00690768,0.012491309,0
L543R,0.00382831,0.006360716,0
L543S,0.130186,0.257921107,1
L543T,0.0379792,0.074350335,0
L543V,0.0592631,0.116723587,0
L543W,0.0272046,0.052899622,0
L543Y,0.0404263,0.079222167,0
V544A,0.0529803,0.104215416,0
V544C,0.0129999,0.024620062,0
V544D,0.0205801,0.039711174,0
V544E,0.0146719,0.027948779,0
V544F,0.0309788,0.060413523,0
V544G,0.0283129,0.055106091,0
V544H,0.0123595,0.023345116,0
V544I,0.0297934,0.058053559,0
V544K,0.0145275,0.027661299,0
V544L,0.00829018,0.015243672,0
V544M,0.0315546,0.06155986,0
V544N,0.0525857,0.103429823,0
V544P,0.0133417,0.025300538,0
V544Q,0.0114239,0.021482468,0
V544R,0.00638087,0.011442504,0
V544S,0.0522915,0.102844112,0
V544T,0.0764723,0.150984684,0
V544W,0.0652037,0.128550486,0
V544Y,0.0788025,0.155623785,0
S545A,0.0575708,0.113354456,0
S545C,0.0144136,0.02743454,0
S545D,0.149855,0.29707932,1
S545E,0.0103424,0.019329353,0
S545F,0.0735697,0.145206016,0
S545G,0.00609039,0.010864199,0
S545H,0.0266476,0.051790713,0
S545I,0.00632047,0.011322256,0
S545K,0.0123427,0.023311669,0
S545L,0.0805206,0.15904428,0
S545M,0.0189331,0.036432229,0
S545N,0.0132616,0.02514107,0
S545P,0.0520518,0.102366903,0
S545Q,0.027195,0.05288051,0
S545R,0.0244864,0.047488068,0
S545T,0.0956519,0.18916857,0
S545V,0.0118122,0.022255518,0
S545W,0.0208918,0.040331725,0
S545Y,0.0234284,0.045381739,0
L546A,0.0199317,0.038420301,0
L546C,0.0138138,0.026240422,0
L546D,0.0335977,0.065627385,0
L546E,0.0101526,0.018951488,0
L546F,0.0572558,0.112727335,0
L546G,0.0144656,0.027538064,0
L546H,0.0115536,0.021740682,0
L546I,0.0138304,0.026273471,0
L546K,0.00829126,0.015245822,0
L546M,0.0252442,0.048996741,0
L546N,0.00709889,0.012871981,0
L546P,0.0321936,0.062832019,0
L546Q,0.0194003,0.037362358,0
L546R,0.0191401,0.036844337,0
L546S,0.011809,0.022249147,0
L546T,0.0223902,0.043314829,0
L546V,0.0386264,0.075638819,0
L546W,0.056442,0.111107174,0
L546Y,0.081275,0.160546184,0
G547A,0.0789645,0.155946304,0
G547C,0.0115954,0.0218239,0
G547D,0.0165377,0.031663324,0
G547E,0.0525059,0.103270952,0
G547F,0.0128991,0.024419383,0
G547H,0.013985,0.026581257,0
G547I,0.015121,0.028842874,0
G547K,0.0178142,0.034204656,0
G547L,0.0124251,0.023475716,0
G547M,0.106506,0.210777557,1
G547N,0.0170979,0.032778604,0
G547P,0.0097892,0.01822801,0
G547Q,0.0186705,0.035909429,0
G547R,0.0272262,0.052942625,0
G547S,0.0137281,0.026069806,0
G547T,0.0791812,0.156377723,0
G547V,0.0262587,0.051016468,0
G547W,0.02393,0.046380354,0
G547Y,0.0145867,0.027779158,0
A548C,0.0231193,0.044766364,0
A548D,0.0173452,0.033270943,0
A548E,0.0356169,0.069647328,0
A548F,0.0108628,0.020365396,0
A548G,0.0243693,0.047254938,0
A548H,0.020275,0.039103763,0
A548I,0.00965499,0.017960817,0
A548K,0.0108432,0.020326376,0
A548L,0.00838695,0.015436327,0
A548M,0.019862,0.038281538,0
A548N,0.0125453,0.023715017,0
A548P,0.00669885,0.012075557,0
A548Q,0.0310104,0.060476435,0
A548R,0.00897386,0.016604782,0
A548S,0.0314762,0.061403777,0
A548T,0.0615178,0.121212378,0
A548V,0.0213603,0.041264443,0
A548W,0.0531602,0.104573571,0
A548Y,0.0308273,0.060111908,0
I549A,0.0883053,0.174542523,0
I549C,0.0830036,0.163987584,0
I549D,0.0141716,0.026952752,0
I549E,0.0104948,0.01963276,0
I549F,0.0301725,0.058808293,0
I549G,0.0165549,0.031697567,0
I549H,0.0896955,0.177310216,0
I549K,0.0097678,0.018185405,0
I549L,0.124548,0.246696642,1
I549M,0.0374373,0.073271489,0
I549N,0.0227403,0.044011828,0
I549P,0.00627064,0.011223052,0
I549Q,0.011297,0.021229827,0
I549R,0.00700718,0.012689399,0
I549S,0.0274474,0.053383003,0
I549T,0.0259343,0.050370633,0
I549V,0.0756365,0.149320724,0
I549W,0.0299641,0.058393398,0
I549Y,0.0198356,0.038228979,0
S550A,0.0763024,0.150646437,0
S550C,0.0969565,0.191765845,0
S550D,0.0111963,0.021029348,0
S550E,0.0136051,0.02582493,0
S550F,0.045968,0.090254913,0
S550G,0.111052,0.219828004,1
S550H,0.0110272,0.020692694,0
S550I,0.0242037,0.046925252,0
S550K,0.0114948,0.021623619,0
S550L,0.11239,0.222491774,1
S550M,0.0665859,0.131302252,0
S550N,0.0342599,0.066945732,0
S550P,0.0118053,0.022241781,0
S550Q,0.0817394,0.161470739,0
S550R,0.0112467,0.021129687,0
S550T,0.0815399,0.161073563,0
S550V,0.0373725,0.073142481,0
S550W,0.0226342,0.043800598,0
S550Y,0.00838575,0.015433938,0
F551A,0.0595544,0.117303524,0
F551C,0.0203565,0.039266018,0
F551D,0.0108189,0.020277998,0
F551E,0.0796075,0.157226426,0
F551G,0.0524273,0.103114471,0
F551H,0.0257242,0.049952354,0
F551I,0.0814213,0.160837447,0
F551K,0.00989738,0.018443381,0
F551L,0.0669827,0.132092225,0
F551M,0.0203841,0.039320966,0
F551N,0.0340867,0.066600915,0
F551P,0.0171133,0.032809263,0
F551Q,0.041995,0.082345228,0
F551R,0.00352236,0.005751613,0
F551S,0.0310703,0.060595687,0
F551T,0.0483041,0.094905759,0
F551V,0.131426,0.260389772,1
F551W,0.0248046,0.048121559,0
F551Y,0.0957211,0.189306338,0
W552A,0.0404167,0.079203055,0
W552C,0.0316249,0.061699818,0
W552D,0.0314259,0.061303637,0
W552E,0.0207121,0.039973968,0
W552F,0.135999,0.269493972,1
W552G,0.0457563,0.089833448,0
W552H,0.0190384,0.036641866,0
W552I,0.0578219,0.11385436,0
W552K,0.0198017,0.038161489,0
W552L,0.0229831,0.044495209,0
W552M,0.0843777,0.166723224,0
W552N,0.0209869,0.040521056,0
W552P,0.00915133,0.0169581,0
W552Q,0.0356064,0.069626424,0
W552R,0.0180246,0.034623533,0
W552S,0.0147612,0.028126563,0
W552T,0.0196381,0.037835785,0
W552V,0.0395488,0.077475188,0
W552Y,0.0821268,0.162241998,0
M553A,0.124752,0.247102777,1
M553C,0.00978395,0.018217558,0
M553D,0.0136095,0.02583369,0
M553E,0.0145775,0.027760842,0
M553F,0.019738,0.038034671,0
M553G,0.125845,0.249278786,1
M553H,0.0392573,0.076894853,0
M553I,0.0492541,0.096797076,0
M553K,0.0215551,0.041652262,0
M553L,0.0282172,0.054915566,0
M553N,0.025912,0.050326237,0
M553P,0.00904302,0.01674247,0
M553Q,0.0176667,0.033911004,0
M553R,0.0961892,0.190238259,0
M553S,0.0807113,0.159423937,0
M553T,0.0464308,0.091176282,0
M553V,0.0094874,0.017627168,0
M553W,0.0233743,0.045274033,0
M553Y,0.00702986,0.012734552,0
C554A,0.0814258,0.160846406,0
C554D,0.0159213,0.030436158,0
C554E,0.0124637,0.023552563,0
C554F,0.0476803,0.093663861,0
C554G,0.0136606,0.025935423,0
C554H,0.013683,0.025980018,0
C554I,0.151083,0.299524095,1
C554K,0.012543,0.023710438,0
C554L,0.0957703,0.189404288,0
C554M,0.056457,0.111137037,0
C554N,0.013411,0.025438504,0
C554P,0.00925381,0.017162124,0
C554Q,0.032621,0.063682913,0
C554R,0.0192507,0.037064526,0
C554S,0.0340944,0.066616245,0
C554T,0.0343195,0.067064387,0
C554V,0.103379,0.20455214,1
C554W,0.0310499,0.060555073,0
C554Y,0.0203379,0.039228988,0
S555A,0.0752529,0.14855703,0
S555C,0.00853668,0.015734419,0
S555D,0.0592942,0.116785503,0
S555E,0.0867842,0.171514227,0
S555F,0.0263833,0.051264529,0
S555G,0.0247482,0.048009275,0
S555H,0.0295019,0.057473223,0
S555I,0.0276827,0.053851452,0
S555K,0.0234838,0.045492032,0
S555L,0.0555587,0.109348648,0
S555M,0.0600567,0.118303533,0
S555N,0.0262277,0.050954751,0
S555P,0.00537731,0.009444557,0
S555Q,0.123142,0.243897493,1
S555R,0.0248965,0.048304519,0
S555T,0.0407149,0.079796729,0
S555V,0.0486048,0.095504411,0
S555W,0.0417035,0.081764893,0
S555Y,0.108655,0.215055914,1
N556A,0.0210341,0.040615024,0
N556C,0.0138475,0.026307514,0
N556D,0.0324386,0.06331978,0
N556E,0.0123867,0.023399267,0
N556F,0.0145042,0.027614912,0
N556G,0.00752919,0.013728648,0
N556H,0.0430134,0.08437272,0
N556I,0.0912001,0.180305663,0
N556K,0.0481649,0.094628632,0
N556L,0.0623218,0.122813029,0
N556M,0.0660734,0.130281937,0
N556P,0.00338572,0.005479582,0
N556Q,0.0166669,0.031920543,0
N556R,0.035327,0.069070178,0
N556S,0.0634577,0.125074446,0
N556T,0.0699548,0.138009258,0
N556V,0.0807657,0.15953224,0
N556W,0.0239554,0.046430922,0
N556Y,0.143342,0.284112853,1
G557A,0.0530538,0.104361744,0
G557C,0.00860282,0.015866094,0
G557D,0.032718,0.063876026,0
G557E,0.0374234,0.073243816,0
G557F,0.0238996,0.046319832,0
G557H,0.0359365,0.070283607,0
G557I,0.00976395,0.018177741,0
G557K,0.0398215,0.078018096,0
G557L,0.0157353,0.030065859,0
G557M,0.0173882,0.03335655,0
G557N,0.0779216,0.153870037,0
G557P,0.00756369,0.013797332,0
G557Q,0.115578,0.228838633,1
G557R,0.0449423,0.088212888,0
G557S,0.0233215,0.045168916,0
G557T,0.0135634,0.025741911,0
G557V,0.0367964,0.071995547,0
G557W,0.0264592,0.051415635,0
G557Y,0.0135999,0.025814578,0
S558A,0.0467849,0.091881246,0
S558C,0.00974769,0.018145369,0
S558D,0.00856956,0.015799878,0
S558E,0.0508448,0.099963936,0
S558F,0.0866615,0.171269948,0
S558G,0.00784776,0.014362876,0
S558H,0.0183525,0.035276336,0
S558I,0.0345042,0.067432099,0
S558K,0.0129832,0.024586815,0
S558L,0.0657725,0.129682887,0
S558M,0.0376076,0.073610532,0
S558N,0.0325425,0.06352663,0
S558P,0.00954199,0.017735849,0
S558Q,0.176708,0.350539866,1
S558R,0.0093565,0.017366565,0
S558T,0.106419,0.210604352,1
S558V,0.0600562,0.118302538,0
S558W,0.0149649,0.028532101,0
S558Y,0.0316721,0.061793786,0
L559A,0.0189038,0.036373897,0
L559C,0.0755647,0.14917778,0
L559D,0.00895301,0.016563273,0
L559E,0.0110028,0.020644117,0
L559F,0.0312878,0.061028699,0
L559G,0.00707338,0.012821194,0
L559H,0.0159244,0.03044233,0
L559I,0.0387215,0.07582815,0
L559K,0.0213356,0.041215268,0
L559M,0.0476479,0.093599357,0
L559N,0.0106602,0.019962048,0
L559P,0.00810668,0.014878349,0
L559Q,0.0990364,0.195906634,0
L559R,0.00659483,0.011868468,0
L559S,0.012576,0.023776137,0
L559T,0.0208319,0.040212472,0
L559V,0.130039,0.25762845,1
L559W,0.0354766,0.069368011,0
L559Y,0.0147851,0.028174144,0
Q560A,0.0334911,0.065415159,0
Q560C,0.0220325,0.042602698,0
Q560D,0.0170052,0.032594051,0
Q560E,0.0338743,0.066178057,0
Q560F,0.0109939,0.020626398,0
Q560G,0.0475231,0.093350898,0
Q560H,0.0284291,0.055337429,0
Q560I,0.0143556,0.02731907,0
Q560K,0.0419468,0.082249269,0
Q560L,0.0257615,0.050026613,0
Q560M,0.0925572,0.183007458,0
Q560N,0.0280129,0.054508834,0
Q560P,0.0312459,0.060945282,0
Q560R,0.0564764,0.111175659,0
Q560S,0.06706,0.132246118,0
Q560T,0.0657834,0.129704587,0
Q560V,0.103044,0.203885202,1
Q560W,0.0158894,0.03037265,0
Q560Y,0.012996,0.024612298,0
C561A,0.0674981,0.133118314,0
C561D,0.0112086,0.021053836,0
C561E,0.0119448,0.022519506,0
C561F,0.0962149,0.190289424,0
C561G,0.019518,0.037596682,0
C561H,0.0154088,0.029415843,0
C561I,0.116455,0.230584617,1
C561K,0.0146158,0.027837092,0
C561L,0.0914008,0.180705228,0
C561M,0.0380212,0.074433951,0
C561N,0.0170798,0.032742569,0
C561P,0.00742711,0.013525421,0
C561Q,0.0316826,0.06181469,0
C561R,0.0141484,0.026906564,0
C561S,0.00664059,0.01195957,0
C561T,0.0143058,0.027219925,0
C561V,0.092346,0.182586988,0
C561W,0.0345677,0.067558519,0
C561Y,0.0746306,0.147318118,0
R562A,0.0594685,0.11713251,0
R562C,0.013112,0.024843237,0
R562D,0.0415017,0.081363137,0
R562E,0.0428743,0.084095791,0
R562F,0.0166323,0.031851659,0
R562G,0.0238382,0.046197593,0
R562H,0.0504249,0.099127974,0
R562I,0.0412964,0.080954414,0
R562K,0.0534878,0.105225777,0
R562L,0.0488594,0.096011283,0
R562M,0.0686622,0.135435873,0
R562N,0.0444175,0.087168085,0
R562P,0.00719163,0.013056613,0
R562Q,0.0814209,0.160836651,0
R562S,0.0565937,0.111409187,0
R562T,0.0974745,0.192797111,0
R562V,0.041252,0.08086602,0
R562W,0.0146617,0.027928472,0
R562Y,0.0150757,0.028752688,0
I563A,0.160492,0.318256091,1
I563C,0.0218232,0.042186011,0
I563D,0.0177115,0.034000195,0
I563E,0.0360878,0.070584824,0
I563F,0.0312789,0.06101098,0
I563G,0.008869,0.016396021,0
I563H,0.015703,0.030001554,0
I563K,0.0201255,0.038806129,0
I563L,0.0797337,0.157477673,0
I563M,0.0481196,0.094538446,0
I563N,0.0145455,0.027697134,0
I563P,0.0139401,0.026491868,0
I563Q,0.0167201,0.032026457,0
I563R,0.00622414,0.011130477,0
I563S,0.0106973,0.020035909,0
I563T,0.01963,0.037819659,0
I563V,0.0857346,0.169424621,0
I563W,0.0199266,0.038410147,0
I563Y,0.0145283,0.027662891,0
C564A,0.024737,0.047986977,0
C564D,0.0237759,0.046073562,0
C564E,0.0240915,0.046701878,0
C564F,0.0525506,0.103359943,0
C564G,0.026514,0.051524734,0
C564H,0.0467665,0.091844614,0
C564I,0.0596336,0.1174612,0
C564K,0.0194595,0.037480217,0
C564L,0.0368758,0.072153621,0
C564M,0.0357254,0.069863336,0
C564N,0.118711,0.235075996,1
C564P,0.0159294,0.030452284,0
C564Q,0.0209442,0.040436046,0
C564R,0.0153399,0.029278673,0
C564S,0.0303535,0.059168639,0
C564T,0.0327253,0.063890559,0
C564V,0.0215993,0.041740258,0
C564W,0.0351652,0.068748057,0
C564Y,0.0337788,0.06598793,0
I565A,0.0374276,0.073252177,0
I565C,0.0421035,0.082561237,0
I565D,0.0191113,0.036787,0
I565E,0.0142502,0.027109233,0
I565F,0.0425275,0.083405361,0
I565G,0.00637482,0.011430459,0
I565H,0.0139871,0.026585438,0
I565K,0.0104043,0.019452587,0
I565L,0.244285,0.48507617,1
I565M,0.0534062,0.105063323,0
I565N,0.022231,0.042997884,0
I565P,0.00683824,0.012353063,0
I565Q,0.0170631,0.032709322,0
I565R,0.00586661,0.010418685,0
I565S,0.00994165,0.018531516,0
I565T,0.0389304,0.076244041,0
I565V,0.0655663,0.129272372,0
I565W,0.0366763,0.071756445,0
I565Y,0.0432775,0.084898505,0
