variant,activity,activity_scaled,activity_binary
T31A,0.0515581,0.109759534,0
T31C,0.0528299,0.112477131,0
T31D,0.0183531,0.038806697,0
T31E,0.0226833,0.04805952,0
T31F,0.0875798,0.186731128,0
T31G,0.0425719,0.090557716,0
T31H,0.0294242,0.062463555,0
T31I,0.0805211,0.171648015,0
T31K,0.0552944,0.117743304,0
T31L,0.0215333,0.045602186,0
T31M,0.0651224,0.138743891,0
T31N,0.0466656,0.099305182,0
T31P,0.0301972,0.06411531,0
T31Q,0.0336043,0.071395642,0
T31R,0.120179,0.256389485,1
T31S,0.0454336,0.09667263,0
T31V,0.0337826,0.071776635,0
T31W,0.0322959,0.068599837,0
T31Y,0.0542707,0.11555585,0
E32A,0.0874472,0.186447787,0
E32C,0.0440515,0.093719342,0
E32D,0.0810104,0.172693557,0
E32F,0.0186377,0.039414834,0
E32G,0.0861231,0.183618435,0
E32H,0.0850731,0.181374782,0
E32I,0.00673989,0.013991453,0
E32K,0.0475272,0.101146259,0
E32L,0.00350132,0.007071238,0
E32M,0.0362973,0.077150076,0
E32N,0.054116,0.115225285,0
E32P,0.0259181,0.054971679,0
E32Q,0.0736099,0.156880081,0
E32R,0.0484195,0.103052936,0
E32S,0.0668536,0.142443139,0
E32T,0.0467086,0.099397065,0
E32V,0.0145105,0.030595784,0
E32W,0.0449337,0.095604438,0
E32Y,0.0213151,0.045135934,0
K33A,0.0580094,0.123544748,0
K33C,0.0540937,0.115177634,0
K33D,0.0515091,0.10965483,0
K33E,0.0919432,0.196054893,0
K33F,0.0430719,0.091626121,0
K33G,0.047727,0.101573194,0
K33H,0.0409069,0.086999924,0
K33I,0.0482798,0.102754424,0
K33L,0.034896,0.074155762,0
K33M,0.0437814,0.093142189,0
K33N,0.0958688,0.204443162,0
K33P,0.0255406,0.054165032,0
K33Q,0.0417855,0.088877327,0
K33R,0.0444471,0.094564665,0
K33S,0.0407553,0.086675983,0
K33T,0.0442386,0.09411914,0
K33V,0.0323561,0.068728473,0
K33W,0.0451157,0.095993337,0
K33Y,0.0609686,0.129868002,0
L34A,0.0143654,0.030285733,0
L34C,0.0775869,0.165378182,0
L34D,0.0248643,0.052719906,0
L34E,0.044028,0.093669127,0
L34F,0.0657265,0.140034739,0
L34G,0.0362501,0.077049219,0
L34H,0.0336763,0.071549492,0
L34I,0.0274585,0.058263224,0
L34K,0.033395,0.070948407,0
L34M,0.153314,0.327192744,1
L34N,0.035442,0.075322461,0
L34P,0.0204313,0.04324742,0
L34Q,0.0376463,0.080032635,0
L34R,0.0364214,0.077415254,0
L34S,0.0769231,0.163959766,0
L34T,0.0723627,0.154215049,0
L34V,0.0562819,0.119853406,0
L34W,0.0342388,0.072751449,0
L34Y,0.0467372,0.099458178,0
W35A,0.0213223,0.045151319,0
W35C,0.043976,0.093558013,0
W35D,0.026434,0.05607406,0
W35E,0.0284973,0.060482944,0
W35F,0.087196,0.18591102,0
W35G,0.019632,0.041539466,0
W35H,0.0312071,0.066273276,0
W35I,0.033071,0.07025608,0
W35K,0.0271043,0.057506365,0
W35L,0.035843,0.076179322,0
W35M,0.030432,0.064617034,0
W35N,0.0190361,0.04026614,0
W35P,0.0155154,0.032743066,0
W35Q,0.0364993,0.077581712,0
W35R,0.0408846,0.086952273,0
W35S,0.0158844,0.03353155,0
W35T,0.0275473,0.058452973,0
W35V,0.0565247,0.120372224,0
W35Y,0.0742154,0.158173921,0
V36A,0.0522671,0.111274534,0
V36C,0.14269,0.304491256,1
V36D,0.0228092,0.048328544,0
V36E,0.024537,0.052020528,0
V36F,0.0518416,0.11036532,0
V36G,0.0120872,0.025417648,0
V36H,0.0174564,0.036890618,0
V36I,0.104356,0.222578711,1
V36K,0.031782,0.06750173,0
V36L,0.0184862,0.039091107,0
V36M,0.0356101,0.075681659,0
V36N,0.0142517,0.030042777,0
V36P,0.0147719,0.031154347,0
V36Q,0.0279049,0.059217096,0
V36R,0.0145491,0.030678265,0
V36S,0.00924491,0.019344209,0
V36T,0.104506,0.222899233,1
V36W,0.0240863,0.051057467,0
V36Y,0.013346,0.028107467,0
T37A,0.108545,0.231529816,1
T37C,0.0585869,0.124778757,0
T37D,0.0161468,0.034092249,0
T37E,0.0357143,0.075904315,0
T37F,0.0326503,0.069357123,0
T37G,0.0552333,0.117612745,0
T37H,0.0238656,0.050585872,0
T37I,0.0821885,0.175210935,0
T37K,0.0484521,0.103122596,0
T37L,0.0180887,0.038241724,0
T37M,0.021998,0.046595163,0
T37N,0.040259,0.085615483,0
T37P,0.0117658,0.024730877,0
T37Q,0.0143213,0.030191499,0
T37R,0.00816287,0.017032093,0
T37S,0.0833319,0.177654166,0
T37V,0.0108082,0.022684666,0
T37W,0.0293216,0.062244318,0
T37Y,0.019251,0.040725341,0
V38A,0.0557916,0.118805727,0
V38C,0.0259141,0.054963131,0
V38D,0.0309121,0.065642917,0
V38E,0.0309033,0.065624113,0
V38F,0.0636468,0.135590811,0
V38G,0.0375008,0.079721729,0
V38H,0.0514353,0.109497133,0
V38I,0.229977,0.491007149,1
V38K,0.0336183,0.071425557,0
V38L,0.0361605,0.07685776,0
V38M,0.0401898,0.085467616,0
V38N,0.0313095,0.066492086,0
V38P,0.0109976,0.023089378,0
V38Q,0.0386717,0.082223722,0
V38R,0.0108656,0.022807319,0
V38S,0.0241867,0.051272003,0
V38T,0.010602,0.022244055,0
V38W,0.046546,0.099049619,0
V38Y,0.0233355,0.049453149,0
Y39A,0.016308,0.034436703,0
Y39C,0.0701478,0.149482225,0
Y39D,0.0253289,0.053712669,0
Y39E,0.017856,0.037744488,0
Y39F,0.277761,0.593112566,1
Y39G,0.0197711,0.041836696,0
Y39H,0.0402347,0.085563559,0
Y39I,0.0201117,0.042564495,0
Y39K,0.0130553,0.027486296,0
Y39L,0.0120935,0.02543111,0
Y39M,0.0286942,0.060903682,0
Y39N,0.0344093,0.073115775,0
Y39P,0.023224,0.049214894,0
Y39Q,0.0261477,0.055462291,0
Y39R,0.0120404,0.025317645,0
Y39S,0.0196084,0.041489037,0
Y39T,0.0165571,0.034968983,0
Y39V,0.0247959,0.052573748,0
Y39W,0.033665,0.071525346,0
Y40A,0.0366656,0.077937064,0
Y40C,0.043385,0.092295157,0
Y40D,0.0586802,0.124978121,0
Y40E,0.0193375,0.040910175,0
Y40F,0.1508,0.321820799,1
Y40G,0.0272918,0.057907017,0
Y40H,0.0517027,0.110068517,0
Y40I,0.0124192,0.02612707,0
Y40K,0.0300918,0.06389009,0
Y40L,0.00698559,0.014516467,0
Y40M,0.0256871,0.054478075,0
Y40N,0.0619604,0.131987292,0
Y40P,0.0180478,0.038154329,0
Y40Q,0.0271286,0.057558289,0
Y40R,0.0115581,0.024287061,0
Y40S,0.0139614,0.029422461,0
Y40T,0.010835,0.022741932,0
Y40V,0.0402925,0.085687067,0
Y40W,0.0569942,0.121375457,0
G41A,0.0567929,0.120945316,0
G41C,0.0225052,0.047678954,0
G41D,0.0314762,0.066848293,0
G41E,0.0891405,0.190066051,0
G41F,0.0191684,0.04054884,0
G41H,0.0301042,0.063916587,0
G41I,0.0179598,0.037966289,0
G41K,0.0276875,0.058752554,0
G41L,0.0211611,0.044806865,0
G41M,0.0387035,0.082291673,0
G41N,0.024886,0.052766275,0
G41P,0.0311879,0.06623225,0
G41Q,0.0282551,0.059965408,0
G41R,0.0644442,0.137294705,0
G41S,0.0135831,0.028614105,0
G41T,0.0175732,0.037140198,0
G41V,0.0305836,0.064940974,0
G41W,0.0492541,0.104836319,0
G41Y,0.0265257,0.056270006,0
V42A,0.0315112,0.066923081,0
V42C,0.041751,0.088803607,0
V42D,0.0377668,0.080290121,0
V42E,0.0407341,0.086630683,0
V42F,0.0161377,0.034072804,0
V42G,0.0179862,0.038022701,0
V42H,0.0392208,0.083397045,0
V42I,0.0870813,0.185665928,0
V42K,0.0317217,0.06737288,0
V42L,0.0565967,0.120526074,0
V42M,0.0478699,0.101878545,0
V42N,0.0367881,0.078198823,0
V42P,0.0425111,0.090427797,0
V42Q,0.0320339,0.068039992,0
V42R,0.0162579,0.034329649,0
V42S,0.0158804,0.033523003,0
V42T,0.0269764,0.057233067,0
V42W,0.0463716,0.098676959,0
V42Y,0.0278665,0.059135043,0
P43A,0.0476458,0.101399685,0
P43C,0.030107,0.06392257,0
P43D,0.0263929,0.055986237,0
P43E,0.0374605,0.079635616,0
P43F,0.0235573,0.049927093,0
P43G,0.0172999,0.036556207,0
P43H,0.034204,0.072677088,0
P43I,0.0316924,0.067310271,0
P43K,0.0291452,0.061867384,0
P43L,0.0442688,0.094183672,0
P43M,0.026222,0.055621056,0
P43N,0.0237455,0.050329241,0
P43Q,0.0222602,0.047155435,0
P43R,0.0107035,0.022460942,0
P43S,0.0687373,0.146468252,0
P43T,0.0475473,0.101189209,0
P43V,0.0174536,0.036884635,0
P43W,0.030811,0.065426885,0
P43Y,0.0234546,0.049707643,0
V44A,0.089493,0.190819277,0
V44C,0.0658147,0.140223205,0
V44D,0.0226728,0.048037083,0
V44E,0.0281383,0.059715828,0
V44F,0.0146941,0.030988103,0
V44G,0.0919162,0.195997199,0
V44H,0.0332018,0.070535575,0
V44I,0.0592741,0.126247174,0
V44K,0.115777,0.246983239,1
V44L,0.0590055,0.125673226,0
V44M,0.0729995,0.155575771,0
V44N,0.0289955,0.061547503,0
V44P,0.0206825,0.043784187,0
V44Q,0.0119709,0.025169137,0
V44R,0.0122949,0.025861464,0
V44S,0.0199785,0.042279871,0
V44T,0.00643765,0.013345623,0
V44W,0.0261995,0.055572978,0
V44Y,0.0148242,0.031266102,0
W45A,0.0176477,0.03729939,0
W45C,0.0519538,0.11060507,0
W45D,0.0209576,0.044372024,0
W45E,0.0170681,0.036060894,0
W45F,0.0635227,0.135325633,0
W45G,0.0379739,0.080732655,0
W45H,0.0186024,0.039339404,0
W45I,0.014956,0.031547734,0
W45K,0.015554,0.032825547,0
W45L,0.0311844,0.066224771,0
W45M,0.0282985,0.060058146,0
W45N,0.0242268,0.051357689,0
W45P,0.00954547,0.019986449,0
W45Q,0.0180328,0.038122276,0
W45R,0.0218573,0.046294513,0
W45S,0.0159774,0.033730273,0
W45T,0.0145314,0.030640444,0
W45V,0.0211449,0.044772249,0
W45Y,0.161277,0.344208177,1
K46A,0.029537,0.062704587,0
K46C,0.059157,0.125996953,0
K46D,0.0274548,0.058255317,0
K46E,0.062079,0.132240717,0
K46F,0.0327341,0.069536188,0
K46G,0.0577497,0.122989818,0
K46H,0.173658,0.370664044,1
K46I,0.0363582,0.077280208,0
K46L,0.0252925,0.053634889,0
K46M,0.0481919,0.102566598,0
K46N,0.0316565,0.06723356,0
K46P,0.00173753,0.003302351,0
K46Q,0.0356293,0.075722686,0
K46R,0.0686459,0.146272947,0
K46S,0.0814202,0.173569222,0
K46T,0.0355668,0.075589135,0
K46V,0.0353845,0.075199594,0
K46W,0.0460838,0.098061985,0
K46Y,0.0649764,0.138431916,0
E47A,0.0500126,0.106457091,0
E47C,0.0144519,0.030470567,0
E47D,0.282567,0.603382083,1
E47F,0.0117564,0.024710791,0
E47G,0.0621426,0.132376619,0
E47H,0.0269804,0.057241614,0
E47I,0.0047829,0.009809733,0
E47K,0.067872,0.144619268,0
E47L,0.00510462,0.010497189,0
E47M,0.0197249,0.041737976,0
E47N,0.0314426,0.066776496,0
E47P,0.0996156,0.212449368,0
E47Q,0.0354454,0.075329726,0
E47R,0.0141244,0.029770761,0
E47S,0.0387249,0.0823374,0
E47T,0.0584171,0.124415926,0
E47V,0.026628,0.056488601,0
E47W,0.0128905,0.027134149,0
E47Y,0.0200215,0.042371754,0
A48C,0.0373871,0.079478774,0
A48D,0.0372321,0.079147568,0
A48E,0.138624,0.295802979,1
A48F,0.0614811,0.130963118,0
A48G,0.047599,0.101299682,0
A48H,0.0159394,0.033649075,0
A48I,0.0449602,0.095661063,0
A48K,0.0330915,0.070299885,0
A48L,0.0203534,0.043080962,0
A48M,0.167746,0.358031213,1
A48N,0.0207157,0.043855129,0
A48P,0.00178089,0.003395003,0
A48Q,0.0746162,0.159030355,0
A48R,0.0256505,0.054399868,0
A48S,0.0398442,0.084729134,0
A48T,0.0232629,0.049298016,0
A48V,0.0281397,0.05971882,0
A48W,0.066071,0.14077087,0
A48Y,0.0951329,0.202870682,0
T49A,0.0735137,0.15667452,0
T49C,0.0722272,0.153925511,0
T49D,0.0353312,0.075085702,0
T49E,0.0377998,0.080360636,0
T49F,0.0595333,0.126801036,0
T49G,0.120164,0.256357432,1
T49H,0.00987206,0.020684311,0
T49I,0.032839,0.06976034,0
T49K,0.028405,0.060285716,0
T49L,0.0133132,0.028037379,0
T49M,0.0591121,0.12590101,0
T49N,0.0569169,0.121210281,0
T49P,0.0680794,0.145062443,0
T49Q,0.0270439,0.057377301,0
T49R,0.0349605,0.074293586,0
T49S,0.0419683,0.089267936,0
T49V,0.0254479,0.05396695,0
T49W,0.0359986,0.07651181,0
T49Y,0.104919,0.223781736,1
T50A,0.0323375,0.068688729,0
T50C,0.0392043,0.083361788,0
T50D,0.019535,0.041332195,0
T50E,0.0820641,0.174945116,0
T50F,0.0367543,0.078126599,0
T50G,0.0754062,0.160718436,0
T50H,0.0293493,0.062303507,0
T50I,0.147263,0.314262896,1
T50K,0.00746298,0.01553656,0
T50L,0.0113629,0.023869955,0
T50M,0.0460384,0.097964974,0
T50N,0.0426517,0.090728233,0
T50P,0.0832258,0.17742745,0
T50Q,0.0968756,0.206594504,0
T50R,0.00640659,0.013279253,0
T50S,0.0318726,0.067695325,0
T50V,0.0610512,0.130044502,0
T50W,0.0227344,0.048168711,0
T50Y,0.0312792,0.066427341,0
T51A,0.0206019,0.04361196,0
T51C,0.0168116,0.035512802,0
T51D,0.0517086,0.110081124,0
T51E,0.0636365,0.135568802,0
T51F,0.0410697,0.087347797,0
T51G,0.0273108,0.057947617,0
T51H,0.0316907,0.067306639,0
T51I,0.05385,0.114656893,0
T51K,0.0225551,0.047785581,0
T51L,0.0477194,0.101556954,0
T51M,0.0412406,0.087712978,0
T51N,0.0833639,0.177722544,0
T51P,0.033217,0.070568055,0
T51Q,0.0206909,0.043802136,0
T51R,0.054702,0.116477457,0
T51S,0.0906132,0.193212933,0
T51V,0.0448938,0.095519179,0
T51W,0.0996339,0.212488472,0
T51Y,0.113543,0.242209601,1
L52A,0.024484,0.051907277,0
L52C,0.0764502,0.162949268,0
L52D,0.0155335,0.032781743,0
L52E,0.0254691,0.05401225,0
L52F,0.039835,0.084709475,0
L52G,0.0215556,0.045649837,0
L52H,0.018733,0.039618472,0
L52I,0.035471,0.075384428,0
L52K,0.0146687,0.030933828,0
L52M,0.103888,0.221578683,1
L52N,0.0166461,0.035159159,0
L52P,0.0227638,0.048231533,0
L52Q,0.0237195,0.050273684,0
L52R,0.0207994,0.04403398,0
L52S,0.0229724,0.048677272,0
L52T,0.0441683,0.093968922,0
L52V,0.0518031,0.110283053,0
L52W,0.0348648,0.074089093,0
L52Y,0.0196298,0.041534765,0
F53A,0.0161016,0.033995665,0
F53C,0.0136692,0.028798084,0
F53D,0.0144654,0.030499414,0
F53E,0.0222225,0.047074877,0
F53G,0.0115197,0.024205007,0
F53H,0.0859521,0.18325304,0
F53I,0.129578,0.276473379,1
F53K,0.00987669,0.020694204,0
F53L,0.0811388,0.172967924,0
F53M,0.0708898,0.151067739,0
F53N,0.00903669,0.018899282,0
F53P,0.0142251,0.029985938,0
F53Q,0.0261385,0.055442632,0
F53R,0.0115971,0.024370397,0
F53S,0.0118002,0.024804383,0
F53T,0.0113337,0.02380756,0
F53V,0.0619661,0.131999471,0
F53W,0.0447601,0.095233487,0
F53Y,0.219761,0.46917748,1
C54A,0.0249707,0.052947263,0
C54D,0.0321686,0.068327821,0
C54E,0.0315278,0.066958552,0
C54F,0.0893545,0.190523328,0
C54G,0.0399604,0.084977431,0
C54H,0.034918,0.074202771,0
C54I,0.0229537,0.048637314,0
C54K,0.0315271,0.066957056,0
C54L,0.0170521,0.036026705,0
C54M,0.0255215,0.054124219,0
C54N,0.0301286,0.063968725,0
C54P,0.0340651,0.072380285,0
C54Q,0.0202813,0.042926898,0
C54R,0.0352589,0.074931211,0
C54S,0.0187988,0.039759074,0
C54T,0.0239611,0.050789938,0
C54V,0.0148845,0.031394952,0
C54W,0.0285156,0.060522047,0
C54Y,0.10796,0.230279781,1
A55C,0.127859,0.272800199,1
A55D,0.00549453,0.011330353,0
A55E,0.0365484,0.077686629,0
A55F,0.0624749,0.133086681,0
A55G,0.062566,0.133281345,0
A55H,0.0374079,0.079523219,0
A55I,0.0628049,0.133791829,0
A55K,0.0160465,0.033877927,0
A55L,0.00408448,0.008317341,0
A55M,0.0893984,0.190617134,0
A55N,0.016357,0.034541407,0
A55P,0.0042546,0.008680856,0
A55Q,0.0153527,0.032395407,0
A55R,0.00365599,0.007401739,0
A55S,0.064627,0.137685314,0
A55T,0.088422,0.188530751,0
A55V,0.210761,0.449946173,1
A55W,0.0213734,0.04526051,0
A55Y,0.0203071,0.042982028,0
S56A,0.0253204,0.053694506,0
S56C,0.0323027,0.068614368,0
S56D,0.025194,0.053424413,0
S56E,0.0188999,0.039975106,0
S56F,0.0311135,0.066073271,0
S56G,0.0150947,0.03184411,0
S56H,0.102074,0.217702506,1
S56I,0.0246713,0.052307502,0
S56K,0.0207882,0.044010048,0
S56L,0.0265256,0.056269792,0
S56M,0.119968,0.255938617,1
S56N,0.013569,0.028583976,0
S56P,0.0155676,0.032854608,0
S56Q,0.023637,0.050097397,0
S56R,0.0146518,0.030897716,0
S56T,0.0813736,0.173469647,0
S56V,0.176629,0.377012512,1
S56W,0.119081,0.254043265,1
S56Y,0.0417495,0.088800401,0
D57A,0.0713159,0.151978235,0
D57C,0.0453734,0.096543994,0
D57E,0.0446891,0.095081774,0
D57F,0.0735895,0.15683649,0
D57G,0.0357312,0.075940427,0
D57H,0.0334058,0.070971485,0
D57I,0.0407251,0.086611451,0
D57K,0.0971597,0.207201572,0
D57L,0.0375688,0.079867032,0
D57M,0.0450069,0.095760852,0
D57N,0.0704605,0.150150406,0
D57P,0.033035,0.070179155,0
D57Q,0.0575888,0.122646005,0
D57R,0.0493177,0.104972221,0
D57S,0.0290254,0.061611394,0
D57T,0.0269679,0.057214904,0
D57V,0.0412359,0.087702935,0
D57W,0.0468308,0.099658183,0
D57Y,0.0588332,0.125305054,0
A58C,0.0595145,0.126760864,0
A58D,0.0604907,0.128846819,0
A58E,0.0582248,0.124005017,0
A58F,0.0424728,0.090345957,0
A58G,0.0479319,0.102011027,0
A58H,0.0455865,0.096999348,0
A58I,0.0555418,0.118271951,0
A58K,0.066813,0.142356385,0
A58L,0.0413674,0.087983926,0
A58M,0.049366,0.105075429,0
A58N,0.0473183,0.100699879,0
A58P,0.0506348,0.107786616,0
A58Q,0.0891179,0.190017759,0
A58R,0.0263388,0.055870635,0
A58S,0.0564463,0.120204698,0
A58T,0.050051,0.106539145,0
A58V,0.0446268,0.09494865,0
A58W,0.0431818,0.091860957,0
A58Y,0.019382,0.041005263,0
K59A,0.0471557,0.100352434,0
K59C,0.0531241,0.113105781,0
K59D,0.0507567,0.108047093,0
K59E,0.069109,0.147262505,0
K59F,0.0467787,0.099546856,0
K59G,0.047054,0.10013512,0
K59H,0.0466036,0.0991727,0
K59I,0.0486335,0.103510214,0
K59L,0.0390085,0.0829434,0
K59M,0.0420517,0.089446146,0
K59N,0.0369893,0.07862875,0
K59P,0.0426329,0.090688061,0
K59Q,0.0584256,0.124434089,0
K59R,0.0604646,0.128791048,0
K59S,0.0414004,0.08805444,0
K59T,0.0547025,0.116478525,0
K59V,0.0581839,0.123917622,0
K59W,0.0464609,0.098867777,0
K59Y,0.0517116,0.110087535,0
A60C,0.0293407,0.062285131,0
A60D,0.0541916,0.115386828,0
A60E,0.0708593,0.151002566,0
A60F,0.0299755,0.063641579,0
A60G,0.0338334,0.071885185,0
A60H,0.0554106,0.117991602,0
A60I,0.0042349,0.008638761,0
A60K,0.140023,0.298792378,1
A60L,0.0198713,0.042050805,0
A60M,0.0309794,0.065786724,0
A60N,0.0178961,0.037830174,0
A60P,0.0208278,0.044094665,0
A60Q,0.083476,0.17796208,0
A60R,0.113349,0.24179506,1
A60S,0.0359461,0.076399628,0
A60T,0.0611932,0.13034793,0
A60V,0.0600587,0.127923717,0
A60W,0.0511513,0.108890279,0
A60Y,0.0590993,0.125873659,0
Y61A,0.0355427,0.075537638,0
Y61C,0.0482073,0.102599505,0
Y61D,0.0531302,0.113118816,0
Y61E,0.0336145,0.071417437,0
Y61F,0.0468197,0.099634465,0
Y61G,0.0524311,0.111624971,0
Y61H,0.0902924,0.192527444,0
Y61I,0.028062,0.05955279,0
Y61K,0.0304691,0.064696309,0
Y61L,0.0432289,0.091961601,0
Y61M,0.082036,0.174885071,0
Y61N,0.044581,0.094850784,0
Y61P,0.0422369,0.089841884,0
Y61Q,0.0639081,0.13614916,0
Y61R,0.0220934,0.046799015,0
Y61S,0.0858011,0.182930381,0
Y61T,0.0584684,0.124525545,0
Y61V,0.0519219,0.110536906,0
Y61W,0.0456067,0.097042512,0
D62A,0.0402516,0.085599671,0
D62C,0.0404461,0.086015281,0
D62E,0.0875566,0.186681554,0
D62F,0.0457948,0.097444446,0
D62G,0.092566,0.1973857,0
D62H,0.0469407,0.099893019,0
D62I,0.0178068,0.037639357,0
D62K,0.0488921,0.104062794,0
D62L,0.0151138,0.031884923,0
D62M,0.0400125,0.085088759,0
D62N,0.107136,0.228519048,1
D62P,0.099041,0.211221556,0
D62Q,0.0324151,0.068854545,0
D62R,0.0363104,0.077178068,0
D62S,0.0349728,0.074319869,0
D62T,0.035251,0.07491433,0
D62V,0.039432,0.08384834,0
D62W,0.0454991,0.096812591,0
D62Y,0.045186,0.096143555,0
T63A,0.0644954,0.13740411,0
T63C,0.0402525,0.085601594,0
T63D,0.0285304,0.060553672,0
T63E,0.025204,0.053445781,0
T63F,0.0352945,0.075007281,0
T63G,0.0401658,0.085416333,0
T63H,0.0742509,0.158249777,0
T63I,0.0289681,0.061488955,0
T63K,0.201567,0.430300325,1
T63L,0.0213126,0.045130592,0
T63M,0.0486364,0.103516411,0
T63N,0.0226209,0.047926183,0
T63P,0.0375682,0.07986575,0
T63Q,0.0448558,0.09543798,0
T63R,0.0794381,0.169333848,0
T63S,0.0265092,0.056234748,0
T63V,0.039706,0.084433827,0
T63W,0.037206,0.079091797,0
T63Y,0.0372408,0.079166158,0
E64A,0.0812625,0.173232247,0
E64C,0.0274009,0.058140143,0
E64D,0.0673682,0.143542743,0
E64F,0.0168366,0.035566222,0
E64G,0.155035,0.330870198,1
E64H,0.0225649,0.047806521,0
E64I,0.0259341,0.055005868,0
E64K,0.0477883,0.101704181,0
E64L,0.0143857,0.03032911,0
E64M,0.057114,0.121631447,0
E64N,0.170599,0.364127537,1
E64P,0.0330643,0.070241763,0
E64Q,0.0531073,0.113069883,0
E64R,0.0463081,0.098541272,0
E64S,0.0942632,0.201012297,0
E64T,0.0175686,0.037130368,0
E64V,0.0237518,0.050342703,0
E64W,0.0256084,0.054309908,0
E64Y,0.0124364,0.026163823,0
V65A,0.0274527,0.05825083,0
V65C,0.0217413,0.046046643,0
V65D,0.090307,0.192558642,0
V65E,0.0407263,0.086614016,0
V65F,0.0860458,0.183453259,0
V65G,0.0194286,0.041104838,0
V65H,0.104438,0.22275393,1
V65I,0.0113883,0.02392423,0
V65K,0.105423,0.224858689,1
V65L,0.0352415,0.07489403,0
V65M,0.030058,0.063817866,0
V65N,0.0765444,0.163150555,0
V65P,0.0311027,0.066050193,0
V65Q,0.0185701,0.039270385,0
V65R,0.0721013,0.153656487,0
V65S,0.0271403,0.05758329,0
V65T,0.0186885,0.039523384,0
V65W,0.0443475,0.094351839,0
V65Y,0.121986,0.260250704,1
H66A,0.0606965,0.129286575,0
H66C,0.0185263,0.039176793,0
H66D,0.039223,0.083401746,0
H66E,0.0297319,0.063121052,0
H66F,0.0577789,0.123052213,0
H66G,0.0771859,0.16452132,0
H66I,0.106334,0.226805325,1
H66K,0.0284449,0.060370975,0
H66L,0.0577419,0.122973151,0
H66M,0.0360179,0.076553051,0
H66N,0.0622267,0.132556325,0
H66P,0.0268391,0.056939682,0
H66Q,0.118973,0.25381249,1
H66R,0.00760543,0.015840949,0
H66S,0.0525658,0.111912799,0
H66T,0.0151675,0.03199967,0
H66V,0.0207541,0.043937182,0
H66W,0.0879832,0.187593118,0
H66Y,0.0818822,0.174556429,0
N67A,0.0334113,0.070983237,0
N67C,0.0236908,0.050212358,0
N67D,0.039717,0.084457331,0
N67E,0.0249609,0.052926322,0
N67F,0.0837276,0.178499702,0
N67G,0.033458,0.071083026,0
N67H,0.0389917,0.082907502,0
N67I,0.0804322,0.171458052,0
N67K,0.0822797,0.175405812,0
N67L,0.0559525,0.11914954,0
N67M,0.0400137,0.085091324,0
N67P,0.0168467,0.035587804,0
N67Q,0.0583121,0.124191561,0
N67R,0.0551936,0.117527913,0
N67S,0.0495211,0.105406848,0
N67T,0.0960203,0.204766889,0
N67V,0.0371271,0.078923202,0
N67W,0.0238577,0.050568992,0
N67Y,0.0573901,0.122221421,0
V68A,0.0490739,0.104451266,0
V68C,0.0178903,0.037817781,0
V68D,0.0235193,0.049845895,0
V68E,0.0222987,0.047237702,0
V68F,0.193067,0.412137425,1
V68G,0.0647068,0.137855832,0
V68H,0.112974,0.240993755,1
V68I,0.0298722,0.063420846,0
V68K,0.0171852,0.036311115,0
V68L,0.0664,0.141473881,0
V68M,0.0440824,0.09378537,0
V68N,0.0401947,0.085478086,0
V68P,0.0088549,0.018510831,0
V68Q,0.0351748,0.074751505,0
V68R,0.0357606,0.076003249,0
V68S,0.0411012,0.087415106,0
V68T,0.0455253,0.096868576,0
V68W,0.0522478,0.111233293,0
V68Y,0.0635071,0.135292298,0
W69A,0.0227513,0.048204823,0
W69C,0.0362325,0.077011611,0
W69D,0.035666,0.075801107,0
W69E,0.0152305,0.032134289,0
W69F,0.0634968,0.135270289,0
W69G,0.0441798,0.093993495,0
W69H,0.0803789,0.17134416,0
W69I,0.121758,0.25976351,1
W69K,0.00360652,0.007296031,0
W69L,0.193942,0.414007135,1
W69M,0.0832355,0.177448177,0
W69N,0.0101705,0.021322021,0
W69P,0.0193004,0.040830899,0
W69Q,0.0259793,0.055102452,0
W69R,0.0210428,0.04455408,0
W69S,0.00676958,0.014054895,0
W69T,0.00450608,0.009218221,0
W69V,0.0654475,0.139438568,0
W69Y,0.0701166,0.149415556,0
A70C,0.0403756,0.085864636,0
A70D,0.0471667,0.100375938,0
A70E,0.0639288,0.136193392,0
A70F,0.0299127,0.063507387,0
A70G,0.0230912,0.048931125,0
A70H,0.0410656,0.087339036,0
A70I,0.154487,0.329699225,1
A70K,0.0323227,0.068657104,0
A70L,0.0356713,0.075812432,0
A70M,0.0308066,0.065417483,0
A70N,0.0989356,0.210996336,0
A70P,0.00847004,0.017688458,0
A70Q,0.0687308,0.146454362,0
A70R,0.0516441,0.1099433,0
A70S,0.0377984,0.080357644,0
A70T,0.0346091,0.07354271,0
A70V,0.0538584,0.114674842,0
A70W,0.0457246,0.097294442,0
A70Y,0.0621339,0.132358028,0
T71A,0.0459323,0.097738258,0
T71C,0.0261783,0.055527677,0
T71D,0.0438526,0.09329433,0
T71E,0.0858547,0.183044914,0
T71F,0.028238,0.059928868,0
T71G,0.0377764,0.080310634,0
T71H,0.0434869,0.092512898,0
T71I,0.070282,0.149768985,0
T71K,0.0812389,0.173181818,0
T71L,0.0819293,0.174657073,0
T71M,0.0268191,0.056896946,0
T71N,0.070014,0.149196319,0
T71P,0.0162923,0.034403155,0
T71Q,0.0674069,0.143625437,0
T71R,0.113593,0.242316442,1
T71S,0.0228866,0.048493934,0
T71V,0.0189825,0.040151607,0
T71W,0.0414706,0.088204445,0
T71Y,0.0273978,0.058133519,0
H72A,0.0580516,0.123634922,0
H72C,0.0713212,0.15198956,0
H72D,0.0243238,0.05156496,0
H72E,0.0245311,0.052007921,0
H72F,0.0311553,0.06616259,0
H72G,0.0271516,0.057607436,0
H72I,0.0618395,0.131728951,0
H72K,0.0436834,0.092932782,0
H72L,0.227858,0.486479245,1
H72M,0.0774036,0.164986504,0
H72N,0.0443806,0.094422567,0
H72P,0.0335137,0.071202047,0
H72Q,0.0251546,0.053340223,0
H72R,0.0573019,0.122032954,0
H72S,0.014739,0.031084046,0
H72T,0.0149305,0.031493245,0
H72V,0.0189044,0.039984722,0
H72W,0.054108,0.11520819,0
H72Y,0.0561792,0.119633955,0
A73C,0.0244874,0.051914542,0
A73D,0.0471241,0.10028491,0
A73E,0.0561333,0.119535875,0
A73F,0.141089,0.30107022,1
A73G,0.0565291,0.120381626,0
A73H,0.0230303,0.048800994,0
A73I,0.118324,0.252425699,1
A73K,0.00730338,0.015195525,0
A73L,0.0519574,0.110612763,0
A73M,0.048965,0.104218567,0
A73N,0.0201408,0.042626676,0
A73P,0.00846056,0.017668201,0
A73Q,0.040971,0.087136893,0
A73R,0.0136806,0.028822444,0
A73S,0.0452812,0.09634698,0
A73T,0.0433475,0.092215027,0
A73V,0.163608,0.349189085,1
A73W,0.0389785,0.082879296,0
A73Y,0.010294,0.021585917,0
C74A,0.0250651,0.053148978,0
C74D,0.0165706,0.03499783,0
C74E,0.0185875,0.039307566,0
C74F,0.0443157,0.094283888,0
C74G,0.0486483,0.103541839,0
C74H,0.0249102,0.052817986,0
C74I,0.0104993,0.022024605,0
C74K,0.0199118,0.042137346,0
C74L,0.0229246,0.048575133,0
C74M,0.0193575,0.040952911,0
C74N,0.0151163,0.031890265,0
C74P,0.0245209,0.051986125,0
C74Q,0.0377976,0.080355935,0
C74R,0.0273137,0.057953813,0
C74S,0.0253658,0.053791518,0
C74T,0.0218901,0.046364601,0
C74V,0.0153024,0.032287925,0
C74W,0.0249568,0.052917562,0
C74Y,0.116852,0.249280312,1
V75A,0.0394712,0.083932103,0
V75C,0.0597326,0.127226902,0
V75D,0.0176261,0.037253235,0
V75E,0.0135414,0.028525,0
V75F,0.119628,0.255212101,1
V75G,0.0149982,0.031637907,0
V75H,0.011573,0.024318899,0
V75I,0.0706462,0.150547212,0
V75K,0.00853607,0.017829551,0
V75L,0.0587374,0.125100347,0
V75M,0.0542907,0.115598586,0
V75N,0.0113883,0.02392423,0
V75P,0.0639185,0.136171383,0
V75Q,0.0220337,0.046671447,0
V75R,0.00671139,0.013930554,0
V75S,0.0895051,0.190845132,0
V75T,0.174319,0.372076477,1
V75W,0.0454437,0.096694212,0
V75Y,0.035916,0.07633531,0
P76A,0.141679,0.302330939,1
P76C,0.00866686,0.018109025,0
P76D,0.0244022,0.051732486,0
P76E,0.0136903,0.028843171,0
P76F,0.0577162,0.122918235,0
P76G,0.0582418,0.124041343,0
P76H,0.0348298,0.074014305,0
P76I,0.0281333,0.059705144,0
P76K,0.0185751,0.039281069,0
P76L,0.105812,0.225689909,1
P76M,0.0770091,0.164143532,0
P76N,0.0114638,0.02408556,0
P76Q,0.0446579,0.095015105,0
P76R,0.0110337,0.023166517,0
P76S,0.0562784,0.119845927,0
P76T,0.0379373,0.080654447,0
P76V,0.0858786,0.183095984,0
P76W,0.0273604,0.058053602,0
P76Y,0.0821097,0.175042554,0
T77A,0.0493395,0.105018803,0
T77C,0.0232844,0.049343957,0
T77D,0.0141872,0.029904953,0
T77E,0.00881848,0.018433008,0
T77F,0.0752916,0.160473557,0
T77G,0.0616576,0.131340265,0
T77H,0.158202,0.337637481,1
T77I,0.109333,0.233213624,1
T77K,0.0385222,0.081904269,0
T77L,0.0601666,0.128154279,0
T77M,0.0709879,0.15127736,0
T77N,0.0539087,0.114782324,0
T77P,0.000797486,0.001293654,0
T77Q,0.0548039,0.116695198,0
T77R,0.0125767,0.026463617,0
T77S,0.0150744,0.031800732,0
T77V,0.0952428,0.203105518,0
T77W,0.0303641,0.064471944,0
T77Y,0.0497244,0.105841262,0
D78A,0.0459935,0.097869031,0
D78C,0.0230638,0.048872577,0
D78E,0.0725043,0.154517622,0
D78F,0.0429153,0.091291497,0
D78G,0.0282419,0.059937202,0
D78H,0.0171945,0.036330987,0
D78I,0.0403419,0.085792625,0
D78K,0.0807568,0.172151661,0
D78L,0.0479922,0.102139877,0
D78M,0.0404952,0.086120198,0
D78N,0.0539832,0.114941516,0
D78P,0.0102866,0.021570105,0
D78Q,0.0252584,0.053562024,0
D78R,0.0575282,0.122516514,0
D78S,0.109553,0.233683722,1
D78T,0.0870049,0.185502675,0
D78V,0.0281483,0.059737196,0
D78W,0.0254925,0.054062252,0
D78Y,0.126701,0.270325771,1
P79A,0.12081,0.257737813,1
P79C,0.0303505,0.064442883,0
P79D,0.0461336,0.098168398,0
P79E,0.0391879,0.083326744,0
P79F,0.0661463,0.140931772,0
P79G,0.00637754,0.013217179,0
P79H,0.0331213,0.070363562,0
P79I,0.0648372,0.138134472,0
P79K,0.0277019,0.058783324,0
P79L,0.0645572,0.137536165,0
P79M,0.0492621,0.104853414,0
P79N,0.0544368,0.115910774,0
P79Q,0.0308207,0.065447612,0
P79R,0.0191383,0.040484522,0
P79S,0.0608174,0.129544916,0
P79T,0.0837742,0.178599277,0
P79V,0.0373087,0.079311248,0
P79W,0.0485731,0.103381151,0
P79Y,0.0649852,0.13845072,0
N80A,0.0331851,0.07049989,0
N80C,0.0236236,0.050068764,0
N80D,0.0596049,0.126954031,0
N80E,0.0329151,0.069922951,0
N80F,0.0169424,0.035792297,0
N80G,0.0334844,0.071139438,0
N80H,0.0450431,0.095838205,0
N80I,0.179675,0.383521241,1
N80K,0.0842843,0.179689265,0
N80L,0.0522942,0.111332441,0
N80M,0.0235441,0.049898887,0
N80P,0.00539194,0.011111137,0
N80Q,0.055828,0.118883507,0
N80R,0.0811343,0.172958308,0
N80S,0.0327549,0.069580634,0
N80T,0.0471428,0.100324869,0
N80V,0.102024,0.217595666,1
N80W,0.0210555,0.044581218,0
N80Y,0.0246606,0.052284638,0
P81A,0.0683307,0.145599424,0
P81C,0.0245636,0.052077367,0
P81D,0.0594655,0.12665616,0
P81E,0.186629,0.39838063,1
P81F,0.0210837,0.044641476,0
P81G,0.0570119,0.121413278,0
P81H,0.0317756,0.067488054,0
P81I,0.0423384,0.09005877,0
P81K,0.0147177,0.031038532,0
P81L,0.0300216,0.063740086,0
P81M,0.0486245,0.103490983,0
P81N,0.0448055,0.095330498,0
P81Q,0.0750857,0.160033588,0
P81R,0.0193787,0.040998211,0
P81S,0.0739649,0.157638649,0
P81T,0.0829558,0.176850511,0
P81V,0.0460989,0.098094251,0
P81W,0.0260456,0.055244122,0
P81Y,0.0333446,0.070840712,0
Q82A,0.0257488,0.054609916,0
Q82C,0.0415784,0.088434793,0
Q82D,0.039136,0.083215844,0
Q82E,0.0346627,0.073657243,0
Q82F,0.137384,0.293153332,1
Q82G,0.028887,0.061315659,0
Q82H,0.0792544,0.168941315,0
Q82I,0.0241535,0.051201061,0
Q82K,0.0600736,0.127955555,0
Q82L,0.0211289,0.04473806,0
Q82M,0.0553375,0.117835401,0
Q82N,0.0250543,0.053125901,0
Q82P,0.0344993,0.073308088,0
Q82R,0.0289281,0.061403482,0
Q82S,0.0264612,0.056132181,0
Q82T,0.0280822,0.059595953,0
Q82V,0.035195,0.074794668,0
Q82W,0.0952436,0.203107227,0
Q82Y,0.136693,0.291676795,1
E83A,0.0706073,0.15046409,0
E83C,0.02094,0.044334416,0
E83D,0.0687441,0.146482782,0
E83F,0.00965584,0.020222289,0
E83G,0.0806974,0.172024735,0
E83H,0.0524466,0.111658091,0
E83I,0.012735,0.026801875,0
E83K,0.0415665,0.088409365,0
E83L,0.00978276,0.020493493,0
E83M,0.0355446,0.075541698,0
E83N,0.0755205,0.160962674,0
E83P,0.0988095,0.210726884,0
E83Q,0.0500964,0.106636156,0
E83R,0.00760163,0.015832829,0
E83S,0.0477489,0.10161999,0
E83T,0.0658774,0.140357184,0
E83V,0.0456518,0.097138882,0
E83W,0.0277751,0.058939738,0
E83Y,0.0342145,0.072699524,0
V84A,0.0474748,0.10103429,0
V84C,0.0457323,0.097310896,0
V84D,0.0160061,0.0337916,0
V84E,0.0526024,0.111991007,0
V84F,0.0408092,0.086791157,0
V84G,0.0159653,0.033704418,0
V84H,0.0376244,0.079985839,0
V84I,0.174186,0.371792281,1
V84K,0.0590275,0.125720236,0
V84L,0.0805761,0.17176554,0
V84M,0.0590773,0.125826649,0
V84N,0.0166364,0.035138432,0
V84P,0.0092988,0.019459362,0
V84Q,0.0291515,0.061880846,0
V84R,0.0385049,0.081867302,0
V84S,0.0354557,0.075351735,0
V84T,0.0186389,0.039417398,0
V84W,0.0420491,0.08944059,0
V84Y,0.135281,0.288659617,1
V85A,0.0799755,0.17048217,0
V85C,0.0221091,0.046832562,0
V85D,0.0405645,0.086268279,0
V85E,0.0390993,0.083137423,0
V85F,0.0220879,0.046787262,0
V85G,0.0207944,0.044023296,0
V85H,0.0362934,0.077141742,0
V85I,0.0365786,0.077751161,0
V85K,0.035735,0.075948547,0
V85L,0.0912755,0.194628144,0
V85M,0.0569538,0.12128913,0
V85N,0.0203847,0.043147844,0
V85P,0.0448369,0.095397594,0
V85Q,0.0791597,0.168738959,0
V85R,0.0954659,0.20358224,0
V85S,0.0489986,0.104290364,0
V85T,0.128041,0.273189099,1
V85W,0.0430626,0.091606249,0
V85Y,0.0249432,0.052888501,0
L86A,0.0383323,0.081498488,0
L86C,0.0282636,0.059983571,0
L86D,0.0237285,0.050292916,0
L86E,0.0406709,0.086495636,0
L86F,0.0434238,0.092378066,0
L86G,0.0182535,0.038593871,0
L86H,0.0242283,0.051360894,0
L86I,0.0916617,0.195453381,0
L86K,0.0153984,0.032493059,0
L86M,0.206852,0.441593376,1
L86N,0.042116,0.089583543,0
L86P,0.0164198,0.034675599,0
L86Q,0.0181452,0.038362454,0
L86R,0.00958418,0.020069165,0
L86S,0.0240128,0.050900411,0
L86T,0.0684862,0.145931698,0
L86V,0.107201,0.228657941,1
L86W,0.0290037,0.061565025,0
L86Y,0.0170937,0.036115596,0
V87A,0.0611363,0.130226345,0
V87C,0.0427066,0.090845544,0
V87D,0.0787112,0.167780599,0
V87E,0.047076,0.10018213,0
V87F,0.0643082,0.137004098,0
V87G,0.0373565,0.079413387,0
V87H,0.0633775,0.135015368,0
V87I,0.0492989,0.104932049,0
V87K,0.0284029,0.060281229,0
V87L,0.0633801,0.135020923,0
V87M,0.0350108,0.074401068,0
V87N,0.0425741,0.090562417,0
V87P,0.0350939,0.074578637,0
V87Q,0.0310439,0.065924549,0
V87R,0.0784082,0.167133145,0
V87S,0.0338997,0.072026856,0
V87T,0.0507859,0.108109488,0
V87W,0.0417044,0.088704031,0
V87Y,0.0450276,0.095805084,0
N88A,0.0564154,0.12013867,0
N88C,0.0630116,0.134233508,0
N88D,0.0611525,0.130260961,0
N88E,0.030356,0.064454636,0
N88F,0.0281902,0.059826729,0
N88G,0.0623424,0.132803554,0
N88H,0.0371464,0.078964443,0
N88I,0.0395499,0.08410027,0
N88K,0.0846507,0.180472193,0
N88L,0.0183177,0.038731054,0
N88M,0.0385605,0.081986109,0
N88P,0.0165782,0.03501407,0
N88Q,0.0364473,0.077470598,0
N88R,0.0430214,0.091518212,0
N88S,0.0649477,0.13837059,0
N88T,0.0610853,0.130117368,0
N88V,0.0258451,0.054815691,0
N88W,0.039265,0.083491492,0
N88Y,0.0772307,0.164617049,0
V89A,0.0383283,0.081489941,0
V89C,0.044732,0.095173443,0
V89D,0.034687,0.073709168,0
V89E,0.0267726,0.056797584,0
V89F,0.0475739,0.101246048,0
V89G,0.0171612,0.036259831,0
V89H,0.0395174,0.084030824,0
V89I,0.0713936,0.152144265,0
V89K,0.0324839,0.069001558,0
V89L,0.0668869,0.142514295,0
V89M,0.0427687,0.09097824,0
V89N,0.032494,0.06902314,0
V89P,0.0159455,0.033662109,0
V89Q,0.0339821,0.072202929,0
V89R,0.0345278,0.073368988,0
V89S,0.0216802,0.045916084,0
V89T,0.079811,0.170130665,0
V89W,0.0676153,0.144070749,0
V89Y,0.0734585,0.156556568,0
T90A,0.047384,0.100840268,0
T90C,0.0319003,0.067754514,0
T90D,0.0255476,0.05417999,0
T90E,0.0579244,0.123363119,0
T90F,0.0371862,0.079049488,0
T90G,0.0241227,0.051135247,0
T90H,0.0558746,0.118983082,0
T90I,0.0407471,0.086658461,0
T90K,0.0681522,0.145218003,0
T90L,0.0385155,0.081889952,0
T90M,0.0501842,0.106823768,0
T90N,0.0389659,0.082852372,0
T90P,0.00995781,0.020867542,0
T90Q,0.0291881,0.061959053,0
T90R,0.0743002,0.158355122,0
T90S,0.0550349,0.117188801,0
T90V,0.0802647,0.171100136,0
T90W,0.0474581,0.100998605,0
T90Y,0.0863783,0.184163749,0
E91A,0.0178566,0.03774577,0
E91C,0.0478792,0.101898417,0
E91D,0.0625769,0.133304636,0
E91F,0.0270562,0.057403584,0
E91G,0.0507961,0.108131283,0
E91H,0.0369479,0.078540286,0
E91I,0.0351426,0.074682699,0
E91K,0.139354,0.297362851,1
E91L,0.0260943,0.055348185,0
E91M,0.0663519,0.141371101,0
E91N,0.0537751,0.114496846,0
E91P,0.0205895,0.043585463,0
E91Q,0.0313426,0.066562814,0
E91R,0.0227134,0.048123838,0
E91S,0.0352615,0.074936766,0
E91T,0.0314472,0.066786325,0
E91V,0.0344593,0.073222616,0
E91W,0.0374478,0.079608478,0
E91Y,0.0421607,0.089679058,0
N92A,0.0331199,0.07036057,0
N92C,0.0316971,0.067320314,0
N92D,0.0563351,0.119967084,0
N92E,0.0836902,0.178419785,0
N92F,0.0276666,0.058707894,0
N92G,0.0254873,0.05405114,0
N92H,0.094898,0.202368745,0
N92I,0.0476718,0.101455242,0
N92K,0.0863249,0.184049643,0
N92L,0.0234632,0.049726019,0
N92M,0.0324365,0.068900273,0
N92P,0.0442267,0.094093712,0
N92Q,0.0450414,0.095834572,0
N92R,0.0538793,0.114719502,0
N92S,0.0596147,0.126974972,0
N92T,0.0690343,0.147102885,0
N92V,0.0302998,0.064334547,0
N92W,0.0533037,0.113489553,0
N92Y,0.0325046,0.06904579,0
F93A,0.0272039,0.057719191,0
F93C,0.045191,0.096154239,0
F93D,0.0383761,0.08159208,0
F93E,0.0464762,0.09890047,0
F93G,0.0328202,0.069720168,0
F93H,0.0413826,0.088016405,0
F93I,0.052489,0.111748692,0
F93K,0.0452201,0.096216421,0
F93L,0.053243,0.113359848,0
F93M,0.0551395,0.117412312,0
F93N,0.022978,0.048689238,0
F93P,0.0233019,0.049381352,0
F93Q,0.0171358,0.036205556,0
F93R,0.0272363,0.057788424,0
F93S,0.0786457,0.167640638,0
F93T,0.0217256,0.046013095,0
F93V,0.0267199,0.056684974,0
F93W,0.0401901,0.085468257,0
F93Y,0.0742134,0.158169647,0
N94A,0.0401099,0.085296885,0
N94C,0.0492371,0.104799994,0
N94D,0.0842111,0.17953285,0
N94E,0.0740535,0.157827971,0
N94F,0.0340198,0.072283487,0
N94G,0.0410874,0.087385618,0
N94H,0.0374108,0.079529416,0
N94I,0.0317743,0.067485276,0
N94K,0.06541,0.139358438,0
N94L,0.0321015,0.068184441,0
N94M,0.0191731,0.040558883,0
N94P,0.03264,0.069335114,0
N94Q,0.0665495,0.141793335,0
N94R,0.038139,0.081085442,0
N94S,0.0507375,0.108006066,0
N94T,0.0416887,0.088670483,0
N94V,0.0453243,0.096439076,0
N94W,0.0478337,0.101801192,0
N94Y,0.0824926,0.175860739,0
M95A,0.0782949,0.166891044,0
M95C,0.0574897,0.122434247,0
M95D,0.0460525,0.097995103,0
M95E,0.0376164,0.079968745,0
M95F,0.0523607,0.111474539,0
M95G,0.0905067,0.192985363,0
M95H,0.0125376,0.026380068,0
M95I,0.127296,0.271597174,1
M95K,0.0222961,0.047232146,0
M95L,0.0271155,0.057530297,0
M95N,0.0115312,0.024229581,0
M95P,0.0286888,0.060892143,0
M95Q,0.0324251,0.068875913,0
M95R,0.0241346,0.051160675,0
M95S,0.0490666,0.104435667,0
M95T,0.0661336,0.140904635,0
M95V,0.0782506,0.166796384,0
M95W,0.0521498,0.111023886,0
M95Y,0.016984,0.035881188,0
W96A,0.0644978,0.137409238,0
W96C,0.0467454,0.0994757,0
W96D,0.0315224,0.066947013,0
W96E,0.0802733,0.171118513,0
W96F,0.0334294,0.071021913,0
W96G,0.0408042,0.086780473,0
W96H,0.0490773,0.104458531,0
W96I,0.0532238,0.113318821,0
W96K,0.0378826,0.080537564,0
W96L,0.0473474,0.10076206,0
W96M,0.0307441,0.065283933,0
W96N,0.0641447,0.13665473,0
W96P,0.0227977,0.048303971,0
W96Q,0.0673953,0.14360065,0
W96R,0.0559314,0.119104453,0
W96S,0.0363092,0.077175504,0
W96T,0.0400595,0.085189189,0
W96V,0.0117506,0.024698397,0
W96Y,0.020985,0.044430572,0
K97A,0.0246179,0.052193396,0
K97C,0.0405312,0.086197124,0
K97D,0.0729883,0.155551839,0
K97E,0.0151013,0.031858213,0
K97F,0.0499284,0.106277172,0
K97G,0.03642,0.077412263,0
K97H,0.071549,0.152476325,0
K97I,0.0328481,0.069779785,0
K97L,0.030052,0.063805045,0
K97M,0.0567431,0.120838903,0
K97N,0.069805,0.148749726,0
K97P,0.0268262,0.056912118,0
K97Q,0.0615057,0.131015683,0
K97R,0.0431149,0.091718004,0
K97S,0.0325066,0.069050063,0
K97T,0.0778011,0.165835887,0
K97V,0.082807,0.176532553,0
K97W,0.0306058,0.064988412,0
K97Y,0.0606692,0.12922824,0
N98A,0.0790931,0.168596648,0
N98C,0.0437038,0.092976373,0
N98D,0.0606981,0.129289994,0
N98E,0.0333699,0.070894773,0
N98F,0.0326765,0.069413108,0
N98G,0.02972,0.063095624,0
N98H,0.0379068,0.080589275,0
N98I,0.10846,0.231348187,1
N98K,0.0286501,0.060809449,0
N98L,0.0834329,0.177869984,0
N98M,0.0226891,0.048071913,0
N98P,0.037054,0.078767002,0
N98Q,0.0431964,0.091892155,0
N98R,0.0123057,0.025884541,0
N98S,0.0456782,0.097195294,0
N98T,0.049991,0.106410936,0
N98V,0.0360356,0.076590872,0
N98W,0.0421108,0.089572432,0
N98Y,0.0450736,0.095903378,0
D99A,0.0713408,0.152031441,0
D99C,0.0470716,0.100172728,0
D99E,0.0495881,0.105550015,0
D99F,0.0306667,0.065118543,0
D99G,0.0448071,0.095333917,0
D99H,0.0384731,0.081799351,0
D99I,0.0841595,0.179422591,0
D99K,0.0330756,0.070265909,0
D99L,0.0138424,0.02916818,0
D99M,0.0711634,0.151652371,0
D99N,0.156285,0.333541212,1
D99P,0.0444256,0.094518724,0
D99Q,0.0171107,0.036151922,0
D99R,0.0246531,0.052268612,0
D99S,0.0499672,0.10636008,0
D99T,0.0414764,0.088216838,0
D99V,0.0347477,0.073838872,0
D99W,0.0481383,0.102452065,0
D99Y,0.0428384,0.091127176,0
M100A,0.13673,0.291755857,1
M100C,0.0118103,0.024825965,0
M100D,0.0262825,0.055750333,0
M100E,0.0225755,0.047829172,0
M100F,0.0883904,0.188463228,0
M100G,0.04283,0.091109227,0
M100H,0.0239684,0.050805537,0
M100I,0.0703745,0.14996664,0
M100K,0.0337635,0.071735822,0
M100L,0.0919153,0.195995276,0
M100N,0.0149288,0.031489613,0
M100P,0.0147147,0.031032121,0
M100Q,0.0416853,0.088663218,0
M100R,0.0126855,0.026696103,0
M100S,0.0114488,0.024053507,0
M100T,0.0292062,0.06199773,0
M100V,0.0799701,0.170470632,0
M100W,0.0341359,0.072531571,0
M100Y,0.0144061,0.030372701,0
V101A,0.0481831,0.102547794,0
V101C,0.0485975,0.103433289,0
V101D,0.0503299,0.107135102,0
V101E,0.0332726,0.070686861,0
V101F,0.0165742,0.035005523,0
V101G,0.0199013,0.042114909,0
V101H,0.024778,0.0525355,0
V101I,0.130538,0.278524718,1
V101K,0.0145732,0.030729762,0
V101L,0.0681144,0.145137232,0
V101M,0.0361449,0.076824426,0
V101N,0.0602325,0.128295094,0
V101P,0.0639575,0.136254718,0
V101Q,0.0357488,0.075978035,0
V101R,0.0127354,0.026802729,0
V101S,0.0758528,0.161672736,0
V101T,0.0603812,0.128612838,0
V101W,0.040652,0.08645525,0
V101Y,0.0221044,0.046822519,0
E102A,0.0265823,0.056390949,0
E102C,0.0655967,0.13975738,0
E102D,0.0382921,0.081412588,0
E102F,0.060718,0.129332517,0
E102G,0.0956027,0.203874556,0
E102H,0.0511724,0.108935366,0
E102I,0.0379065,0.080588634,0
E102K,0.0680063,0.144906242,0
E102L,0.0757063,0.161359693,0
E102M,0.0387919,0.082480567,0
E102N,0.0242133,0.051328842,0
E102P,0.0213808,0.045276322,0
E102Q,0.0794708,0.169403721,0
E102R,0.0462759,0.098472467,0
E102S,0.0420917,0.089531618,0
E102T,0.0319803,0.067925459,0
E102V,0.0440093,0.093629169,0
E102W,0.0475134,0.101116771,0
E102Y,0.0278808,0.059165599,0
Q103A,0.0435855,0.092723588,0
Q103C,0.0461592,0.098223101,0
Q103D,0.0415172,0.08830402,0
Q103E,0.0651104,0.138718249,0
Q103F,0.0538709,0.114701552,0
Q103G,0.062118,0.132324053,0
Q103H,0.0440597,0.093736864,0
Q103I,0.0496321,0.105644034,0
Q103K,0.0712251,0.151784212,0
Q103L,0.0200461,0.04242432,0
Q103M,0.0440998,0.09382255,0
Q103N,0.0534611,0.113825887,0
Q103P,0.044602,0.094895657,0
Q103R,0.0491851,0.104688879,0
Q103S,0.0426725,0.090772679,0
Q103T,0.0330577,0.07022766,0
Q103V,0.0910081,0.19405676,0
Q103W,0.0129429,0.027246118,0
Q103Y,0.0239871,0.050845495,0
M104A,0.110028,0.234698708,1
M104C,0.0987669,0.210635856,0
M104D,0.0262347,0.055648193,0
M104E,0.0195529,0.041370444,0
M104F,0.0682724,0.145474848,0
M104G,0.0234146,0.04962217,0
M104H,0.0538651,0.114689159,0
M104I,0.0561994,0.119677119,0
M104K,0.0249506,0.052904313,0
M104L,0.0520933,0.110903156,0
M104N,0.0239339,0.050731817,0
M104P,0.0167925,0.035471989,0
M104Q,0.0169508,0.035810246,0
M104R,0.0174365,0.036848096,0
M104S,0.039782,0.084596224,0
M104T,0.0871357,0.18578217,0
M104V,0.0786913,0.167738077,0
M104W,0.0439018,0.093399462,0
M104Y,0.0455334,0.096885884,0
H105A,0.0545763,0.116208859,0
H105C,0.0619488,0.131962505,0
H105D,0.0128978,0.027149748,0
H105E,0.0277389,0.058862386,0
H105F,0.033306,0.070758231,0
H105G,0.0403147,0.085734504,0
H105I,0.0425628,0.090538271,0
H105K,0.0442286,0.094097772,0
H105L,0.142354,0.303773287,1
H105M,0.0317172,0.067363264,0
H105N,0.0461282,0.098156859,0
H105P,0.0204668,0.043323276,0
H105Q,0.0405669,0.086273408,0
H105R,0.0649249,0.13832187,0
H105S,0.0429902,0.091451544,0
H105T,0.154546,0.329825297,1
H105V,0.0483037,0.102805494,0
H105W,0.0305432,0.064854647,0
H105Y,0.0415083,0.088285002,0
E106A,0.0364657,0.077509915,0
E106C,0.0465742,0.099109877,0
E106D,0.104165,0.22217058,1
E106F,0.0389725,0.082866475,0
E106G,0.0510102,0.108588775,0
E106H,0.0628434,0.133874096,0
E106I,0.0232744,0.049322589,0
E106K,0.0793629,0.169173159,0
E106L,0.036928,0.078497763,0
E106M,0.0474417,0.100963562,0
E106N,0.046181,0.098269683,0
E106P,0.00965442,0.020219255,0
E106Q,0.0660139,0.140648858,0
E106R,0.0370503,0.078759095,0
E106S,0.0398787,0.084802854,0
E106T,0.0599185,0.127624136,0
E106V,0.0309139,0.065646763,0
E106W,0.0513933,0.109407387,0
E106Y,0.0444391,0.094547571,0
D107A,0.0485653,0.103364484,0
D107C,0.0346677,0.073667927,0
D107E,0.154058,0.328782532,1
D107F,0.0121562,0.025565088,0
D107G,0.0659712,0.140557616,0
D107H,0.0533499,0.113588273,0
D107I,0.0300421,0.063783891,0
D107K,0.0142804,0.030104104,0
D107L,0.0728819,0.155324482,0
D107M,0.0780415,0.166349576,0
D107N,0.117259,0.250149994,1
D107P,0.0099708,0.020895299,0
D107Q,0.0441365,0.093900971,0
D107R,0.014847,0.031314821,0
D107S,0.0272874,0.057897615,0
D107T,0.0374588,0.079631983,0
D107V,0.0210308,0.044528438,0
D107W,0.0332838,0.070710794,0
D107Y,0.0463639,0.098660506,0
I108A,0.0461658,0.098237204,0
I108C,0.0661766,0.140996518,0
I108D,0.0288968,0.0613366,0
I108E,0.0256476,0.054393671,0
I108F,0.0922261,0.196659397,0
I108G,0.0251192,0.05326458,0
I108H,0.0482502,0.102691174,0
I108K,0.0180004,0.038053044,0
I108L,0.0747239,0.159260489,0
I108M,0.0728847,0.155330465,0
I108N,0.00334517,0.006737575,0
I108P,0.0223711,0.047392407,0
I108Q,0.0863846,0.184177211,0
I108R,0.0162104,0.034228151,0
I108S,0.0227727,0.048250551,0
I108T,0.096423,0.205627383,0
I108V,0.0625804,0.133312115,0
I108W,0.0558025,0.118829018,0
I108Y,0.0919761,0.196125194,0
I109A,0.0345806,0.073481811,0
I109C,0.0459254,0.097723514,0
I109D,0.0481767,0.102534118,0
I109E,0.0231629,0.049084335,0
I109F,0.0804324,0.17145848,0
I109G,0.0269797,0.057240118,0
I109H,0.0557737,0.118767478,0
I109K,0.0560009,0.119252962,0
I109L,0.061113,0.130176557,0
I109M,0.025146,0.053321846,0
I109N,0.0945335,0.201589877,0
I109P,0.0114092,0.02396889,0
I109Q,0.0533026,0.113487202,0
I109R,0.0766573,0.163391801,0
I109S,0.0677535,0.144366056,0
I109T,0.0674854,0.143793177,0
I109V,0.0415585,0.08839227,0
I109W,0.025228,0.053497065,0
I109Y,0.062131,0.132351832,0
S110A,0.0937083,0.19982658,0
S110C,0.0248262,0.052638494,0
S110D,0.0501476,0.106745561,0
S110E,0.062959,0.134121112,0
S110F,0.0697688,0.148672373,0
S110G,0.108338,0.231087496,1
S110H,0.0534734,0.11385217,0
S110I,0.0230063,0.04874971,0
S110K,0.0235085,0.049822817,0
S110L,0.079285,0.169006702,0
S110M,0.0511512,0.108890065,0
S110N,0.0460289,0.097944674,0
S110P,0.00788314,0.016434363,0
S110Q,0.0480269,0.102214024,0
S110R,0.0346919,0.073719638,0
S110T,0.0260665,0.055288782,0
S110V,0.0245003,0.051942107,0
S110W,0.0507949,0.108128719,0
S110Y,0.0760102,0.16200907,0
L111A,0.0357791,0.07604278,0
L111C,0.0403488,0.085807369,0
L111D,0.0281932,0.059833139,0
L111E,0.0323145,0.068639582,0
L111F,0.064367,0.137129743,0
L111G,0.0859027,0.183147481,0
L111H,0.0965165,0.205827175,0
L111I,0.090657,0.193306526,0
L111K,0.00310323,0.006220595,0
L111M,0.072343,0.154172954,0
L111N,0.0433384,0.092195582,0
L111P,0.00488703,0.01003224,0
L111Q,0.180857,0.386046953,1
L111R,0.0024382,0.004799551,0
L111S,0.0381969,0.081209164,0
L111T,0.057055,0.121505375,0
L111V,0.020356,0.043086518,0
L111W,0.0356348,0.075734438,0
L111Y,0.0324983,0.069032328,0
W112A,0.08177,0.174316679,0
W112C,0.0425636,0.09053998,0
W112D,0.0139724,0.029445966,0
W112E,0.0225321,0.047736434,0
W112F,0.161657,0.345020165,1
W112G,0.0275395,0.058436305,0
W112H,0.0385998,0.082070085,0
W112I,0.100374,0.214069926,1
W112K,0.0113988,0.023946667,0
W112L,0.0718526,0.153125062,0
W112M,0.0478703,0.101879399,0
W112N,0.0141006,0.029719905,0
W112P,0.00262163,0.005191506,0
W112Q,0.033934,0.072100149,0
W112R,0.0158728,0.033506763,0
W112S,0.0169573,0.035824135,0
W112T,0.0423839,0.090155995,0
W112V,0.146214,0.31202138,1
W112Y,0.0638953,0.136121809,0
D113A,0.0227917,0.04829115,0
D113C,0.0245907,0.052135275,0
D113E,0.0320185,0.068007086,0
D113F,0.0684995,0.145960118,0
D113G,0.0716756,0.152746846,0
D113H,0.0596434,0.127036299,0
D113I,0.0201108,0.042562571,0
D113K,0.137647,0.293715314,1
D113L,0.0384158,0.081676912,0
D113M,0.0912834,0.194645025,0
D113N,0.0275945,0.05855383,0
D113P,0.00263592,0.005222041,0
D113Q,0.061897,0.131851818,0
D113R,0.12581,0.268421872,1
D113S,0.0211803,0.044847892,0
D113T,0.0396287,0.084268651,0
D113V,0.022982,0.048697786,0
D113W,0.056761,0.120877152,0
D113Y,0.0466541,0.099280609,0
Q114A,0.0237433,0.05032454,0
Q114C,0.017216,0.036376929,0
Q114D,0.0216088,0.045763516,0
Q114E,0.00451773,0.009243115,0
Q114F,0.120201,0.256436494,1
Q114G,0.0321709,0.068332736,0
Q114H,0.0398211,0.084679774,0
Q114I,0.0995932,0.212401504,0
Q114K,0.0396988,0.084418441,0
Q114L,0.104711,0.223337279,1
Q114M,0.0685014,0.145964178,0
Q114N,0.0596964,0.12714955,0
Q114P,0.00791248,0.016497057,0
Q114R,0.025294,0.053638094,0
Q114S,0.0249747,0.05295581,0
Q114T,0.0606679,0.129225462,0
Q114V,0.0730402,0.155662739,0
Q114W,0.0860315,0.183422703,0
Q114Y,0.0416394,0.088565138,0
S115A,0.016553,0.034960222,0
S115C,0.0386143,0.082101069,0
S115D,0.0749037,0.159644688,0
S115E,0.0630679,0.134353811,0
S115F,0.051362,0.109340505,0
S115G,0.0804203,0.171432624,0
S115H,0.0747924,0.159406861,0
S115I,0.0767472,0.163583901,0
S115K,0.12138,0.258955796,1
S115L,0.0356839,0.075839356,0
S115M,0.0350634,0.074513464,0
S115N,0.0462591,0.098436568,0
S115P,0.0148411,0.031302214,0
S115Q,0.0377715,0.080300164,0
S115R,0.0637202,0.135747653,0
S115T,0.0336066,0.071400556,0
S115V,0.0163671,0.034562989,0
S115W,0.0271944,0.057698892,0
S115Y,0.0406967,0.086550766,0
L116A,0.0525261,0.111827968,0
L116C,0.0106937,0.022440001,0
L116D,0.0147168,0.031036608,0
L116E,0.0774221,0.165026035,0
L116F,0.047509,0.101107369,0
L116G,0.0171417,0.036218163,0
L116H,0.0395607,0.084123348,0
L116I,0.0704135,0.150049976,0
L116K,0.00833264,0.01739486,0
L116M,0.0419593,0.089248705,0
L116N,0.0396609,0.084337456,0
L116P,0.0598407,0.127457892,0
L116Q,0.0908882,0.193800557,0
L116R,0.00803534,0.016759586,0
L116S,0.0973016,0.207504786,0
L116T,0.0789344,0.168257536,0
L116V,0.0498804,0.106174605,0
L116W,0.0536168,0.114158588,0
L116Y,0.108354,0.231121685,1
K117A,0.0221954,0.047016969,0
K117C,0.0336305,0.071451626,0
K117D,0.232197,0.495750872,1
K117E,0.117784,0.25127182,1
K117F,0.0425732,0.090560493,0
K117G,0.0410148,0.087230486,0
K117H,0.0187012,0.039550521,0
K117I,0.0164754,0.034794406,0
K117L,0.0167011,0.035276684,0
K117M,0.0426019,0.09062182,0
K117N,0.0645548,0.137531036,0
K117P,0.0210135,0.044491471,0
K117Q,0.0591531,0.12598862,0
K117R,0.0282621,0.059980366,0
K117S,0.036526,0.077638765,0
K117T,0.00909823,0.019030782,0
K117V,0.0159788,0.033733265,0
K117W,0.0658036,0.140199487,0
K117Y,0.0436694,0.092902866,0
P118A,0.0479661,0.102084106,0
P118C,0.00882864,0.018454719,0
P118D,0.00405181,0.008247532,0
P118E,0.059208,0.126105931,0
P118F,0.0307167,0.065225384,0
P118G,0.0428108,0.0910682,0
P118H,0.0321665,0.068323334,0
P118I,0.0183306,0.038758619,0
P118K,0.032654,0.06936503,0
P118L,0.0180908,0.038246212,0
P118M,0.0492155,0.104753839,0
P118N,0.015158,0.03197937,0
P118Q,0.0961191,0.204978006,0
P118R,0.012207,0.025673638,0
P118S,0.147942,0.315713791,1
P118T,0.236959,0.50592637,1
P118V,0.0670979,0.142965162,0
P118W,0.0113197,0.023777645,0
P118Y,0.0248969,0.052789566,0
C119A,0.0394389,0.083863084,0
C119D,0.0330807,0.070276807,0
C119E,0.0116094,0.024396679,0
C119F,0.044756,0.095224726,0
C119G,0.0248493,0.052687854,0
C119H,0.0301812,0.064081121,0
C119I,0.0493294,0.104997221,0
C119K,0.0379468,0.080674747,0
C119L,0.103875,0.221550905,1
C119M,0.0448173,0.095355713,0
C119N,0.0220626,0.046733201,0
C119P,0.0437143,0.092998809,0
C119Q,0.0366765,0.077960355,0
C119R,0.0589462,0.125546513,0
C119S,0.0440435,0.093702248,0
C119T,0.0176606,0.037326955,0
C119V,0.044242,0.094126405,0
C119W,0.0300378,0.063774702,0
C119Y,0.0542389,0.115487899,0
V120A,0.0707001,0.150662386,0
V120C,0.0376089,0.079952718,0
V120D,0.0859975,0.183350051,0
V120E,0.0297823,0.063228747,0
V120F,0.0886919,0.189107477,0
V120G,0.0725353,0.154583863,0
V120H,0.0422761,0.089925647,0
V120I,0.102847,0.219354262,1
V120K,0.0249078,0.052812858,0
V120L,0.0487405,0.103738853,0
V120M,0.0325989,0.069247291,0
V120N,0.0248621,0.052715205,0
V120P,0.00415275,0.008463221,0
V120Q,0.0231177,0.048987751,0
V120R,0.0186936,0.039534282,0
V120S,0.031412,0.066711109,0
V120T,0.0367864,0.078195191,0
V120W,0.0583042,0.12417468,0
V120Y,0.0632036,0.134643776,0
K121A,0.0722061,0.153880425,0
K121C,0.0139106,0.029313911,0
K121D,0.018252,0.038590666,0
K121E,0.108629,0.231709308,1
K121F,0.00670315,0.013912946,0
K121G,0.0112058,0.023534262,0
K121H,0.0885599,0.188825418,0
K121I,0.0543754,0.115779574,0
K121L,0.0669513,0.142651906,0
K121M,0.0261439,0.055454171,0
K121N,0.0291139,0.061800502,0
K121P,0.00214669,0.004176649,0
K121Q,0.0312944,0.06645982,0
K121R,0.112084,0.239091993,1
K121S,0.103856,0.221510305,1
K121T,0.0809011,0.172460003,0
K121V,0.0994931,0.212187609,0
K121W,0.0242257,0.051355338,0
K121Y,0.00455456,0.009321814,0
L122A,0.0178619,0.037757095,0
L122C,0.0151855,0.032038132,0
L122D,0.0223973,0.047448392,0
L122E,0.0213371,0.045182944,0
L122F,0.0717326,0.152868644,0
L122G,0.0134207,0.028267087,0
L122H,0.0223082,0.047258002,0
L122I,0.237154,0.506343048,1
L122K,0.0217407,0.046045361,0
L122M,0.069144,0.147337293,0
L122N,0.0160892,0.033969169,0
L122P,0.0156777,0.033089871,0
L122Q,0.069568,0.148243301,0
L122R,0.0290604,0.061686183,0
L122S,0.040184,0.085455223,0
L122T,0.0360701,0.076664592,0
L122V,0.0622545,0.132615728,0
L122W,0.030299,0.064332838,0
L122Y,0.018531,0.039186836,0
T123A,0.109283,0.233106783,1
T123C,0.0113363,0.023813116,0
T123D,0.0220164,0.04663448,0
T123E,0.0357129,0.075901323,0
T123F,0.0362172,0.076978917,0
T123G,0.0414733,0.088210214,0
T123H,0.0666141,0.141931373,0
T123I,0.0595017,0.126733512,0
T123K,0.0434467,0.092426999,0
T123L,0.0570814,0.121561787,0
T123M,0.0636999,0.135704276,0
T123N,0.057519,0.122496856,0
T123P,0.0272691,0.057858512,0
T123Q,0.0895852,0.191016291,0
T123R,0.0591459,0.125973235,0
T123S,0.0488971,0.104073478,0
T123V,0.0193083,0.04084778,0
T123W,0.0741947,0.158129689,0
T123Y,0.0315959,0.067104069,0
P124A,0.0430873,0.091659028,0
P124C,0.0443946,0.094452482,0
P124D,0.0293968,0.062405006,0
P124E,0.0336533,0.071500346,0
P124F,0.0345808,0.073482239,0
P124G,0.0813951,0.173515588,0
P124H,0.032504,0.069044508,0
P124I,0.0211882,0.044864772,0
P124K,0.146457,0.312540626,1
P124L,0.0271207,0.057541409,0
P124M,0.0435387,0.092623585,0
P124N,0.0565408,0.120406626,0
P124Q,0.0321334,0.068252605,0
P124R,0.141178,0.301260396,1
P124S,0.0237092,0.050251675,0
P124T,0.0321938,0.068381669,0
P124V,0.0215861,0.04571501,0
P124W,0.0502394,0.10694172,0
P124Y,0.0364584,0.077494316,0
L125A,0.0393515,0.083676327,0
L125C,0.0350682,0.074523721,0
L125D,0.0319286,0.067814986,0
L125E,0.0337044,0.071609537,0
L125F,0.0597263,0.12721344,0
L125G,0.028121,0.059678861,0
L125H,0.0795251,0.16951975,0
L125I,0.105756,0.225570248,1
L125K,0.0275129,0.058379466,0
L125M,0.0965126,0.205818841,0
L125N,0.0203722,0.043121134,0
L125P,0.0547158,0.116506945,0
L125Q,0.0165494,0.03495253,0
L125R,0.0195529,0.041370444,0
L125S,0.0245143,0.051972022,0
L125T,0.0222545,0.047143255,0
L125V,0.0559286,0.11909847,0
L125W,0.0339882,0.072215964,0
L125Y,0.0338171,0.071850355,0
C126A,0.0331627,0.070452026,0
C126D,0.0264427,0.05609265,0
C126E,0.032506,0.069048781,0
C126F,0.0461679,0.098241691,0
C126G,0.0450896,0.095937567,0
C126H,0.0314781,0.066852352,0
C126I,0.0272692,0.057858725,0
C126K,0.0323716,0.068761594,0
C126L,0.0223023,0.047245395,0
C126M,0.0456486,0.097132044,0
C126N,0.0479096,0.101963376,0
C126P,0.0242431,0.051392519,0
C126Q,0.0318068,0.067554723,0
C126R,0.0581311,0.123804798,0
C126S,0.0521208,0.110961918,0
C126T,0.0166202,0.035103816,0
C126V,0.0260943,0.055348185,0
C126W,0.0522885,0.111320261,0
C126Y,0.0556287,0.11845764,0
V127A,0.0705848,0.150416012,0
V127C,0.0109096,0.022901338,0
V127D,0.0698632,0.148874088,0
V127E,0.0422085,0.089781198,0
V127F,0.0753225,0.160539585,0
V127G,0.061656,0.131336846,0
V127H,0.0129978,0.027363429,0
V127I,0.0739158,0.157533732,0
V127K,0.0262832,0.055751829,0
V127L,0.0218069,0.046186818,0
V127M,0.052141,0.111005082,0
V127N,0.0413092,0.087859563,0
V127P,0.00977812,0.020483579,0
V127Q,0.0985291,0.210127722,0
V127R,0.0356079,0.075676958,0
V127S,0.034728,0.073796777,0
V127T,0.0677673,0.144395544,0
V127W,0.0411676,0.087556991,0
V127Y,0.0273996,0.058137365,0
S128A,0.0210605,0.044591902,0
S128C,0.0266104,0.056450994,0
S128D,0.0220091,0.046618881,0
S128E,0.0144741,0.030518004,0
S128F,0.0117862,0.024774468,0
S128G,0.0296714,0.062991775,0
S128H,0.044635,0.094966172,0
S128I,0.0350391,0.074461539,0
S128K,0.38261,0.817155149,1
S128L,0.00788163,0.016431136,0
S128M,0.0183549,0.038810544,0
S128N,0.0688062,0.146615478,0
S128P,0.0376499,0.080040328,0
S128Q,0.0242251,0.051354056,0
S128R,0.133092,0.283982136,1
S128T,0.0126078,0.026530072,0
S128V,0.0143251,0.030199619,0
S128W,0.0408002,0.086771926,0
S128Y,0.0247496,0.052474814,0
L129A,0.0166949,0.035263436,0
L129C,0.0178782,0.037791925,0
L129D,0.014871,0.031366105,0
L129E,0.0166247,0.035113432,0
L129F,0.0688186,0.146641974,0
L129G,0.0228146,0.048340083,0
L129H,0.0485914,0.103420254,0
L129I,0.0366358,0.077873387,0
L129K,0.0117421,0.024680234,0
L129M,0.100577,0.214503699,1
L129N,0.0202471,0.042853819,0
L129P,0.0184658,0.039047516,0
L129Q,0.0195605,0.041386684,0
L129R,0.0140862,0.029689135,0
L129S,0.0454152,0.096633313,0
L129T,0.0146901,0.030979556,0
L129V,0.0658447,0.14028731,0
L129W,0.0317113,0.067350657,0
L129Y,0.0551824,0.117503981,0
K130A,0.0337599,0.07172813,0
K130C,0.0669496,0.142648273,0
K130D,0.0316254,0.067167105,0
K130E,0.0721317,0.153721446,0
K130F,0.0702349,0.149668341,0
K130G,0.0300494,0.063799489,0
K130H,0.0253758,0.053812886,0
K130I,0.0416864,0.088665569,0
K130L,0.0373268,0.079349924,0
K130M,0.0431967,0.091892796,0
K130N,0.0519165,0.110525367,0
K130P,0.00702084,0.01459179,0
K130Q,0.0215817,0.045705608,0
K130R,0.10422,0.222288105,1
K130S,0.0413283,0.087900376,0
K130T,0.0486379,0.103519616,0
K130V,0.0382175,0.081253182,0
K130W,0.0292287,0.062045808,0
K130Y,0.0717999,0.153012452,0
C131A,0.0139125,0.029317971,0
C131D,0.0361278,0.076787886,0
C131E,0.023659,0.050144407,0
C131F,0.0469204,0.099849642,0
C131G,0.0347945,0.073938875,0
C131H,0.027316,0.057958728,0
C131I,0.0270714,0.057436064,0
C131K,0.0179392,0.037922271,0
C131L,0.0113124,0.023762046,0
C131M,0.0370965,0.078857816,0
C131N,0.0558023,0.118828591,0
C131P,0.0183083,0.038710968,0
C131Q,0.0412121,0.087652079,0
C131R,0.0295989,0.062836856,0
C131S,0.0289971,0.061550922,0
C131T,0.0253037,0.053658822,0
C131V,0.0194939,0.041244372,0
C131W,0.0384504,0.081750846,0
C131Y,0.0736739,0.157016837,0
T132A,0.0966231,0.206054959,0
T132C,0.0553234,0.117805272,0
T132D,0.0337586,0.071725352,0
T132E,0.0424095,0.090210697,0
T132F,0.0419892,0.089312595,0
T132G,0.094395,0.201293928,0
T132H,0.0479639,0.102079405,0
T132I,0.0529829,0.112804063,0
T132K,0.0540377,0.115057973,0
T132L,0.0362945,0.077144093,0
T132M,0.0311185,0.066083955,0
T132N,0.0435677,0.092685553,0
T132P,0.00354439,0.007163271,0
T132Q,0.0444719,0.094617658,0
T132R,0.0449621,0.095665123,0
T132S,0.0549324,0.116969778,0
T132V,0.0518789,0.110445023,0
T132W,0.0501348,0.10671821,0
T132Y,0.0490106,0.104316006,0
D133A,0.0239364,0.050737159,0
D133C,0.0277592,0.058905763,0
D133E,0.0479081,0.101960171,0
D133F,0.0238493,0.050551042,0
D133G,0.0550969,0.117321284,0
D133H,0.0435912,0.092735768,0
D133I,0.0161622,0.034125156,0
D133K,0.0374033,0.07951339,0
D133L,0.0172599,0.036470735,0
D133M,0.0307699,0.065339062,0
D133N,0.203105,0.433586742,1
D133P,0.0783877,0.167089341,0
D133Q,0.0637053,0.135715815,0
D133R,0.0129299,0.027218339,0
D133S,0.0600302,0.127862817,0
D133T,0.0167126,0.035301257,0
D133V,0.015602,0.032928114,0
D133W,0.0385065,0.081870721,0
D133Y,0.0496444,0.105670317,0
L134A,0.0876122,0.186800361,0
L134C,0.0562672,0.119821995,0
L134D,0.0274011,0.058140571,0
L134E,0.0241598,0.051214522,0
L134F,0.0455409,0.09690191,0
L134G,0.0297943,0.063254389,0
L134H,0.0347659,0.073877762,0
L134I,0.0501787,0.106812016,0
L134K,0.0231103,0.048971938,0
L134M,0.115739,0.24690204,1
L134N,0.0180679,0.038197279,0
L134P,0.0805984,0.17181319,0
L134Q,0.0399809,0.085021236,0
L134R,0.0151532,0.031969113,0
L134S,0.0636828,0.135667736,0
L134T,0.0418071,0.088923482,0
L134V,0.0408207,0.086815731,0
L134W,0.0494753,0.105308982,0
L134Y,0.0685801,0.146132345,0
G135A,0.0510958,0.108771686,0
G135C,0.0405974,0.086338581,0
G135D,0.0218893,0.046362891,0
G135E,0.0675593,0.143951087,0
G135F,0.0619718,0.132011651,0
G135H,0.0336659,0.071527269,0
G135I,0.0411031,0.087419166,0
G135K,0.0508544,0.108255859,0
G135L,0.0587668,0.125163169,0
G135M,0.039726,0.084476563,0
G135N,0.0578028,0.123103283,0
G135P,0.0358975,0.076295779,0
G135Q,0.0818501,0.174487838,0
G135R,0.0531911,0.113248948,0
G135S,0.0804814,0.171563183,0
G135T,0.0234409,0.049678368,0
G135V,0.0552552,0.117659541,0
G135W,0.0349975,0.074372648,0
G135Y,0.0491931,0.104705974,0
N136A,0.0266824,0.056604844,0
N136C,0.0571618,0.121733586,0
N136D,0.0847538,0.180692498,0
N136E,0.0405766,0.086294135,0
N136F,0.0312883,0.066446786,0
N136G,0.0263809,0.055960595,0
N136H,0.077136,0.164414693,0
N136I,0.0649154,0.138301571,0
N136K,0.0384954,0.081847002,0
N136L,0.0890713,0.189918183,0
N136M,0.0257057,0.05451782,0
N136P,0.0348408,0.07403781,0
N136Q,0.0588376,0.125314456,0
N136R,0.0316786,0.067280783,0
N136S,0.0700643,0.149303801,0
N136T,0.0468662,0.099733827,0
N136V,0.0547703,0.116623401,0
N136W,0.0633619,0.134982033,0
N136Y,0.0366656,0.077937064,0
A137C,0.023214,0.049193526,0
A137D,0.108681,0.231820422,1
A137E,0.0160207,0.033822797,0
A137F,0.0519388,0.110573018,0
A137G,0.0447039,0.095113398,0
A137H,0.0469236,0.09985648,0
A137I,0.0381005,0.081003175,0
A137K,0.0791133,0.168639811,0
A137L,0.0379946,0.080776887,0
A137M,0.0568626,0.121094252,0
A137N,0.0118459,0.024902035,0
A137P,0.0299004,0.063481104,0
A137Q,0.0388886,0.082687197,0
A137R,0.0507574,0.108048589,0
A137S,0.0796413,0.169768048,0
A137T,0.0812049,0.173109167,0
A137V,0.0804277,0.171448437,0
A137W,0.0220756,0.046760979,0
A137Y,0.0443787,0.094418507,0
T138A,0.0783649,0.167040621,0
T138C,0.0267465,0.056741814,0
T138D,0.0433546,0.092230198,0
T138E,0.0505725,0.107653492,0
T138F,0.0263767,0.055951621,0
T138G,0.0477454,0.101612511,0
T138H,0.0304798,0.064719173,0
T138I,0.0861274,0.183627623,0
T138K,0.0415778,0.088433511,0
T138L,0.0510837,0.10874583,0
T138M,0.0607281,0.129354098,0
T138N,0.0394156,0.083813296,0
T138P,0.0323291,0.068670779,0
T138Q,0.0424639,0.09032694,0
T138R,0.0518736,0.110433698,0
T138S,0.037252,0.07919009,0
T138V,0.0815146,0.173770937,0
T138W,0.0808138,0.17227346,0
T138Y,0.0526213,0.112031392,0
N139A,0.021912,0.046411397,0
N139C,0.021667,0.045887878,0
N139D,0.0776634,0.165541648,0
N139E,0.0298128,0.06329392,0
N139F,0.0382982,0.081425623,0
N139G,0.0585596,0.124720422,0
N139H,0.0601294,0.128074789,0
N139I,0.0576132,0.122698143,0
N139K,0.0859088,0.183160516,0
N139L,0.0163724,0.034574314,0
N139M,0.0338701,0.071963606,0
N139P,0.0480981,0.102366165,0
N139Q,0.033079,0.070273175,0
N139R,0.0536993,0.114334875,0
N139S,0.148191,0.316245857,1
N139T,0.057067,0.121531017,0
N139V,0.023645,0.050114492,0
N139W,0.0441681,0.093968495,0
N139Y,0.0419808,0.089294646,0
T140A,0.0508239,0.108190687,0
T140C,0.0400974,0.085270175,0
T140D,0.0228284,0.048369571,0
T140E,0.107247,0.228756234,1
T140F,0.0307537,0.065304446,0
T140G,0.0521979,0.111126666,0
T140H,0.0525227,0.111820703,0
T140I,0.0964714,0.205730805,0
T140K,0.0176681,0.037342981,0
T140L,0.0221089,0.046832135,0
T140M,0.0424582,0.09031476,0
T140N,0.0381058,0.0810145,0
T140P,0.0212497,0.044996186,0
T140Q,0.0577203,0.122926996,0
T140R,0.11572,0.246861441,1
T140S,0.016025,0.033831986,0
T140V,0.0654959,0.13954199,0
T140W,0.0440934,0.093808875,0
T140Y,0.0568358,0.121036986,0
N141A,0.191171,0.40808603,1
N141C,0.0398354,0.08471033,0
N141D,0.0970341,0.206933189,0
N141E,0.0379372,0.080654234,0
N141F,0.0763068,0.162642849,0
N141G,0.0181541,0.038381472,0
N141H,0.0375252,0.079773867,0
N141I,0.0257556,0.054624447,0
N141K,0.0339311,0.072093952,0
N141L,0.0145236,0.030623776,0
N141M,0.0390741,0.083083575,0
N141P,0.0384096,0.081663664,0
N141Q,0.0407017,0.08656145,0
N141R,0.0206024,0.043613028,0
N141S,0.0323155,0.068641719,0
N141T,0.0776326,0.165475834,0
N141V,0.0120955,0.025435384,0
N141W,0.0840687,0.179228568,0
N141Y,0.0414572,0.088175811,0
S142A,0.0360367,0.076593223,0
S142C,0.0397795,0.084590882,0
S142D,0.0209128,0.044276294,0
S142E,0.0603275,0.128498092,0
S142F,0.0226163,0.047916353,0
S142G,0.053768,0.114481674,0
S142H,0.0263152,0.055820207,0
S142I,0.0281659,0.059774804,0
S142K,0.0377499,0.080254009,0
S142L,0.106172,0.226459161,1
S142M,0.0585464,0.124692216,0
S142N,0.0817575,0.174289969,0
S142P,0.116764,0.249092272,1
S142Q,0.0835803,0.17818495,0
S142R,0.0342532,0.072782219,0
S142T,0.0406306,0.086409523,0
S142V,0.0310409,0.065918138,0
S142W,0.047154,0.100348801,0
S142Y,0.0380744,0.080947404,0
S143A,0.0456353,0.097103625,0
S143C,0.0665986,0.141898252,0
S143D,0.0351906,0.074785266,0
S143E,0.0424125,0.090217108,0
S143F,0.0470862,0.100203925,0
S143G,0.0495803,0.105533348,0
S143H,0.0420597,0.08946324,0
S143I,0.0500173,0.106467134,0
S143K,0.0124615,0.026217457,0
S143L,0.0170043,0.035924565,0
S143M,0.0266797,0.056599075,0
S143N,0.192208,0.410301904,1
S143P,0.0359102,0.076322916,0
S143Q,0.0493016,0.104937818,0
S143R,0.048201,0.102586043,0
S143T,0.034515,0.073341636,0
S143V,0.043391,0.092307978,0
S143W,0.0532794,0.113437628,0
S143Y,0.0487774,0.103817701,0
N144A,0.0703468,0.14990745,0
N144C,0.0423414,0.09006518,0
N144D,0.0866782,0.184804579,0
N144E,0.024017,0.050909386,0
N144F,0.0252063,0.053450696,0
N144G,0.0463799,0.098694695,0
N144H,0.0341418,0.072544178,0
N144I,0.0678005,0.144466486,0
N144K,0.0856947,0.182703025,0
N144L,0.0541061,0.11520413,0
N144M,0.0164202,0.034676454,0
N144P,0.0384721,0.081797214,0
N144Q,0.0549128,0.116927897,0
N144R,0.0575185,0.122495787,0
N144S,0.0449757,0.095694184,0
N144T,0.0375233,0.079769807,0
N144V,0.0279694,0.059354921,0
N144W,0.0789164,0.168219073,0
N144Y,0.0633269,0.134907245,0
T145A,0.0744498,0.158674789,0
T145C,0.0469465,0.099905413,0
T145D,0.033186,0.070501813,0
T145E,0.0285125,0.060515423,0
T145F,0.0647421,0.137931261,0
T145G,0.0540631,0.115112248,0
T145H,0.0510505,0.108674888,0
T145I,0.0785057,0.167341484,0
T145K,0.0502819,0.107032535,0
T145L,0.0428369,0.091123971,0
T145M,0.0234811,0.049764268,0
T145N,0.0586161,0.124841152,0
T145P,0.0536531,0.114236155,0
T145Q,0.0320368,0.068046189,0
T145R,0.0667822,0.142290571,0
T145S,0.0358246,0.076140005,0
T145V,0.0472828,0.100624022,0
T145W,0.0552528,0.117654413,0
T145Y,0.0486704,0.103589062,0
N146A,0.0279223,0.059254277,0
N146C,0.0501469,0.106744065,0
N146D,0.0237647,0.050370268,0
N146E,0.031607,0.067127788,0
N146F,0.102216,0.218005934,1
N146G,0.036786,0.078194336,0
N146H,0.0400959,0.085266969,0
N146I,0.0207576,0.043944661,0
N146K,0.122431,0.261201585,1
N146L,0.0356937,0.075860296,0
N146M,0.077768,0.165765158,0
N146P,0.0649375,0.138348794,0
N146Q,0.0379441,0.080668978,0
N146R,0.0212534,0.045004093,0
N146S,0.0309335,0.065688645,0
N146T,0.0293471,0.062298806,0
N146V,0.0439285,0.093456514,0
N146W,0.104196,0.222236821,1
N146Y,0.0652919,0.13910608,0
S147A,0.0749724,0.159791487,0
S147C,0.0547993,0.116685368,0
S147D,0.0374715,0.07965912,0
S147E,0.0577894,0.123074649,0
S147F,0.0212052,0.044901098,0
S147G,0.0669516,0.142652547,0
S147H,0.0371676,0.079009743,0
S147I,0.06831,0.145555192,0
S147K,0.0523726,0.111499967,0
S147L,0.0532678,0.113412841,0
S147M,0.0462138,0.098339771,0
S147N,0.076482,0.163017218,0
S147P,0.0553936,0.117955276,0
S147Q,0.0436215,0.092800513,0
S147R,0.053549,0.114013713,0
S147T,0.0250377,0.05309043,0
S147V,0.0310014,0.065833734,0
S147W,0.0288301,0.061194075,0
S147Y,0.0577821,0.123059051,0
S148A,0.114753,0.244795144,1
S148C,0.0359509,0.076409884,0
S148D,0.0113546,0.02385222,0
S148E,0.0278453,0.059089742,0
S148F,0.0192712,0.040768504,0
S148G,0.0556637,0.118532429,0
S148H,0.0580514,0.123634494,0
S148I,0.0853429,0.181951294,0
S148K,0.112266,0.239480893,1
S148L,0.0259732,0.055089417,0
S148M,0.0399489,0.084952858,0
S148N,0.0336657,0.071526842,0
S148P,0.0414213,0.0880991,0
S148Q,0.0411583,0.087537118,0
S148R,0.0611918,0.130344938,0
S148T,0.0218297,0.046235537,0
S148V,0.0678917,0.144661364,0
S148W,0.0496678,0.105720319,0
S148Y,0.0477324,0.101584733,0
S149A,0.0553053,0.117766595,0
S149C,0.0410364,0.087276641,0
S149D,0.0314315,0.066752777,0
S149E,0.0289748,0.061503271,0
S149F,0.0176754,0.03735858,0
S149G,0.0352294,0.074868175,0
S149H,0.0499714,0.106369055,0
S149I,0.0499034,0.106223751,0
S149K,0.0581518,0.12384903,0
S149L,0.0320098,0.067988495,0
S149M,0.0305556,0.064881144,0
S149N,0.169762,0.362339025,1
S149P,0.0501659,0.106784665,0
S149Q,0.0498693,0.106150886,0
S149R,0.0521689,0.111064699,0
S149T,0.059363,0.126437137,0
S149V,0.0271851,0.057679019,0
S149W,0.056223,0.119727547,0
S149Y,0.0422168,0.089798934,0
G150A,0.0482743,0.102742671,0
G150C,0.0193725,0.040984963,0
G150D,0.0364182,0.077408417,0
G150E,0.100528,0.214398995,1
G150F,0.0325484,0.069139382,0
G150H,0.0254553,0.053982762,0
G150I,0.0168609,0.035618147,0
G150K,0.047563,0.101222757,0
G150L,0.0239069,0.050674123,0
G150M,0.0659293,0.140468084,0
G150N,0.0471639,0.100369955,0
G150P,0.0652723,0.139064199,0
G150Q,0.0560482,0.119354033,0
G150R,0.127598,0.272242492,1
G150S,0.0572203,0.12185859,0
G150T,0.0293319,0.062266327,0
G150V,0.0569166,0.12120964,0
G150W,0.0482061,0.102596941,0
G150Y,0.0286044,0.060711796,0
E151A,0.0330266,0.070161206,0
E151C,0.032374,0.068766722,0
E151D,0.0795883,0.169654797,0
E151F,0.036582,0.077758426,0
E151G,0.0443559,0.094369788,0
E151H,0.0187988,0.039759074,0
E151I,0.0352267,0.074862405,0
E151K,0.0854705,0.182223951,0
E151L,0.0196683,0.041617032,0
E151M,0.0635101,0.135298709,0
E151N,0.087769,0.187135413,0
E151P,0.0334734,0.071115933,0
E151Q,0.0352181,0.074844029,0
E151R,0.0688143,0.146632786,0
E151S,0.0268882,0.0570446,0
E151T,0.0378687,0.080507862,0
E151V,0.0747393,0.159293396,0
E151W,0.0459221,0.097716462,0
E151Y,0.0692614,0.147588155,0
M152A,0.0371505,0.078973204,0
M152C,0.00682746,0.014178573,0
M152D,0.0228496,0.048414872,0
M152E,0.0494599,0.105276075,0
M152F,0.0455366,0.096892722,0
M152G,0.0301299,0.063971503,0
M152H,0.044411,0.094487526,0
M152I,0.0572595,0.121942353,0
M152K,0.0863413,0.184084687,0
M152L,0.0398636,0.084770588,0
M152N,0.0449965,0.095738629,0
M152P,0.0238728,0.050601258,0
M152Q,0.0401408,0.085362912,0
M152R,0.104109,0.222050919,1
M152S,0.034414,0.073125818,0
M152T,0.0392094,0.083372686,0
M152V,0.0403363,0.085780659,0
M152W,0.0340777,0.072407209,0
M152Y,0.177644,0.379181376,1
M153A,0.0363004,0.0771567,0
M153C,0.0393784,0.083733807,0
M153D,0.0558403,0.11890979,0
M153E,0.0423552,0.090094668,0
M153F,0.0425125,0.090430789,0
M153G,0.0464793,0.098907094,0
M153H,0.0477396,0.101600118,0
M153I,0.0831389,0.177241761,0
M153K,0.119204,0.254306093,1
M153L,0.0372102,0.079100772,0
M153N,0.0958806,0.204468376,0
M153P,0.0479327,0.102012736,0
M153Q,0.0221777,0.046979148,0
M153R,0.0419307,0.089187592,0
M153S,0.0338442,0.071908263,0
M153T,0.0403471,0.085803737,0
M153V,0.0376621,0.080066397,0
M153W,0.0359388,0.076384029,0
M153Y,0.0416131,0.08850894,0
M154A,0.0402959,0.085694332,0
M154C,0.0155545,0.032826616,0
M154D,0.0369208,0.078482378,0
M154E,0.0438008,0.093183644,0
M154F,0.0515713,0.10978774,0
M154G,0.0244096,0.051748298,0
M154H,0.00796397,0.016607081,0
M154I,0.0522437,0.111224532,0
M154K,0.0340138,0.072270666,0
M154L,0.106174,0.226463435,1
M154N,0.0732355,0.156080059,0
M154P,0.027978,0.059373297,0
M154Q,0.0734106,0.156454214,0
M154R,0.0100061,0.020970729,0
M154S,0.0589558,0.125567027,0
M154T,0.0606635,0.12921606,0
M154V,0.0659388,0.140488384,0
M154W,0.054828,0.116746695,0
M154Y,0.0676286,0.144099168,0
E155A,0.084376,0.179885211,0
E155C,0.00492057,0.010103908,0
E155D,0.0674213,0.143656207,0
E155F,0.0315677,0.067043811,0
E155G,0.0642866,0.136957943,0
E155H,0.038373,0.081585456,0
E155I,0.0394468,0.083879965,0
E155K,0.103622,0.221010291,1
E155L,0.0495328,0.105431849,0
E155M,0.0332677,0.070676391,0
E155N,0.0702629,0.149728172,0
E155P,0.0299267,0.063537303,0
E155Q,0.0858424,0.183018632,0
E155R,0.0453831,0.096564721,0
E155S,0.0348567,0.074071785,0
E155T,0.036119,0.076769082,0
E155V,0.0346753,0.073684167,0
E155W,0.0521559,0.11103692,0
E155Y,0.050761,0.108056281,0
K156A,0.0475799,0.101258869,0
K156C,0.0109736,0.023038094,0
K156D,0.0606635,0.12921606,0
K156E,0.11743,0.250515389,1
K156F,0.0181141,0.038295999,0
K156G,0.0566324,0.120602358,0
K156H,0.0949431,0.202465115,0
K156I,0.0467841,0.099558394,0
K156L,0.035134,0.074664323,0
K156M,0.0544265,0.115888765,0
K156N,0.0499119,0.106241914,0
K156P,0.0407244,0.086609956,0
K156Q,0.051805,0.110287113,0
K156R,0.0203773,0.043132032,0
K156S,0.0698966,0.148945458,0
K156T,0.0354385,0.075314982,0
K156V,0.0188325,0.039831085,0
K156W,0.041515,0.088299319,0
K156Y,0.0436469,0.092854788,0
G157A,0.0304318,0.064616606,0
G157C,0.025797,0.054712911,0
G157D,0.0723669,0.154224024,0
G157E,0.149922,0.319944679,1
G157F,0.025119,0.053264152,0
G157H,0.025584,0.05425777,0
G157I,0.0597894,0.127348273,0
G157K,0.036801,0.078226388,0
G157L,0.019077,0.040353535,0
G157M,0.0304844,0.064729003,0
G157N,0.0488466,0.103965569,0
G157P,0.0331414,0.070406512,0
G157Q,0.022688,0.048069563,0
G157R,0.0650611,0.138612904,0
G157S,0.0483479,0.102899941,0
G157T,0.0384232,0.081692724,0
G157V,0.0461724,0.098251306,0
G157W,0.0553874,0.117942027,0
G157Y,0.0195604,0.04138647,0
E158A,0.0800377,0.17061508,0
E158C,0.0270912,0.057478373,0
E158D,0.0882506,0.188164502,0
E158F,0.0323515,0.068718644,0
E158G,0.0340714,0.072393747,0
E158H,0.0408354,0.086847142,0
E158I,0.0302476,0.064223006,0
E158K,0.100206,0.213710942,1
E158L,0.0301762,0.064070437,0
E158M,0.028101,0.059636125,0
E158N,0.0544079,0.11584902,0
E158P,0.016616,0.035094841,0
E158Q,0.0467747,0.099538308,0
E158R,0.0182445,0.03857464,0
E158S,0.0280288,0.059481847,0
E158T,0.0281483,0.059737196,0
E158V,0.0324755,0.068983609,0
E158W,0.0387006,0.082285476,0
E158Y,0.0326811,0.069422937,0
I159A,0.0153617,0.032414638,0
I159C,0.0308452,0.065499964,0
I159D,0.0341125,0.07248157,0
I159E,0.020836,0.044112187,0
I159F,0.0444858,0.09464736,0
I159G,0.0397221,0.084468229,0
I159H,0.0285812,0.060662222,0
I159K,0.0527009,0.112201482,0
I159L,0.0885705,0.188848068,0
I159M,0.0995589,0.212328211,0
I159N,0.0188991,0.039973397,0
I159P,0.0271603,0.057626026,0
I159Q,0.0547286,0.116534296,0
I159R,0.0376418,0.08002302,0
I159S,0.0179407,0.037925476,0
I159T,0.0413445,0.087934993,0
I159V,0.0761862,0.162385149,0
I159W,0.0496269,0.105632923,0
I159Y,0.0247971,0.052576313,0
K160A,0.0671873,0.143156193,0
K160C,0.0244922,0.051924799,0
K160D,0.0228779,0.048475343,0
K160E,0.0372211,0.079124063,0
K160F,0.0690116,0.147054379,0
K160G,0.0237723,0.050386508,0
K160H,0.0425345,0.090477799,0
K160I,0.0284047,0.060285075,0
K160L,0.02703,0.0573476,0
K160M,0.0618331,0.131715275,0
K160N,0.0285402,0.060574613,0
K160P,0.0141744,0.029877602,0
K160Q,0.0615497,0.131109703,0
K160R,0.0887383,0.189206625,0
K160S,0.105146,0.224266792,1
K160T,0.0218183,0.046211178,0
K160V,0.0237627,0.050365995,0
K160W,0.0354462,0.075331435,0
K160Y,0.112455,0.23988475,1
N161A,0.029593,0.062824249,0
N161C,0.0357785,0.076041498,0
N161D,0.0614526,0.130902219,0
N161E,0.0262097,0.055594773,0
N161F,0.0403601,0.085831515,0
N161G,0.0249912,0.052991068,0
N161H,0.0392585,0.083477603,0
N161I,0.0855324,0.18235622,0
N161K,0.147884,0.315589856,1
N161L,0.0662755,0.141207848,0
N161M,0.0438583,0.09330651,0
N161P,0.0238675,0.050589932,0
N161Q,0.0384721,0.081797214,0
N161R,0.0262589,0.055699904,0
N161S,0.0514494,0.109527262,0
N161T,0.0349596,0.074291663,0
N161V,0.0165801,0.03501813,0
N161W,0.0209679,0.044394033,0
N161Y,0.0844621,0.18006919,0
C162A,0.0212326,0.044959647,0
C162D,0.0332575,0.070654595,0
C162E,0.0315908,0.067093171,0
C162F,0.0485539,0.103340124,0
C162G,0.0237743,0.050390782,0
C162H,0.0380349,0.080863,0
C162I,0.0219707,0.046536828,0
C162K,0.0210753,0.044623526,0
C162L,0.0240065,0.050886949,0
C162M,0.0359403,0.076387234,0
C162N,0.0247562,0.052488917,0
C162P,0.0241887,0.051276276,0
C162Q,0.0369377,0.07851849,0
C162R,0.0450194,0.095787562,0
C162S,0.0265223,0.05626274,0
C162T,0.0294748,0.062571677,0
C162V,0.023599,0.050016198,0
C162W,0.0298803,0.063438155,0
C162Y,0.0431407,0.091773134,0
S163A,0.0241159,0.051120716,0
S163C,0.0257525,0.054617823,0
S163D,0.0254776,0.054030413,0
S163E,0.0855539,0.182402161,0
S163F,0.0439556,0.093514422,0
S163G,0.0135382,0.028518162,0
S163H,0.0438486,0.093285783,0
S163I,0.0256492,0.05439709,0
S163K,0.0255717,0.054231487,0
S163L,0.0253489,0.053755405,0
S163M,0.0463245,0.098576316,0
S163N,0.0252683,0.053583178,0
S163P,0.0694202,0.14792748,0
S163Q,0.0229738,0.048680264,0
S163R,0.0242989,0.051511753,0
S163T,0.125926,0.268669742,1
S163V,0.03074,0.065275172,0
S163W,0.0420194,0.089377127,0
S163Y,0.0481757,0.102531982,0
F164A,0.0269273,0.057128149,0
F164C,0.0396116,0.084232111,0
F164D,0.0363127,0.077182983,0
F164E,0.0211028,0.044682289,0
F164G,0.0333612,0.070876183,0
F164H,0.0341579,0.072578581,0
F164I,0.0208688,0.044182275,0
F164K,0.0294465,0.062511206,0
F164L,0.0448829,0.095495888,0
F164M,0.046246,0.098408576,0
F164N,0.0410739,0.087356771,0
F164P,0.0271645,0.057635001,0
F164Q,0.0369965,0.078644135,0
F164R,0.0372062,0.079092224,0
F164S,0.0378822,0.080536709,0
F164T,0.0161631,0.034127079,0
F164V,0.0305824,0.06493841,0
F164W,0.0595069,0.126744624,0
F164Y,0.0768607,0.163826429,0
N165A,0.0589499,0.12555442,0
N165C,0.0260899,0.055338783,0
N165D,0.0288458,0.061227623,0
N165E,0.0207224,0.043869446,0
N165F,0.0343804,0.073054021,0
N165G,0.0522195,0.111172821,0
N165H,0.0377262,0.080203366,0
N165I,0.0398031,0.084641311,0
N165K,0.200383,0.42777034,1
N165L,0.0287089,0.060935093,0
N165M,0.0463905,0.098717345,0
N165P,0.0232622,0.04929652,0
N165Q,0.0313464,0.066570934,0
N165R,0.120742,0.25759251,1
N165S,0.0667012,0.142117489,0
N165T,0.0341542,0.072570675,0
N165V,0.02021,0.042774543,0
N165W,0.0424946,0.09039254,0
N165Y,0.0398107,0.084657551,0
I166A,0.0307956,0.065393978,0
I166C,0.0186968,0.039541119,0
I166D,0.0176276,0.03725644,0
I166E,0.0321502,0.068288504,0
I166F,0.0223346,0.047314414,0
I166G,0.0350824,0.074554063,0
I166H,0.0639169,0.136167964,0
I166K,0.0367615,0.078141984,0
I166L,0.0406335,0.086415719,0
I166M,0.0622293,0.13256188,0
I166N,0.0258348,0.054793682,0
I166P,0.0308337,0.065475391,0
I166Q,0.0318339,0.06761263,0
I166R,0.069805,0.148749726,0
I166S,0.0478614,0.101860382,0
I166T,0.152454,0.325355086,1
I166V,0.0619507,0.131966565,0
I166W,0.0435992,0.092752862,0
I166Y,0.0336948,0.071589023,0
S167A,0.0182495,0.038585324,0
S167C,0.0420532,0.089449351,0
S167D,0.0351736,0.074748941,0
S167E,0.0304496,0.064654642,0
S167F,0.0252264,0.053493646,0
S167G,0.117176,0.249972639,1
S167H,0.157472,0.336077608,1
S167I,0.0410331,0.087269589,0
S167K,0.0504291,0.107347073,0
S167L,0.0138475,0.029179078,0
S167M,0.0561695,0.119613228,0
S167N,0.0161545,0.034108703,0
S167P,0.0601677,0.128156629,0
S167Q,0.0248143,0.052613066,0
S167R,0.174581,0.372636322,1
S167T,0.0133806,0.0281814,0
S167V,0.0151918,0.032051594,0
S167W,0.0412906,0.087819819,0
S167Y,0.0321605,0.068310513,0
T168A,0.0264028,0.056007391,0
T168C,0.0174187,0.03681006,0
T168D,0.00582749,0.012041826,0
T168E,0.0356859,0.075843629,0
T168F,0.0135501,0.02854359,0
T168G,0.0467823,0.099554548,0
T168H,0.0706345,0.150522211,0
T168I,0.0317962,0.067532072,0
T168K,0.173081,0.369431104,1
T168L,0.0234254,0.049645248,0
T168M,0.0420293,0.089398281,0
T168N,0.0202515,0.042863221,0
T168P,0.0351489,0.074696161,0
T168Q,0.0527071,0.112214731,0
T168R,0.206952,0.441807057,1
T168S,0.117264,0.250160678,1
T168V,0.0205272,0.04345234,0
T168W,0.00737821,0.015355423,0
T168Y,0.0169345,0.035775416,0
S169A,0.0288854,0.06131224,0
S169C,0.0344616,0.073227531,0
S169D,0.0204463,0.043279472,0
S169E,0.0312631,0.066392938,0
S169F,0.0352637,0.074941467,0
S169G,0.0843852,0.179904869,0
S169H,0.0683827,0.145710538,0
S169I,0.0408377,0.086852056,0
S169K,0.131602,0.280798286,1
S169L,0.0307286,0.065250812,0
S169M,0.0542074,0.11542059,0
S169N,0.0631144,0.134453172,0
S169P,0.0170261,0.035971148,0
S169Q,0.056016,0.119285227,0
S169R,0.176904,0.377600135,1
S169T,0.0156093,0.032943713,0
S169V,0.0218399,0.046257333,0
S169W,0.0277412,0.0588673,0
S169Y,0.0309651,0.065756168,0
I170A,0.0372156,0.07911231,0
I170C,0.0261467,0.055460154,0
I170D,0.0176778,0.037363708,0
I170E,0.0479379,0.102023848,0
I170F,0.0284665,0.06041713,0
I170G,0.107147,0.228542553,1
I170H,0.0337022,0.071604836,0
I170K,0.0687349,0.146463123,0
I170L,0.0165187,0.03488693,0
I170M,0.0560723,0.11940553,0
I170N,0.0802705,0.17111253,0
I170P,0.0189657,0.040115708,0
I170Q,0.0521496,0.111023458,0
I170R,0.18637,0.397827196,1
I170S,0.0305867,0.064947598,0
I170T,0.0625852,0.133322372,0
I170V,0.0202005,0.042754243,0
I170W,0.0185062,0.039133843,0
I170Y,0.03595,0.076407961,0
R171A,0.0260187,0.055186642,0
R171C,0.0219061,0.04639879,0
R171D,0.0441319,0.093891142,0
R171E,0.042964,0.091395559,0
R171F,0.0204363,0.043258104,0
R171G,0.0363844,0.077336192,0
R171H,0.0317448,0.06742224,0
R171I,0.049233,0.104791233,0
R171K,0.133802,0.285499272,1
R171L,0.0354394,0.075316905,0
R171M,0.033237,0.070610791,0
R171N,0.038005,0.08079911,0
R171P,0.0301526,0.064020008,0
R171Q,0.0311193,0.066085664,0
R171S,0.119131,0.254150106,1
R171T,0.0179152,0.037870987,0
R171V,0.0272989,0.057922188,0
R171W,0.0368129,0.078251816,0
R171Y,0.033796,0.071805269,0
G172A,0.0363442,0.077250293,0
G172C,0.0432511,0.092009038,0
G172D,0.0600264,0.127854698,0
G172E,0.033495,0.071162088,0
G172F,0.041989,0.089312168,0
G172H,0.0600803,0.127969872,0
G172I,0.0147822,0.031176356,0
G172K,0.192202,0.410289083,1
G172L,0.0243541,0.051629705,0
G172M,0.0120435,0.025324269,0
G172N,0.109835,0.234286303,1
G172P,0.0111087,0.023326778,0
G172Q,0.0323764,0.068771851,0
G172R,0.169679,0.36216167,1
G172S,0.0274822,0.058313866,0
G172T,0.0253823,0.053826775,0
G172V,0.0158656,0.033491378,0
G172W,0.0332342,0.070604808,0
G172Y,0.0157993,0.033349707,0
K173A,0.0203934,0.043166434,0
K173C,0.0491933,0.104706401,0
K173D,0.0311272,0.066102545,0
K173E,0.0470971,0.100227216,0
K173F,0.0500141,0.106460296,0
K173G,0.0186127,0.039361414,0
K173H,0.0635014,0.135280119,0
K173I,0.0926495,0.197564123,0
K173L,0.100085,0.213452388,1
K173M,0.0582645,0.124089849,0
K173N,0.0478071,0.101744353,0
K173P,0.0336548,0.071503551,0
K173Q,0.0253109,0.053674207,0
K173R,0.0751635,0.160199832,0
K173S,0.0516892,0.11003967,0
K173T,0.0371063,0.078878757,0
K173V,0.0405576,0.086253535,0
K173W,0.0408662,0.086912956,0
K173Y,0.0198053,0.041909775,0
V174A,0.0818442,0.174475231,0
V174C,0.0344341,0.073168768,0
V174D,0.0236718,0.050171758,0
V174E,0.0235005,0.049805722,0
V174F,0.016607,0.03507561,0
V174G,0.0337554,0.071718514,0
V174H,0.101517,0.216512302,1
V174I,0.0275299,0.058415792,0
V174K,0.0798293,0.170169768,0
V174L,0.0335153,0.071205466,0
V174M,0.110852,0.236459441,1
V174N,0.046148,0.098199168,0
V174P,0.0360613,0.076645788,0
V174Q,0.0692217,0.147503323,0
V174R,0.0656434,0.13985717,0
V174S,0.0288726,0.061284889,0
V174T,0.0613204,0.130619732,0
V174W,0.0450783,0.095913421,0
V174Y,0.0399576,0.084971448,0
Q175A,0.0567576,0.120869887,0
Q175C,0.0223057,0.04725266,0
Q175D,0.0331549,0.070435359,0
Q175E,0.0152527,0.032181726,0
Q175F,0.039801,0.084636824,0
Q175G,0.0159039,0.033573218,0
Q175H,0.0308626,0.065537145,0
Q175I,0.0229554,0.048640946,0
Q175K,0.041031,0.087265102,0
Q175L,0.058166,0.123879373,0
Q175M,0.039204,0.083361147,0
Q175N,0.0309504,0.065724757,0
Q175P,0.00730172,0.015191978,0
Q175R,0.0972545,0.207404142,0
Q175S,0.0937772,0.199973806,0
Q175T,0.0349359,0.07424102,0
Q175V,0.216119,0.461395211,1
Q175W,0.0517912,0.110257625,0
Q175Y,0.0321852,0.068363292,0
K176A,0.0522771,0.111295902,0
K176C,0.0268782,0.057023232,0
K176D,0.0427038,0.090839561,0
K176E,0.0545817,0.116220398,0
K176F,0.0631845,0.134602963,0
K176G,0.0162379,0.034286913,0
K176H,0.016105,0.034002931,0
K176I,0.0361767,0.076892377,0
K176L,0.0121219,0.025491795,0
K176M,0.0377535,0.080261701,0
K176N,0.0655972,0.139758449,0
K176P,0.0369117,0.078462933,0
K176Q,0.0512215,0.109040283,0
K176R,0.230267,0.491626825,1
K176S,0.055321,0.117800143,0
K176T,0.0136366,0.028728424,0
K176V,0.0382287,0.081277114,0
K176W,0.0173271,0.036614328,0
K176Y,0.030811,0.065426885,0
E177A,0.0975424,0.20801933,0
E177C,0.0422261,0.089818806,0
E177D,0.0694118,0.147909531,0
E177F,0.023799,0.050443561,0
E177G,0.0354664,0.075374599,0
E177H,0.0373835,0.079471081,0
E177I,0.0314793,0.066854917,0
E177K,0.0937909,0.20000308,0
E177L,0.054797,0.116680454,0
E177M,0.0697703,0.148675578,0
E177N,0.0783533,0.167015834,0
E177P,0.00561961,0.011597625,0
E177Q,0.0687084,0.146406498,0
E177R,0.0466949,0.099367791,0
E177S,0.0507963,0.108131711,0
E177T,0.0364731,0.077525728,0
E177V,0.0279252,0.059260474,0
E177W,0.0464665,0.098879743,0
E177Y,0.0380727,0.080943772,0
Y178A,0.025657,0.054413757,0
Y178C,0.0293979,0.062407357,0
Y178D,0.0409245,0.087037532,0
Y178E,0.0313724,0.066626491,0
Y178F,0.0691839,0.147422552,0
Y178G,0.0153028,0.03228878,0
Y178H,0.181928,0.388335478,1
Y178I,0.0171569,0.036250643,0
Y178K,0.0302191,0.064162106,0
Y178L,0.0122362,0.025736033,0
Y178M,0.0456153,0.097060889,0
Y178N,0.119696,0.255357404,1
Y178P,0.0166574,0.035183305,0
Y178Q,0.0447437,0.095198443,0
Y178R,0.0128204,0.026984358,0
Y178S,0.0435971,0.092748375,0
Y178T,0.0749823,0.159812642,0
Y178V,0.0493339,0.105006837,0
Y178W,0.0313212,0.066517087,0
A179C,0.057316,0.122063083,0
A179D,0.0331151,0.070350313,0
A179E,0.0450289,0.095807862,0
A179F,0.0424674,0.090334419,0
A179G,0.0673023,0.143401927,0
A179H,0.0325514,0.069145793,0
A179I,0.0247078,0.052385495,0
A179K,0.0289421,0.061433398,0
A179L,0.0196954,0.04167494,0
A179M,0.0454225,0.096648911,0
A179N,0.0218791,0.046341096,0
A179P,0.0209399,0.044334202,0
A179Q,0.0293116,0.06222295,0
A179R,0.0260367,0.055225105,0
A179S,0.0989894,0.211111297,0
A179T,0.0695092,0.148117657,0
A179V,0.0734344,0.15650507,0
A179W,0.047271,0.100598808,0
A179Y,0.0225012,0.047670406,0
F180A,0.0857893,0.182905167,0
F180C,0.0548568,0.116808235,0
F180D,0.0371098,0.078886236,0
F180E,0.0291615,0.061902214,0
F180G,0.0135035,0.028444015,0
F180H,0.0373548,0.079409755,0
F180I,0.0696947,0.148514035,0
F180K,0.0179139,0.03786821,0
F180L,0.166329,0.35500335,1
F180M,0.042041,0.089423282,0
F180N,0.0298611,0.063397128,0
F180P,0.0304242,0.064600366,0
F180Q,0.0169165,0.035736953,0
F180R,0.0293093,0.062218035,0
F180S,0.0638038,0.135926291,0
F180T,0.0291023,0.061775715,0
F180V,0.0387217,0.082330563,0
F180W,0.055883,0.119001031,0
F180Y,0.0760341,0.16206014,0
F181A,0.0431381,0.091767578,0
F181C,0.0528974,0.112621366,0
F181D,0.0412776,0.08779204,0
F181E,0.0372629,0.079213382,0
F181G,0.0321957,0.068385729,0
F181H,0.0477731,0.101671701,0
F181I,0.07507,0.16000004,0
F181K,0.0221709,0.046964617,0
F181L,0.120277,0.256598892,1
F181M,0.0436792,0.092923807,0
F181N,0.0367703,0.078160788,0
F181P,0.045517,0.09685084,0
F181Q,0.0352796,0.074975443,0
F181R,0.057747,0.122984049,0
F181S,0.0499074,0.106232299,0
F181T,0.0202348,0.042827536,0
F181V,0.0340657,0.072381567,0
F181W,0.0346199,0.073565788,0
F181Y,0.0515168,0.109671284,0
Y182A,0.0361945,0.076930412,0
Y182C,0.0469791,0.099975073,0
Y182D,0.0543402,0.115704358,0
Y182E,0.0475449,0.101184081,0
Y182F,0.067468,0.143755996,0
Y182G,0.0208226,0.044083554,0
Y182H,0.0520738,0.110861488,0
Y182I,0.0268572,0.056978359,0
Y182K,0.033978,0.072194168,0
Y182L,0.0500628,0.106564359,0
Y182M,0.0448737,0.095476229,0
Y182N,0.0528978,0.112622221,0
Y182P,0.0280385,0.059502575,0
Y182Q,0.0434202,0.092370373,0
Y182R,0.0255039,0.054086611,0
Y182S,0.0207751,0.043982056,0
Y182T,0.0222215,0.04707274,0
Y182V,0.0205008,0.043395928,0
Y182W,0.0476569,0.101423404,0
K183A,0.0383525,0.081541652,0
K183C,0.0398045,0.084644302,0
K183D,0.0390563,0.08304554,0
K183E,0.0760089,0.162006293,0
K183F,0.0429745,0.091417996,0
K183G,0.0266332,0.056499713,0
K183H,0.0448401,0.095404432,0
K183I,0.0834221,0.177846906,0
K183L,0.040208,0.085506506,0
K183M,0.0611276,0.130207755,0
K183N,0.0644937,0.137400477,0
K183P,0.0286052,0.060713506,0
K183Q,0.0466902,0.099357748,0
K183R,0.101764,0.217040095,1
K183S,0.0140454,0.029601953,0
K183T,0.054674,0.116417626,0
K183V,0.0483611,0.102928147,0
K183W,0.044311,0.094273845,0
K183Y,0.0178837,0.037803678,0
L184A,0.018863,0.039896258,0
L184C,0.0416058,0.088493342,0
L184D,0.0399144,0.084879138,0
L184E,0.0224533,0.047568053,0
L184F,0.188024,0.401361483,1
L184G,0.0996813,0.212589757,0
L184H,0.0429699,0.091408167,0
L184I,0.0483966,0.103004003,0
L184K,0.0421147,0.089580765,0
L184M,0.0477894,0.101706531,0
L184N,0.043634,0.092827223,0
L184P,0.0686101,0.146196449,0
L184Q,0.0319534,0.067867979,0
L184R,0.0275554,0.058470281,0
L184S,0.0494405,0.105234621,0
L184T,0.0236145,0.050049319,0
L184V,0.0153199,0.03232532,0
L184W,0.0420045,0.089345288,0
L184Y,0.0209612,0.044379716,0
D185A,0.0443001,0.094250554,0
D185C,0.0459233,0.097719027,0
D185E,0.0478336,0.101800978,0
D185F,0.04384,0.093267407,0
D185G,0.0748939,0.159623747,0
D185H,0.0359947,0.076503477,0
D185I,0.0457112,0.097265809,0
D185K,0.0462875,0.098497254,0
D185L,0.0180843,0.038232322,0
D185M,0.0493295,0.104997435,0
D185N,0.0668692,0.142476473,0
D185P,0.0340704,0.07239161,0
D185Q,0.0403719,0.085856729,0
D185R,0.0339388,0.072110405,0
D185S,0.0475228,0.101136857,0
D185T,0.0365493,0.077688553,0
D185V,0.0409197,0.087027275,0
D185W,0.0459402,0.097755139,0
D185Y,0.0512485,0.109097977,0
I186A,0.0352362,0.074882705,0
I186C,0.0457129,0.097269441,0
I186D,0.0329672,0.070034279,0
I186E,0.0312271,0.066316013,0
I186F,0.0330403,0.07019048,0
I186G,0.0352554,0.074923732,0
I186H,0.0432146,0.091931044,0
I186K,0.0646497,0.13773382,0
I186L,0.105927,0.225935642,1
I186M,0.0521558,0.111036706,0
I186N,0.0358419,0.076176972,0
I186P,0.0394807,0.083952403,0
I186Q,0.030003,0.063700341,0
I186R,0.0329841,0.070070391,0
I186S,0.0300944,0.063895646,0
I186T,0.0572546,0.121931883,0
I186V,0.0696711,0.148463607,0
I186W,0.0493809,0.105107267,0
I186Y,0.0369652,0.078577253,0
I187A,0.066054,0.140734544,0
I187C,0.0307722,0.065343977,0
I187D,0.0386063,0.082083975,0
I187E,0.0524373,0.111638219,0
I187F,0.0457067,0.097256193,0
I187G,0.0359326,0.076370781,0
I187H,0.0355153,0.075479089,0
I187K,0.0649254,0.138322939,0
I187L,0.0394168,0.083815861,0
I187M,0.149194,0.31838908,1
I187N,0.028536,0.060565638,0
I187P,0.0247456,0.052466267,0
I187Q,0.0342146,0.072699738,0
I187R,0.113892,0.242955349,1
I187S,0.035641,0.075747686,0
I187T,0.0282022,0.059852371,0
I187V,0.0483295,0.102860623,0
I187W,0.0422221,0.089810259,0
I187Y,0.0389162,0.082746173,0
P188A,0.0846074,0.180379669,0
P188C,0.0375626,0.079853784,0
P188D,0.0353409,0.075106429,0
P188E,0.0459841,0.097848945,0
P188F,0.0460807,0.098055361,0
P188G,0.0384757,0.081804907,0
P188H,0.0266904,0.056621939,0
P188I,0.0487388,0.10373522,0
P188K,0.0515027,0.109641155,0
P188L,0.0576761,0.122832549,0
P188M,0.0429384,0.091340857,0
P188N,0.0177104,0.037433368,0
P188Q,0.0434103,0.092349219,0
P188R,0.0455672,0.096958108,0
P188S,0.111939,0.238782155,1
P188T,0.0688029,0.146608427,0
P188V,0.0508993,0.108351802,0
P188W,0.0418498,0.089014724,0
P188Y,0.0238675,0.050589932,0
I189A,0.0270096,0.057304009,0
I189C,0.0348725,0.074105547,0
I189D,0.0238823,0.050621557,0
I189E,0.0249025,0.052801533,0
I189F,0.122532,0.261417403,1
I189G,0.0229446,0.048617869,0
I189H,0.061248,0.130465027,0
I189K,0.0548902,0.116879605,0
I189L,0.0231998,0.049163183,0
I189M,0.111063,0.236910308,1
I189N,0.057332,0.122097272,0
I189P,0.0262114,0.055598406,0
I189Q,0.0307916,0.065385431,0
I189R,0.0694803,0.148055903,0
I189S,0.030788,0.065377739,0
I189T,0.0219347,0.046459903,0
I189V,0.0893892,0.190597476,0
I189W,0.0390638,0.083061566,0
I189Y,0.0618496,0.131750533,0
D190A,0.0755245,0.160971221,0
D190C,0.0302774,0.064286683,0
D190E,0.031052,0.065941857,0
D190F,0.0350181,0.074416666,0
D190G,0.0513524,0.109319992,0
D190H,0.0468548,0.099709467,0
D190I,0.0813231,0.173361738,0
D190K,0.0796531,0.169793262,0
D190L,0.0564773,0.120270939,0
D190M,0.0524951,0.111761727,0
D190N,0.0532354,0.113343608,0
D190P,0.0247516,0.052479088,0
D190Q,0.12175,0.259746416,1
D190R,0.0493155,0.10496752,0
D190S,0.0213918,0.045299827,0
D190T,0.0274136,0.058167281,0
D190V,0.0669688,0.1426893,0
D190W,0.0452151,0.096205737,0
D190Y,0.0329959,0.070095605,0
N191A,0.0429585,0.091383807,0
N191C,0.0258102,0.054741117,0
N191D,0.148284,0.316444581,1
N191E,0.0330749,0.070264414,0
N191F,0.0325925,0.069233616,0
N191G,0.0484525,0.103123451,0
N191H,0.0614399,0.130875081,0
N191I,0.0408284,0.086832184,0
N191K,0.105066,0.224095847,1
N191L,0.0243146,0.051545301,0
N191M,0.0319685,0.067900245,0
N191P,0.0447798,0.095275582,0
N191Q,0.0665003,0.141688204,0
N191R,0.0432073,0.091915446,0
N191S,0.0423301,0.090041034,0
N191T,0.041652,0.088592062,0
N191V,0.0416101,0.08850253,0
N191W,0.0487158,0.103686074,0
N191Y,0.0307195,0.065231367,0
D192A,0.0546047,0.116269545,0
D192C,0.0206439,0.043701706,0
D192E,0.0758875,0.161746884,0
D192F,0.0619554,0.131976608,0
D192G,0.0487538,0.103767273,0
D192H,0.0609474,0.129822701,0
D192I,0.0656243,0.139816356,0
D192K,0.0806998,0.172029863,0
D192L,0.0300452,0.063790515,0
D192M,0.0324607,0.068951984,0
D192N,0.0622546,0.132615942,0
D192P,0.0229979,0.048731761,0
D192Q,0.0802171,0.170998424,0
D192R,0.0735651,0.156784352,0
D192S,0.0347256,0.073791649,0
D192T,0.0401834,0.08545394,0
D192V,0.063046,0.134307015,0
D192W,0.0188338,0.039833863,0
D192Y,0.0473365,0.100738769,0
T193A,0.0514523,0.109533459,0
T193C,0.0578342,0.123170379,0
T193D,0.0213867,0.04528893,0
T193E,0.022883,0.048486241,0
T193F,0.0144699,0.03050903,0
T193G,0.0205247,0.043446998,0
T193H,0.0528369,0.112492089,0
T193I,0.0657704,0.140128545,0
T193K,0.0579486,0.12341483,0
T193L,0.0259452,0.055029586,0
T193M,0.0356185,0.075699608,0
T193N,0.0884262,0.188539726,0
T193P,0.15069,0.32158575,1
T193Q,0.168656,0.359975711,1
T193R,0.073528,0.156705076,0
T193S,0.0190434,0.040281738,0
T193V,0.0262822,0.055749692,0
T193W,0.0238455,0.050542923,0
T193Y,0.00851249,0.017779165,0
T194A,0.0699089,0.14897174,0
T194C,0.0344979,0.073305097,0
T194D,0.0482628,0.102718098,0
T194E,0.0362544,0.077058407,0
T194F,0.0698604,0.148868105,0
T194G,0.0281748,0.059793822,0
T194H,0.0850157,0.181252129,0
T194I,0.0456766,0.097191875,0
T194K,0.0317871,0.067512627,0
T194L,0.0412478,0.087728363,0
T194M,0.0511188,0.108820833,0
T194N,0.056832,0.121028866,0
T194P,0.041725,0.08874805,0
T194Q,0.0395945,0.084195572,0
T194R,0.079775,0.17005374,0
T194S,0.0877095,0.187008273,0
T194V,0.0240842,0.05105298,0
T194W,0.0365006,0.07758449,0
T194Y,0.0319035,0.067761352,0
S195A,0.0356045,0.075669693,0
S195C,0.0462141,0.098340412,0
S195D,0.0188137,0.039790913,0
S195E,0.0354124,0.075259211,0
S195F,0.0766422,0.163359535,0
S195G,0.0743787,0.158522862,0
S195H,0.0210373,0.044542328,0
S195I,0.0627889,0.13375764,0
S195K,0.0699048,0.148962979,0
S195L,0.0393903,0.083759235,0
S195M,0.0450831,0.095923677,0
S195N,0.0837432,0.178533036,0
S195P,0.0115719,0.024316549,0
S195Q,0.026711,0.056665957,0
S195R,0.137759,0.293954636,1
S195T,0.0640595,0.136472673,0
S195V,0.0241783,0.051254054,0
S195W,0.0347051,0.073747844,0
S195Y,0.0438762,0.093344759,0
Y196A,0.032384,0.06878809,0
Y196C,0.0675546,0.143941044,0
Y196D,0.0305891,0.064952727,0
Y196E,0.0353717,0.075172243,0
Y196F,0.105667,0.225380071,1
Y196G,0.0160913,0.033973656,0
Y196H,0.159261,0.339900364,1
Y196I,0.0247278,0.052428232,0
Y196K,0.0158983,0.033561252,0
Y196L,0.0158906,0.033544798,0
Y196M,0.0294386,0.062494325,0
Y196N,0.0413312,0.087906573,0
Y196P,0.0153038,0.032290917,0
Y196Q,0.0499697,0.106365422,0
Y196R,0.00727057,0.015125416,0
Y196S,0.034144,0.072548879,0
Y196T,0.0282832,0.060025452,0
Y196V,0.0174608,0.03690002,0
Y196W,0.0572459,0.121913292,0
T197A,0.0414308,0.0881194,0
T197C,0.0297196,0.063094769,0
T197D,0.0332683,0.070677673,0
T197E,0.0242654,0.05144017,0
T197F,0.0488362,0.103943346,0
T197G,0.0247972,0.052576526,0
T197H,0.0838189,0.178694793,0
T197I,0.0168981,0.035697636,0
T197K,0.175724,0.375078697,1
T197L,0.0271911,0.05769184,0
T197M,0.0603646,0.128577367,0
T197N,0.0169689,0.035848922,0
T197P,0.00678065,0.014078549,0
T197Q,0.0238192,0.050486724,0
T197R,0.205617,0.438954413,1
T197S,0.00968448,0.020283488,0
T197V,0.056611,0.12055663,0
T197W,0.0297404,0.063139215,0
T197Y,0.0284614,0.060406232,0
L198A,0.0438713,0.093334289,0
L198C,0.0222033,0.04703385,0
L198D,0.0538599,0.114678047,0
L198E,0.0176581,0.037321613,0
L198F,0.0537067,0.114350688,0
L198G,0.0168276,0.035546991,0
L198H,0.0322758,0.068556887,0
L198I,0.0879555,0.187533929,0
L198K,0.015294,0.032269976,0
L198M,0.0472455,0.100544319,0
L198N,0.0316673,0.067256637,0
L198P,0.0314825,0.066861754,0
L198Q,0.013639,0.028733553,0
L198R,0.0148572,0.031336617,0
L198S,0.043207,0.091914805,0
L198T,0.0246233,0.052204935,0
L198V,0.123191,0.262825562,1
L198W,0.0968274,0.20649151,0
L198Y,0.0179912,0.038033385,0
T199A,0.0808918,0.172440131,0
T199C,0.0342358,0.072745038,0
T199D,0.020415,0.04321259,0
T199E,0.0652973,0.139117619,0
T199F,0.0121633,0.025580259,0
T199G,0.0776104,0.165428397,0
T199H,0.0498458,0.106100671,0
T199I,0.0532471,0.113368609,0
T199K,0.104077,0.221982541,1
T199L,0.0231696,0.049098651,0
T199M,0.041785,0.088876258,0
T199N,0.0602365,0.128303642,0
T199P,0.0426157,0.090651308,0
T199Q,0.0376489,0.080038191,0
T199R,0.0596787,0.127111728,0
T199S,0.0755328,0.160988956,0
T199V,0.0361038,0.076736603,0
T199W,0.0398953,0.084838325,0
T199Y,0.0270852,0.057465552,0
S200A,0.0363842,0.077335765,0
S200C,0.0971898,0.20726589,0
S200D,0.0355123,0.075472679,0
S200E,0.0239493,0.050764724,0
S200F,0.0347174,0.073774127,0
S200G,0.109348,0.233245676,1
S200H,0.0470404,0.100106059,0
S200I,0.0242763,0.051463461,0
S200K,0.0838294,0.178717229,0
S200L,0.0160829,0.033955707,0
S200M,0.0553493,0.117860615,0
S200N,0.0473006,0.100662058,0
S200P,0.0421095,0.089569654,0
S200Q,0.0594676,0.126660647,0
S200R,0.0984274,0.209910408,0
S200T,0.0469976,0.100014604,0
S200V,0.0172904,0.036535907,0
S200W,0.0277495,0.058885036,0
S200Y,0.0295769,0.062789846,0
C201A,0.0294191,0.062452657,0
C201D,0.0245215,0.051987407,0
C201E,0.0312631,0.066392938,0
C201F,0.0583592,0.124292205,0
C201G,0.0223596,0.047367834,0
C201H,0.0276431,0.058657679,0
C201I,0.0148041,0.031223152,0
C201K,0.0400458,0.085159915,0
C201L,0.0224782,0.04762126,0
C201M,0.0470863,0.100204139,0
C201N,0.0294114,0.062436203,0
C201P,0.0268469,0.05695635,0
C201Q,0.0358967,0.076294069,0
C201R,0.0247022,0.052373529,0
C201S,0.0154884,0.032685372,0
C201T,0.0261601,0.055488787,0
C201V,0.0163424,0.03451021,0
C201W,0.0328044,0.069686406,0
C201Y,0.0839444,0.178962963,0
N202A,0.0334477,0.071061017,0
N202C,0.0163733,0.034576237,0
N202D,0.0642626,0.13690666,0
N202E,0.0378119,0.080386491,0
N202F,0.0147973,0.031208622,0
N202G,0.0118268,0.024861222,0
N202H,0.0183986,0.038903922,0
N202I,0.0112005,0.023522937,0
N202K,0.164201,0.350456215,1
N202L,0.00875136,0.018289586,0
N202M,0.0343154,0.072915129,0
N202P,0.0546721,0.116413566,0
N202Q,0.0247674,0.052512849,0
N202R,0.263849,0.56338524,1
N202S,0.0478985,0.101939657,0
N202T,0.022023,0.046648583,0
N202V,0.0140696,0.029653664,0
N202W,0.0252798,0.053607752,0
N202Y,0.0434302,0.092391741,0
T203A,0.0606543,0.129196402,0
T203C,0.0620739,0.13222982,0
T203D,0.0353452,0.075115617,0
T203E,0.0343166,0.072917693,0
T203F,0.0465128,0.098978677,0
T203G,0.118049,0.251838075,1
T203H,0.0349405,0.07425085,0
T203I,0.0453088,0.096405956,0
T203K,0.0454494,0.096706392,0
T203L,0.0230532,0.048849927,0
T203M,0.0615089,0.131022521,0
T203N,0.0516129,0.109876631,0
T203P,0.00218632,0.004261331,0
T203Q,0.1174,0.250451285,1
T203R,0.0797215,0.16993942,0
T203S,0.0504379,0.107365877,0
T203V,0.0314716,0.066838463,0
T203W,0.0465843,0.099131459,0
T203Y,0.0177018,0.037414992,0
S204A,0.0602739,0.128383558,0
S204C,0.0280133,0.059448727,0
S204D,0.0272618,0.057842913,0
S204E,0.0298048,0.063276825,0
S204F,0.0232577,0.049286905,0
S204G,0.0103596,0.021726092,0
S204H,0.0276162,0.058600199,0
S204I,0.0142746,0.03009171,0
S204K,0.192066,0.409998476,1
S204L,0.0313387,0.066554481,0
S204M,0.0499836,0.106395124,0
S204N,0.0584616,0.124511014,0
S204P,0.024676,0.052317545,0
S204Q,0.00898225,0.018782954,0
S204R,0.181854,0.388177354,1
S204T,0.0728312,0.155216146,0
S204V,0.00767362,0.015986658,0
S204W,0.0275284,0.058412587,0
S204Y,0.0111306,0.023373574,0
V205A,0.0708515,0.150985899,0
V205C,0.0331721,0.070472112,0
V205D,0.100132,0.213552818,1
V205E,0.0163083,0.034437344,0
V205F,0.0886342,0.188984183,0
V205G,0.0870704,0.185642637,0
V205H,0.0591037,0.125883061,0
V205I,0.0641691,0.136706868,0
V205K,0.0927488,0.197776309,0
V205L,0.0313828,0.066648714,0
V205M,0.0297114,0.063077247,0
V205N,0.0134663,0.028364525,0
V205P,0.00620826,0.01285546,0
V205Q,0.0566437,0.120626504,0
V205R,0.0644688,0.13734727,0
V205S,0.0258724,0.054874026,0
V205T,0.012241,0.02574629,0
V205W,0.0716895,0.152776548,0
V205Y,0.0523735,0.11150189,0
I206A,0.0359006,0.076302403,0
I206C,0.0182993,0.038691737,0
I206D,0.0331996,0.070530874,0
I206E,0.0210686,0.04460921,0
I206F,0.0328288,0.069738544,0
I206G,0.0323106,0.068631248,0
I206H,0.0186832,0.039512059,0
I206K,0.0385097,0.081877559,0
I206L,0.0493168,0.104970298,0
I206M,0.0514048,0.109431961,0
I206N,0.0602312,0.128292317,0
I206P,0.042871,0.091196836,0
I206Q,0.0670973,0.14296388,0
I206R,0.0281418,0.059723307,0
I206S,0.0229612,0.04865334,0
I206T,0.121858,0.259977192,1
I206V,0.122657,0.261684504,1
I206W,0.0327116,0.06948811,0
I206Y,0.0372208,0.079123422,0
T207A,0.0828801,0.176688754,0
T207C,0.00620222,0.012842553,0
T207D,0.0174822,0.036945748,0
T207E,0.0138346,0.029151513,0
T207F,0.0263371,0.055867003,0
T207G,0.0516999,0.110062534,0
T207H,0.00933139,0.019529001,0
T207I,0.0666822,0.14207689,0
T207K,0.156041,0.33301983,1
T207L,0.0281429,0.059725658,0
T207M,0.0709544,0.151205777,0
T207N,0.0743542,0.15847051,0
T207P,0.109292,0.233126014,1
T207Q,0.0467511,0.099487879,0
T207R,0.0294466,0.062511419,0
T207S,0.0758997,0.161772953,0
T207V,0.0480607,0.102286248,0
T207W,0.0302247,0.064174073,0
T207Y,0.0138556,0.029196386,0
Q208A,0.0281892,0.059824592,0
Q208C,0.0116865,0.024561428,0
Q208D,0.00875753,0.01830277,0
Q208E,0.0484091,0.103030714,0
Q208F,0.0306774,0.065141407,0
Q208G,0.0179829,0.03801565,0
Q208H,0.0511671,0.108924041,0
Q208I,0.0139955,0.029495326,0
Q208K,0.182719,0.390025696,1
Q208L,0.123879,0.264295688,1
Q208M,0.0441176,0.093860586,0
Q208N,0.00442338,0.009041507,0
Q208P,0.00437617,0.008940628,0
Q208R,0.111411,0.237653918,1
Q208S,0.0152319,0.03213728,0
Q208T,0.0218157,0.046205622,0
Q208V,0.182225,0.388970111,1
Q208W,0.0221573,0.046935557,0
Q208Y,0.0476449,0.101397762,0
A209C,0.029305,0.062208847,0
A209D,0.0458509,0.097564321,0
A209E,0.0181419,0.038355403,0
A209F,0.0487761,0.103814923,0
A209G,0.00927188,0.019401839,0
A209H,0.0740949,0.157916435,0
A209I,0.154616,0.329974873,1
A209K,0.066195,0.141035835,0
A209L,0.0302566,0.064242237,0
A209M,0.0343279,0.072941839,0
A209N,0.061917,0.131894554,0
A209P,0.00255098,0.00504054,0
A209Q,0.03052,0.064805073,0
A209R,0.0753096,0.16051202,0
A209S,0.0461318,0.098164552,0
A209T,0.0371576,0.078988375,0
A209V,0.0684719,0.145901142,0
A209W,0.0307283,0.065250171,0
A209Y,0.101086,0.215591336,1
C210A,0.0322474,0.068496202,0
C210D,0.0408394,0.086855689,0
C210E,0.043078,0.091639156,0
C210F,0.0742725,0.158295932,0
C210G,0.0442785,0.094204399,0
C210H,0.0328563,0.069797307,0
C210I,0.0418502,0.089015578,0
C210K,0.0371165,0.078900552,0
C210L,0.0347329,0.073807248,0
C210M,0.0419443,0.089216652,0
C210N,0.0345493,0.073414929,0
C210P,0.0258662,0.054860778,0
C210Q,0.0393202,0.083609445,0
C210R,0.0315102,0.066920944,0
C210S,0.0348542,0.074066443,0
C210T,0.0346503,0.073630747,0
C210V,0.027122,0.057544186,0
C210W,0.0409731,0.087141381,0
C210Y,0.0454368,0.096679468,0
P211A,0.0340596,0.072368532,0
P211C,0.031751,0.067435488,0
P211D,0.0542468,0.11550478,0
P211E,0.0185746,0.039280001,0
P211F,0.0628423,0.133871746,0
P211G,0.0545077,0.116062274,0
P211H,0.0283632,0.060196397,0
P211I,0.0986596,0.210406576,0
P211K,0.0837094,0.178460812,0
P211L,0.0651681,0.138841543,0
P211M,0.0749087,0.159655372,0
P211N,0.0233861,0.049561271,0
P211Q,0.0514495,0.109527476,0
P211R,0.131105,0.279736291,1
P211S,0.0268038,0.056864253,0
P211T,0.0335224,0.071220637,0
P211V,0.0326503,0.069357123,0
P211W,0.0314201,0.066728417,0
P211Y,0.0364054,0.077381065,0
K212A,0.0159144,0.033595654,0
K212C,0.0155025,0.032715501,0
K212D,0.0158526,0.033463599,0
K212E,0.00652725,0.013537081,0
K212F,0.104602,0.223104367,1
K212G,0.00786398,0.016393422,0
K212H,0.010678,0.022406453,0
K212I,0.0966456,0.206103037,0
K212L,0.160106,0.34170597,1
K212M,0.0762281,0.162474682,0
K212N,0.0146228,0.030835748,0
K212P,0.00917145,0.019187239,0
K212Q,0.00798984,0.016662361,0
K212R,0.0471339,0.100305851,0
K212S,0.00779888,0.016254315,0
K212T,0.015501,0.032712296,0
K212V,0.18759,0.400434107,1
K212W,0.0918027,0.195754671,0
K212Y,0.104987,0.223927039,1
V213A,0.0653615,0.139254802,0
V213C,0.00332193,0.006687915,0
V213D,0.0334236,0.07100952,0
V213E,0.0219534,0.046499861,0
V213F,0.0535979,0.114118203,0
V213G,0.0484059,0.103023876,0
V213H,0.0468247,0.099645149,0
V213I,0.10203,0.217608487,1
V213K,0.127853,0.272787379,1
V213L,0.0325646,0.069173999,0
V213M,0.0369731,0.078594133,0
V213N,0.0887034,0.18913205,0
V213P,0.0474144,0.100905227,0
V213Q,0.0380069,0.08080317,0
V213R,0.0687026,0.146394104,0
V213S,0.0384577,0.081766444,0
V213T,0.0253214,0.053696643,0
V213W,0.0574407,0.122329543,0
V213Y,0.0351612,0.074722444,0
S214A,0.0464282,0.098797903,0
S214C,0.0342239,0.07271961,0
S214D,0.0141612,0.029849396,0
S214E,0.0248038,0.052590629,0
S214F,0.0260717,0.055299893,0
S214G,0.052187,0.111103375,0
S214H,0.108196,0.230784068,1
S214I,0.0871441,0.18580012,0
S214K,0.0144344,0.030433173,0
S214L,0.033911,0.072051002,0
S214M,0.0543127,0.115645596,0
S214N,0.0304485,0.064652291,0
S214P,0.0474068,0.100888987,0
S214Q,0.0365525,0.07769539,0
S214R,0.0594389,0.126599321,0
S214T,0.0390659,0.083066053,0
S214V,0.0689265,0.146872536,0
S214W,0.069084,0.147209084,0
S214Y,0.120327,0.256705733,1
F215A,0.074917,0.159673108,0
F215C,0.0244761,0.051890396,0
F215D,0.0463982,0.098733799,0
F215E,0.0162206,0.034249946,0
F215G,0.0201998,0.042752748,0
F215H,0.0609422,0.12981159,0
F215I,0.109501,0.233572608,1
F215K,0.0552845,0.11772215,0
F215L,0.0392482,0.083455594,0
F215M,0.0303637,0.064471089,0
F215N,0.102768,0.219185454,1
F215P,0.00733576,0.015264715,0
F215Q,0.13015,0.277695635,1
F215R,0.0217536,0.046072926,0
F215S,0.0568199,0.12100301,0
F215T,0.100177,0.213648974,1
F215V,0.0283059,0.060073958,0
F215W,0.0270354,0.057359139,0
F215Y,0.0242952,0.051503847,0
E216A,0.052812,0.112438882,0
E216C,0.0212852,0.045072043,0
E216D,0.038082,0.080963644,0
E216F,0.0958888,0.204485898,0
E216G,0.041157,0.08753434,0
E216H,0.0365617,0.077715049,0
E216I,0.026389,0.055977903,0
E216K,0.117636,0.250955572,1
E216L,0.0540934,0.115176993,0
E216M,0.0615593,0.131130216,0
E216N,0.0430882,0.091660951,0
E216P,0.00846494,0.01767756,0
E216Q,0.058392,0.124362292,0
E216R,0.128368,0.273887837,1
E216S,0.0305584,0.064887127,0
E216T,0.0109495,0.022986597,0
E216V,0.0467223,0.099426339,0
E216W,0.0381307,0.081067707,0
E216Y,0.0357192,0.075914785,0
P217A,0.044375,0.094410601,0
P217C,0.0515249,0.109688592,0
P217D,0.0427147,0.090862852,0
P217E,0.0440731,0.093765497,0
P217F,0.035395,0.075222031,0
P217G,0.0326175,0.069287036,0
P217H,0.0319937,0.067954093,0
P217I,0.0710284,0.151363901,0
P217K,0.0388627,0.082631853,0
P217L,0.0487247,0.103705091,0
P217M,0.0250435,0.053102823,0
P217N,0.0487473,0.103753383,0
P217Q,0.0554008,0.117970661,0
P217R,0.0247884,0.052557722,0
P217S,0.0974449,0.207810991,0
P217T,0.14598,0.311521366,1
P217V,0.0390538,0.083040198,0
P217W,0.0279609,0.059336758,0
P217Y,0.0450095,0.095766408,0
I218A,0.0416752,0.088641636,0
I218C,0.0286603,0.060831244,0
I218D,0.0136498,0.02875663,0
I218E,0.0327293,0.069525931,0
I218F,0.0277875,0.058966235,0
I218G,0.00495831,0.010184552,0
I218H,0.096676,0.206167996,0
I218K,0.101087,0.215593473,1
I218L,0.0128722,0.027095045,0
I218M,0.0845875,0.180337146,0
I218N,0.0395167,0.084029328,0
I218P,0.0720515,0.153550073,0
I218Q,0.0524243,0.11161044,0
I218R,0.0815052,0.173750851,0
I218S,0.0549946,0.117102688,0
I218T,0.110503,0.235713693,1
I218V,0.0124393,0.026170019,0
I218W,0.047356,0.100780437,0
I218Y,0.0439335,0.093467198,0
P219A,0.0400355,0.085137906,0
P219C,0.0257205,0.054549445,0
P219D,0.044,0.093609296,0
P219E,0.0493864,0.10511902,0
P219F,0.0688515,0.146712276,0
P219G,0.0371944,0.07906701,0
P219H,0.0553459,0.11785335,0
P219I,0.0255022,0.054082979,0
P219K,0.0737143,0.157103164,0
P219L,0.0770297,0.16418755,0
P219M,0.0495085,0.105379924,0
P219N,0.0500447,0.106525683,0
P219Q,0.0554525,0.118081134,0
P219R,0.0384049,0.081653621,0
P219S,0.0524601,0.111686938,0
P219T,0.112462,0.239899708,1
P219V,0.0580405,0.123611203,0
P219W,0.0175552,0.037101735,0
P219Y,0.0294525,0.062524026,0
I220A,0.0293788,0.062366543,0
I220C,0.0482363,0.102661472,0
I220D,0.013055,0.027485655,0
I220E,0.00606235,0.012543677,0
I220F,0.166289,0.354917878,1
I220G,0.0094498,0.019782021,0
I220H,0.0102016,0.021388476,0
I220K,0.019996,0.042317265,0
I220L,0.0749761,0.159799393,0
I220M,0.0466205,0.099208812,0
I220N,0.0116866,0.024561641,0
I220P,0.0091798,0.019205081,0
I220Q,0.0504197,0.107326987,0
I220R,0.0324774,0.068987669,0
I220S,0.00915492,0.019151917,0
I220T,0.0400219,0.085108845,0
I220V,0.100318,0.213950265,1
I220W,0.127162,0.271310842,1
I220Y,0.0383093,0.081449341,0
H221A,0.0921765,0.196553411,0
H221C,0.0371034,0.07887256,0
H221D,0.018464,0.03904367,0
H221E,0.00999039,0.02093716,0
H221F,0.0584779,0.124545844,0
H221G,0.0166587,0.035186083,0
H221I,0.0151724,0.03201014,0
H221K,0.0533954,0.113685498,0
H221L,0.0213349,0.045178243,0
H221M,0.0756012,0.161135114,0
H221N,0.0485404,0.103311277,0
H221P,0.00213026,0.004141541,0
H221Q,0.0188048,0.039771895,0
H221R,0.0549418,0.116989864,0
H221S,0.202701,0.43272347,1
H221T,0.0758857,0.161743037,0
H221V,0.0473828,0.100837704,0
H221W,0.0253113,0.053675061,0
H221Y,0.0791313,0.168678274,0
Y222A,0.0254204,0.053908187,0
Y222C,0.0447934,0.095304643,0
Y222D,0.0122703,0.025808898,0
Y222E,0.00868305,0.01814362,0
Y222F,0.0539167,0.114799418,0
Y222G,0.00758487,0.015797016,0
Y222H,0.0531656,0.113194459,0
Y222I,0.0493948,0.105136969,0
Y222K,0.0365749,0.077743255,0
Y222L,0.103842,0.22148039,1
Y222M,0.0383594,0.081556396,0
Y222N,0.0182809,0.038652419,0
Y222P,0.00754517,0.015712185,0
Y222Q,0.117846,0.251404303,1
Y222R,0.0171859,0.036312611,0
Y222S,0.0153102,0.032304593,0
Y222T,0.0280001,0.059420521,0
Y222V,0.103384,0.22050173,1
Y222W,0.119374,0.254669351,1
C223A,0.01131,0.023756918,0
C223D,0.0284788,0.060443413,0
C223E,0.0296247,0.062891985,0
C223F,0.100705,0.214777211,1
C223G,0.0400742,0.085220601,0
C223H,0.021354,0.045219056,0
C223I,0.0162692,0.034353795,0
C223K,0.0193337,0.040902055,0
C223L,0.0125444,0.026394598,0
C223M,0.0389867,0.082896818,0
C223N,0.0227121,0.04812106,0
C223P,0.0159165,0.033600142,0
C223Q,0.0307772,0.065354661,0
C223R,0.023828,0.050505528,0
C223S,0.0189783,0.040142632,0
C223T,0.0106449,0.022335724,0
C223V,0.023248,0.049266177,0
C223W,0.0296148,0.062870831,0
C223Y,0.0929462,0.198198115,0
A224C,0.0663926,0.141458069,0
A224D,0.0364506,0.077477649,0
A224E,0.02288,0.048479831,0
A224F,0.0147097,0.031021437,0
A224G,0.0549111,0.116924264,0
A224H,0.0172004,0.036343594,0
A224I,0.0558482,0.11892667,0
A224K,0.0238119,0.050471126,0
A224L,0.013833,0.029148094,0
A224M,0.053752,0.114447485,0
A224N,0.0354717,0.075385924,0
A224P,0.0644701,0.137350048,0
A224Q,0.0265861,0.056399069,0
A224R,0.00816788,0.017042799,0
A224S,0.120345,0.256744195,1
A224T,0.141306,0.301533908,1
A224V,0.0559972,0.119245055,0
A224W,0.0266772,0.056593733,0
A224Y,0.0200051,0.04233671,0
P225A,0.0578943,0.123298801,0
P225C,0.030462,0.064681138,0
P225D,0.0295906,0.06281912,0
P225E,0.0385125,0.081883542,0
P225F,0.0356559,0.075779525,0
P225G,0.0170691,0.036063031,0
P225H,0.0454244,0.096652971,0
P225I,0.0319101,0.067775455,0
P225K,0.0290469,0.061657336,0
P225L,0.0541311,0.115257551,0
P225M,0.0434104,0.092349432,0
P225N,0.021117,0.044712631,0
P225Q,0.0444224,0.094511886,0
P225R,0.0117316,0.024657798,0
P225S,0.0403722,0.085857371,0
P225T,0.0358613,0.076218426,0
P225V,0.0279462,0.059305347,0
P225W,0.0376239,0.079984771,0
P225Y,0.0357214,0.075919486,0
A226C,0.155718,0.33232964,1
A226D,0.0216086,0.045763088,0
A226E,0.0173127,0.036583558,0
A226F,0.0306289,0.065037772,0
A226G,0.0196714,0.041623656,0
A226H,0.0221173,0.046850084,0
A226I,0.030873,0.065559368,0
A226K,0.00990105,0.020746257,0
A226L,0.0562552,0.119796353,0
A226M,0.0882129,0.188083944,0
A226N,0.101986,0.217514467,1
A226P,0.0759408,0.161860776,0
A226Q,0.0338462,0.071912537,0
A226R,0.0136481,0.028752998,0
A226S,0.0301625,0.064041163,0
A226T,0.0671772,0.143134612,0
A226V,0.11883,0.253506925,1
A226W,0.034718,0.073775409,0
A226Y,0.0179418,0.037927827,0
G227A,0.0425386,0.09048656,0
G227C,0.0465836,0.099129964,0
G227D,0.0360604,0.076643865,0
G227E,0.0321485,0.068284871,0
G227F,0.0964853,0.205760506,0
G227H,0.0347616,0.073868574,0
G227I,0.0135286,0.028497649,0
G227K,0.0116763,0.024539632,0
G227L,0.0171426,0.036220087,0
G227M,0.0510075,0.108583005,0
G227N,0.0265174,0.05625227,0
G227P,0.0138495,0.029183352,0
G227Q,0.0506552,0.107830207,0
G227R,0.0683519,0.145644724,0
G227S,0.0607261,0.129349825,0
G227T,0.0444026,0.094469577,0
G227V,0.0448309,0.095384773,0
G227W,0.0516649,0.109987745,0
G227Y,0.16292,0.347718959,1
F228A,0.0148114,0.031238751,0
F228C,0.0276348,0.058639944,0
F228D,0.027749,0.058883968,0
F228E,0.0297738,0.063210584,0
F228G,0.0124829,0.026263184,0
F228H,0.0582822,0.12412767,0
F228I,0.0422407,0.089850003,0
F228K,0.0192089,0.040635381,0
F228L,0.025705,0.054516324,0
F228M,0.0347732,0.073893361,0
F228N,0.0336349,0.071461028,0
F228P,0.0100751,0.021118169,0
F228Q,0.0249763,0.052959229,0
F228R,0.00943964,0.019760311,0
F228S,0.051621,0.109893939,0
F228T,0.0199395,0.042196536,0
F228V,0.0115687,0.024309711,0
F228W,0.229619,0.490242171,1
F228Y,0.0965516,0.205902177,0
A229C,0.0454282,0.096661091,0
A229D,0.0299294,0.063543072,0
A229E,0.0446045,0.094900999,0
A229F,0.0473716,0.100813771,0
A229G,0.1593,0.3399837,1
A229H,0.0216425,0.045835526,0
A229I,0.0348248,0.074003621,0
A229K,0.0191272,0.040460803,0
A229L,0.0182627,0.038613529,0
A229M,0.0395816,0.084168007,0
A229N,0.0202955,0.042957241,0
A229P,0.0173421,0.036646381,0
A229Q,0.0332261,0.0705875,0
A229R,0.00621872,0.012877811,0
A229S,0.0662726,0.141201652,0
A229T,0.0477475,0.101616999,0
A229V,0.0712829,0.15190772,0
A229W,0.0202531,0.04286664,0
A229Y,0.0274526,0.058250616,0
I230A,0.0142499,0.030038931,0
I230C,0.0290294,0.061619941,0
I230D,0.0220675,0.046743671,0
I230E,0.0264326,0.056071068,0
I230F,0.121888,0.260041296,1
I230G,0.00848104,0.017711963,0
I230H,0.0193306,0.040895431,0
I230K,0.0159638,0.033701213,0
I230L,0.129377,0.27604388,1
I230M,0.0765313,0.163122563,0
I230N,0.028213,0.059875448,0
I230P,0.0148103,0.0312364,0
I230Q,0.0179757,0.038000264,0
I230R,0.0172657,0.036483128,0
I230S,0.0149223,0.031475723,0
I230T,0.047979,0.102111671,0
I230V,0.099376,0.211937388,0
I230W,0.0411801,0.087583701,0
I230Y,0.0153704,0.032433229,0
L231A,0.0219722,0.046540033,0
L231C,0.0391789,0.083307513,0
L231D,0.0254378,0.053945368,0
L231E,0.0364961,0.077574874,0
L231F,0.090325,0.192597104,0
L231G,0.033821,0.071858689,0
L231H,0.0354051,0.075243613,0
L231I,0.052179,0.11108628,0
L231K,0.0229462,0.048621288,0
L231M,0.046353,0.098637215,0
L231N,0.0276394,0.058649773,0
L231P,0.0385081,0.08187414,0
L231Q,0.0338707,0.071964888,0
L231R,0.0125427,0.026390966,0
L231S,0.0228422,0.048399059,0
L231T,0.0304224,0.06459652,0
L231V,0.0358381,0.076168852,0
L231W,0.0308836,0.065582018,0
L231Y,0.0298269,0.063324049,0
K232A,0.0406173,0.086381103,0
K232C,0.0502702,0.107007534,0
K232D,0.0343595,0.073009362,0
K232E,0.0692344,0.147530461,0
K232F,0.055133,0.117398423,0
K232G,0.0303953,0.064538613,0
K232H,0.0379511,0.080683935,0
K232I,0.0633247,0.134902544,0
K232L,0.0617222,0.131478303,0
K232M,0.0335867,0.071358034,0
K232N,0.0862368,0.18386139,0
K232P,0.0102529,0.021498094,0
K232Q,0.0580206,0.12356868,0
K232R,0.0722937,0.154067609,0
K232S,0.0489411,0.104167497,0
K232T,0.0195899,0.041449506,0
K232V,0.0398147,0.084666098,0
K232W,0.0398714,0.084787255,0
K232Y,0.0196455,0.041568313,0
C233A,0.0220517,0.046709909,0
C233D,0.0275027,0.058357671,0
C233E,0.0454707,0.096751906,0
C233F,0.0453921,0.096583952,0
C233G,0.0188012,0.039764203,0
C233H,0.0276394,0.058649773,0
C233I,0.0346278,0.073582669,0
C233K,0.0357366,0.075951966,0
C233L,0.0287826,0.061092576,0
C233M,0.0479206,0.101986881,0
C233N,0.0439824,0.093571689,0
C233P,0.0268363,0.056933699,0
C233Q,0.0324878,0.069009891,0
C233R,0.0439399,0.093480874,0
C233S,0.0486949,0.103641414,0
C233T,0.0189578,0.040098827,0
C233V,0.0301236,0.063958041,0
C233W,0.0496615,0.105706857,0
C233Y,0.131545,0.280676488,1
N234A,0.0589128,0.125475144,0
N234C,0.029908,0.063497344,0
N234D,0.0769405,0.163996946,0
N234E,0.0369873,0.078624476,0
N234F,0.0487378,0.103733084,0
N234G,0.0321642,0.068318419,0
N234H,0.0422137,0.08979231,0
N234I,0.0404378,0.085997545,0
N234K,0.107682,0.229685747,1
N234L,0.048614,0.103468546,0
N234M,0.0673993,0.143609197,0
N234P,0.00942333,0.019725459,0
N234Q,0.0688668,0.146744969,0
N234R,0.0437502,0.093075521,0
N234S,0.0575916,0.122651988,0
N234T,0.0220243,0.046651361,0
N234V,0.0414274,0.088112134,0
N234W,0.0442021,0.094041146,0
N234Y,0.028578,0.060655385,0
N235A,0.0779846,0.166227992,0
N235C,0.0299072,0.063495635,0
N235D,0.0536894,0.114313721,0
N235E,0.0587296,0.12508368,0
N235F,0.0794361,0.169329574,0
N235G,0.0430638,0.091608813,0
N235H,0.0307434,0.065282437,0
N235I,0.0370538,0.078766574,0
N235K,0.0377585,0.080272385,0
N235L,0.0768963,0.163902499,0
N235M,0.0518113,0.110300575,0
N235P,0.0269776,0.057235631,0
N235Q,0.0335804,0.071344572,0
N235R,0.0473202,0.100703939,0
N235S,0.0703503,0.149914929,0
N235T,0.0464041,0.098746406,0
N235V,0.0453591,0.096513437,0
N235W,0.0376261,0.079989472,0
N235Y,0.0395822,0.084169289,0
K236A,0.0531346,0.113128218,0
K236C,0.0330059,0.070116974,0
K236D,0.0707774,0.150827561,0
K236E,0.0474956,0.101078736,0
K236F,0.0241974,0.051294867,0
K236G,0.0826063,0.176103695,0
K236H,0.0492156,0.104754052,0
K236I,0.0577343,0.122956911,0
K236L,0.021252,0.045001101,0
K236M,0.0460001,0.097883134,0
K236N,0.0250573,0.053132311,0
K236P,0.0927252,0.19772588,0
K236Q,0.0776783,0.165573486,0
K236R,0.0511916,0.108976392,0
K236S,0.0121713,0.025597354,0
K236T,0.0343099,0.072903376,0
K236V,0.0315816,0.067073513,0
K236W,0.053751,0.114445349,0
K236Y,0.0587712,0.125172571,0
T237A,0.0272363,0.057788424,0
T237C,0.122116,0.260528489,1
T237D,0.0401827,0.085452445,0
T237E,0.0242004,0.051301277,0
T237F,0.0636054,0.135502347,0
T237G,0.0296099,0.062860361,0
T237H,0.0606335,0.129151956,0
T237I,0.0349229,0.074213242,0
T237K,0.0613432,0.130668451,0
T237L,0.0195882,0.041445874,0
T237M,0.0993338,0.211847215,0
T237N,0.0506671,0.107855635,0
T237P,0.029338,0.062279361,0
T237Q,0.0364301,0.077433845,0
T237R,0.0891525,0.190091692,0
T237S,0.0700717,0.149319613,0
T237V,0.0229294,0.048585389,0
T237W,0.0530968,0.113047446,0
T237Y,0.0269427,0.057161056,0
F238A,0.0201027,0.042545263,0
F238C,0.0193291,0.040892226,0
F238D,0.018266,0.038620581,0
F238E,0.0208237,0.044085905,0
F238G,0.0380083,0.080806161,0
F238H,0.0454559,0.096720281,0
F238I,0.0715756,0.152533165,0
F238K,0.0278264,0.059049357,0
F238L,0.105655,0.22535443,1
F238M,0.0352169,0.074841465,0
F238N,0.033087,0.070290269,0
F238P,0.0154607,0.032626183,0
F238Q,0.059229,0.126150804,0
F238R,0.00792402,0.016521716,0
F238S,0.0635214,0.135322855,0
F238T,0.0707434,0.15075491,0
F238V,0.0273475,0.058026038,0
F238W,0.0308634,0.065538854,0
F238Y,0.162981,0.347849304,1
N239A,0.0803807,0.171348006,0
N239C,0.0286494,0.060807953,0
N239D,0.0556429,0.118487983,0
N239E,0.0273651,0.058063645,0
N239F,0.0299063,0.063493712,0
N239G,0.0168083,0.03550575,0
N239H,0.0231903,0.049142883,0
N239I,0.0575817,0.122630834,0
N239K,0.105023,0.224003965,1
N239L,0.0412918,0.087822383,0
N239M,0.105168,0.224313802,1
N239P,0.0711557,0.151635917,0
N239Q,0.0527613,0.112330546,0
N239R,0.0179681,0.037984025,0
N239S,0.0317476,0.067428223,0
N239T,0.0480895,0.102347788,0
N239V,0.0275348,0.058426262,0
N239W,0.0259591,0.055059288,0
N239Y,0.0850362,0.181295934,0
G240A,0.0542018,0.115408623,0
G240C,0.0453903,0.096580106,0
G240D,0.0280092,0.059439966,0
G240E,0.085813,0.182955809,0
G240F,0.0448749,0.095478793,0
G240H,0.0459129,0.097696804,0
G240I,0.0264582,0.056125771,0
G240K,0.0419288,0.089183532,0
G240L,0.0247939,0.052569475,0
G240M,0.0364384,0.07745158,0
G240N,0.0286354,0.060778038,0
G240P,0.0192643,0.04075376,0
G240Q,0.048258,0.102707841,0
G240R,0.0494927,0.105346163,0
G240S,0.0727826,0.155112297,0
G240T,0.0265205,0.056258894,0
G240V,0.0489582,0.104204037,0
G240W,0.047263,0.100581713,0
G240Y,0.0385483,0.081960039,0
T241A,0.0578181,0.123135976,0
T241C,0.127556,0.272152745,1
T241D,0.0413362,0.087917257,0
T241E,0.0406374,0.086424053,0
T241F,0.0411209,0.087457202,0
T241G,0.0410948,0.087401431,0
T241H,0.0426735,0.090774816,0
T241I,0.0471352,0.100308629,0
T241K,0.0664104,0.141496104,0
T241L,0.0338724,0.071968521,0
T241M,0.0706829,0.150625633,0
T241N,0.0384193,0.081684391,0
T241P,0.00975595,0.020436205,0
T241Q,0.0268194,0.056897587,0
T241R,0.0415768,0.088431374,0
T241S,0.0864842,0.184390037,0
T241V,0.0265323,0.056284109,0
T241W,0.049804,0.106011352,0
T241Y,0.051995,0.110693107,0
G242A,0.0563394,0.119976272,0
G242C,0.0407633,0.086693078,0
G242D,0.0286151,0.06073466,0
G242E,0.0995658,0.212342955,0
G242F,0.0262819,0.055749051,0
G242H,0.038568,0.082002135,0
G242I,0.0173573,0.03667886,0
G242K,0.0222153,0.047059492,0
G242L,0.0213384,0.045185722,0
G242M,0.0568562,0.121080577,0
G242N,0.0307385,0.065271966,0
G242P,0.0139468,0.029391263,0
G242Q,0.0351671,0.074735051,0
G242R,0.0493365,0.105012393,0
G242S,0.0576913,0.122865028,0
G242T,0.0309554,0.065735441,0
G242V,0.0508134,0.10816825,0
G242W,0.031233,0.06632862,0
G242Y,0.0335128,0.071200124,0
P243A,0.0484558,0.103130503,0
P243C,0.0796488,0.169784074,0
P243D,0.0419252,0.089175839,0
P243E,0.0235444,0.049899528,0
P243F,0.0430343,0.091545777,0
P243G,0.0881754,0.188003814,0
P243H,0.0152332,0.032140058,0
P243I,0.0406784,0.086511662,0
P243K,0.0578351,0.123172302,0
P243L,0.0361131,0.076756475,0
P243M,0.0497469,0.10588934,0
P243N,0.0730122,0.155602909,0
P243Q,0.0556153,0.118429007,0
P243R,0.0514008,0.109423413,0
P243S,0.0488373,0.103945696,0
P243T,0.0587738,0.125178127,0
P243V,0.0361039,0.076736817,0
P243W,0.0270041,0.057292256,0
P243Y,0.0331285,0.070378947,0
C244A,0.0138618,0.029209634,0
C244D,0.0319011,0.067756224,0
C244E,0.0245551,0.052059204,0
C244F,0.0861786,0.183737028,0
C244G,0.0208135,0.044064109,0
C244H,0.0230409,0.048823644,0
C244I,0.0445122,0.094703772,0
C244K,0.025643,0.054383842,0
C244L,0.0225375,0.047747973,0
C244M,0.0427479,0.090933794,0
C244N,0.0200121,0.042351668,0
C244P,0.0212421,0.044979947,0
C244Q,0.033913,0.072055276,0
C244R,0.0193041,0.040838805,0
C244S,0.0257132,0.054533846,0
C244T,0.0142888,0.030122053,0
C244V,0.0176619,0.037329733,0
C244W,0.037839,0.080444399,0
C244Y,0.0849638,0.181141229,0
T245A,0.0454339,0.096673271,0
T245C,0.051281,0.109167423,0
T245D,0.0382598,0.081343569,0
T245E,0.0394467,0.083879751,0
T245F,0.0765634,0.163191155,0
T245G,0.0558345,0.118897396,0
T245H,0.0256938,0.054492392,0
T245I,0.0517737,0.110220231,0
T245K,0.056875,0.121120749,0
T245L,0.0373233,0.079342445,0
T245M,0.0397075,0.084437032,0
T245N,0.0519383,0.11057195,0
T245P,0.0572748,0.121975046,0
T245Q,0.0385204,0.081900422,0
T245R,0.0393133,0.0835947,0
T245S,0.0863795,0.184166313,0
T245V,0.0591673,0.126018962,0
T245W,0.0583781,0.124332591,0
T245Y,0.0252291,0.053499415,0
N246A,0.0621301,0.132349909,0
N246C,0.0450562,0.095866197,0
N246D,0.0630437,0.1343021,0
N246E,0.064365,0.137125469,0
N246F,0.0517776,0.110228564,0
N246G,0.0404998,0.086130028,0
N246H,0.0363069,0.077170589,0
N246I,0.0301876,0.064094797,0
N246K,0.081028,0.172731165,0
N246L,0.057656,0.122789599,0
N246M,0.0526025,0.11199122,0
N246P,0.0435187,0.092580849,0
N246Q,0.0414015,0.088056791,0
N246R,0.0289539,0.061458612,0
N246S,0.0575858,0.122639595,0
N246T,0.0249398,0.052881236,0
N246V,0.0689024,0.146821039,0
N246W,0.0337471,0.071700779,0
N246Y,0.0332166,0.0705672,0
V247A,0.046824,0.099643653,0
V247C,0.0572201,0.121858163,0
V247D,0.04863,0.103502735,0
V247E,0.0233256,0.049431994,0
V247F,0.0631257,0.134477318,0
V247G,0.017851,0.037733804,0
V247H,0.0167873,0.035460877,0
V247I,0.220798,0.471393354,1
V247K,0.0329381,0.069972098,0
V247L,0.0402654,0.085629159,0
V247M,0.0316683,0.067258774,0
V247N,0.0314021,0.066689955,0
V247P,0.037994,0.080775605,0
V247Q,0.0258346,0.054793255,0
V247R,0.0083131,0.017353107,0
V247S,0.01212,0.025487735,0
V247T,0.0592363,0.126166403,0
V247W,0.033392,0.070941997,0
V247Y,0.0101303,0.021236121,0
S248A,0.076038,0.162068474,0
S248C,0.0434269,0.09238469,0
S248D,0.0359602,0.076429757,0
S248E,0.041142,0.087502288,0
S248F,0.0182546,0.038596221,0
S248G,0.0530834,0.113018813,0
S248H,0.0367859,0.078194122,0
S248I,0.0543887,0.115807993,0
S248K,0.0216273,0.045803047,0
S248L,0.0153309,0.032348825,0
S248M,0.0428677,0.091189784,0
S248N,0.094804,0.202167884,0
S248P,0.044796,0.095310199,0
S248Q,0.0341212,0.07250016,0
S248R,0.0468438,0.099685962,0
S248T,0.048679,0.103607439,0
S248V,0.0521945,0.111119401,0
S248W,0.0335288,0.071234312,0
S248Y,0.0448554,0.095437125,0
T249A,0.132373,0.282445768,1
T249C,0.129549,0.276411411,1
T249D,0.0250234,0.053059873,0
T249E,0.0251367,0.053301974,0
T249F,0.0418831,0.08908588,0
T249G,0.0478044,0.101738583,0
T249H,0.0571588,0.121727176,0
T249I,0.0408068,0.086786029,0
T249K,0.0418251,0.088961944,0
T249L,0.00677235,0.014060814,0
T249M,0.0242229,0.051349355,0
T249N,0.0320291,0.068029736,0
T249P,0.00238439,0.004684569,0
T249Q,0.0198859,0.042082002,0
T249R,0.0195223,0.041305058,0
T249S,0.116963,0.249517498,1
T249V,0.0704342,0.150094208,0
T249W,0.0381048,0.081012363,0
T249Y,0.0509661,0.108494541,0
V250A,0.0531065,0.113068173,0
V250C,0.0348053,0.073961953,0
V250D,0.0315705,0.067049794,0
V250E,0.031912,0.067779515,0
V250F,0.0295175,0.062662919,0
V250G,0.0257895,0.054696885,0
V250H,0.0413054,0.087851443,0
V250I,0.132505,0.282727827,1
V250K,0.0212464,0.044989135,0
V250L,0.136653,0.291591323,1
V250M,0.0579034,0.123318246,0
V250N,0.050001,0.106432304,0
V250P,0.023708,0.050249111,0
V250Q,0.0455682,0.096960245,0
V250R,0.027844,0.059086965,0
V250S,0.0523692,0.111492702,0
V250T,0.0322857,0.068578042,0
V250W,0.0395648,0.084132109,0
V250Y,0.018641,0.039421885,0
Q251A,0.0710039,0.151311549,0
Q251C,0.0452924,0.096370912,0
Q251D,0.105525,0.225076644,1
Q251E,0.0780683,0.166406843,0
Q251F,0.0861753,0.183729976,0
Q251G,0.0140706,0.029655801,0
Q251H,0.054221,0.11544965,0
Q251I,0.0292344,0.062057988,0
Q251K,0.054413,0.115859918,0
Q251L,0.0506067,0.107726571,0
Q251M,0.0412489,0.087730713,0
Q251N,0.0142249,0.029985511,0
Q251P,0.0688893,0.146793047,0
Q251R,0.0179557,0.037957528,0
Q251S,0.0699684,0.149098881,0
Q251T,0.0160985,0.033989041,0
Q251V,0.011813,0.024831734,0
Q251W,0.0296051,0.062850104,0
Q251Y,0.0836703,0.178377263,0
C252A,0.0220033,0.046606488,0
C252D,0.0218701,0.046321864,0
C252E,0.0189785,0.040143059,0
C252F,0.127525,0.272086504,1
C252G,0.0142132,0.02996051,0
C252H,0.0552473,0.11764266,0
C252I,0.0286192,0.060743421,0
C252K,0.0153782,0.032449896,0
C252L,0.0332088,0.070550533,0
C252M,0.0343544,0.072998464,0
C252N,0.0395906,0.084187238,0
C252P,0.0118853,0.024986226,0
C252Q,0.0213734,0.04526051,0
C252R,0.0189992,0.040187291,0
C252S,0.0326127,0.069276779,0
C252T,0.0163588,0.034545253,0
C252V,0.022366,0.047381509,0
C252W,0.0229613,0.048653554,0
C252Y,0.110402,0.235497875,1
T253A,0.0392173,0.083389567,0
T253C,0.106232,0.22658737,1
T253D,0.0183109,0.038716524,0
T253E,0.0197245,0.041737121,0
T253F,0.0203315,0.043034166,0
T253G,0.0134737,0.028380338,0
T253H,0.0260625,0.055280234,0
T253I,0.0711734,0.151673739,0
T253K,0.0362207,0.076986396,0
T253L,0.0200858,0.042509151,0
T253M,0.0379799,0.080745476,0
T253N,0.0106665,0.022381879,0
T253P,0.0232786,0.049331564,0
T253Q,0.0413489,0.087944395,0
T253R,0.0156743,0.033082606,0
T253S,0.116353,0.248214043,1
T253V,0.0586368,0.124885384,0
T253W,0.0379049,0.080585215,0
T253Y,0.0179484,0.03794193,0
H254A,0.129476,0.276255424,1
H254C,0.02612,0.055403101,0
H254D,0.10161,0.216711026,1
H254E,0.0868061,0.185077877,0
H254F,0.0244798,0.051898302,0
H254G,0.0569786,0.121342122,0
H254I,0.0294604,0.062540907,0
H254K,0.0409943,0.087186681,0
H254L,0.0355785,0.075614136,0
H254M,0.0373395,0.079377061,0
H254N,0.0864003,0.184210759,0
H254P,0.0209641,0.044385913,0
H254Q,0.035243,0.074897235,0
H254R,0.0312677,0.066402767,0
H254S,0.0735358,0.156721743,0
H254T,0.0424106,0.090213048,0
H254V,0.0251359,0.053300265,0
H254W,0.0373955,0.079496723,0
H254Y,0.0426319,0.090685924,0
G255A,0.0938729,0.200178299,0
G255C,0.0378717,0.080514273,0
G255D,0.0349392,0.074248072,0
G255E,0.114641,0.244555821,1
G255F,0.0148007,0.031215887,0
G255H,0.0565629,0.12045385,0
G255I,0.0068192,0.014160923,0
G255K,0.0586344,0.124880255,0
G255L,0.0160371,0.033857841,0
G255M,0.0364413,0.077457777,0
G255N,0.0384227,0.081691656,0
G255P,0.0510239,0.108618049,0
G255Q,0.0539513,0.114873352,0
G255R,0.0856018,0.182504515,0
G255S,0.0977597,0.208483659,0
G255T,0.0668761,0.142491217,0
G255V,0.0279816,0.05938099,0
G255W,0.0413228,0.087888624,0
G255Y,0.0268304,0.056921092,0
I256A,0.0488943,0.104067495,0
I256C,0.0197205,0.041728574,0
I256D,0.0220156,0.046632771,0
I256E,0.00713019,0.01482545,0
I256F,0.0871676,0.185850335,0
I256G,0.00553799,0.011423219,0
I256H,0.0508101,0.108161199,0
I256K,0.00767551,0.015990697,0
I256L,0.13314,0.284084703,1
I256M,0.0879766,0.187579015,0
I256N,0.0245189,0.051981852,0
I256P,0.00619475,0.012826591,0
I256Q,0.0184728,0.039062474,0
I256R,0.00388262,0.007886004,0
I256S,0.00993497,0.020818738,0
I256T,0.0993409,0.211862386,0
I256V,0.0769917,0.164106351,0
I256W,0.0588505,0.125342021,0
I256Y,0.116968,0.249528182,1
R257A,0.0378672,0.080504657,0
R257C,0.0417011,0.08869698,0
R257D,0.0762659,0.162555453,0
R257E,0.0436023,0.092759486,0
R257F,0.056605,0.12054381,0
R257G,0.0541294,0.115253918,0
R257H,0.0178861,0.037808806,0
R257I,0.096569,0.205939357,0
R257K,0.0910123,0.194065735,0
R257L,0.0258781,0.054886206,0
R257M,0.0402223,0.085537062,0
R257N,0.0288878,0.061317369,0
R257P,0.0223306,0.047305866,0
R257Q,0.0570065,0.121401739,0
R257S,0.0481852,0.102552281,0
R257T,0.0742109,0.158164305,0
R257V,0.0525709,0.111923697,0
R257W,0.0570036,0.121395543,0
R257Y,0.0491534,0.104621143,0
P258A,0.0774367,0.165057232,0
P258C,0.0511565,0.10890139,0
P258D,0.0183498,0.038799646,0
P258E,0.0284929,0.060473542,0
P258F,0.0467973,0.0995866,0
P258G,0.101891,0.21731147,1
P258H,0.0695721,0.148252062,0
P258I,0.0727693,0.155083877,0
P258K,0.0184713,0.039059268,0
P258L,0.0621837,0.132464442,0
P258M,0.0308418,0.065492699,0
P258N,0.0370999,0.078865081,0
P258Q,0.0385294,0.081919654,0
P258R,0.00631315,0.01307959,0
P258S,0.0560302,0.11931557,0
P258T,0.0858857,0.183111156,0
P258V,0.0865797,0.184594103,0
P258W,0.0429532,0.091372482,0
P258Y,0.0146597,0.030914596,0
V259A,0.0242222,0.05134786,0
V259C,0.0317866,0.067511559,0
V259D,0.0471306,0.1002988,0
V259E,0.0382569,0.081337372,0
V259F,0.0645438,0.137507531,0
V259G,0.0394345,0.083853682,0
V259H,0.0973745,0.207660559,0
V259I,0.0422888,0.089952784,0
V259K,0.0950803,0.202758286,0
V259L,0.11071,0.236156013,1
V259M,0.0483873,0.102984131,0
V259N,0.00824061,0.017198209,0
V259P,0.00807759,0.016849866,0
V259Q,0.0499603,0.106345336,0
V259R,0.0222585,0.047151802,0
V259S,0.0305614,0.064893537,0
V259T,0.0368822,0.078399897,0
V259W,0.0127737,0.026884569,0
V259Y,0.144206,0.307730662,1
V260A,0.0527452,0.112296143,0
V260C,0.0575847,0.122637244,0
V260D,0.0114981,0.024158852,0
V260E,0.0498054,0.106014344,0
V260F,0.0733507,0.156326219,0
V260G,0.0776211,0.165451261,0
V260H,0.0166931,0.03525959,0
V260I,0.155142,0.331098836,1
V260K,0.0052113,0.010725144,0
V260L,0.0585999,0.124806535,0
V260M,0.025377,0.05381545,0
V260N,0.00835254,0.017437382,0
V260P,0.072987,0.155549061,0
V260Q,0.0578868,0.123282775,0
V260R,0.00429504,0.008767268,0
V260S,0.0496637,0.105711558,0
V260T,0.0698294,0.148801864,0
V260W,0.0312845,0.066438666,0
V260Y,0.0531073,0.113069883,0
S261A,0.0999638,0.213193406,0
S261C,0.0828616,0.176649223,0
S261D,0.0367708,0.078161856,0
S261E,0.0352893,0.07499617,0
S261F,0.0269524,0.057181783,0
S261G,0.0569695,0.121322677,0
S261H,0.0171476,0.036230771,0
S261I,0.0281099,0.059655143,0
S261K,0.01459,0.030765661,0
S261L,0.0579888,0.12350073,0
S261M,0.0466246,0.099217573,0
S261N,0.0341483,0.072558067,0
S261P,0.0328512,0.069786409,0
S261Q,0.0372682,0.079224707,0
S261R,0.00638189,0.013226474,0
S261T,0.0765202,0.163098844,0
S261V,0.0964176,0.205615844,0
S261W,0.0389468,0.082811559,0
S261Y,0.0464416,0.098826536,0
T262A,0.08367,0.178376622,0
T262C,0.019387,0.041015947,0
T262D,0.0262386,0.055656527,0
T262E,0.0315685,0.06704552,0
T262F,0.0523579,0.111468556,0
T262G,0.0474578,0.100997964,0
T262H,0.0346482,0.07362626,0
T262I,0.0509917,0.108549244,0
T262K,0.0143407,0.030232953,0
T262L,0.034149,0.072559563,0
T262M,0.0358793,0.076256889,0
T262N,0.0934182,0.199206691,0
T262P,0.00665736,0.013815102,0
T262Q,0.0368035,0.07823173,0
T262R,0.00735085,0.015296959,0
T262S,0.0968154,0.206465868,0
T262V,0.0615446,0.131098805,0
T262W,0.0326256,0.069304344,0
T262Y,0.100915,0.215225942,1
Q263A,0.0881316,0.187910221,0
Q263C,0.0298856,0.06344948,0
Q263D,0.0308299,0.065467271,0
Q263E,0.0736518,0.156969613,0
Q263F,0.0238117,0.050470698,0
Q263G,0.0555921,0.118379433,0
Q263H,0.0746932,0.159194889,0
Q263I,0.0149904,0.03162124,0
Q263K,0.0459723,0.09782373,0
Q263L,0.0104052,0.021823531,0
Q263M,0.0368339,0.078296689,0
Q263N,0.0641165,0.136594472,0
Q263P,0.0150055,0.031653506,0
Q263R,0.0372194,0.07912043,0
Q263S,0.0507579,0.108049657,0
Q263T,0.0828689,0.176664822,0
Q263V,0.0262595,0.055701186,0
Q263W,0.0381003,0.081002748,0
Q263Y,0.0210741,0.044620962,0
L264A,0.0478746,0.101888588,0
L264C,0.102505,0.218623472,1
L264D,0.0252206,0.053481252,0
L264E,0.030246,0.064219587,0
L264F,0.0895623,0.190967358,0
L264G,0.0179782,0.038005607,0
L264H,0.0183014,0.038696224,0
L264I,0.0228613,0.048439872,0
L264K,0.0314975,0.066893807,0
L264M,0.10434,0.222544522,1
L264N,0.0179073,0.037854107,0
L264P,0.0331905,0.070511429,0
L264Q,0.0287209,0.060960735,0
L264R,0.0122243,0.025710605,0
L264S,0.00878773,0.018367302,0
L264T,0.0487139,0.103682014,0
L264V,0.0728399,0.155234736,0
L264W,0.0430527,0.091585095,0
L264Y,0.0698368,0.148817676,0
L265A,0.044538,0.094758901,0
L265C,0.097718,0.208394554,0
L265D,0.0209912,0.044443821,0
L265E,0.0265189,0.056255475,0
L265F,0.040328,0.085762923,0
L265G,0.00568409,0.011735407,0
L265H,0.0574446,0.122337877,0
L265I,0.0779143,0.166077774,0
L265K,0.0631929,0.134620912,0
L265M,0.0684151,0.145779771,0
L265N,0.0432514,0.092009679,0
L265P,0.0362101,0.076963746,0
L265Q,0.0510066,0.108581082,0
L265R,0.0255256,0.05413298,0
L265S,0.046769,0.099526128,0
L265T,0.0905665,0.193113144,0
L265V,0.0462758,0.098472253,0
L265W,0.0388929,0.082696385,0
L265Y,0.0299861,0.063664229,0
L266A,0.0211366,0.044754513,0
L266C,0.0362183,0.076981268,0
L266D,0.0328329,0.069747305,0
L266E,0.0406269,0.086401617,0
L266F,0.0563123,0.119918365,0
L266G,0.0146989,0.030998359,0
L266H,0.072182,0.153828927,0
L266I,0.0638759,0.136080355,0
L266K,0.0387495,0.082389966,0
L266M,0.117564,0.250801722,1
L266N,0.0273624,0.058057876,0
L266P,0.0133889,0.028199136,0
L266Q,0.0339699,0.07217686,0
L266R,0.0260788,0.055315064,0
L266S,0.0564646,0.120243801,0
L266T,0.062643,0.133445879,0
L266V,0.0968417,0.206522066,0
L266W,0.0471682,0.100379144,0
L266Y,0.0426929,0.09081627,0
N267A,0.071169,0.151664337,0
N267C,0.0399101,0.08486995,0
N267D,0.0608535,0.129622055,0
N267E,0.0396607,0.084337029,0
N267F,0.0462981,0.098519904,0
N267G,0.140754,0.300354388,1
N267H,0.0510845,0.10874754,0
N267I,0.0223855,0.047423177,0
N267K,0.0690697,0.147178528,0
N267L,0.0249404,0.052882518,0
N267M,0.0452801,0.096344629,0
N267P,0.0125013,0.026302502,0
N267Q,0.0362181,0.076980841,0
N267R,0.0522379,0.111212139,0
N267S,0.0520056,0.110715757,0
N267T,0.0256823,0.054467818,0
N267V,0.0300496,0.063799917,0
N267W,0.0469849,0.099987466,0
N267Y,0.0260111,0.055170402,0
G268A,0.034195,0.072657857,0
G268C,0.0619712,0.132010369,0
G268D,0.0204193,0.043221778,0
G268E,0.0507739,0.108083846,0
G268F,0.0742996,0.15835384,0
G268H,0.0313866,0.066656834,0
G268I,0.0314948,0.066888037,0
G268K,0.0320973,0.068175466,0
G268L,0.0576285,0.122730836,0
G268M,0.0381245,0.081054459,0
G268N,0.0775621,0.165325189,0
G268P,0.00719238,0.014958339,0
G268Q,0.0794862,0.169436628,0
G268R,0.0346881,0.073711518,0
G268S,0.0896204,0.191091507,0
G268T,0.0604686,0.128799596,0
G268V,0.034768,0.07388225,0
G268W,0.0445826,0.094854203,0
G268Y,0.0543698,0.115767608,0
S269A,0.0671549,0.143086961,0
S269C,0.0778879,0.166021362,0
S269D,0.0193243,0.040881969,0
S269E,0.0456088,0.097046999,0
S269F,0.0358795,0.076257316,0
S269G,0.0662648,0.141184984,0
S269H,0.0394491,0.08388488,0
S269I,0.0766438,0.163362954,0
S269K,0.0430047,0.091482528,0
S269L,0.0545818,0.116220612,0
S269M,0.0421567,0.089670511,0
S269N,0.061156,0.13026844,0
S269P,0.0203832,0.043144639,0
S269Q,0.0505451,0.107594944,0
S269R,0.0332308,0.070597543,0
S269T,0.0553707,0.117906343,0
S269V,0.0853203,0.181903002,0
S269W,0.0191552,0.040520634,0
S269Y,0.0323705,0.068759243,0
L270A,0.020937,0.044328005,0
L270C,0.0373061,0.079305692,0
L270D,0.0544876,0.116019324,0
L270E,0.0797409,0.169980874,0
L270F,0.0338466,0.071913391,0
L270G,0.0207774,0.04398697,0
L270H,0.0401218,0.085322313,0
L270I,0.0792551,0.168942811,0
L270K,0.052532,0.111840575,0
L270M,0.0521543,0.111033501,0
L270N,0.0493132,0.104962605,0
L270P,0.103126,0.219950433,1
L270Q,0.0568773,0.121125663,0
L270R,0.0280958,0.059625014,0
L270S,0.0205156,0.043427553,0
L270T,0.0505104,0.107520796,0
L270V,0.0447871,0.095291181,0
L270W,0.0326658,0.069390244,0
L270Y,0.0687292,0.146450943,0
A271C,0.0280605,0.059549584,0
A271D,0.0737753,0.15723351,0
A271E,0.0574647,0.122380827,0
A271F,0.033548,0.071275339,0
A271G,0.0368806,0.078396478,0
A271H,0.0767651,0.16362215,0
A271I,0.0252124,0.053463731,0
A271K,0.0448259,0.095374089,0
A271L,0.0799209,0.1703655,0
A271M,0.0462197,0.098352378,0
A271N,0.0351723,0.074746163,0
A271P,0.0637869,0.135890178,0
A271Q,0.0259723,0.055087494,0
A271R,0.0404331,0.085987502,0
A271S,0.0671344,0.143043156,0
A271T,0.0699483,0.149055931,0
A271V,0.0642021,0.136777383,0
A271W,0.0389104,0.082733779,0
A271Y,0.0238925,0.050643353,0
E272A,0.0285051,0.060499611,0
E272C,0.0367524,0.078122539,0
E272D,0.0567935,0.120946599,0
E272F,0.0522672,0.111274747,0
E272G,0.0483534,0.102911693,0
E272H,0.0592216,0.126134991,0
E272I,0.0302105,0.06414373,0
E272K,0.120197,0.256427947,1
E272L,0.064873,0.13821097,0
E272M,0.0321516,0.068291495,0
E272N,0.0310258,0.065885872,0
E272P,0.0612379,0.130443445,0
E272Q,0.0363905,0.077349227,0
E272R,0.0454249,0.09665404,0
E272S,0.0595082,0.126747402,0
E272T,0.0272105,0.057733294,0
E272V,0.0635237,0.13532777,0
E272W,0.0432113,0.091923993,0
E272Y,0.0350283,0.074438462,0
E273A,0.0414378,0.088134357,0
E273C,0.0315838,0.067078213,0
E273D,0.0413777,0.088005935,0
E273F,0.0587053,0.125031755,0
E273G,0.0687503,0.14649603,0
E273H,0.140663,0.300159938,1
E273I,0.0178356,0.037700897,0
E273K,0.0560841,0.119430744,0
E273L,0.0518257,0.110331345,0
E273M,0.0306179,0.065014267,0
E273N,0.0378167,0.080396748,0
E273P,0.0497332,0.105860066,0
E273Q,0.0469873,0.099992594,0
E273R,0.0322671,0.068538297,0
E273S,0.0721218,0.153700291,0
E273T,0.0355053,0.075457721,0
E273V,0.0477179,0.101553749,0
E273W,0.0491911,0.1047017,0
E273Y,0.0385352,0.081932047,0
E274A,0.0502408,0.106944712,0
E274C,0.0561664,0.119606604,0
E274D,0.0454584,0.096725623,0
E274F,0.0404796,0.086086864,0
E274G,0.0293009,0.062200086,0
E274H,0.0709506,0.151197657,0
E274I,0.0723782,0.15424817,0
E274K,0.0776086,0.16542455,0
E274L,0.0390486,0.083029086,0
E274M,0.0343525,0.072994404,0
E274N,0.0435479,0.092643244,0
E274P,0.0533215,0.113527588,0
E274Q,0.0515755,0.109796714,0
E274R,0.0339457,0.072125149,0
E274S,0.0328678,0.06982188,0
E274T,0.0342905,0.072861922,0
E274V,0.0929893,0.198290212,0
E274W,0.0497164,0.105824168,0
E274Y,0.0327481,0.069566103,0
V275A,0.0709798,0.151260052,0
V275C,0.0915508,0.195216408,0
V275D,0.0566015,0.120536331,0
V275E,0.0405936,0.086330461,0
V275F,0.0546773,0.116424677,0
V275G,0.0452028,0.096179454,0
V275H,0.0275472,0.058452759,0
V275I,0.207427,0.442822043,1
V275K,0.0315067,0.066913465,0
V275L,0.046678,0.099331679,0
V275M,0.0725081,0.154525742,0
V275N,0.0169706,0.035852555,0
V275P,0.049673,0.10573143,0
V275Q,0.0257019,0.0545097,0
V275R,0.00477459,0.009791977,0
V275S,0.0309767,0.065780955,0
V275T,0.0187538,0.039662918,0
V275W,0.0173843,0.036736554,0
V275Y,0.0277148,0.058810889,0
V276A,0.069015,0.147061644,0
V276C,0.0437158,0.093002015,0
V276D,0.0429932,0.091457954,0
V276E,0.0328046,0.069686833,0
V276F,0.0556386,0.118478795,0
V276G,0.0479828,0.102119791,0
V276H,0.055628,0.118456144,0
V276I,0.0957625,0.204216019,0
V276K,0.0763275,0.162687081,0
V276L,0.0527676,0.112344008,0
V276M,0.0497834,0.105967334,0
V276N,0.0341742,0.072613411,0
V276P,0.0267251,0.056696086,0
V276Q,0.0347785,0.073904686,0
V276R,0.0482848,0.102765108,0
V276S,0.0393613,0.083697267,0
V276T,0.0340685,0.07238755,0
V276W,0.0380298,0.080852103,0
V276Y,0.0646106,0.13765027,0
I277A,0.0500714,0.106582736,0
I277C,0.101215,0.215866985,1
I277D,0.0218362,0.046249427,0
I277E,0.0289269,0.061400918,0
I277F,0.052631,0.112052119,0
I277G,0.0351346,0.074665605,0
I277H,0.0249507,0.052904527,0
I277K,0.0180263,0.038108387,0
I277L,0.0664509,0.141582645,0
I277M,0.0325136,0.069065021,0
I277N,0.0563039,0.119900416,0
I277P,0.0586202,0.124849913,0
I277Q,0.0363797,0.077326149,0
I277R,0.00381551,0.007742603,0
I277S,0.0480551,0.102274282,0
I277T,0.092319,0.196857907,0
I277V,0.117117,0.249846567,1
I277W,0.0267248,0.056695445,0
I277Y,0.040303,0.085709503,0
R278A,0.0562036,0.119686093,0
R278C,0.03603,0.076578906,0
R278D,0.0238636,0.050581599,0
R278E,0.0162765,0.034369394,0
R278F,0.0476931,0.101500756,0
R278G,0.0537431,0.114428468,0
R278H,0.0427579,0.090955163,0
R278I,0.0505731,0.107654774,0
R278K,0.213896,0.456645078,1
R278L,0.03169,0.067305143,0
R278M,0.0343742,0.073040773,0
R278N,0.0474062,0.100887705,0
R278P,0.00590584,0.012209245,0
R278Q,0.0329046,0.069900515,0
R278S,0.0334142,0.070989434,0
R278T,0.0621004,0.132286445,0
R278V,0.061339,0.130659477,0
R278W,0.0473245,0.100713127,0
R278Y,0.053934,0.114836385,0
S279A,0.0913694,0.194828791,0
S279C,0.0411532,0.087526221,0
S279D,0.0264953,0.056205047,0
S279E,0.0267273,0.056700787,0
S279F,0.0838967,0.178861037,0
S279G,0.0593608,0.126432436,0
S279H,0.0177209,0.037455805,0
S279I,0.0478073,0.10174478,0
S279K,0.0260882,0.05533515,0
S279L,0.0816405,0.174039962,0
S279M,0.0351278,0.074651075,0
S279N,0.0285109,0.060512004,0
S279P,0.0736004,0.156859781,0
S279Q,0.0236671,0.050161715,0
S279R,0.00624869,0.012941851,0
S279T,0.0716449,0.152681246,0
S279V,0.0351094,0.074611757,0
S279W,0.0828683,0.17666354,0
S279Y,0.0528214,0.112458968,0
A280C,0.0347942,0.073938234,0
A280D,0.0897405,0.191348138,0
A280E,0.035077,0.074542525,0
A280F,0.0376611,0.08006426,0
A280G,0.0379009,0.080576667,0
A280H,0.044566,0.094818732,0
A280I,0.0179102,0.037860303,0
A280K,0.0360504,0.076622497,0
A280L,0.022891,0.048503336,0
A280M,0.046815,0.099624422,0
A280N,0.0349357,0.074240593,0
A280P,0.0478215,0.101775123,0
A280Q,0.0389632,0.082846603,0
A280R,0.0735615,0.156776659,0
A280S,0.0528242,0.112464951,0
A280T,0.0246606,0.052284638,0
A280V,0.111571,0.237995808,1
A280W,0.119594,0.25513945,1
A280Y,0.0337607,0.071729839,0
N281A,0.0322566,0.06851586,0
N281C,0.0461078,0.098113268,0
N281D,0.0636292,0.135553203,0
N281E,0.076849,0.163801428,0
N281F,0.0321991,0.068392994,0
N281G,0.0417542,0.088810444,0
N281H,0.039606,0.084220145,0
N281I,0.0527211,0.112244646,0
N281K,0.0824833,0.175840867,0
N281L,0.0362489,0.077046654,0
N281M,0.0397396,0.084505623,0
N281P,0.0150224,0.031689618,0
N281Q,0.0285005,0.060489782,0
N281R,0.0529211,0.112672008,0
N281S,0.0466188,0.099205179,0
N281T,0.0831119,0.177184067,0
N281V,0.052735,0.112274348,0
N281W,0.0554934,0.11816853,0
N281Y,0.0330989,0.070315697,0
F282A,0.051859,0.110402501,0
F282C,0.0345948,0.073512154,0
F282D,0.0186677,0.039478938,0
F282E,0.039284,0.083532092,0
F282G,0.0171289,0.036190812,0
F282H,0.0371017,0.078868927,0
F282I,0.0864149,0.184241956,0
F282K,0.0362253,0.076996226,0
F282L,0.0494114,0.10517244,0
F282M,0.0291888,0.061960549,0
F282N,0.0559434,0.119130095,0
F282P,0.0849799,0.181175631,0
F282Q,0.0393606,0.083695772,0
F282R,0.0463561,0.098643839,0
F282S,0.0613119,0.130601569,0
F282T,0.0265079,0.05623197,0
F282V,0.0461252,0.098150449,0
F282W,0.0486562,0.10355872,0
F282Y,0.106179,0.226474119,1
T283A,0.0262394,0.055658236,0
T283C,0.075996,0.161978728,0
T283D,0.0350333,0.074449146,0
T283E,0.0923712,0.196969449,0
T283F,0.00845462,0.017655508,0
T283G,0.0419471,0.089222635,0
T283H,0.0370473,0.078752685,0
T283I,0.0514768,0.109585811,0
T283K,0.0448965,0.095524948,0
T283L,0.0258005,0.05472039,0
T283M,0.0381917,0.081198052,0
T283N,0.0467041,0.099387449,0
T283P,0.0802613,0.171092871,0
T283Q,0.0955124,0.203681602,0
T283R,0.0440695,0.093757805,0
T283S,0.0444101,0.094485603,0
T283V,0.036313,0.077183624,0
T283W,0.0368424,0.078314852,0
T283Y,0.0613358,0.130652639,0
D284A,0.0513427,0.109299265,0
D284C,0.0565687,0.120466243,0
D284E,0.0792222,0.16887251,0
D284F,0.0471864,0.100418034,0
D284G,0.03708,0.078822559,0
D284H,0.0319951,0.067957084,0
D284I,0.0115293,0.024225521,0
D284K,0.0428137,0.091074397,0
D284L,0.0368757,0.078386008,0
D284M,0.042073,0.08949166,0
D284N,0.164717,0.35155881,1
D284P,0.0135095,0.028456836,0
D284Q,0.0270049,0.057293966,0
D284R,0.0429083,0.091276539,0
D284S,0.0635535,0.135391447,0
D284T,0.0348789,0.074119222,0
D284V,0.0279044,0.059216028,0
D284W,0.0312419,0.066347638,0
D284Y,0.0440233,0.093659084,0
N285A,0.0672034,0.143190596,0
N285C,0.0220977,0.046808203,0
N285D,0.103307,0.220337195,1
N285E,0.0502681,0.107003047,0
N285F,0.0232207,0.049207843,0
N285G,0.0406652,0.086483456,0
N285H,0.037441,0.079593948,0
N285I,0.0593227,0.126351023,0
N285K,0.0135546,0.028553206,0
N285L,0.0195525,0.041369589,0
N285M,0.0404869,0.086102463,0
N285P,0.0572346,0.121889146,0
N285Q,0.0460939,0.098083567,0
N285R,0.0262089,0.055593064,0
N285S,0.0702367,0.149672187,0
N285T,0.0832122,0.177398389,0
N285V,0.0259056,0.054944969,0
N285W,0.0466489,0.099269497,0
N285Y,0.019452,0.04115484,0
A286C,0.022603,0.047887934,0
A286D,0.095288,0.203202101,0
A286E,0.017355,0.036673945,0
A286F,0.0307986,0.065400389,0
A286G,0.031334,0.066544438,0
A286H,0.0268927,0.057054216,0
A286I,0.062038,0.132153108,0
A286K,0.0498895,0.10619405,0
A286L,0.0378672,0.080504657,0
A286M,0.0434314,0.092394305,0
A286N,0.0370175,0.078689008,0
A286P,0.0281187,0.059673947,0
A286Q,0.0538402,0.114635952,0
A286R,0.0266521,0.056540099,0
A286S,0.0627817,0.133742255,0
A286T,0.150096,0.320316484,1
A286V,0.0895975,0.191042574,0
A286W,0.047778,0.101682172,0
A286Y,0.0288668,0.061272496,0
K287A,0.0682313,0.145387025,0
K287C,0.045851,0.097564535,0
K287D,0.0235122,0.049830723,0
K287E,0.0746586,0.159120956,0
K287F,0.0544406,0.115918894,0
K287G,0.0475344,0.101161644,0
K287H,0.0310384,0.065912796,0
K287I,0.0503231,0.107120571,0
K287L,0.0540808,0.115150069,0
K287M,0.0334398,0.071044136,0
K287N,0.0659029,0.140411672,0
K287P,0.0239317,0.050727116,0
K287Q,0.125248,0.267220984,1
K287R,0.0516469,0.109949283,0
K287S,0.0173294,0.036619243,0
K287T,0.00665246,0.013804631,0
K287V,0.0561149,0.119496558,0
K287W,0.0307606,0.06531919,0
K287Y,0.0644352,0.137275474,0
T288A,0.0463348,0.098598325,0
T288C,0.0382298,0.081279465,0
T288D,0.0746903,0.159188692,0
T288E,0.0683907,0.145727633,0
T288F,0.0321552,0.068299188,0
T288G,0.0224524,0.04756613,0
T288H,0.0534469,0.113795544,0
T288I,0.0407673,0.086701625,0
T288K,0.0258969,0.054926378,0
T288L,0.0594476,0.126617911,0
T288M,0.0448495,0.095424518,0
T288N,0.0796897,0.16987147,0
T288P,0.0407754,0.086718933,0
T288Q,0.0541544,0.115307338,0
T288R,0.0218627,0.046306052,0
T288S,0.0781053,0.166485905,0
T288V,0.0527172,0.112236313,0
T288W,0.0288754,0.061290872,0
T288Y,0.025736,0.054582565,0
I289A,0.0474453,0.100971254,0
I289C,0.0756707,0.161283623,0
I289D,0.00773838,0.016125038,0
I289E,0.0168108,0.035511092,0
I289F,0.0565009,0.120321367,0
I289G,0.0095448,0.019985018,0
I289H,0.0467743,0.099537454,0
I289K,0.0258927,0.054917404,0
I289L,0.0767144,0.163513813,0
I289M,0.197274,0.421126992,1
I289N,0.0657229,0.140027046,0
I289P,0.00492501,0.010113396,0
I289Q,0.0558289,0.11888543,0
I289R,0.00713578,0.014837395,0
I289S,0.02619,0.055552678,0
I289T,0.0450704,0.09589654,0
I289V,0.0572505,0.121923122,0
I289W,0.0374683,0.079652283,0
I289Y,0.0390885,0.083114345,0
I290A,0.0277784,0.05894679,0
I290C,0.0743304,0.158419654,0
I290D,0.0193976,0.041038597,0
I290E,0.015526,0.032765717,0
I290F,0.0381587,0.081127538,0
I290G,0.0351197,0.074633766,0
I290H,0.0506348,0.107786616,0
I290K,0.0263632,0.055922774,0
I290L,0.0727685,0.155082167,0
I290M,0.100105,0.213495124,1
I290N,0.052721,0.112244432,0
I290P,0.0142731,0.030088505,0
I290Q,0.0409543,0.087101209,0
I290R,0.010251,0.021494034,0
I290S,0.0308115,0.065427954,0
I290T,0.0845395,0.18023458,0
I290V,0.0635063,0.135290589,0
I290W,0.075278,0.160444497,0
I290Y,0.0438971,0.093389419,0
V291A,0.0828855,0.176700293,0
V291C,0.0436121,0.092780427,0
V291D,0.0207288,0.043883121,0
V291E,0.0520133,0.110732211,0
V291F,0.0684136,0.145776566,0
V291G,0.0639349,0.136206427,0
V291H,0.0225737,0.047825325,0
V291I,0.117986,0.251703456,1
V291K,0.0120328,0.025301405,0
V291L,0.14927,0.318551477,1
V291M,0.0288532,0.061243435,0
V291N,0.0154443,0.032591139,0
V291P,0.0089675,0.018751436,0
V291Q,0.0244638,0.051864113,0
V291R,0.0060018,0.012414293,0
V291S,0.0532204,0.113311556,0
V291T,0.0738853,0.157468559,0
V291W,0.039933,0.084918883,0
V291Y,0.00999727,0.020951861,0
Q292A,0.0452016,0.09617689,0
Q292C,0.0411991,0.0876243,0
Q292D,0.0276902,0.058758323,0
Q292E,0.0346592,0.073649765,0
Q292F,0.0302381,0.064202706,0
Q292G,0.0441969,0.094030035,0
Q292H,0.0479007,0.101944358,0
Q292I,0.060829,0.129569703,0
Q292K,0.133727,0.285339011,1
Q292L,0.0331496,0.070424033,0
Q292M,0.0252784,0.05360476,0
Q292N,0.0980662,0.209138592,0
Q292P,0.022518,0.047706305,0
Q292R,0.10839,0.23119861,1
Q292S,0.0344104,0.073118126,0
Q292T,0.0365719,0.077736845,0
Q292V,0.0250635,0.053145559,0
Q292W,0.0401133,0.08530415,0
Q292Y,0.0406599,0.086472131,0
L293A,0.0298163,0.063301399,0
L293C,0.0618452,0.131741131,0
L293D,0.0438651,0.093321041,0
L293E,0.0320121,0.06799341,0
L293F,0.0702257,0.149648682,0
L293G,0.0308582,0.065527743,0
L293H,0.0371616,0.078996922,0
L293I,0.0647629,0.137975707,0
L293K,0.0301671,0.064050992,0
L293M,0.0602044,0.12823505,0
L293N,0.0612258,0.13041759,0
L293P,0.0377834,0.080325592,0
L293Q,0.0340444,0.072336053,0
L293R,0.0198218,0.041945033,0
L293S,0.0386456,0.082167951,0
L293T,0.0281958,0.059838695,0
L293V,0.0487399,0.103737571,0
L293W,0.0431352,0.091761382,0
L293Y,0.0491226,0.104555329,0
N294A,0.0462104,0.098332505,0
N294C,0.0342881,0.072856794,0
N294D,0.0394184,0.083819279,0
N294E,0.0648264,0.138111394,0
N294F,0.0466489,0.099269497,0
N294G,0.050325,0.107124631,0
N294H,0.0554868,0.118154427,0
N294I,0.0472486,0.100550943,0
N294K,0.0494255,0.105202569,0
N294L,0.0356164,0.075695121,0
N294M,0.0696092,0.148331338,0
N294P,0.0405251,0.086184089,0
N294Q,0.0371761,0.079027906,0
N294R,0.0309597,0.065744629,0
N294S,0.0436948,0.092957142,0
N294T,0.0469879,0.099993877,0
N294V,0.0316654,0.067252577,0
N294W,0.0824062,0.175676119,0
N294Y,0.0727013,0.154938574,0
Q295A,0.0454431,0.09669293,0
Q295C,0.0289481,0.061446219,0
Q295D,0.0348802,0.074122,0
Q295E,0.0442878,0.094224271,0
Q295F,0.0506646,0.107850293,0
Q295G,0.0212339,0.044962425,0
Q295H,0.0789287,0.168245356,0
Q295I,0.045991,0.097863689,0
Q295K,0.0590395,0.125745878,0
Q295L,0.0769476,0.164012118,0
Q295M,0.0366203,0.077840266,0
Q295N,0.0412501,0.087733278,0
Q295P,0.0269406,0.057156569,0
Q295R,0.0754725,0.160860107,0
Q295S,0.0169468,0.035801699,0
Q295T,0.0760668,0.162130014,0
Q295V,0.0406747,0.086503756,0
Q295W,0.0437132,0.092996459,0
Q295Y,0.0595909,0.126924116,0
S296A,0.0471306,0.1002988,0
S296C,0.0216199,0.045787234,0
S296D,0.0580508,0.123633212,0
S296E,0.0328194,0.069718458,0
S296F,0.0500072,0.106445552,0
S296G,0.0112807,0.023694309,0
S296H,0.048724,0.103703596,0
S296I,0.0583667,0.124308231,0
S296K,0.0367858,0.078193909,0
S296L,0.0338345,0.071887536,0
S296M,0.0380185,0.080827957,0
S296N,0.0365707,0.07773428,0
S296P,0.0608271,0.129565643,0
S296Q,0.020729,0.043883548,0
S296R,0.123846,0.264225174,1
S296T,0.14329,0.305773343,1
S296V,0.0396373,0.084287028,0
S296W,0.0333838,0.070924475,0
S296Y,0.0531567,0.113175441,0
V297A,0.0733275,0.156276645,0
V297C,0.0456072,0.09704358,0
V297D,0.0156866,0.033108889,0
V297E,0.0170032,0.035922215,0
V297F,0.0313915,0.066667305,0
V297G,0.00975122,0.020426098,0
V297H,0.0369822,0.078613578,0
V297I,0.120193,0.2564194,1
V297K,0.0338531,0.071927281,0
V297L,0.0974398,0.207800093,0
V297M,0.0543464,0.115717606,0
V297N,0.0769722,0.164064683,0
V297P,0.0509675,0.108497533,0
V297Q,0.0217132,0.045986599,0
V297R,0.0161776,0.034158063,0
V297S,0.0329899,0.070082785,0
V297T,0.0743794,0.158524358,0
V297W,0.0376632,0.080068747,0
V297Y,0.0424302,0.090254929,0
E298A,0.0281421,0.059723948,0
E298C,0.0355725,0.075601315,0
E298D,0.0414737,0.088211069,0
E298F,0.0450692,0.095893976,0
E298G,0.0935811,0.199554777,0
E298H,0.0332642,0.070668912,0
E298I,0.0341198,0.072497168,0
E298K,0.1419,0.302803174,1
E298L,0.111822,0.238532148,1
E298M,0.0525844,0.111952544,0
E298N,0.0484412,0.103099305,0
E298P,0.0228406,0.04839564,0
E298Q,0.0329592,0.070017184,0
E298R,0.0215634,0.045666504,0
E298S,0.0618481,0.131747328,0
E298T,0.0177369,0.037489994,0
E298V,0.0284633,0.060410292,0
E298W,0.0608113,0.129531881,0
E298Y,0.0304485,0.064652291,0
I299A,0.0808059,0.172256579,0
I299C,0.0338334,0.071885185,0
I299D,0.0194687,0.041190525,0
I299E,0.0443211,0.094295427,0
I299F,0.0765299,0.163119572,0
I299G,0.0287328,0.060986163,0
I299H,0.0660444,0.140714031,0
I299K,0.0223885,0.047429588,0
I299L,0.0677174,0.144288917,0
I299M,0.0462829,0.098487424,0
I299N,0.0543755,0.115779788,0
I299P,0.00561296,0.011583415,0
I299Q,0.0508816,0.108313981,0
I299R,0.0040735,0.008293879,0
I299S,0.0714762,0.152320766,0
I299T,0.0794244,0.169304573,0
I299V,0.0760963,0.16219305,0
I299W,0.0339522,0.072139039,0
I299Y,0.0445381,0.094759115,0
N300A,0.0704327,0.150091002,0
N300C,0.0610267,0.12999215,0
N300D,0.035048,0.074480557,0
N300E,0.0518559,0.110395877,0
N300F,0.0861661,0.183710318,0
N300G,0.0628018,0.133785205,0
N300H,0.0394772,0.083944924,0
N300I,0.0336848,0.071567655,0
N300K,0.0675466,0.14392395,0
N300L,0.12271,0.261797755,1
N300M,0.0205364,0.043471999,0
N300P,0.00789974,0.016469834,0
N300Q,0.0388162,0.082532491,0
N300R,0.0426007,0.090619256,0
N300S,0.0518114,0.110300788,0
N300T,0.0422442,0.089857482,0
N300V,0.039488,0.083968002,0
N300W,0.0406741,0.086502474,0
N300Y,0.0626142,0.133384339,0
C301A,0.0157014,0.033140513,0
C301D,0.0285104,0.060510936,0
C301E,0.0318785,0.067707932,0
C301F,0.0481378,0.102450996,0
C301G,0.0271711,0.057649104,0
C301H,0.0310834,0.066008953,0
C301I,0.0272545,0.057827314,0
C301K,0.029891,0.063461018,0
C301L,0.0179912,0.038033385,0
C301M,0.041778,0.088861301,0
C301N,0.035146,0.074689965,0
C301P,0.0327863,0.06964773,0
C301Q,0.026002,0.055150957,0
C301R,0.0312584,0.066382895,0
C301S,0.0230921,0.048933049,0
C301T,0.0274169,0.058174332,0
C301V,0.0204881,0.043368791,0
C301W,0.0355972,0.075654094,0
C301Y,0.111441,0.237718023,1
T302A,0.0881837,0.188021549,0
T302C,0.0951371,0.202879657,0
T302D,0.0341587,0.07258029,0
T302E,0.0453031,0.096393776,0
T302F,0.0545601,0.116174243,0
T302G,0.0367617,0.078142411,0
T302H,0.0469537,0.099920798,0
T302I,0.0680137,0.144922055,0
T302K,0.0646597,0.137755188,0
T302L,0.0407889,0.08674778,0
T302M,0.0404598,0.086044555,0
T302N,0.0536373,0.114202393,0
T302P,0.00224825,0.004393663,0
T302Q,0.0466691,0.099312661,0
T302R,0.0611473,0.13024985,0
T302S,0.0299215,0.063526191,0
T302V,0.0681907,0.14530027,0
T302W,0.0524924,0.111755957,0
T302Y,0.0205031,0.043400843,0
R303A,0.0576951,0.122873148,0
R303C,0.0346762,0.07368609,0
R303D,0.145249,0.309959357,1
R303E,0.0666059,0.141913851,0
R303F,0.0536553,0.114240856,0
R303G,0.0432387,0.091982542,0
R303H,0.0932702,0.198890443,0
R303I,0.0378438,0.080454656,0
R303K,0.057959,0.123437053,0
R303L,0.027962,0.059339108,0
R303M,0.031822,0.067587202,0
R303N,0.0649545,0.13838512,0
R303P,0.0134812,0.028396364,0
R303Q,0.035746,0.075972052,0
R303S,0.0482892,0.10277451,0
R303T,0.00963806,0.020184297,0
R303V,0.0588274,0.12529266,0
R303W,0.0283602,0.060189987,0
R303Y,0.0452941,0.096374545,0
P304A,0.0495096,0.105382275,0
P304C,0.0247172,0.052405581,0
P304D,0.0652672,0.139053301,0
P304E,0.0514871,0.10960782,0
P304F,0.0594227,0.126564704,0
P304G,0.0564584,0.120230553,0
P304H,0.0354057,0.075244895,0
P304I,0.0398148,0.084666312,0
P304K,0.0468669,0.099735322,0
P304L,0.0518755,0.110437758,0
P304M,0.0441567,0.093944135,0
P304N,0.0335826,0.071349273,0
P304Q,0.0354323,0.075301734,0
P304R,0.0462317,0.098378019,0
P304S,0.0689403,0.146902024,0
P304T,0.0706115,0.150473064,0
P304V,0.0758347,0.16163406,0
P304W,0.0451421,0.096049749,0
P304Y,0.0607305,0.129359227,0
N305A,0.0409942,0.087186467,0
N305C,0.040945,0.087081336,0
N305D,0.0673754,0.143558128,0
N305E,0.0196493,0.041576433,0
N305F,0.0597763,0.127320281,0
N305G,0.0477242,0.101567211,0
N305H,0.0449557,0.095651448,0
N305I,0.0546671,0.116402882,0
N305K,0.0619297,0.131921691,0
N305L,0.0468578,0.099715877,0
N305M,0.0663831,0.141437769,0
N305P,0.0107117,0.022478463,0
N305Q,0.0352791,0.074974374,0
N305R,0.0576876,0.122857122,0
N305S,0.0477641,0.10165247,0
N305T,0.0628654,0.133921106,0
N305V,0.00616811,0.012769667,0
N305W,0.0979172,0.208820207,0
N305Y,0.07599,0.161965907,0
N306A,0.0186701,0.039484067,0
N306C,0.0205097,0.043414946,0
N306D,0.0788499,0.168076975,0
N306E,0.0408238,0.086822355,0
N306F,0.0439325,0.093465062,0
N306G,0.102134,0.217830715,1
N306H,0.0196103,0.041493097,0
N306I,0.0776475,0.165507672,0
N306K,0.0766781,0.163436247,0
N306L,0.0324344,0.068895786,0
N306M,0.0368348,0.078298612,0
N306P,0.0636199,0.135533331,0
N306Q,0.0707431,0.150754269,0
N306R,0.0308765,0.065566846,0
N306S,0.054959,0.117026617,0
N306T,0.0244356,0.051803855,0
N306V,0.0182711,0.038631479,0
N306W,0.0477313,0.101582382,0
N306Y,0.103909,0.221623556,1
N307A,0.0203648,0.043105322,0
N307C,0.0366568,0.07791826,0
N307D,0.0383812,0.081602978,0
N307E,0.0275456,0.05844934,0
N307F,0.0820746,0.174967552,0
N307G,0.104593,0.223085135,1
N307H,0.0417911,0.088889293,0
N307I,0.0639123,0.136158135,0
N307K,0.0603571,0.128561341,0
N307L,0.103008,0.219698289,1
N307M,0.0302657,0.064261682,0
N307P,0.058283,0.12412938,0
N307Q,0.0214082,0.045334871,0
N307R,0.044772,0.095258915,0
N307S,0.0637725,0.135859408,0
N307T,0.0141011,0.029720973,0
N307V,0.058054,0.12364005,0
N307W,0.0373631,0.07942749,0
N307Y,0.0526427,0.11207712,0
T308A,0.0359435,0.076394072,0
T308C,0.0204502,0.043287805,0
T308D,0.0181895,0.038457115,0
T308E,0.0393524,0.08367825,0
T308F,0.0517052,0.110073859,0
T308G,0.104318,0.222497512,1
T308H,0.0141604,0.029847686,0
T308I,0.123747,0.264013629,1
T308K,0.137065,0.292471689,1
T308L,0.0392549,0.083469911,0
T308M,0.0448629,0.095453151,0
T308N,0.0121561,0.025564874,0
T308P,0.0169596,0.03582905,0
T308Q,0.0772656,0.164691624,0
T308R,0.0696534,0.148425785,0
T308S,0.0774037,0.164986718,0
T308V,0.0160451,0.033874936,0
T308W,0.0251271,0.053281461,0
T308Y,0.0193025,0.040835386,0
R309A,0.0625971,0.1333478,0
R309C,0.0219124,0.046412252,0
R309D,0.0154521,0.032607806,0
R309E,0.0201788,0.042707875,0
R309F,0.0950059,0.202599307,0
R309G,0.096723,0.206268426,0
R309H,0.0582205,0.123995829,0
R309I,0.0173899,0.03674852,0
R309K,0.0667771,0.142279673,0
R309L,0.0632958,0.13484079,0
R309M,0.0363709,0.077307345,0
R309N,0.068987,0.147001814,0
R309P,0.0476357,0.101378103,0
R309Q,0.0444354,0.094539664,0
R309S,0.0493364,0.105012179,0
R309T,0.0543385,0.115700726,0
R309V,0.0556743,0.118555079,0
R309W,0.032887,0.069862907,0
R309Y,0.0309855,0.065799759,0
K310A,0.0626243,0.133405921,0
K310C,0.0262281,0.05563409,0
K310D,0.0149447,0.031523588,0
K310E,0.0333823,0.07092127,0
K310F,0.0552164,0.117576633,0
K310G,0.0616146,0.131248382,0
K310H,0.0516268,0.109906333,0
K310I,0.0296801,0.063010365,0
K310L,0.0676085,0.144056218,0
K310M,0.0315164,0.066934192,0
K310N,0.0349388,0.074247217,0
K310P,0.0406784,0.086511662,0
K310Q,0.0369075,0.078453959,0
K310R,0.0656093,0.139784304,0
K310S,0.0323768,0.068772705,0
K310T,0.0581019,0.123742403,0
K310V,0.0522119,0.111156582,0
K310W,0.0397465,0.084520367,0
K310Y,0.03458,0.073480529,0
S311A,0.0585945,0.124794997,0
S311C,0.0438243,0.093233859,0
S311D,0.0186858,0.039517615,0
S311E,0.0275777,0.058517932,0
S311F,0.0341714,0.072607428,0
S311G,0.0310853,0.066013013,0
S311H,0.0452572,0.096295696,0
S311I,0.0840385,0.179164037,0
S311K,0.0638926,0.136116039,0
S311L,0.0593772,0.126467479,0
S311M,0.0454136,0.096629894,0
S311N,0.0499644,0.106354097,0
S311P,0.0288854,0.06131224,0
S311Q,0.0392297,0.083416063,0
S311R,0.0437707,0.093119326,0
S311T,0.1489,0.317760857,1
S311V,0.0779933,0.166246582,0
S311W,0.0140943,0.029706443,0
S311Y,0.0264341,0.056074274,0
I312A,0.0389847,0.082892544,0
I312C,0.0147416,0.031089601,0
I312D,0.0175245,0.037036135,0
I312E,0.0130029,0.027374327,0
I312F,0.0832526,0.177484716,0
I312G,0.0150636,0.031777655,0
I312H,0.0228942,0.048510173,0
I312K,0.0186514,0.039444108,0
I312L,0.153063,0.326656405,1
I312M,0.0771995,0.164550381,0
I312N,0.0105376,0.022106444,0
I312P,0.0172417,0.036431845,0
I312Q,0.0207024,0.043826709,0
I312R,0.00724194,0.015064239,0
I312S,0.0521467,0.111017261,0
I312T,0.0145884,0.030762242,0
I312V,0.164047,0.350127146,1
I312W,0.018344,0.038787252,0
I312Y,0.0233045,0.049386907,0
R313A,0.0182644,0.038617162,0
R313C,0.101099,0.215619115,1
R313D,0.0183669,0.038836185,0
R313E,0.0221061,0.046826152,0
R313F,0.0651135,0.138724873,0
R313G,0.00854307,0.017844509,0
R313H,0.0421439,0.08964316,0
R313I,0.0200282,0.042386071,0
R313K,0.0885581,0.188821572,0
R313L,0.0467067,0.099393005,0
R313M,0.0388099,0.082519029,0
R313N,0.0348486,0.074054477,0
R313P,0.0259754,0.055094118,0
R313Q,0.0261982,0.0555702,0
R313S,0.0533318,0.113549597,0
R313T,0.0194605,0.041173003,0
R313V,0.0338828,0.071990744,0
R313W,0.0397078,0.084437673,0
R313Y,0.0168886,0.035677336,0
I314A,0.00798037,0.016642125,0
I314C,0.015417,0.032532804,0
I314D,0.0178293,0.037687435,0
I314E,0.0131535,0.02769613,0
I314F,0.160127,0.341750843,1
I314G,0.01675,0.035381174,0
I314H,0.021723,0.046007539,0
I314K,0.0158896,0.033542661,0
I314L,0.179383,0.382897292,1
I314M,0.0780974,0.166469024,0
I314N,0.0124124,0.026112539,0
I314P,0.0210919,0.044658997,0
I314Q,0.0285303,0.060553459,0
I314R,0.00888172,0.01856814,0
I314S,0.0101369,0.021250224,0
I314T,0.0359101,0.076322702,0
I314V,0.111355,0.237534257,1
I314W,0.0549226,0.116948837,0
I314Y,0.0327765,0.069626789,0
Q315A,0.0597784,0.127324768,0
Q315C,0.0199545,0.042228588,0
Q315D,0.00633089,0.013117497,0
Q315E,0.0190777,0.040355031,0
Q315F,0.0662507,0.141154855,0
Q315G,0.0607046,0.129303883,0
Q315H,0.0408461,0.086870006,0
Q315I,0.0165966,0.035053387,0
Q315K,0.0540433,0.115069939,0
Q315L,0.074436,0.158645301,0
Q315M,0.0938754,0.200183641,0
Q315N,0.0325354,0.069111604,0
Q315P,0.00347536,0.007015766,0
Q315R,0.0621004,0.132286445,0
Q315S,0.0456462,0.097126916,0
Q315T,0.187403,0.400034523,1
Q315V,0.00731163,0.015213154,0
Q315W,0.0439757,0.093557372,0
Q315Y,0.0188417,0.039850744,0
R316A,0.0294178,0.062449879,0
R316C,0.0283798,0.060231868,0
R316D,0.0210037,0.044470531,0
R316E,0.0198482,0.042001445,0
R316F,0.0412704,0.087776655,0
R316G,0.0279741,0.059364964,0
R316H,0.0370181,0.07869029,0
R316I,0.0410834,0.087377071,0
R316K,0.14785,0.315517205,1
R316L,0.0672824,0.143359404,0
R316M,0.0322639,0.068531459,0
R316N,0.0219858,0.046569094,0
R316P,0.0143248,0.030198978,0
R316Q,0.0320329,0.068037856,0
R316S,0.0147794,0.031170373,0
R316T,0.0200102,0.042347608,0
R316V,0.0704171,0.150057668,0
R316W,0.0503161,0.107105614,0
R316Y,0.0298848,0.06344777,0
G317A,0.127631,0.272313006,1
G317C,0.0232164,0.049198654,0
G317D,0.0308245,0.065455732,0
G317E,0.0915382,0.195189484,0
G317F,0.0191943,0.040604183,0
G317H,0.030405,0.06455934,0
G317I,0.0191444,0.040497556,0
G317K,0.055414,0.117998867,0
G317L,0.0186984,0.039544538,0
G317M,0.0352073,0.074820951,0
G317N,0.0323195,0.068650266,0
G317P,0.0154283,0.03255695,0
G317Q,0.0188857,0.039944763,0
G317R,0.0504288,0.107346432,0
G317S,0.0151336,0.031927232,0
G317T,0.019333,0.040900559,0
G317V,0.0449719,0.095686064,0
G317W,0.027012,0.057309137,0
G317Y,0.0317528,0.067439335,0
P318A,0.0430378,0.091553256,0
P318C,0.0239238,0.050710235,0
P318D,0.0346565,0.073643995,0
P318E,0.00934248,0.019552698,0
P318F,0.0528351,0.112488243,0
P318G,0.14382,0.306905853,1
P318H,0.0808495,0.172349744,0
P318I,0.017544,0.037077803,0
P318K,0.0236642,0.050155519,0
P318L,0.0399752,0.085009056,0
P318M,0.0751232,0.160113718,0
P318N,0.0246658,0.052295749,0
P318Q,0.0726528,0.154834938,0
P318R,0.0389724,0.082866261,0
P318S,0.0267836,0.056821089,0
P318T,0.0443145,0.094281324,0
P318V,0.00945718,0.01979779,0
P318W,0.0759909,0.16196783,0
P318Y,0.037828,0.080420894,0
G319A,0.139927,0.298587245,1
G319C,0.0348169,0.07398674,0
G319D,0.0227755,0.048256534,0
G319E,0.0544048,0.115842396,0
G319F,0.0336566,0.071507397,0
G319H,0.0228957,0.048513379,0
G319I,0.0271899,0.057689276,0
G319K,0.0227448,0.048190934,0
G319L,0.0143075,0.030162011,0
G319M,0.034063,0.072375797,0
G319N,0.0245632,0.052076512,0
G319P,0.00875651,0.01830059,0
G319Q,0.0477976,0.101724053,0
G319R,0.0580808,0.123697316,0
G319S,0.0443019,0.0942544,0
G319T,0.0167268,0.0353316,0
G319V,0.0370811,0.078824909,0
G319W,0.0422572,0.089885261,0
G319Y,0.0367723,0.078165062,0
R320A,0.0169755,0.035863025,0
R320C,0.0325078,0.069052628,0
R320D,0.0210452,0.044559208,0
R320E,0.0249228,0.05284491,0
R320F,0.0241857,0.051269866,0
R320G,0.0233978,0.049586272,0
R320H,0.105074,0.224112942,1
R320I,0.0667341,0.14218779,0
R320K,0.136726,0.29174731,1
R320L,0.0156186,0.032963585,0
R320M,0.0304623,0.064681779,0
R320N,0.0177027,0.037416915,0
R320P,0.0224944,0.047655876,0
R320Q,0.0433996,0.092326355,0
R320S,0.0228721,0.04846295,0
R320T,0.0105366,0.022104308,0
R320V,0.0138272,0.029135701,0
R320W,0.0438263,0.093238132,0
R320Y,0.0239552,0.050777331,0
A321C,0.0168118,0.035513229,0
A321D,0.0228666,0.048451197,0
A321E,0.0515454,0.109732396,0
A321F,0.0168586,0.035613232,0
A321G,0.0284049,0.060285502,0
A321H,0.0625222,0.133187752,0
A321I,0.0182502,0.038586819,0
A321K,0.0247954,0.05257268,0
A321L,0.0445253,0.094731764,0
A321M,0.049973,0.106372474,0
A321N,0.13719,0.292738791,1
A321P,0.0140252,0.029558789,0
A321Q,0.0488099,0.103887148,0
A321R,0.083375,0.177746262,0
A321S,0.0684939,0.145948152,0
A321T,0.11227,0.23948944,1
A321V,0.0384846,0.081823925,0
A321W,0.0253572,0.053773141,0
A321Y,0.0226598,0.048009305,0
F322A,0.00788182,0.016431542,0
F322C,0.00964653,0.020202396,0
F322D,0.0249192,0.052837217,0
F322E,0.0210053,0.04447395,0
F322G,0.0181381,0.038347283,0
F322H,0.0213471,0.045204312,0
F322I,0.0277307,0.058844864,0
F322K,0.0160162,0.033813182,0
F322L,0.232338,0.496052162,1
F322M,0.0702419,0.149683299,0
F322N,0.0194192,0.041084752,0
F322P,0.0155172,0.032746913,0
F322Q,0.0284216,0.060321187,0
F322R,0.0143849,0.030327401,0
F322S,0.0203374,0.043046773,0
F322T,0.011312,0.023761192,0
F322V,0.0454131,0.096628825,0
F322W,0.0711849,0.151698312,0
F322Y,0.110664,0.23605772,1
V323A,0.0398401,0.084720373,0
V323C,0.0226428,0.047972979,0
V323D,0.0578632,0.123232346,0
V323E,0.0414788,0.088221967,0
V323F,0.0849327,0.181074774,0
V323G,0.00281458,0.005603804,0
V323H,0.00852609,0.017808226,0
V323I,0.142638,0.304380141,1
V323K,0.0154086,0.032514855,0
V323L,0.0875427,0.186651853,0
V323M,0.0645693,0.13756202,0
V323N,0.0534403,0.113781441,0
V323P,0.00732047,0.015232043,0
V323Q,0.0351419,0.074681204,0
V323R,0.0223659,0.047381296,0
V323S,0.0157515,0.033247568,0
V323T,0.0635556,0.135395934,0
V323W,0.0875403,0.186646724,0
V323Y,0.0805412,0.171690965,0
T324A,0.067505,0.143835058,0
T324C,0.0308625,0.065536931,0
T324D,0.0269176,0.057107422,0
T324E,0.00877136,0.018332322,0
T324F,0.0606817,0.12925495,0
T324G,0.0365218,0.07762979,0
T324H,0.0189833,0.040153316,0
T324I,0.0901575,0.192239188,0
T324K,0.0410516,0.08730912,0
T324L,0.11846,0.252716305,1
T324M,0.0594761,0.12667881,0
T324N,0.0259143,0.054963559,0
T324P,0.011001,0.023096643,0
T324Q,0.0317805,0.067498524,0
T324R,0.0117956,0.024794554,0
T324S,0.056881,0.12113357,0
T324V,0.168964,0.36063385,1
T324W,0.0303358,0.064411472,0
T324Y,0.0195327,0.04132728,0
I325A,0.0456491,0.097133113,0
I325C,0.0271907,0.057690985,0
I325D,0.0348671,0.074094008,0
I325E,0.0316806,0.067285057,0
I325F,0.0740323,0.15778267,0
I325G,0.00803387,0.016756445,0
I325H,0.0253943,0.053852417,0
I325K,0.0290426,0.061648147,0
I325L,0.0891016,0.189982929,0
I325M,0.0470681,0.100165249,0
I325N,0.0503228,0.10711993,0
I325P,0.0125846,0.026480498,0
I325Q,0.0568276,0.121019464,0
I325R,0.0131661,0.027723054,0
I325S,0.032642,0.069339388,0
I325T,0.0688606,0.146731721,0
I325V,0.0754145,0.160736172,0
I325W,0.0538754,0.114711168,0
I325Y,0.0735653,0.156784779,0
G326A,0.0954445,0.203536512,0
G326C,0.0409341,0.087058045,0
G326D,0.0768959,0.163901645,0
G326E,0.108979,0.232457192,1
G326F,0.0355095,0.075466696,0
G326H,0.0536305,0.114187863,0
G326I,0.0343604,0.073011285,0
G326K,0.0478972,0.10193688,0
G326L,0.0274706,0.058289079,0
G326M,0.0492878,0.10490833,0
G326N,0.0407559,0.086677265,0
G326P,0.0273569,0.058046124,0
G326Q,0.044568,0.094823006,0
G326R,0.0351075,0.074607697,0
G326S,0.0389503,0.082819038,0
G326T,0.0323692,0.068756465,0
G326V,0.0137335,0.028935481,0
G326W,0.0378441,0.080455297,0
G326Y,0.0325804,0.06920776,0
K327A,0.0225959,0.047872762,0
K327C,0.0435056,0.092552857,0
K327D,0.0446378,0.094972155,0
K327E,0.119992,0.255989901,1
K327F,0.0451655,0.096099751,0
K327G,0.0685089,0.145980204,0
K327H,0.0366452,0.077893473,0
K327I,0.105598,0.225232631,1
K327L,0.0421502,0.089656622,0
K327M,0.0562783,0.119845713,0
K327N,0.0301798,0.06407813,0
K327P,0.0188784,0.039929165,0
K327Q,0.0738426,0.157377317,0
K327R,0.0340557,0.072360199,0
K327S,0.0153792,0.032452033,0
K327T,0.0347592,0.073863446,0
K327V,0.0641839,0.136738493,0
K327W,0.0437526,0.093080649,0
K327Y,0.0412774,0.087791613,0
I328A,0.0320784,0.068135081,0
I328C,0.0496517,0.105685916,0
I328D,0.031631,0.067179071,0
I328E,0.0305806,0.064934564,0
I328F,0.0949661,0.202514262,0
I328G,0.0295309,0.062691552,0
I328H,0.0434517,0.092437683,0
I328K,0.0344268,0.07315317,0
I328L,0.0596658,0.127084163,0
I328M,0.0831364,0.177236419,0
I328N,0.0282142,0.059878012,0
I328P,0.0590761,0.125824085,0
I328Q,0.0219257,0.046440671,0
I328R,0.0327883,0.069652003,0
I328S,0.0168579,0.035611736,0
I328T,0.0624758,0.133088604,0
I328V,0.0659208,0.140449921,0
I328W,0.0523922,0.111541849,0
I328Y,0.0741415,0.15801601,0
G329A,0.0556702,0.118546318,0
G329C,0.0460449,0.097978863,0
G329D,0.0477132,0.101543706,0
G329E,0.141505,0.301959134,1
G329F,0.0385709,0.082008331,0
G329H,0.0525194,0.111813651,0
G329I,0.0360537,0.076629549,0
G329K,0.0469915,0.100001569,0
G329L,0.0680115,0.144917354,0
G329M,0.0871599,0.185833881,0
G329N,0.0289286,0.061404551,0
G329P,0.0391908,0.083332941,0
G329Q,0.04256,0.090532287,0
G329R,0.0648685,0.138201354,0
G329S,0.0317447,0.067422027,0
G329T,0.0491741,0.104665375,0
G329V,0.0359905,0.076494502,0
G329W,0.025469,0.054012037,0
G329Y,0.0251065,0.053237442,0
N330A,0.03548,0.07540366,0
N330C,0.0389266,0.082768395,0
N330D,0.0699506,0.149060845,0
N330E,0.0473654,0.100800523,0
N330F,0.0423577,0.09010001,0
N330G,0.0557689,0.118757221,0
N330H,0.0309308,0.065682875,0
N330I,0.0339221,0.072074721,0
N330K,0.0904059,0.192769972,0
N330L,0.0296624,0.062972543,0
N330M,0.0535076,0.113925249,0
N330P,0.046157,0.0982184,0
N330Q,0.0560274,0.119309587,0
N330R,0.0230087,0.048754838,0
N330S,0.0756883,0.161321231,0
N330T,0.0850875,0.181405552,0
N330V,0.0524731,0.111714717,0
N330W,0.0341178,0.072492895,0
N330Y,0.0568044,0.12096989,0
M331A,0.0537851,0.114518214,0
M331C,0.030628,0.065035849,0
M331D,0.0289691,0.061491092,0
M331E,0.0449195,0.095574095,0
M331F,0.039166,0.083279948,0
M331G,0.0417711,0.088846557,0
M331H,0.0583344,0.124239212,0
M331I,0.0632236,0.134686512,0
M331K,0.102061,0.217674728,1
M331L,0.0361324,0.076797716,0
M331N,0.0755683,0.161064813,0
M331P,0.039012,0.082950879,0
M331Q,0.0526077,0.112002332,0
M331R,0.0200052,0.042336924,0
M331S,0.0673499,0.143503639,0
M331T,0.0779098,0.166068158,0
M331V,0.0538679,0.114695142,0
M331W,0.0386067,0.082084829,0
M331Y,0.0348097,0.073971355,0
R332A,0.072202,0.153871664,0
R332C,0.0380951,0.080991636,0
R332D,0.0313339,0.066544224,0
R332E,0.0447646,0.095243103,0
R332F,0.0497008,0.105790833,0
R332G,0.0537843,0.114516504,0
R332H,0.0424985,0.090400874,0
R332I,0.0740258,0.157768781,0
R332K,0.0607635,0.129429742,0
R332L,0.0634741,0.135221784,0
R332M,0.0504508,0.107393442,0
R332N,0.0599886,0.127773926,0
R332P,0.0207327,0.043891455,0
R332Q,0.0678666,0.14460773,0
R332S,0.0292661,0.062125725,0
R332T,0.0286098,0.060723335,0
R332V,0.0541597,0.115318664,0
R332W,0.0459576,0.097792319,0
R332Y,0.0388333,0.082569031,0
Q333A,0.0306848,0.06515722,0
Q333C,0.041545,0.088363423,0
Q333D,0.041473,0.088209573,0
Q333E,0.0801317,0.17081594,0
Q333F,0.0490569,0.10441494,0
Q333G,0.0474238,0.100925313,0
Q333H,0.0547264,0.116529595,0
Q333I,0.0595935,0.126929672,0
Q333K,0.0463475,0.098625462,0
Q333L,0.0564909,0.120299999,0
Q333M,0.0419979,0.089331186,0
Q333N,0.0377692,0.080295249,0
Q333P,0.0472245,0.100499446,0
Q333R,0.0458088,0.097474362,0
Q333S,0.0329634,0.070026159,0
Q333T,0.0267964,0.056848441,0
Q333V,0.0335977,0.071381539,0
Q333W,0.0410687,0.08734566,0
Q333Y,0.0363515,0.077265891,0
A334C,0.051691,0.110043516,0
A334D,0.0585864,0.124777689,0
A334E,0.0478265,0.101785807,0
A334F,0.0479489,0.102047353,0
A334G,0.0279222,0.059254063,0
A334H,0.0425515,0.090514125,0
A334I,0.0421879,0.08973718,0
A334K,0.0372524,0.079190945,0
A334L,0.0465082,0.098968848,0
A334M,0.0488664,0.104007878,0
A334N,0.0410722,0.087353139,0
A334P,0.0612237,0.130413102,0
A334Q,0.0387764,0.082447446,0
A334R,0.0460197,0.097925015,0
A334S,0.0593777,0.126468548,0
A334T,0.0413244,0.087892043,0
A334V,0.0367922,0.078207584,0
A334W,0.0446297,0.094954847,0
A334Y,0.0821646,0.175159865,0
H335A,0.0323607,0.068738303,0
H335C,0.0346889,0.073713228,0
H335D,0.0163552,0.034537561,0
H335E,0.118755,0.253346665,1
H335F,0.0673157,0.14343056,0
H335G,0.0221098,0.046834058,0
H335I,0.0485812,0.103398459,0
H335K,0.0376914,0.080129005,0
H335L,0.0333372,0.070824899,0
H335M,0.0388052,0.082508986,0
H335N,0.0609234,0.129771418,0
H335P,0.00435085,0.008886524,0
H335Q,0.0935085,0.199399645,0
H335R,0.0241585,0.051211745,0
H335S,0.0453019,0.096391212,0
H335T,0.0613588,0.130701786,0
H335V,0.0499455,0.106313711,0
H335W,0.0404022,0.085921475,0
H335Y,0.10455,0.222993253,1
C336A,0.0307681,0.065335216,0
C336D,0.0350103,0.074399999,0
C336E,0.0389184,0.082750874,0
C336F,0.0488376,0.103946337,0
C336G,0.0098087,0.020548922,0
C336H,0.0298988,0.063477686,0
C336I,0.0326003,0.069250283,0
C336K,0.021776,0.04612079,0
C336L,0.020978,0.044415615,0
C336M,0.0449363,0.095609993,0
C336N,0.0368158,0.078258013,0
C336P,0.0264718,0.056154831,0
C336Q,0.0313155,0.066504907,0
C336R,0.0369796,0.078608023,0
C336S,0.0370438,0.078745206,0
C336T,0.0280759,0.059582491,0
C336V,0.0152102,0.032090911,0
C336W,0.0330543,0.070220395,0
C336Y,0.12608,0.268998811,1
N337A,0.0462425,0.098401097,0
N337C,0.0329776,0.070056502,0
N337D,0.0357946,0.076075901,0
N337E,0.0359794,0.076470784,0
N337F,0.0441018,0.093826824,0
N337G,0.0268937,0.057056352,0
N337H,0.0365731,0.077739409,0
N337I,0.116167,0.247816596,1
N337K,0.0629839,0.134174319,0
N337L,0.0770887,0.164313622,0
N337M,0.0442656,0.094176834,0
N337P,0.0119404,0.025103964,0
N337Q,0.0278816,0.059167309,0
N337R,0.048956,0.104199336,0
N337S,0.100672,0.214706696,1
N337T,0.0601389,0.128095089,0
N337V,0.0395297,0.084057107,0
N337W,0.0384796,0.08181324,0
N337Y,0.0325401,0.069121647,0
I338A,0.0303546,0.064451644,0
I338C,0.0379498,0.080681158,0
I338D,0.0269723,0.057224306,0
I338E,0.0314319,0.066753632,0
I338F,0.0912972,0.194674513,0
I338G,0.0232635,0.049299298,0
I338H,0.030826,0.065458937,0
I338K,0.0359021,0.076305608,0
I338L,0.123388,0.263246514,1
I338M,0.098021,0.209042008,0
I338N,0.0509339,0.108425736,0
I338P,0.0106752,0.02240047,0
I338Q,0.0195076,0.041273647,0
I338R,0.0100814,0.021131631,0
I338S,0.0271818,0.057671968,0
I338T,0.0748073,0.159438699,0
I338V,0.0549799,0.117071277,0
I338W,0.0236194,0.050059789,0
I338Y,0.0596642,0.127080744,0
S339A,0.0465392,0.099035089,0
S339C,0.0298792,0.063435804,0
S339D,0.0381509,0.08111087,0
S339E,0.0351093,0.074611544,0
S339F,0.0435317,0.092608628,0
S339G,0.0415655,0.088407228,0
S339H,0.0544356,0.11590821,0
S339I,0.05011,0.106665217,0
S339K,0.0355738,0.075604093,0
S339L,0.0431076,0.091702406,0
S339M,0.0442681,0.094182176,0
S339N,0.110823,0.236397473,1
S339P,0.0730094,0.155596925,0
S339Q,0.0506697,0.10786119,0
S339R,0.0252795,0.053607111,0
S339T,0.0192096,0.040636877,0
S339V,0.0379582,0.080699107,0
S339W,0.0879878,0.187602948,0
S339Y,0.0545203,0.116089198,0
R340A,0.0402641,0.085626381,0
R340C,0.0498215,0.106048747,0
R340D,0.0360753,0.076675704,0
R340E,0.0537898,0.114528257,0
R340F,0.0356207,0.075704309,0
R340G,0.067003,0.142762379,0
R340H,0.0397172,0.084457759,0
R340I,0.0412989,0.087837554,0
R340K,0.085027,0.181276275,0
R340L,0.0541197,0.115233191,0
R340M,0.0362777,0.077108195,0
R340N,0.0461805,0.098268615,0
R340P,0.0235652,0.049943974,0
R340Q,0.0785826,0.167505805,0
R340S,0.064011,0.136369038,0
R340T,0.0341761,0.072617471,0
R340V,0.0376541,0.080049302,0
R340W,0.0373083,0.079310393,0
R340Y,0.0391608,0.083268837,0
A341C,0.0349365,0.074242302,0
A341D,0.0379138,0.080604232,0
A341E,0.106209,0.226538223,1
A341F,0.0259268,0.054990269,0
A341G,0.0246179,0.052193396,0
A341H,0.0417889,0.088884592,0
A341I,0.0871746,0.185865292,0
A341K,0.0523816,0.111519198,0
A341L,0.0215758,0.045693001,0
A341M,0.0459247,0.097722018,0
A341N,0.0276475,0.058667081,0
A341P,0.0190598,0.040316782,0
A341Q,0.0498206,0.106046823,0
A341R,0.0656955,0.139968497,0
A341S,0.0595604,0.126858943,0
A341T,0.0767159,0.163517018,0
A341V,0.0931451,0.198623127,0
A341W,0.0255246,0.054130843,0
A341Y,0.0449372,0.095611917,0
K342A,0.0832939,0.177572967,0
K342C,0.0415474,0.088368552,0
K342D,0.0350589,0.074503848,0
K342E,0.136953,0.292232366,1
K342F,0.0687342,0.146461628,0
K342G,0.0241772,0.051251703,0
K342H,0.0264484,0.05610483,0
K342I,0.0282497,0.059953869,0
K342L,0.0287449,0.061012018,0
K342M,0.0470331,0.10009046,0
K342N,0.0600243,0.12785021,0
K342P,0.0305516,0.064872596,0
K342Q,0.0573081,0.122046202,0
K342R,0.0235445,0.049899742,0
K342S,0.0854773,0.182238482,0
K342T,0.0512115,0.109018915,0
K342V,0.0397825,0.084597293,0
K342W,0.035661,0.075790423,0
K342Y,0.0193866,0.041015092,0
W343A,0.0306589,0.065101876,0
W343C,0.0499324,0.106285719,0
W343D,0.0261079,0.055377246,0
W343E,0.0212146,0.044921184,0
W343F,0.0578269,0.12315478,0
W343G,0.0175841,0.037163489,0
W343H,0.0261115,0.055384938,0
W343I,0.0237768,0.050396124,0
W343K,0.0434937,0.092527429,0
W343L,0.0417785,0.088862369,0
W343M,0.0718783,0.153179978,0
W343N,0.0331007,0.070319543,0
W343P,0.0203651,0.043105963,0
W343Q,0.0355365,0.07552439,0
W343R,0.0384408,0.081730332,0
W343S,0.0244835,0.051906208,0
W343T,0.0125893,0.026490541,0
W343V,0.0357724,0.076028464,0
W343Y,0.108856,0.232194364,1
N344A,0.0429817,0.091433381,0
N344C,0.0420849,0.089517088,0
N344D,0.0479248,0.101995856,0
N344E,0.0400891,0.085252439,0
N344F,0.0648333,0.138126138,0
N344G,0.0501507,0.106752185,0
N344H,0.0453463,0.096486086,0
N344I,0.0414982,0.088263421,0
N344K,0.0736549,0.156976238,0
N344L,0.0200457,0.042423465,0
N344M,0.0418794,0.089077973,0
N344P,0.0399502,0.084955636,0
N344Q,0.0576446,0.122765239,0
N344R,0.069983,0.149130078,0
N344S,0.0577384,0.122965672,0
N344T,0.0562761,0.119841012,0
N344V,0.0469018,0.099809897,0
N344W,0.0376439,0.080027507,0
N344Y,0.0443463,0.094349274,0
A345C,0.058918,0.125486255,0
A345D,0.0546019,0.116263562,0
A345E,0.0268934,0.057055711,0
A345F,0.0434401,0.092412896,0
A345G,0.037401,0.079508475,0
A345H,0.0398537,0.084749434,0
A345I,0.0382438,0.08130938,0
A345K,0.0485685,0.103371321,0
A345L,0.0193649,0.040968723,0
A345M,0.0586648,0.124945215,0
A345N,0.0383787,0.081597636,0
A345P,0.0539528,0.114876557,0
A345Q,0.0327108,0.0694864,0
A345R,0.0394013,0.08378274,0
A345S,0.0580918,0.123720821,0
A345T,0.117414,0.2504812,1
A345V,0.0823257,0.175504105,0
A345W,0.0434125,0.09235392,0
A345Y,0.0378549,0.080478374,0
T346A,0.0747811,0.159382715,0
T346C,0.0316762,0.067275655,0
T346D,0.0315776,0.067064965,0
T346E,0.0252996,0.053650061,0
T346F,0.0171704,0.03627949,0
T346G,0.0609568,0.129842787,0
T346H,0.0609551,0.129839155,0
T346I,0.196704,0.41990901,1
T346K,0.0279744,0.059365605,0
T346L,0.0290436,0.061650284,0
T346M,0.0334683,0.071105035,0
T346N,0.0497101,0.105810706,0
T346P,0.0315833,0.067077145,0
T346Q,0.0800793,0.170703971,0
T346R,0.0359951,0.076504331,0
T346S,0.0503489,0.107175701,0
T346V,0.058203,0.123958435,0
T346W,0.00918453,0.019215188,0
T346Y,0.025757,0.054627438,0
L347A,0.0298167,0.063302253,0
L347C,0.0540981,0.115187036,0
L347D,0.0162929,0.034404438,0
L347E,0.0331425,0.070408862,0
L347F,0.0511874,0.108967418,0
L347G,0.030932,0.06568544,0
L347H,0.0178671,0.037768207,0
L347I,0.106275,0.226679253,1
L347K,0.033994,0.072228357,0
L347M,0.0471073,0.100249012,0
L347N,0.0194197,0.041085821,0
L347P,0.012936,0.027231374,0
L347Q,0.100701,0.214768664,1
L347R,0.0136957,0.02885471,0
L347S,0.0429394,0.091342994,0
L347T,0.116213,0.247914889,1
L347V,0.0717668,0.152941723,0
L347W,0.0213243,0.045155593,0
L347Y,0.0346599,0.07365126,0
K348A,0.048975,0.104239935,0
K348C,0.0770454,0.164221098,0
K348D,0.0315671,0.067042529,0
K348E,0.0701019,0.149384145,0
K348F,0.0380849,0.080969841,0
K348G,0.0448158,0.095352508,0
K348H,0.0323953,0.068812236,0
K348I,0.0361559,0.076847931,0
K348L,0.0292534,0.062098587,0
K348M,0.0368366,0.078302459,0
K348N,0.0401376,0.085356074,0
K348P,0.0240204,0.050916651,0
K348Q,0.0659129,0.14043304,0
K348R,0.0146944,0.030988744,0
K348S,0.0332151,0.070563995,0
K348T,0.122825,0.262043489,1
K348V,0.0502981,0.107067151,0
K348W,0.0511051,0.108791558,0
K348Y,0.0834667,0.177942208,0
Q349A,0.0238189,0.050486083,0
Q349C,0.0444612,0.094594794,0
Q349D,0.0438187,0.093221892,0
Q349E,0.055303,0.117761681,0
Q349F,0.0976629,0.208276816,0
Q349G,0.0412831,0.087803792,0
Q349H,0.0598791,0.127539945,0
Q349I,0.0370904,0.078844781,0
Q349K,0.112756,0.24052793,1
Q349L,0.0706198,0.1504908,0
Q349M,0.0299851,0.063662092,0
Q349N,0.0349226,0.074212601,0
Q349P,0.019004,0.040197548,0
Q349R,0.0321091,0.068200681,0
Q349S,0.0281414,0.059722452,0
Q349T,0.0365803,0.077754794,0
Q349V,0.0329094,0.069910771,0
Q349W,0.041789,0.088884806,0
Q349Y,0.0530991,0.113052361,0
I350A,0.0639455,0.136229077,0
I350C,0.0480686,0.102303129,0
I350D,0.0221535,0.046927437,0
I350E,0.0401961,0.085481078,0
I350F,0.0699117,0.148977723,0
I350G,0.0286891,0.060892784,0
I350H,0.0246219,0.052201943,0
I350K,0.0456755,0.097189525,0
I350L,0.079578,0.169632788,0
I350M,0.105197,0.22437577,1
I350N,0.015456,0.03261614,0
I350P,0.0100648,0.02109616,0
I350Q,0.0128126,0.026967691,0
I350R,0.00951374,0.019918648,0
I350S,0.0292865,0.062169316,0
I350T,0.0970882,0.20704879,0
I350V,0.0948136,0.202188398,0
I350W,0.0361518,0.07683917,0
I350Y,0.0167384,0.035356387,0
A351C,0.0369048,0.078448189,0
A351D,0.0793207,0.169082986,0
A351E,0.021027,0.044520318,0
A351F,0.0411616,0.08754417,0
A351G,0.0553085,0.117773433,0
A351H,0.0409472,0.087086037,0
A351I,0.0452317,0.096241208,0
A351K,0.0623681,0.13285847,0
A351L,0.0356125,0.075686787,0
A351M,0.0468739,0.09975028,0
A351N,0.0408076,0.086787738,0
A351P,0.0210992,0.044674596,0
A351Q,0.0464563,0.098857947,0
A351R,0.0453138,0.09641664,0
A351S,0.0408996,0.086984325,0
A351T,0.0646735,0.137784676,0
A351V,0.120577,0.257239936,1
A351W,0.0288199,0.061172279,0
A351Y,0.0548507,0.116795201,0
S352A,0.037643,0.080025584,0
S352C,0.115251,0.245859276,1
S352D,0.0367017,0.078014203,0
S352E,0.0321683,0.06832718,0
S352F,0.0555341,0.118255498,0
S352G,0.0511963,0.108986435,0
S352H,0.0516962,0.110054628,0
S352I,0.100276,0.213860519,1
S352K,0.0313493,0.066577131,0
S352L,0.0377862,0.080331575,0
S352M,0.0460928,0.098081216,0
S352N,0.0591099,0.125896309,0
S352P,0.0464177,0.098775466,0
S352Q,0.0256077,0.054308412,0
S352R,0.0586269,0.124864229,0
S352T,0.0573951,0.122232105,0
S352V,0.0330122,0.070130436,0
S352W,0.0475277,0.101147328,0
S352Y,0.0212758,0.045051957,0
K353A,0.0662109,0.14106981,0
K353C,0.0377466,0.080246957,0
K353D,0.0631291,0.134484584,0
K353E,0.0417457,0.088792282,0
K353F,0.0532961,0.113473313,0
K353G,0.0337828,0.071777063,0
K353H,0.0667394,0.142199115,0
K353I,0.0455104,0.096836737,0
K353L,0.0191102,0.040424477,0
K353M,0.041134,0.087485194,0
K353N,0.081173,0.173041002,0
K353P,0.0554982,0.118178786,0
K353Q,0.0370372,0.078731103,0
K353R,0.0638064,0.135931846,0
K353S,0.0503567,0.107192368,0
K353T,0.0285434,0.060581451,0
K353V,0.0489749,0.104239722,0
K353W,0.0487686,0.103798897,0
K353Y,0.0354065,0.075246604,0
L354A,0.0746978,0.159204719,0
L354C,0.0428287,0.091106449,0
L354D,0.0189779,0.040141777,0
L354E,0.0299824,0.063656323,0
L354F,0.0852773,0.181811119,0
L354G,0.0322032,0.068401755,0
L354H,0.0200756,0.042487356,0
L354I,0.100718,0.21480499,1
L354K,0.0273953,0.058128177,0
L354M,0.083479,0.177968491,0
L354N,0.0116783,0.024543906,0
L354P,0.0120581,0.025355467,0
L354Q,0.0438345,0.093255654,0
L354R,0.0150948,0.031844323,0
L354S,0.0653875,0.139310359,0
L354T,0.0620849,0.132253325,0
L354V,0.0711597,0.151644465,0
L354W,0.0362169,0.076978276,0
L354Y,0.0617777,0.131596896,0
R355A,0.021787,0.046144295,0
R355C,0.0313531,0.066585251,0
R355D,0.0406838,0.086523201,0
R355E,0.0520138,0.110733279,0
R355F,0.0532043,0.113277154,0
R355G,0.102911,0.219491018,1
R355H,0.027235,0.057785646,0
R355I,0.0508238,0.108190473,0
R355K,0.133745,0.285377474,1
R355L,0.0556746,0.11855572,0
R355M,0.0349885,0.074353417,0
R355N,0.0385388,0.08193974,0
R355P,0.0183585,0.038818236,0
R355Q,0.0232614,0.049294811,0
R355S,0.0309822,0.065792707,0
R355T,0.0679146,0.144710297,0
R355V,0.0486996,0.103651457,0
R355W,0.0404073,0.085932373,0
R355Y,0.0351308,0.074657485,0
E356A,0.0276957,0.058770075,0
E356C,0.0714794,0.152327603,0
E356D,0.0298891,0.063456958,0
E356F,0.0544798,0.116002657,0
E356G,0.03806,0.080916634,0
E356H,0.0564519,0.120216664,0
E356I,0.0344504,0.073203598,0
E356K,0.0449457,0.095630079,0
E356L,0.0375964,0.079926008,0
E356M,0.0468647,0.099730621,0
E356N,0.0438061,0.093194969,0
E356P,0.0346312,0.073589934,0
E356Q,0.0513711,0.10935995,0
E356R,0.0922746,0.196763033,0
E356S,0.04031,0.085724461,0
E356T,0.0233998,0.049590546,0
E356V,0.0601921,0.128208767,0
E356W,0.0403338,0.085775317,0
E356Y,0.0417903,0.088887583,0
Q357A,0.0572655,0.121955174,0
Q357C,0.044456,0.094583683,0
Q357D,0.0346644,0.073660876,0
Q357E,0.0543653,0.115757992,0
Q357F,0.0472238,0.10049795,0
Q357G,0.0248898,0.052774395,0
Q357H,0.0902755,0.192491332,0
Q357I,0.0588434,0.125326849,0
Q357K,0.0478776,0.101894998,0
Q357L,0.037287,0.079264879,0
Q357M,0.0466598,0.099292789,0
Q357N,0.0586844,0.124987096,0
Q357P,0.0347266,0.073793786,0
Q357R,0.0451018,0.095963636,0
Q357S,0.0392379,0.083433585,0
Q357T,0.0320816,0.068141918,0
Q357V,0.040982,0.087160398,0
Q357W,0.0447126,0.095131989,0
Q357Y,0.0359665,0.076443219,0
F358A,0.0485047,0.103234993,0
F358C,0.0568263,0.121016686,0
F358D,0.0831243,0.177210563,0
F358E,0.0369462,0.078536653,0
F358G,0.0290449,0.061653062,0
F358H,0.0444692,0.094611889,0
F358I,0.0667953,0.142318563,0
F358K,0.0334592,0.07108559,0
F358L,0.0870844,0.185672552,0
F358M,0.0442416,0.09412555,0
F358N,0.0267298,0.056706129,0
F358P,0.0257289,0.054567394,0
F358Q,0.0457762,0.097404702,0
F358R,0.0350668,0.074520729,0
F358S,0.0381903,0.081195061,0
F358T,0.0433565,0.092234258,0
F358V,0.0692001,0.147457168,0
F358W,0.0338964,0.072019805,0
F358Y,0.0721604,0.153782772,0
G359A,0.0449516,0.095642687,0
G359C,0.0441877,0.094010376,0
G359D,0.0416499,0.088587575,0
G359E,0.110221,0.235111112,1
G359F,0.0441835,0.094001401,0
G359H,0.0434532,0.092440888,0
G359I,0.0385747,0.082016451,0
G359K,0.0448935,0.095518538,0
G359L,0.035208,0.074822447,0
G359M,0.0442048,0.094046916,0
G359N,0.0484719,0.103164905,0
G359P,0.0376587,0.080059132,0
G359Q,0.038851,0.082606852,0
G359R,0.080047,0.170634952,0
G359S,0.0597647,0.127295494,0
G359T,0.0379169,0.080610856,0
G359V,0.0465513,0.099060944,0
G359W,0.0377534,0.080261488,0
G359Y,0.0428702,0.091195126,0
N360A,0.0211419,0.044765838,0
N360C,0.045941,0.097756848,0
N360D,0.0538467,0.114649841,0
N360E,0.0294687,0.062558643,0
N360F,0.0504494,0.107390451,0
N360G,0.0513837,0.109386874,0
N360H,0.0565028,0.120325427,0
N360I,0.0592099,0.126109991,0
N360K,0.108643,0.231739223,1
N360L,0.0463421,0.098613923,0
N360M,0.0454022,0.096605534,0
N360P,0.0494978,0.105357061,0
N360Q,0.0522929,0.111329663,0
N360R,0.0385492,0.081961963,0
N360S,0.0585024,0.124598196,0
N360T,0.0266647,0.056567022,0
N360V,0.0545273,0.116104156,0
N360W,0.0456097,0.097048922,0
N360Y,0.0402066,0.085503515,0
N361A,0.049057,0.104415154,0
N361C,0.0495122,0.105387831,0
N361D,0.0724116,0.154319539,0
N361E,0.0246741,0.052313485,0
N361F,0.0484861,0.103195248,0
N361G,0.0620453,0.132168707,0
N361H,0.0359886,0.076490442,0
N361I,0.0676144,0.144068826,0
N361K,0.0968864,0.206617581,0
N361L,0.0264188,0.05604158,0
N361M,0.0473067,0.100675092,0
N361P,0.0316731,0.067269031,0
N361Q,0.0383228,0.081478188,0
N361R,0.0228982,0.048518721,0
N361S,0.0590892,0.125852077,0
N361T,0.0270334,0.057354865,0
N361V,0.0226848,0.048062725,0
N361W,0.0632065,0.134649973,0
N361Y,0.0767122,0.163509112,0
K362A,0.0343267,0.072939275,0
K362C,0.0461758,0.098258572,0
K362D,0.0534297,0.113758791,0
K362E,0.057439,0.122325911,0
K362F,0.0476751,0.101462294,0
K362G,0.0591228,0.125923874,0
K362H,0.0459937,0.097869458,0
K362I,0.0480018,0.10216039,0
K362L,0.0303268,0.064392241,0
K362M,0.0369262,0.078493917,0
K362N,0.0616267,0.131274237,0
K362P,0.0147717,0.031153919,0
K362Q,0.0655299,0.139614641,0
K362R,0.0483894,0.102988618,0
K362S,0.0894826,0.190797054,0
K362T,0.0763602,0.162756955,0
K362V,0.0431418,0.091775485,0
K362W,0.0336017,0.071390086,0
K362Y,0.0357029,0.075879955,0
T363A,0.0563043,0.11990127,0
T363C,0.0353308,0.075084847,0
T363D,0.0428811,0.091218418,0
T363E,0.0455286,0.096875627,0
T363F,0.0510289,0.108628733,0
T363G,0.0226106,0.047904174,0
T363H,0.042467,0.090333564,0
T363I,0.108296,0.23099775,1
T363K,0.0510642,0.108704163,0
T363L,0.0238544,0.05056194,0
T363M,0.0511833,0.108958657,0
T363N,0.0378434,0.080453801,0
T363P,0.0358912,0.076282317,0
T363Q,0.0415852,0.088449323,0
T363R,0.0630523,0.134320476,0
T363S,0.0486917,0.103634577,0
T363V,0.0651773,0.138861202,0
T363W,0.0506141,0.107742384,0
T363Y,0.0449953,0.095736065,0
I364A,0.0268504,0.056963828,0
I364C,0.0507187,0.107965894,0
I364D,0.0243936,0.051714109,0
I364E,0.0353568,0.075140405,0
I364F,0.05619,0.119657033,0
I364G,0.0101102,0.021193171,0
I364H,0.0283162,0.060095967,0
I364K,0.0186827,0.03951099,0
I364L,0.0701767,0.149543979,0
I364M,0.0784387,0.167198318,0
I364N,0.030087,0.063879834,0
I364P,0.050784,0.108105428,0
I364Q,0.0465397,0.099036157,0
I364R,0.0131632,0.027716858,0
I364S,0.0211693,0.044824387,0
I364T,0.0488389,0.103949115,0
I364V,0.145901,0.311352558,1
I364W,0.0339393,0.072111474,0
I364Y,0.0435393,0.092624867,0
I365A,0.0446886,0.095080705,0
I365C,0.0444827,0.094640736,0
I365D,0.0515608,0.109765303,0
I365E,0.0297139,0.063082589,0
I365F,0.0382007,0.081217284,0
I365G,0.0713588,0.152069904,0
I365H,0.040566,0.086271485,0
I365K,0.0518628,0.110410621,0
I365L,0.0356103,0.075682086,0
I365M,0.0463938,0.098724397,0
I365N,0.0524836,0.111737153,0
I365P,0.0119388,0.025100545,0
I365Q,0.0431669,0.091829119,0
I365R,0.0443102,0.094272136,0
I365S,0.0268074,0.056871945,0
I365T,0.0738617,0.15741813,0
I365V,0.0615788,0.131171884,0
I365W,0.0651191,0.138736839,0
I365Y,0.0790244,0.168449849,0
F366A,0.021041,0.044550234,0
F366C,0.0258432,0.054811632,0
F366D,0.030205,0.064131977,0
F366E,0.0259091,0.054952447,0
F366G,0.0120009,0.025233241,0
F366H,0.0310422,0.065920916,0
F366I,0.103631,0.221029522,1
F366K,0.0202218,0.042799758,0
F366L,0.12241,0.261156712,1
F366M,0.0914528,0.195007001,0
F366N,0.0318138,0.06756968,0
F366P,0.0125986,0.026510414,0
F366Q,0.0313615,0.0666032,0
F366R,0.0164948,0.03483586,0
F366S,0.0276625,0.058699133,0
F366T,0.021683,0.045922067,0
F366V,0.0793249,0.169091961,0
F366W,0.0477193,0.101556741,0
F366Y,0.0952014,0.203017054,0
K367A,0.0717591,0.15292527,0
K367C,0.0573188,0.122069066,0
K367D,0.0399502,0.084955636,0
K367E,0.0535664,0.114050893,0
K367F,0.125139,0.266988071,1
K367G,0.0485155,0.10325807,0
K367H,0.0484095,0.103031568,0
K367I,0.0356622,0.075792987,0
K367L,0.0518573,0.110398868,0
K367M,0.0565372,0.120398934,0
K367N,0.0351846,0.074772446,0
K367P,0.00601065,0.012433204,0
K367Q,0.0544211,0.115877226,0
K367R,0.0393952,0.083769705,0
K367S,0.0362509,0.077050928,0
K367T,0.0587293,0.125083039,0
K367V,0.0449696,0.095681149,0
K367W,0.027204,0.057719405,0
K367Y,0.0434292,0.092389604,0
Q368A,0.0390307,0.082990837,0
Q368C,0.0206257,0.043662816,0
Q368D,0.0323465,0.06870796,0
Q368E,0.0346847,0.073704253,0
Q368F,0.0557341,0.11868286,0
Q368G,0.0271311,0.057563631,0
Q368H,0.0357336,0.075945555,0
Q368I,0.0658372,0.140271284,0
Q368K,0.0803608,0.171305484,0
Q368L,0.0532337,0.113339976,0
Q368M,0.0464145,0.098768629,0
Q368N,0.0851409,0.181519658,0
Q368P,0.0230715,0.04888903,0
Q368R,0.0583094,0.124185792,0
Q368S,0.0647,0.137841301,0
Q368T,0.0490452,0.10438994,0
Q368V,0.0420745,0.089494865,0
Q368W,0.0381165,0.081037364,0
Q368Y,0.0809202,0.172500816,0
S369A,0.0472344,0.100520601,0
S369C,0.0243023,0.051519018,0
S369D,0.0294803,0.06258343,0
S369E,0.047199,0.100444958,0
S369F,0.0681914,0.145301766,0
S369G,0.0678022,0.144470119,0
S369H,0.074229,0.158202981,0
S369I,0.0221642,0.046950301,0
S369K,0.024223,0.051349569,0
S369L,0.0347586,0.073862164,0
S369M,0.0243932,0.051713254,0
S369N,0.0594601,0.126644621,0
S369P,0.0937247,0.199861623,0
S369Q,0.050455,0.107402417,0
S369R,0.00999,0.020936326,0
S369T,0.0764253,0.162896061,0
S369V,0.0612673,0.130506267,0
S369W,0.0129597,0.027282016,0
S369Y,0.0396628,0.084341516,0
S370A,0.0761391,0.162284505,0
S370C,0.0241209,0.051131401,0
S370D,0.0234733,0.049747601,0
S370E,0.02296,0.048650776,0
S370F,0.093991,0.200430656,0
S370G,0.0603689,0.128586556,0
S370H,0.0355159,0.075480371,0
S370I,0.0383882,0.081617936,0
S370K,0.0180198,0.038094498,0
S370L,0.0742789,0.158309608,0
S370M,0.0277405,0.058865805,0
S370N,0.0518108,0.110299506,0
S370P,0.0537455,0.114433596,0
S370Q,0.0319245,0.067806225,0
S370R,0.00697291,0.014489373,0
S370T,0.0556471,0.118496958,0
S370V,0.0596964,0.12714955,0
S370W,0.0494723,0.105302572,0
S370Y,0.0510108,0.108590057,0
G371A,0.0353953,0.075222672,0
G371C,0.018683,0.039511631,0
G371D,0.0819541,0.174710066,0
G371E,0.10613,0.226369415,1
G371F,0.0318746,0.067699598,0
G371H,0.0268968,0.057062976,0
G371I,0.0139172,0.029328014,0
G371K,0.0552449,0.117637532,0
G371L,0.0219192,0.046426782,0
G371M,0.0297112,0.06307682,0
G371N,0.013431,0.028289096,0
G371P,0.108697,0.231854611,1
G371Q,0.0489807,0.104252115,0
G371R,0.0788072,0.167985733,0
G371S,0.0116568,0.024497964,0
G371T,0.0204583,0.043305114,0
G371V,0.0295678,0.062770401,0
G371W,0.0442221,0.094083882,0
G371Y,0.0599567,0.127705762,0
G372A,0.0207196,0.043863462,0
G372C,0.0319102,0.067775669,0
G372D,0.0321398,0.068266281,0
G372E,0.0529704,0.112777353,0
G372F,0.0392516,0.083462859,0
G372H,0.0355497,0.075552596,0
G372I,0.0257879,0.054693466,0
G372K,0.0461022,0.098101302,0
G372L,0.0192876,0.040803548,0
G372M,0.0406434,0.086436874,0
G372N,0.0363905,0.077349227,0
G372P,0.0235108,0.049827732,0
G372Q,0.0334739,0.071117002,0
G372R,0.0573551,0.122146632,0
G372S,0.0228107,0.04833175,0
G372T,0.023179,0.049118737,0
G372V,0.0180308,0.038118003,0
G372W,0.0425013,0.090406857,0
G372Y,0.0345211,0.073354671,0
D373A,0.0234662,0.04973243,0
D373C,0.0228844,0.048489233,0
D373E,0.0307477,0.065291625,0
D373F,0.0118008,0.024805665,0
D373G,0.0359761,0.076463732,0
D373H,0.0461448,0.09819233,0
D373I,0.020217,0.042789501,0
D373K,0.0263659,0.055928543,0
D373L,0.0153457,0.032380449,0
D373M,0.0293903,0.062391117,0
D373N,0.0900309,0.191968668,0
D373P,0.0198765,0.042061916,0
D373Q,0.0454917,0.096796779,0
D373R,0.023903,0.050665789,0
D373S,0.0850762,0.181381406,0
D373T,0.0228496,0.048414872,0
D373V,0.0265778,0.056381333,0
D373W,0.0736464,0.156958075,0
D373Y,0.0569101,0.121195751,0
P374A,0.0330332,0.070175309,0
P374C,0.0601489,0.128116457,0
P374D,0.0624087,0.132945224,0
P374E,0.0141845,0.029899183,0
P374F,0.058079,0.12369347,0
P374G,0.023722,0.050279026,0
P374H,0.0396792,0.08437656,0
P374I,0.0335611,0.071303332,0
P374K,0.0691441,0.147337507,0
P374L,0.0722055,0.153879142,0
P374M,0.0412024,0.087631352,0
P374N,0.0687733,0.146545177,0
P374Q,0.0749732,0.159793197,0
P374R,0.0684117,0.145772506,0
P374S,0.0510312,0.108633648,0
P374T,0.0418903,0.089101265,0
P374V,0.062837,0.133860421,0
P374W,0.0309897,0.065808734,0
P374Y,0.0523439,0.111438641,0
E375A,0.0224038,0.047462281,0
E375C,0.031934,0.067826525,0
E375D,0.035025,0.07443141,0
E375F,0.0178179,0.037663076,0
E375G,0.0470838,0.100198797,0
E375H,0.0166075,0.035076679,0
E375I,0.0352572,0.074927578,0
E375K,0.0531025,0.113059626,0
E375L,0.00842574,0.017593797,0
E375M,0.0795116,0.169490903,0
E375N,0.0179374,0.037918425,0
E375P,0.0336161,0.071420856,0
E375Q,0.0292428,0.062075937,0
E375R,0.029769,0.063200327,0
E375S,0.0404777,0.086082804,0
E375T,0.0113913,0.023930641,0
E375V,0.0201335,0.042611077,0
E375W,0.0409008,0.086986889,0
E375Y,0.0152931,0.032268053,0
I376A,0.0168181,0.035526691,0
I376C,0.020386,0.043150622,0
I376D,0.0145,0.030573348,0
I376E,0.0180496,0.038158175,0
I376F,0.0183045,0.038702848,0
I376G,0.0153476,0.032384509,0
I376H,0.0582455,0.124049249,0
I376K,0.0190821,0.040364433,0
I376L,0.0957424,0.204173069,0
I376M,0.0302668,0.064264032,0
I376N,0.0363115,0.077180419,0
I376P,0.0832815,0.17754647,0
I376Q,0.0153426,0.032373825,0
I376R,0.00782522,0.016310599,0
I376S,0.0121317,0.025512736,0
I376T,0.115618,0.246643486,1
I376V,0.167403,0.357298286,1
I376W,0.0188886,0.03995096,0
I376Y,0.0236328,0.050088423,0
V377A,0.0404938,0.086117207,0
V377C,0.0661641,0.140969807,0
V377D,0.0267383,0.056724292,0
V377E,0.0430394,0.091556675,0
V377F,0.083347,0.177686431,0
V377G,0.0416403,0.088567062,0
V377H,0.0152402,0.032155016,0
V377I,0.0430918,0.091668644,0
V377K,0.0536602,0.114251326,0
V377L,0.137615,0.293646936,1
V377M,0.0269296,0.057133064,0
V377N,0.0706309,0.150514519,0
V377P,0.00328947,0.006618555,0
V377Q,0.0295222,0.062672962,0
V377R,0.0564744,0.120264742,0
V377S,0.0350555,0.074496583,0
V377T,0.0337784,0.071767661,0
V377W,0.0676647,0.144176307,0
V377Y,0.0527837,0.112378411,0
T378A,0.0254864,0.054049217,0
T378C,0.0312614,0.066389305,0
T378D,0.0327895,0.069654568,0
T378E,0.0379981,0.080784366,0
T378F,0.0861873,0.183755618,0
T378G,0.0567329,0.120817108,0
T378H,0.0747282,0.159269678,0
T378I,0.0153978,0.032491777,0
T378K,0.0896156,0.19108125,0
T378L,0.0270348,0.057357856,0
T378M,0.0379074,0.080590557,0
T378N,0.0180725,0.038207108,0
T378P,0.00186712,0.00357926,0
T378Q,0.123168,0.262776415,1
T378R,0.048261,0.102714252,0
T378S,0.0357994,0.076086157,0
T378V,0.035951,0.076410098,0
T378W,0.01439,0.030338298,0
T378Y,0.165702,0.353663569,1
H379A,0.0535758,0.114070979,0
H379C,0.00562286,0.01160457,0
H379D,0.0251861,0.053407532,0
H379E,0.0243929,0.051712613,0
H379F,0.0412058,0.087638617,0
H379G,0.0460293,0.097945529,0
H379I,0.115378,0.246130651,1
H379K,0.0197427,0.041776011,0
H379L,0.0528074,0.112429053,0
H379M,0.057496,0.122447709,0
H379N,0.0503151,0.107103477,0
H379P,0.0087733,0.018336467,0
H379Q,0.0456334,0.097099565,0
H379R,0.00408543,0.008319371,0
H379S,0.0806894,0.17200764,0
H379T,0.0395464,0.084092791,0
H379V,0.0471831,0.100410982,0
H379W,0.0301339,0.06398005,0
H379Y,0.19502,0.416310618,1
S380A,0.066195,0.141035835,0
S380C,0.0658194,0.140233248,0
S380D,0.00474418,0.009726996,0
S380E,0.0179257,0.037893424,0
S380F,0.120006,0.256019816,1
S380G,0.03224,0.068480389,0
S380H,0.0323977,0.068817365,0
S380I,0.0593888,0.126492266,0
S380K,0.00807434,0.016842921,0
S380L,0.0365603,0.077712058,0
S380M,0.0400148,0.085093674,0
S380N,0.127176,0.271340757,1
S380P,0.00297776,0.005952489,0
S380Q,0.0274282,0.058198478,0
S380R,0.0632474,0.134737368,0
S380T,0.0360147,0.076546213,0
S380V,0.0701369,0.149458933,0
S380W,0.0814953,0.173729697,0
S380Y,0.070559,0.150360882,0
F381A,0.0629667,0.134137565,0
F381C,0.04868,0.103609576,0
F381D,0.0106983,0.02244983,0
F381E,0.0202028,0.042759158,0
F381G,0.0130967,0.02757476,0
F381H,0.0492492,0.104825849,0
F381I,0.096695,0.206208596,0
F381K,0.0230328,0.048806336,0
F381L,0.0446657,0.095031772,0
F381M,0.0524233,0.111608304,0
F381N,0.0413984,0.088050167,0
F381P,0.00694284,0.014425119,0
F381Q,0.0453648,0.096525617,0
F381R,0.00857859,0.017920409,0
F381S,0.0993367,0.211853411,0
F381T,0.0325351,0.069110963,0
F381V,0.0345976,0.073518137,0
F381W,0.12352,0.263528573,1
F381Y,0.0776239,0.165457244,0
N382A,0.0104066,0.021826522,0
N382C,0.0187127,0.039575095,0
N382D,0.239635,0.511644478,1
N382E,0.131583,0.280757687,1
N382F,0.0438827,0.093358648,0
N382G,0.0526512,0.112095283,0
N382H,0.0568373,0.121040191,0
N382I,0.0259528,0.055045826,0
N382K,0.0239022,0.05066408,0
N382L,0.0118483,0.024907164,0
N382M,0.0218166,0.046207545,0
N382P,0.0294615,0.062543258,0
N382Q,0.0336938,0.071586886,0
N382R,0.0242313,0.051367305,0
N382S,0.031332,0.066540164,0
N382T,0.0342826,0.072845041,0
N382V,0.0602742,0.1283842,0
N382W,0.042679,0.090786568,0
N382Y,0.0798582,0.170231522,0
C383A,0.0844466,0.18003607,0
C383D,0.0308974,0.065611506,0
C383E,0.0234103,0.049612982,0
C383F,0.0527594,0.112326486,0
C383G,0.00793859,0.016552849,0
C383H,0.0183795,0.038863109,0
C383I,0.0463098,0.098544904,0
C383K,0.0346947,0.073725621,0
C383L,0.0942317,0.200944987,0
C383M,0.0637538,0.13581945,0
C383N,0.0102485,0.021488692,0
C383P,0.0143807,0.030318426,0
C383Q,0.00928665,0.0194334,0
C383R,0.0299767,0.063644143,0
C383S,0.0562503,0.119785882,0
C383T,0.0439915,0.093591134,0
C383V,0.0564494,0.120211322,0
C383W,0.0208721,0.044189326,0
C383Y,0.105179,0.224337307,1
G384A,0.0416684,0.088627106,0
G384C,0.0474747,0.101034077,0
G384D,0.0807112,0.172054223,0
G384E,0.0621502,0.132392858,0
G384F,0.0520238,0.110754647,0
G384H,0.05428,0.115575722,0
G384I,0.107437,0.229162228,1
G384K,0.0595076,0.12674612,0
G384L,0.0692995,0.147669567,0
G384M,0.023831,0.050511939,0
G384N,0.0377258,0.080202512,0
G384P,0.00238913,0.004694697,0
G384Q,0.0115284,0.024223598,0
G384R,0.125375,0.267492359,1
G384S,0.00277207,0.005512968,0
G384T,0.00421238,0.00859064,0
G384V,0.0435208,0.092585336,0
G384W,0.0795891,0.169656506,0
G384Y,0.0276713,0.058717937,0
G385A,0.0811496,0.172991001,0
G385C,0.0138058,0.029089973,0
G385D,0.0659214,0.140451203,0
G385E,0.0976099,0.208163565,0
G385F,0.0474983,0.101084505,0
G385H,0.0309393,0.065701038,0
G385I,0.0323945,0.068810527,0
G385K,0.0325603,0.06916481,0
G385L,0.0135827,0.02861325,0
G385M,0.0483845,0.102978148,0
G385N,0.124167,0.26491109,1
G385P,0.027659,0.058691654,0
G385Q,0.0408237,0.086822141,0
G385R,0.0670508,0.142864519,0
G385S,0.042734,0.090904093,0
G385T,0.0245167,0.051977151,0
G385V,0.0415909,0.088461503,0
G385W,0.0509488,0.108457574,0
G385Y,0.0423733,0.090133345,0
E386A,0.018881,0.03993472,0
E386C,0.0847783,0.18074485,0
E386D,0.064911,0.138292169,0
E386F,0.0196882,0.041659555,0
E386G,0.126048,0.268930433,1
E386H,0.0182161,0.038513954,0
E386I,0.0205424,0.043484819,0
E386K,0.025644,0.054385979,0
E386L,0.0104363,0.021889985,0
E386M,0.0325516,0.06914622,0
E386N,0.0384788,0.081811531,0
E386P,0.0159482,0.033667879,0
E386Q,0.0690059,0.147042199,0
E386R,0.0272038,0.057718978,0
E386S,0.0653108,0.139146466,0
E386T,0.103099,0.219892739,1
E386V,0.0820852,0.174990202,0
E386W,0.067133,0.143040164,0
E386Y,0.0168633,0.035623275,0
F387A,0.0402849,0.085670827,0
F387C,0.0235944,0.050006369,0
F387D,0.010997,0.023088096,0
F387E,0.0262976,0.055782599,0
F387G,0.0220632,0.046734483,0
F387H,0.16927,0.361287714,1
F387I,0.0292889,0.062174444,0
F387K,0.011522,0.024209922,0
F387L,0.021564,0.045667786,0
F387M,0.0395876,0.084180828,0
F387N,0.0187936,0.039747963,0
F387P,0.0174259,0.036825445,0
F387Q,0.155804,0.332513406,1
F387R,0.0485423,0.103315337,0
F387S,0.0297238,0.063103743,0
F387T,0.0315571,0.067021161,0
F387V,0.0285329,0.060559014,0
F387W,0.143695,0.306638751,1
F387Y,0.0783394,0.166986132,0
F388A,0.0118514,0.024913788,0
F388C,0.0196329,0.041541389,0
F388D,0.0336633,0.071521714,0
F388E,0.0271248,0.05755017,0
F388G,0.0128587,0.027066198,0
F388H,0.110264,0.235202995,1
F388I,0.0561182,0.11950361,0
F388K,0.00682286,0.014168744,0
F388L,0.103114,0.219924791,1
F388M,0.0511724,0.108935366,0
F388N,0.0122111,0.025682399,0
F388P,0.00988678,0.020715765,0
F388Q,0.0210062,0.044475873,0
F388R,0.0748209,0.15946776,0
F388S,0.0274042,0.058147195,0
F388T,0.0261881,0.055548618,0
F388V,0.0264189,0.056041794,0
F388W,0.0412968,0.087833067,0
F388Y,0.193454,0.412964371,1
Y389A,0.0206977,0.043816666,0
Y389C,0.0950739,0.20274461,0
Y389D,0.0146729,0.030942802,0
Y389E,0.0146824,0.030963102,0
Y389F,0.112665,0.240333481,1
Y389G,0.00675876,0.014031774,0
Y389H,0.059822,0.127417933,0
Y389I,0.0382407,0.081302756,0
Y389K,0.0180475,0.038153688,0
Y389L,0.175117,0.373781653,1
Y389M,0.0141156,0.029751957,0
Y389N,0.0892796,0.190363281,0
Y389P,0.00829723,0.017319195,0
Y389Q,0.017214,0.036372655,0
Y389R,0.0368804,0.078396051,0
Y389S,0.0336352,0.071461669,0
Y389T,0.016141,0.034079856,0
Y389V,0.0235207,0.049848886,0
Y389W,0.0592673,0.126232644,0
C390A,0.0270776,0.057449312,0
C390D,0.0198673,0.042042258,0
C390E,0.0225395,0.047752246,0
C390F,0.0645065,0.137427828,0
C390G,0.0103017,0.021602371,0
C390H,0.0283883,0.060250031,0
C390I,0.0138428,0.029169035,0
C390K,0.0354481,0.075335495,0
C390L,0.0290489,0.061661609,0
C390M,0.0576355,0.122745794,0
C390N,0.0295098,0.062646466,0
C390P,0.0627162,0.133602294,0
C390Q,0.0151469,0.031955651,0
C390R,0.039335,0.083641069,0
C390S,0.0273201,0.057967489,0
C390T,0.00811253,0.016924526,0
C390V,0.0229914,0.048717872,0
C390W,0.0316629,0.067247235,0
C390Y,0.135359,0.288826288,1
N391A,0.0207508,0.043930131,0
N391C,0.0364222,0.077416964,0
N391D,0.0900386,0.191985121,0
N391E,0.0271421,0.057587136,0
N391F,0.0253604,0.053779979,0
N391G,0.0822288,0.175297048,0
N391H,0.0334877,0.07114649,0
N391I,0.0496527,0.105688053,0
N391K,0.113549,0.242222422,1
N391L,0.0458385,0.097537825,0
N391M,0.0437915,0.093163771,0
N391P,0.0320194,0.068009009,0
N391Q,0.0455739,0.096972425,0
N391R,0.0349853,0.074346579,0
N391S,0.0344106,0.073118553,0
N391T,0.0356672,0.075803671,0
N391V,0.0693142,0.147700978,0
N391W,0.0756332,0.161203492,0
N391Y,0.0294359,0.062488555,0
S392A,0.0514592,0.109548203,0
S392C,0.0711056,0.151528863,0
S392D,0.0263409,0.055875123,0
S392E,0.0328277,0.069736194,0
S392F,0.0264979,0.056210602,0
S392G,0.065397,0.139330659,0
S392H,0.0343754,0.073043337,0
S392I,0.0405755,0.086291784,0
S392K,0.0246351,0.052230149,0
S392L,0.081328,0.173372208,0
S392M,0.0379265,0.08063137,0
S392N,0.033009,0.070123598,0
S392P,0.082504,0.175885099,0
S392Q,0.0444862,0.094648214,0
S392R,0.0142817,0.030106882,0
S392T,0.0805026,0.171608484,0
S392V,0.0171785,0.036296798,0
S392W,0.0342027,0.07267431,0
S392Y,0.036283,0.07711952,0
T393A,0.0799421,0.170410801,0
T393C,0.026295,0.055777043,0
T393D,0.0324327,0.068892153,0
T393E,0.0341876,0.072642044,0
T393F,0.0332992,0.0707437,0
T393G,0.0603447,0.128534845,0
T393H,0.0639188,0.136172024,0
T393I,0.058814,0.125264027,0
T393K,0.106757,0.227709196,1
T393L,0.071258,0.151854513,0
T393M,0.0388617,0.082629716,0
T393N,0.0433792,0.092282764,0
T393P,0.0208001,0.044035476,0
T393Q,0.0439985,0.093606091,0
T393R,0.0460825,0.098059207,0
T393S,0.0498822,0.106178451,0
T393V,0.0585075,0.124609094,0
T393W,0.0329323,0.069959704,0
T393Y,0.0243844,0.05169445,0
Q394A,0.0238487,0.05054976,0
Q394C,0.0113668,0.023878289,0
Q394D,0.0435445,0.092635979,0
Q394E,0.0465388,0.099034234,0
Q394F,0.0429954,0.091462655,0
Q394G,0.0602883,0.128414329,0
Q394H,0.0549332,0.116971488,0
Q394I,0.0500762,0.106592993,0
Q394K,0.0745939,0.158982704,0
Q394L,0.0422913,0.089958126,0
Q394M,0.0416969,0.088688005,0
Q394N,0.0496552,0.105693395,0
Q394P,0.0590742,0.125820025,0
Q394R,0.0434126,0.092354133,0
Q394S,0.0374806,0.079678565,0
Q394T,0.0539536,0.114878267,0
Q394V,0.090235,0.192404791,0
Q394W,0.038721,0.082329067,0
Q394Y,0.0657034,0.139985378,0
L395A,0.120074,0.256165119,1
L395C,0.0376477,0.080035627,0
L395D,0.0278864,0.059177565,0
L395E,0.0321359,0.068257947,0
L395F,0.0455484,0.096917936,0
L395G,0.0200078,0.04234248,0
L395H,0.0232941,0.049364684,0
L395I,0.11581,0.247053754,1
L395K,0.0279062,0.059219874,0
L395M,0.0624333,0.13299779,0
L395N,0.0321917,0.068377181,0
L395P,0.0290844,0.061737466,0
L395Q,0.0417674,0.08883865,0
L395R,0.0165937,0.035047191,0
L395S,0.0229194,0.048564021,0
L395T,0.0242387,0.051383117,0
L395V,0.0654246,0.139389635,0
L395W,0.0283468,0.060161354,0
L395Y,0.0223929,0.04743899,0
F396A,0.0308636,0.065539282,0
F396C,0.0319111,0.067777592,0
F396D,0.0189085,0.039993483,0
F396E,0.0202056,0.042765141,0
F396G,0.00720369,0.014982506,0
F396H,0.0290309,0.061623147,0
F396I,0.0672092,0.14320299,0
F396K,0.0378542,0.080476878,0
F396L,0.116635,0.248816623,1
F396M,0.0505037,0.10750648,0
F396N,0.0210562,0.044582713,0
F396P,0.01235,0.025979202,0
F396Q,0.0473135,0.100689622,0
F396R,0.0329407,0.069977653,0
F396S,0.10482,0.223570192,1
F396T,0.0243411,0.051601926,0
F396V,0.0492259,0.104776061,0
F396W,0.0390711,0.083077165,0
F396Y,0.102861,0.219384177,1
N397A,0.0501344,0.106717355,0
N397C,0.0232768,0.049327718,0
N397D,0.121139,0.258440824,1
N397E,0.0642937,0.136973115,0
N397F,0.0247118,0.052394043,0
N397G,0.0687858,0.146571887,0
N397H,0.0371329,0.078935596,0
N397I,0.0683438,0.145627416,0
N397K,0.0422864,0.089947656,0
N397L,0.0316965,0.067319032,0
N397M,0.042236,0.08983996,0
N397P,0.0549422,0.116990719,0
N397Q,0.0289591,0.061469723,0
N397R,0.0156854,0.033106324,0
N397S,0.0472535,0.100561414,0
N397T,0.0153994,0.032495196,0
N397V,0.0692872,0.147643284,0
N397W,0.0484665,0.103153367,0
N397Y,0.0532061,0.113281,0
S398A,0.0265065,0.056228979,0
S398C,0.0405155,0.086163576,0
S398D,0.105373,0.224751849,1
S398E,0.0208324,0.044104495,0
S398F,0.0353827,0.075195748,0
S398G,0.0478242,0.101780892,0
S398H,0.0471304,0.100298372,0
S398I,0.0641655,0.136699175,0
S398K,0.0390064,0.082938913,0
S398L,0.0319632,0.06788892,0
S398M,0.0351435,0.074684623,0
S398N,0.0707915,0.150857691,0
S398P,0.0261427,0.055451607,0
S398Q,0.0515479,0.109737738,0
S398R,0.0489322,0.10414848,0
S398T,0.0733784,0.156385409,0
S398V,0.0451597,0.096087357,0
S398W,0.0598745,0.127530116,0
S398Y,0.0544493,0.115937484,0
T399A,0.0589028,0.125453776,0
T399C,0.0433101,0.09213511,0
T399D,0.0401898,0.085467616,0
T399E,0.0594947,0.126718555,0
T399F,0.0518782,0.110443527,0
T399G,0.0336156,0.071419788,0
T399H,0.0370189,0.078691999,0
T399I,0.100643,0.214644729,1
T399K,0.0498278,0.106062208,0
T399L,0.0734179,0.156469813,0
T399M,0.0400888,0.085251798,0
T399N,0.0462613,0.098441269,0
T399P,0.0430503,0.091579966,0
T399Q,0.0236572,0.050140561,0
T399R,0.0384297,0.081706614,0
T399S,0.0922799,0.196774358,0
T399V,0.0203461,0.043065363,0
T399W,0.0392138,0.083382088,0
T399Y,0.040251,0.085598389,0
W400A,0.0612117,0.130387461,0
W400C,0.0806808,0.171989264,0
W400D,0.0369862,0.078622126,0
W400E,0.0349267,0.074221362,0
W400F,0.0550711,0.117266154,0
W400G,0.0220647,0.046737688,0
W400H,0.0429031,0.091265428,0
W400I,0.0587844,0.125200777,0
W400K,0.0425002,0.090404506,0
W400L,0.0513006,0.109209305,0
W400M,0.0819015,0.17459767,0
W400N,0.0414799,0.088224317,0
W400P,0.039556,0.084113305,0
W400Q,0.0744446,0.158663678,0
W400R,0.0570578,0.121511358,0
W400S,0.0342138,0.072698029,0
W400T,0.021624,0.045795995,0
W400V,0.0174774,0.036935491,0
W400Y,0.038949,0.08281626,0
F401A,0.0466857,0.099348132,0
F401C,0.0815026,0.173745296,0
F401D,0.0272034,0.057718123,0
F401E,0.0281655,0.05977395,0
F401G,0.0665593,0.141814276,0
F401H,0.0256381,0.054373371,0
F401I,0.0370076,0.078667853,0
F401K,0.0326979,0.069458836,0
F401L,0.0770166,0.164159558,0
F401M,0.041622,0.088527958,0
F401N,0.0396598,0.084335106,0
F401P,0.0327479,0.069565676,0
F401Q,0.0339421,0.072117457,0
F401R,0.0208834,0.044213472,0
F401S,0.0659916,0.140601207,0
F401T,0.105919,0.225918548,1
F401V,0.0398341,0.084707552,0
F401W,0.0379342,0.080647823,0
F401Y,0.0987569,0.210614488,0
N402A,0.0334189,0.070999477,0
N402C,0.0448528,0.09543157,0
N402D,0.0657901,0.14017064,0
N402E,0.0541937,0.115391315,0
N402F,0.0321509,0.068289999,0
N402G,0.0427495,0.090937213,0
N402H,0.0392776,0.083518416,0
N402I,0.116583,0.248705509,1
N402K,0.0798385,0.170189427,0
N402L,0.0273769,0.05808886,0
N402M,0.0460382,0.097964546,0
N402P,0.0368682,0.078369982,0
N402Q,0.0279927,0.059404709,0
N402R,0.0264008,0.056003118,0
N402S,0.0782385,0.166770528,0
N402T,0.0590619,0.125793743,0
N402V,0.0326482,0.069352636,0
N402W,0.041472,0.088207436,0
N402Y,0.0714569,0.152279525,0
S403A,0.0604838,0.128832075,0
S403C,0.0586187,0.124846708,0
S403D,0.0436213,0.092800086,0
S403E,0.0379977,0.080783511,0
S403F,0.0409141,0.087015309,0
S403G,0.0442918,0.094232818,0
S403H,0.039794,0.084621866,0
S403I,0.0669924,0.142739729,0
S403K,0.0393256,0.083620983,0
S403L,0.0405133,0.086158875,0
S403M,0.0386625,0.082204063,0
S403N,0.0974717,0.207868257,0
S403P,0.0288851,0.061311599,0
S403Q,0.0523898,0.11153672,0
S403R,0.0522464,0.111230302,0
S403T,0.0555091,0.118202077,0
S403V,0.0646357,0.137703904,0
S403W,0.0370591,0.078777899,0
S403Y,0.0208326,0.044104922,0
T404A,0.0372928,0.079277272,0
T404C,0.0149296,0.031491322,0
T404D,0.0189933,0.040174684,0
T404E,0.103804,0.221399191,1
T404F,0.0534296,0.113758577,0
T404G,0.0179914,0.038033812,0
T404H,0.0520009,0.110705714,0
T404I,0.0426679,0.090762849,0
T404K,0.123188,0.262819151,1
T404L,0.0299799,0.063650981,0
T404M,0.0252087,0.053455824,0
T404N,0.0554185,0.118008482,0
T404P,0.0322269,0.068452397,0
T404Q,0.0719902,0.153419087,0
T404R,0.0521238,0.110968328,0
T404S,0.0881188,0.18788287,0
T404V,0.0593222,0.126349955,0
T404W,0.0320274,0.068026103,0
T404Y,0.0411379,0.087493527,0
W405A,0.00994769,0.020845918,0
W405C,0.0437633,0.093103513,0
W405D,0.0403339,0.085775531,0
W405E,0.129525,0.276360128,1
W405F,0.0829877,0.176918675,0
W405G,0.0216356,0.045820782,0
W405H,0.0320902,0.068160295,0
W405I,0.0187249,0.039601164,0
W405K,0.0609605,0.129850693,0
W405L,0.0405945,0.086332384,0
W405M,0.0524863,0.111742923,0
W405N,0.041189,0.087602718,0
W405P,0.0609044,0.129730818,0
W405Q,0.0195737,0.04141489,0
W405R,0.0274486,0.058242069,0
W405S,0.0248156,0.052615844,0
W405T,0.0624959,0.133131554,0
W405V,0.0668358,0.142405104,0
W405Y,0.0532246,0.113320531,0
S406A,0.0548692,0.116834732,0
S406C,0.0346805,0.073695279,0
S406D,0.0272757,0.057872614,0
S406E,0.0378406,0.080447818,0
S406F,0.0489829,0.104256816,0
S406G,0.031065,0.065969636,0
S406H,0.0247368,0.052447463,0
S406I,0.0622046,0.132509101,0
S406K,0.0397091,0.084440451,0
S406L,0.0426786,0.090785713,0
S406M,0.0305032,0.064769175,0
S406N,0.0734086,0.156449941,0
S406P,0.0380603,0.080917275,0
S406Q,0.087002,0.185496479,0
S406R,0.0705568,0.150356181,0
S406T,0.0622929,0.132697782,0
S406V,0.0338859,0.071997368,0
S406W,0.0376957,0.080138194,0
S406Y,0.100958,0.215317824,1
T407A,0.0815599,0.173867735,0
T407C,0.0320999,0.068181022,0
T407D,0.0309908,0.065811084,0
T407E,0.0378862,0.080545256,0
T407F,0.040841,0.086859108,0
T407G,0.0392528,0.083465423,0
T407H,0.0627011,0.133570028,0
T407I,0.0737042,0.157081582,0
T407K,0.068449,0.145852209,0
T407L,0.0316162,0.067147446,0
T407M,0.0337054,0.071611673,0
T407N,0.0447105,0.095127501,0
T407P,0.0221437,0.046906496,0
T407Q,0.0221904,0.047006285,0
T407R,0.10184,0.217202492,1
T407S,0.0903638,0.192680013,0
T407V,0.0566139,0.120562827,0
T407W,0.0457701,0.097391667,0
T407Y,0.022461,0.047584507,0
E408A,0.0498741,0.106161143,0
E408C,0.0299461,0.063578757,0
E408D,0.0539551,0.114881472,0
E408F,0.0274022,0.058142921,0
E408G,0.0511735,0.108937716,0
E408H,0.0202083,0.042770911,0
E408I,0.0467476,0.099480401,0
E408K,0.138481,0.295497415,1
E408L,0.0275875,0.058538872,0
E408M,0.0440062,0.093622545,0
E408N,0.0249439,0.052889997,0
E408P,0.104216,0.222279557,1
E408Q,0.034118,0.072493322,0
E408R,0.0619897,0.1320499,0
E408S,0.0427225,0.090879519,0
E408T,0.0390262,0.082981222,0
E408V,0.0467313,0.099445571,0
E408W,0.028596,0.060693847,0
E408Y,0.037816,0.080395252,0
G409A,0.025517,0.054114604,0
G409C,0.0220249,0.046652643,0
G409D,0.0271197,0.057539272,0
G409E,0.151367,0.323032372,1
G409F,0.0529444,0.112721796,0
G409H,0.0323732,0.068765013,0
G409I,0.0402905,0.085682793,0
G409K,0.0651409,0.138783422,0
G409L,0.0214494,0.045422908,0
G409M,0.0423046,0.089986546,0
G409N,0.0326096,0.069270155,0
G409P,0.043757,0.093090051,0
G409Q,0.0324453,0.068919077,0
G409R,0.11278,0.240579214,1
G409S,0.0456461,0.097126702,0
G409T,0.025661,0.054422304,0
G409V,0.0412614,0.087757424,0
G409W,0.0418416,0.088997202,0
G409Y,0.0592118,0.126114051,0
S410A,0.0347584,0.073861736,0
S410C,0.0589975,0.125656132,0
S410D,0.0369852,0.078619989,0
S410E,0.019684,0.04165058,0
S410F,0.0485029,0.103231146,0
S410G,0.0323477,0.068710524,0
S410H,0.0353844,0.075199381,0
S410I,0.0373076,0.079308897,0
S410K,0.0186409,0.039421672,0
S410L,0.0696837,0.14849053,0
S410M,0.0920645,0.196314088,0
S410N,0.0458232,0.097505132,0
S410P,0.0403783,0.085870405,0
S410Q,0.0276948,0.058768152,0
S410R,0.0565136,0.120348505,0
S410T,0.068156,0.145226123,0
S410V,0.0622578,0.132622779,0
S410W,0.0581102,0.123760139,0
S410Y,0.0552934,0.117741167,0
N411A,0.0130514,0.027477962,0
N411C,0.0267024,0.05664758,0
N411D,0.205982,0.43973435,1
N411E,0.0344496,0.073201889,0
N411F,0.0329162,0.069925302,0
N411G,0.0437715,0.093121035,0
N411H,0.0481898,0.102562111,0
N411I,0.0733825,0.15639417,0
N411K,0.0871467,0.185805675,0
N411L,0.0205313,0.043461101,0
N411M,0.0272478,0.057812997,0
N411P,0.0315899,0.067091248,0
N411Q,0.0257263,0.054561838,0
N411R,0.0327426,0.069554351,0
N411S,0.0457624,0.097375214,0
N411T,0.0306904,0.065169186,0
N411V,0.0309944,0.065818777,0
N411W,0.048795,0.103855309,0
N411Y,0.063913,0.13615963,0
N412A,0.0392832,0.083530382,0
N412C,0.0976582,0.208266773,0
N412D,0.0768667,0.16383925,0
N412E,0.0430683,0.091618429,0
N412F,0.0729044,0.15537256,0
N412G,0.0231632,0.049084976,0
N412H,0.0272934,0.057910436,0
N412I,0.0768704,0.163847156,0
N412K,0.088191,0.188037148,0
N412L,0.0338364,0.071891596,0
N412M,0.0514718,0.109575127,0
N412P,0.0363636,0.077291747,0
N412Q,0.0235144,0.049835424,0
N412R,0.0307125,0.065216409,0
N412S,0.0531305,0.113119457,0
N412T,0.0268911,0.057050797,0
N412V,0.0188356,0.039837709,0
N412W,0.0782473,0.166789332,0
N412Y,0.0429431,0.0913509,0
T413A,0.0241534,0.051200847,0
T413C,0.0298149,0.063298407,0
T413D,0.0881443,0.187937359,0
T413E,0.0310074,0.065846555,0
T413F,0.0213009,0.045105591,0
T413G,0.0240909,0.051067296,0
T413H,0.026483,0.056178764,0
T413I,0.0951832,0.202978164,0
T413K,0.0250797,0.053180176,0
T413L,0.108785,0.232042651,1
T413M,0.0426477,0.090719686,0
T413N,0.0806969,0.172023666,0
T413P,0.0621364,0.13236337,0
T413Q,0.0425663,0.090545749,0
T413R,0.0436391,0.092838121,0
T413S,0.0815769,0.173904061,0
T413V,0.0579675,0.123455216,0
T413W,0.0218203,0.046215451,0
T413Y,0.023137,0.049028991,0
E414A,0.0607365,0.129372048,0
E414C,0.0207485,0.043925216,0
E414D,0.0517405,0.110149288,0
E414F,0.0615685,0.131149875,0
E414G,0.0405783,0.086297767,0
E414H,0.0315892,0.067089752,0
E414I,0.0447499,0.095211692,0
E414K,0.0787128,0.167784018,0
E414L,0.0324031,0.068828903,0
E414M,0.0421221,0.089596578,0
E414N,0.0572009,0.121817136,0
E414P,0.0723661,0.154222314,0
E414Q,0.0330323,0.070173385,0
E414R,0.0604813,0.128826733,0
E414S,0.0564994,0.120318162,0
E414T,0.0734856,0.156614475,0
E414V,0.0365146,0.077614405,0
E414W,0.0392493,0.083457945,0
E414Y,0.0215072,0.045546415,0
G415A,0.0736415,0.156947604,0
G415C,0.0505145,0.107529557,0
G415D,0.0591848,0.126056357,0
G415E,0.119742,0.255455698,1
G415F,0.0294836,0.062590481,0
G415H,0.0224186,0.047493906,0
G415I,0.0629618,0.134127095,0
G415K,0.0393188,0.083606453,0
G415L,0.0386503,0.082177994,0
G415M,0.0190146,0.040220198,0
G415N,0.108177,0.230743469,1
G415P,0.0433514,0.09222336,0
G415Q,0.0352263,0.074861551,0
G415R,0.0531876,0.113241469,0
G415S,0.0496602,0.105704079,0
G415T,0.0169795,0.035871573,0
G415V,0.0354219,0.075279511,0
G415W,0.0319837,0.067932725,0
G415Y,0.0503543,0.10718724,0
S416A,0.057477,0.122407109,0
S416C,0.0629198,0.134037349,0
S416D,0.0393162,0.083600897,0
S416E,0.03106,0.065958951,0
S416F,0.0190669,0.040331954,0
S416G,0.0172035,0.036350218,0
S416H,0.0763558,0.162747553,0
S416I,0.0573248,0.122081887,0
S416K,0.027198,0.057706584,0
S416L,0.0257834,0.05468385,0
S416M,0.0494629,0.105282486,0
S416N,0.121985,0.260248567,1
S416P,0.0338597,0.071941384,0
S416Q,0.0453648,0.096525617,0
S416R,0.0373065,0.079306547,0
S416T,0.125073,0.266847042,1
S416V,0.0163783,0.034586921,0
S416W,0.0733771,0.156382631,0
S416Y,0.0272239,0.057761928,0
D417A,0.0408005,0.086772567,0
D417C,0.0332609,0.070661861,0
D417E,0.0752882,0.160466292,0
D417F,0.0535269,0.113966489,0
D417G,0.0915058,0.195120252,0
D417H,0.0426572,0.090739986,0
D417I,0.015674,0.033081965,0
D417K,0.0240577,0.050996354,0
D417L,0.0445971,0.094885187,0
D417M,0.0588537,0.125348858,0
D417N,0.12882,0.274853676,1
D417P,0.0327874,0.06965008,0
D417Q,0.0557134,0.118638628,0
D417R,0.0591598,0.126002936,0
D417S,0.0344162,0.073130519,0
D417T,0.0281286,0.059695101,0
D417V,0.0246666,0.052297459,0
D417W,0.0229856,0.048705478,0
D417Y,0.0561655,0.119604681,0
T418A,0.0447746,0.095264471,0
T418C,0.0247959,0.052573748,0
T418D,0.0657315,0.140045423,0
T418E,0.0431114,0.091710525,0
T418F,0.0272865,0.057895692,0
T418G,0.0489526,0.104192071,0
T418H,0.090456,0.192877027,0
T418I,0.084506,0.180162996,0
T418K,0.0578394,0.12318149,0
T418L,0.0290164,0.061592163,0
T418M,0.0272453,0.057807655,0
T418N,0.0288358,0.061206255,0
T418P,0.0522276,0.111190129,0
T418Q,0.0650168,0.138518243,0
T418R,0.0709025,0.151094877,0
T418S,0.0491837,0.104685888,0
T418V,0.0815801,0.173910899,0
T418W,0.0129007,0.027155944,0
T418Y,0.0322679,0.068540006,0
I419A,0.104901,0.223743273,1
I419C,0.0101422,0.021261549,0
I419D,0.0191176,0.04044029,0
I419E,0.0282628,0.059981861,0
I419F,0.036893,0.078422975,0
I419G,0.0199656,0.042252306,0
I419H,0.0884754,0.188644857,0
I419K,0.0237378,0.050312788,0
I419L,0.0490908,0.104487378,0
I419M,0.0573487,0.122132957,0
I419N,0.0448858,0.095502084,0
I419P,0.00783125,0.016323484,0
I419Q,0.0292067,0.061998798,0
I419R,0.0251909,0.053417789,0
I419S,0.0359621,0.076433817,0
I419T,0.0566166,0.120568597,0
I419V,0.158736,0.338778538,1
I419W,0.0490942,0.104494643,0
I419Y,0.0720503,0.153547509,0
T420A,0.0687217,0.146434917,0
T420C,0.0417055,0.088706382,0
T420D,0.0151027,0.031861204,0
T420E,0.0221639,0.04694966,0
T420F,0.0375186,0.079759764,0
T420G,0.0606704,0.129230804,0
T420H,0.0855194,0.182328441,0
T420I,0.0669952,0.142745712,0
T420K,0.122437,0.261214406,1
T420L,0.032003,0.067973965,0
T420M,0.0394707,0.083931035,0
T420N,0.0673513,0.14350663,0
T420P,0.0419295,0.089185028,0
T420Q,0.0297784,0.063220413,0
T420R,0.075866,0.161700942,0
T420S,0.0704571,0.150143141,0
T420V,0.0168935,0.035687807,0
T420W,0.0207258,0.043876711,0
T420Y,0.0259704,0.055083434,0
L421A,0.0527773,0.112364735,0
L421C,0.0820962,0.175013707,0
L421D,0.0148887,0.031403926,0
L421E,0.0519312,0.110556778,0
L421F,0.0945243,0.201570218,0
L421G,0.00728891,0.015164605,0
L421H,0.0248695,0.052731018,0
L421I,0.123947,0.264440992,1
L421K,0.0217163,0.045993223,0
L421M,0.0374715,0.07965912,0
L421N,0.0307502,0.065296967,0
L421P,0.0241658,0.051227343,0
L421Q,0.040843,0.086863382,0
L421R,0.011967,0.025160803,0
L421S,0.0288961,0.061335104,0
L421T,0.0648146,0.13808618,0
L421V,0.0639038,0.136139972,0
L421W,0.0498008,0.106004515,0
L421Y,0.0770583,0.164248663,0
P422A,0.0678433,0.144557942,0
P422C,0.0546207,0.116303734,0
P422D,0.0490216,0.104339511,0
P422E,0.0227181,0.048133881,0
P422F,0.0114995,0.024161844,0
P422G,0.048458,0.103135204,0
P422H,0.0203036,0.042974549,0
P422I,0.0808633,0.172379232,0
P422K,0.0501068,0.106658379,0
P422L,0.101429,0.216324263,1
P422M,0.0330063,0.070117828,0
P422N,0.0417527,0.088807239,0
P422Q,0.037558,0.079843955,0
P422R,0.0269522,0.057181356,0
P422S,0.0790279,0.168457327,0
P422T,0.0327209,0.069507982,0
P422V,0.0438666,0.093324246,0
P422W,0.0701641,0.149517055,0
P422Y,0.0596865,0.127128395,0
C423A,0.0261887,0.0555499,0
C423D,0.0231667,0.049092455,0
C423E,0.0282671,0.05999105,0
C423F,0.0466549,0.099282318,0
C423G,0.0137417,0.028953003,0
C423H,0.0372018,0.079082822,0
C423I,0.0499265,0.106273112,0
C423K,0.0322009,0.06839684,0
C423L,0.0166959,0.035265573,0
C423M,0.039974,0.085006492,0
C423N,0.0274886,0.058327542,0
C423P,0.0318134,0.067568825,0
C423Q,0.0338703,0.071964034,0
C423R,0.0413318,0.087907855,0
C423S,0.0309005,0.06561813,0
C423T,0.033626,0.071442011,0
C423V,0.029903,0.06348666,0
C423W,0.0440499,0.093715923,0
C423Y,0.0856597,0.182628236,0
R424A,0.0533823,0.113657506,0
R424C,0.0260448,0.055242413,0
R424D,0.0282502,0.059954938,0
R424E,0.020215,0.042785227,0
R424F,0.0970919,0.207056696,0
R424G,0.0254138,0.053894085,0
R424H,0.0201546,0.042656164,0
R424I,0.0481652,0.102509545,0
R424K,0.0517009,0.110064671,0
R424L,0.0385581,0.08198098,0
R424M,0.0956338,0.203941011,0
R424N,0.0200668,0.042468552,0
R424P,0.0322791,0.068563939,0
R424Q,0.027034,0.057356147,0
R424S,0.0945957,0.201722787,0
R424T,0.100623,0.214601993,1
R424V,0.00922457,0.019300746,0
R424W,0.0393317,0.083634018,0
R424Y,0.0595863,0.126914287,0
I425A,0.0110442,0.023188953,0
I425C,0.0184043,0.038916102,0
I425D,0.00351244,0.007094999,0
I425E,0.042207,0.089777993,0
I425F,0.0385549,0.081974142,0
I425G,0.163575,0.349118571,1
I425H,0.155364,0.331573209,1
I425K,0.0925839,0.197423949,0
I425L,0.00869401,0.01816704,0
I425M,0.0938383,0.200104365,0
I425N,0.0855913,0.182482078,0
I425P,0.119029,0.253932151,1
I425Q,0.0436342,0.092827651,0
I425R,0.0477327,0.101585374,0
I425S,0.0152646,0.032207154,0
I425T,0.0131465,0.027681173,0
I425V,0.0221402,0.046899017,0
I425W,0.00569613,0.011761134,0
I425Y,0.00467039,0.009569321,0
K426A,0.0349145,0.074195293,0
K426C,0.0186542,0.039450091,0
K426D,0.0349864,0.074348929,0
K426E,0.0574218,0.122289157,0
K426F,0.0177735,0.037568201,0
K426G,0.033602,0.071390727,0
K426H,0.0427816,0.091005805,0
K426I,0.0180191,0.038093002,0
K426L,0.0174291,0.036832283,0
K426M,0.0281408,0.05972117,0
K426N,0.0331715,0.07047083,0
K426P,0.0269172,0.057106567,0
K426Q,0.0311459,0.066142504,0
K426R,0.173776,0.370916188,1
K426S,0.0557544,0.118726237,0
K426T,0.039666,0.084348354,0
K426V,0.011858,0.024927891,0
K426W,0.0346503,0.073630747,0
K426Y,0.0194492,0.041148857,0
Q427A,0.110683,0.236098319,1
Q427C,0.0102543,0.021501086,0
Q427D,0.0105623,0.022159224,0
Q427E,0.0708725,0.151030772,0
Q427F,0.0325958,0.069240667,0
Q427G,0.0359936,0.076501126,0
Q427H,0.162349,0.346498839,1
Q427I,0.00710548,0.01477265,0
Q427K,0.0315163,0.066933979,0
Q427L,0.0892857,0.190376316,0
Q427M,0.0649299,0.138332554,0
Q427N,0.130734,0.278943533,1
Q427P,0.00330026,0.006641611,0
Q427R,0.0154601,0.032624901,0
Q427S,0.0751001,0.160064358,0
Q427T,0.00391238,0.007949596,0
Q427V,0.0128595,0.027067908,0
Q427W,0.0330157,0.070137914,0
Q427Y,0.0189116,0.040000107,0
F428A,0.0188451,0.039858009,0
F428C,0.0204521,0.043291865,0
F428D,0.0446708,0.09504267,0
F428E,0.0188294,0.039824461,0
F428G,0.00648069,0.013437591,0
F428H,0.0413063,0.087853366,0
F428I,0.145464,0.310418772,1
F428K,0.0141303,0.029783368,0
F428L,0.123802,0.264131154,1
F428M,0.0443448,0.094346069,0
F428N,0.015802,0.033355477,0
F428P,0.0156087,0.032942431,0
F428Q,0.0346841,0.073702971,0
F428R,0.0127513,0.026836705,0
F428S,0.0383465,0.081528831,0
F428T,0.0183613,0.038824219,0
F428V,0.1251,0.266904736,1
F428W,0.0281538,0.059748949,0
F428Y,0.0873454,0.18623026,0
I429A,0.0100166,0.020993165,0
I429C,0.0227704,0.048245636,0
I429D,0.0207326,0.043891241,0
I429E,0.0199606,0.042241622,0
I429F,0.0857719,0.182867986,0
I429G,0.0127354,0.026802729,0
I429H,0.0614561,0.130909697,0
I429K,0.0997512,0.21273912,0
I429L,0.0874209,0.186391589,0
I429M,0.0562222,0.119725838,0
I429N,0.038858,0.08262181,0
I429P,0.0272108,0.057733935,0
I429Q,0.0207419,0.043911113,0
I429R,0.103919,0.221644924,1
I429S,0.0123767,0.026036255,0
I429T,0.0249308,0.052862004,0
I429V,0.128688,0.274571616,1
I429W,0.0464961,0.098942992,0
I429Y,0.016017,0.033814891,0
N430A,0.0994948,0.212191241,0
N430C,0.0353651,0.07515814,0
N430D,0.0378388,0.080443971,0
N430E,0.0258509,0.054828085,0
N430F,0.0350356,0.074454061,0
N430G,0.0741557,0.158046353,0
N430H,0.0648072,0.138070368,0
N430I,0.0501712,0.10679599,0
N430K,0.102694,0.21902733,1
N430L,0.0761591,0.162327242,0
N430M,0.0998197,0.212885492,0
N430P,0.00985525,0.020648391,0
N430Q,0.0689987,0.147026814,0
N430R,0.0540633,0.115112675,0
N430S,0.0367218,0.078057153,0
N430T,0.0343948,0.073084792,0
N430V,0.0107808,0.022626117,0
N430W,0.0339602,0.072156133,0
N430Y,0.0196247,0.041523867,0
M431A,0.0591824,0.126051228,0
M431C,0.0213305,0.045168841,0
M431D,0.0186617,0.039466117,0
M431E,0.040409,0.085936005,0
M431F,0.0358255,0.076141928,0
M431G,0.0285869,0.060674402,0
M431H,0.0321358,0.068257734,0
M431I,0.061956,0.13197789,0
M431K,0.176152,0.375993253,1
M431L,0.0293692,0.06234603,0
M431N,0.0601411,0.12809979,0
M431P,0.0227972,0.048302903,0
M431Q,0.0689022,0.146820612,0
M431R,0.0711016,0.151520316,0
M431S,0.0800825,0.170710809,0
M431T,0.065838,0.140272993,0
M431V,0.035005,0.074388674,0
M431W,0.0192943,0.040817865,0
M431Y,0.0388859,0.082681427,0
W432A,0.0188652,0.039900959,0
W432C,0.0504616,0.10741652,0
W432D,0.0367999,0.078224038,0
W432E,0.038741,0.082371803,0
W432F,0.0256167,0.054327644,0
W432G,0.024531,0.052007707,0
W432H,0.0277127,0.058806401,0
W432I,0.0289208,0.061387884,0
W432K,0.0263185,0.055827258,0
W432L,0.0419511,0.089231183,0
W432M,0.0467958,0.099583395,0
W432N,0.0264649,0.056140087,0
W432P,0.0355676,0.075590844,0
W432Q,0.0310343,0.065904035,0
W432R,0.0331159,0.070352023,0
W432S,0.0211553,0.044794471,0
W432T,0.0256941,0.054493033,0
W432V,0.0189527,0.04008793,0
W432Y,0.0440868,0.093794772,0
Q433A,0.0265481,0.05631787,0
Q433C,0.0281256,0.059688691,0
Q433D,0.127393,0.271804445,1
Q433E,0.0402411,0.085577235,0
Q433F,0.0850355,0.181294438,0
Q433G,0.0663925,0.141457855,0
Q433H,0.0490111,0.104317074,0
Q433I,0.0579556,0.123429788,0
Q433K,0.0492051,0.104731616,0
Q433L,0.048579,0.103393758,0
Q433M,0.0346213,0.073568779,0
Q433N,0.0296754,0.063000322,0
Q433P,0.022795,0.048298202,0
Q433R,0.0157411,0.033225345,0
Q433S,0.0336041,0.071395214,0
Q433T,0.0706144,0.150479261,0
Q433V,0.0392163,0.08338743,0
Q433W,0.0463388,0.098606872,0
Q433Y,0.0688078,0.146618897,0
E434A,0.0413002,0.087840332,0
E434C,0.0120176,0.025268926,0
E434D,0.0193051,0.040840942,0
E434F,0.0696939,0.148512326,0
E434G,0.142067,0.303160022,1
E434H,0.0760088,0.162006079,0
E434I,0.0259799,0.055103734,0
E434K,0.0744249,0.158621583,0
E434L,0.024904,0.052804738,0
E434M,0.0612377,0.130443018,0
E434N,0.0343103,0.072904231,0
E434P,0.0139903,0.029484215,0
E434Q,0.0302002,0.064121721,0
E434R,0.0728434,0.155242215,0
E434S,0.0501023,0.106648763,0
E434T,0.0459736,0.097826508,0
E434V,0.0425207,0.090448311,0
E434W,0.060995,0.129924413,0
E434Y,0.0448738,0.095476443,0
V435A,0.0659758,0.140567446,0
V435C,0.0054109,0.011151651,0
V435D,0.00765425,0.015945268,0
V435E,0.0236496,0.050124321,0
V435F,0.0435936,0.092740896,0
V435G,0.0488506,0.103974116,0
V435H,0.0582609,0.124082156,0
V435I,0.0615288,0.131065044,0
V435K,0.0382296,0.081279038,0
V435L,0.0744173,0.158605343,0
V435M,0.0500788,0.106598548,0
V435N,0.0883123,0.188296343,0
V435P,0.0664767,0.141637775,0
V435Q,0.0388553,0.082616041,0
V435R,0.100845,0.215076365,1
V435S,0.0479976,0.102151415,0
V435T,0.0390605,0.083054514,0
V435W,0.0415589,0.088393125,0
V435Y,0.0566164,0.120568169,0
G436A,0.0200393,0.042409789,0
G436C,0.00240327,0.004724912,0
G436D,0.0043879,0.008965693,0
G436E,0.0183319,0.038761397,0
G436F,0.0429448,0.091354533,0
G436H,0.129112,0.275477625,1
G436I,0.00555616,0.011462045,0
G436K,0.102073,0.21770037,1
G436L,0.00688611,0.014303897,0
G436M,0.0436252,0.092808419,0
G436N,0.231882,0.495077776,1
G436P,0.000785455,0.001267946,0
G436Q,0.110849,0.23645303,1
G436R,0.0808677,0.172388634,0
G436S,0.0452061,0.096186505,0
G436T,0.0708836,0.151054491,0
G436V,0.0101336,0.021243172,0
G436W,0.0140464,0.02960409,0
G436Y,0.02871,0.060937444,0
K437A,0.0634658,0.135204048,0
K437C,0.0104204,0.02185601,0
K437D,0.0557387,0.118692689,0
K437E,0.0736997,0.157071967,0
K437F,0.0370547,0.078768497,0
K437G,0.0709669,0.151232487,0
K437H,0.0427793,0.09100089,0
K437I,0.0130918,0.027564289,0
K437L,0.0481317,0.102437962,0
K437M,0.0359551,0.076418859,0
K437N,0.0464388,0.098820553,0
K437P,0.0404544,0.086033016,0
K437Q,0.0255348,0.054152639,0
K437R,0.118367,0.252517582,1
K437S,0.0430954,0.091676337,0
K437T,0.0419366,0.089200199,0
K437V,0.0196298,0.041534765,0
K437W,0.0399724,0.085003073,0
K437Y,0.0147014,0.031003702,0
A438C,0.00905127,0.018930437,0
A438D,0.000886299,0.00148343,0
A438E,0.0338573,0.071936255,0
A438F,0.00252518,0.004985411,0
A438G,0.00708963,0.014738781,0
A438H,0.0270382,0.057365122,0
A438I,0.0443193,0.09429158,0
A438K,0.000453136,0.000557843,0
A438L,0.149249,0.318506604,1
A438M,0.242732,0.518262184,1
A438N,0.0485702,0.103374954,0
A438P,0.00058864,0.000847389,0
A438Q,0.0441806,0.093995205,0
A438R,0.00174826,0.003325279,0
A438S,0.0189491,0.040080237,0
A438T,0.145936,0.311427347,1
A438V,0.197365,0.421321442,1
A438W,0.0042715,0.008716968,0
A438Y,0.0129826,0.027330949,0
M439A,0.0255168,0.054114176,0
M439C,0.00802937,0.016746829,0
M439D,0.0128206,0.026984786,0
M439E,0.0194304,0.041108685,0
M439F,0.0399529,0.084961405,0
M439G,0.05801,0.12354603,0
M439H,0.0265988,0.056426207,0
M439I,0.20178,0.430755466,1
M439K,0.0184417,0.038996019,0
M439L,0.049204,0.104729265,0
M439N,0.011258,0.023645804,0
M439P,0.0065103,0.013500862,0
M439Q,0.0100321,0.021026286,0
M439R,0.0117886,0.024779596,0
M439S,0.0222938,0.047227232,0
M439T,0.143262,0.305713512,1
M439V,0.0953514,0.203337575,0
M439W,0.0738242,0.157338,0
M439Y,0.0699518,0.14906341,0
Y440A,0.0236664,0.05016022,0
Y440C,0.0304432,0.064640966,0
Y440D,0.00966018,0.020231563,0
Y440E,0.0146353,0.030862458,0
Y440F,0.0128057,0.026952947,0
Y440G,0.0681128,0.145133813,0
Y440H,0.0203998,0.04318011,0
Y440I,0.0375028,0.079726003,0
Y440K,0.0139226,0.029339552,0
Y440L,0.00641535,0.013297972,0
Y440M,0.021276,0.045052385,0
Y440N,0.0152128,0.032096467,0
Y440P,0.00435643,0.008898447,0
Y440Q,0.0159714,0.033717453,0
Y440R,0.0101531,0.02128484,0
Y440S,0.0182929,0.038678061,0
Y440T,0.0099139,0.020773715,0
Y440V,0.0165101,0.034868553,0
Y440W,0.461802,0.986373551,1
A441C,0.0241874,0.051273499,0
A441D,0.023719,0.050272616,0
A441E,0.00331884,0.006681313,0
A441F,0.221352,0.472577147,1
A441G,0.00473853,0.009714923,0
A441H,0.0791933,0.168810756,0
A441I,0.0283143,0.060091907,0
A441K,0.023986,0.050843145,0
A441L,0.0314141,0.066715597,0
A441M,0.102761,0.219170496,1
A441N,0.0526205,0.112029683,0
A441P,0.00260895,0.005164411,0
A441Q,0.0165526,0.034959368,0
A441R,0.0214551,0.045435088,0
A441S,0.0197654,0.041824517,0
A441T,0.0413515,0.08794995,0
A441V,0.049214,0.104750633,0
A441W,0.149184,0.318367712,1
A441Y,0.0891492,0.190084641,0
P442A,0.0945701,0.201668084,0
P442C,0.00447857,0.009159437,0
P442D,0.0206204,0.043651491,0
P442E,0.0935043,0.19939067,0
P442F,0.0508036,0.108147309,0
P442G,0.0155585,0.032835163,0
P442H,0.0189035,0.039982798,0
P442I,0.0983701,0.209787969,0
P442K,0.00466225,0.009551927,0
P442L,0.0801569,0.170869788,0
P442M,0.0501087,0.106662439,0
P442N,0.00987039,0.020680742,0
P442Q,0.12953,0.276370812,1
P442R,0.0349059,0.074176916,0
P442S,0.0283139,0.060091053,0
P442T,0.0450927,0.095944191,0
P442V,0.120464,0.256998476,1
P442W,0.0104168,0.021848318,0
P442Y,0.0266159,0.056462746,0
P443A,0.135224,0.288537818,1
P443C,0.00732917,0.015250633,0
P443D,0.0474502,0.100981725,0
P443E,0.0259594,0.055059929,0
P443F,0.0594161,0.126550601,0
P443G,0.0982877,0.209611896,0
P443H,0.0331335,0.070389631,0
P443I,0.0168539,0.035603189,0
P443K,0.0245868,0.052126941,0
P443L,0.0181298,0.038329547,0
P443M,0.0302999,0.064334761,0
P443N,0.0122935,0.025858472,0
P443Q,0.074969,0.159784222,0
P443R,0.0122824,0.025834754,0
P443S,0.0811995,0.173097628,0
P443T,0.0428109,0.091068414,0
P443V,0.0275671,0.058495281,0
P443W,0.027276,0.057873256,0
P443Y,0.0575989,0.122667587,0
I444A,0.0477638,0.101651829,0
I444C,0.0277715,0.058932046,0
I444D,0.0175213,0.037029297,0
I444E,0.0291925,0.061968455,0
I444F,0.0554461,0.118067458,0
I444G,0.0100215,0.021003636,0
I444H,0.055513,0.118210411,0
I444K,0.064266,0.136913925,0
I444L,0.0496807,0.105747883,0
I444M,0.0464955,0.09894171,0
I444N,0.0692691,0.147604608,0
I444P,0.0267076,0.056658692,0
I444Q,0.0560592,0.119377538,0
I444R,0.0480341,0.102229409,0
I444S,0.038645,0.082166669,0
I444T,0.104767,0.223456941,1
I444V,0.0858669,0.183070984,0
I444W,0.0421883,0.089738034,0
I444Y,0.0785846,0.167510079,0
S445A,0.0374242,0.079558049,0
S445C,0.0590161,0.125695877,0
S445D,0.0117601,0.024718697,0
S445E,0.0376191,0.079974514,0
S445F,0.0208336,0.044107059,0
S445G,0.0923582,0.19694167,0
S445H,0.0299036,0.063487942,0
S445I,0.0502548,0.106974627,0
S445K,0.0351319,0.074659836,0
S445L,0.0286533,0.060816286,0
S445M,0.0376869,0.08011939,0
S445N,0.175609,0.374832964,1
S445P,0.0343424,0.072972823,0
S445Q,0.0478971,0.101936666,0
S445R,0.0754902,0.160897928,0
S445T,0.0869573,0.185400963,0
S445V,0.0331296,0.070381297,0
S445W,0.0469299,0.099869941,0
S445Y,0.01113,0.023372292,0
G446A,0.0442849,0.094218074,0
G446C,0.0390889,0.0831152,0
G446D,0.0248104,0.052604732,0
G446E,0.0517157,0.110096295,0
G446F,0.0362387,0.077024859,0
G446H,0.0621504,0.132393286,0
G446I,0.0815388,0.173822648,0
G446K,0.0572616,0.12194684,0
G446L,0.0495829,0.105538903,0
G446M,0.0474705,0.101025102,0
G446N,0.0633483,0.134952973,0
G446P,0.0419214,0.089167719,0
G446Q,0.0498395,0.106087209,0
G446R,0.0580677,0.123669324,0
G446S,0.0578945,0.123299228,0
G446T,0.0237552,0.050349968,0
G446V,0.0479068,0.101957393,0
G446W,0.0235498,0.049911067,0
G446Y,0.0900793,0.19207209,0
Q447A,0.0291765,0.061934266,0
Q447C,0.0602852,0.128407704,0
Q447D,0.0371837,0.079044146,0
Q447E,0.0163107,0.034442473,0
Q447F,0.0490152,0.104325835,0
Q447G,0.0605741,0.129025029,0
Q447H,0.0653952,0.139326813,0
Q447I,0.0473943,0.100862277,0
Q447K,0.0817306,0.174232489,0
Q447L,0.0676487,0.144142118,0
Q447M,0.0358727,0.076242786,0
Q447N,0.0260789,0.055315278,0
Q447P,0.0590431,0.12575357,0
Q447R,0.0615576,0.131126584,0
Q447S,0.0247673,0.052512636,0
Q447T,0.104165,0.22217058,1
Q447V,0.0436538,0.092869532,0
Q447W,0.0263661,0.05592897,0
Q447Y,0.0280281,0.059480352,0
I448A,0.112062,0.239044983,1
I448C,0.0347024,0.073742075,0
I448D,0.0139262,0.029347245,0
I448E,0.026532,0.056283468,0
I448F,0.0360977,0.076723568,0
I448G,0.122202,0.260712255,1
I448H,0.0551919,0.117524281,0
I448K,0.0135024,0.028441664,0
I448L,0.0404882,0.086105241,0
I448M,0.0262149,0.055605884,0
I448N,0.0365432,0.077675518,0
I448P,0.0602985,0.128436124,0
I448Q,0.0774361,0.16505595,0
I448R,0.100279,0.213866929,1
I448S,0.0523811,0.11151813,0
I448T,0.0306502,0.065083286,0
I448V,0.0322481,0.068497698,0
I448W,0.0245548,0.052058563,0
I448Y,0.0818272,0.174438905,0
R449A,0.0581916,0.123934075,0
R449C,0.0798817,0.170281737,0
R449D,0.0297858,0.063236226,0
R449E,0.0889677,0.18969681,0
R449F,0.0145041,0.030582109,0
R449G,0.0502254,0.106911805,0
R449H,0.0431464,0.091785314,0
R449I,0.0343232,0.072931796,0
R449K,0.165729,0.353721263,1
R449L,0.0311063,0.066057886,0
R449M,0.0354636,0.075368616,0
R449N,0.0713035,0.151951738,0
R449P,0.0065248,0.013531846,0
R449Q,0.0273354,0.058000182,0
R449S,0.0394836,0.0839586,0
R449T,0.0631319,0.134490567,0
R449V,0.0202994,0.042965574,0
R449W,0.020926,0.0443045,0
R449Y,0.0335324,0.071242005,0
C450A,0.0516476,0.109950779,0
C450D,0.0106566,0.022360725,0
C450E,0.0213207,0.0451479,0
C450F,0.0771174,0.164374948,0
C450G,0.00836732,0.017468964,0
C450H,0.0194732,0.04120014,0
C450I,0.180863,0.386059773,1
C450K,0.0190346,0.040262935,0
C450L,0.0178829,0.037801968,0
C450M,0.0266503,0.056536252,0
C450N,0.0237984,0.050442279,0
C450P,0.00551505,0.0113742,0
C450Q,0.0170864,0.036099998,0
C450R,0.0344515,0.073205949,0
C450S,0.0227644,0.048232815,0
C450T,0.0648563,0.138175285,0
C450V,0.144603,0.308578977,1
C450W,0.0146235,0.030837244,0
C450Y,0.0846806,0.180536084,0
S451A,0.0433617,0.092245369,0
S451C,0.0339411,0.07211532,0
S451D,0.0183069,0.038707977,0
S451E,0.0295242,0.062677236,0
S451F,0.107977,0.230316107,1
S451G,0.0212647,0.045028239,0
S451H,0.0429328,0.091328891,0
S451I,0.0522128,0.111158505,0
S451K,0.135152,0.288383968,1
S451L,0.0507682,0.108071666,0
S451M,0.0268198,0.056898442,0
S451N,0.0421622,0.089682264,0
S451P,0.0319008,0.067755583,0
S451Q,0.0362373,0.077021867,0
S451R,0.0514368,0.109500339,0
S451T,0.0402819,0.085664416,0
S451V,0.0465997,0.099164366,0
S451W,0.0593567,0.126423675,0
S451Y,0.0560337,0.119323049,0
S452A,0.100659,0.214678918,1
S452C,0.059322,0.126349527,0
S452D,0.0225063,0.047681304,0
S452E,0.0204059,0.043193145,0
S452F,0.0842885,0.17969824,0
S452G,0.0325547,0.069152844,0
S452H,0.0625166,0.133175786,0
S452I,0.0156077,0.032940294,0
S452K,0.0102824,0.02156113,0
S452L,0.0336736,0.071543723,0
S452M,0.068868,0.146747533,0
S452N,0.134096,0.286127495,1
S452P,0.0201321,0.042608086,0
S452Q,0.0275675,0.058496136,0
S452R,0.0234351,0.049665975,0
S452T,0.0182112,0.038503484,0
S452V,0.0255355,0.054154135,0
S452W,0.0689788,0.146984292,0
S452Y,0.0828031,0.176524219,0
N453A,0.0234524,0.049702942,0
N453C,0.066188,0.141020877,0
N453D,0.0372967,0.079285606,0
N453E,0.0172949,0.036545523,0
N453F,0.0207295,0.043884617,0
N453G,0.0431446,0.091781468,0
N453H,0.0979841,0.20896316,0
N453I,0.0612041,0.130371221,0
N453K,0.0735432,0.156737556,0
N453L,0.0478628,0.101863373,0
N453M,0.0554412,0.118056988,0
N453P,0.0414605,0.088182863,0
N453Q,0.0515664,0.109777269,0
N453R,0.0688637,0.146738345,0
N453S,0.0481119,0.102395653,0
N453T,0.0649163,0.138303494,0
N453V,0.0372069,0.07909372,0
N453W,0.038622,0.082117522,0
N453Y,0.0783862,0.167086135,0
I454A,0.120312,0.256673681,1
I454C,0.0251452,0.053320137,0
I454D,0.0243876,0.051701288,0
I454E,0.0522025,0.111136495,0
I454F,0.0695409,0.148185394,0
I454G,0.0364995,0.077582139,0
I454H,0.0149236,0.031478501,0
I454K,0.0262113,0.055598192,0
I454L,0.0628721,0.133935423,0
I454M,0.0867914,0.185046466,0
I454N,0.0361638,0.076864812,0
I454P,0.0269067,0.057084131,0
I454Q,0.0264883,0.056190089,0
I454R,0.00912567,0.019089416,0
I454S,0.021138,0.044757505,0
I454T,0.0724904,0.15448792,0
I454V,0.080161,0.170878549,0
I454W,0.0301465,0.064006974,0
I454Y,0.0128,0.026940768,0
T455A,0.090473,0.192913352,0
T455C,0.0846215,0.180409798,0
T455D,0.0124397,0.026170874,0
T455E,0.010945,0.022976982,0
T455F,0.02708,0.05745444,0
T455G,0.0560627,0.119385016,0
T455H,0.135063,0.288193792,1
T455I,0.0502389,0.106940652,0
T455K,0.0837774,0.178606115,0
T455L,0.00578274,0.011946203,0
T455M,0.038559,0.081982903,0
T455N,0.0509912,0.108548175,0
T455P,0.00718601,0.014944727,0
T455Q,0.0170714,0.036067946,0
T455R,0.0140369,0.02958379,0
T455S,0.0778562,0.165953625,0
T455V,0.0974255,0.207769537,0
T455W,0.0173671,0.036699801,0
T455Y,0.0216917,0.045940657,0
G456A,0.114035,0.243260913,1
G456C,0.0481563,0.102490527,0
G456D,0.0330846,0.070285141,0
G456E,0.0942791,0.201046272,0
G456F,0.0233099,0.049398446,0
G456H,0.0450094,0.095766194,0
G456I,0.01076,0.022581671,0
G456K,0.0237722,0.050386294,0
G456L,0.00813965,0.016982477,0
G456M,0.0331844,0.070498394,0
G456N,0.0365791,0.07775223,0
G456P,0.021638,0.04582591,0
G456Q,0.0224614,0.047585361,0
G456R,0.122014,0.260310534,1
G456S,0.115141,0.245624227,1
G456T,0.0309693,0.065765143,0
G456V,0.0346436,0.07361643,0
G456W,0.0096826,0.02027947,0
G456Y,0.0287987,0.061126979,0
L457A,0.0559179,0.119075606,0
L457C,0.0755525,0.161031052,0
L457D,0.0356145,0.075691061,0
L457E,0.0237561,0.050351892,0
L457F,0.0477324,0.101584733,0
L457G,0.0477436,0.101608665,0
L457H,0.0287342,0.060989155,0
L457I,0.10373,0.221241067,1
L457K,0.00969736,0.02031101,0
L457M,0.0667139,0.142144627,0
L457N,0.0271898,0.057689062,0
L457P,0.0194483,0.041146934,0
L457Q,0.0305583,0.064886913,0
L457R,0.00582563,0.012037851,0
L457S,0.0349846,0.074345083,0
L457T,0.08784,0.187287127,0
L457V,0.0593669,0.12644547,0
L457W,0.0444887,0.094653556,0
L457Y,0.0785546,0.167445974,0
L458A,0.0359801,0.076472279,0
L458C,0.049269,0.104868158,0
L458D,0.0066652,0.013831854,0
L458E,0.0604923,0.128850238,0
L458F,0.0639729,0.136287625,0
L458G,0.0143899,0.030338085,0
L458H,0.122011,0.260304124,1
L458I,0.0580931,0.123723599,0
L458K,0.0723995,0.154293684,0
L458M,0.0347605,0.073866224,0
L458N,0.00380177,0.007713243,0
L458P,0.0284668,0.060417771,0
L458Q,0.0834701,0.177949473,0
L458R,0.00528384,0.010880148,0
L458S,0.0549615,0.117031959,0
L458T,0.05316,0.113182493,0
L458V,0.0885171,0.188733962,0
L458W,0.0291044,0.061780202,0
L458Y,0.0390964,0.083131226,0
L459A,0.0576684,0.122816095,0
L459C,0.0264297,0.056064872,0
L459D,0.0122429,0.02575035,0
L459E,0.0145056,0.030585314,0
L459F,0.0674449,0.143706636,0
L459G,0.00672279,0.013954913,0
L459H,0.0196139,0.04150079,0
L459I,0.149834,0.319756639,1
L459K,0.0154251,0.032550112,0
L459M,0.0562874,0.119865158,0
L459N,0.0234944,0.049792688,0
L459P,0.00875216,0.018291295,0
L459Q,0.0180999,0.038265657,0
L459R,0.0158978,0.033560183,0
L459S,0.0219096,0.046406269,0
L459T,0.0311702,0.066194428,0
L459V,0.169459,0.361691571,1
L459W,0.0305769,0.064926658,0
L459Y,0.0396008,0.084209034,0
T460A,0.0573279,0.122088511,0
T460C,0.0465246,0.099003892,0
T460D,0.0882947,0.188258735,0
T460E,0.0238443,0.050540358,0
T460F,0.0606848,0.129261574,0
T460G,0.0684849,0.14592892,0
T460H,0.0279272,0.059264747,0
T460I,0.0740934,0.157913229,0
T460K,0.0472055,0.100458847,0
T460L,0.0233091,0.049396737,0
T460M,0.0400424,0.08515265,0
T460N,0.0330055,0.070116119,0
T460P,0.0114997,0.024162271,0
T460Q,0.0212867,0.045075248,0
T460R,0.00416227,0.008483564,0
T460S,0.084452,0.180047608,0
T460V,0.0833875,0.177772972,0
T460W,0.0621168,0.132321489,0
T460Y,0.0378222,0.0804085,0
R461A,0.0430778,0.091638729,0
R461C,0.059992,0.127781191,0
R461D,0.0181847,0.038446858,0
R461E,0.0608137,0.129537009,0
R461F,0.062481,0.133099716,0
R461G,0.0423503,0.090084198,0
R461H,0.027599,0.058563446,0
R461I,0.0429598,0.091386585,0
R461K,0.0277295,0.0588423,0
R461L,0.0134365,0.028300848,0
R461M,0.0625693,0.133288396,0
R461N,0.0632432,0.134728394,0
R461P,0.059944,0.127678624,0
R461Q,0.0501223,0.1066915,0
R461S,0.0795471,0.16956676,0
R461T,0.0380249,0.080841632,0
R461V,0.0388993,0.08271006,0
R461W,0.0431972,0.091893864,0
R461Y,0.0354195,0.075274383,0
D462A,0.0172325,0.036412186,0
D462C,0.0251306,0.053288939,0
D462E,0.119109,0.254103096,1
D462F,0.0403892,0.085893696,0
D462G,0.0286095,0.060722694,0
D462H,0.0302058,0.064133687,0
D462I,0.0115533,0.024276804,0
D462K,0.0225313,0.047734724,0
D462L,0.0234252,0.049644821,0
D462M,0.0311466,0.066143999,0
D462N,0.0944131,0.201332605,0
D462P,0.025249,0.053541938,0
D462Q,0.0294862,0.062596037,0
D462R,0.0112884,0.023710763,0
D462S,0.0195191,0.04129822,0
D462T,0.0202557,0.042872195,0
D462V,0.0210878,0.044650237,0
D462W,0.0403017,0.085706725,0
D462Y,0.0390383,0.083007077,0
G463A,0.0200302,0.042390344,0
G463C,0.0446614,0.095022584,0
G463D,0.132847,0.283458617,1
G463E,0.0181982,0.038475705,0
G463F,0.0287575,0.061038942,0
G463H,0.0415934,0.088466845,0
G463I,0.0281173,0.059670955,0
G463K,0.0313679,0.066616876,0
G463L,0.0152169,0.032105228,0
G463M,0.0270666,0.057425807,0
G463N,0.0238712,0.050597839,0
G463P,0.0513696,0.109356745,0
G463Q,0.0295642,0.062762708,0
G463R,0.0323385,0.068690865,0
G463S,0.130362,0.278148639,1
G463T,0.00879785,0.018388926,0
G463V,0.0501833,0.106821845,0
G463W,0.0315528,0.067011972,0
G463Y,0.0666115,0.141925817,0
G464A,0.0631687,0.134569201,0
G464C,0.048875,0.104026254,0
G464D,0.0999043,0.213066266,0
G464E,0.00830211,0.017329623,0
G464F,0.0325282,0.069096219,0
G464H,0.0163382,0.034501235,0
G464I,0.0855011,0.182289338,0
G464K,0.0129545,0.027270905,0
G464L,0.0401055,0.085287483,0
G464M,0.0531121,0.11308014,0
G464N,0.0428068,0.091059653,0
G464P,0.138002,0.294473882,1
G464Q,0.0180924,0.03824963,0
G464R,0.0310886,0.066020064,0
G464S,0.0543731,0.115774659,0
G464T,0.0222478,0.047128938,0
G464V,0.0778561,0.165953411,0
G464W,0.0316045,0.067122445,0
G464Y,0.0320476,0.068069267,0
N465A,0.0330837,0.070283218,0
N465C,0.0198316,0.041965974,0
N465D,0.0955685,0.203801477,0
N465E,0.0291265,0.061827426,0
N465F,0.0678175,0.144502812,0
N465G,0.0339694,0.072175792,0
N465H,0.0323326,0.068678258,0
N465I,0.0439604,0.093524679,0
N465K,0.0427756,0.090992984,0
N465L,0.0424542,0.090306213,0
N465M,0.141536,0.302025375,1
N465P,0.0747989,0.15942075,0
N465Q,0.0205984,0.043604481,0
N465R,0.0712436,0.151823743,0
N465S,0.0304004,0.06454951,0
N465T,0.0527913,0.11239465,0
N465V,0.042039,0.089419008,0
N465W,0.0199636,0.042248033,0
N465Y,0.0415774,0.088432656,0
N466A,0.0671692,0.143117517,0
N466C,0.0647915,0.13803682,0
N466D,0.025412,0.053890238,0
N466E,0.0609396,0.129806034,0
N466F,0.0354262,0.075288699,0
N466G,0.0244678,0.051872661,0
N466H,0.0994789,0.212157266,0
N466I,0.0351392,0.074675434,0
N466K,0.0926793,0.1976278,0
N466L,0.0284426,0.06036606,0
N466M,0.0230008,0.048737958,0
N466P,0.0683587,0.145659255,0
N466Q,0.0537444,0.114431246,0
N466R,0.0466276,0.099223983,0
N466S,0.0662933,0.141245884,0
N466T,0.0278424,0.059083546,0
N466V,0.0606166,0.129115844,0
N466W,0.0435367,0.092619312,0
N466Y,0.0255917,0.054274223,0
N467A,0.083114,0.177188554,0
N467C,0.0239934,0.050858957,0
N467D,0.0259941,0.055134076,0
N467E,0.0599552,0.127702557,0
N467F,0.0583153,0.124198399,0
N467G,0.0415157,0.088300815,0
N467H,0.0328621,0.0698097,0
N467I,0.0272638,0.057847186,0
N467K,0.107402,0.22908744,1
N467L,0.0335943,0.071374274,0
N467M,0.0295994,0.062837924,0
N467P,0.0449178,0.095570462,0
N467Q,0.0942658,0.201017852,0
N467R,0.117652,0.250989761,1
N467S,0.0431794,0.091855829,0
N467T,0.0680879,0.145080606,0
N467V,0.0242956,0.051504702,0
N467W,0.00776394,0.016179655,0
N467Y,0.0287438,0.061009668,0
N468A,0.036883,0.078401607,0
N468C,0.0248901,0.052775036,0
N468D,0.0687939,0.146589195,0
N468E,0.0645246,0.137466504,0
N468F,0.0151487,0.031959497,0
N468G,0.0315809,0.067072017,0
N468H,0.0450817,0.095920686,0
N468I,0.0607736,0.129451323,0
N468K,0.0340204,0.072284769,0
N468L,0.0535641,0.114045978,0
N468M,0.0494015,0.105151286,0
N468P,0.0769087,0.163928996,0
N468Q,0.0638138,0.135947659,0
N468R,0.0648132,0.138083188,0
N468S,0.0931296,0.198590007,0
N468T,0.0524745,0.111717708,0
N468V,0.0610213,0.129980612,0
N468W,0.0179537,0.037953255,0
N468Y,0.0285912,0.06068359,0
G469A,0.0385214,0.081902559,0
G469C,0.0470095,0.100040032,0
G469D,0.0492821,0.10489615,0
G469E,0.0850725,0.1813735,0
G469F,0.0228224,0.04835675,0
G469H,0.0645254,0.137468214,0
G469I,0.0338632,0.071948862,0
G469K,0.0683801,0.145704982,0
G469L,0.0300607,0.063823635,0
G469M,0.0393819,0.083741286,0
G469N,0.0301091,0.063927057,0
G469P,0.0424029,0.090196594,0
G469Q,0.0898508,0.191583828,0
G469R,0.0720865,0.153624862,0
G469S,0.0497594,0.105916051,0
G469T,0.0308952,0.065606805,0
G469V,0.0551507,0.117436244,0
G469W,0.0273088,0.057943343,0
G469Y,0.0650127,0.138509482,0
S470A,0.0544913,0.11602723,0
S470C,0.0543475,0.115719957,0
S470D,0.0327278,0.069522726,0
S470E,0.0966654,0.206145346,0
S470F,0.0700389,0.149249526,0
S470G,0.0209999,0.044462411,0
S470H,0.0344037,0.073103809,0
S470I,0.021871,0.046323788,0
S470K,0.0443066,0.094264443,0
S470L,0.0431858,0.091869504,0
S470M,0.0266096,0.056449284,0
S470N,0.0224303,0.047518906,0
S470P,0.0616811,0.13139048,0
S470Q,0.0283493,0.060166696,0
S470R,0.0500332,0.10650111,0
S470T,0.0733092,0.156237542,0
S470V,0.0195677,0.041402069,0
S470W,0.0754495,0.16081096,0
S470Y,0.0915711,0.195259786,0
E471A,0.0624446,0.133021936,0
E471C,0.0689593,0.146942624,0
E471D,0.0795457,0.169563769,0
E471F,0.0215537,0.045645777,0
E471G,0.0607449,0.129389997,0
E471H,0.102292,0.218168331,1
E471I,0.0368262,0.078280236,0
E471K,0.0346032,0.073530103,0
E471L,0.0346039,0.073531599,0
E471M,0.0275638,0.05848823,0
E471N,0.0409412,0.087073216,0
E471P,0.0593744,0.126461496,0
E471Q,0.0561039,0.119473053,0
E471R,0.0377269,0.080204862,0
E471S,0.0453069,0.096401896,0
E471T,0.0311639,0.066180966,0
E471V,0.0248691,0.052730163,0
E471W,0.0387953,0.082487832,0
E471Y,0.0148622,0.031347301,0
I472A,0.0684227,0.145796011,0
I472C,0.0498595,0.106129945,0
I472D,0.0264497,0.056107608,0
I472E,0.0636834,0.135669018,0
I472F,0.0390803,0.083096823,0
I472G,0.017399,0.036767965,0
I472H,0.0617599,0.131558861,0
I472K,0.0469394,0.099890241,0
I472L,0.0370388,0.078734522,0
I472M,0.0543928,0.115816754,0
I472N,0.0951512,0.202909786,0
I472P,0.015596,0.032915293,0
I472Q,0.0900143,0.191933197,0
I472R,0.0502575,0.106980396,0
I472S,0.0457152,0.097274356,0
I472T,0.0573689,0.12217612,0
I472V,0.0237253,0.050286078,0
I472W,0.0298475,0.063368067,0
I472Y,0.0506507,0.107820591,0
F473A,0.0331917,0.070513993,0
F473C,0.0648076,0.138071222,0
F473D,0.0153394,0.032366987,0
F473E,0.00532447,0.010966967,0
F473G,0.00527587,0.010863118,0
F473H,0.038345,0.081525626,0
F473I,0.0933109,0.198977411,0
F473K,0.00946448,0.019813389,0
F473L,0.140194,0.299157773,1
F473M,0.0931147,0.198558168,0
F473N,0.0117509,0.024699038,0
F473P,0.00675972,0.014033826,0
F473Q,0.00919947,0.019247112,0
F473R,0.00597094,0.012348351,0
F473S,0.0112988,0.023732986,0
F473T,0.0201801,0.042710652,0
F473V,0.128993,0.275223344,1
F473W,0.039744,0.084515025,0
F473Y,0.119103,0.254090275,1
R474A,0.0244229,0.051776718,0
R474C,0.011675,0.024536854,0
R474D,0.0351152,0.074624151,0
R474E,0.0309152,0.065649541,0
R474F,0.014996,0.031633206,0
R474G,0.0525663,0.111913868,0
R474H,0.0276248,0.058618575,0
R474I,0.0472638,0.100583423,0
R474K,0.102766,0.21918118,1
R474L,0.0127994,0.026939485,0
R474M,0.0307721,0.065343763,0
R474N,0.011011,0.023118011,0
R474P,0.0126778,0.026679649,0
R474Q,0.0297976,0.06326144,0
R474S,0.0231921,0.04914673,0
R474T,0.0445005,0.094678771,0
R474V,0.0185431,0.039212692,0
R474W,0.0290183,0.061596223,0
R474Y,0.0290968,0.061763962,0
P475A,0.161492,0.344667592,1
P475C,0.0329858,0.070074024,0
P475D,0.0161023,0.033997161,0
P475E,0.0108793,0.022836593,0
P475F,0.0430041,0.091481246,0
P475G,0.132241,0.282163709,1
P475H,0.0466296,0.099228257,0
P475I,0.0141668,0.029861362,0
P475K,0.0109333,0.022951981,0
P475L,0.0837303,0.178505471,0
P475M,0.0419667,0.089264517,0
P475N,0.0159389,0.033648006,0
P475Q,0.0482419,0.102673439,0
P475R,0.00435462,0.00889458,0
P475S,0.0609377,0.129801974,0
P475T,0.027898,0.059202352,0
P475V,0.0176674,0.037341485,0
P475W,0.0268786,0.057024086,0
P475Y,0.0133739,0.028167084,0
G476A,0.0471988,0.10044453,0
G476C,0.0288149,0.061161595,0
G476D,0.0488075,0.103882019,0
G476E,0.0822854,0.175417992,0
G476F,0.0842207,0.179553364,0
G476H,0.0235479,0.049907007,0
G476I,0.0832353,0.17744775,0
G476K,0.00786687,0.016399597,0
G476L,0.141448,0.301837335,1
G476M,0.0314505,0.066793376,0
G476N,0.0375013,0.079722797,0
G476P,0.0165362,0.034924324,0
G476Q,0.0284333,0.060346188,0
G476R,0.0328232,0.069726578,0
G476S,0.0719386,0.153308827,0
G476T,0.029508,0.06264262,0
G476V,0.0494334,0.10521945,0
G476W,0.0203525,0.043079039,0
G476Y,0.0481696,0.102518947,0
G477A,0.0273729,0.058080313,0
G477C,0.0252183,0.053476338,0
G477D,0.0227522,0.048206746,0
G477E,0.0505753,0.107659475,0
G477F,0.0234888,0.049780722,0
G477H,0.0274411,0.058226043,0
G477I,0.0232509,0.049272374,0
G477K,0.0307367,0.06526812,0
G477L,0.0104807,0.02198486,0
G477M,0.0454319,0.096668997,0
G477N,0.0309591,0.065743347,0
G477P,0.0200084,0.042343762,0
G477Q,0.0325359,0.069112672,0
G477R,0.055574,0.118340757,0
G477S,0.0337329,0.071670436,0
G477T,0.0159271,0.033622792,0
G477V,0.0364891,0.077559917,0
G477W,0.0368958,0.078428958,0
G477Y,0.0251014,0.053226545,0
G478A,0.025216,0.053471423,0
G478C,0.0206142,0.043638242,0
G478D,0.0267713,0.056794807,0
G478E,0.0758654,0.16169966,0
G478F,0.0395123,0.084019926,0
G478H,0.0222747,0.047186419,0
G478I,0.0274039,0.058146554,0
G478K,0.0542298,0.115468454,0
G478L,0.0136365,0.028728211,0
G478M,0.025446,0.05396289,0
G478N,0.0324101,0.068843861,0
G478P,0.0259853,0.055115272,0
G478Q,0.070016,0.149200593,0
G478R,0.0402475,0.08559091,0
G478S,0.0391507,0.083247255,0
G478T,0.0314365,0.066763461,0
G478V,0.0420023,0.089340587,0
G478W,0.0390709,0.083076737,0
G478Y,0.033687,0.071572356,0
D479A,0.0422229,0.089811968,0
D479C,0.0305012,0.064764901,0
D479E,0.0604602,0.128781647,0
D479F,0.093578,0.199548153,0
D479G,0.0270744,0.057442474,0
D479H,0.0973613,0.207632353,0
D479I,0.0103085,0.021616901,0
D479K,0.0136814,0.028824153,0
D479L,0.0695468,0.148198001,0
D479M,0.0555189,0.118223018,0
D479N,0.0903312,0.192610353,0
D479P,0.0111639,0.02344473,0
D479Q,0.0433445,0.092208616,0
D479R,0.0299837,0.063659101,0
D479S,0.0431159,0.091720141,0
D479T,0.00959748,0.020097585,0
D479V,0.0157841,0.033317228,0
D479W,0.0584029,0.124385584,0
D479Y,0.108164,0.23071569,1
M480A,0.11651,0.248549522,1
M480C,0.0124599,0.026214038,0
M480D,0.133719,0.285321917,1
M480E,0.0164994,0.034845689,0
M480F,0.105904,0.225886496,1
M480G,0.00636728,0.013195255,0
M480H,0.0551363,0.117405474,0
M480I,0.0672957,0.143387824,0
M480K,0.00508425,0.010453662,0
M480L,0.0345554,0.073427964,0
M480N,0.0171456,0.036226497,0
M480P,0.0768324,0.163765957,0
M480Q,0.0482881,0.102772159,0
M480R,0.00262995,0.005209284,0
M480S,0.0220848,0.046780638,0
M480T,0.0744472,0.158669234,0
M480V,0.0315467,0.066998938,0
M480W,0.0182602,0.038608187,0
M480Y,0.0954393,0.203525401,0
R481A,0.062516,0.133174504,0
R481C,0.0232688,0.049310623,0
R481D,0.0291602,0.061899436,0
R481E,0.0324144,0.068853049,0
R481F,0.0224935,0.047653953,0
R481G,0.0468036,0.099600062,0
R481H,0.0780252,0.166314746,0
R481I,0.0428267,0.091102175,0
R481K,0.13685,0.292012275,1
R481L,0.0383357,0.081505753,0
R481M,0.0506881,0.107900508,0
R481N,0.0201473,0.042640565,0
R481P,0.0288508,0.061238307,0
R481Q,0.0524397,0.111643347,0
R481S,0.0283538,0.060176311,0
R481T,0.0458045,0.097465173,0
R481V,0.0441586,0.093948195,0
R481W,0.0470034,0.100026997,0
R481Y,0.0760102,0.16200907,0
D482A,0.0574903,0.122435529,0
D482C,0.064462,0.13733274,0
D482E,0.0696474,0.148412964,0
D482F,0.0592968,0.12629568,0
D482G,0.0753685,0.160637878,0
D482H,0.0283368,0.060139985,0
D482I,0.0342559,0.072787988,0
D482K,0.0149095,0.031448372,0
D482L,0.0488929,0.104064503,0
D482M,0.0458676,0.097600006,0
D482N,0.1129,0.240835631,1
D482P,0.00988303,0.020707752,0
D482Q,0.0841313,0.179362333,0
D482R,0.0162372,0.034285417,0
D482S,0.0659711,0.140557403,0
D482T,0.0260335,0.055218267,0
D482V,0.035008,0.074395085,0
D482W,0.0320563,0.068087857,0
D482Y,0.0382859,0.08139934,0
N483A,0.0903117,0.192568685,0
N483C,0.072664,0.154858871,0
N483D,0.0375739,0.07987793,0
N483E,0.0288087,0.061148347,0
N483F,0.0250721,0.053163936,0
N483G,0.0555436,0.118275797,0
N483H,0.0455925,0.097012169,0
N483I,0.0756703,0.161282768,0
N483K,0.0893837,0.190585723,0
N483L,0.0447111,0.095128783,0
N483M,0.0392392,0.083436363,0
N483P,0.0215958,0.045735737,0
N483Q,0.0670517,0.142866442,0
N483R,0.0267146,0.056673649,0
N483S,0.0674644,0.143748304,0
N483T,0.0268278,0.056915536,0
N483V,0.0375768,0.079884127,0
N483W,0.026662,0.056561253,0
N483Y,0.0211543,0.044792335,0
W484A,0.0425145,0.090435063,0
W484C,0.0435952,0.092744315,0
W484D,0.0334601,0.071087514,0
W484E,0.0321311,0.068247691,0
W484F,0.0795889,0.169656079,0
W484G,0.0389977,0.082920323,0
W484H,0.0597873,0.127343786,0
W484I,0.120378,0.25681471,1
W484K,0.0238188,0.05048587,0
W484L,0.0592973,0.126296748,0
W484M,0.0606467,0.129180162,0
W484N,0.0228306,0.048374272,0
W484P,0.0103243,0.021650662,0
W484Q,0.0209024,0.044254072,0
W484R,0.0279558,0.05932586,0
W484S,0.0183967,0.038899862,0
W484T,0.0484625,0.103144819,0
W484V,0.0826711,0.17624216,0
W484Y,0.0547444,0.116568057,0
R485A,0.0770498,0.1642305,0
R485C,0.071128,0.151576728,0
R485D,0.027014,0.057313411,0
R485E,0.0302482,0.064224288,0
R485F,0.0416233,0.088530736,0
R485G,0.0343276,0.072941198,0
R485H,0.0305178,0.064800372,0
R485I,0.0544372,0.115911629,0
R485K,0.0643966,0.137192993,0
R485L,0.0697207,0.148569592,0
R485M,0.0516375,0.109929197,0
R485N,0.0255944,0.054279993,0
R485P,0.0306076,0.064992258,0
R485Q,0.0388963,0.08270365,0
R485S,0.0373329,0.079362958,0
R485T,0.0578876,0.123284484,0
R485V,0.0421979,0.089758548,0
R485W,0.0458773,0.097620733,0
R485Y,0.062048,0.132174476,0
S486A,0.0336014,0.071389445,0
S486C,0.0577877,0.123071017,0
S486D,0.0196332,0.04154203,0
S486E,0.033222,0.070578739,0
S486F,0.0679174,0.14471628,0
S486G,0.0151127,0.031882572,0
S486H,0.0824676,0.175807319,0
S486I,0.0605209,0.128911351,0
S486K,0.0319403,0.067839987,0
S486L,0.0683787,0.145701991,0
S486M,0.0590827,0.125838188,0
S486N,0.113066,0.241190342,1
S486P,0.0673261,0.143452783,0
S486Q,0.020685,0.043789529,0
S486R,0.0163903,0.034612563,0
S486T,0.0602135,0.128254495,0
S486V,0.0337806,0.071772362,0
S486W,0.0153196,0.032324679,0
S486Y,0.0419917,0.089317937,0
E487A,0.0429653,0.091398337,0
E487C,0.0185122,0.039146664,0
E487D,0.0673597,0.14352458,0
E487F,0.0390308,0.082991051,0
E487G,0.0238511,0.050554889,0
E487H,0.0392778,0.083518844,0
E487I,0.0292895,0.062175726,0
E487K,0.108258,0.230916551,1
E487L,0.132686,0.28311459,1
E487M,0.063925,0.136185272,0
E487N,0.0423194,0.090018171,0
E487P,0.0157132,0.033165728,0
E487Q,0.0770061,0.164137121,0
E487R,0.00788375,0.016435666,0
E487S,0.0792388,0.168907981,0
E487T,0.0189596,0.040102674,0
E487V,0.0225667,0.047810368,0
E487W,0.0433271,0.092171436,0
E487Y,0.0388291,0.082560056,0
L488A,0.0402831,0.085666981,0
L488C,0.0629871,0.134181156,0
L488D,0.032164,0.068317992,0
L488E,0.0405658,0.086271057,0
L488F,0.0544173,0.115869106,0
L488G,0.0319225,0.067801952,0
L488H,0.0347094,0.073757033,0
L488I,0.0364177,0.077407348,0
L488K,0.0369417,0.078527038,0
L488M,0.0441193,0.093864218,0
L488N,0.0466077,0.099181461,0
L488P,0.0249745,0.052955383,0
L488Q,0.0271994,0.057709576,0
L488R,0.0203538,0.043081817,0
L488S,0.0374938,0.079706771,0
L488T,0.0482196,0.102625788,0
L488V,0.0877428,0.187079429,0
L488W,0.0426241,0.090669257,0
L488Y,0.0790033,0.168404762,0
Y489A,0.0333805,0.070917423,0
Y489C,0.0767503,0.163590525,0
Y489D,0.062898,0.133990766,0
Y489E,0.0390944,0.083126952,0
Y489F,0.0413113,0.087864051,0
Y489G,0.0601328,0.128082054,0
Y489H,0.0527421,0.112289519,0
Y489I,0.0455429,0.096906183,0
Y489K,0.0426244,0.090669898,0
Y489L,0.0459671,0.097812619,0
Y489M,0.0377216,0.080193537,0
Y489N,0.0618077,0.131661,0
Y489P,0.0262386,0.055656527,0
Y489Q,0.0393241,0.083617778,0
Y489R,0.0417011,0.08869698,0
Y489S,0.0380348,0.080862787,0
Y489T,0.0398005,0.084635755,0
Y489V,0.0493941,0.105135473,0
Y489W,0.0395278,0.084053047,0
K490A,0.0277251,0.058832898,0
K490C,0.0686944,0.146376582,0
K490D,0.0419357,0.089198276,0
K490E,0.0534685,0.113841699,0
K490F,0.0477606,0.101644991,0
K490G,0.0415791,0.088436289,0
K490H,0.0359572,0.076423346,0
K490I,0.0667429,0.142206594,0
K490L,0.0425893,0.090594896,0
K490M,0.0468376,0.099672714,0
K490N,0.0854232,0.18212288,0
K490P,0.0503054,0.10708275,0
K490Q,0.0261005,0.055361433,0
K490R,0.0537899,0.114528471,0
K490S,0.0704259,0.150076472,0
K490T,0.0503427,0.107162453,0
K490V,0.0342275,0.072727303,0
K490W,0.0411504,0.087520238,0
K490Y,0.0295656,0.0627657,0
Y491A,0.0252124,0.053463731,0
Y491C,0.0499111,0.106240205,0
Y491D,0.042827,0.091102816,0
Y491E,0.0406494,0.086449695,0
Y491F,0.0963771,0.205529303,0
Y491G,0.0269369,0.057148663,0
Y491H,0.06243,0.132990738,0
Y491I,0.0457981,0.097451498,0
Y491K,0.037774,0.080305506,0
Y491L,0.0291365,0.061848794,0
Y491M,0.0472952,0.100650519,0
Y491N,0.0521685,0.111063844,0
Y491P,0.0403266,0.085759932,0
Y491Q,0.0469072,0.099821436,0
Y491R,0.0265865,0.056399924,0
Y491S,0.0166646,0.03519869,0
Y491T,0.0346123,0.073549548,0
Y491V,0.0202887,0.04294271,0
Y491W,0.0452839,0.096352749,0
K492A,0.0245015,0.051944671,0
K492C,0.0398496,0.084740673,0
K492D,0.0306596,0.065103372,0
K492E,0.0485265,0.103281575,0
K492F,0.0354112,0.075256647,0
K492G,0.029819,0.063307168,0
K492H,0.0451146,0.095990987,0
K492I,0.0272524,0.057822827,0
K492L,0.0399291,0.084910549,0
K492M,0.0440271,0.093667204,0
K492N,0.0448403,0.095404859,0
K492P,0.0371407,0.078952263,0
K492Q,0.0406005,0.086345205,0
K492R,0.0679281,0.144739144,0
K492S,0.0324805,0.068994293,0
K492T,0.0353969,0.075226091,0
K492V,0.0306425,0.065066833,0
K492W,0.0458553,0.097573723,0
K492Y,0.0349136,0.07419337,0
V493A,0.0863647,0.184134688,0
V493C,0.0712773,0.151895754,0
V493D,0.0280621,0.059553003,0
V493E,0.0338628,0.071948008,0
V493F,0.0409175,0.087022574,0
V493G,0.0260277,0.055205873,0
V493H,0.0310051,0.06584164,0
V493I,0.0375975,0.079928359,0
V493K,0.0435507,0.092649227,0
V493L,0.0738227,0.157334795,0
V493M,0.0459462,0.09776796,0
V493N,0.0399173,0.084885335,0
V493P,0.0287515,0.061026121,0
V493Q,0.0309274,0.06567561,0
V493R,0.0256188,0.054332131,0
V493S,0.0539922,0.114960748,0
V493T,0.0641455,0.136656439,0
V493W,0.0418025,0.088913652,0
V493Y,0.0533295,0.113544682,0
V494A,0.0865736,0.184581068,0
V494C,0.0651091,0.138715471,0
V494D,0.0400917,0.085257995,0
V494E,0.0609511,0.129830607,0
V494F,0.0365191,0.077624021,0
V494G,0.021612,0.045770353,0
V494H,0.048866,0.104007023,0
V494I,0.0671681,0.143115167,0
V494K,0.0432276,0.091958823,0
V494L,0.0523585,0.111469838,0
V494M,0.0443944,0.094452055,0
V494N,0.0208104,0.044057485,0
V494P,0.0482091,0.102603351,0
V494Q,0.0450304,0.095811067,0
V494R,0.0319733,0.067910502,0
V494S,0.0288813,0.06130348,0
V494T,0.0428114,0.091069482,0
V494W,0.0329364,0.069968465,0
V494Y,0.0434701,0.092477,0
K495A,0.0464236,0.098788074,0
K495C,0.0374907,0.079700147,0
K495D,0.0343644,0.073019832,0
K495E,0.121888,0.260041296,1
K495F,0.034894,0.074151488,0
K495G,0.0415628,0.088401459,0
K495H,0.0456406,0.09711495,0
K495I,0.0645461,0.137512446,0
K495L,0.186789,0.39872252,1
K495M,0.0402007,0.085490907,0
K495N,0.0557035,0.118617474,0
K495P,0.00511987,0.010529775,0
K495Q,0.039814,0.084664602,0
K495R,0.0292106,0.062007132,0
K495S,0.0473677,0.100805438,0
K495T,0.00855783,0.017876048,0
K495V,0.0249199,0.052838713,0
K495W,0.0351,0.074591671,0
K495Y,0.0234732,0.049747387,0
I496A,0.0404438,0.086010366,0
I496C,0.0559545,0.119153813,0
I496D,0.0395915,0.084189162,0
I496E,0.0347245,0.073789298,0
I496F,0.102593,0.218811512,1
I496G,0.0227005,0.048096273,0
I496H,0.0562547,0.119795284,0
I496K,0.035722,0.075920768,0
I496L,0.0267017,0.056646084,0
I496M,0.0446394,0.094975574,0
I496N,0.0357439,0.075967564,0
I496P,0.0219498,0.046492168,0
I496Q,0.0421738,0.089707051,0
I496R,0.014732,0.031069088,0
I496S,0.0300873,0.063880475,0
I496T,0.0760205,0.16203108,0
I496V,0.0585164,0.124628112,0
I496W,0.041886,0.089092076,0
I496Y,0.0262798,0.055744564,0
E497A,0.0107896,0.022644921,0
E497C,0.0503589,0.107197069,0
E497D,0.0627108,0.133590755,0
E497F,0.0434555,0.092445802,0
E497G,0.0228953,0.048512524,0
E497H,0.0329837,0.070069536,0
E497I,0.0474594,0.101001383,0
E497K,0.0936788,0.199763544,0
E497L,0.113979,0.243141251,1
E497M,0.0590299,0.125725365,0
E497N,0.0154339,0.032568916,0
E497P,0.0257904,0.054698808,0
E497Q,0.0167752,0.035435022,0
E497R,0.0320556,0.068086361,0
E497S,0.0138762,0.029240404,0
E497T,0.0300859,0.063877483,0
E497V,0.030459,0.064674728,0
E497W,0.0429051,0.091269701,0
E497Y,0.163536,0.349035235,1
P498A,0.108573,0.231589647,1
P498C,0.0390638,0.083061566,0
P498D,0.0305927,0.064960419,0
P498E,0.0277102,0.058801059,0
P498F,0.0282725,0.060002588,0
P498G,0.0167837,0.035453185,0
P498H,0.0278408,0.059080127,0
P498I,0.0261134,0.055388998,0
P498K,0.0259797,0.055103306,0
P498L,0.0277066,0.058793367,0
P498M,0.0271823,0.057673036,0
P498N,0.0224306,0.047519547,0
P498Q,0.0533206,0.113525665,0
P498R,0.0178323,0.037693846,0
P498S,0.0745691,0.158929711,0
P498T,0.0472614,0.100578295,0
P498V,0.0137433,0.028956422,0
P498W,0.030733,0.065260214,0
P498Y,0.0342005,0.072669609,0
L499A,0.00312487,0.006266835,0
L499C,0.0453291,0.096449333,0
L499D,0.00761867,0.01586924,0
L499E,0.0124989,0.026297373,0
L499F,0.0571126,0.121628455,0
L499G,0.00532722,0.010972843,0
L499H,0.0142449,0.030028247,0
L499I,0.271114,0.578909178,1
L499K,0.0169713,0.035854051,0
L499M,0.0452777,0.096339501,0
L499N,0.00387059,0.007860299,0
L499P,0.00865226,0.018077828,0
L499Q,0.0281258,0.059689118,0
L499R,0.00289594,0.005777655,0
L499S,0.0113542,0.023851365,0
L499T,0.0856606,0.182630159,0
L499V,0.275307,0.58786883,1
L499W,0.0200171,0.042362352,0
L499Y,0.00671772,0.01394408,0
G500A,0.0584507,0.124487723,0
G500C,0.0775065,0.165206382,0
G500D,0.0234222,0.04963841,0
G500E,0.100719,0.214807126,1
G500F,0.0137012,0.028866462,0
G500H,0.0190053,0.040200326,0
G500I,0.0184698,0.039056063,0
G500K,0.0237828,0.050408944,0
G500L,0.0124151,0.026118309,0
G500M,0.0279335,0.059278209,0
G500N,0.0435855,0.092723588,0
G500P,0.016783,0.035451689,0
G500Q,0.0353075,0.07503506,0
G500R,0.0455568,0.096935885,0
G500S,0.112117,0.239162508,1
G500T,0.0124562,0.026206132,0
G500V,0.0298302,0.0633311,0
G500W,0.0382925,0.081413443,0
G500Y,0.027644,0.058659602,0
V501A,0.0369876,0.078625117,0
V501C,0.0483839,0.102976866,0
V501D,0.0214861,0.045501329,0
V501E,0.0388226,0.082546167,0
V501F,0.0431068,0.091700696,0
V501G,0.0119691,0.025165291,0
V501H,0.0143191,0.030186798,0
V501I,0.256854,0.548438241,1
V501K,0.0145168,0.030609246,0
V501L,0.0757815,0.161520382,0
V501M,0.0538105,0.114572489,0
V501N,0.00958621,0.020073503,0
V501P,0.0105016,0.022029519,0
V501Q,0.0164598,0.034761071,0
V501R,0.00667487,0.013852517,0
V501S,0.00704542,0.014644313,0
V501T,0.0601352,0.128087183,0
V501W,0.0367661,0.078151813,0
V501Y,0.031623,0.067161977,0
A502C,0.0409821,0.087160612,0
A502D,0.0350295,0.074441026,0
A502E,0.055181,0.11750099,0
A502F,0.0508284,0.108200302,0
A502G,0.0198376,0.041978794,0
A502H,0.0581899,0.123930443,0
A502I,0.0234793,0.049760422,0
A502K,0.0279557,0.059325647,0
A502L,0.0118678,0.024948832,0
A502M,0.0385035,0.08186431,0
A502N,0.0392905,0.083545981,0
A502P,0.0128456,0.027038206,0
A502Q,0.043393,0.092312252,0
A502R,0.0107717,0.022606672,0
A502S,0.0374828,0.079683266,0
A502T,0.0864517,0.184320591,0
A502V,0.0358411,0.076175262,0
A502W,0.0290634,0.061692593,0
A502Y,0.0238236,0.050496126,0
P503A,0.0236531,0.0501318,0
P503C,0.0464795,0.098907521,0
P503D,0.0351922,0.074788685,0
P503E,0.0370054,0.078663152,0
P503F,0.0261727,0.055515711,0
P503G,0.0146825,0.030963316,0
P503H,0.0467527,0.099491298,0
P503I,0.0222807,0.047199239,0
P503K,0.0363191,0.077196659,0
P503L,0.088442,0.188573488,0
P503M,0.0325685,0.069182332,0
P503N,0.0235783,0.049971966,0
P503Q,0.0278024,0.058998073,0
P503R,0.017086,0.036099143,0
P503S,0.0602017,0.128229281,0
P503T,0.043874,0.093340058,0
P503V,0.0317734,0.067483353,0
P503W,0.0420826,0.089512173,0
P503Y,0.0187217,0.039594326,0
T504A,0.031136,0.066121349,0
T504C,0.0431837,0.091865017,0
T504D,0.0237578,0.050355524,0
T504E,0.0202942,0.042954463,0
T504F,0.0187575,0.039670824,0
T504G,0.0233367,0.049455713,0
T504H,0.0371025,0.078870637,0
T504I,0.100792,0.214963114,1
T504K,0.0317346,0.067400445,0
T504L,0.0092583,0.019372821,0
T504M,0.0369968,0.078644776,0
T504N,0.083549,0.178118067,0
T504P,0.0132695,0.027944001,0
T504Q,0.0394137,0.083809236,0
T504R,0.113558,0.242241653,1
T504S,0.0443917,0.094446286,0
T504V,0.00746047,0.015531197,0
T504W,0.0349705,0.074314954,0
T504Y,0.0286746,0.060861801,0
K505A,0.0158159,0.033385178,0
K505C,0.0708479,0.150978207,0
K505D,0.0168565,0.035608745,0
K505E,0.0385694,0.082005126,0
K505F,0.0676298,0.144101733,0
K505G,0.0448997,0.095531786,0
K505H,0.0277488,0.05888354,0
K505I,0.0379026,0.0805803,0
K505L,0.0299608,0.063610168,0
K505M,0.0471624,0.10036675,0
K505N,0.048743,0.103744195,0
K505P,0.0642265,0.136829521,0
K505Q,0.0840443,0.17917643,0
K505R,0.112285,0.239521492,1
K505S,0.052139,0.111000808,0
K505T,0.043896,0.093387068,0
K505V,0.0572938,0.122015646,0
K505W,0.0288697,0.061278693,0
K505Y,0.0345756,0.073471127,0
A506C,0.0559247,0.119090136,0
A506D,0.0237284,0.050292702,0
A506E,0.0420185,0.089375204,0
A506F,0.0315108,0.066922226,0
A506G,0.113127,0.241320688,1
A506H,0.0275783,0.058519214,0
A506I,0.0222742,0.04718535,0
A506K,0.0200935,0.042525605,0
A506L,0.0234655,0.049730934,0
A506M,0.0342153,0.072701234,0
A506N,0.0202572,0.042875401,0
A506P,0.0166023,0.035065567,0
A506Q,0.0266571,0.056550783,0
A506R,0.0207376,0.043901925,0
A506S,0.0995577,0.212325647,0
A506T,0.0552312,0.117608257,0
A506V,0.042043,0.089427556,0
A506W,0.0536563,0.114242993,0
A506Y,0.0525763,0.111935236,0
K507A,0.0326388,0.06933255,0
K507C,0.0432025,0.091905189,0
K507D,0.00816007,0.01702611,0
K507E,0.0377357,0.080223666,0
K507F,0.0301824,0.064083685,0
K507G,0.0629514,0.134104872,0
K507H,0.0345395,0.073393988,0
K507I,0.0788648,0.168108813,0
K507L,0.0651724,0.138850731,0
K507M,0.0502038,0.10686565,0
K507N,0.0273497,0.058030739,0
K507P,0.0399486,0.084952217,0
K507Q,0.105801,0.225666404,1
K507R,0.0802468,0.171061887,0
K507S,0.0468224,0.099640234,0
K507T,0.071173,0.151672884,0
K507V,0.0526196,0.11202776,0
K507W,0.0437144,0.092999023,0
K507Y,0.0247762,0.052531653,0
R508A,0.0184051,0.038917811,0
R508C,0.071062,0.151435698,0
R508D,0.0366296,0.077860139,0
R508E,0.0134231,0.028272215,0
R508F,0.0222957,0.047231292,0
R508G,0.033028,0.070164197,0
R508H,0.0285959,0.060693633,0
R508I,0.0343724,0.073036927,0
R508K,0.112516,0.240015096,1
R508L,0.0127482,0.026830081,0
R508M,0.0575533,0.122570148,0
R508N,0.0286947,0.06090475,0
R508P,0.0320256,0.068022257,0
R508Q,0.036389,0.077346022,0
R508S,0.0211693,0.044824387,0
R508T,0.0258192,0.054760348,0
R508V,0.0143868,0.030331461,0
R508W,0.0246359,0.052231859,0
R508Y,0.0162721,0.034359992,0
R509A,0.0379483,0.080677952,0
R509C,0.0311502,0.066151692,0
R509D,0.0265372,0.056294579,0
R509E,0.0330711,0.070256294,0
R509F,0.0325798,0.069206478,0
R509G,0.0452922,0.096370485,0
R509H,0.0317866,0.067511559,0
R509I,0.0644289,0.137262012,0
R509K,0.0420474,0.089436958,0
R509L,0.0652326,0.138979367,0
R509M,0.0316222,0.067160267,0
R509N,0.0370654,0.078791361,0
R509P,0.0458799,0.097626289,0
R509Q,0.0608478,0.129609875,0
R509S,0.0626313,0.133420879,0
R509T,0.0274631,0.058273053,0
R509V,0.0834709,0.177951182,0
R509W,0.141886,0.302773259,1
R509Y,0.0309063,0.065630523,0
V510A,0.0501018,0.106647695,0
V510C,0.0299914,0.063675554,0
V510D,0.0489091,0.104099119,0
V510E,0.0229022,0.048527268,0
V510F,0.0985602,0.210194177,0
V510G,0.0319302,0.067818405,0
V510H,0.0521005,0.110918541,0
V510I,0.0330351,0.070179368,0
V510K,0.051544,0.109729405,0
V510L,0.0617849,0.131612281,0
V510M,0.0909849,0.194007186,0
V510N,0.062635,0.133428785,0
V510P,0.0309464,0.06571621,0
V510Q,0.0566503,0.120640607,0
V510R,0.0348778,0.074116872,0
V510S,0.0606636,0.129216274,0
V510T,0.022177,0.046977652,0
V510W,0.0436736,0.092911841,0
V510Y,0.0396587,0.084332755,0
V511A,0.0676841,0.144217761,0
V511C,0.0167253,0.035328395,0
V511D,0.0286949,0.060905178,0
V511E,0.0293917,0.062394108,0
V511F,0.0358611,0.076217999,0
V511G,0.0179407,0.037925476,0
V511H,0.0298514,0.063376401,0
V511I,0.0335715,0.071325554,0
V511K,0.0269792,0.05723905,0
V511L,0.0594756,0.126677742,0
V511M,0.0810939,0.172871981,0
V511N,0.0709186,0.151129279,0
V511P,0.0126729,0.026669179,0
V511Q,0.0581199,0.123780866,0
V511R,0.0143784,0.030313511,0
V511S,0.0351291,0.074653852,0
V511T,0.0622804,0.132671071,0
V511W,0.0469406,0.099892805,0
V511Y,0.0439002,0.093396043,0
Q512A,0.0521842,0.111097392,0
Q512C,0.0486761,0.103601242,0
Q512D,0.0241707,0.051237814,0
Q512E,0.0535995,0.114121622,0
Q512F,0.0273844,0.058104886,0
Q512G,0.0478175,0.101766576,0
Q512H,0.0572837,0.121994064,0
Q512I,0.0634779,0.135229904,0
Q512K,0.0579415,0.123399659,0
Q512L,0.0463245,0.098576316,0
Q512M,0.0387702,0.082434198,0
Q512N,0.0279881,0.059394879,0
Q512P,0.0483313,0.10286447,0
Q512R,0.0362599,0.077070159,0
Q512S,0.0311109,0.066067715,0
Q512T,0.110907,0.236576965,1
Q512V,0.046527,0.09900902,0
Q512W,0.0302966,0.064327709,0
Q512Y,0.0465379,0.099032311,0
R513A,0.0527081,0.112216868,0
R513C,0.0112153,0.023554562,0
R513D,0.0272385,0.057793125,0
R513E,0.0627031,0.133574302,0
R513F,0.04602,0.097925656,0
R513G,0.0285147,0.060520124,0
R513H,0.0249804,0.05296799,0
R513I,0.105453,0.224922794,1
R513K,0.0917143,0.195565777,0
R513L,0.0516224,0.109896931,0
R513M,0.0311266,0.066101263,0
R513N,0.0417831,0.088872198,0
R513P,0.0309514,0.065726894,0
R513Q,0.037168,0.079010598,0
R513S,0.0524588,0.11168416,0
R513T,0.0574931,0.122441512,0
R513V,0.067113,0.142997428,0
R513W,0.0776162,0.16544079,0
R513Y,0.060298,0.128435056,0
E514A,0.0741862,0.158111526,0
E514C,0.0350242,0.074429701,0
E514D,0.06384,0.136003643,0
E514F,0.0272895,0.057902102,0
E514G,0.0252015,0.053440439,0
E514H,0.0268321,0.056924725,0
E514I,0.0268565,0.056976863,0
E514K,0.156495,0.333989943,1
E514L,0.041977,0.089286526,0
E514M,0.0635618,0.135409182,0
E514N,0.0293934,0.062397741,0
E514P,0.042344,0.090070736,0
E514Q,0.0296272,0.062897327,0
E514R,0.0414895,0.08824483,0
E514S,0.0283764,0.060224603,0
E514T,0.042507,0.090419036,0
E514V,0.0340758,0.072403149,0
E514W,0.0363978,0.077364826,0
E514Y,0.0706143,0.150479047,0
K515A,0.0550188,0.117154399,0
K515C,0.0704273,0.150079464,0
K515D,0.00932501,0.019515368,0
K515E,0.0537514,0.114446203,0
K515F,0.00700044,0.014548199,0
K515G,0.071951,0.153335324,0
K515H,0.0524605,0.111687793,0
K515I,0.0541322,0.115259901,0
K515L,0.0759866,0.161958642,0
K515M,0.0373972,0.079500355,0
K515N,0.0503201,0.107114161,0
K515P,0.0277124,0.05880576,0
K515Q,0.0500261,0.106485938,0
K515R,0.082439,0.175746206,0
K515S,0.0804746,0.171548653,0
K515T,0.0613382,0.130657767,0
K515V,0.0405695,0.086278964,0
K515W,0.0104283,0.021872891,0
K515Y,0.0187727,0.039703304,0
R516A,0.0147084,0.031018659,0
R516C,0.0222764,0.047190051,0
R516D,0.0468166,0.099627841,0
R516E,0.0211014,0.044679297,0
R516F,0.0145467,0.030673137,0
R516G,0.0356508,0.075768627,0
R516H,0.0700915,0.149361922,0
R516I,0.00951986,0.019931726,0
R516K,0.176021,0.375713331,1
R516L,0.0157714,0.03329009,0
R516M,0.0430126,0.091499408,0
R516N,0.0170049,0.035925848,0
R516P,0.01293,0.027218553,0
R516Q,0.0186202,0.03937744,0
R516S,0.015863,0.033485822,0
R516T,0.0147729,0.031156484,0
R516V,0.0123223,0.025920013,0
R516W,0.0371852,0.079047351,0
R516Y,0.071231,0.151796819,0
A517C,0.0180099,0.038073343,0
A517D,0.0435096,0.092561404,0
A517E,0.0454148,0.096632458,0
A517F,0.0971931,0.207272942,0
A517G,0.0321102,0.068203031,0
A517H,0.0710247,0.151355995,0
A517I,0.0603221,0.128486553,0
A517K,0.0318435,0.067633144,0
A517L,0.0252705,0.053587879,0
A517M,0.0834507,0.177908019,0
A517N,0.0540276,0.115036391,0
A517P,0.0138575,0.029200446,0
A517Q,0.02257,0.047817419,0
A517R,0.0046238,0.009469767,0
A517S,0.0680137,0.144922055,0
A517T,0.0335718,0.071326195,0
A517V,0.0610399,0.130020356,0
A517W,0.0541423,0.115281483,0
A517Y,0.0870452,0.185588789,0
V518A,0.121115,0.25838954,1
V518C,0.0271857,0.057680301,0
V518D,0.0182756,0.038641094,0
V518E,0.0454759,0.096763017,0
V518F,0.0624573,0.133049073,0
V518G,0.0832782,0.177539419,0
V518H,0.0173384,0.036638474,0
V518I,0.0676639,0.144174598,0
V518K,0.0223635,0.047376167,0
V518L,0.0427522,0.090942983,0
V518M,0.103878,0.221557315,1
V518N,0.0275232,0.058401475,0
V518P,0.0757582,0.161470594,0
V518Q,0.0272885,0.057899966,0
V518R,0.0072026,0.014980177,0
V518S,0.0287681,0.061061592,0
V518T,0.0363293,0.077218454,0
V518W,0.033453,0.071072342,0
V518Y,0.0459202,0.097712403,0
G519A,0.0431375,0.091766296,0
G519C,0.0302219,0.064168089,0
G519D,0.043208,0.091916942,0
G519E,0.0719015,0.153229552,0
G519F,0.058317,0.124202031,0
G519H,0.029714,0.063082803,0
G519I,0.0531185,0.113093815,0
G519K,0.0393995,0.083778894,0
G519L,0.0472749,0.100607142,0
G519M,0.0502264,0.106913942,0
G519N,0.0293815,0.062372313,0
G519P,0.034478,0.073262574,0
G519Q,0.0546282,0.11631976,0
G519R,0.0328308,0.069742818,0
G519S,0.0214427,0.045408591,0
G519T,0.0489057,0.104091854,0
G519V,0.0430383,0.091554325,0
G519W,0.0416482,0.088583942,0
G519Y,0.0729954,0.15556701,0
I520A,0.0335557,0.071291793,0
I520C,0.0124226,0.026134335,0
I520D,0.0093027,0.019467696,0
I520E,0.0293981,0.062407784,0
I520F,0.159824,0.341103389,1
I520G,0.00500844,0.01029167,0
I520H,0.0095655,0.02002925,0
I520K,0.065951,0.140514453,0
I520L,0.120346,0.256746332,1
I520M,0.142897,0.304933576,1
I520N,0.0126731,0.026669606,0
I520P,0.0644497,0.137306457,0
I520Q,0.0219304,0.046450714,0
I520R,0.00574785,0.01187165,0
I520S,0.00947778,0.019841809,0
I520T,0.0169063,0.035715158,0
I520V,0.0500967,0.106636797,0
I520W,0.0234769,0.049755294,0
I520Y,0.138886,0.296362823,1
G521A,0.0866254,0.184691755,0
G521C,0.0106704,0.022390213,0
G521D,0.0153478,0.032384937,0
G521E,0.0658168,0.140227693,0
G521F,0.0341072,0.072470244,0
G521H,0.0338332,0.071884758,0
G521I,0.0410584,0.087323651,0
G521K,0.021166,0.044817335,0
G521L,0.0258555,0.054837914,0
G521M,0.0648272,0.138113104,0
G521N,0.0181545,0.038382326,0
G521P,0.00918586,0.01921803,0
G521Q,0.17428,0.371993141,1
G521R,0.0331957,0.07052254,0
G521S,0.0456039,0.097036529,0
G521T,0.0418809,0.089081179,0
G521V,0.0559856,0.119220268,0
G521W,0.037215,0.079111028,0
G521Y,0.0216677,0.045889374,0
A522C,0.0285105,0.06051115,0
A522D,0.0565494,0.120425003,0
A522E,0.0316421,0.06720279,0
A522F,0.0245926,0.052139335,0
A522G,0.0541575,0.115313963,0
A522H,0.0280623,0.059553431,0
A522I,0.0562225,0.119726479,0
A522K,0.0145527,0.030685958,0
A522L,0.0514607,0.109551408,0
A522M,0.0456506,0.097136318,0
A522N,0.014368,0.030291288,0
A522P,0.033468,0.071104394,0
A522Q,0.067459,0.143736765,0
A522R,0.00928316,0.019425942,0
A522S,0.0590542,0.125777289,0
A522T,0.0704913,0.15021622,0
A522V,0.0743695,0.158503203,0
A522W,0.0422019,0.089767095,0
A522Y,0.0347842,0.073916866,0
L523A,0.137476,0.293349919,1
L523C,0.038572,0.082010682,0
L523D,0.0153173,0.032319764,0
L523E,0.0277548,0.058896361,0
L523F,0.0965658,0.20593252,0
L523G,0.0130991,0.027579888,0
L523H,0.0198485,0.042002086,0
L523I,0.119003,0.253876594,1
L523K,0.0240922,0.051070074,0
L523M,0.0811846,0.17306579,0
L523N,0.0181775,0.038431473,0
L523P,0.00856958,0.017901156,0
L523Q,0.0263811,0.055961023,0
L523R,0.00856573,0.017892929,0
L523S,0.0130859,0.027551682,0
L523T,0.0176069,0.037212208,0
L523V,0.0486227,0.103487137,0
L523W,0.0610536,0.130049631,0
L523Y,0.0278343,0.059066238,0
F524A,0.105635,0.225311693,1
F524C,0.0106917,0.022435727,0
F524D,0.0147439,0.031094516,0
F524E,0.0169011,0.035704046,0
F524G,0.0114478,0.024051371,0
F524H,0.0223945,0.047442409,0
F524I,0.0829849,0.176912692,0
F524K,0.0289293,0.061406046,0
F524L,0.0910101,0.194061034,0
F524M,0.0412969,0.08783328,0
F524N,0.0230387,0.048818943,0
F524P,0.00797939,0.016640031,0
F524Q,0.0190209,0.04023366,0
F524R,0.0080408,0.016771253,0
F524S,0.0345892,0.073500188,0
F524T,0.0824636,0.175798772,0
F524V,0.0806954,0.172020461,0
F524W,0.0260923,0.055343911,0
F524Y,0.0163195,0.034461277,0
L525A,0.0128312,0.027007436,0
L525C,0.0171507,0.036237395,0
L525D,0.0188322,0.039830444,0
L525E,0.0224527,0.047566771,0
L525F,0.140403,0.299604367,1
L525G,0.0228481,0.048411666,0
L525H,0.0349737,0.074321792,0
L525I,0.174979,0.373486773,1
L525K,0.02202,0.046642173,0
L525M,0.0344477,0.073197829,0
L525N,0.0191032,0.04040952,0
L525P,0.0352073,0.074820951,0
L525Q,0.0249662,0.052937648,0
L525R,0.0221922,0.047010132,0
L525S,0.0363951,0.077359056,0
L525T,0.0486218,0.103485213,0
L525V,0.0243138,0.051543592,0
L525W,0.0518522,0.11038797,0
L525Y,0.0208132,0.044063468,0
G526A,0.0957369,0.204161316,0
G526C,0.0106343,0.022313074,0
G526D,0.0123749,0.026032409,0
G526E,0.0775165,0.16522775,0
G526F,0.0417799,0.088865361,0
G526H,0.00882049,0.018437303,0
G526I,0.0240808,0.051045714,0
G526K,0.0238058,0.050458091,0
G526L,0.0329419,0.069980218,0
G526M,0.0485898,0.103416835,0
G526N,0.0136024,0.028655345,0
G526P,0.0121513,0.025554618,0
G526Q,0.0152222,0.032116553,0
G526R,0.0271956,0.057701456,0
G526S,0.140454,0.299713344,1
G526T,0.110764,0.236271401,1
G526V,0.0626461,0.133452503,0
G526W,0.0350644,0.074515601,0
G526Y,0.0268987,0.057067036,0
F527A,0.0634715,0.135216228,0
F527C,0.0578101,0.123118881,0
F527D,0.0242703,0.05145064,0
F527E,0.0309099,0.065638216,0
F527G,0.018742,0.039637703,0
F527H,0.0306288,0.065037558,0
F527I,0.0565522,0.120430986,0
F527K,0.0298932,0.063465719,0
F527L,0.0573193,0.122070134,0
F527M,0.0424186,0.090230142,0
F527N,0.019707,0.041699727,0
F527P,0.0205586,0.043519436,0
F527Q,0.0181642,0.038403054,0
F527R,0.0139331,0.029361989,0
F527S,0.0290557,0.06167614,0
F527T,0.0289919,0.061539811,0
F527V,0.0414919,0.088249959,0
F527W,0.0338709,0.071965316,0
F527Y,0.028411,0.060298537,0
L528A,0.0179208,0.037882954,0
L528C,0.0321435,0.068274187,0
L528D,0.0361209,0.076773142,0
L528E,0.0248568,0.05270388,0
L528F,0.0338846,0.07199459,0
L528G,0.0264374,0.056081325,0
L528H,0.047118,0.100271876,0
L528I,0.0473068,0.100675306,0
L528K,0.0251017,0.053227186,0
L528M,0.0436548,0.092871669,0
L528N,0.0193049,0.040840515,0
L528P,0.0163243,0.034471533,0
L528Q,0.0371576,0.078988375,0
L528R,0.015741,0.033225131,0
L528S,0.0277646,0.058917302,0
L528T,0.0202399,0.042838434,0
L528V,0.021355,0.045221193,0
L528W,0.0436755,0.092915901,0
L528Y,0.0227372,0.048174694,0
G529A,0.166407,0.355170022,1
G529C,0.021892,0.046368661,0
G529D,0.018863,0.039896258,0
G529E,0.0557179,0.118648244,0
G529F,0.0244068,0.051742315,0
G529H,0.0244583,0.051852361,0
G529I,0.0638011,0.135920521,0
G529K,0.0337437,0.071693513,0
G529L,0.0115835,0.024341336,0
G529M,0.0423457,0.090074369,0
G529N,0.00803166,0.016751722,0
G529P,0.00165548,0.003127025,0
G529Q,0.0220069,0.04661418,0
G529R,0.0358334,0.076158809,0
G529S,0.163109,0.348122816,1
G529T,0.0793825,0.169215041,0
G529V,0.0930961,0.198518424,0
G529W,0.0396988,0.084418441,0
G529Y,0.0215237,0.045581673,0
A530C,0.0336637,0.071522568,0
A530D,0.0185422,0.039210768,0
A530E,0.032806,0.069689825,0
A530F,0.0306694,0.065124313,0
A530G,0.00886948,0.018541986,0
A530H,0.0231919,0.049146302,0
A530I,0.0198623,0.042031574,0
A530K,0.0228886,0.048498207,0
A530L,0.103167,0.220038042,1
A530M,0.0608796,0.129677825,0
A530N,0.0220524,0.046711405,0
A530P,0.0151186,0.031895179,0
A530Q,0.0356322,0.075728882,0
A530R,0.0133085,0.028027336,0
A530S,0.0700387,0.149249099,0
A530T,0.0412263,0.087682422,0
A530V,0.0507977,0.108134702,0
A530W,0.0776395,0.165490578,0
A530Y,0.0201079,0.042556375,0
A531C,0.0226609,0.048011655,0
A531D,0.0356394,0.075744268,0
A531E,0.0450777,0.095912139,0
A531F,0.0221472,0.046913975,0
A531G,0.021276,0.045052385,0
A531H,0.0180425,0.038143004,0
A531I,0.0131593,0.027708524,0
A531K,0.025877,0.054883856,0
A531L,0.00920954,0.01926863,0
A531M,0.024643,0.05224703,0
A531N,0.014708,0.031017804,0
A531P,0.0333405,0.070831951,0
A531Q,0.0179375,0.037918638,0
A531R,0.0114173,0.023986198,0
A531S,0.022804,0.048317433,0
A531T,0.0559366,0.119115565,0
A531V,0.0489744,0.104238653,0
A531W,0.0400194,0.085103503,0
A531Y,0.023268,0.049308914,0
G532A,0.0359012,0.076303685,0
G532C,0.0266523,0.056540526,0
G532D,0.0175987,0.037194686,0
G532E,0.0622584,0.132624062,0
G532F,0.0138266,0.029134419,0
G532H,0.0192689,0.04076359,0
G532I,0.0195958,0.041462113,0
G532K,0.0217696,0.046107115,0
G532L,0.0151772,0.032020397,0
G532M,0.0216949,0.045947495,0
G532N,0.0274523,0.058249975,0
G532P,0.0176628,0.037331656,0
G532Q,0.0278573,0.059115384,0
G532R,0.0565491,0.120424362,0
G532S,0.0152859,0.032252668,0
G532T,0.0191033,0.040409733,0
G532V,0.0325054,0.069047499,0
G532W,0.0385901,0.082049358,0
G532Y,0.0188616,0.039893266,0
S533A,0.0156428,0.033015296,0
S533C,0.0377739,0.080305292,0
S533D,0.0220095,0.046619736,0
S533E,0.0220196,0.046641318,0
S533F,0.0204816,0.043354901,0
S533G,0.0484741,0.103169606,0
S533H,0.0196315,0.041538398,0
S533I,0.0477255,0.101569989,0
S533K,0.0205521,0.043505546,0
S533L,0.243874,0.520702423,1
S533M,0.0279817,0.059381204,0
S533N,0.0585433,0.124685592,0
S533P,0.0124855,0.02626874,0
S533Q,0.0210345,0.044536344,0
S533R,0.0254948,0.054067166,0
S533T,0.0231647,0.049088181,0
S533V,0.0307746,0.065349105,0
S533W,0.0371488,0.078969571,0
S533Y,0.0159524,0.033676853,0
T534A,0.0375474,0.079821304,0
T534C,0.0325843,0.069216094,0
T534D,0.029309,0.062217394,0
T534E,0.0240789,0.051041654,0
T534F,0.0261399,0.055445624,0
T534G,0.013065,0.027507023,0
T534H,0.0290473,0.06165819,0
T534I,0.0592767,0.12625273,0
T534K,0.0218327,0.046241948,0
T534L,0.0252714,0.053589803,0
T534M,0.0365273,0.077641543,0
T534N,0.0579747,0.123470601,0
T534P,0.0202168,0.042789073,0
T534Q,0.0147158,0.031034472,0
T534R,0.0118229,0.024852889,0
T534S,0.0189867,0.040160581,0
T534V,0.0627441,0.133661911,0
T534W,0.0426877,0.090805158,0
T534Y,0.0169556,0.035820503,0
M535A,0.0255073,0.054093876,0
M535C,0.0264579,0.05612513,0
M535D,0.0267697,0.056791388,0
M535E,0.0292394,0.062068672,0
M535F,0.0257889,0.054695603,0
M535G,0.0175189,0.037024169,0
M535H,0.0186764,0.039497529,0
M535I,0.0450434,0.095838846,0
M535K,0.0377915,0.0803429,0
M535L,0.0221621,0.046945814,0
M535N,0.029718,0.06309135,0
M535P,0.0190028,0.040194984,0
M535Q,0.0239253,0.05071344,0
M535R,0.0099142,0.020774356,0
M535S,0.0141893,0.02990944,0
M535T,0.02722,0.057753594,0
M535V,0.097186,0.20725777,0
M535W,0.0352992,0.075017324,0
M535Y,0.0236057,0.050030515,0
G536A,0.0379794,0.080744407,0
G536C,0.0383912,0.081624346,0
G536D,0.0844968,0.180143338,0
G536E,0.0434528,0.092440033,0
G536F,0.0423386,0.090059197,0
G536H,0.0306253,0.065030079,0
G536I,0.0323087,0.068627188,0
G536K,0.0405108,0.086153533,0
G536L,0.0241881,0.051274994,0
G536M,0.0429401,0.09134449,0
G536N,0.0418232,0.088957885,0
G536P,0.0116295,0.024439629,0
G536Q,0.0474887,0.101063992,0
G536R,0.0216729,0.045900485,0
G536S,0.0501428,0.106735304,0
G536T,0.0263262,0.055843712,0
G536V,0.0873794,0.186302911,0
G536W,0.0440938,0.093809729,0
G536Y,0.0398557,0.084753707,0
A537C,0.0276887,0.058755118,0
A537D,0.0204456,0.043277976,0
A537E,0.0444331,0.09453475,0
A537F,0.0319047,0.067763916,0
A537G,0.0166711,0.03521258,0
A537H,0.0230218,0.048782831,0
A537I,0.0193267,0.040887097,0
A537K,0.025757,0.054627438,0
A537L,0.021676,0.045907109,0
A537M,0.0379109,0.080598036,0
A537N,0.0175782,0.037150882,0
A537P,0.0188455,0.039858863,0
A537Q,0.0316784,0.067280356,0
A537R,0.0128923,0.027137995,0
A537S,0.0649666,0.138410975,0
A537T,0.0414099,0.08807474,0
A537V,0.201758,0.430708457,1
A537W,0.029544,0.062719545,0
A537Y,0.0160193,0.033819806,0
R538A,0.0218598,0.046299855,0
R538C,0.0245729,0.052097239,0
R538D,0.0528178,0.112451276,0
R538E,0.0373569,0.079414242,0
R538F,0.0217313,0.046025275,0
R538G,0.019715,0.041716821,0
R538H,0.0249247,0.05284897,0
R538I,0.0268517,0.056966606,0
R538K,0.0208876,0.044222447,0
R538L,0.038742,0.08237394,0
R538M,0.0272442,0.057805305,0
R538N,0.0154358,0.032572976,0
R538P,0.0353694,0.075167328,0
R538Q,0.00806284,0.016818348,0
R538S,0.0395853,0.084175913,0
R538T,0.100378,0.214078474,1
R538V,0.0800592,0.170661021,0
R538W,0.0295103,0.062647534,0
R538Y,0.0249273,0.052854526,0
S539A,0.0791894,0.168802423,0
S539C,0.0478892,0.101919785,0
S539D,0.0472007,0.10044859,0
S539E,0.043026,0.091528042,0
S539F,0.0292517,0.062094955,0
S539G,0.0457447,0.097337392,0
S539H,0.0257375,0.054585771,0
S539I,0.0306086,0.064994395,0
S539K,0.0334714,0.071111659,0
S539L,0.0487249,0.103705519,0
S539M,0.0455861,0.096998494,0
S539N,0.021192,0.044872892,0
S539P,0.042822,0.091092132,0
S539Q,0.0245966,0.052147882,0
S539R,0.0363163,0.077190675,0
S539T,0.0580259,0.123580005,0
S539V,0.0518489,0.110380919,0
S539W,0.0472736,0.100604364,0
S539Y,0.0367798,0.078181088,0
M540A,0.0471315,0.100300723,0
M540C,0.0449174,0.095569608,0
M540D,0.0416475,0.088582447,0
M540E,0.0455848,0.096995716,0
M540F,0.0553281,0.117815315,0
M540G,0.04135,0.087946745,0
M540H,0.040503,0.086136866,0
M540I,0.0804286,0.17145036,0
M540K,0.0380549,0.080905736,0
M540L,0.0541766,0.115354776,0
M540N,0.037171,0.079017009,0
M540P,0.0394565,0.083900692,0
M540Q,0.0396562,0.084327413,0
M540R,0.0428988,0.091256239,0
M540S,0.0436093,0.092774444,0
M540T,0.0494333,0.105219236,0
M540V,0.0495933,0.105561126,0
M540W,0.0451176,0.095997397,0
M540Y,0.037584,0.079899512,0
T541A,0.0917319,0.195603385,0
T541C,0.024705,0.052379512,0
T541D,0.0245051,0.051952364,0
T541E,0.0222462,0.047125519,0
T541F,0.0407044,0.086567219,0
T541G,0.0260447,0.055242199,0
T541H,0.0241318,0.051154692,0
T541I,0.0201831,0.042717063,0
T541K,0.0586501,0.124913803,0
T541L,0.01336,0.028137382,0
T541M,0.141523,0.301997596,1
T541N,0.01661,0.035082021,0
T541P,0.0249209,0.05284085,0
T541Q,0.0768875,0.163883695,0
T541R,0.0200922,0.042522827,0
T541S,0.0604397,0.128737842,0
T541V,0.0180142,0.038082532,0
T541W,0.0866743,0.184796245,0
T541Y,0.0396932,0.084406475,0
L542A,0.0339446,0.072122799,0
L542C,0.0397965,0.084627208,0
L542D,0.0390761,0.083087849,0
L542E,0.0407877,0.086745216,0
L542F,0.0340077,0.072257632,0
L542G,0.0210712,0.044614765,0
L542H,0.0244343,0.051801077,0
L542I,0.0206692,0.043755767,0
L542K,0.0402954,0.085693263,0
L542M,0.147954,0.315739433,1
L542N,0.0257514,0.054615472,0
L542P,0.0561785,0.119632459,0
L542Q,0.0417815,0.088868779,0
L542R,0.0229602,0.048651203,0
L542S,0.0141559,0.029838071,0
L542T,0.02169,0.045937025,0
L542V,0.0245378,0.052022237,0
L542W,0.0271431,0.057589273,0
L542Y,0.0229512,0.048631972,0
T543A,0.0770436,0.164217252,0
T543C,0.0466311,0.099231462,0
T543D,0.0403109,0.085726384,0
T543E,0.0462631,0.098445115,0
T543F,0.0503467,0.107171,0
T543G,0.0421802,0.089720726,0
T543H,0.0458644,0.097593168,0
T543I,0.0425332,0.090475021,0
T543K,0.0502404,0.106943857,0
T543L,0.0422282,0.089823293,0
T543M,0.0432147,0.091931258,0
T543N,0.0382253,0.081269849,0
T543P,0.0461562,0.09821669,0
T543Q,0.0490617,0.104425197,0
T543R,0.0327773,0.069628498,0
T543S,0.0367978,0.07821955,0
T543V,0.0503016,0.10707463,0
T543W,0.0465445,0.099046414,0
T543Y,0.0466929,0.099363517,0
V544A,0.0661537,0.140947585,0
V544C,0.0429777,0.091424834,0
V544D,0.0383882,0.081617936,0
V544E,0.0647213,0.137886815,0
V544F,0.0341039,0.072463193,0
V544G,0.0352133,0.074833772,0
V544H,0.0431655,0.091826127,0
V544I,0.0594544,0.126632441,0
V544K,0.040571,0.086282169,0
V544L,0.0778739,0.165991447,0
V544M,0.0389405,0.082798097,0
V544N,0.0444866,0.094649069,0
V544P,0.0430132,0.091500691,0
V544Q,0.0412262,0.087682208,0
V544R,0.035229,0.07486732,0
V544S,0.0144346,0.0304336,0
V544T,0.0392198,0.083394909,0
V544W,0.0447568,0.095226436,0
V544Y,0.0337407,0.071687103,0
Q545A,0.0244913,0.051922876,0
Q545C,0.0445629,0.094812108,0
Q545D,0.0461448,0.09819233,0
Q545E,0.0526771,0.112150626,0
Q545F,0.035299,0.075016897,0
Q545G,0.0158698,0.033500352,0
Q545H,0.053706,0.114349192,0
Q545I,0.0412677,0.087770886,0
Q545K,0.0484334,0.103082638,0
Q545L,0.0485698,0.103374099,0
Q545M,0.0446354,0.094967027,0
Q545N,0.0368272,0.078282373,0
Q545P,0.0285534,0.060602819,0
Q545R,0.035515,0.075478448,0
Q545S,0.0340418,0.072330497,0
Q545T,0.0331414,0.070406512,0
Q545V,0.0321739,0.068339146,0
Q545W,0.0479675,0.102087097,0
Q545Y,0.0397375,0.084501136,0
A546C,0.0438506,0.093290057,0
A546D,0.0441768,0.093987085,0
A546E,0.0414965,0.088259788,0
A546F,0.0398111,0.084658405,0
A546G,0.0196087,0.041489678,0
A546H,0.0454176,0.096638441,0
A546I,0.0396786,0.084375278,0
A546K,0.0423567,0.090097874,0
A546L,0.0551992,0.117539879,0
A546M,0.0468891,0.09978276,0
A546N,0.0362225,0.076990243,0
A546P,0.0398257,0.084689603,0
A546Q,0.0287414,0.06100454,0
A546R,0.0243083,0.051531839,0
A546S,0.0402543,0.08560544,0
A546T,0.0544908,0.116026162,0
A546V,0.156773,0.334583977,1
A546W,0.0373219,0.079339453,0
A546Y,0.0400259,0.085117393,0
R547A,0.028536,0.060565638,0
R547C,0.0572623,0.121948336,0
R547D,0.0352118,0.074830567,0
R547E,0.0348033,0.073957679,0
R547F,0.0196386,0.041553569,0
R547G,0.0710172,0.151339969,0
R547H,0.0321257,0.068236152,0
R547I,0.0473192,0.100701802,0
R547K,0.163479,0.348913437,1
R547L,0.00977796,0.020483237,0
R547M,0.0392515,0.083462646,0
R547N,0.02046,0.043308746,0
R547P,0.0216448,0.045840441,0
R547Q,0.0438164,0.093216978,0
R547S,0.0469195,0.099847719,0
R547T,0.0271384,0.05757923,0
R547V,0.0301594,0.064034539,0
R547W,0.0448909,0.095512982,0
R547Y,0.0257843,0.054685773,0
Q548A,0.0452192,0.096214497,0
Q548C,0.044024,0.09366058,0
Q548D,0.0422022,0.089767736,0
Q548E,0.0260464,0.055245832,0
Q548F,0.0524611,0.111689075,0
Q548G,0.0604772,0.128817972,0
Q548H,0.0430772,0.091637447,0
Q548I,0.0559901,0.119229884,0
Q548K,0.0533607,0.113611351,0
Q548L,0.0889121,0.189578003,0
Q548M,0.0487446,0.103747614,0
Q548N,0.0376294,0.079996523,0
Q548P,0.0408297,0.086834962,0
Q548R,0.070025,0.149219824,0
Q548S,0.0353673,0.075162841,0
Q548T,0.0211046,0.044686135,0
Q548V,0.0412163,0.087661053,0
Q548W,0.0450778,0.095912352,0
Q548Y,0.0347389,0.073820068,0
L549A,0.0634724,0.135218151,0
L549C,0.0457606,0.097371367,0
L549D,0.0477048,0.101525757,0
L549E,0.0411752,0.08757323,0
L549F,0.0487795,0.103822189,0
L549G,0.0570101,0.121409432,0
L549H,0.0471784,0.100400939,0
L549I,0.0550923,0.117311454,0
L549K,0.0365637,0.077719323,0
L549M,0.0477804,0.1016873,0
L549N,0.0397593,0.084547719,0
L549P,0.0392223,0.083400251,0
L549Q,0.0387117,0.082309195,0
L549R,0.0443292,0.094312735,0
L549S,0.047495,0.101077454,0
L549T,0.040527,0.086188149,0
L549V,0.0411143,0.087443099,0
L549W,0.0382453,0.081312585,0
L549Y,0.0497571,0.105911136,0
L550A,0.0200775,0.042491416,0
L550C,0.0327686,0.069609908,0
L550D,0.0156821,0.033099273,0
L550E,0.027004,0.057292043,0
L550F,0.203888,0.435259866,1
L550G,0.0226436,0.047974688,0
L550H,0.0286101,0.060723976,0
L550I,0.0563533,0.120005974,0
L550K,0.0262296,0.055637296,0
L550M,0.239394,0.511129506,1
L550N,0.0327877,0.069650721,0
L550P,0.0360195,0.07655647,0
L550Q,0.0286538,0.060817355,0
L550R,0.0236742,0.050176887,0
L550S,0.0296253,0.062893268,0
L550T,0.0218683,0.046318018,0
L550V,0.0319007,0.067755369,0
L550W,0.0244559,0.051847232,0
L550Y,0.02248,0.047625106,0
S551A,0.0361117,0.076753484,0
S551C,0.066255,0.141164044,0
S551D,0.375681,0.80234918,1
S551E,0.0140894,0.029695973,0
S551F,0.110361,0.235410266,1
S551G,0.00715643,0.01488152,0
S551H,0.0241788,0.051255122,0
S551I,0.0145425,0.030664162,0
S551K,0.01861,0.039355644,0
S551L,0.0237141,0.050262145,0
S551M,0.0221305,0.04687829,0
S551N,0.0408895,0.086962743,0
S551P,0.0383382,0.081511095,0
S551Q,0.0147037,0.031008616,0
S551R,0.00298773,0.005973793,0
S551T,0.0120705,0.025381963,0
S551V,0.0108186,0.022706889,0
S551W,0.0239109,0.05068267,0
S551Y,0.0637788,0.13587287,0
G552A,0.0525837,0.111951048,0
G552C,0.0460959,0.09808784,0
G552D,0.0791267,0.168668444,0
G552E,0.048771,0.103804026,0
G552F,0.024579,0.052110274,0
G552H,0.0276714,0.058718151,0
G552I,0.0356823,0.075835937,0
G552K,0.0311253,0.066098485,0
G552L,0.0154056,0.032508444,0
G552M,0.0337283,0.071660606,0
G552N,0.0377117,0.080172383,0
G552P,0.0291325,0.061840247,0
G552Q,0.0342372,0.07274803,0
G552R,0.0305512,0.064871742,0
G552S,0.0778621,0.165966232,0
G552T,0.0161696,0.034140969,0
G552V,0.11022,0.235108976,1
G552W,0.0492409,0.104808114,0
G552Y,0.0266216,0.056474926,0
I553A,0.0438671,0.093325314,0
I553C,0.0361481,0.076831264,0
I553D,0.0773159,0.164799106,0
I553E,0.0603371,0.128518605,0
I553F,0.0451441,0.096054023,0
I553G,0.0491501,0.104614091,0
I553H,0.0229162,0.048557183,0
I553K,0.0455425,0.096905329,0
I553L,0.0507774,0.108091325,0
I553M,0.081973,0.174750452,0
I553N,0.0703306,0.149872834,0
I553P,0.010546,0.022124394,0
I553Q,0.0301091,0.063927057,0
I553R,0.0149762,0.031590897,0
I553S,0.0123434,0.025965099,0
I553T,0.0396314,0.08427442,0
I553V,0.0570848,0.121569052,0
I553W,0.0449616,0.095664055,0
I553Y,0.130615,0.278689253,1
V554A,0.0663862,0.141444393,0
V554C,0.059703,0.127163653,0
V554D,0.0304376,0.064629,0
V554E,0.0824821,0.175838303,0
V554F,0.0289437,0.061436817,0
V554G,0.03394,0.07211297,0
V554H,0.0357981,0.07608338,0
V554I,0.0320378,0.068048326,0
V554K,0.0329559,0.070010133,0
V554L,0.0658163,0.140226624,0
V554M,0.0779133,0.166075637,0
V554N,0.0405904,0.086323623,0
V554P,0.0299971,0.063687734,0
V554Q,0.0378932,0.080560214,0
V554R,0.0166785,0.035228392,0
V554S,0.0257511,0.054614831,0
V554T,0.0221196,0.046854999,0
V554W,0.0360838,0.076693867,0
V554Y,0.0368275,0.078283014,0
Q555A,0.033752,0.071711249,0
Q555C,0.039356,0.083685942,0
Q555D,0.201463,0.430078097,1
Q555E,0.0251401,0.053309239,0
Q555F,0.0360027,0.076520571,0
Q555G,0.00878692,0.018365571,0
Q555H,0.0524316,0.111626039,0
Q555I,0.0147299,0.031064601,0
Q555K,0.0483117,0.102822588,0
Q555L,0.0205664,0.043536103,0
Q555M,0.0310173,0.06586771,0
Q555N,0.0436476,0.092856284,0
Q555P,0.067474,0.143768817,0
Q555R,0.0436633,0.092889832,0
Q555S,0.0317129,0.067354076,0
Q555T,0.00552367,0.01139262,0
Q555V,0.0198137,0.041927725,0
Q555W,0.0441689,0.093970204,0
Q555Y,0.151079,0.32241697,1
Q556A,0.0223013,0.047243258,0
Q556C,0.030444,0.064642675,0
Q556D,0.048556,0.103344611,0
Q556E,0.0273127,0.057951677,0
Q556F,0.031842,0.067629938,0
Q556G,0.027481,0.058311302,0
Q556H,0.0471544,0.100349656,0
Q556I,0.0272733,0.057867486,0
Q556K,0.0508032,0.108146455,0
Q556L,0.021666,0.045885741,0
Q556M,0.0208469,0.044135479,0
Q556N,0.0445048,0.094687959,0
Q556P,0.0236218,0.050064918,0
Q556R,0.0337704,0.071750566,0
Q556S,0.0488044,0.103875395,0
Q556T,0.0439447,0.093491131,0
Q556V,0.0179727,0.037993854,0
Q556W,0.0574607,0.122372279,0
Q556Y,0.0288863,0.061314164,0
Q557A,0.0628744,0.133940338,0
Q557C,0.0255683,0.054224222,0
Q557D,0.028729,0.060978043,0
Q557E,0.0353545,0.07513549,0
Q557F,0.0376776,0.080099517,0
Q557G,0.0290612,0.061687892,0
Q557H,0.0505072,0.107513958,0
Q557I,0.0275875,0.058538872,0
Q557K,0.0461201,0.098139551,0
Q557L,0.0169317,0.035769433,0
Q557M,0.0465507,0.099059662,0
Q557N,0.0385693,0.082004913,0
Q557P,0.0174971,0.036977586,0
Q557R,0.0812117,0.173123697,0
Q557S,0.0181729,0.038421644,0
Q557T,0.0218766,0.046335754,0
Q557V,0.0260887,0.055336219,0
Q557W,0.0358172,0.076124193,0
Q557Y,0.054058,0.11510135,0
N558A,0.00994738,0.020845255,0
N558C,0.0656842,0.139944351,0
N558D,0.116485,0.248496102,1
N558E,0.0312919,0.066454478,0
N558F,0.0831889,0.177348601,0
N558G,0.0272237,0.0577615,0
N558H,0.0355581,0.075570545,0
N558I,0.098826,0.210762142,0
N558K,0.0623216,0.132759108,0
N558L,0.0339893,0.072218314,0
N558M,0.0608237,0.129558378,0
N558P,0.00422,0.008606922,0
N558Q,0.0150765,0.03180522,0
N558R,0.0236791,0.050187357,0
N558S,0.0259589,0.055058861,0
N558T,0.0903372,0.192623173,0
N558V,0.0291367,0.061849221,0
N558W,0.0610275,0.12999386,0
N558Y,0.0794717,0.169405645,0
N559A,0.0236743,0.0501771,0
N559C,0.0834852,0.177981739,0
N559D,0.0599953,0.127788243,0
N559E,0.0406695,0.086492645,0
N559F,0.0388259,0.082553218,0
N559G,0.113325,0.241743776,1
N559H,0.076512,0.163081323,0
N559I,0.0353365,0.075097027,0
N559K,0.0521404,0.111003799,0
N559L,0.0216733,0.04590134,0
N559M,0.0434134,0.092355843,0
N559P,0.0231379,0.049030914,0
N559Q,0.070131,0.149446326,0
N559R,0.0191482,0.040505676,0
N559S,0.0642874,0.136959653,0
N559T,0.0554347,0.118043099,0
N559V,0.0306448,0.065071747,0
N559W,0.0557546,0.118726665,0
N559Y,0.0521471,0.111018116,0
L560A,0.0285767,0.060652607,0
L560C,0.0378032,0.080367901,0
L560D,0.0113749,0.023895597,0
L560E,0.0122931,0.025857618,0
L560F,0.0797884,0.170082373,0
L560G,0.0235296,0.049867904,0
L560H,0.0395981,0.084203265,0
L560I,0.0225036,0.047675535,0
L560K,0.0190686,0.040335586,0
L560M,0.0783665,0.16704404,0
L560N,0.0305755,0.064923666,0
L560P,0.00473596,0.009709431,0
L560Q,0.0274782,0.058305319,0
L560R,0.00780813,0.016274081,0
L560S,0.0122441,0.025752914,0
L560T,0.00615111,0.012733341,0
L560V,0.230607,0.492353341,1
L560W,0.186077,0.39720111,1
L560Y,0.0254452,0.05396118,0
L561A,0.0105338,0.022098325,0
L561C,0.0196515,0.041581134,0
L561D,0.0221737,0.046970601,0
L561E,0.0177011,0.037413496,0
L561F,0.0889246,0.189604713,0
L561G,0.0109232,0.022930399,0
L561H,0.0374767,0.079670232,0
L561I,0.0132575,0.027918359,0
L561K,0.0225084,0.047685791,0
L561M,0.0453504,0.096494847,0
L561N,0.0184136,0.038935974,0
L561P,0.0391204,0.083182509,0
L561Q,0.0676771,0.144202804,0
L561R,0.0487762,0.103815137,0
L561S,0.0104572,0.021934645,0
L561T,0.0083561,0.017444989,0
L561V,0.0142448,0.030028033,0
L561W,0.0799731,0.170477042,0
L561Y,0.0169832,0.035879479,0
R562A,0.00904359,0.018914026,0
R562C,0.0360692,0.076662669,0
R562D,0.0295883,0.062814205,0
R562E,0.0326504,0.069357337,0
R562F,0.0625636,0.133276216,0
R562G,0.0441285,0.093883877,0
R562H,0.0266003,0.056429412,0
R562I,0.0925833,0.197422666,0
R562K,0.0629602,0.134123676,0
R562L,0.0805652,0.171742248,0
R562M,0.0419235,0.089172207,0
R562N,0.111916,0.238733008,1
R562P,0.013392,0.02820576,0
R562Q,0.0210269,0.044520105,0
R562S,0.0388866,0.082682923,0
R562T,0.0888807,0.189510907,0
R562V,0.0960444,0.204818386,0
R562W,0.0513043,0.109217211,0
R562Y,0.0461636,0.098232503,0
A563C,0.0447825,0.095281352,0
A563D,0.0417152,0.088727109,0
A563E,0.0316992,0.067324802,0
A563F,0.00724068,0.015061547,0
A563G,0.0466795,0.099334884,0
A563H,0.0482782,0.102751005,0
A563I,0.0072468,0.015074624,0
A563K,0.0251528,0.053336377,0
A563L,0.0460329,0.097953221,0
A563M,0.0390808,0.083097892,0
A563N,0.0291006,0.061772082,0
A563P,0.0230498,0.048842661,0
A563Q,0.0472551,0.100564833,0
A563R,0.0351341,0.074664537,0
A563S,0.14229,0.303636531,1
A563T,0.237797,0.507717018,1
A563V,0.0359407,0.076388089,0
A563W,0.0463604,0.098653027,0
A563Y,0.0240754,0.051034176,0
I564A,0.0160985,0.033989041,0
I564C,0.0228665,0.048450984,0
I564D,0.0340446,0.07233648,0
I564E,0.0325774,0.06920135,0
I564F,0.0313992,0.066683758,0
I564G,0.0272234,0.057760859,0
I564H,0.0137094,0.028883984,0
I564K,0.0185713,0.03927295,0
I564L,0.0916199,0.195364062,0
I564M,0.113605,0.242342084,1
I564N,0.0348243,0.074002552,0
I564P,0.0182351,0.038554553,0
I564Q,0.0268693,0.057004214,0
I564R,0.00887474,0.018553226,0
I564S,0.0224838,0.047633226,0
I564T,0.0310616,0.06596237,0
I564V,0.220254,0.470230928,1
I564W,0.0692253,0.147511016,0
I564Y,0.028722,0.060963085,0
E565A,0.0844047,0.179946537,0
E565C,0.0224828,0.047631089,0
E565D,0.0683127,0.145560961,0
E565F,0.0275952,0.058555326,0
E565G,0.0876825,0.186950579,0
E565H,0.0288318,0.061197707,0
E565I,0.00423169,0.008631901,0
E565K,0.0348975,0.074158967,0
E565L,0.0173298,0.036620098,0
E565M,0.0354978,0.075441695,0
E565N,0.0822365,0.175313502,0
E565P,0.00733923,0.01527213,0
E565Q,0.0185675,0.03926483,0
E565R,0.056651,0.120642103,0
E565S,0.05242,0.111601252,0
E565T,0.0878575,0.187324521,0
E565V,0.155298,0.331432179,1
E565W,0.0610352,0.130010313,0
E565Y,0.0337115,0.071624708,0
A566C,0.0324974,0.069030405,0
A566D,0.0291853,0.06195307,0
A566E,0.0433515,0.092223574,0
A566F,0.0490373,0.104373059,0
A566G,0.0634689,0.135210672,0
A566H,0.0291957,0.061975293,0
A566I,0.0373344,0.079366164,0
A566K,0.0356988,0.075871194,0
A566L,0.0331168,0.070353946,0
A566M,0.0478238,0.101780038,0
A566N,0.0304407,0.064635624,0
A566P,0.0242623,0.051433546,0
A566Q,0.0553543,0.117871299,0
A566R,0.0692629,0.14759136,0
A566S,0.165284,0.352770382,1
A566T,0.0735962,0.156850807,0
A566V,0.0525135,0.111801044,0
A566W,0.0432122,0.091925916,0
A566Y,0.0324446,0.068917581,0
Q567A,0.0437248,0.093021246,0
Q567C,0.0144667,0.030502192,0
Q567D,0.0171957,0.036333551,0
Q567E,0.0856818,0.18267546,0
Q567F,0.0527551,0.112317298,0
Q567G,0.0244403,0.051813898,0
Q567H,0.164522,0.351142131,1
Q567I,0.0193332,0.040900987,0
Q567K,0.0434096,0.092347723,0
Q567L,0.0063308,0.013117304,0
Q567M,0.0551555,0.117446501,0
Q567N,0.028535,0.060563502,0
Q567P,0.00736007,0.015316661,0
Q567R,0.0146167,0.030822714,0
Q567S,0.165478,0.353184923,1
Q567T,0.0291109,0.061794092,0
Q567V,0.0134143,0.028253411,0
Q567W,0.0295581,0.062749674,0
Q567Y,0.0222017,0.047030431,0
Q568A,0.0456939,0.097228842,0
Q568C,0.0244236,0.051778213,0
Q568D,0.0305379,0.064843322,0
Q568E,0.0453694,0.096535447,0
Q568F,0.0154012,0.032499042,0
Q568G,0.0262506,0.055682169,0
Q568H,0.0717853,0.152981254,0
Q568I,0.0207433,0.043914105,0
Q568K,0.0403952,0.085906517,0
Q568L,0.00781135,0.016280961,0
Q568M,0.0452738,0.096331167,0
Q568N,0.0450637,0.095882223,0
Q568P,0.00383277,0.007779484,0
Q568R,0.0265167,0.056250774,0
Q568S,0.102007,0.21755934,1
Q568T,0.171735,0.366554955,1
Q568V,0.124603,0.26584274,1
Q568W,0.0503928,0.107269507,0
Q568Y,0.0386728,0.082226073,0
H569A,0.0496264,0.105631855,0
H569C,0.0470288,0.100081272,0
H569D,0.0411678,0.087557418,0
H569E,0.0453929,0.096585662,0
H569F,0.0459892,0.097859843,0
H569G,0.0548934,0.116886442,0
H569I,0.0485034,0.103232215,0
H569K,0.0463169,0.098560076,0
H569L,0.0553229,0.117804203,0
H569M,0.0102739,0.021542967,0
H569N,0.0822925,0.175433163,0
H569P,0.0469771,0.099970799,0
H569Q,0.0621206,0.132329609,0
H569R,0.0462546,0.098426952,0
H569S,0.0489317,0.104147411,0
H569T,0.0701625,0.149513636,0
H569V,0.0408397,0.08685633,0
H569W,0.0447427,0.095196307,0
H569Y,0.0606198,0.129122682,0
L570A,0.0570354,0.121463493,0
L570C,0.0250427,0.053101114,0
L570D,0.0288253,0.061183818,0
L570E,0.0322188,0.068435089,0
L570F,0.121582,0.259387432,1
L570G,0.0255998,0.054291532,0
L570H,0.0260624,0.055280021,0
L570I,0.0717463,0.152897918,0
L570K,0.0300753,0.063854833,0
L570M,0.071948,0.153328913,0
L570N,0.0107122,0.022479532,0
L570P,0.0335236,0.071223201,0
L570Q,0.155811,0.332528364,1
L570R,0.0147921,0.03119751,0
L570S,0.0181479,0.038368223,0
L570T,0.0377314,0.080214478,0
L570V,0.080457,0.171511045,0
L570W,0.0338065,0.071827705,0
L570Y,0.0631174,0.134459583,0
L571A,0.0656411,0.139852255,0
L571C,0.0241701,0.051236532,0
L571D,0.0230371,0.048815524,0
L571E,0.0165274,0.03490552,0
L571F,0.077016,0.164158276,0
L571G,0.00902849,0.01888176,0
L571H,0.0222087,0.047045389,0
L571I,0.0128432,0.027033078,0
L571K,0.0180174,0.03808937,0
L571M,0.189976,0.40553254,1
L571N,0.00670154,0.013909506,0
L571P,0.0100079,0.020974575,0
L571Q,0.048124,0.102421508,0
L571R,0.011056,0.023214168,0
L571S,0.101587,0.216661879,1
L571T,0.045115,0.095991842,0
L571V,0.0231365,0.049027923,0
L571W,0.0271418,0.057586495,0
L571Y,0.0233537,0.049492038,0
Q572A,0.0299029,0.063486446,0
Q572C,0.00845569,0.017657795,0
Q572D,0.0108884,0.022856038,0
Q572E,0.024501,0.051943603,0
Q572F,0.0114518,0.024059918,0
Q572G,0.0564976,0.120314316,0
Q572H,0.0954967,0.203648054,0
Q572I,0.0950498,0.202693113,0
Q572K,0.0426878,0.090805372,0
Q572L,0.0153501,0.032389851,0
Q572M,0.0552107,0.117564453,0
Q572N,0.00283676,0.005651198,0
Q572P,0.00639439,0.013253184,0
Q572R,0.0762219,0.162461433,0
Q572S,0.0567964,0.120952795,0
Q572T,0.0740622,0.157846561,0
Q572V,0.237237,0.506520403,1
Q572W,0.0381513,0.081111725,0
Q572Y,0.0120036,0.025239011,0
L573A,0.0612954,0.130566312,0
L573C,0.00907322,0.01897734,0
L573D,0.0219746,0.046545161,0
L573E,0.0231091,0.048969374,0
L573F,0.195171,0.416633277,1
L573G,0.00809772,0.01689288,0
L573H,0.0309736,0.065774331,0
L573I,0.142901,0.304942123,1
L573K,0.0444704,0.094614453,0
L573M,0.0690132,0.147057798,0
L573N,0.0111202,0.023351351,0
L573P,0.00765572,0.015948409,0
L573Q,0.0407211,0.086602904,0
L573R,0.0357287,0.075935085,0
L573S,0.0231395,0.049034333,0
L573T,0.0239462,0.050758099,0
L573V,0.0671609,0.143099782,0
L573W,0.0243916,0.051709835,0
L573Y,0.0884421,0.188573701,0
T574A,0.0664725,0.1416288,0
T574C,0.0977723,0.208510583,0
T574D,0.0397568,0.084542377,0
T574E,0.0161681,0.034137763,0
T574F,0.0211291,0.044738487,0
T574G,0.30132,0.643453716,1
T574H,0.139226,0.297089339,1
T574I,0.0216034,0.045751977,0
T574K,0.0348373,0.074030331,0
T574L,0.00293911,0.005869901,0
T574M,0.00805629,0.016804352,0
T574N,0.0223041,0.047249241,0
T574P,0.00342692,0.006912259,0
T574Q,0.0461431,0.098188698,0
T574R,0.0036141,0.007312228,0
T574S,0.10711,0.228463491,1
T574V,0.00286425,0.005709939,0
T574W,0.00793148,0.016537656,0
T574Y,0.00875708,0.018301808,0
V575A,0.121909,0.260086169,1
V575C,0.0224139,0.047483863,0
V575D,0.0220289,0.04666119,0
V575E,0.0171588,0.036254703,0
V575F,0.0385231,0.081906192,0
V575G,0.00949178,0.019871724,0
V575H,0.0853577,0.181982919,0
V575I,0.0609196,0.129763298,0
V575K,0.00952206,0.019936427,0
V575L,0.179145,0.382388731,1
V575M,0.0497098,0.105810065,0
V575N,0.0121485,0.025548635,0
V575P,0.00386322,0.00784455,0
V575Q,0.0241669,0.051229694,0
V575R,0.00370266,0.007501464,0
V575S,0.0735584,0.156770035,0
V575T,0.119562,0.255071072,1
V575W,0.0422758,0.089925006,0
V575Y,0.0543946,0.115820601,0
W576A,0.0256018,0.054295805,0
W576C,0.0364607,0.077499231,0
W576D,0.028479,0.06044384,0
W576E,0.0260539,0.055261858,0
W576F,0.0268623,0.056989256,0
W576G,0.0264172,0.056038162,0
W576H,0.0203305,0.043032029,0
W576I,0.0109837,0.023059676,0
W576K,0.022394,0.04744134,0
W576L,0.0278703,0.059143163,0
W576M,0.047979,0.102111671,0
W576N,0.0287723,0.061070567,0
W576P,0.0189672,0.040118913,0
W576Q,0.0324564,0.068942795,0
W576R,0.04962,0.105618179,0
W576S,0.0131442,0.027676258,0
W576T,0.0151232,0.031905009,0
W576V,0.0101427,0.021262617,0
W576Y,0.0265603,0.056343939,0
G577A,0.0213301,0.045167986,0
G577C,0.0416806,0.088653175,0
G577D,0.0755782,0.161085968,0
G577E,0.0288588,0.061255401,0
G577F,0.0183722,0.03884751,0
G577H,0.0225981,0.047877463,0
G577I,0.0196685,0.04161746,0
G577K,0.0260722,0.055300961,0
G577L,0.0123247,0.025925141,0
G577M,0.0429159,0.091292779,0
G577N,0.0183031,0.038699857,0
G577P,0.0172313,0.036409622,0
G577Q,0.0236595,0.050145476,0
G577R,0.0193788,0.040998425,0
G577S,0.12008,0.25617794,1
G577T,0.0490866,0.104478404,0
G577V,0.0377449,0.080243325,0
G577W,0.0402843,0.085669545,0
G577Y,0.022572,0.047821693,0
I578A,0.0843421,0.179812773,0
I578C,0.0487673,0.10379612,0
I578D,0.0319614,0.067885074,0
I578E,0.0414629,0.088187991,0
I578F,0.056043,0.119342921,0
I578G,0.0319149,0.067785712,0
I578H,0.0281383,0.059715828,0
I578K,0.0291848,0.061952002,0
I578L,0.127473,0.27197539,1
I578M,0.0580236,0.123575091,0
I578N,0.039708,0.0844381,0
I578P,0.010005,0.020968378,0
I578Q,0.0181967,0.0384725,0
I578R,0.015843,0.033443086,0
I578S,0.0347274,0.073795495,0
I578T,0.0701474,0.14948137,0
I578V,0.0742673,0.158284821,0
I578W,0.056691,0.120727575,0
I578Y,0.0365209,0.077627867,0
K579A,0.10811,0.230600303,1
K579C,0.0366933,0.077996254,0
K579D,0.0253716,0.053803911,0
K579E,0.0302584,0.064246083,0
K579F,0.0346423,0.073613652,0
K579G,0.0560475,0.119352537,0
K579H,0.0411775,0.087578145,0
K579I,0.0178244,0.037676965,0
K579L,0.0251665,0.053365651,0
K579M,0.048117,0.102406551,0
K579N,0.107266,0.228796833,1
K579P,0.00797577,0.016632296,0
K579Q,0.04769,0.101494132,0
K579R,0.0691936,0.147443279,0
K579S,0.175161,0.373875672,1
K579T,0.0257323,0.054574659,0
K579V,0.0147521,0.031112038,0
K579W,0.0335497,0.071278972,0
K579Y,0.0151836,0.032034072,0
Q580A,0.0179272,0.037896629,0
Q580C,0.0316548,0.067229927,0
Q580D,0.00378567,0.007678841,0
Q580E,0.0192516,0.040726623,0
Q580F,0.0498296,0.106066055,0
Q580G,0.0186847,0.039515264,0
Q580H,0.0386222,0.08211795,0
Q580I,0.27822,0.594093362,1
Q580K,0.0445488,0.094781979,0
Q580L,0.0580749,0.123684709,0
Q580M,0.0881169,0.18787881,0
Q580N,0.00683943,0.014204151,0
Q580P,0.00216946,0.004225304,0
Q580R,0.0282818,0.060022461,0
Q580S,0.0117177,0.024628096,0
Q580T,0.0306284,0.065036703,0
Q580V,0.0695909,0.148292234,0
Q580W,0.0349379,0.074245294,0
Q580Y,0.118354,0.252489803,1
L581A,0.050987,0.108539201,0
L581C,0.0228634,0.04844436,0
L581D,0.0250478,0.053112011,0
L581E,0.00966727,0.020246713,0
L581F,0.0801238,0.17079906,0
L581G,0.00606871,0.012557267,0
L581H,0.0294584,0.062536634,0
L581I,0.0900486,0.19200649,0
L581K,0.0136189,0.028690603,0
L581M,0.0533756,0.113643189,0
L581N,0.0122925,0.025856336,0
L581P,0.0405362,0.086207808,0
L581Q,0.0822377,0.175316066,0
L581R,0.00476183,0.009764711,0
L581S,0.0642212,0.136818196,0
L581T,0.175526,0.374655609,1
L581V,0.0233748,0.049537125,0
L581W,0.0293442,0.06229261,0
L581Y,0.0111227,0.023356693,0
Q582A,0.020533,0.043464733,0
Q582C,0.00636324,0.013186623,0
Q582D,0.0106701,0.022389572,0
Q582E,0.0443521,0.094361668,0
Q582F,0.00873987,0.018265034,0
Q582G,0.0668576,0.142451686,0
Q582H,0.235825,0.503503225,1
Q582I,0.00563172,0.011623502,0
Q582K,0.0460606,0.098012411,0
Q582L,0.0182612,0.038610324,0
Q582M,0.0162374,0.034285844,0
Q582N,0.011797,0.024797545,0
Q582P,0.0026916,0.005341019,0
Q582R,0.270259,0.577082203,1
Q582S,0.0163517,0.034530082,0
Q582T,0.0197901,0.041877296,0
Q582V,0.0024215,0.004763866,0
Q582W,0.0535845,0.114089569,0
Q582Y,0.0411694,0.087560837,0
A583C,0.0568209,0.121005147,0
A583D,0.0200083,0.042343548,0
A583E,0.0583274,0.124224254,0
A583F,0.00528392,0.010880319,0
A583G,0.0847971,0.180785022,0
A583H,0.0214168,0.045353248,0
A583I,0.0842919,0.179705505,0
A583K,0.0141837,0.029897474,0
A583L,0.0179207,0.03788274,0
A583M,0.134123,0.286185189,1
A583N,0.12008,0.25617794,1
A583P,0.0102736,0.021542326,0
A583Q,0.0358197,0.076129535,0
A583R,0.0413774,0.088005294,0
A583S,0.0601735,0.128169023,0
A583T,0.0815167,0.173775425,0
A583V,0.0545538,0.116160781,0
A583W,0.0192738,0.04077406,0
A583Y,0.0300675,0.063838166,0
R584A,0.0362886,0.077131486,0
R584C,0.0448726,0.095473878,0
R584D,0.0473792,0.100830011,0
R584E,0.0464273,0.09879598,0
R584F,0.0255477,0.054180204,0
R584G,0.0361175,0.076765877,0
R584H,0.0422795,0.089932912,0
R584I,0.0382132,0.081243994,0
R584K,0.0598844,0.12755127,0
R584L,0.0152755,0.032230445,0
R584M,0.0377261,0.080203153,0
R584N,0.0510485,0.108670615,0
R584P,0.029778,0.063219559,0
R584Q,0.0402713,0.085641766,0
R584S,0.029455,0.062529368,0
R584T,0.0187239,0.039599027,0
R584V,0.0380758,0.080950396,0
R584W,0.0397823,0.084596865,0
R584Y,0.0347874,0.073923704,0
I585A,0.0287391,0.060999625,0
I585C,0.0327492,0.069568454,0
I585D,0.0304466,0.064648231,0
I585E,0.0328484,0.069780426,0
I585F,0.155746,0.332389471,1
I585G,0.0167166,0.035309805,0
I585H,0.0241173,0.051123708,0
I585K,0.014705,0.031011394,0
I585L,0.0648459,0.138153062,0
I585M,0.0295166,0.062660996,0
I585N,0.0191751,0.040563157,0
I585P,0.0209438,0.044342536,0
I585Q,0.0288014,0.061132748,0
I585R,0.00890268,0.018612928,0
I585S,0.00699301,0.014532323,0
I585T,0.0839847,0.179049076,0
I585V,0.111645,0.238153932,1
I585W,0.0504582,0.107409255,0
I585Y,0.0238206,0.050489716,0
L586A,0.085681,0.18267375,0
L586C,0.0262958,0.055778753,0
L586D,0.10156,0.216604185,1
L586E,0.0184106,0.038929564,0
L586F,0.18187,0.388211543,1
L586G,0.03427,0.072818117,0
L586H,0.08622,0.183825492,0
L586I,0.021371,0.045255382,0
L586K,0.0227991,0.048306963,0
L586M,0.0228259,0.048364229,0
L586N,0.0221954,0.047016969,0
L586P,0.00878346,0.018358177,0
L586Q,0.127456,0.271939064,1
L586R,0.0234952,0.049794397,0
L586S,0.0994108,0.212011749,0
L586T,0.0148037,0.031222297,0
L586V,0.00754603,0.015714022,0
L586W,0.00676917,0.014054019,0
L586Y,0.0385232,0.081906405,0
A587C,0.0495614,0.105492962,0
A587D,0.0392729,0.083508373,0
A587E,0.0436434,0.092847309,0
A587F,0.0213552,0.04522162,0
A587G,0.0403923,0.08590032,0
A587H,0.0508465,0.108238979,0
A587I,0.0304445,0.064643744,0
A587K,0.026906,0.057082635,0
A587L,0.0501212,0.106689149,0
A587M,0.0322219,0.068441713,0
A587N,0.022198,0.047022525,0
A587P,0.0587172,0.125057183,0
A587Q,0.0786402,0.167628885,0
A587R,0.00887157,0.018546452,0
A587S,0.0836294,0.178289867,0
A587T,0.0482776,0.102749723,0
A587V,0.0765954,0.163259533,0
A587W,0.0470987,0.100230635,0
A587Y,0.0256455,0.054389184,0
V588A,0.0448504,0.095426441,0
V588C,0.0193887,0.04101958,0
V588D,0.0128891,0.027131157,0
V588E,0.0125341,0.026372589,0
V588F,0.0189185,0.040014851,0
V588G,0.00560084,0.011557517,0
V588H,0.0320456,0.068064993,0
V588I,0.296883,0.633972681,1
V588K,0.0170658,0.036055979,0
V588L,0.0902712,0.192482144,0
V588M,0.088493,0.188682465,0
V588N,0.029799,0.063264432,0
V588P,0.00804014,0.016769842,0
V588Q,0.0116994,0.024588992,0
V588R,0.00510785,0.01050409,0
V588S,0.00693395,0.014406123,0
V588T,0.024849,0.052687213,0
V588W,0.0488035,0.103873472,0
V588Y,0.0598549,0.127488234,0
E589A,0.0251531,0.053337018,0
E589C,0.0275002,0.058352329,0
E589D,0.0414329,0.088123887,0
E589F,0.0455868,0.096999989,0
E589G,0.0405901,0.086322982,0
E589H,0.0260447,0.055242199,0
E589I,0.0277493,0.058884609,0
E589K,0.128609,0.274402808,1
E589L,0.0114122,0.0239753,0
E589M,0.0346001,0.073523479,0
E589N,0.0290295,0.061620155,0
E589P,0.0262192,0.055615073,0
E589Q,0.0290094,0.061577205,0
E589R,0.0125705,0.026450369,0
E589S,0.0136336,0.028722014,0
E589T,0.0515353,0.109710815,0
E589V,0.026014,0.055176599,0
E589W,0.0362929,0.077140674,0
E589Y,0.0286414,0.060790858,0
R590A,0.0313346,0.06654572,0
R590C,0.0915985,0.195318334,0
R590D,0.0228462,0.048407606,0
R590E,0.0244172,0.051764538,0
R590F,0.0364627,0.077503505,0
R590G,0.0294882,0.062600311,0
R590H,0.0815828,0.173916668,0
R590I,0.0474284,0.100935142,0
R590K,0.0420194,0.089377127,0
R590L,0.0658094,0.14021188,0
R590M,0.172268,0.367693876,1
R590N,0.0315399,0.066984407,0
R590P,0.0136118,0.028675431,0
R590Q,0.0358241,0.076138937,0
R590S,0.0205916,0.043589951,0
R590T,0.030304,0.064343522,0
R590V,0.0338346,0.07188775,0
R590W,0.0591283,0.125935627,0
R590Y,0.0559342,0.119110436,0
Y591A,0.0463612,0.098654737,0
Y591C,0.0454317,0.09666857,0
Y591D,0.0284012,0.060277596,0
Y591E,0.0329489,0.069995175,0
Y591F,0.0628402,0.133867259,0
Y591G,0.0203275,0.043025619,0
Y591H,0.0633945,0.135051693,0
Y591I,0.0379408,0.080661926,0
Y591K,0.0197889,0.041874732,0
Y591L,0.0295598,0.062753306,0
Y591M,0.0419785,0.089289731,0
Y591N,0.0951297,0.202863844,0
Y591P,0.0168538,0.035602975,0
Y591Q,0.0437719,0.09312189,0
Y591R,0.0198169,0.041934562,0
Y591S,0.0133684,0.028155331,0
Y591T,0.0221136,0.046842178,0
Y591V,0.0706374,0.150528408,0
Y591W,0.0468992,0.099804341,0
L592A,0.0604259,0.128708354,0
L592C,0.0966989,0.206216929,0
L592D,0.0177975,0.037619485,0
L592E,0.0228237,0.048359528,0
L592F,0.0207054,0.04383312,0
L592G,0.0157955,0.033341587,0
L592H,0.0362756,0.077103707,0
L592I,0.0544594,0.115959066,0
L592K,0.0248448,0.052678239,0
L592M,0.0673086,0.143415389,0
L592N,0.0259954,0.055136854,0
L592P,0.0505444,0.107593448,0
L592Q,0.0268088,0.056874937,0
L592R,0.0292081,0.06200179,0
L592S,0.0258399,0.05480458,0
L592T,0.0439129,0.09342318,0
L592V,0.0328668,0.069819743,0
L592W,0.0291668,0.061913539,0
L592Y,0.0198765,0.042061916,0
K593A,0.0710812,0.151476725,0
K593C,0.0557443,0.118704656,0
K593D,0.00347769,0.007020745,0
K593E,0.0018254,0.003490112,0
K593F,0.120557,0.257197199,1
K593G,0.0534609,0.113825459,0
K593H,0.0475346,0.101162072,0
K593I,0.0680252,0.144946628,0
K593L,0.0640113,0.136369679,0
K593M,0.144276,0.307880239,1
K593N,0.0181443,0.038360531,0
K593P,0.000192073,0,0
K593Q,0.00517129,0.01063965,0
K593R,0.0172883,0.03653142,0
K593S,0.0391121,0.083164774,0
K593T,0.00508301,0.010451012,0
K593V,0.100942,0.215283635,1
K593W,0.0342154,0.072701447,0
K593Y,0.14443,0.308209308,1
D594A,0.0217218,0.046004975,0
D594C,0.0219627,0.046519733,0
D594E,0.0847915,0.180773056,0
D594F,0.0621631,0.132420423,0
D594G,0.0248433,0.052675033,0
D594H,0.0530817,0.11301518,0
D594I,0.0545314,0.116112917,0
D594K,0.0136933,0.028849582,0
D594L,0.0240642,0.051010243,0
D594M,0.0251383,0.053305393,0
D594N,0.0770205,0.164167891,0
D594P,0.00834728,0.017426143,0
D594Q,0.0668793,0.142498055,0
D594R,0.00553275,0.011412022,0
D594S,0.0465124,0.098977823,0
D594T,0.146165,0.311916677,1
D594V,0.0388467,0.082597664,0
D594W,0.0291369,0.061849649,0
D594Y,0.0707213,0.150707686,0
Q595A,0.0436943,0.092956073,0
Q595C,0.0506549,0.107829566,0
Q595D,0.0172233,0.036392527,0
Q595E,0.0122286,0.025719793,0
Q595F,0.0667758,0.142276895,0
Q595G,0.00535505,0.01103231,0
Q595H,0.0611173,0.130185746,0
Q595I,0.068658,0.146298802,0
Q595K,0.0569999,0.121387637,0
Q595L,0.0646159,0.137661595,0
Q595M,0.0481816,0.102544589,0
Q595N,0.016456,0.034752952,0
Q595P,0.0162091,0.034225373,0
Q595R,0.0391601,0.083267341,0
Q595S,0.0164604,0.034762354,0
Q595T,0.0302022,0.064125994,0
Q595V,0.0502166,0.106893001,0
Q595W,0.15795,0.337099004,1
Q595Y,0.0697959,0.148730281,0
Q596A,0.235027,0.501798049,1
Q596C,0.0761042,0.162209931,0
Q596D,0.00345849,0.006979718,0
Q596E,0.0057206,0.011813422,0
Q596F,0.0254368,0.053943231,0
Q596G,0.0500535,0.106544487,0
Q596H,0.0338801,0.071984974,0
Q596I,0.0356098,0.075681018,0
Q596K,0.0400093,0.085081922,0
Q596L,0.115592,0.246587929,1
Q596M,0.0929307,0.198164995,0
Q596N,0.029913,0.063508028,0
Q596P,0.00289938,0.005785006,0
Q596R,0.00921091,0.019271558,0
Q596S,0.0254537,0.053979343,0
Q596T,0.0248436,0.052675674,0
Q596V,0.124279,0.265150413,1
Q596W,0.0241192,0.051127768,0
Q596Y,0.0180387,0.038134884,0
L597A,0.0220497,0.046705636,0
L597C,0.0344089,0.073114921,0
L597D,0.0205023,0.043399133,0
L597E,0.0340322,0.072309984,0
L597F,0.0531878,0.113241896,0
L597G,0.00670924,0.01392596,0
L597H,0.0386027,0.082076282,0
L597I,0.22631,0.48317146,1
L597K,0.0307135,0.065218546,0
L597M,0.0257836,0.054684278,0
L597N,0.0148884,0.031403285,0
L597P,0.0137483,0.028967106,0
L597Q,0.028211,0.059871175,0
L597R,0.0129112,0.027178381,0
L597S,0.00755226,0.015727335,0
L597T,0.0219251,0.046439389,0
L597V,0.115162,0.2456691,1
L597W,0.0305395,0.064846741,0
L597Y,0.0233609,0.049507424,0
L598A,0.0203097,0.042987583,0
L598C,0.0192975,0.040824702,0
L598D,0.0214144,0.045348119,0
L598E,0.0244178,0.05176582,0
L598F,0.0298373,0.063346272,0
L598G,0.0194185,0.041083257,0
L598H,0.0191771,0.04056743,0
L598I,0.0377591,0.080273668,0
L598K,0.0275395,0.058436305,0
L598M,0.0432026,0.091905403,0
L598N,0.0263244,0.055839865,0
L598P,0.0338495,0.071919588,0
L598Q,0.0334209,0.07100375,0
L598R,0.0374554,0.079624718,0
L598S,0.0117042,0.024599249,0
L598T,0.0210044,0.044472026,0
L598V,0.0147249,0.031053917,0
L598W,0.0615808,0.131176158,0
L598Y,0.0339482,0.072130491,0
G599A,0.0302408,0.064208475,0
G599C,0.00297853,0.005954134,0
G599D,0.00540767,0.011144749,0
G599E,0.0202658,0.042893777,0
G599F,0.0642073,0.136788494,0
G599H,0.081682,0.17412864,0
G599I,0.020232,0.042821553,0
G599K,0.0755335,0.160990452,0
G599L,0.0641024,0.136564343,0
G599M,0.0923945,0.197019236,0
G599N,0.0269975,0.057278153,0
G599P,0.0058153,0.012015778,0
G599Q,0.0178799,0.037795558,0
G599R,0.0639979,0.136341046,0
G599S,0.0219484,0.046489177,0
G599T,0.0302899,0.064313393,0
G599V,0.0443322,0.094319145,0
G599W,0.085193,0.181630986,0
G599Y,0.200016,0.42698613,1
I600A,0.013702,0.028868172,0
I600C,0.07159,0.152563935,0
I600D,0.0280677,0.059564969,0
I600E,0.0215025,0.045536372,0
I600F,0.0226308,0.047947337,0
I600G,0.0123656,0.026012536,0
I600H,0.024663,0.052289766,0
I600K,0.0264142,0.056031751,0
I600L,0.197825,0.422304376,1
I600M,0.0454072,0.096616218,0
I600N,0.0428851,0.091226965,0
I600P,0.0111898,0.023500073,0
I600Q,0.0265055,0.056226842,0
I600R,0.0309186,0.065656806,0
I600S,0.0159615,0.033696298,0
I600T,0.0432893,0.092090664,0
I600V,0.0847676,0.180721986,0
I600W,0.021382,0.045278887,0
I600Y,0.0111553,0.023426353,0
W601A,0.00487486,0.010006235,0
W601C,0.0244796,0.051897875,0
W601D,0.00659881,0.013689991,0
W601E,0.00391919,0.007964148,0
W601F,0.468179,1,1
W601G,0.00448978,0.009183391,0
W601H,0.00488553,0.010029034,0
W601I,0.0225928,0.047866138,0
W601K,0.0029868,0.005971806,0
W601L,0.0616566,0.131338128,0
W601M,0.273408,0.583811024,1
W601N,0.00275359,0.00547348,0
W601P,0.00316874,0.006360577,0
W601Q,0.00246644,0.004859894,0
W601R,0.00418904,0.008540766,0
W601S,0.00195092,0.003758325,0
W601T,0.00399902,0.008134729,0
W601V,0.00306524,0.006139417,0
W601Y,0.027774,0.058937388,0
G602A,0.0320257,0.068022471,0
G602C,0.0490073,0.104308954,0
G602D,0.0502194,0.106898984,0
G602E,0.0199921,0.042308932,0
G602F,0.0271702,0.057647181,0
G602H,0.023835,0.050520486,0
G602I,0.0274457,0.058235872,0
G602K,0.0205603,0.043523068,0
G602L,0.0213831,0.045281237,0
G602M,0.0363782,0.077322944,0
G602N,0.029153,0.061884051,0
G602P,0.0164379,0.034714275,0
G602Q,0.0245128,0.051968817,0
G602R,0.0192734,0.040773205,0
G602S,0.0412421,0.087716183,0
G602T,0.019165,0.040541575,0
G602V,0.0424284,0.090251083,0
G602W,0.0223015,0.047243685,0
G602Y,0.0325637,0.069172075,0
C603A,0.0138887,0.029267115,0
C603D,0.0169261,0.035757467,0
C603E,0.0323318,0.068676549,0
C603F,0.0488692,0.104013861,0
C603G,0.0308969,0.065610437,0
C603H,0.0192663,0.040758034,0
C603I,0.0177605,0.037540423,0
C603K,0.0348613,0.074081614,0
C603L,0.0124775,0.026251646,0
C603M,0.0298274,0.063325117,0
C603N,0.0218777,0.046338104,0
C603P,0.0144648,0.030498132,0
C603Q,0.0179283,0.03789898,0
C603R,0.030172,0.064061463,0
C603S,0.0393022,0.083570982,0
C603T,0.0156542,0.033039656,0
C603V,0.0249928,0.052994487,0
C603W,0.0266906,0.056622366,0
C603Y,0.057058,0.121511785,0
S604A,0.150933,0.322104995,1
S604C,0.133099,0.283997093,1
S604D,0.00692569,0.014388472,0
S604E,0.0110204,0.023138097,0
S604F,0.045364,0.096523908,0
S604G,0.0586262,0.124862734,0
S604H,0.0248534,0.052696615,0
S604I,0.0820392,0.174891909,0
S604K,0.0342739,0.072826451,0
S604L,0.0311417,0.066133529,0
S604M,0.0536676,0.114267138,0
S604N,0.00710639,0.014774594,0
S604P,0.0999558,0.213176312,0
S604Q,0.00970209,0.020321117,0
S604R,0.0276654,0.05870533,0
S604T,0.0393125,0.083592991,0
S604V,0.057618,0.1227084,0
S604W,0.0245883,0.052130146,0
S604Y,0.050476,0.10744729,0
G605A,0.0601823,0.128187826,0
G605C,0.0594666,0.12665851,0
G605D,0.00871097,0.01820328,0
G605E,0.0408867,0.08695676,0
G605F,0.145907,0.311365379,1
G605H,0.222408,0.474833621,1
G605I,0.0115065,0.024176801,0
G605K,0.0238372,0.050525187,0
G605L,0.0432221,0.091947071,0
G605M,0.0522079,0.111148034,0
G605N,0.0188938,0.039962071,0
G605P,0.0144313,0.030426549,0
G605Q,0.0184266,0.038963753,0
G605R,0.0462606,0.098439773,0
G605S,0.0159763,0.033727923,0
G605T,0.0161561,0.034112122,0
G605V,0.0192812,0.040789872,0
G605W,0.0579243,0.123362905,0
G605Y,0.0446268,0.09494865,0
K606A,0.0229056,0.048534533,0
K606C,0.0560623,0.119384162,0
K606D,0.0118778,0.0249702,0
K606E,0.0298413,0.063354819,0
K606F,0.0409084,0.087003129,0
K606G,0.00662907,0.013754651,0
K606H,0.0156843,0.033103974,0
K606I,0.0341264,0.072511271,0
K606L,0.066141,0.140920447,0
K606M,0.0548064,0.11670054,0
K606N,0.0145073,0.030588946,0
K606P,0.00862424,0.018017954,0
K606Q,0.0152266,0.032125955,0
K606R,0.382524,0.816971383,1
K606S,0.0157854,0.033320006,0
K606T,0.0326998,0.069462895,0
K606V,0.0128786,0.027108721,0
K606W,0.0291102,0.061792596,0
K606Y,0.0354759,0.075394899,0
L607A,0.00568286,0.011732779,0
L607C,0.0413088,0.087858708,0
L607D,0.00561184,0.011581022,0
L607E,0.00815828,0.017022285,0
L607F,0.313908,0.670351903,1
L607G,0.00244726,0.00481891,0
L607H,0.0462979,0.098519476,0
L607I,0.143458,0.306132327,1
L607K,0.00635031,0.013158994,0
L607M,0.0427025,0.090836783,0
L607N,0.0130605,0.027497407,0
L607P,0.017079,0.036084185,0
L607Q,0.0187023,0.039552872,0
L607R,0.0193999,0.041043512,0
L607S,0.00845227,0.017650487,0
L607T,0.0175348,0.037058144,0
L607V,0.036061,0.076645147,0
L607W,0.0305743,0.064921102,0
L607Y,0.13584,0.289854095,1
I608A,0.0141043,0.029727811,0
I608C,0.0325339,0.069108398,0
I608D,0.035103,0.074598082,0
I608E,0.0254441,0.05395883,0
I608F,0.0895642,0.190971418,0
I608G,0.0089385,0.018689469,0
I608H,0.0343981,0.073091843,0
I608K,0.0303299,0.064398865,0
I608L,0.0520671,0.110847171,0
I608M,0.0372491,0.079183894,0
I608N,0.0455748,0.096974348,0
I608P,0.0182518,0.038590238,0
I608Q,0.0413537,0.087954651,0
I608R,0.125478,0.26771245,1
I608S,0.0125253,0.026353785,0
I608T,0.0453351,0.096462154,0
I608V,0.0676924,0.144235497,0
I608W,0.0326566,0.069370585,0
I608Y,0.027439,0.058221556,0
C609A,0.021561,0.045661376,0
C609D,0.0315947,0.067101505,0
C609E,0.0280828,0.059597235,0
C609F,0.041369,0.087987345,0
C609G,0.00833418,0.017398151,0
C609H,0.0345267,0.073366637,0
C609I,0.0233719,0.049530928,0
C609K,0.032036,0.06804448,0
C609L,0.0179226,0.0378868,0
C609M,0.041936,0.089198917,0
C609N,0.0272683,0.057856802,0
C609P,0.0193226,0.040878336,0
C609Q,0.0304158,0.064582417,0
C609R,0.0483399,0.102882846,0
C609S,0.0159526,0.03367728,0
C609T,0.0263907,0.055981536,0
C609V,0.00855764,0.017875642,0
C609W,0.0249483,0.052899399,0
C609Y,0.0653479,0.139225742,0
T610A,0.03475,0.073843787,0
T610C,0.123815,0.264158932,1
T610D,0.0160813,0.033952288,0
T610E,0.0147462,0.031099431,0
T610F,0.0703576,0.149930528,0
T610G,0.0272678,0.057855734,0
T610H,0.0275347,0.058426049,0
T610I,0.0650396,0.138566963,0
T610K,0.0471188,0.100273585,0
T610L,0.0214365,0.045395343,0
T610M,0.080112,0.170773845,0
T610N,0.0454733,0.096757461,0
T610P,0.0103559,0.021718186,0
T610Q,0.021205,0.044900671,0
T610R,0.144601,0.308574703,1
T610S,0.0166479,0.035163006,0
T610V,0.0623642,0.132850136,0
T610W,0.0794526,0.169364831,0
T610Y,0.0467316,0.099446212,0
T611A,0.0297597,0.063180455,0
T611C,0.0283006,0.060062633,0
T611D,0.0243673,0.051657911,0
T611E,0.0310039,0.065839076,0
T611F,0.0309464,0.06571621,0
T611G,0.0219211,0.046430842,0
T611H,0.0329866,0.070075733,0
T611I,0.106548,0.227262603,1
T611K,0.0521479,0.111019826,0
T611L,0.0354278,0.075292118,0
T611M,0.0468155,0.09962549,0
T611N,0.0475912,0.101283015,0
T611P,0.0173752,0.036717109,0
T611Q,0.0361538,0.076843444,0
T611R,0.011782,0.024765493,0
T611S,0.056161,0.119595065,0
T611V,0.0197042,0.041693744,0
T611W,0.0341286,0.072515972,0
T611Y,0.0215944,0.045732745,0
A612C,0.0872819,0.186094572,0
A612D,0.0409473,0.087086251,0
A612E,0.0280514,0.059530139,0
A612F,0.0215563,0.045651333,0
A612G,0.0289024,0.061348566,0
A612H,0.0612409,0.130449855,0
A612I,0.119669,0.255299711,1
A612K,0.0566824,0.120709199,0
A612L,0.0735184,0.156684563,0
A612M,0.0669094,0.142562373,0
A612N,0.0348601,0.07407905,0
A612P,0.0670649,0.142894648,0
A612Q,0.0190635,0.040324688,0
A612R,0.0366973,0.078004801,0
A612S,0.0691024,0.147248402,0
A612T,0.0163651,0.034558715,0
A612V,0.0664575,0.141596748,0
A612W,0.0177005,0.037412214,0
A612Y,0.0377674,0.080291403,0
V613A,0.0465142,0.098981669,0
V613C,0.131776,0.281170091,1
V613D,0.0136671,0.028793597,0
V613E,0.0300146,0.063725128,0
V613F,0.0132672,0.027939086,0
V613G,0.0106779,0.022406239,0
V613H,0.0338955,0.072017881,0
V613I,0.0576855,0.122852635,0
V613K,0.0185006,0.039121877,0
V613L,0.109423,0.233405937,1
V613M,0.0769636,0.164046307,0
V613N,0.0220123,0.046625719,0
V613P,0.0226845,0.048062084,0
V613Q,0.0356323,0.075729096,0
V613R,0.0175368,0.037062418,0
V613S,0.0212958,0.045094693,0
V613T,0.0717324,0.152868217,0
V613W,0.0144297,0.03042313,0
V613Y,0.0213586,0.045228885,0
P614A,0.0325615,0.069167374,0
P614C,0.0403939,0.085903739,0
P614D,0.01042,0.021855155,0
P614E,0.0166988,0.035271769,0
P614F,0.0205192,0.043435245,0
P614G,0.0367184,0.078049887,0
P614H,0.0419105,0.089144428,0
P614I,0.0524889,0.111748478,0
P614K,0.0722536,0.153981923,0
P614L,0.0693263,0.147726834,0
P614M,0.0976167,0.208178095,0
P614N,0.0180589,0.038178047,0
P614Q,0.0420379,0.089416658,0
P614R,0.136244,0.290717367,1
P614S,0.061672,0.131371035,0
P614T,0.0670485,0.142859604,0
P614V,0.0688745,0.146761422,0
P614W,0.0337363,0.071677701,0
P614Y,0.0119755,0.025178966,0
W615A,0.0144713,0.030512021,0
W615C,0.0499837,0.106395337,0
W615D,0.0421136,0.089578415,0
W615E,0.0252351,0.053512236,0
W615F,0.0178784,0.037792353,0
W615G,0.0275257,0.058406817,0
W615H,0.0301749,0.064067659,0
W615I,0.0339547,0.072144381,0
W615K,0.0299259,0.063535593,0
W615L,0.0355476,0.075548108,0
W615M,0.0265951,0.0564183,0
W615N,0.0264095,0.056021708,0
W615P,0.0186585,0.03945928,0
W615Q,0.0240533,0.050986952,0
W615R,0.0328762,0.069839829,0
W615S,0.0120914,0.025426623,0
W615T,0.0196989,0.041682419,0
W615V,0.0114984,0.024159493,0
W615Y,0.024087,0.051058963,0
N616A,0.0354345,0.075306435,0
N616C,0.0541457,0.115288748,0
N616D,0.091802,0.195753175,0
N616E,0.0476244,0.101353957,0
N616F,0.00961429,0.020133505,0
N616G,0.0108757,0.022828901,0
N616H,0.0488345,0.103939713,0
N616I,0.028623,0.060751541,0
N616K,0.0433421,0.092203488,0
N616L,0.0226575,0.04800439,0
N616M,0.0271808,0.057669831,0
N616P,0.01259,0.026492037,0
N616Q,0.124317,0.265231612,1
N616R,0.0987886,0.210682225,0
N616S,0.157428,0.335983588,1
N616T,0.0318042,0.067549167,0
N616V,0.0116035,0.024384072,0
N616W,0.022325,0.0472939,0
N616Y,0.0354931,0.075431652,0
A617C,0.0300787,0.063862098,0
A617D,0.136858,0.292029369,1
A617E,0.0342571,0.072790553,0
A617F,0.0172973,0.036550651,0
A617G,0.0168468,0.035588018,0
A617H,0.0539135,0.114792581,0
A617I,0.0266265,0.056485396,0
A617K,0.0967565,0.20634001,0
A617L,0.018881,0.03993472,0
A617M,0.0316996,0.067325656,0
A617N,0.0658956,0.140396073,0
A617P,0.0562257,0.119733317,0
A617Q,0.0259579,0.055056724,0
A617R,0.075569,0.161066309,0
A617S,0.0894796,0.190790644,0
A617T,0.0545025,0.116051163,0
A617V,0.0436552,0.092872524,0
A617W,0.0377328,0.080217469,0
A617Y,0.040251,0.085598389,0
S618A,0.0332816,0.070706093,0
S618C,0.0715106,0.152394272,0
S618D,0.0744565,0.158689106,0
S618E,0.0346065,0.073537155,0
S618F,0.0164633,0.03476855,0
S618G,0.0584139,0.124409088,0
S618H,0.0914766,0.195057857,0
S618I,0.0474381,0.100955869,0
S618K,0.0415262,0.088323251,0
S618L,0.044424,0.094515305,0
S618M,0.0478541,0.101844783,0
S618N,0.0756666,0.161274862,0
S618P,0.00699146,0.014529011,0
S618Q,0.0400187,0.085102008,0
S618R,0.0919389,0.196045705,0
S618T,0.0618106,0.131667197,0
S618V,0.0396381,0.084288737,0
S618W,0.0205414,0.043482683,0
S618Y,0.0560565,0.119371768,0
W619A,0.0268926,0.057054002,0
W619C,0.0693226,0.147718928,0
W619D,0.0271097,0.057517904,0
W619E,0.0266523,0.056540526,0
W619F,0.0296098,0.062860147,0
W619G,0.035671,0.075811791,0
W619H,0.01855,0.039227436,0
W619I,0.028509,0.060507944,0
W619K,0.0314623,0.066818591,0
W619L,0.043599,0.092752435,0
W619M,0.0388301,0.082562193,0
W619N,0.0252284,0.05349792,0
W619P,0.0257161,0.054540043,0
W619Q,0.0365992,0.07779518,0
W619R,0.0440787,0.093777464,0
W619S,0.0189653,0.040114853,0
W619T,0.025486,0.054048362,0
W619V,0.0208002,0.044035689,0
W619Y,0.0313252,0.066525634,0
S620A,0.0238832,0.05062348,0
S620C,0.146003,0.311570513,1
S620D,0.0391656,0.083279093,0
S620E,0.0370635,0.078787301,0
S620F,0.0298865,0.063451403,0
S620G,0.0176433,0.037289988,0
S620H,0.0272229,0.057759791,0
S620I,0.0747768,0.159373527,0
S620K,0.0247128,0.052396179,0
S620L,0.017859,0.037750899,0
S620M,0.0298348,0.06334093,0
S620N,0.0881967,0.188049328,0
S620P,0.0108061,0.022680178,0
S620Q,0.0272892,0.057901461,0
S620R,0.0085942,0.017953764,0
S620T,0.0853342,0.181932704,0
S620V,0.0688887,0.146791765,0
S620W,0.03107,0.06598032,0
S620Y,0.0397314,0.084488102,0
N621A,0.0632111,0.134659802,0
N621C,0.0831448,0.177254368,0
N621D,0.064784,0.138020793,0
N621E,0.0223501,0.047347534,0
N621F,0.0279559,0.059326074,0
N621G,0.0438212,0.093227235,0
N621H,0.0386683,0.082216457,0
N621I,0.0238297,0.050509161,0
N621K,0.0876988,0.186985409,0
N621L,0.012807,0.026955725,0
N621M,0.0239835,0.050837803,0
N621P,0.0622207,0.132543504,0
N621Q,0.0505988,0.10770969,0
N621R,0.0578492,0.123202431,0
N621S,0.0768945,0.163898653,0
N621T,0.0903575,0.192666551,0
N621V,0.0186839,0.039513555,0
N621W,0.0209106,0.044271594,0
N621Y,0.0232054,0.049175149,0
K622A,0.045254,0.096288859,0
K622C,0.0366249,0.077850096,0
K622D,0.0369909,0.078632169,0
K622E,0.0426825,0.090794047,0
K622F,0.0590244,0.125713612,0
K622G,0.0100348,0.021032055,0
K622H,0.0513109,0.109231314,0
K622I,0.0313377,0.066552344,0
K622L,0.056164,0.119601476,0
K622M,0.0369647,0.078576184,0
K622N,0.0499101,0.106238068,0
K622P,0.029164,0.061907556,0
K622Q,0.0321834,0.068359446,0
K622R,0.172612,0.368428939,1
K622S,0.0128504,0.027048463,0
K622T,0.0179005,0.037839576,0
K622V,0.0168076,0.035504255,0
K622W,0.030402,0.064552929,0
K622Y,0.0476034,0.101309084,0
S623A,0.0431797,0.09185647,0
S623C,0.0632457,0.134733736,0
S623D,0.0504003,0.107285533,0
S623E,0.0256979,0.054501153,0
S623F,0.0309183,0.065656165,0
S623G,0.0426456,0.090715199,0
S623H,0.0411901,0.087605069,0
S623I,0.0394892,0.083970566,0
S623K,0.0431761,0.091848777,0
S623L,0.0303124,0.064361471,0
S623M,0.0408618,0.086903554,0
S623N,0.0352527,0.074917962,0
S623P,0.0827789,0.176472509,0
S623Q,0.0478829,0.101906323,0
S623R,0.0536389,0.114205812,0
S623T,0.0690913,0.147224683,0
S623V,0.0191648,0.040541147,0
S623W,0.0379902,0.080767485,0
S623Y,0.0493759,0.105096583,0
L624A,0.0436744,0.092913551,0
L624C,0.0646793,0.137797069,0
L624D,0.0460157,0.097916468,0
L624E,0.0438494,0.093287493,0
L624F,0.0362166,0.076977635,0
L624G,0.0259355,0.055008859,0
L624H,0.0362697,0.0770911,0
L624I,0.0303366,0.064413182,0
L624K,0.0361495,0.076834255,0
L624M,0.0764621,0.162974696,0
L624N,0.0387169,0.082320306,0
L624P,0.0320561,0.06808743,0
L624Q,0.062247,0.132599702,0
L624R,0.0523396,0.111429452,0
L624S,0.0134873,0.028409398,0
L624T,0.0749608,0.1597667,0
L624V,0.0493534,0.105048505,0
L624W,0.0348561,0.074070503,0
L624Y,0.0387987,0.082495097,0
E625A,0.0248489,0.052687,0
E625C,0.048473,0.103167256,0
E625D,0.0688652,0.14674155,0
E625F,0.042147,0.089649784,0
E625G,0.0371642,0.079002478,0
E625H,0.0521543,0.111033501,0
E625I,0.0500109,0.106453459,0
E625K,0.108305,0.231016981,1
E625L,0.0373843,0.07947279,0
E625M,0.0395785,0.084161383,0
E625N,0.0535514,0.114018841,0
E625P,0.0207412,0.043909618,0
E625Q,0.0309768,0.065781169,0
E625R,0.0317142,0.067356854,0
E625S,0.0345082,0.073327106,0
E625T,0.0393654,0.083706028,0
E625V,0.0586512,0.124916154,0
E625W,0.039908,0.084865462,0
E625Y,0.0777559,0.165739303,0
Q626A,0.0577406,0.122970373,0
Q626C,0.0542163,0.115439607,0
Q626D,0.0410056,0.087210827,0
Q626E,0.0854712,0.182225447,0
Q626F,0.0385367,0.081935252,0
Q626G,0.0195059,0.041270014,0
Q626H,0.0494721,0.105302144,0
Q626I,0.0652191,0.13895052,0
Q626K,0.0731414,0.155878985,0
Q626L,0.0491683,0.104652981,0
Q626M,0.120366,0.256789068,1
Q626N,0.0389305,0.082776729,0
Q626P,0.0147874,0.031187467,0
Q626R,0.0270143,0.057314052,0
Q626S,0.0490467,0.104393145,0
Q626T,0.0255293,0.054140886,0
Q626V,0.0257084,0.054523589,0
Q626W,0.0272928,0.057909154,0
Q626Y,0.0579145,0.123341965,0
I627A,0.0268787,0.0570243,0
I627C,0.0411398,0.087497587,0
I627D,0.0331054,0.070329586,0
I627E,0.0375207,0.079764252,0
I627F,0.0565401,0.12040513,0
I627G,0.0254738,0.054022293,0
I627H,0.0363019,0.077159905,0
I627K,0.0250326,0.053079532,0
I627L,0.0218111,0.046195793,0
I627M,0.0439411,0.093483438,0
I627N,0.105815,0.22569632,1
I627P,0.0201998,0.042752748,0
I627Q,0.0138123,0.029103862,0
I627R,0.0119037,0.025025543,0
I627S,0.0386526,0.082182909,0
I627T,0.0495661,0.105503005,0
I627V,0.0553155,0.117788391,0
I627W,0.0272911,0.057905521,0
I627Y,0.0312653,0.066397639,0
W628A,0.0376888,0.08012345,0
W628C,0.0512369,0.10907319,0
W628D,0.0320101,0.067989136,0
W628E,0.0371667,0.07900782,0
W628F,0.0379119,0.080600172,0
W628G,0.0317102,0.067348307,0
W628H,0.027381,0.058097621,0
W628I,0.0194829,0.041220867,0
W628K,0.0264715,0.05615419,0
W628L,0.02557,0.054227855,0
W628M,0.0407852,0.086739874,0
W628N,0.0382053,0.081227113,0
W628P,0.0388266,0.082554714,0
W628Q,0.0174883,0.036958782,0
W628R,0.0297573,0.063175327,0
W628S,0.0217269,0.046015873,0
W628T,0.0230081,0.048753556,0
W628V,0.019866,0.04203948,0
W628Y,0.05974,0.127242715,0
N629A,0.0376152,0.07996618,0
N629C,0.078196,0.166679714,0
N629D,0.100184,0.213663932,1
N629E,0.0997842,0.212809635,0
N629F,0.0337976,0.071808688,0
N629G,0.0163435,0.03451256,0
N629H,0.0276186,0.058605327,0
N629I,0.00798574,0.0166536,0
N629K,0.0649548,0.138385761,0
N629L,0.0509652,0.108492618,0
N629M,0.0350562,0.074498079,0
N629P,0.0150747,0.031801373,0
N629Q,0.069657,0.148433478,0
N629R,0.028833,0.061200272,0
N629S,0.0380214,0.080834153,0
N629T,0.0556439,0.11849012,0
N629V,0.0146448,0.030882758,0
N629W,0.0782546,0.166804931,0
N629Y,0.0317133,0.067354931,0
N630A,0.0425193,0.090445319,0
N630C,0.0951715,0.202953163,0
N630D,0.0384903,0.081836104,0
N630E,0.0366142,0.077827232,0
N630F,0.0754897,0.16089686,0
N630G,0.0463958,0.09872867,0
N630H,0.0417257,0.088749545,0
N630I,0.0498353,0.106078235,0
N630K,0.106585,0.227341665,1
N630L,0.062868,0.133926662,0
N630M,0.0611805,0.130320792,0
N630P,0.0065892,0.013669457,0
N630Q,0.0438182,0.093220824,0
N630R,0.0475388,0.101171046,0
N630S,0.0260428,0.055238139,0
N630T,0.032504,0.069044508,0
N630V,0.0456315,0.097095505,0
N630W,0.0516351,0.109924068,0
N630Y,0.0371614,0.078996495,0
M631A,0.00663792,0.013773562,0
M631C,0.0321881,0.068369489,0
M631D,0.025797,0.054712911,0
M631E,0.0209148,0.044280568,0
M631F,0.0609426,0.129812445,0
M631G,0.00971123,0.020340647,0
M631H,0.0418204,0.088951901,0
M631I,0.0797573,0.170015918,0
M631K,0.0257243,0.054557565,0
M631L,0.1024,0.218399107,1
M631N,0.0271266,0.057554016,0
M631P,0.0180788,0.03822057,0
M631Q,0.0494623,0.105281204,0
M631R,0.0175747,0.037143403,0
M631S,0.044288,0.094224698,0
M631T,0.107927,0.230209266,1
M631V,0.041741,0.088782239,0
M631W,0.0205773,0.043559394,0
M631Y,0.104566,0.223027442,1
T632A,0.0250203,0.053053249,0
T632C,0.024114,0.051116657,0
T632D,0.023114,0.048979845,0
T632E,0.0269724,0.057224519,0
T632F,0.0296824,0.063015279,0
T632G,0.0103153,0.021631431,0
T632H,0.0301793,0.064077061,0
T632I,0.0728078,0.155166144,0
T632K,0.0312594,0.066385032,0
T632L,0.0121345,0.025518719,0
T632M,0.0347255,0.073791435,0
T632N,0.068888,0.146790269,0
T632P,0.0201693,0.042687575,0
T632Q,0.0276233,0.05861537,0
T632R,0.0175543,0.037099812,0
T632S,0.0536578,0.114246198,0
T632V,0.021115,0.044708358,0
T632W,0.0335121,0.071198628,0
T632Y,0.0386599,0.082198508,0
W633A,0.0217292,0.046020788,0
W633C,0.0465845,0.099131887,0
W633D,0.0232586,0.049288828,0
W633E,0.0385139,0.081886533,0
W633F,0.0219228,0.046434474,0
W633G,0.0207734,0.043978423,0
W633H,0.0436509,0.092863335,0
W633I,0.0227385,0.048177472,0
W633K,0.0492346,0.104794652,0
W633L,0.0462113,0.098334428,0
W633M,0.0371124,0.078891791,0
W633N,0.029533,0.06269604,0
W633P,0.0218821,0.046347506,0
W633Q,0.0321471,0.06828188,0
W633R,0.0409841,0.087164886,0
W633S,0.0257647,0.054643892,0
W633T,0.03255,0.069142801,0
W633V,0.0158893,0.03354202,0
W633Y,0.0318276,0.067599168,0
M634A,0.0172061,0.036355774,0
M634C,0.0206674,0.043751921,0
M634D,0.0143477,0.030247911,0
M634E,0.0170471,0.036016021,0
M634F,0.0206943,0.043809401,0
M634G,0.00702727,0.01460553,0
M634H,0.0415631,0.0884021,0
M634I,0.0600607,0.12792799,0
M634K,0.0982838,0.209603562,0
M634L,0.164454,0.350996828,1
M634N,0.0332162,0.070566345,0
M634P,0.0251022,0.053228254,0
M634Q,0.0353375,0.075099164,0
M634R,0.167522,0.357552567,1
M634S,0.0136003,0.028650858,0
M634T,0.0393108,0.083589358,0
M634V,0.028132,0.059702366,0
M634W,0.016395,0.034622606,0
M634Y,0.031115,0.066076476,0
E635A,0.0619909,0.132052464,0
E635C,0.0171569,0.036250643,0
E635D,0.0788434,0.168063086,0
E635F,0.0172837,0.036521591,0
E635G,0.0350175,0.074415384,0
E635H,0.0242798,0.05147094,0
E635I,0.0220763,0.046762475,0
E635K,0.123983,0.264517917,1
E635L,0.0367268,0.078067837,0
E635M,0.0814992,0.173738031,0
E635N,0.0370365,0.078729607,0
E635P,0.0198554,0.04201683,0
E635Q,0.119641,0.25523988,1
E635R,0.0133368,0.028087808,0
E635S,0.0410365,0.087276855,0
E635T,0.0326846,0.069430416,0
E635V,0.0118012,0.02480652,0
E635W,0.0253934,0.053850494,0
E635Y,0.0257546,0.05462231,0
W636A,0.0175877,0.037171181,0
W636C,0.037829,0.080423031,0
W636D,0.0379254,0.080629019,0
W636E,0.0306053,0.064987343,0
W636F,0.0226006,0.047882805,0
W636G,0.0190629,0.040323406,0
W636H,0.035136,0.074668596,0
W636I,0.0252054,0.053448773,0
W636K,0.023603,0.050024746,0
W636L,0.0387459,0.082382273,0
W636M,0.0327458,0.069561189,0
W636N,0.0322494,0.068500475,0
W636P,0.0291031,0.061777424,0
W636Q,0.0233511,0.049486483,0
W636R,0.0482122,0.102609975,0
W636S,0.0164242,0.034685001,0
W636T,0.0210084,0.044480574,0
W636V,0.0246969,0.052362204,0
W636Y,0.0362144,0.076972934,0
D637A,0.13275,0.283251346,1
D637C,0.015676,0.033086238,0
D637E,0.048729,0.10371428,0
D637F,0.00907092,0.018972425,0
D637G,0.0502219,0.106904326,0
D637H,0.0612513,0.130472078,0
D637I,0.0601944,0.128213682,0
D637K,0.0469685,0.099952422,0
D637L,0.0132289,0.027857246,0
D637M,0.0626066,0.133368099,0
D637N,0.0614868,0.130975298,0
D637P,0.00501305,0.010301521,0
D637Q,0.0926124,0.197484848,0
D637R,0.0112559,0.023641316,0
D637S,0.128209,0.273548084,1
D637T,0.0650109,0.138505636,0
D637V,0.0325212,0.069081261,0
D637W,0.0177624,0.037544483,0
D637Y,0.0469117,0.099831051,0
R638A,0.0620532,0.132185588,0
R638C,0.049503,0.105368172,0
R638D,0.0482156,0.10261724,0
R638E,0.0650901,0.138674872,0
R638F,0.0822972,0.175443206,0
R638G,0.0442441,0.094130892,0
R638H,0.0537355,0.114412228,0
R638I,0.0593499,0.126409144,0
R638K,0.0425959,0.090608999,0
R638L,0.0474659,0.101015273,0
R638M,0.0490719,0.104446992,0
R638N,0.0360985,0.076725278,0
R638P,0.00339762,0.006849651,0
R638Q,0.0227759,0.048257389,0
R638S,0.0438238,0.09323279,0
R638T,0.0463339,0.098596402,0
R638V,0.104683,0.223277449,1
R638W,0.0724611,0.154425312,0
R638Y,0.0305361,0.064839476,0
E639A,0.0313736,0.066629056,0
E639C,0.0909251,0.193879405,0
E639D,0.0645886,0.13760326,0
E639F,0.0205307,0.043459819,0
E639G,0.0109815,0.023054975,0
E639H,0.094246,0.200975543,0
E639I,0.0944996,0.201517439,0
E639K,0.0219081,0.046403063,0
E639L,0.0226152,0.047914003,0
E639M,0.039366,0.08370731,0
E639N,0.047432,0.100942835,0
E639P,0.00514738,0.010588559,0
E639Q,0.0415851,0.08844911,0
E639R,0.00550277,0.01134796,0
E639S,0.052194,0.111118333,0
E639T,0.0784999,0.167329091,0
E639V,0.0939768,0.200400314,0
E639W,0.0197049,0.041695239,0
E639Y,0.0401237,0.085326373,0
I640A,0.0283182,0.060100241,0
I640C,0.015521,0.032755032,0
I640D,0.024065,0.051011953,0
I640E,0.0180201,0.038095139,0
I640F,0.0215211,0.045576117,0
I640G,0.00868818,0.018154582,0
I640H,0.0204514,0.04329037,0
I640K,0.030891,0.06559783,0
I640L,0.11115,0.237096211,1
I640M,0.0364089,0.077388544,0
I640N,0.0861926,0.183766943,0
I640P,0.014607,0.030801986,0
I640Q,0.041674,0.088639072,0
I640R,0.0122498,0.025765094,0
I640S,0.00943423,0.01974875,0
I640T,0.0797071,0.16990865,0
I640V,0.0966862,0.206189792,0
I640W,0.0294007,0.06241334,0
I640Y,0.03413,0.072518964,0
N641A,0.0543717,0.115771668,0
N641C,0.10666,0.227501925,1
N641D,0.0472608,0.100577012,0
N641E,0.0310966,0.066037159,0
N641F,0.0674715,0.143763475,0
N641G,0.0835999,0.178226831,0
N641H,0.0233176,0.0494149,0
N641I,0.119507,0.254953547,1
N641K,0.103301,0.220324375,1
N641L,0.0382559,0.081335236,0
N641M,0.0693467,0.147770425,0
N641P,0.0013626,0.002501196,0
N641Q,0.0240447,0.050968575,0
N641R,0.0326165,0.069284899,0
N641S,0.035779,0.076042566,0
N641T,0.0164941,0.034834364,0
N641V,0.0394477,0.083881888,0
N641W,0.0412699,0.087775587,0
N641Y,0.0286595,0.060829535,0
N642A,0.0182776,0.038645368,0
N642C,0.0859344,0.183215218,0
N642D,0.0415441,0.0883615,0
N642E,0.0119098,0.025038578,0
N642F,0.0359131,0.076329113,0
N642G,0.0744113,0.158592522,0
N642H,0.0277997,0.058992304,0
N642I,0.0167481,0.035377114,0
N642K,0.170114,0.363091183,1
N642L,0.0744669,0.158711329,0
N642M,0.024277,0.051464957,0
N642P,0.0213381,0.045185081,0
N642Q,0.0347139,0.073766648,0
N642R,0.0230207,0.04878048,0
N642S,0.0339261,0.072083268,0
N642T,0.0298211,0.063311655,0
N642V,0.021838,0.046253273,0
N642W,0.0157834,0.033315732,0
N642Y,0.0425722,0.090558357,0
Y643A,0.0512571,0.109116354,0
Y643C,0.0384897,0.081834822,0
Y643D,0.0347324,0.073806179,0
Y643E,0.0286127,0.060729532,0
Y643F,0.123405,0.26328284,1
Y643G,0.00682758,0.01417883,0
Y643H,0.0928238,0.19793657,0
Y643I,0.0456618,0.09716025,0
Y643K,0.0336361,0.071463592,0
Y643L,0.0285204,0.060532304,0
Y643M,0.0409451,0.08708155,0
Y643N,0.06096,0.129849625,0
Y643P,0.0297634,0.063188361,0
Y643Q,0.0294847,0.062592832,0
Y643R,0.0392586,0.083477817,0
Y643S,0.0633229,0.134898698,0
Y643T,0.0149817,0.03160265,0
Y643V,0.0606511,0.129189564,0
Y643W,0.0589517,0.125558266,0
T644A,0.0243606,0.051643594,0
T644C,0.0435994,0.09275329,0
T644D,0.0316965,0.067319032,0
T644E,0.0265449,0.056311032,0
T644F,0.029978,0.063646921,0
T644G,0.015726,0.033193079,0
T644H,0.0571157,0.121635079,0
T644I,0.0711802,0.151688269,0
T644K,0.191486,0.408759125,1
T644L,0.0167917,0.035470279,0
T644M,0.0508204,0.108183208,0
T644N,0.0254843,0.05404473,0
T644P,0.00752025,0.015658935,0
T644Q,0.0390157,0.082958785,0
T644R,0.0703726,0.14996258,0
T644S,0.0569625,0.12130772,0
T644V,0.0133718,0.028162597,0
T644W,0.0370172,0.078688367,0
T644Y,0.108515,0.231465711,1
S645A,0.019671,0.041622802,0
S645C,0.0670213,0.142801483,0
S645D,0.0401257,0.085330646,0
S645E,0.0448487,0.095422809,0
S645F,0.0652882,0.139098174,0
S645G,0.0488616,0.103997621,0
S645H,0.0352244,0.074857491,0
S645I,0.0525036,0.11177989,0
S645K,0.0411383,0.087494382,0
S645L,0.0455297,0.096877978,0
S645M,0.0397908,0.084615028,0
S645N,0.104655,0.223217618,1
S645P,0.0593702,0.126452522,0
S645Q,0.0366509,0.077905653,0
S645R,0.0517765,0.110226214,0
S645T,0.0373875,0.079479628,0
S645V,0.0606318,0.129148323,0
S645W,0.0581521,0.123849671,0
S645Y,0.0491441,0.10460127,0
L646A,0.0861183,0.183608178,0
L646C,0.0545736,0.11620309,0
L646D,0.0605522,0.128978233,0
L646E,0.0673287,0.143458339,0
L646F,0.040733,0.086628332,0
L646G,0.0407413,0.086646068,0
L646H,0.0436223,0.092802223,0
L646I,0.0464076,0.098753885,0
L646K,0.057588,0.122644296,0
L646M,0.037199,0.079076839,0
L646N,0.0527413,0.11228781,0
L646P,0.0171279,0.036188675,0
L646Q,0.0602699,0.128375011,0
L646R,0.0418738,0.089066007,0
L646S,0.0652275,0.13896847,0
L646T,0.0388658,0.082638477,0
L646V,0.0241277,0.051145931,0
L646W,0.039815,0.084666739,0
L646Y,0.0744737,0.158725859,0
I647A,0.0357418,0.075963077,0
I647C,0.0341826,0.07263136,0
I647D,0.0460897,0.098074592,0
I647E,0.0377104,0.080169605,0
I647F,0.0444865,0.094648855,0
I647G,0.0457731,0.097398078,0
I647H,0.0325742,0.069194512,0
I647K,0.0590276,0.12572045,0
I647L,0.00988095,0.020703307,0
I647M,0.0512424,0.109084942,0
I647N,0.0344399,0.073181162,0
I647P,0.0353749,0.075179081,0
I647Q,0.029344,0.062292182,0
I647R,0.0536045,0.114132306,0
I647S,0.0241346,0.051160675,0
I647T,0.0683617,0.145665665,0
I647V,0.0758276,0.161618889,0
I647W,0.0357539,0.075988932,0
I647Y,0.0346847,0.073704253,0
H648A,0.0344578,0.073219411,0
H648C,0.118178,0.252113724,1
H648D,0.0186815,0.039508426,0
H648E,0.0434669,0.092470162,0
H648F,0.0533188,0.113521819,0
H648G,0.0721932,0.15385286,0
H648I,0.03725,0.079185817,0
H648K,0.0606928,0.129278669,0
H648L,0.0516739,0.110006977,0
H648M,0.0567789,0.120915401,0
H648N,0.0640793,0.136514982,0
H648P,0.0182593,0.038606264,0
H648Q,0.0528567,0.112534398,0
H648R,0.0289081,0.061360746,0
H648S,0.0373604,0.079421721,0
H648T,0.0396522,0.084318866,0
H648V,0.025808,0.054736416,0
H648W,0.0524879,0.111746342,0
H648Y,0.0704305,0.150086301,0
S649A,0.030736,0.065266624,0
S649C,0.0732073,0.156019801,0
S649D,0.0441721,0.093977042,0
S649E,0.0718672,0.153156259,0
S649F,0.0628435,0.13387431,0
S649G,0.0150185,0.031681285,0
S649H,0.0305663,0.064904007,0
S649I,0.0689797,0.146986215,0
S649K,0.0215784,0.045698556,0
S649L,0.0933576,0.1990772,0
S649M,0.0586723,0.124961241,0
S649N,0.048764,0.103789068,0
S649P,0.0329333,0.069961841,0
S649Q,0.0560668,0.119393777,0
S649R,0.0201937,0.042739713,0
S649T,0.0376538,0.080048661,0
S649V,0.0920169,0.196212376,0
S649W,0.0448991,0.095530504,0
S649Y,0.0679801,0.144850258,0
L650A,0.0717005,0.152800052,0
L650C,0.0209211,0.04429403,0
L650D,0.00545283,0.011241248,0
L650E,0.0510005,0.108568048,0
L650F,0.0278887,0.05918248,0
L650G,0.0060383,0.012492287,0
L650H,0.022603,0.047887934,0
L650I,0.0373248,0.07934565,0
L650K,0.105785,0.225632215,1
L650M,0.106645,0.227469873,1
L650N,0.0162949,0.034408711,0
L650P,0.006235,0.012912598,0
L650Q,0.0616089,0.131236202,0
L650R,0.103681,0.221136363,1
L650S,0.036885,0.07840588,0
L650T,0.0370555,0.078770207,0
L650V,0.0285012,0.060491277,0
L650W,0.0368412,0.078312288,0
L650Y,0.122476,0.261297741,1
I651A,0.0146325,0.030856475,0
I651C,0.0279538,0.059321587,0
I651D,0.040047,0.085162479,0
I651E,0.0247095,0.052389128,0
I651F,0.026985,0.057251443,0
I651G,0.014841,0.031302,0
I651H,0.0331676,0.070462496,0
I651K,0.0408746,0.086930905,0
I651L,0.123743,0.264005082,1
I651M,0.140218,0.299209057,1
I651N,0.0276156,0.058598917,0
I651P,0.0279757,0.059368383,0
I651Q,0.045062,0.095878591,0
I651R,0.0162653,0.034345462,0
I651S,0.0118043,0.024813144,0
I651T,0.042889,0.091235299,0
I651V,0.140811,0.300476186,1
I651W,0.0370755,0.078812943,0
I651Y,0.0225913,0.047862933,0
E652A,0.029812,0.06329221,0
E652C,0.0217618,0.046090448,0
E652D,0.30199,0.644885379,1
E652F,0.0240074,0.050888872,0
E652G,0.0324779,0.068988737,0
E652H,0.0138791,0.029246601,0
E652I,0.0228515,0.048418932,0
E652K,0.0949225,0.202421097,0
E652L,0.0294323,0.062480863,0
E652M,0.0427375,0.090911572,0
E652N,0.0347501,0.073844001,0
E652P,0.0186618,0.039466331,0
E652Q,0.0439861,0.093579595,0
E652R,0.0110752,0.023255194,0
E652S,0.0285185,0.060528244,0
E652T,0.0192458,0.040714229,0
E652V,0.0374973,0.07971425,0
E652W,0.0646259,0.137682964,0
E652Y,0.0262002,0.055574473,0
E653A,0.0422293,0.089825644,0
E653C,0.0590111,0.125685192,0
E653D,0.0502735,0.107014585,0
E653F,0.0582172,0.123988778,0
E653G,0.036865,0.078363144,0
E653H,0.0477631,0.101650333,0
E653I,0.068064,0.145029536,0
E653K,0.0616596,0.131344539,0
E653L,0.0434307,0.09239281,0
E653M,0.0690753,0.147190494,0
E653N,0.0599634,0.127720078,0
E653P,0.0165172,0.034883724,0
E653Q,0.0548587,0.116812295,0
E653R,0.0132266,0.027852331,0
E653S,0.0340475,0.072342677,0
E653T,0.0369875,0.078624904,0
E653V,0.0777646,0.165757893,0
E653W,0.0412806,0.08779845,0
E653Y,0.0321376,0.06826158,0
S654A,0.0381477,0.081104033,0
S654C,0.0260263,0.055202882,0
S654D,0.0627353,0.133643107,0
S654E,0.0467536,0.099493222,0
S654F,0.0596215,0.126989502,0
S654G,0.0204732,0.043336952,0
S654H,0.0523861,0.111528814,0
S654I,0.0507706,0.108076795,0
S654K,0.0328207,0.069721236,0
S654L,0.0559719,0.119190994,0
S654M,0.0313826,0.066648287,0
S654N,0.0624608,0.133056552,0
S654P,0.0224245,0.047506513,0
S654Q,0.0513953,0.109411661,0
S654R,0.0196729,0.041626862,0
S654T,0.100847,0.215080638,1
S654V,0.0497148,0.105820749,0
S654W,0.0423581,0.090100865,0
S654Y,0.0743356,0.158430765,0
Q655A,0.0937435,0.199901796,0
Q655C,0.0669838,0.142721352,0
Q655D,0.0405104,0.086152678,0
Q655E,0.081969,0.174741905,0
Q655F,0.0722747,0.15402701,0
Q655G,0.0230332,0.04880719,0
Q655H,0.0395826,0.084170144,0
Q655I,0.0145298,0.030637025,0
Q655K,0.0450032,0.095752946,0
Q655L,0.0593133,0.126330937,0
Q655M,0.0655641,0.13968772,0
Q655N,0.0243266,0.051570943,0
Q655P,0.00811246,0.016924377,0
Q655R,0.0438952,0.093385359,0
Q655S,0.0103198,0.021641047,0
Q655T,0.0499066,0.106230589,0
Q655V,0.0726881,0.154910368,0
Q655W,0.0342196,0.072710422,0
Q655Y,0.0630816,0.134383085,0
N656A,0.0202725,0.042908094,0
N656C,0.0243941,0.051715178,0
N656D,0.0704326,0.150090789,0
N656E,0.0256921,0.054488759,0
N656F,0.135887,0.289954525,1
N656G,0.00973597,0.020393512,0
N656H,0.0321652,0.068320556,0
N656I,0.0383732,0.081585884,0
N656K,0.0493527,0.105047009,0
N656L,0.0425146,0.090435276,0
N656M,0.0882127,0.188083517,0
N656P,0.0129827,0.027331163,0
N656Q,0.0259453,0.0550298,0
N656R,0.00404345,0.008229668,0
N656S,0.0233389,0.049460414,0
N656T,0.0295046,0.062635354,0
N656V,0.00775465,0.016159804,0
N656W,0.0959166,0.204545301,0
N656Y,0.212236,0.453097971,1
Q657A,0.06038,0.128610274,0
Q657C,0.0776405,0.165492715,0
Q657D,0.0505315,0.107565883,0
Q657E,0.073652,0.156970041,0
Q657F,0.072987,0.155549061,0
Q657G,0.0667072,0.14213031,0
Q657H,0.0502541,0.106973131,0
Q657I,0.0253529,0.053763953,0
Q657K,0.0495068,0.105376292,0
Q657L,0.0660059,0.140631764,0
Q657M,0.0725594,0.15463536,0
Q657N,0.0765455,0.163152906,0
Q657P,0.00748685,0.015587566,0
Q657R,0.0436031,0.092761196,0
Q657S,0.0125468,0.026399727,0
Q657T,0.0180867,0.038237451,0
Q657V,0.0483317,0.102865324,0
Q657W,0.0630017,0.134212354,0
Q657Y,0.0352736,0.074962622,0
Q658A,0.0372327,0.07914885,0
Q658C,0.0247892,0.052559432,0
Q658D,0.0243549,0.051631414,0
Q658E,0.0423057,0.089988896,0
Q658F,0.105652,0.225348019,1
Q658G,0.0127723,0.026881578,0
Q658H,0.0446214,0.094937111,0
Q658I,0.11524,0.245835771,1
Q658K,0.0382865,0.081400622,0
Q658L,0.146269,0.312138905,1
Q658M,0.0665335,0.141759146,0
Q658N,0.0732141,0.156034331,0
Q658P,0.000869748,0.001448064,0
Q658R,0.00373942,0.007580013,0
Q658S,0.00947872,0.019843817,0
Q658T,0.0113898,0.023927435,0
Q658V,0.0535901,0.114101536,0
Q658W,0.0185536,0.039235128,0
Q658Y,0.126581,0.270069354,1
E659A,0.0828833,0.176695592,0
E659C,0.0710131,0.151331208,0
E659D,0.0795772,0.169631078,0
E659F,0.0386403,0.082156626,0
E659G,0.010521,0.022070973,0
E659H,0.0130363,0.027445696,0
E659I,0.0571101,0.121623113,0
E659K,0.0481504,0.10247792,0
E659L,0.0716538,0.152700263,0
E659M,0.0487055,0.103664065,0
E659N,0.0257014,0.054508632,0
E659P,0.0140842,0.029684861,0
E659Q,0.0389007,0.082713052,0
E659R,0.00653668,0.013557231,0
E659S,0.0432519,0.092010748,0
E659T,0.0457345,0.097315597,0
E659V,0.107015,0.228260494,1
E659W,0.033542,0.071262518,0
E659Y,0.0671727,0.143124996,0
K660A,0.0144399,0.030444925,0
K660C,0.0363382,0.077237472,0
K660D,0.0122765,0.025822147,0
K660E,0.0526628,0.11212007,0
K660F,0.134859,0.287757882,1
K660G,0.0290732,0.061713534,0
K660H,0.0160096,0.033799079,0
K660I,0.0753578,0.160615014,0
K660L,0.0955868,0.203840581,0
K660M,0.112615,0.24022664,1
K660N,0.0177552,0.037529097,0
K660P,0.0147542,0.031116525,0
K660Q,0.0689026,0.146821467,0
K660R,0.00684777,0.014221972,0
K660S,0.0320337,0.068039565,0
K660T,0.0783411,0.166989765,0
K660V,0.0607295,0.12935709,0
K660W,0.0269338,0.057142038,0
K660Y,0.086891,0.185259293,0
N661A,0.0639383,0.136213692,0
N661C,0.0804068,0.171403777,0
N661D,0.0531995,0.113266897,0
N661E,0.0245781,0.052108351,0
N661F,0.0118349,0.02487853,0
N661G,0.0790255,0.168452199,0
N661H,0.040316,0.085737282,0
N661I,0.058288,0.124140064,0
N661K,0.0322352,0.068470133,0
N661L,0.0145567,0.030694505,0
N661M,0.0319895,0.067945118,0
N661P,0.0195718,0.04141083,0
N661Q,0.0896665,0.191190014,0
N661R,0.0835007,0.178014859,0
N661S,0.0908665,0.193754188,0
N661T,0.049641,0.105663052,0
N661V,0.0661651,0.140971944,0
N661W,0.0414623,0.088186709,0
N661Y,0.037712,0.080173024,0
E662A,0.0520867,0.110889053,0
E662C,0.0337153,0.071632828,0
E662D,0.0529412,0.112714958,0
E662F,0.0741774,0.158092722,0
E662G,0.0375135,0.079748867,0
E662H,0.0395059,0.08400625,0
E662I,0.0623996,0.132925779,0
E662K,0.102305,0.21819611,1
E662L,0.0429075,0.09127483,0
E662M,0.0264567,0.056122566,0
E662N,0.0303886,0.064524296,0
E662P,0.0206573,0.043730339,0
E662Q,0.0463315,0.098591273,0
E662R,0.0280614,0.059551508,0
E662S,0.0436543,0.092870601,0
E662T,0.0481996,0.102583051,0
E662V,0.0981336,0.209282613,0
E662W,0.0282056,0.059859636,0
E662Y,0.0474369,0.100953305,0
Q663A,0.031967,0.06789704,0
Q663C,0.0564124,0.12013226,0
Q663D,0.0146689,0.030934255,0
Q663E,0.0259683,0.055078947,0
Q663F,0.180754,0.385826861,1
Q663G,0.00827351,0.01726851,0
Q663H,0.0463224,0.098571828,0
Q663I,0.0429228,0.091307523,0
Q663K,0.0423903,0.09016967,0
Q663L,0.0468734,0.099749212,0
Q663M,0.0559731,0.119193558,0
Q663N,0.066175,0.140993099,0
Q663P,0.00798032,0.016642018,0
Q663R,0.0302082,0.064138815,0
Q663S,0.0291297,0.061834264,0
Q663T,0.0163598,0.03454739,0
Q663V,0.0742436,0.158234179,0
Q663W,0.0666078,0.141917911,0
Q663Y,0.103548,0.220852167,1
E664A,0.0830738,0.177102654,0
E664C,0.0559685,0.119183729,0
E664D,0.0398478,0.084736826,0
E664F,0.0591913,0.126070246,0
E664G,0.0239007,0.050660875,0
E664H,0.0434467,0.092426999,0
E664I,0.0488531,0.103979458,0
E664K,0.0582158,0.123985786,0
E664L,0.0360854,0.076697286,0
E664M,0.0547422,0.116563356,0
E664N,0.0842415,0.17959781,0
E664P,0.0225798,0.04783836,0
E664Q,0.0435876,0.092728075,0
E664R,0.0197311,0.041751224,0
E664S,0.0420608,0.089465591,0
E664T,0.0443412,0.094338377,0
E664V,0.0686365,0.146252861,0
E664W,0.0619095,0.131878528,0
E664Y,0.0596549,0.127060872,0
L665A,0.0402525,0.085601594,0
L665C,0.0360736,0.076672071,0
L665D,0.0360881,0.076703055,0
L665E,0.0271278,0.05755658,0
L665F,0.0695382,0.148179624,0
L665G,0.00897884,0.018775668,0
L665H,0.0468848,0.099773571,0
L665I,0.116204,0.247895658,1
L665K,0.0588258,0.125289241,0
L665M,0.0472046,0.100456924,0
L665N,0.0440095,0.093629596,0
L665P,0.0306205,0.065019823,0
L665Q,0.0501287,0.106705175,0
L665R,0.0197035,0.041692248,0
L665S,0.0526534,0.112099984,0
L665T,0.0312945,0.066460034,0
L665V,0.0250415,0.053098549,0
L665W,0.0407229,0.08660675,0
L665Y,0.0424516,0.090300657,0
L666A,0.0355352,0.075521612,0
L666C,0.0384973,0.081851062,0
L666D,0.018219,0.038520151,0
L666E,0.0261229,0.055409298,0
L666F,0.0610169,0.12997121,0
L666G,0.0117506,0.024698397,0
L666H,0.0199081,0.04212944,0
L666I,0.0242126,0.051327346,0
L666K,0.0228647,0.048447137,0
L666M,0.206694,0.44125576,1
L666N,0.0475986,0.101298828,0
L666P,0.0150172,0.031678507,0
L666Q,0.0308342,0.065476459,0
L666R,0.00879149,0.018375336,0
L666S,0.0467747,0.099538308,0
L666T,0.0238354,0.050521341,0
L666V,0.0256422,0.054382132,0
L666W,0.0985551,0.210183279,0
L666Y,0.0850225,0.18126666,0
E667A,0.0690716,0.147182588,0
E667C,0.0632235,0.134686299,0
E667D,0.0180813,0.038225912,0
E667F,0.0211027,0.044682075,0
E667G,0.034838,0.074031827,0
E667H,0.0340577,0.072364472,0
E667I,0.0552764,0.117704841,0
E667K,0.16218,0.346137718,1
E667L,0.0178254,0.037679102,0
E667M,0.0563441,0.119986315,0
E667N,0.0363192,0.077196872,0
E667P,0.0205599,0.043522214,0
E667Q,0.0576807,0.122842378,0
E667R,0.0733564,0.156338399,0
E667S,0.0389668,0.082854295,0
E667T,0.047282,0.100622313,0
E667V,0.0668696,0.142477328,0
E667W,0.0297487,0.06315695,0
E667Y,0.0271262,0.057553161,0
L668A,0.0298143,0.063297125,0
L668C,0.0833354,0.177661644,0
L668D,0.0570765,0.121551316,0
L668E,0.0263914,0.055983032,0
L668F,0.0924058,0.197043382,0
L668G,0.0164849,0.034814705,0
L668H,0.0362834,0.077120374,0
L668I,0.0327802,0.069634695,0
L668K,0.0251332,0.053294495,0
L668M,0.0790171,0.16843425,0
L668N,0.033435,0.07103388,0
L668P,0.0176902,0.037390205,0
L668Q,0.0553568,0.117876641,0
L668R,0.0099866,0.020929061,0
L668S,0.0534948,0.113897897,0
L668T,0.0214536,0.045431882,0
L668V,0.0198871,0.042084567,0
L668W,0.109212,0.232955069,1
L668Y,0.0357989,0.076085089,0
D669A,0.0157015,0.033140727,0
D669C,0.0426938,0.090818193,0
D669E,0.0470219,0.100066528,0
D669F,0.019211,0.040639868,0
D669G,0.0721722,0.153807987,0
D669H,0.135512,0.28915322,1
D669I,0.00956118,0.020020019,0
D669K,0.0566275,0.120591888,0
D669L,0.00473987,0.009717786,0
D669M,0.0311724,0.066199129,0
D669N,0.111065,0.236914582,1
D669P,0.0760622,0.162120185,0
D669Q,0.0407322,0.086626623,0
D669R,0.0310301,0.065895061,0
D669S,0.0861305,0.183634247,0
D669T,0.0485016,0.103228369,0
D669V,0.0218668,0.046314813,0
D669W,0.0439456,0.093493054,0
D669Y,0.0473248,0.100713768,0
K670A,0.0589566,0.125568736,0
K670C,0.0472971,0.100654579,0
K670D,0.0443742,0.094408891,0
K670E,0.0672628,0.143317523,0
K670F,0.0262623,0.055707169,0
K670G,0.0342619,0.072800809,0
K670H,0.0818084,0.174398733,0
K670I,0.0879929,0.187613845,0
K670L,0.0398981,0.084844308,0
K670M,0.0472236,0.100497523,0
K670N,0.0676891,0.144228446,0
K670P,0.00581652,0.012018385,0
K670Q,0.0276391,0.058649132,0
K670R,0.0496023,0.105580357,0
K670S,0.0385856,0.082039743,0
K670T,0.0339064,0.072041173,0
K670V,0.0890861,0.189949808,0
K670W,0.0299157,0.063513798,0
K670Y,0.051057,0.108688778,0
W671A,0.0360788,0.076683183,0
W671C,0.0429636,0.091394705,0
W671D,0.0318428,0.067631648,0
W671E,0.0313505,0.066579695,0
W671F,0.0850992,0.181430553,0
W671G,0.0152662,0.032210573,0
W671H,0.0345757,0.073471341,0
W671I,0.0450228,0.095794828,0
W671K,0.032845,0.069773161,0
W671L,0.0492007,0.104722214,0
W671M,0.0398919,0.08483106,0
W671N,0.0370103,0.078673623,0
W671P,0.0214529,0.045430387,0
W671Q,0.0374583,0.079630915,0
W671R,0.0299268,0.063537516,0
W671S,0.0264123,0.056027691,0
W671T,0.0185083,0.03913833,0
W671V,0.0180082,0.038069711,0
W671Y,0.0301103,0.063929621,0
A672C,0.054358,0.115742393,0
A672D,0.0537128,0.114363722,0
A672E,0.0384896,0.081834609,0
A672F,0.0786329,0.167613287,0
A672G,0.0225398,0.047752887,0
A672H,0.0515057,0.109647565,0
A672I,0.115464,0.246314417,1
A672K,0.0352915,0.075000871,0
A672L,0.0581825,0.12391463,0
A672M,0.0722258,0.15392252,0
A672N,0.0491537,0.104621784,0
A672P,0.00612043,0.012667783,0
A672Q,0.0386283,0.082130984,0
A672R,0.051474,0.109579828,0
A672S,0.0203795,0.043136733,0
A672T,0.0491167,0.104542722,0
A672V,0.0915103,0.195129867,0
A672W,0.0386208,0.082114958,0
A672Y,0.0262968,0.055780889,0
S673A,0.0251815,0.053397703,0
S673C,0.0711097,0.151537624,0
S673D,0.0163268,0.034476875,0
S673E,0.0398451,0.084731057,0
S673F,0.0753887,0.160681042,0
S673G,0.0324107,0.068845143,0
S673H,0.0399121,0.084874223,0
S673I,0.100887,0.215166111,1
S673K,0.0338015,0.071817021,0
S673L,0.0722,0.15386739,0
S673M,0.0469395,0.099890455,0
S673N,0.141791,0.302570262,1
S673P,0.0142439,0.03002611,0
S673Q,0.0444992,0.094675993,0
S673R,0.0320171,0.068004094,0
S673T,0.0277802,0.058950636,0
S673V,0.0569566,0.121295113,0
S673W,0.0316613,0.067243816,0
S673Y,0.0401246,0.085328296,0
L674A,0.01939,0.041022357,0
L674C,0.0308937,0.0656036,0
L674D,0.0286843,0.060882528,0
L674E,0.0631018,0.134426249,0
L674F,0.0360406,0.076601556,0
L674G,0.0186982,0.039544111,0
L674H,0.0331904,0.070511215,0
L674I,0.0334103,0.0709811,0
L674K,0.03403,0.072305283,0
L674M,0.0672743,0.143342096,0
L674N,0.0334665,0.071101189,0
L674P,0.0259839,0.055112281,0
L674Q,0.059167,0.126018321,0
L674R,0.0150366,0.031719961,0
L674S,0.0345034,0.073316849,0
L674T,0.0263622,0.055920637,0
L674V,0.065347,0.139223819,0
L674W,0.0332567,0.070652886,0
L674Y,0.0508609,0.108269749,0
W675A,0.0171958,0.036333765,0
W675C,0.0516774,0.110014456,0
W675D,0.0316091,0.067132275,0
W675E,0.0552757,0.117703346,0
W675F,0.108008,0.230382348,1
W675G,0.0141622,0.029851533,0
W675H,0.0450223,0.095793759,0
W675I,0.0755639,0.161055411,0
W675K,0.0324105,0.068844716,0
W675L,0.0789937,0.168384248,0
W675M,0.0623021,0.13271744,0
W675N,0.0275367,0.058430322,0
W675P,0.0272227,0.057759363,0
W675Q,0.0337929,0.071798644,0
W675R,0.0340312,0.072307847,0
W675S,0.0107751,0.022613937,0
W675T,0.0252422,0.053527408,0
W675V,0.035255,0.074922877,0
W675Y,0.0449936,0.095732433,0
N676A,0.0814217,0.173572428,0
N676C,0.057327,0.122086588,0
N676D,0.0528493,0.112518585,0
N676E,0.0296933,0.063038571,0
N676F,0.0262763,0.055737085,0
N676G,0.022933,0.048593082,0
N676H,0.0851066,0.181446365,0
N676I,0.0174589,0.03689596,0
N676K,0.0402114,0.085513771,0
N676L,0.0213019,0.045107728,0
N676M,0.0456111,0.097051914,0
N676P,0.0227325,0.048164651,0
N676Q,0.0393052,0.083577392,0
N676R,0.00679722,0.014113956,0
N676S,0.080537,0.17168199,0
N676T,0.192321,0.410543363,1
N676V,0.0385041,0.081865592,0
N676W,0.0485546,0.10334162,0
N676Y,0.018872,0.039915489,0
W677A,0.0326677,0.069394304,0
W677C,0.029962,0.063612732,0
W677D,0.0277116,0.058804051,0
W677E,0.0257452,0.054602224,0
W677F,0.0197195,0.041726437,0
W677G,0.0168537,0.035602762,0
W677H,0.0214609,0.045447481,0
W677I,0.0956734,0.204025629,0
W677K,0.0304005,0.064549724,0
W677L,0.100533,0.214409679,1
W677M,0.0382696,0.08136451,0
W677N,0.0194588,0.04116937,0
W677P,0.0216958,0.045949418,0
W677Q,0.0251712,0.053375694,0
W677R,0.0533078,0.113498314,0
W677S,0.0226502,0.047988791,0
W677T,0.0159849,0.033746299,0
W677V,0.0361566,0.076849427,0
W677Y,0.0487607,0.103782017,0
F678A,0.0278675,0.05913718,0
F678C,0.0255646,0.054216316,0
F678D,0.0413483,0.087943113,0
F678E,0.0174654,0.036909849,0
F678G,0.0110389,0.023177628,0
F678H,0.0411634,0.087548016,0
F678I,0.0511702,0.108930665,0
F678K,0.0114989,0.024160562,0
F678L,0.0719673,0.153370154,0
F678M,0.0394809,0.08395283,0
F678N,0.0153161,0.0323172,0
F678P,0.0279641,0.059343596,0
F678Q,0.0630708,0.134360007,0
F678R,0.0864204,0.184253709,0
F678S,0.0376805,0.080105714,0
F678T,0.0182406,0.038566306,0
F678V,0.0341341,0.072527725,0
F678W,0.126453,0.269795842,1
F678Y,0.105996,0.226083082,1
N679A,0.0351801,0.07476283,0
N679C,0.0995357,0.212278637,0
N679D,0.0538014,0.114553044,0
N679E,0.0411961,0.08761789,0
N679F,0.0321811,0.068354531,0
N679G,0.0164733,0.034789918,0
N679H,0.0228325,0.048378332,0
N679I,0.0614414,0.130878286,0
N679K,0.0551674,0.117471929,0
N679L,0.0521696,0.111066194,0
N679M,0.0462577,0.098433577,0
N679P,0.00627007,0.012987536,0
N679Q,0.100322,0.213958812,1
N679R,0.0492331,0.104791446,0
N679S,0.0294754,0.062572959,0
N679T,0.0868493,0.185170187,0
N679V,0.0586363,0.124884315,0
N679W,0.0622725,0.132654191,0
N679Y,0.0492599,0.104848713,0
I680A,0.026226,0.055629603,0
I680C,0.0501985,0.106854325,0
I680D,0.0234596,0.049718327,0
I680E,0.0280581,0.059544456,0
I680F,0.0198446,0.041993752,0
I680G,0.0167926,0.035472202,0
I680H,0.0376525,0.080045883,0
I680K,0.0206693,0.043755981,0
I680L,0.123114,0.262661027,1
I680M,0.0515156,0.109668719,0
I680N,0.036763,0.078145189,0
I680P,0.0378704,0.080511495,0
I680Q,0.0325376,0.069116305,0
I680R,0.0138453,0.029174377,0
I680S,0.0154899,0.032688578,0
I680T,0.0350476,0.074479702,0
I680V,0.0379644,0.080712355,0
I680W,0.046639,0.099248343,0
I680Y,0.019215,0.040648415,0
T681A,0.0593076,0.126318757,0
T681C,0.0496166,0.105610914,0
T681D,0.0342068,0.072683071,0
T681E,0.0213207,0.0451479,0
T681F,0.0227186,0.048134949,0
T681G,0.0193632,0.040965091,0
T681H,0.0337152,0.071632614,0
T681I,0.0855156,0.182320322,0
T681K,0.0466664,0.099306892,0
T681L,0.128176,0.273477569,1
T681M,0.0466426,0.099256035,0
T681N,0.0265577,0.056338384,0
T681P,0.0266277,0.05648796,0
T681Q,0.0233737,0.049534775,0
T681R,0.0178321,0.037693418,0
T681S,0.0742889,0.158330976,0
T681V,0.102397,0.218392697,1
T681W,0.0360475,0.0766163,0
T681Y,0.0355514,0.075556228,0
N682A,0.0296744,0.062998185,0
N682C,0.0417476,0.088796342,0
N682D,0.0420618,0.089467728,0
N682E,0.0272344,0.057784364,0
N682F,0.0584516,0.124489646,0
N682G,0.00588776,0.012170611,0
N682H,0.05282,0.112455977,0
N682I,0.0386792,0.082239748,0
N682K,0.109218,0.23296789,1
N682L,0.0767255,0.163537532,0
N682M,0.0430347,0.091546632,0
N682P,0.011529,0.02422488,0
N682Q,0.0463643,0.098661361,0
N682R,0.0503697,0.107220147,0
N682S,0.064965,0.138407556,0
N682T,0.0529355,0.112702779,0
N682V,0.0728855,0.155332174,0
N682W,0.0479574,0.102065516,0
N682Y,0.0609268,0.129778683,0
W683A,0.0277886,0.058968585,0
W683C,0.0508447,0.108235132,0
W683D,0.0429659,0.091399619,0
W683E,0.0666096,0.141921757,0
W683F,0.0358284,0.076148125,0
W683G,0.032976,0.070053083,0
W683H,0.0359615,0.076432535,0
W683I,0.0238468,0.0505457,0
W683K,0.0412536,0.087740756,0
W683L,0.0327115,0.069487896,0
W683M,0.0402624,0.085622749,0
W683N,0.0339961,0.072232845,0
W683P,0.0270485,0.057387131,0
W683Q,0.0395368,0.084072278,0
W683R,0.075139,0.16014748,0
W683S,0.0594596,0.126643553,0
W683T,0.0558375,0.118903806,0
W683V,0.0174313,0.036836984,0
W683Y,0.0560772,0.119416,0
L684A,0.0436415,0.092843249,0
L684C,0.0425708,0.090555365,0
L684D,0.0473983,0.100870824,0
L684E,0.0426319,0.090685924,0
L684F,0.0485112,0.103248882,0
L684G,0.0286828,0.060879322,0
L684H,0.0466473,0.099266078,0
L684I,0.0354245,0.075285067,0
L684K,0.0449843,0.09571256,0
L684M,0.0383693,0.08157755,0
L684N,0.0390134,0.082953871,0
L684P,0.0511616,0.108912288,0
L684Q,0.0713503,0.152051741,0
L684R,0.0246593,0.05228186,0
L684S,0.0269416,0.057158706,0
L684T,0.0427674,0.090975462,0
L684V,0.0878207,0.187245886,0
L684W,0.0425913,0.09059917,0
L684Y,0.031844,0.067634212,0
W685A,0.0514083,0.10943944,0
W685C,0.0539912,0.114958611,0
W685D,0.0398487,0.08473875,0
W685E,0.0491833,0.104685033,0
W685F,0.0678646,0.144603456,0
W685G,0.0329623,0.070023809,0
W685H,0.0244533,0.051841677,0
W685I,0.0304507,0.064656992,0
W685K,0.0242004,0.051301277,0
W685L,0.0509354,0.108428941,0
W685M,0.0488774,0.104031382,0
W685N,0.0572173,0.121852179,0
W685P,0.0285842,0.060668633,0
W685Q,0.0509703,0.108503516,0
W685R,0.0672941,0.143384405,0
W685S,0.0239466,0.050758954,0
W685T,0.0516429,0.109940736,0
W685V,0.0346633,0.073658526,0
W685Y,0.0445359,0.094754414,0
Y686A,0.0405006,0.086131737,0
Y686C,0.0416553,0.088599114,0
Y686D,0.0494025,0.105153422,0
Y686E,0.0328411,0.069764827,0
Y686F,0.0790691,0.168545364,0
Y686G,0.0309964,0.06582305,0
Y686H,0.0482482,0.1026869,0
Y686I,0.044255,0.094154183,0
Y686K,0.0788612,0.168101121,0
Y686L,0.0365834,0.077761418,0
Y686M,0.0680438,0.144986373,0
Y686N,0.0623694,0.132861248,0
Y686P,0.0412169,0.087662335,0
Y686Q,0.047349,0.100765479,0
Y686R,0.0480621,0.10228924,0
Y686S,0.0124706,0.026236902,0
Y686T,0.0325122,0.06906203,0
Y686V,0.0281047,0.059644031,0
Y686W,0.0617404,0.131517193,0
I687A,0.0232941,0.049364684,0
I687C,0.0382198,0.081258097,0
I687D,0.0375852,0.079902076,0
I687E,0.0564795,0.12027564,0
I687F,0.0770871,0.164310203,0
I687G,0.0280454,0.059517319,0
I687H,0.0674532,0.143724372,0
I687K,0.030544,0.064856357,0
I687L,0.0343824,0.073058295,0
I687M,0.0474025,0.100879799,0
I687N,0.0540359,0.115054126,0
I687P,0.0201822,0.04271514,0
I687Q,0.0291691,0.061918454,0
I687R,0.029462,0.062544326,0
I687S,0.119313,0.254539006,1
I687T,0.0864311,0.184276573,0
I687V,0.0645156,0.137447273,0
I687W,0.0337664,0.071742019,0
I687Y,0.0250449,0.053105815,0
K688A,0.0213923,0.045300896,0
K688C,0.0309942,0.065818349,0
K688D,0.0307772,0.065354661,0
K688E,0.0561382,0.119546346,0
K688F,0.0180439,0.038145995,0
K688G,0.0150088,0.031660557,0
K688H,0.122061,0.260410964,1
K688I,0.042082,0.089510891,0
K688L,0.00857781,0.017918742,0
K688M,0.0473007,0.100662271,0
K688N,0.0203796,0.043136946,0
K688P,0.0328587,0.069802435,0
K688Q,0.135208,0.28850363,1
K688R,0.158845,0.339011451,1
K688S,0.0102407,0.021472025,0
K688T,0.0181496,0.038371856,0
K688V,0.0117226,0.024638566,0
K688W,0.069754,0.148640748,0
K688Y,0.042748,0.090934008,0
I689A,0.057262,0.121947695,0
I689C,0.0276612,0.058696355,0
I689D,0.0174096,0.036790615,0
I689E,0.0553826,0.117931771,0
I689F,0.0300175,0.063731325,0
I689G,0.0763173,0.162665285,0
I689H,0.054106,0.115203917,0
I689K,0.0657183,0.140017217,0
I689L,0.0422616,0.089894663,0
I689M,0.0909344,0.193899277,0
I689N,0.0537946,0.114538514,0
I689P,0.00961642,0.020138056,0
I689Q,0.0565729,0.120475218,0
I689R,0.00859322,0.01795167,0
I689S,0.107192,0.228638709,1
I689T,0.0679128,0.14470645,0
I689V,0.0359221,0.076348344,0
I689W,0.0424634,0.090325871,0
I689Y,0.0388265,0.082554501,0
F690A,0.0735481,0.156748026,0
F690C,0.0531335,0.113125867,0
F690D,0.0308942,0.065604668,0
F690E,0.0332853,0.070713999,0
F690G,0.0605708,0.129017978,0
F690H,0.0334773,0.071124267,0
F690I,0.0981631,0.209345649,0
F690K,0.0336348,0.071460815,0
F690L,0.098605,0.210289906,0
F690M,0.0554126,0.117995875,0
F690N,0.0462036,0.098317975,0
F690P,0.0225426,0.04775887,0
F690Q,0.0295076,0.062641765,0
F690R,0.00477835,0.009800011,0
F690S,0.0486546,0.103555301,0
F690T,0.0590079,0.125678355,0
F690V,0.0301055,0.063919365,0
F690W,0.0694176,0.147921925,0
F690Y,0.0516467,0.109948855,0
I691A,0.0192989,0.040827694,0
I691C,0.035067,0.074521156,0
I691D,0.0206423,0.043698287,0
I691E,0.0337286,0.071661247,0
I691F,0.0173892,0.036747024,0
I691G,0.019001,0.040191138,0
I691H,0.0448223,0.095366397,0
I691K,0.0338516,0.071924075,0
I691L,0.0659811,0.140578771,0
I691M,0.0812785,0.173266436,0
I691N,0.0655921,0.139747551,0
I691P,0.0296307,0.062904806,0
I691Q,0.0232997,0.049376651,0
I691R,0.00732892,0.015250099,0
I691S,0.0629268,0.134052307,0
I691T,0.104549,0.222991116,1
I691V,0.0748347,0.159497248,0
I691W,0.0634615,0.13519486,0
I691Y,0.0843435,0.179815764,0
M692A,0.0173686,0.036703006,0
M692C,0.0621931,0.132484528,0
M692D,0.0333954,0.070949262,0
M692E,0.080862,0.172376454,0
M692F,0.0484996,0.103224095,0
M692G,0.0302541,0.064236895,0
M692H,0.043803,0.093188345,0
M692I,0.0601636,0.128147868,0
M692K,0.075288,0.160465865,0
M692L,0.0785373,0.167409008,0
M692N,0.0868862,0.185249036,0
M692P,0.0273199,0.057967062,0
M692Q,0.0688085,0.146620393,0
M692R,0.0241337,0.051158752,0
M692S,0.0394549,0.083897273,0
M692T,0.0276152,0.058598062,0
M692V,0.0583733,0.124322334,0
M692W,0.0199953,0.04231577,0
M692Y,0.0493557,0.10505342,0
I693A,0.0754621,0.160837884,0
I693C,0.021488,0.045505389,0
I693D,0.0217395,0.046042797,0
I693E,0.0270238,0.057334352,0
I693F,0.0508771,0.108304365,0
I693G,0.0487623,0.103785435,0
I693H,0.0392117,0.0833776,0
I693K,0.0309746,0.065776468,0
I693L,0.0637475,0.135805988,0
I693M,0.127169,0.271325799,1
I693N,0.0286749,0.060862442,0
I693P,0.0510333,0.108638135,0
I693Q,0.0218075,0.0461881,0
I693R,0.00749308,0.015600878,0
I693S,0.0494022,0.105152781,0
I693T,0.0874406,0.186433684,0
I693V,0.0651472,0.138796884,0
I693W,0.0648941,0.138256056,0
I693Y,0.049148,0.104609604,0
V694A,0.0864963,0.184415893,0
V694C,0.0398617,0.084766528,0
V694D,0.0247956,0.052573107,0
V694E,0.032624,0.069300925,0
V694F,0.110241,0.235153849,1
V694G,0.0644092,0.137219916,0
V694H,0.0311818,0.066219215,0
V694I,0.103925,0.221657745,1
V694K,0.013664,0.028786973,0
V694L,0.0513979,0.109417217,0
V694M,0.0486032,0.103445469,0
V694N,0.0479267,0.101999915,0
V694P,0.0112725,0.023676787,0
V694Q,0.0276133,0.058594002,0
V694R,0.00936797,0.019607165,0
V694S,0.055075,0.117274487,0
V694T,0.0833361,0.17766314,0
V694W,0.0498753,0.106163707,0
V694Y,0.0147498,0.031107123,0
G695A,0.0333178,0.070783445,0
G695C,0.0635541,0.135392729,0
G695D,0.013031,0.027434371,0
G695E,0.104536,0.222963337,1
G695F,0.0479845,0.102123423,0
G695H,0.0252836,0.053615872,0
G695I,0.0552708,0.117692875,0
G695K,0.0326437,0.06934302,0
G695L,0.103221,0.22015343,1
G695M,0.0563102,0.119913877,0
G695N,0.0438877,0.093369333,0
G695P,0.0797688,0.170040491,0
G695Q,0.0061972,0.012831826,0
G695R,0.00804282,0.016775569,0
G695S,0.046409,0.098756876,0
G695T,0.0593228,0.126351237,0
G695V,0.0463482,0.098626958,0
G695W,0.0813196,0.173354259,0
G695Y,0.0372861,0.079262956,0
G696A,0.0918631,0.195883735,0
G696C,0.047509,0.101107369,0
G696D,0.0483818,0.102972379,0
G696E,0.0168117,0.035513016,0
G696F,0.0320107,0.067990418,0
G696H,0.0336355,0.07146231,0
G696I,0.0455461,0.096913021,0
G696K,0.0345852,0.073491641,0
G696L,0.0752863,0.160462232,0
G696M,0.0400182,0.085100939,0
G696N,0.0485387,0.103307644,0
G696P,0.0294306,0.06247723,0
G696Q,0.0233956,0.049581571,0
G696R,0.0156795,0.033093717,0
G696S,0.134814,0.287661726,1
G696T,0.0385094,0.081876917,0
G696V,0.0585995,0.124805681,0
G696W,0.0514409,0.1095091,0
G696Y,0.0563753,0.120052984,0
L697A,0.0948752,0.202320025,0
L697C,0.0269234,0.057119816,0
L697D,0.0246684,0.052301305,0
L697E,0.0169602,0.035830332,0
L697F,0.068961,0.146946256,0
L697G,0.030477,0.06471319,0
L697H,0.0301149,0.063939451,0
L697I,0.0301971,0.064115097,0
L697K,0.0228887,0.048498421,0
L697M,0.0433241,0.092165025,0
L697N,0.0359334,0.07637249,0
L697P,0.00433064,0.008843339,0
L697Q,0.0188685,0.03990801,0
L697R,0.00306085,0.006130037,0
L697S,0.130709,0.278890113,1
L697T,0.103255,0.220226081,1
L697V,0.0661236,0.140883267,0
L697W,0.0796307,0.169745398,0
L697Y,0.104087,0.222003909,1
V698A,0.113396,0.24189549,1
V698C,0.0615161,0.131037906,0
V698D,0.0173242,0.036608132,0
V698E,0.0383858,0.081612808,0
V698F,0.0697638,0.148661689,0
V698G,0.0535888,0.114098758,0
V698H,0.0218337,0.046244085,0
V698I,0.0999562,0.213177166,0
V698K,0.0289442,0.061437885,0
V698L,0.0615464,0.131102652,0
V698M,0.0664247,0.141526661,0
V698N,0.0111223,0.023355838,0
V698P,0.0111659,0.023449003,0
V698Q,0.0519972,0.110697808,0
V698R,0.00381956,0.007751257,0
V698S,0.048841,0.103953603,0
V698T,0.0478057,0.101741361,0
V698W,0.04816,0.102498434,0
V698Y,0.0625569,0.1332619,0
G699A,0.14932,0.318658318,1
G699C,0.0491231,0.104556397,0
G699D,0.0357505,0.075981667,0
G699E,0.0177681,0.037556662,0
G699F,0.040054,0.085177437,0
G699H,0.0090471,0.018921526,0
G699I,0.0708581,0.151000002,0
G699K,0.00578377,0.011948404,0
G699L,0.040835,0.086846287,0
G699M,0.0479541,0.102058464,0
G699N,0.0293321,0.062266754,0
G699P,0.0682338,0.145392367,0
G699Q,0.010665,0.022378674,0
G699R,0.00489037,0.010039377,0
G699S,0.102625,0.21887989,1
G699T,0.0702151,0.149626032,0
G699V,0.050554,0.107613961,0
G699W,0.115468,0.246322964,1
G699Y,0.0297486,0.063156736,0
L700A,0.0839848,0.17904929,0
L700C,0.0265218,0.056261672,0
L700D,0.011467,0.024092397,0
L700E,0.0739209,0.157544629,0
L700F,0.0543097,0.115639185,0
L700G,0.0416195,0.088522616,0
L700H,0.0568818,0.121135279,0
L700I,0.0519373,0.110569813,0
L700K,0.0231118,0.048975144,0
L700M,0.0469797,0.099976355,0
L700N,0.0207922,0.044018595,0
L700P,0.0371852,0.079047351,0
L700Q,0.0593679,0.126447607,0
L700R,0.0100318,0.021025645,0
L700S,0.0684897,0.145939177,0
L700T,0.0610456,0.130032536,0
L700V,0.0461226,0.098144893,0
L700W,0.0809931,0.17265659,0
L700Y,0.0647113,0.137865447,0
R701A,0.0331219,0.070364844,0
R701C,0.0403425,0.085793907,0
R701D,0.0447769,0.095269386,0
R701E,0.0410084,0.08721681,0
R701F,0.0392051,0.083363497,0
R701G,0.0226902,0.048074264,0
R701H,0.0601888,0.128201716,0
R701I,0.0392042,0.083361574,0
R701K,0.152482,0.325414917,1
R701L,0.0294775,0.062577447,0
R701M,0.0204846,0.043361312,0
R701N,0.0279284,0.059267312,0
R701P,0.163159,0.348229657,1
R701Q,0.0603488,0.128543606,0
R701S,0.0348756,0.074112171,0
R701T,0.0161931,0.034191184,0
R701V,0.0117388,0.024673183,0
R701W,0.0155575,0.032833026,0
R701Y,0.0479199,0.101985385,0
I702A,0.0561565,0.119585449,0
I702C,0.114056,0.243305786,1
I702D,0.0157789,0.033306116,0
I702E,0.0128586,0.027065985,0
I702F,0.0263676,0.055932176,0
I702G,0.0377795,0.080317259,0
I702H,0.020655,0.043725424,0
I702K,0.0102702,0.021535061,0
I702L,0.104654,0.223215481,1
I702M,0.0819577,0.174717759,0
I702N,0.0118345,0.024877676,0
I702P,0.00538737,0.011101372,0
I702Q,0.0120792,0.025400554,0
I702R,0.00822702,0.01716917,0
I702S,0.0807186,0.172070035,0
I702T,0.0933586,0.199079337,0
I702V,0.117343,0.250329486,1
I702W,0.0384846,0.081823925,0
I702Y,0.063056,0.134328383,0
V703A,0.0402461,0.085587919,0
V703C,0.0714146,0.152189138,0
V703D,0.0354355,0.075308572,0
V703E,0.00794909,0.016575286,0
V703F,0.0645964,0.137619928,0
V703G,0.0624352,0.13300185,0
V703H,0.0327872,0.069649653,0
V703I,0.107039,0.228311777,1
V703K,0.0223995,0.047453093,0
V703L,0.0498454,0.106099816,0
V703M,0.0497881,0.105977377,0
V703N,0.0362352,0.07701738,0
V703P,0.0341825,0.072631146,0
V703Q,0.019277,0.040780898,0
V703R,0.0050975,0.010481974,0
V703S,0.0661386,0.140915319,0
V703T,0.0407757,0.086719574,0
V703W,0.0927844,0.197852379,0
V703Y,0.0879659,0.187556152,0
F704A,0.066435,0.14154867,0
F704C,0.103342,0.220411984,1
F704D,0.0189271,0.040033227,0
F704E,0.0449998,0.095745681,0
F704G,0.0348005,0.073951696,0
F704H,0.0448541,0.095434347,0
F704I,0.0386555,0.082189106,0
F704K,0.0165874,0.035033729,0
F704L,0.0306451,0.065072388,0
F704M,0.047606,0.10131464,0
F704N,0.0720282,0.153500286,0
F704P,0.0415469,0.088367483,0
F704Q,0.114396,0.244032302,1
F704R,0.0327223,0.069510974,0
F704S,0.0383842,0.081609389,0
F704T,0.0619856,0.132041139,0
F704V,0.0262394,0.055658236,0
F704W,0.0291405,0.061857341,0
F704Y,0.0715411,0.152459445,0
A705C,0.0598031,0.127377547,0
A705D,0.073462,0.156564046,0
A705E,0.0510143,0.108597536,0
A705F,0.0729881,0.155551411,0
A705G,0.0669583,0.142666863,0
A705H,0.0522534,0.111245259,0
A705I,0.031344,0.066565806,0
A705K,0.0377565,0.080268112,0
A705L,0.0409379,0.087066165,0
A705M,0.0426395,0.090702164,0
A705N,0.0411837,0.087591393,0
A705P,0.0397466,0.084520581,0
A705Q,0.0351182,0.074630561,0
A705R,0.0302035,0.064128772,0
A705S,0.0572177,0.121853034,0
A705T,0.0866992,0.184849452,0
A705V,0.0235083,0.04982239,0
A705W,0.0347256,0.073791649,0
A705Y,0.0533881,0.1136699,0
V706A,0.0750076,0.159866703,0
V706C,0.0510671,0.108710359,0
V706D,0.0252569,0.053558819,0
V706E,0.0477618,0.101647555,0
V706F,0.0497764,0.105952376,0
V706G,0.0359405,0.076387662,0
V706H,0.0237874,0.050418774,0
V706I,0.0875308,0.186626425,0
V706K,0.025433,0.053935111,0
V706L,0.0416918,0.088677107,0
V706M,0.117508,0.25068206,1
V706N,0.0255638,0.054214606,0
V706P,0.044913,0.095560206,0
V706Q,0.0210043,0.044471813,0
V706R,0.00853726,0.017832094,0
V706S,0.0657409,0.140065509,0
V706T,0.0935409,0.199468877,0
V706W,0.0287148,0.0609477,0
V706Y,0.0371699,0.079014658,0
L707A,0.0175996,0.03719661,0
L707C,0.0642589,0.136898754,0
L707D,0.0430869,0.091658174,0
L707E,0.054355,0.115735983,0
L707F,0.0702296,0.149657016,0
L707G,0.0131642,0.027718994,0
L707H,0.103188,0.220082915,1
L707I,0.062552,0.133251429,0
L707K,0.0386073,0.082086111,0
L707M,0.0387101,0.082305776,0
L707N,0.0799169,0.170356953,0
L707P,0.0582998,0.124165278,0
L707Q,0.0250918,0.053206031,0
L707R,0.0233628,0.049511483,0
L707S,0.0407229,0.08660675,0
L707T,0.101642,0.216779404,1
L707V,0.025691,0.054486409,0
L707W,0.0411013,0.08741532,0
L707Y,0.0414052,0.088064697,0
