variant,activity,activity_scaled,activity_binary
Y102W,-4.361363768,0.255024355,0
Y102V,-2.810473116,0.345622949,0
Y102T,-3.46610614,0.307322744,0
Y102S,0.453066832,0.536269614,0
Y102R,-4.307975109,0.258143168,0
Y102Q,-4.691164864,0.235758319,0
Y102P,-4.098617505,0.27037324,0
Y102N,-0.955622618,0.453978007,0
Y102M,-4.175928375,0.26585696,0
Y102L,-4.93350848,0.221601298,0
Y102K,-2.755041217,0.348861122,0
Y102I,-3.869716185,0.283745,0
Y102H,-4.75699372,0.231912785,0
Y102G,-4.097904221,0.270414908,0
Y102F,-0.138573316,0.501707689,0
Y102E,-5.012028791,0.217014366,0
Y102D,-1.03662285,0.449246205,0
Y102C,-5.107123399,0.211459211,0
Y102A,-0.615312578,0.473857946,0
Y64W,-0.722008232,0.467625091,0
Y64V,4.070867696,0.747611188,1
Y64T,0.539782919,0.54133532,0
Y64S,0.614786353,0.545716806,0
Y64R,4.180508588,0.754016095,1
Y64Q,1.512520396,0.598159859,0
Y64P,0.659766664,0.548344427,0
Y64N,0.516793381,0.539992337,0
Y64M,3.003941637,0.685284421,1
Y64L,2.612698597,0.662429122,1
Y64K,3.906163885,0.737989663,1
Y64I,4.895032707,0.795756549,1
Y64H,1.422720695,0.592914018,0
Y64G,-4.05610158,0.272856898,0
Y64F,-0.725016457,0.467449359,0
Y64E,-0.874986054,0.458688565,0
Y64D,-0.488528186,0.481264327,0
Y64C,0.567979263,0.542982469,0
Y64A,0.899315242,0.562338169,0
Y43W,3.601879568,0.720214243,1
Y43V,0.330955439,0.529136216,0
Y43T,1.369322204,0.589794631,0
Y43S,-1.55805066,0.418785885,0
Y43R,-2.798617137,0.346315541,0
Y43Q,1.220601285,0.58110678,0
Y43P,-4.414254351,0.251934638,0
Y43N,-0.568222383,0.47660882,0
Y43M,-6.489298907,0.130716473,0
Y43L,0.07821705,0.514371962,0
Y43K,-1.038844645,0.449116415,0
Y43I,-2.78281342,0.347238749,0
Y43H,0.19081845,0.520949814,0
Y43G,-3.300592001,0.316991606,0
Y43F,-0.055973755,0.506532919,0
Y43E,2.22263425,0.639642679,0
Y43D,0.007715766,0.510253479,0
Y43C,-0.491699435,0.481079072,0
Y43A,-1.019664887,0.450236841,0
Y358W,-4.45738071,0.24941532,0
Y358V,-4.025611018,0.27463807,0
Y358T,-6.10353095,0.153251933,0
Y358S,-1.816556584,0.403684709,0
Y358R,-3.457138062,0.307846633,0
Y358Q,-2.440581486,0.367230959,0
Y358P,-4.9214936,0.222303173,0
Y358N,-2.661458642,0.354327948,0
Y358M,-4.077138177,0.271628001,0
Y358L,-3.40454571,0.310918928,0
Y358K,-3.362817615,0.313356564,0
Y358I,-2.416335545,0.368647338,0
Y358H,-2.075664626,0.388548358,0
Y358G,-2.184362463,0.382198542,0
Y358F,-0.151149746,0.50097301,0
Y358E,-4.4503438,0.249826396,0
Y358D,-3.761462605,0.290068864,0
Y358C,-3.502634225,0.305188878,0
Y358A,-4.649126544,0.238214077,0
Y317W,-2.655284028,0.354688651,0
Y317V,-3.853460732,0.284694597,0
Y317T,-3.998766734,0.276206236,0
Y317S,-2.873531292,0.341939271,0
Y317R,-3.236685188,0.320724859,0
Y317Q,-3.353475266,0.313902317,0
Y317P,-5.976535277,0.160670657,0
Y317N,-0.883854606,0.458170489,0
Y317M,-3.48306656,0.306331965,0
Y317L,-2.814584721,0.345382761,0
Y317K,-1.226835908,0.438134503,0
Y317I,-4.294000379,0.258959531,0
Y317H,-5.8959462,0.165378441,0
Y317G,-2.808635461,0.345730299,0
Y317F,-0.297246306,0.492438467,0
Y317E,-4.54774793,0.244136326,0
Y317D,-3.391946967,0.31165491,0
Y317C,-3.239543114,0.320557907,0
Y317A,-3.470399229,0.307071954,0
Y316W,-4.188613279,0.265115944,0
Y316V,-3.793152263,0.288217645,0
Y316T,-2.251041062,0.378303369,0
Y316S,-5.264017325,0.202293917,0
Y316R,-4.253149824,0.261345904,0
Y316Q,-3.277583414,0.318335702,0
Y316P,-5.125439384,0.210389244,0
Y316N,-0.6428057,0.472251876,0
Y316M,-5.229738265,0.204296402,0
Y316L,-4.120854539,0.269074216,0
Y316K,-3.946689795,0.279248422,0
Y316I,-2.680002845,0.353244649,0
Y316H,-5.052341177,0.214659432,0
Y316G,-4.708123307,0.234767655,0
Y316F,-0.290410813,0.492837777,0
Y316E,-5.563191569,0.184817014,0
Y316D,-1.448840035,0.425165657,0
Y316C,-6.982466847,0.101907013,0
Y316A,-3.087803071,0.329422126,0
Y312W,-2.5142594,0.362926907,0
Y312V,-4.313425693,0.25782476,0
Y312T,-1.850053498,0.401727915,0
Y312S,-7.768730292,0.055975753,0
Y312R,-4.853139534,0.226296222,0
Y312Q,-6.409996457,0.135349095,0
Y312P,-4.823076663,0.228052409,0
Y312N,-0.561228136,0.477017404,0
Y312M,-3.835607027,0.285737559,0
Y312L,-2.914676918,0.339535661,0
Y312K,-3.964122945,0.278230027,0
Y312I,-3.113452066,0.327923786,0
Y312H,-7.625741759,0.064328734,0
Y312G,-4.124521564,0.268859999,0
Y312F,-0.280771867,0.493400857,0
Y312E,-4.306826262,0.25821028,0
Y312D,-5.80249104,0.170837824,0
Y312C,-6.80556937,0.112240858,0
Y312A,-5.030661472,0.215925898,0
Y36W,-0.055836581,0.506540933,0
Y36V,2.569544504,0.659908183,1
Y36T,4.477725544,0.771378659,1
Y36S,3.988012865,0.742771046,1
Y36R,7.566741124,0.95183011,1
Y36Q,2.799504005,0.673341759,1
Y36P,-3.692150262,0.294117893,0
Y36N,4.368220287,0.764981675,1
Y36M,7.585320103,0.952915441,1
Y36L,7.786082956,0.964643432,1
Y36K,0.69988785,0.550688191,0
Y36I,3.920293893,0.738815097,1
Y36H,2.165765054,0.636320543,0
Y36G,4.132308985,0.751200412,1
Y36F,-0.330868876,0.490474333,0
Y36E,0.713335779,0.551473781,0
Y36D,4.787387697,0.789468236,1
Y36C,2.983822375,0.684109111,1
Y36A,1.48522122,0.59656512,0
Y263W,-4.9590111,0.220111508,0
Y263V,-3.326763463,0.315462744,0
Y263T,-1.561540507,0.418582018,0
Y263S,-4.298362802,0.258704691,0
Y263R,-4.425132093,0.251299192,0
Y263Q,-5.800889923,0.170931356,0
Y263P,-3.851560852,0.284805582,0
Y263N,-0.401218148,0.48636473,0
Y263M,-5.522888956,0.187171377,0
Y263L,-2.868699872,0.342221508,0
Y263K,-2.735708676,0.349990474,0
Y263I,-2.512543426,0.363027149,0
Y263H,-7.300317013,0.083339116,0
Y263G,-4.60165923,0.240986982,0
Y263F,-0.543669552,0.478043127,0
Y263E,-5.186976225,0.206794438,0
Y263D,-4.325821629,0.257100625,0
Y263C,-7.2097218,0.088631429,0
Y263A,-3.968653126,0.277965387,0
Y30W,-5.936874151,0.162987547,0
Y30V,-3.995470667,0.276398783,0
Y30T,-4.534002124,0.244939316,0
Y30S,-2.285167759,0.376309785,0
Y30R,-5.701409053,0.176742744,0
Y30Q,-5.255885332,0.202768965,0
Y30P,-5.152411218,0.208813627,0
Y30N,-0.926295696,0.455691202,0
Y30M,-5.539004386,0.18622996,0
Y30L,-4.491454262,0.247424841,0
Y30K,-4.615373666,0.240185824,0
Y30I,-3.774484857,0.289308142,0
Y30H,-7.494566743,0.071991603,0
Y30G,-4.692008663,0.235709026,0
Y30F,-0.52061944,0.479389648,0
Y30E,-5.284405463,0.2011029,0
Y30D,-2.308710513,0.374934484,0
Y30C,-4.976444535,0.219093097,0
Y30A,-6.656755487,0.120934139,0
Y233W,-3.965802375,0.27813192,0
Y233V,-5.295969948,0.200427336,0
Y233T,-2.193357597,0.381673072,0
Y233S,-3.467908345,0.307217464,0
Y233R,-2.926219281,0.338861389,0
Y233Q,-5.684723395,0.177717472,0
Y233P,-5.040260105,0.215365174,0
Y233N,-1.627585062,0.414723884,0
Y233M,-2.73917271,0.349788115,0
Y233L,-2.48214781,0.364802774,0
Y233K,-2.730417594,0.350299563,0
Y233I,-3.272140163,0.318653681,0
Y233H,-2.937257944,0.338216542,0
Y233G,-4.113237818,0.269519163,0
Y233F,-0.580157936,0.47591158,0
Y233E,-2.806320408,0.345865538,0
Y233D,-2.523289822,0.362399375,0
Y233C,-6.121155943,0.152222332,0
Y233A,-3.576979918,0.300845815,0
Y205W,-4.429699345,0.251032386,0
Y205V,-2.441047106,0.367203759,0
Y205T,-2.54386188,0.361197614,0
Y205S,-1.814250105,0.403819446,0
Y205R,-3.269064186,0.318833371,0
Y205Q,-4.754963403,0.232031391,0
Y205P,-3.836787933,0.285668574,0
Y205N,0.041667019,0.512236814,0
Y205M,-4.800501191,0.229371203,0
Y205L,-5.765769932,0.172982966,0
Y205K,-4.272015565,0.260243821,0
Y205I,-3.505025198,0.305049204,0
Y205H,-7.104450823,0.094781059,0
Y205G,-3.436591552,0.309046902,0
Y205F,-0.423843463,0.485043024,0
Y205E,-4.0924517,0.270733428,0
Y205D,-0.942145709,0.45476529,0
Y205C,-5.897548901,0.165284815,0
Y205A,-4.840274732,0.227047747,0
Y193W,-4.542217887,0.244459375,0
Y193V,-1.143438464,0.443006343,0
Y193T,-3.411724292,0.310499576,0
Y193S,-2.828869137,0.344548306,0
Y193R,-3.392668823,0.311612742,0
Y193Q,-3.211250186,0.322210699,0
Y193P,-4.162509837,0.266640833,0
Y193N,-0.64376261,0.472195976,0
Y193M,-5.1217609,0.21060413,0
Y193L,-3.10120272,0.328639357,0
Y193K,-3.050565814,0.33159742,0
Y193I,-1.733440218,0.408540129,0
Y193H,-3.355000021,0.313813245,0
Y193G,-4.83760951,0.227203441,0
Y193F,-0.374990137,0.487896895,0
Y193E,-3.06095229,0.330990672,0
Y193D,-5.630692912,0.180873779,0
Y193C,-6.692300879,0.118857679,0
Y193A,-4.739869355,0.232913142,0
Y25W,-5.977942349,0.16058846,0
Y25V,-4.836682366,0.227257603,0
Y25T,-4.703739246,0.235023759,0
Y25S,-4.84488528,0.226778412,0
Y25R,-4.041793175,0.273692755,0
Y25Q,-4.975593178,0.21914283,0
Y25P,-4.226448879,0.262905697,0
Y25N,-0.794412339,0.46339545,0
Y25M,-5.110445723,0.211265131,0
Y25L,-4.646186053,0.238385852,0
Y25K,-3.966025905,0.278118862,0
Y25I,-2.560187729,0.360243905,0
Y25H,-3.960101802,0.278464931,0
Y25G,-5.325642438,0.198693954,0
Y25F,-0.624670497,0.473311283,0
Y25E,-5.062054188,0.214092026,0
Y25D,-2.954450296,0.337212214,0
Y25C,-7.745925285,0.057307956,0
Y25A,-6.867157842,0.108643036,0
Y187W,-4.345730861,0.255937585,0
Y187V,-2.157334577,0.383777433,0
Y187T,-4.531028425,0.245113031,0
Y187S,-0.740032335,0.466572175,0
Y187R,-4.177981699,0.265737011,0
Y187Q,-3.948163527,0.279162331,0
Y187P,-5.341124753,0.197789522,0
Y187N,-0.583190335,0.475734435,0
Y187M,-4.945524728,0.220899343,0
Y187L,-4.152118808,0.267247847,0
Y187K,-4.650031594,0.238161207,0
Y187I,-3.935730989,0.279888604,0
Y187H,-3.546244273,0.302641303,0
Y187G,-5.78364116,0.17193898,0
Y187F,-0.403712344,0.486219026,0
Y187E,-4.843085273,0.226883563,0
Y187D,-0.490793154,0.481132014,0
Y187C,-3.586929815,0.30026457,0
Y187A,-5.351112978,0.197206038,0
Y139V,-5.411747881,0.193663921,0
Y139T,-2.361269765,0.371864123,0
Y139S,-2.937552088,0.338199359,0
Y139Q,-4.243898121,0.261886362,0
Y139P,-1.826128899,0.403125521,0
Y139N,-0.491898785,0.481067427,0
Y139M,-4.574770139,0.242557765,0
Y139L,-4.71065876,0.234619541,0
Y139K,-2.641569081,0.355489839,0
Y139I,-3.826469079,0.286271372,0
Y139H,-6.471854342,0.131735535,0
Y139G,-3.451919541,0.308151484,0
Y139F,-0.52249449,0.479280113,0
Y139E,-4.16022221,0.266774469,0
Y139D,-3.933893058,0.279995971,0
Y139C,-5.399876681,0.194357402,0
Y139A,-3.852082939,0.284775084,0
Y131W,-3.521953433,0.304060305,0
Y131V,-3.4592804,0.307721484,0
Y131T,-1.045976692,0.448699781,0
Y131S,-4.331197134,0.256786603,0
Y131R,-4.57046229,0.242809418,0
Y131Q,-2.937305094,0.338213788,0
Y131P,-5.002024602,0.217598782,0
Y131N,-0.261176914,0.494545538,0
Y131M,-1.501597035,0.422083744,0
Y131L,-1.530972784,0.420367697,0
Y131K,-2.426303176,0.368065057,0
Y131I,-2.088208587,0.387815576,0
Y131H,-4.780671229,0.230529613,0
Y131G,-4.963318175,0.219859901,0
Y131F,-0.469141548,0.482396839,0
Y131E,-5.557128875,0.185171179,0
Y131D,-6.212841352,0.146866333,0
Y131C,-6.784289326,0.113483977,0
Y131A,-4.550345583,0.243984578,0
Y128W,0.727299863,0.552289523,0
Y128V,-4.657859927,0.237703898,0
Y128T,-4.698482919,0.235330819,0
Y128S,-2.127408639,0.385525621,0
Y128R,-4.381005392,0.253876947,0
Y128Q,-5.29782689,0.200318859,0
Y128P,-3.447155074,0.308429811,0
Y128N,-0.42589644,0.484923095,0
Y128M,-5.493832219,0.188868789,0
Y128L,-6.023832881,0.157907667,0
Y128K,-4.693115914,0.235644344,0
Y128I,-4.487453173,0.247658573,0
Y128H,-5.014916839,0.216845655,0
Y128G,-4.385167668,0.253633799,0
Y128F,-0.406885082,0.486033684,0
Y128E,-6.347978153,0.138972027,0
Y128D,-5.790408957,0.171543624,0
Y128C,-0.237598518,0.49592292,0
Y128A,-4.275331146,0.260050135,0
Y113W,-5.275103979,0.201646267,0
Y113V,-3.037349389,0.332369486,0
Y113T,-2.627288473,0.356324072,0
Y113S,-2.920623263,0.339188292,0
Y113R,0.052581029,0.512874379,0
Y113Q,-3.853058301,0.284718106,0
Y113P,-5.07050854,0.213598147,0
Y113N,-0.579921079,0.475925416,0
Y113M,-4.166459197,0.266410122,0
Y113L,-0.871017657,0.458920387,0
Y113K,-0.788707072,0.463728736,0
Y113I,-1.995598686,0.393225581,0
Y113H,-4.792018496,0.229866738,0
Y113G,-3.601047465,0.299439858,0
Y113F,1.268047792,0.583878469,0
Y113E,-5.405303219,0.194040399,0
Y113D,-3.310895059,0.316389731,0
Y113C,-7.663736999,0.062109161,0
Y113A,-0.243678835,0.495567726,0
W275Y,-4.016744523,0.275156025,0
W275V,-4.13725116,0.268116372,0
W275T,-3.525858865,0.303832161,0
W275S,-2.640837668,0.355532566,0
W275R,-0.342159019,0.489814795,0
W275Q,-4.097721888,0.270425559,0
W275P,-3.752520658,0.290591227,0
W275N,-4.710545159,0.234626177,0
W275M,-3.880226335,0.283131027,0
W275L,-1.055273098,0.448156711,0
W275K,-4.571931676,0.24272358,0
W275I,-2.695524305,0.352337929,0
W275H,-2.942218397,0.337926767,0
W275G,-7.980909719,0.043580838,0
W275F,-3.345008778,0.314396905,0
W275E,-4.425180071,0.251296389,0
W275D,-3.34283493,0.314523895,0
W275C,-1.223354949,0.438337851,0
W275A,-5.849040538,0.168118535,0
W212Y,-3.498475481,0.305431819,0
W212V,-6.273933726,0.143297491,0
W212T,-4.794124375,0.229743719,0
W212S,-2.246896811,0.378545464,0
W212R,-0.706062964,0.468556568,0
W212Q,-5.099526633,0.211902993,0
W212P,-1.453746688,0.424879024,0
W212N,-4.686687216,0.23601989,0
W212M,-4.750683396,0.232281416,0
W212L,-1.892945289,0.399222299,0
W212K,-4.582825804,0.242087177,0
W212I,-5.047246662,0.214957039,0
W212H,-3.455673944,0.307932163,0
W212G,-4.276449529,0.259984802,0
W212F,-3.474830772,0.306813076,0
W212E,-3.232640458,0.320961141,0
W212D,-4.313619938,0.257813413,0
W212C,-1.604984307,0.416044156,0
W212A,-5.111647592,0.211194921,0
W192Y,-4.26886178,0.260428056,0
W192V,-2.298689076,0.375519908,0
W192T,-3.588619653,0.300165855,0
W192S,-1.939002683,0.396531758,0
W192R,-0.440611333,0.484063493,0
W192Q,-2.71255659,0.351342952,0
W192P,-4.240903564,0.262061295,0
W192N,-5.185226454,0.206896654,0
W192M,-2.221982826,0.380000868,0
W192L,-0.275713839,0.493696333,0
W192K,-5.147153674,0.209120757,0
W192I,-4.702630634,0.235088521,0
W192H,-2.255983555,0.378014642,0
W192G,-2.245916955,0.378602704,0
W192F,-2.171762485,0.382934596,0
W192E,-4.788734636,0.230058572,0
W192D,-5.875937194,0.166547309,0
W192C,-0.035739171,0.507714966,0
W192A,-5.048669791,0.214873904,0
V104Y,-2.483705281,0.364711791,0
V104W,-4.283361134,0.259581046,0
V104T,-4.68737732,0.235979576,0
V104S,-5.678210409,0.178097942,0
V104R,-4.153065699,0.267192532,0
V104Q,-2.898497506,0.340480816,0
V104P,-2.974144478,0.336061736,0
V104N,-4.621617779,0.23982106,0
V104M,-3.683623344,0.294616011,0
V104L,-2.614293377,0.357083208,0
V104K,-5.512792223,0.187761199,0
V104I,-2.164104724,0.383381941,0
V104H,-5.127660798,0.210259475,0
V104G,-0.851662954,0.460051033,0
V104F,-0.484411255,0.481504827,0
V104E,-3.315276622,0.316133773,0
V104D,-0.527955742,0.478961082,0
V104C,-2.42168476,0.368334852,0
V104A,0.414928361,0.534041674,0
V101Y,-2.945343696,0.337744196,0
V101W,-3.234771825,0.320836632,0
V101T,-3.590400971,0.300061795,0
V101S,-4.596069839,0.241313498,0
V101R,-4.439441573,0.250463273,0
V101Q,-4.147682984,0.267506975,0
V101P,-4.428764392,0.251087003,0
V101N,-4.098694787,0.270368725,0
V101M,1.170309731,0.578168892,0
V101L,0.993182314,0.567821615,0
V101K,-3.158413407,0.325297273,0
V101I,-1.79501733,0.40494297,0
V101H,-5.189535513,0.206644931,0
V101G,-0.288736694,0.492935575,0
V101F,-3.964133574,0.278229406,0
V101E,-0.789180351,0.463701088,0
V101D,-4.94086688,0.221171441,0
V101C,-3.720369891,0.292469383,0
V101A,-1.162984606,0.441864513,0
V14Y,-3.429664759,0.309451545,0
V14W,-5.02292927,0.216377591,0
V14T,-2.513693134,0.362959986,0
V14S,-4.70448261,0.234980334,0
V14R,-4.082395434,0.271320887,0
V14Q,-5.411227881,0.193694298,0
V14P,-2.607253526,0.357494456,0
V14N,-3.093809907,0.329071224,0
V14M,-3.681387564,0.294746619,0
V14L,-2.717029593,0.351081652,0
V14K,-4.739353011,0.232943305,0
V14I,-2.847422639,0.343464463,0
V14H,-4.926036375,0.222037797,0
V14G,0.05362177,0.512935176,0
V14F,-1.658791911,0.412900869,0
V14E,-3.935774863,0.279886041,0
V14D,-0.577785756,0.476050156,0
V14C,-3.47492804,0.306807394,0
V14A,-1.835900809,0.402554674,0
V51Y,-2.617062681,0.356921433,0
V51W,-4.365841824,0.25476276,0
V51T,-2.294365408,0.375772484,0
V51S,-4.769417719,0.231187011,0
V51R,-2.245494996,0.378627354,0
V51Q,-5.163959751,0.208138994,0
V51P,-0.590400563,0.475313235,0
V51N,-1.593164889,0.416734612,0
V51M,-2.005325983,0.39265734,0
V51L,-2.255387334,0.378049472,0
V51K,2.338227767,0.646395321,0
V51I,1.266829133,0.583807279,0
V51H,2.398341074,0.649906969,0
V51G,-0.423700626,0.485051368,0
V51F,-1.018031718,0.450332246,0
V51E,-0.128121364,0.502318263,0
V51D,-0.525768676,0.479088844,0
V51C,-1.434410172,0.426008608,0
V51A,-4.07431254,0.271793066,0
V49Y,-1.095373381,0.445814168,0
V49W,-2.578771591,0.359158289,0
V49T,-3.080818124,0.329830167,0
V49S,-5.726216056,0.17529359,0
V49R,0.141939269,0.518094432,0
V49Q,-3.560294282,0.301820542,0
V49P,-0.300103911,0.492271534,0
V49N,-0.945091798,0.454593188,0
V49M,1.711771634,0.609799547,0
V49L,-0.981201978,0.452483734,0
V49K,-0.753681814,0.465774811,0
V49I,2.496900673,0.655664538,0
V49H,-4.894425935,0.223884389,0
V49G,-0.481429958,0.481678986,0
V49F,-2.368274111,0.371454949,0
V49E,-0.419194121,0.485314625,0
V49D,-3.201978163,0.322752344,0
V49C,-2.0313,0.391140013,0
V49A,2.275294687,0.642718951,0
V46Y,-2.296698195,0.37563621,0
V46W,-3.634088872,0.297509673,0
V46T,-3.825704996,0.286316008,0
V46S,-1.859878659,0.401153957,0
V46R,-4.428428258,0.251106639,0
V46Q,-0.607265464,0.474328035,0
V46P,-1.140123263,0.443200008,0
V46N,-1.223174355,0.4383484,0
V46M,-2.733401091,0.350125276,0
V46L,-1.859747789,0.401161602,0
V46K,2.461314467,0.653585694,0
V46I,-0.644290014,0.472165167,0
V46H,-2.300166983,0.375433573,0
V46G,-2.07594608,0.388531916,0
V46F,-1.557362395,0.418826091,0
V46E,-3.646441693,0.296788057,0
V46D,-0.506047003,0.480240928,0
V46C,-5.597592479,0.182807411,0
V46A,-1.66659052,0.412445297,0
V39Y,-3.635506497,0.29742686,0
V39W,-3.736076449,0.291551851,0
V39T,-3.426011552,0.309664955,0
V39S,-4.875168309,0.225009364,0
V39R,-4.326694492,0.257049635,0
V39Q,-5.151581515,0.208862095,0
V39P,-3.567326224,0.301409756,0
V39N,-5.296249966,0.200410978,0
V39M,-1.919892683,0.397648109,0
V39L,-2.60109745,0.357854076,0
V39K,-4.521617797,0.245662773,0
V39I,-4.698586942,0.235324742,0
V39H,-6.842263464,0.110097294,0
V39G,-5.539994368,0.186172128,0
V39F,0.8222562,0.5578366,0
V39E,-0.6301269,0.472992536,0
V39D,-4.940342357,0.221202083,0
V39C,-2.997118493,0.33471966,0
V39A,-7.69469714,0.060300558,0
V304Y,-4.584010712,0.242017958,0
V304W,-5.211795095,0.20534459,0
V304T,-3.892908612,0.282390165,0
V304S,-1.737810287,0.408284842,0
V304R,-5.005505291,0.21739545,0
V304Q,-4.539314879,0.24462896,0
V304P,-3.460211949,0.307667066,0
V304N,-3.188426726,0.323543981,0
V304M,-5.471623692,0.190166147,0
V304L,-3.636659465,0.297359507,0
V304K,-6.481763024,0.131156698,0
V304I,-1.710322108,0.409890623,0
V304H,-3.085702458,0.329544838,0
V304G,-0.240444069,0.495756692,0
V304F,-0.444751739,0.483821622,0
V304E,-3.415714249,0.310266494,0
V304D,-0.225324996,0.496639905,0
V304C,-3.43333611,0.309237075,0
V304A,-1.44282602,0.425516979,0
V273Y,-1.828726795,0.40297376,0
V273W,-4.603877102,0.24085742,0
V273T,-4.433711969,0.25079798,0
V273S,-1.853069037,0.401551756,0
V273R,-3.552247576,0.302290608,0
V273Q,-4.615588215,0.24017329,0
V273P,-3.570365618,0.301232203,0
V273N,-3.648195131,0.296685626,0
V273M,-1.415763517,0.427097893,0
V273L,-1.241095242,0.437301513,0
V273K,-4.689026555,0.235883233,0
V273I,-2.413033873,0.368840212,0
V273H,-3.561029251,0.301777607,0
V273G,-6.249164401,0.144744444,0
V273F,-2.878425855,0.341653344,0
V273E,-0.238626283,0.495862881,0
V273D,-4.441031324,0.250370404,0
V273C,-4.694238954,0.235578739,0
V273A,-2.981717192,0.33561936,0
V214Y,-4.452800142,0.249682904,0
V214W,-4.289032698,0.259249729,0
V214T,-2.444399383,0.367007929,0
V214S,-2.61006178,0.357330406,0
V214R,-4.176365646,0.265831416,0
V214Q,-2.65766438,0.354549598,0
V214P,-3.440655201,0.308809515,0
V214N,-5.607433796,0.18223251,0
V214M,-2.499965695,0.363761904,0
V214L,-2.075382162,0.388564859,0
V214K,-3.923424208,0.280607531,0
V214I,-4.169412121,0.266237621,0
V214H,-2.179015776,0.38251088,0
V214G,-0.956533852,0.453924776,0
V214F,-2.393974016,0.369953634,0
V214E,-0.262338928,0.494477657,0
V214D,-4.368070308,0.254632578,0
V214C,-3.264653774,0.319091014,0
V214A,-6.764880443,0.114617789,0
V188Y,-2.440805699,0.367217862,0
V188W,-1.710444952,0.409883446,0
V188T,-2.907523975,0.339953515,0
V188S,-3.733396168,0.291708425,0
V188R,-0.780620835,0.464201111,0
V188Q,-5.030368241,0.215943028,0
V188P,-4.62035335,0.239894925,0
V188N,-3.802808121,0.287653577,0
V188M,-3.367672539,0.313072953,0
V188L,-3.027480049,0.332946025,0
V188K,-3.230324891,0.32109641,0
V188I,-1.828025749,0.403014713,0
V188H,-3.785785506,0.28864799,0
V188G,-0.539156644,0.478306758,0
V188F,-1.037362833,0.449202978,0
V188E,-4.047193298,0.273377295,0
V188D,-0.597912353,0.474874417,0
V188C,-2.196226047,0.381505505,0
V188A,-2.847165844,0.343479465,0
V173Y,-5.798148457,0.171091505,0
V173W,-4.067516362,0.27219008,0
V173T,-5.986811769,0.160070334,0
V173S,-3.947685981,0.279190227,0
V173R,-3.270581987,0.318744705,0
V173Q,-4.608864773,0.240566054,0
V173P,-5.295140941,0.200475765,0
V173N,-2.879165815,0.341610118,0
V173M,-2.72287548,0.350740152,0
V173L,-2.463016122,0.365920392,0
V173K,-5.046175119,0.215019635,0
V173I,-2.949020253,0.337529422,0
V173H,-4.377645389,0.254073229,0
V173G,-2.47929703,0.364969308,0
V173F,-2.880955238,0.341505585,0
V173E,-0.413904975,0.485623602,0
V173D,-3.670829605,0.295363385,0
V173C,-4.117270105,0.269283608,0
V173A,-6.150940321,0.150482414,0
V21Y,-4.091081945,0.270813446,0
V21W,-3.394332942,0.311515529,0
V21T,-1.501825415,0.422070403,0
V21S,-4.90472289,0.22328287,0
V21R,-3.258322437,0.319460873,0
V21Q,-5.343404534,0.197656344,0
V21P,-3.272668516,0.318622816,0
V21N,-4.78726649,0.230144337,0
V21M,-1.8731143,0.400380769,0
V21L,-2.101349171,0.387047941,0
V21K,-6.573845799,0.125777486,0
V21I,-4.229291381,0.262739646,0
V21H,-4.742943837,0.232733539,0
V21G,-2.591599862,0.358408898,0
V21F,-4.220585045,0.263248245,0
V21E,-0.563763182,0.476869314,0
V21D,-3.950799166,0.279008364,0
V21C,-2.301450221,0.37535861,0
V21A,-7.900592673,0.04827273,0
V145Y,-4.556957375,0.243598336,0
V145W,-4.189067984,0.265089382,0
V145T,-4.081207671,0.271390272,0
V145S,-4.299539622,0.258635945,0
V145R,-3.712341433,0.292938383,0
V145Q,-3.589916144,0.300090118,0
V145P,-4.751383403,0.232240524,0
V145N,-3.7151064,0.292776861,0
V145M,-1.814959216,0.403778022,0
V145L,-0.57884886,0.475988052,0
V145K,-5.428437997,0.192688932,0
V145I,-5.847972531,0.168180925,0
V145H,-5.075407189,0.213311982,0
V145G,-2.063020296,0.389287004,0
V145F,-3.301746876,0.316924142,0
V145E,-0.354153097,0.489114136,0
V145D,-4.045698728,0.273464603,0
V145C,-3.665608347,0.295668396,0
V145A,-6.31513445,0.140890662,0
V18Y,-5.005632216,0.217388036,0
V18W,-5.914805658,0.164276725,0
V18T,-2.6650404,0.354118712,0
V18S,-3.975606766,0.277559175,0
V18R,-3.723558416,0.292283118,0
V18Q,-5.346851353,0.19745499,0
V18P,-5.259419937,0.202562483,0
V18N,-3.04497795,0.331923848,0
V18M,-5.733960881,0.174841159,0
V18L,-4.226595684,0.262897121,0
V18K,-4.287811182,0.259321087,0
V18I,-1.173360996,0.441258354,0
V18H,-4.637353486,0.238901825,0
V18G,0.329505735,0.529051528,0
V18F,-1.603870102,0.416109244,0
V18E,-3.124823831,0.32725948,0
V18D,-0.632361417,0.472862002,0
V18C,-4.032805399,0.274217795,0
V18A,-5.035789282,0.215626346,0
T94Y,-0.830168893,0.461306655,0
T94W,-3.072432598,0.330320026,0
T94V,-6.484869795,0.130975209,0
T94S,0.61506073,0.545732834,0
T94R,-3.166487008,0.324825636,0
T94Q,-5.521920381,0.187227959,0
T94P,-1.068360788,0.447392166,0
T94N,-0.382502261,0.487458058,0
T94M,1.389064829,0.590947938,0
T94L,-3.731141136,0.291840158,0
T94K,-4.010104342,0.275543925,0
T94I,-1.894951249,0.399105117,0
T94H,-3.391646413,0.311672468,0
T94G,-4.372179953,0.254392504,0
T94F,-4.015384943,0.275235448,0
T94E,-3.992215603,0.276588934,0
T94D,-2.364320414,0.371685913,0
T94C,-4.613648558,0.240286599,0
T94A,-6.947597432,0.103943985,0
T68Y,3.138706549,0.693157001,1
T68W,0.097326515,0.515488283,0
T68V,-3.603718711,0.299283811,0
T68S,2.822924875,0.674709939,1
T68R,1.608286018,0.603754213,0
T68Q,-2.493262306,0.364153497,0
T68P,0.452213765,0.53621978,0
T68N,2.0863797,0.631683078,0
T68M,-3.920983528,0.280750108,0
T68L,-0.752504733,0.465843573,0
T68K,-2.060075957,0.389459004,0
T68I,-0.63843805,0.472507022,0
T68H,1.477320161,0.596103562,0
T68G,0.696098441,0.550466825,0
T68F,-2.954952012,0.337182905,0
T68E,2.8865829,0.678428659,1
T68D,5.897653934,0.854326812,1
T68C,-4.761167425,0.231668969,0
T68A,2.941564896,0.68164055,1
T63Y,-1.088294855,0.446227675,0
T63W,-3.63526417,0.297441016,0
T63V,-2.058371238,0.389558588,0
T63S,0.450904299,0.536143285,0
T63R,2.228328175,0.639975302,0
T63Q,0.754689026,0.553889519,0
T63P,0.418529271,0.534252028,0
T63N,-0.609283005,0.474210176,0
T63M,-0.887733285,0.457943908,0
T63L,-0.431253434,0.484610154,0
T63K,1.418018477,0.592639328,0
T63I,-0.214678402,0.497261848,0
T63H,1.955351356,0.624028777,0
T63G,-0.426361652,0.484895918,0
T63F,-0.920951856,0.456003374,0
T63E,-3.570588096,0.301219207,0
T63D,1.0614737,0.571811002,0
T63C,-2.144356895,0.384535552,0
T63A,-1.234868152,0.437665282,0
T351Y,-4.998163899,0.217824314,0
T351W,-5.998527499,0.159385935,0
T351V,-5.469886801,0.190267611,0
T351S,-0.013884998,0.508991624,0
T351R,-3.816416942,0.286858589,0
T351Q,-3.457267388,0.307839078,0
T351P,-1.168513976,0.441541503,0
T351N,-3.047966796,0.331749248,0
T351M,-4.696560091,0.235443145,0
T351L,-2.882901668,0.34139188,0
T351K,-5.793326969,0.171373162,0
T351I,-1.815992955,0.403717634,0
T351H,-4.567022265,0.243010374,0
T351G,-3.210140735,0.32227551,0
T351E,-4.919558065,0.222416241,0
T351D,-4.204487814,0.264188599,0
T351C,-4.783226266,0.230380355,0
T351A,-2.256527781,0.37798285,0
T295Y,-5.044680129,0.215106968,0
T295W,-4.249130522,0.2615807,0
T295V,-4.194212528,0.264788852,0
T295S,-0.440874068,0.484048145,0
T295R,-4.372771826,0.254357929,0
T295Q,-3.93406617,0.279985858,0
T295P,-0.329646818,0.490545722,0
T295N,0.23693626,0.523643884,0
T295M,-5.489248969,0.189136529,0
T295L,-3.571339941,0.301175286,0
T295K,-4.776536107,0.230771175,0
T295I,-2.371855693,0.371245724,0
T295H,-3.632920897,0.297577903,0
T295G,-4.470258134,0.248663058,0
T295F,-4.590563807,0.241635145,0
T295E,-4.206811852,0.264052836,0
T295D,-5.897036252,0.165314763,0
T295C,-3.155702366,0.325455644,0
T295A,-7.868687225,0.050136555,0
T206Y,-3.07308945,0.330281654,0
T206W,-4.455931341,0.249499988,0
T206V,-2.836669781,0.344092615,0
T206S,-0.504147491,0.480351892,0
T206R,-4.381485043,0.253848928,0
T206Q,-4.765909042,0.231391978,0
T206P,-1.861798142,0.401041826,0
T206N,-1.220307249,0.438515888,0
T206M,-4.352633619,0.255534345,0
T206L,-4.025982038,0.274616396,0
T206K,-4.201730489,0.264349674,0
T206I,-2.615143123,0.357033568,0
T206H,-3.936360243,0.279851845,0
T206G,-6.242463791,0.145135874,0
T206F,-4.326253602,0.25707539,0
T206E,-3.192027074,0.323333658,0
T206D,-4.594572335,0.241400978,0
T206C,-2.856374255,0.342941536,0
T206A,-4.528831616,0.245241362,0
T26Y,-3.587851903,0.300210705,0
T26W,-4.835351925,0.227335323,0
T26V,-5.221766074,0.204762114,0
T26S,-0.411532411,0.4857622,0
T26R,-3.059576332,0.331071052,0
T26Q,-4.079637638,0.271481989,0
T26P,-7.765956275,0.056137803,0
T26N,-0.607040907,0.474341153,0
T26M,-4.524119739,0.245516617,0
T26L,-4.028350689,0.274478026,0
T26K,-4.236606936,0.262312292,0
T26I,2.011555431,0.627312058,0
T26H,-4.245190149,0.261810885,0
T26G,-6.12953729,0.151732717,0
T26F,-2.316461017,0.374481722,0
T26E,-5.446882923,0.191611432,0
T26D,-3.933034126,0.280046147,0
T26C,-3.036524889,0.332417651,0
T26A,-5.381624532,0.195423641,0
T190Y,-4.021364796,0.274886122,0
T190W,-2.721182887,0.350839029,0
T190V,-3.341430315,0.314605949,0
T190S,-0.234252211,0.496118402,0
T190R,-3.872497859,0.283582502,0
T190Q,-6.241135213,0.145213486,0
T190P,-1.230797714,0.437903066,0
T190N,-1.96558524,0.394978881,0
T190M,-2.966147177,0.336528916,0
T190L,-3.513567891,0.304550164,0
T190K,-4.480828463,0.248045569,0
T190I,-1.770608893,0.406368841,0
T190H,-4.587045191,0.241840692,0
T190G,-2.820045914,0.345063733,0
T190F,-4.343862223,0.256046745,0
T190E,-5.337684157,0.197990512,0
T190D,-4.883375457,0.224529926,0
T190C,-5.657728319,0.179294447,0
T190A,-0.896216745,0.457448328,0
T185Y,-4.486044876,0.247740841,0
T185W,-1.500918813,0.422123364,0
T185V,-4.401253661,0.252694102,0
T185S,-0.534300436,0.478590443,0
T185R,-3.711091564,0.293011396,0
T185Q,-3.837560142,0.285623464,0
T185P,-0.472484926,0.482201529,0
T185N,-0.862329819,0.459427906,0
T185M,-3.976852373,0.27748641,0
T185L,-5.30066718,0.200152937,0
T185K,-2.95559599,0.337145286,0
T185I,-1.875311849,0.400252394,0
T185H,-4.030995172,0.274323543,0
T185G,-2.756487648,0.348776625,0
T185F,-1.675847365,0.411904538,0
T185E,-3.702597476,0.293507597,0
T185D,-1.441720249,0.425581575,0
T185C,-3.162210792,0.32507544,0
T185A,-2.266233056,0.377415896,0
T181Y,-3.872336845,0.283591908,0
T181W,-3.109613976,0.328147996,0
T181V,-4.653719479,0.237945771,0
T181S,-0.354814498,0.489075498,0
T181R,-2.724205878,0.350662434,0
T181Q,-3.871816655,0.283622296,0
T181P,-6.36580484,0.137930643,0
T181N,-1.581145748,0.417436736,0
T181M,-2.479793924,0.364940281,0
T181L,-1.919201348,0.397688495,0
T181K,-2.953125845,0.337289585,0
T181I,-1.64191763,0.413886616,0
T181H,-2.75206383,0.349035052,0
T181G,-5.115041451,0.210996661,0
T181F,-5.147952705,0.20907408,0
T181E,-4.627888435,0.239454747,0
T181D,-4.685119155,0.236111492,0
T181C,-3.359613033,0.313543766,0
T181A,-8.654516913,0.004230633,0
T160Y,-3.439878605,0.308854881,0
T160W,-5.16492929,0.208082357,0
T160V,-5.260231959,0.202515047,0
T160S,-0.320607054,0.491073799,0
T160R,-4.23221289,0.26256898,0
T160Q,-3.405141305,0.310884135,0
T160P,-1.489967867,0.422763087,0
T160N,-2.761902485,0.348460306,0
T160M,-5.321418305,0.198940716,0
T160L,-4.651191832,0.238093429,0
T160K,-1.859874457,0.401154202,0
T160I,-2.765436526,0.348253858,0
T160H,-2.056656117,0.389658781,0
T160G,-5.975336865,0.160740665,0
T160F,-6.35935068,0.138307677,0
T160E,-5.143459777,0.209336544,0
T160D,-5.231285167,0.204206036,0
T160C,-5.262180118,0.202401241,0
T160A,-4.577073465,0.242423212,0
T118Y,-3.482076574,0.306389797,0
T118W,-3.602669151,0.299345123,0
T118V,-3.872582458,0.28357756,0
T118S,-0.577187951,0.476085078,0
T118R,-3.796306823,0.288033365,0
T118Q,-3.339798975,0.314701247,0
T118P,0.447583226,0.535949277,0
T118N,-2.318702232,0.374350797,0
T118M,-2.145862774,0.384447583,0
T118L,-3.677870745,0.294952061,0
T118K,-1.375903667,0.429426391,0
T118I,-1.710166701,0.409899701,0
T118H,-4.508714133,0.246416568,0
T118G,1.531265527,0.599254896,0
T118F,-2.795649379,0.346488909,0
T118E,-3.762548926,0.290005404,0
T118D,-4.061360049,0.272549714,0
T118C,-3.779848679,0.288994802,0
T118A,-7.457724891,0.074143799,0
T110Y,-1.509299261,0.421633802,0
T110W,0.322165249,0.528622718,0
T110V,-3.369299289,0.312977923,0
T110S,-0.081818165,0.505023163,0
T110R,-5.888394719,0.165819576,0
T110Q,-4.785869393,0.230225951,0
T110P,1.131650995,0.575910559,0
T110N,-1.143086511,0.443026903,0
T110M,-4.535632359,0.244844083,0
T110L,-2.33722926,0.373268501,0
T110K,-4.526321503,0.245387996,0
T110I,-1.936201049,0.396695421,0
T110H,-2.802633871,0.346080895,0
T110G,-2.380298788,0.370752502,0
T110F,-2.898912911,0.340456549,0
T110E,-4.945430646,0.220904839,0
T110D,-4.400740422,0.252724083,0
T110C,-4.065951292,0.272281506,0
T110A,-0.403912748,0.486207319,0
S57Y,0.13827802,0.517880552,0
S57W,-2.836137641,0.344123701,0
S57V,-2.353186337,0.372336334,0
S57T,-0.412070119,0.485730789,0
S57R,1.423419578,0.592954845,0
S57Q,-4.10840453,0.26980151,0
S57P,-1.056659798,0.448075704,0
S57N,-2.333586291,0.373481313,0
S57M,2.453168512,0.653109831,0
S57L,1.519823074,0.598586461,0
S57K,2.360029004,0.647668887,0
S57I,0.377639327,0.531863355,0
S57H,0.525486588,0.540500169,0
S57G,0.785347756,0.555680515,0
S57F,3.84139121,0.734205828,1
S57E,-0.391608035,0.486926125,0
S57D,-3.881387795,0.283063178,0
S57C,-0.987903499,0.452092251,0
S57A,1.798441446,0.614862549,0
S41Y,-1.072609313,0.447143979,0
S41W,-1.383546767,0.428979903,0
S41V,0.240448185,0.523849041,0
S41T,-0.023924746,0.508405131,0
S41R,-4.373114276,0.254337924,0
S41Q,-4.667304844,0.237152153,0
S41P,0.193404125,0.521100862,0
S41N,0.9154859,0.563282813,0
S41M,0.973205783,0.566654643,0
S41L,-3.094476935,0.329032258,0
S41K,-4.111500738,0.269620638,0
S41I,-4.711061911,0.23459599,0
S41H,-4.328591298,0.256938829,0
S41G,-1.71302451,0.409732756,0
S41F,-2.09293226,0.387539632,0
S41E,-4.148260207,0.267473255,0
S41D,-0.927264271,0.455634621,0
S41C,-0.52308698,0.479245501,0
S41A,-1.39871045,0.428094084,0
S320Y,-2.566140941,0.359896135,0
S320W,-5.026653739,0.216160019,0
S320V,-4.646138008,0.238388659,0
S320T,-0.368686546,0.488265133,0
S320R,-5.308425903,0.199699695,0
S320Q,-1.792831652,0.405070651,0
S320P,-5.309547599,0.199634169,0
S320N,-3.637206297,0.297327562,0
S320M,-2.358227322,0.372041854,0
S320L,-4.262599444,0.260793884,0
S320K,-2.526602499,0.362205858,0
S320I,-3.225541933,0.321375816,0
S320H,-5.562583168,0.184852555,0
S320G,-4.689569514,0.235851514,0
S320F,-2.639538707,0.355608448,0
S320E,-4.994894029,0.21801533,0
S320D,-2.720944062,0.35085298,0
S320C,-3.702794411,0.293496092,0
S320A,-2.801279819,0.346159995,0
S284Y,-2.351618818,0.372427904,0
S284W,-4.397977186,0.252885504,0
S284V,-5.330628274,0.198402696,0
S284T,-0.685185032,0.469776197,0
S284R,-3.457329962,0.307835423,0
S284Q,-1.149338429,0.442661684,0
S284P,-7.743291805,0.057461797,0
S284N,-2.413102499,0.368836203,0
S284M,-4.456793067,0.249449648,0
S284L,-2.876437546,0.341769496,0
S284K,-3.014391497,0.333710621,0
S284I,-3.826801356,0.286251961,0
S284H,-4.518797776,0.245827511,0
S284G,-1.789408019,0.40527065,0
S284F,-0.844956076,0.46044283,0
S284E,-3.250152973,0.31993811,0
S284D,-4.82516512,0.227930407,0
S284C,-4.423876386,0.251372547,0
S284A,-2.343764693,0.372886719,0
S266Y,-3.428297743,0.309531402,0
S266W,-4.266916274,0.260541707,0
S266V,-3.245526482,0.320208376,0
S266T,-3.364138754,0.313279387,0
S266R,-0.601411544,0.474670005,0
S266Q,-4.641854836,0.238638869,0
S266P,-5.096504983,0.212079509,0
S266N,-2.237119531,0.379116625,0
S266M,-3.211150507,0.322216522,0
S266L,-2.779296252,0.347444212,0
S266K,-4.538221804,0.244692815,0
S266I,-0.612898875,0.473998948,0
S266H,-4.410080875,0.252178441,0
S266G,-1.713970532,0.409677492,0
S266F,-2.734088968,0.350085092,0
S266E,-4.946312524,0.220853322,0
S266D,-2.915749653,0.339472995,0
S266C,-2.009596668,0.392407859,0
S266A,-3.678411755,0.294920457,0
S248Y,-0.704768776,0.468632171,0
S248W,-1.261244031,0.436124479,0
S248V,-2.680452195,0.353218399,0
S248T,-0.843006262,0.460556732,0
S248R,-1.622911755,0.414996885,0
S248Q,-4.897526966,0.223703235,0
S248P,-4.464491233,0.248999944,0
S248N,-3.021611337,0.333288858,0
S248M,-3.58276338,0.300507962,0
S248L,-4.246625704,0.261727024,0
S248K,-4.89098745,0.224085255,0
S248I,-6.007436492,0.158865497,0
S248H,-4.445269714,0.25012281,0
S248G,-5.226224159,0.204501686,0
S248F,-2.940428525,0.338031326,0
S248E,-3.70140006,0.293577546,0
S248D,-3.576182576,0.300892393,0
S248C,-0.798708048,0.463144507,0
S248A,-4.111239903,0.269635875,0
S246Y,-4.484313102,0.247842007,0
S246W,-3.33654442,0.314891369,0
S246V,-3.925233647,0.280501829,0
S246T,-6.156229656,0.150173426,0
S246R,-1.379006361,0.42924514,0
S246Q,-7.079605369,0.096232459,0
S246P,-2.820013448,0.34506563,0
S246N,-1.195410982,0.439970257,0
S246M,-2.170454142,0.383011026,0
S246L,-3.81694163,0.286827938,0
S246K,-4.631162708,0.239263473,0
S246I,-1.262624537,0.436043834,0
S246H,-1.827755541,0.403030498,0
S246G,-4.886612989,0.224340798,0
S246F,-3.97249752,0.277740808,0
S246E,-2.917771743,0.33935487,0
S246D,-3.955332797,0.278743522,0
S246C,-0.683749136,0.469860078,0
S246A,-2.420511588,0.368403385,0
S29Y,-5.206383508,0.20566072,0
S29W,-4.57630459,0.242468127,0
S29V,-2.609031828,0.357390572,0
S29T,-5.279985894,0.201361079,0
S29R,-1.07608313,0.446941049,0
S29Q,-5.842132183,0.168522101,0
S29P,-4.373625912,0.254308036,0
S29N,-2.035301912,0.390906232,0
S29M,-4.402500171,0.252621284,0
S29L,-7.811748764,0.053462737,0
S29K,-2.64398448,0.355348739,0
S29I,-1.733488131,0.40853733,0
S29H,-4.967288378,0.219627973,0
S29G,-6.768155032,0.114426496,0
S29F,-5.151606171,0.208860655,0
S29E,-4.725319691,0.233763091,0
S29D,-4.287624044,0.259332019,0
S29C,-1.27554409,0.43528911,0
S29A,-3.602780935,0.299338593,0
S223Y,-0.930764915,0.455430123,0
S223W,-3.398855558,0.31125133,0
S223V,-3.512972718,0.304584932,0
S223T,-0.533718669,0.478624429,0
S223R,-2.12479964,0.385678031,0
S223Q,-3.635416276,0.29743213,0
S223P,-4.477525204,0.248238536,0
S223N,-4.266981663,0.260537887,0
S223M,-2.850153157,0.343304954,0
S223L,-1.482371078,0.42320687,0
S223K,-5.002731065,0.217557513,0
S223I,-2.641309719,0.35550499,0
S223H,-4.79948482,0.229430577,0
S223G,-2.963306067,0.336694885,0
S223F,-2.268698515,0.377271871,0
S223E,-3.416333835,0.310230299,0
S223D,-3.380618994,0.312316658,0
S223C,-2.305014961,0.375150368,0
S223A,-0.444539969,0.483833993,0
S213Y,-4.450354509,0.24982577,0
S213W,-4.118246017,0.269226598,0
S213V,-2.046833162,0.39023261,0
S213T,-3.64358962,0.296954667,0
S213R,-0.304677442,0.492004362,0
S213Q,-3.678844185,0.294895196,0
S213P,-4.577826756,0.242379207,0
S213N,-2.877949416,0.341681177,0
S213M,-4.394882169,0.253066306,0
S213L,-5.389270016,0.194977013,0
S213K,-5.116551914,0.210908424,0
S213I,-2.81450034,0.34538769,0
S213H,-2.315834201,0.374518339,0
S213G,-6.240782964,0.145234064,0
S213F,-1.717183884,0.409489777,0
S213E,-3.547181874,0.302586531,0
S213D,-2.684154374,0.353002128,0
S213C,0.001508941,0.509890894,0
S213A,-1.596303101,0.416551287,0
S208Y,-1.048905835,0.448528669,0
S208W,-4.716790173,0.234261361,0
S208V,-3.074113256,0.330221846,0
S208T,-0.141757088,0.501521703,0
S208R,-3.73384024,0.291682484,0
S208Q,-3.650197894,0.29656863,0
S208P,-5.125880862,0.210363454,0
S208N,-1.568885727,0.418152931,0
S208M,-4.604997239,0.240791985,0
S208L,-3.033696583,0.332582873,0
S208K,-4.542659023,0.244433605,0
S208I,-3.106083762,0.328354221,0
S208H,-4.713133824,0.234474955,0
S208G,-2.053789295,0.389826252,0
S208F,-4.332147798,0.256731068,0
S208E,-5.791436458,0.171483601,0
S208D,-4.157947017,0.266907379,0
S208C,-3.092012738,0.32917621,0
S208A,-0.761186185,0.465336427,0
S202Y,-2.599584241,0.357942473,0
S202W,-4.942287188,0.221088471,0
S202V,-3.359700272,0.31353867,0
S202T,-3.806383062,0.28744474,0
S202R,-1.251401128,0.436699473,0
S202Q,-4.298242334,0.258711728,0
S202P,-5.457162075,0.191010954,0
S202N,-1.600301467,0.416317714,0
S202M,-3.615981969,0.298567427,0
S202L,-3.321828475,0.315751032,0
S202K,-3.416841536,0.310200641,0
S202I,-1.039726022,0.449064927,0
S202H,-4.491851917,0.247401611,0
S202G,-2.757097294,0.348741012,0
S202F,-3.015623762,0.333638635,0
S202E,-2.791033144,0.346758576,0
S202D,-2.960446972,0.336861905,0
S202C,-0.858790692,0.459634651,0
S202A,-1.922063884,0.397521274,0
S153Y,-3.978036551,0.277417234,0
S153W,-4.020559874,0.274933143,0
S153V,-3.89547376,0.282240316,0
S153T,-2.862962134,0.342556691,0
S153R,-1.697490736,0.410640195,0
S153Q,-4.100513349,0.27026249,0
S153P,-2.784986431,0.347111808,0
S153N,-1.705071836,0.410197328,0
S153M,-4.003806181,0.275911846,0
S153L,-4.669500703,0.237023877,0
S153K,-2.774003026,0.347753427,0
S153I,-1.815881057,0.403724171,0
S153H,-4.221562036,0.263191172,0
S153G,-7.430684314,0.075723432,0
S153F,-2.854978987,0.343023043,0
S153E,-5.252562613,0.202963069,0
S153D,-4.875752474,0.224975239,0
S153C,-1.290769417,0.43439969,0
S153A,-3.835857284,0.28572294,0
S142Y,-3.749453278,0.290770415,0
S142W,-4.689311479,0.235866588,0
S142V,-3.913954606,0.281160718,0
S142T,-0.853270824,0.459957106,0
S142R,-5.877218951,0.166472433,0
S142Q,-2.70243341,0.351934319,0
S142P,-5.373513142,0.195897485,0
S142N,-3.889307782,0.282600515,0
S142M,-4.435895259,0.250670438,0
S142L,-2.529802941,0.362018897,0
S142K,-3.363658988,0.313307413,0
S142I,-4.208695506,0.263942798,0
S142H,-3.448341708,0.308360491,0
S142G,-4.721424582,0.233990633,0
S142F,-1.732360322,0.408603213,0
S142E,-4.957615522,0.220193034,0
S142D,-5.334124033,0.198198484,0
S142C,-3.74216056,0.291196434,0
S142A,-5.594740543,0.182974013,0
S122Y,-2.359672681,0.37195742,0
S122W,-4.634906538,0.239044769,0
S122V,-5.718687566,0.175733383,0
S122T,-2.535168098,0.36170548,0
S122R,-0.518565122,0.479509655,0
S122Q,-2.673407587,0.353629925,0
S122P,-4.073154966,0.271860688,0
S122N,0.592474503,0.544413411,0
S122M,-3.826579192,0.28626494,0
S122L,-1.783576465,0.405611313,0
S122K,-5.639232778,0.180374904,0
S122I,-1.061879826,0.447770765,0
S122H,-3.943415002,0.279439726,0
S122G,-1.137366701,0.443361038,0
S122F,-3.751370828,0.290658397,0
S122E,-2.031582647,0.391123501,0
S122D,-5.09441618,0.212201531,0
S122C,-1.321817025,0.432585978,0
S122A,0.615170331,0.545739236,0
R91Y,-5.292206452,0.200647189,0
R91W,-4.69399723,0.23559286,0
R91V,-0.486418941,0.481387543,0
R91T,-4.866003568,0.225544742,0
R91S,-0.615901225,0.473823559,0
R91Q,-5.472193757,0.190132846,0
R91P,-3.523131215,0.303991502,0
R91N,1.560065917,0.600937333,0
R91M,-7.357579869,0.079993984,0
R91L,-1.070204065,0.447284487,0
R91K,-4.74286748,0.232738,0
R91I,0.82168063,0.557802977,0
R91H,1.173791525,0.578372288,0
R91G,-4.486106414,0.247737247,0
R91F,-3.042805118,0.332050778,0
R91E,-4.83726242,0.227223717,0
R91D,-5.777854576,0.172277015,0
R91C,-2.070555642,0.38884681,0
R91A,-5.08241503,0.212902604,0
R15Y,-7.277591963,0.084666649,0
R15W,-0.718000959,0.467859185,0
R15V,-4.630431722,0.239306175,0
R15T,-3.024676652,0.333109791,0
R15S,0.520902468,0.540232378,0
R15Q,-3.419016357,0.310073594,0
R15P,-4.307696196,0.258159461,0
R15N,-4.645198251,0.238443557,0
R15M,-0.304540163,0.492012381,0
R15L,-3.656560637,0.296196937,0
R15K,-0.635145397,0.472699369,0
R15I,-2.320380085,0.374252781,0
R15H,-4.317512961,0.257585994,0
R15G,-2.765291993,0.348262301,0
R15F,-4.169414278,0.266237495,0
R15E,-4.993916404,0.21807244,0
R15D,-4.356656543,0.255299338,0
R15C,-4.664159336,0.237335904,0
R15A,-5.259945735,0.202531768,0
R79Y,-5.802085749,0.170861499,0
R79W,-5.0943117,0.212207634,0
R79V,1.479494303,0.59623057,0
R79T,-3.673624707,0.295200103,0
R79S,-0.807190953,0.46264896,0
R79Q,-4.733075405,0.233310025,0
R79P,-4.318102783,0.257551538,0
R79N,-3.58861127,0.300166345,0
R79M,0.772525462,0.554931473,0
R79L,1.072887407,0.572477758,0
R79K,-1.005770929,0.451048486,0
R79I,-2.774754516,0.347709527,0
R79H,-5.161282867,0.20829537,0
R79G,-3.844969106,0.285190653,0
R79F,-5.871153273,0.166826772,0
R79E,-4.602999286,0.240908699,0
R79D,-3.345475239,0.314369656,0
R79C,-3.697737971,0.293791475,0
R79A,-6.132314508,0.15157048,0
R77Y,-4.538831561,0.244657194,0
R77W,-1.787132288,0.405403592,0
R77V,-4.790784186,0.229938843,0
R77T,-4.313034397,0.257847618,0
R77S,-4.942643908,0.221067633,0
R77Q,-2.269425255,0.377229417,0
R77P,-4.801097252,0.229336383,0
R77N,-2.634770666,0.355886983,0
R77M,-4.441042874,0.25036973,0
R77L,-0.81050954,0.462455098,0
R77K,-5.556268427,0.185221444,0
R77I,-4.446657852,0.250041719,0
R77H,-4.213844484,0.263642009,0
R77G,-3.097244033,0.328870613,0
R77F,-2.10039071,0.387103931,0
R77E,-5.398511824,0.194437133,0
R77D,-3.931667158,0.280126001,0
R77C,-5.341833102,0.197748142,0
R77A,-4.733924893,0.2332604,0
R70Y,-4.377761903,0.254066423,0
R70W,-4.340908284,0.256219306,0
R70V,-4.389829727,0.253361455,0
R70T,-5.72332055,0.175462737,0
R70S,-0.777822075,0.464364606,0
R70Q,-5.029604646,0.215987635,0
R70P,-5.856615803,0.16767601,0
R70N,-4.913195608,0.222787918,0
R70M,-3.47308022,0.306915338,0
R70L,-1.716365632,0.409537577,0
R70K,-4.544625665,0.244318719,0
R70I,-5.519583509,0.187364472,0
R70H,-1.84260399,0.402163094,0
R70G,-2.685822447,0.352904684,0
R70F,-5.36176205,0.19658395,0
R70E,-3.646265043,0.296798376,0
R70D,-5.281950883,0.20124629,0
R70C,-0.861714006,0.45946388,0
R70A,-2.419599506,0.368456667,0
R67Y,-0.741193469,0.466504345,0
R67W,-1.610749753,0.415707355,0
R67V,-1.36818072,0.429877543,0
R67T,-0.163874253,0.500229681,0
R67S,-1.281663359,0.43493164,0
R67Q,-0.742893765,0.466405018,0
R67P,-4.232290168,0.262564465,0
R67N,-2.862210451,0.342600602,0
R67M,-1.707481549,0.41005656,0
R67L,-3.542237154,0.302875388,0
R67K,0.038979208,0.5120798,0
R67I,-1.041600129,0.448955447,0
R67H,1.300754605,0.585789108,0
R67G,1.152530951,0.577130306,0
R67F,-3.465256376,0.307372385,0
R67E,-0.789135023,0.463703736,0
R67D,-0.803184145,0.462883027,0
R67C,-3.356937079,0.313700088,0
R67A,-2.928536386,0.33872603,0
R50Y,-0.474238552,0.482099087,0
R50W,-1.181052674,0.440809028,0
R50V,1.05153736,0.57123055,0
R50T,-0.093682879,0.50433006,0
R50S,-0.511024383,0.479950164,0
R50Q,-2.857751097,0.342861105,0
R50P,-1.853299106,0.401538316,0
R50N,-0.731897484,0.467047389,0
R50M,0.885640146,0.561539309,0
R50L,-3.533272163,0.303399097,0
R50K,-1.869950049,0.400565615,0
R50I,-4.049034357,0.273269745,0
R50H,-5.31664974,0.199219282,0
R50G,-4.471234092,0.248606045,0
R50F,-2.815925963,0.345304409,0
R50E,-2.398803687,0.369671499,0
R50D,1.877499475,0.619480893,0
R50C,-3.317137635,0.316025058,0
R50A,-3.618674865,0.298410115,0
R353Y,-3.014854905,0.33368355,0
R353W,-2.672693941,0.353671614,0
R353V,-3.990429614,0.276693267,0
R353T,-5.375563947,0.195777683,0
R353S,-0.588309514,0.475435388,0
R353Q,-2.781492219,0.34731593,0
R353P,-3.976177301,0.277525846,0
R353N,-4.451157149,0.249778883,0
R353M,-4.000683882,0.276094242,0
R353L,-2.464790862,0.365816717,0
R353K,-1.458821022,0.424582596,0
R353I,0.306247797,0.527692866,0
R353H,-3.948455039,0.279145301,0
R353G,-5.197190354,0.206197758,0
R353F,-3.608033437,0.299031757,0
R353E,-3.452753769,0.308102751,0
R353D,-6.068402097,0.155304061,0
R353C,-2.799553114,0.346260864,0
R353A,-3.667115026,0.29558038,0
R301Y,-5.419270946,0.193224445,0
R301W,-4.459564764,0.249287734,0
R301V,-4.380478851,0.253907706,0
R301T,-3.827412666,0.28621625,0
R301S,-0.595322949,0.475025683,0
R301Q,-4.605771936,0.240746729,0
R301P,-4.717044583,0.2342465,0
R301N,-5.011479476,0.217046456,0
R301M,-5.441432357,0.191929839,0
R301L,-3.001861777,0.334442571,0
R301K,-2.416982335,0.368609554,0
R301I,-1.660792035,0.412784028,0
R301H,-6.536988923,0.127930559,0
R301G,-7.928927566,0.046617487,0
R301F,-2.882593494,0.341409883,0
R301E,-0.906491133,0.456848128,0
R301D,-4.790247376,0.229970202,0
R301C,-2.354807113,0.372241653,0
R301A,-4.704321801,0.234989728,0
R277Y,-4.073141044,0.271861502,0
R277W,-3.975514659,0.277564556,0
R277V,-3.388417494,0.311861092,0
R277T,-0.622858875,0.473417113,0
R277S,-0.546320384,0.477888273,0
R277Q,-3.25797054,0.31948143,0
R277P,-3.471413786,0.307012686,0
R277N,-3.418386481,0.31011039,0
R277M,-3.045695334,0.33188194,0
R277L,-2.47883514,0.36499629,0
R277K,-1.084214582,0.446466033,0
R277I,-0.101283714,0.503886041,0
R277H,-3.852607295,0.284744452,0
R277G,-6.49093412,0.130620949,0
R277F,-4.48259352,0.24794246,0
R277E,-2.209310662,0.380741139,0
R277D,-1.960842653,0.395255929,0
R277C,-2.842382776,0.343758878,0
R277A,-2.862707838,0.342571546,0
R261Y,-5.178976841,0.207261739,0
R261W,-1.495602061,0.422433953,0
R261V,-2.643802557,0.355359366,0
R261T,-4.552336143,0.243868295,0
R261S,-2.543435383,0.361222529,0
R261Q,-2.218553415,0.380201204,0
R261P,-4.373902454,0.254291881,0
R261N,-5.866867577,0.16707713,0
R261M,-1.836600728,0.402513787,0
R261L,-1.428636687,0.426345879,0
R261K,-5.604360145,0.182412063,0
R261I,-3.482564074,0.306361318,0
R261H,-3.609180661,0.29896474,0
R261G,-2.076970926,0.388472048,0
R261F,-4.390739154,0.253308329,0
R261E,-4.157413914,0.266938522,0
R261D,-5.207381269,0.205602433,0
R261C,-3.01502688,0.333673503,0
R261A,-4.653552083,0.23795555,0
R225Y,-5.12405175,0.210470305,0
R225W,-5.028777199,0.216035972,0
R225V,-3.687651814,0.294380679,0
R225T,-5.13730195,0.209696267,0
R225S,-1.143100495,0.443026086,0
R225Q,-4.412377615,0.252044272,0
R225P,-1.594327148,0.416666716,0
R225N,-2.329041885,0.373746784,0
R225M,-4.237328036,0.262270167,0
R225L,0.32839882,0.528986865,0
R225K,-5.058888083,0.21427698,0
R225I,-3.357436766,0.313670898,0
R225H,-2.057389846,0.389615919,0
R225G,-4.208646132,0.263945682,0
R225F,-3.290157604,0.317601154,0
R225E,-4.422368299,0.251460645,0
R225D,-2.869870496,0.342153124,0
R225C,-1.495288171,0.42245229,0
R225A,-3.943164383,0.279454366,0
R194Y,-5.191775083,0.206514102,0
R194W,-3.768349199,0.289666569,0
R194V,-3.141008996,0.326313989,0
R194T,-2.489548352,0.364370455,0
R194S,-0.49763954,0.480732068,0
R194Q,-4.224093212,0.263043308,0
R194P,-4.705783916,0.234904315,0
R194N,-4.351901824,0.255577095,0
R194M,-4.245009041,0.261821465,0
R194L,-3.191990511,0.323335794,0
R194K,-2.47753844,0.36507204,0
R194I,-1.519994851,0.421008996,0
R194H,-3.820935075,0.286594653,0
R194G,-1.417006511,0.42702528,0
R194F,-5.272301423,0.201809984,0
R194E,-1.022948606,0.450045016,0
R194D,-3.933552393,0.280015871,0
R194C,-3.107334869,0.328281135,0
R194A,-3.484547839,0.306245432,0
R191Y,-1.94588835,0.396129517,0
R191W,-2.748308186,0.349254446,0
R191V,-5.990253587,0.159869273,0
R191T,-4.839803455,0.227075277,0
R191S,-2.372439677,0.371211609,0
R191Q,-2.51901751,0.362648951,0
R191P,-5.705892802,0.176480816,0
R191N,-3.978031997,0.2774175,0
R191M,-3.266196303,0.319000904,0
R191L,-2.423753625,0.368213995,0
R191K,-4.625118876,0.239616536,0
R191I,-3.843224041,0.285292595,0
R191H,-3.963947715,0.278240264,0
R191G,-3.080823417,0.329829858,0
R191F,-3.431896558,0.30932117,0
R191E,-4.432920834,0.250844196,0
R191D,-2.392027769,0.370067329,0
R191C,-3.713655742,0.292861604,0
R191A,-4.634142955,0.239089375,0
R24Y,-4.905298215,0.223249261,0
R24W,-4.795734259,0.229649674,0
R24V,-3.92084477,0.280758214,0
R24T,-3.03357634,0.332589897,0
R24S,-1.205764153,0.439365455,0
R24Q,-3.761019288,0.290094762,0
R24P,-1.94005655,0.396470194,0
R24N,-4.207689714,0.264001553,0
R24M,-3.69982529,0.29366954,0
R24L,-1.283235187,0.434839818,0
R24K,-6.234307263,0.145612355,0
R24I,-4.761522747,0.231648212,0
R24H,-1.727254513,0.40890148,0
R24G,-3.405789723,0.310846256,0
R24F,-5.857171763,0.167643532,0
R24E,-4.368138891,0.254628572,0
R24D,-3.819105276,0.286701544,0
R24C,-2.376508308,0.370973931,0
R24A,-4.650799347,0.238116357,0
R172Y,-4.558494463,0.243508544,0
R172W,-4.654311462,0.237911189,0
R172V,-3.916565563,0.281008193,0
R172T,-5.580437904,0.183809532,0
R172S,-3.471435815,0.307011399,0
R172Q,-2.425008844,0.368140669,0
R172P,-3.357834531,0.313647661,0
R172N,-4.337587817,0.256413278,0
R172M,-2.990297436,0.335118127,0
R172L,-2.04080709,0.390584636,0
R172K,-2.920305483,0.339206856,0
R172I,-5.04130463,0.215304155,0
R172H,-4.527533881,0.245317172,0
R172G,-2.892000197,0.34086037,0
R172F,-5.505471636,0.188188847,0
R172E,-3.635611886,0.297420703,0
R172D,-3.844091628,0.285241913,0
R172C,-4.139557183,0.267981661,0
R172A,-5.769071117,0.17279012,0
R148Y,-4.008787056,0.275620878,0
R148W,-4.001663051,0.276037042,0
R148V,-3.82170396,0.286549737,0
R148T,-4.604358967,0.240829271,0
R148S,-4.235953701,0.262350452,0
R148Q,-2.410197912,0.369005881,0
R148P,-3.471012092,0.307036152,0
R148N,-2.425690415,0.368100853,0
R148M,-5.808151865,0.170507134,0
R148L,-1.451745896,0.424995905,0
R148K,-3.985663858,0.276971669,0
R148I,-3.270099089,0.318772915,0
R148H,-5.289910856,0.200781291,0
R148G,-4.61846326,0.240005338,0
R148F,-1.994335644,0.393299365,0
R148E,-3.892720131,0.282401175,0
R148D,-5.262614282,0.202375879,0
R148C,-4.99868664,0.217793776,0
R148A,-4.136782828,0.268143731,0
R135Y,-2.72307734,0.35072836,0
R135W,-5.946317716,0.162435881,0
R135V,-5.339221732,0.197900691,0
R135T,-3.110563306,0.328092539,0
R135S,-1.025074364,0.449920835,0
R135Q,-3.605784383,0.29916314,0
R135P,-2.786644399,0.347014954,0
R135N,-4.57476597,0.242558009,0
R135M,-5.030180191,0.215954013,0
R135L,-1.798637867,0.404731469,0
R135K,-6.300958031,0.141718808,0
R135I,-4.905226744,0.223253436,0
R135H,-3.922659952,0.280652176,0
R135G,-4.687855849,0.235951622,0
R135F,-4.586507357,0.241872111,0
R135E,-5.45927212,0.190887691,0
R135D,-2.533854243,0.361782232,0
R135C,-0.894402763,0.457554296,0
R135A,-3.112337093,0.327988919,0
Q17Y,-6.056654797,0.155990304,0
Q17W,-5.050242819,0.214782012,0
Q17V,-4.738699917,0.232981457,0
Q17T,-6.583285838,0.125226026,0
Q17S,-5.108952625,0.211352353,0
Q17R,-1.908799977,0.398296113,0
Q17P,-5.840276771,0.168630489,0
Q17N,-4.603111452,0.240902147,0
Q17M,-4.620456084,0.239888923,0
Q17L,-0.873496022,0.458775608,0
Q17K,-1.523470231,0.420805975,0
Q17I,-4.602359782,0.240946057,0
Q17H,-0.523621338,0.479214286,0
Q17G,-5.268857387,0.202011175,0
Q17F,-5.612063321,0.181962066,0
Q17E,-4.374388579,0.254263483,0
Q17D,-5.151538944,0.208864582,0
Q17C,-4.418304809,0.251698022,0
Q17A,-2.705253113,0.3517696,0
Q105Y,6.5434035,0.892049654,1
Q105W,6.839114851,0.909324265,1
Q105V,2.025352297,0.628118032,0
Q105T,2.657710287,0.665058576,1
Q105S,-2.64236019,0.355443625,0
Q105R,0.867322013,0.560469216,0
Q105P,-4.486474147,0.247715765,0
Q105N,0.20783588,0.521943923,0
Q105M,-4.068376383,0.27213984,0
Q105L,-0.51534466,0.479697786,0
Q105K,0.618934655,0.545959137,0
Q105I,7.362049372,0.939872603,1
Q105H,-1.629586741,0.414606952,0
Q105G,-1.286403844,0.434654715,0
Q105F,5.500678402,0.831136638,1
Q105E,2.435709145,0.652089904,0
Q105D,0.410045572,0.533756435,0
Q105C,-2.251365047,0.378284442,0
Q105A,-3.071301754,0.330386086,0
Q97Y,-4.75243884,0.232178868,0
Q97W,-3.870241057,0.283714338,0
Q97V,-2.953919988,0.337243193,0
Q97T,-2.634697503,0.355891257,0
Q97S,-1.66147842,0.412743931,0
Q97R,-3.98254864,0.277153651,0
Q97P,-4.476304446,0.248309849,0
Q97N,-5.478068726,0.189789647,0
Q97M,-2.234583982,0.379264744,0
Q97L,-0.585751758,0.475584804,0
Q97K,0.6996233,0.550672737,0
Q97I,-4.718077621,0.234186152,0
Q97H,-1.110932787,0.444905232,0
Q97G,-4.598265308,0.241185245,0
Q97F,1.57793627,0.601981268,0
Q97E,0.776912545,0.555187754,0
Q97D,-1.811334494,0.403989768,0
Q97C,-4.551485154,0.243918008,0
Q97A,-1.72457902,0.409057775,0
Q66Y,-0.515749849,0.479674116,0
Q66W,-4.632514795,0.239184488,0
Q66V,0.22376009,0.52287417,0
Q66T,-2.800445484,0.346208734,0
Q66S,0.194375479,0.521157605,0
Q66R,0.018530034,0.510885218,0
Q66P,-1.66043729,0.412804751,0
Q66N,-2.902652029,0.340238121,0
Q66M,-0.084388327,0.504873021,0
Q66L,-0.649786788,0.471844061,0
Q66K,-1.787836056,0.40536248,0
Q66I,-3.426206044,0.309653593,0
Q66H,-0.41135926,0.485772315,0
Q66G,-4.569827103,0.242846523,0
Q66F,-3.672022851,0.295293679,0
Q66E,-1.331391505,0.432026664,0
Q66D,-4.270941727,0.260306552,0
Q66C,-2.222972217,0.37994307,0
Q66A,-2.069003737,0.388937468,0
Q62Y,-3.030605921,0.33276342,0
Q62W,0.704260688,0.55094364,0
Q62V,-0.072619455,0.505560525,0
Q62T,-0.649151224,0.471881189,0
Q62S,1.39412801,0.591243715,0
Q62R,1.307292999,0.586171062,0
Q62P,2.676984216,0.666184504,1
Q62N,-0.094441874,0.504285722,0
Q62M,1.571314478,0.601594441,0
Q62L,0.433096035,0.535102977,0
Q62K,0.055835324,0.513064486,0
Q62I,-0.108575904,0.503460052,0
Q62H,0.739433502,0.552998335,0
Q62G,-2.841833817,0.343790946,0
Q62F,-4.583102744,0.242070998,0
Q62E,-3.358271836,0.313622115,0
Q62D,-1.118675154,0.444452945,0
Q62C,-3.917383687,0.280960401,0
Q62A,-3.224442452,0.321440045,0
Q355Y,-1.816473913,0.403689538,0
Q355W,-6.431426929,0.134097189,0
Q355V,-4.184492042,0.265356695,0
Q355T,-2.096868233,0.387309704,0
Q355S,-2.020589901,0.391765666,0
Q355R,-5.279311483,0.201400476,0
Q355P,-1.581891443,0.417393175,0
Q355N,-5.092299481,0.212325182,0
Q355M,-4.443390912,0.250232564,0
Q355L,0.031198153,0.511625253,0
Q355K,-2.128553766,0.385458726,0
Q355I,-4.153656522,0.267158018,0
Q355H,-0.077906784,0.505251655,0
Q355G,-3.455973394,0.30791467,0
Q355F,-4.44937409,0.249883044,0
Q355E,-4.776850137,0.23075283,0
Q355D,-4.888218304,0.224247021,0
Q355C,-3.077018237,0.330052146,0
Q355A,-4.05561479,0.272885335,0
Q315Y,-3.673893197,0.295184418,0
Q315W,-5.095465555,0.212140229,0
Q315V,-5.213952609,0.205218555,0
Q315T,-5.328473861,0.198528551,0
Q315S,-2.691631807,0.352565318,0
Q315R,-1.664259526,0.412581467,0
Q315P,-3.721925671,0.292378499,0
Q315N,-4.118784855,0.269195121,0
Q315M,-5.143336673,0.209343735,0
Q315L,-0.284576138,0.493178622,0
Q315K,-1.543141495,0.419656836,0
Q315I,-4.664720499,0.237303123,0
Q315H,-1.803573956,0.404443117,0
Q315G,-3.976563416,0.27750329,0
Q315F,-5.436081389,0.192242427,0
Q315E,-1.303617532,0.43364914,0
Q315D,-3.572742363,0.301093361,0
Q315C,-3.301587818,0.316933433,0
Q315A,-4.530023481,0.245171737,0
Q306Y,-1.610515071,0.415721064,0
Q306W,-3.351093804,0.314041435,0
Q306V,-4.996508491,0.217921018,0
Q306T,-4.065775116,0.272291798,0
Q306S,-4.150421114,0.267347021,0
Q306R,-2.06037079,0.38944178,0
Q306P,-2.057556986,0.389606155,0
Q306N,-2.81384183,0.345426158,0
Q306M,-2.061642951,0.389367464,0
Q306L,-0.451988493,0.483398872,0
Q306K,-1.410790879,0.42738838,0
Q306I,-3.33856347,0.314773422,0
Q306H,0.851336533,0.55953539,0
Q306G,-5.305891872,0.199847726,0
Q306E,-2.625521289,0.356427305,0
Q306D,-4.143077023,0.267776042,0
Q306C,-5.837396882,0.168798724,0
Q306A,-5.139816307,0.209549385,0
Q249Y,-3.214366869,0.322028632,0
Q249W,-3.938033561,0.279754094,0
Q249V,-3.932445919,0.280080508,0
Q249T,-2.411058591,0.368955602,0
Q249S,-4.895439913,0.223825155,0
Q249R,-6.623723405,0.122863779,0
Q249P,-4.010775108,0.275504741,0
Q249N,-3.842443544,0.28533819,0
Q249M,-3.375369452,0.312623321,0
Q249L,-0.352476356,0.489212086,0
Q249K,-0.653297096,0.471638999,0
Q249I,-4.208363579,0.263962188,0
Q249H,-1.924867759,0.39735748,0
Q249G,-5.959525978,0.161664292,0
Q249F,-2.847463191,0.343462095,0
Q249E,-6.20340278,0.147417707,0
Q249D,-3.218148868,0.321807698,0
Q249C,-3.197521853,0.323012669,0
Q249A,-3.481576019,0.306419038,0
Q236Y,-4.283013205,0.259601371,0
Q236W,-4.735964917,0.233141228,0
Q236V,-3.322835855,0.315692184,0
Q236T,-5.801433514,0.170899601,0
Q236S,-3.655178806,0.29627766,0
Q236R,-7.057595645,0.097518204,0
Q236P,-1.523244268,0.420819175,0
Q236N,-4.262930741,0.260774531,0
Q236M,-4.361387597,0.255022963,0
Q236L,-0.609770617,0.474181691,0
Q236K,-1.070404606,0.447272772,0
Q236I,-4.849630622,0.226501203,0
Q236H,-0.794288306,0.463402696,0
Q236G,-3.650785034,0.296534331,0
Q236F,-4.893953752,0.223911972,0
Q236E,-3.533435421,0.30338956,0
Q236D,-3.797892978,0.287940706,0
Q236C,-5.692218032,0.177279657,0
Q236A,-3.867224725,0.283890544,0
Q132Y,-4.618486585,0.240003976,0
Q132W,-5.095223177,0.212154388,0
Q132V,-2.519468419,0.362622611,0
Q132T,-2.455139821,0.366380503,0
Q132S,-0.82396636,0.461668989,0
Q132R,-6.393313394,0.136323672,0
Q132P,-2.319869617,0.374282601,0
Q132N,-4.403048653,0.252589243,0
Q132M,-4.712725548,0.234498805,0
Q132L,-0.591831089,0.475229667,0
Q132K,-2.506664641,0.363370571,0
Q132I,-2.885226389,0.341256077,0
Q132H,-0.851599124,0.460054762,0
Q132G,-4.801535859,0.229310761,0
Q132F,-4.20124645,0.26437795,0
Q132E,1.846111172,0.617647278,0
Q132D,-3.163600821,0.324994239,0
Q132C,-3.832769808,0.285903301,0
Q132A,1.289481491,0.585130565,0
Q119Y,-4.052923352,0.273042561,0
Q119W,-3.731277469,0.291832193,0
Q119V,-5.028736777,0.216038333,0
Q119T,-3.751449498,0.290653801,0
Q119S,-5.148867438,0.209020644,0
Q119R,-2.694423441,0.352402239,0
Q119P,-1.561350882,0.418593095,0
Q119N,-2.139947117,0.384793159,0
Q119M,-5.03549189,0.215643719,0
Q119L,0.087012602,0.514885773,0
Q119K,-1.753828404,0.407349109,0
Q119I,-3.019705064,0.333400217,0
Q119H,1.655310106,0.606501226,0
Q119G,-2.443304614,0.367071882,0
Q119F,-4.268762277,0.260433869,0
Q119E,-2.300215237,0.375430754,0
Q119D,-5.057002483,0.214387132,0
Q119C,-4.470915152,0.248624677,0
Q119A,-0.724819102,0.467460888,0
P93Y,-6.570747554,0.125958476,0
P93W,-4.233690569,0.262482658,0
P93V,-5.066195085,0.213850126,0
P93T,-0.421931597,0.485154709,0
P93S,-1.606302561,0.415967147,0
P93R,-6.675942597,0.119813283,0
P93Q,-0.768191262,0.464927211,0
P93N,-5.225107529,0.204566916,0
P93M,-4.798326554,0.229498239,0
P93L,-1.369310762,0.42981153,0
P93K,-3.614594591,0.298648473,0
P93I,0.189609777,0.520879207,0
P93H,-5.174255317,0.207537557,0
P93G,-5.434667535,0.19232502,0
P93F,-5.576177136,0.184058434,0
P93E,-4.438374407,0.250525614,0
P93D,-5.67819437,0.178098879,0
P93C,-5.616264746,0.181716631,0
P93A,-2.779302642,0.347443839,0
P58Y,3.433761993,0.710393296,1
P58W,2.462382973,0.653648113,0
P58V,0.933990366,0.564363791,0
P58T,0.168768216,0.519661702,0
P58S,3.074881951,0.689428551,1
P58R,2.849696,0.676273832,1
P58Q,0.877036774,0.561036725,0
P58N,3.350519779,0.705530524,1
P58M,3.099370815,0.69085912,1
P58L,2.637250616,0.66386338,1
P58K,3.410369243,0.709026758,1
P58I,0.877422177,0.561059239,0
P58H,1.910668688,0.621418543,0
P58G,3.452368689,0.711480246,1
P58F,3.555653776,0.717513865,1
P58E,-3.106493949,0.328330259,0
P58D,-4.836072707,0.227293217,0
P58C,-0.419547504,0.485293981,0
P58A,3.34335438,0.705111942,1
P11Y,-4.696768799,0.235430953,0
P11W,-3.469754457,0.307109619,0
P11V,-4.229306817,0.262738744,0
P11T,-0.67279734,0.470499851,0
P11S,-1.891221727,0.399322985,0
P11R,-2.992689635,0.334978381,0
P11Q,-3.85185841,0.2847882,0
P11N,-3.380744968,0.312309299,0
P11M,-4.43649058,0.250635662,0
P11L,-3.47617325,0.306734652,0
P11K,-4.398620018,0.252847951,0
P11I,-3.792358319,0.288264025,0
P11H,-0.402126637,0.486311659,0
P11G,-4.311525871,0.257935742,0
P11F,-4.919399175,0.222425523,0
P11E,-4.420702002,0.251557985,0
P11D,-3.952119252,0.278931248,0
P11C,-4.343565661,0.256064069,0
P11A,-2.47393539,0.36528252,0
P356Y,-4.970014008,0.21946875,0
P356W,-4.014312224,0.275298113,0
P356V,-3.781072726,0.288923297,0
P356T,-1.48331605,0.423151667,0
P356S,-1.373723324,0.42955376,0
P356R,-2.447719054,0.366814003,0
P356Q,-4.440120758,0.250423597,0
P356N,-6.406500351,0.135553328,0
P356M,-3.245563165,0.320206233,0
P356L,-1.454362193,0.424843068,0
P356K,-4.616194109,0.240137896,0
P356I,-3.566802761,0.301440335,0
P356H,-1.38461418,0.428917548,0
P356G,-4.215253511,0.263559698,0
P356F,-4.092867707,0.270709126,0
P356E,-3.268763413,0.318850941,0
P356D,-4.675298859,0.236685165,0
P356C,-3.787738005,0.288533931,0
P356A,-3.540908247,0.302953019,0
P339Y,-4.285858081,0.259435181,0
P339W,-4.544447577,0.244329123,0
P339V,-2.650124173,0.354990075,0
P339T,-1.365902939,0.430010605,0
P339S,-1.637552587,0.41414161,0
P339R,-3.06480036,0.330765879,0
P339Q,-0.908372471,0.456738226,0
P339N,-4.399042992,0.252823242,0
P339M,-3.693847026,0.294018773,0
P339L,-1.361098255,0.430291281,0
P339K,-2.346454725,0.372729575,0
P339I,-4.959846019,0.220062734,0
P339H,-3.637283109,0.297323075,0
P339G,-4.495817479,0.247169954,0
P339F,-5.437470718,0.192161266,0
P339E,-2.885899745,0.341216741,0
P339D,-4.078937034,0.271522917,0
P339C,-4.881782284,0.224622994,0
P339A,-2.339824008,0.373116923,0
P328Y,-5.672846498,0.178411287,0
P328W,-5.13036449,0.210101533,0
P328V,-4.854807472,0.226198786,0
P328T,-1.117458796,0.444524001,0
P328S,-1.999484817,0.392998565,0
P328R,-5.394764669,0.194656031,0
P328Q,-4.009698705,0.275567622,0
P328N,-4.089886478,0.270883281,0
P328M,-2.937926235,0.338177502,0
P328L,-2.258517308,0.377866628,0
P328K,-4.567961936,0.242955481,0
P328I,-5.403272668,0.194159018,0
P328H,-2.806713211,0.345842592,0
P328G,-6.024746824,0.157854277,0
P328F,-3.000667092,0.334512361,0
P328E,-4.750493875,0.232292488,0
P328D,-3.903006882,0.281800253,0
P328C,-5.52540742,0.187024256,0
P328A,-1.964864209,0.395021001,0
P323Y,-5.327301413,0.198597042,0
P323W,-3.950412124,0.279030974,0
P323V,-4.948538793,0.22072327,0
P323T,-1.205218193,0.439397348,0
P323S,-2.341809019,0.373000964,0
P323R,-2.191735988,0.381767801,0
P323Q,-3.683994799,0.294594312,0
P323N,-5.253166356,0.2029278,0
P323M,-3.958812623,0.278540241,0
P323L,-3.01755083,0.333526061,0
P323K,-3.403606224,0.31097381,0
P323I,-4.968718063,0.219544455,0
P323H,-2.116135768,0.38618415,0
P323G,-3.625621887,0.29800429,0
P323F,-4.050043127,0.273210816,0
P323E,-5.357664213,0.196823334,0
P323D,-6.041906858,0.156851837,0
P323C,-3.780491802,0.288957233,0
P323A,-4.636122974,0.238973708,0
P319Y,-3.84706015,0.285068501,0
P319W,-6.269305046,0.143567885,0
P319V,-4.314050823,0.257788242,0
P319T,-0.609387031,0.474204099,0
P319S,-2.847691224,0.343448774,0
P319R,-1.668829523,0.412314501,0
P319Q,-1.294054765,0.43420777,0
P319N,-4.767685763,0.231288187,0
P319M,-4.92514357,0.222089952,0
P319L,-2.223036861,0.379939294,0
P319K,-3.250469059,0.319919645,0
P319I,-5.118263993,0.21080841,0
P319H,-3.875717194,0.283394438,0
P319G,-2.046665677,0.390242394,0
P319F,-5.43826723,0.192114736,0
P319E,-4.81977542,0.228245258,0
P319D,-3.673512168,0.295206677,0
P319C,-4.173995947,0.265969847,0
P319A,-5.843612531,0.168435624,0
P311Y,-1.210417894,0.439093596,0
P311W,-4.607702901,0.240633928,0
P311V,-6.233404339,0.145665102,0
P311T,-0.763329601,0.465211215,0
P311S,-1.859581531,0.401171314,0
P311R,-7.816257615,0.053199343,0
P311Q,-2.89652663,0.340595949,0
P311N,-2.560593366,0.360220209,0
P311M,-5.90094445,0.165086457,0
P311L,-1.22186238,0.438425042,0
P311K,-5.34276429,0.197693745,0
P311I,-2.339068068,0.373161083,0
P311H,0.524792768,0.540459638,0
P311G,-3.631159862,0.297680778,0
P311F,-2.206084494,0.380929603,0
P311E,-4.810881817,0.228764797,0
P311D,-3.339691656,0.314707516,0
P311C,-5.136013366,0.209771542,0
P311A,-2.574195309,0.359425622,0
P298Y,-3.750121079,0.290731404,0
P298W,-3.768740044,0.289643737,0
P298V,-3.91009801,0.281386009,0
P298T,-0.992735653,0.45180997,0
P298S,-2.118976105,0.386018226,0
P298R,-3.118224315,0.327645004,0
P298Q,-4.511341383,0.246263092,0
P298N,-3.735667442,0.291575744,0
P298M,-5.1757762,0.207448711,0
P298L,-1.77457588,0.406137101,0
P298K,-4.869628238,0.225332999,0
P298I,-4.980747711,0.218841717,0
P298H,-0.927262048,0.455634751,0
P298G,-5.352537347,0.197122831,0
P298F,-4.326984121,0.257032716,0
P298E,-1.965902877,0.394960325,0
P298D,-5.355859755,0.196928745,0
P298C,-5.088947749,0.212520981,0
P298A,-2.120462294,0.385931407,0
P280Y,-2.064621995,0.389193437,0
P280W,-4.980111615,0.218878876,0
P280V,-4.661563275,0.237487559,0
P280T,-1.619589133,0.415190983,0
P280S,-3.818659727,0.286727572,0
P280R,-4.226788006,0.262885886,0
P280Q,-2.409343202,0.369055811,0
P280N,-3.925490435,0.280486828,0
P280M,-4.70358744,0.235032627,0
P280L,-1.763462822,0.406786294,0
P280K,-5.468351984,0.190357271,0
P280I,-5.338004781,0.197971782,0
P280H,-1.376212052,0.429408376,0
P280G,-3.005304061,0.334241483,0
P280F,-4.70597543,0.234893128,0
P280E,-4.204445489,0.264191072,0
P280D,-4.463893574,0.249034857,0
P280C,-4.576658044,0.242447479,0
P280A,-6.786738943,0.113340878,0
P274Y,-4.066864354,0.272228168,0
P274W,-3.349265714,0.314148227,0
P274V,-3.728929329,0.291969365,0
P274T,-0.857491143,0.459710567,0
P274S,-2.168292792,0.383137286,0
P274R,-3.280605344,0.318159169,0
P274Q,-0.307591311,0.491834142,0
P274N,-3.43438059,0.30917606,0
P274M,-5.237675403,0.203832737,0
P274L,-2.41838204,0.368527788,0
P274K,-4.782700192,0.230411087,0
P274I,-4.718698248,0.234149897,0
P274H,-3.458011155,0.30779563,0
P274G,-3.109599182,0.32814886,0
P274F,-5.340914696,0.197801793,0
P274E,-4.939428659,0.221255458,0
P274D,-3.726471836,0.292112925,0
P274C,-3.954620045,0.278785159,0
P274A,-2.522337744,0.362454993,0
P268Y,-4.860251511,0.225880761,0
P268W,-4.106575713,0.269908344,0
P268V,-3.99374412,0.276499643,0
P268T,-0.139300861,0.501665188,0
P268S,-0.081716188,0.50502912,0
P268R,-2.834337981,0.344228832,0
P268Q,-2.359894865,0.371944441,0
P268N,-3.426831066,0.309617081,0
P268M,-3.563518034,0.30163222,0
P268L,-2.245347644,0.378635962,0
P268K,-3.909885278,0.281398436,0
P268I,-5.275846825,0.201602872,0
P268H,0.622811046,0.546185585,0
P268G,-5.185695209,0.206869271,0
P268F,-3.601862,0.299392275,0
P268E,-3.100469768,0.328682174,0
P268D,-3.404514084,0.310920775,0
P268C,-3.497888346,0.305466118,0
P268A,-5.649493236,0.179775517,0
P247Y,-2.973314494,0.336110222,0
P247W,-4.196425417,0.264659581,0
P247V,-3.335606897,0.314946136,0
P247T,-0.575028803,0.476211209,0
P247S,-1.517194842,0.421172565,0
P247R,-6.848141397,0.109753922,0
P247Q,-2.465701678,0.36576351,0
P247N,-3.530577558,0.303556508,0
P247M,-4.054346763,0.27295941,0
P247L,-3.101597718,0.328616283,0
P247K,-4.595955517,0.241320176,0
P247I,-1.664912773,0.412543306,0
P247H,-1.247712705,0.43691494,0
P247G,-3.964002612,0.278237057,0
P247F,-4.797143851,0.229567329,0
P247E,-5.263471411,0.202325808,0
P247D,-2.017626261,0.391938793,0
P247C,-5.429207726,0.192643967,0
P247A,-6.076453964,0.154833693,0
P229Y,-4.427345894,0.251169868,0
P229W,-4.881524981,0.224638025,0
P229V,-5.329747321,0.198454159,0
P229T,-1.610533822,0.415719969,0
P229S,-3.381394429,0.312271359,0
P229R,-5.170088941,0.207780945,0
P229Q,-3.213985985,0.322050882,0
P229N,-4.0157257,0.275215542,0
P229M,-3.766527388,0.289772994,0
P229L,-3.034065121,0.332561344,0
P229K,-4.024008167,0.274731704,0
P229I,-5.6076513,0.182219804,0
P229H,-1.388674131,0.428680377,0
P229G,-4.285573292,0.259451818,0
P229F,-4.333804312,0.256634299,0
P229E,-4.401158617,0.252699654,0
P229D,-5.464433131,0.190586199,0
P229C,-5.760617024,0.173283984,0
P229A,-2.452892084,0.36651181,0
P226Y,-4.585980008,0.241902917,0
P226W,-5.419436608,0.193214767,0
P226V,-3.579433122,0.300702506,0
P226T,-0.362698611,0.488614931,0
P226S,-2.387294693,0.370343821,0
P226R,-3.746591027,0.290937619,0
P226Q,-4.845851665,0.226721958,0
P226N,-2.435408908,0.367533127,0
P226M,-3.350841384,0.314056181,0
P226L,-2.907066121,0.339980262,0
P226K,-4.542387661,0.244449457,0
P226I,-5.092968071,0.212286125,0
P226H,-1.18397163,0.440638511,0
P226G,-2.940453336,0.338029876,0
P226F,-4.989581213,0.218325689,0
P226E,-4.603741822,0.240865323,0
P226D,-3.904628899,0.281705499,0
P226C,-4.838715094,0.227138856,0
P226A,-2.995178259,0.334833003,0
P196Y,-5.747286303,0.174062726,0
P196W,-4.650171476,0.238153035,0
P196V,-4.276054658,0.260007869,0
P196T,-0.777899173,0.464360102,0
P196S,-2.279543799,0.37663832,0
P196R,-4.923624054,0.222178718,0
P196Q,-3.755150376,0.290437607,0
P196N,-2.851261127,0.34324023,0
P196M,-5.387227228,0.195096347,0
P196L,-2.241100719,0.378884055,0
P196K,-3.55158518,0.302329303,0
P196I,-5.607918229,0.18220421,0
P196H,-0.987748778,0.452101289,0
P196G,-7.027886116,0.09925375,0
P196F,-4.388014674,0.253467485,0
P196E,-4.326352545,0.25706961,0
P196D,-5.406214351,0.193987174,0
P196C,-4.051503719,0.273125492,0
P196A,-3.626365431,0.297960855,0
P176Y,-4.475973758,0.248329167,0
P176W,-4.303897228,0.258381386,0
P176V,-3.617692756,0.298467487,0
P176T,-0.734671022,0.466885367,0
P176S,-3.29431106,0.317358521,0
P176R,-3.710695929,0.293034508,0
P176Q,-2.218058638,0.380230107,0
P176N,-5.905064657,0.164845766,0
P176M,-5.701564163,0.176733683,0
P176L,-2.460487975,0.366068079,0
P176K,-4.331913309,0.256744766,0
P176I,-4.200039356,0.264448465,0
P176H,-2.390370412,0.370164147,0
P176G,-4.982003561,0.218768354,0
P176F,-3.234829248,0.320833278,0
P176E,-4.255349291,0.261217417,0
P176D,-4.020088512,0.274960679,0
P176C,-3.824199458,0.286403957,0
P176A,-4.373417075,0.254320235,0
P23Y,-5.556240115,0.185223098,0
P23W,-5.216816521,0.205051253,0
P23V,-5.307137266,0.199774974,0
P23T,-0.528271012,0.478942665,0
P23S,-2.635586073,0.355839349,0
P23R,-2.516644096,0.362787599,0
P23Q,-3.413903942,0.310372247,0
P23N,-3.35286851,0.313937762,0
P23M,-4.529102966,0.245225511,0
P23L,-2.294052803,0.375790746,0
P23K,-4.664457683,0.237318476,0
P23I,-4.786273917,0.23020232,0
P23H,-0.227304071,0.496524293,0
P23G,-4.195319117,0.264724208,0
P23F,-5.788974412,0.171627426,0
P23E,-5.742065657,0.174367702,0
P23D,-3.848393079,0.284990635,0
P23C,-5.736453098,0.174695571,0
P23A,-1.651542962,0.413324332,0
P152Y,-4.864789939,0.225615639,0
P152W,-2.920018943,0.339223595,0
P152V,-5.554476382,0.18532613,0
P152T,-1.015823882,0.450461222,0
P152S,-2.095472258,0.387391253,0
P152R,-3.909820599,0.281402215,0
P152Q,-3.742587534,0.291171492,0
P152N,-3.122426493,0.327399525,0
P152M,-4.398069725,0.252880098,0
P152L,-3.825597165,0.286322307,0
P152K,-3.837325971,0.285637143,0
P152I,-3.381129219,0.312286852,0
P152H,-1.316614224,0.432889911,0
P152G,-7.566329093,0.067799452,0
P152F,-5.31585263,0.199265847,0
P152E,-4.463447393,0.249060922,0
P152D,-3.381350087,0.31227395,0
P152C,-2.03033047,0.39119665,0
P152A,-2.208645822,0.380779977,0
N87Y,-0.455418126,0.483198522,0
N87W,-4.19688397,0.264632794,0
N87V,-0.738874419,0.466639817,0
N87T,1.230365786,0.581677194,0
N87S,-4.627552851,0.23947435,0
N87R,-1.682040504,0.411542753,0
N87Q,-5.236895491,0.203878297,0
N87P,-5.354313062,0.197019099,0
N87M,-2.666226499,0.354049423,0
N87L,-5.284768095,0.201081717,0
N87K,-0.572120336,0.476381113,0
N87I,0.010411678,0.510410966,0
N87H,-3.063463606,0.330843968,0
N87G,-5.397957775,0.194469499,0
N87F,-2.8213624,0.344986828,0
N87E,-4.086187116,0.271099388,0
N87D,-6.434594819,0.13391213,0
N87C,-3.314102537,0.316202359,0
N87A,-6.14698249,0.150713619,0
N82Y,-0.711813469,0.46822064,0
N82W,-5.142590439,0.209387328,0
N82V,-5.194583672,0.206350032,0
N82T,-1.702173583,0.410366636,0
N82S,-1.940626478,0.3964369,0
N82R,-4.099485342,0.270322543,0
N82Q,-2.047069838,0.390218784,0
N82P,-5.024195554,0.216303619,0
N82M,-5.248770676,0.203184583,0
N82L,-3.969698714,0.277904307,0
N82K,-2.022742916,0.391639893,0
N82I,-0.495316603,0.480867767,0
N82H,-3.13944563,0.326405316,0
N82G,-3.611929552,0.298804157,0
N82F,-0.563759078,0.476869554,0
N82E,-4.758965171,0.231797619,0
N82D,-6.227518974,0.146008908,0
N82C,-4.732121476,0.233365751,0
N82A,-3.772851228,0.289403573,0
N47Y,-0.571570665,0.476413223,0
N47W,-1.071174147,0.447227818,0
N47V,-2.551081468,0.360775867,0
N47T,-1.247448986,0.436930346,0
N47S,-2.014210026,0.39213836,0
N47R,1.790672508,0.61440871,0
N47Q,-3.214663681,0.322011293,0
N47P,-6.571052054,0.125940688,0
N47M,-3.846737169,0.285087368,0
N47L,0.161665434,0.519246778,0
N47K,-0.293617919,0.492650427,0
N47I,0.438185114,0.535400266,0
N47H,-3.022617054,0.333230107,0
N47G,-1.556426161,0.418880783,0
N47F,-3.03562521,0.332470208,0
N47E,-3.410890616,0.310548277,0
N47D,-0.72153519,0.467652725,0
N47C,-3.358306321,0.313620101,0
N47A,-4.756663895,0.231932053,0
N45Y,-1.150510562,0.442593211,0
N45W,-0.831266222,0.461242552,0
N45V,-1.965217737,0.395000349,0
N45T,-1.381278435,0.429112412,0
N45S,1.105726993,0.574396153,0
N45R,-5.882168868,0.166183273,0
N45Q,1.821482004,0.616208512,0
N45P,-3.664209549,0.295750109,0
N45M,-3.467767433,0.307225696,0
N45L,-1.411480642,0.427348086,0
N45K,1.461338667,0.595169969,0
N45I,-0.671745449,0.470561299,0
N45H,-1.146287184,0.442839929,0
N45G,0.12206097,0.516933199,0
N45F,-2.400903915,0.36954881,0
N45E,-4.00691245,0.275730387,0
N45D,-3.725950286,0.292143392,0
N45C,-0.754155832,0.46574712,0
N45A,0.163517472,0.519354969,0
N297Y,-0.420907626,0.485214527,0
N297W,-4.17446547,0.265942419,0
N297V,-3.885711389,0.282810606,0
N297T,-0.590580258,0.475302737,0
N297S,-1.105706919,0.445210512,0
N297R,-4.289357445,0.259230758,0
N297Q,-3.011160364,0.333899374,0
N297P,-3.020493358,0.333354167,0
N297M,-4.476790173,0.248281475,0
N297L,-4.112595153,0.269556706,0
N297K,-1.813507162,0.403862847,0
N297I,-0.342368212,0.489802575,0
N297H,-1.597340615,0.416490678,0
N297G,-4.741853597,0.232797228,0
N297F,-0.687925641,0.469616099,0
N297E,-4.179357024,0.265656668,0
N297D,-2.478578445,0.365011286,0
N297C,-2.583034644,0.358909254,0
N297A,-4.34544991,0.255953997,0
N281Y,-0.603273068,0.47456126,0
N281W,-5.240649789,0.203658982,0
N281V,-3.427271179,0.309591371,0
N281T,-0.435143273,0.484382921,0
N281S,-6.365587355,0.137943348,0
N281R,-4.647856944,0.238288243,0
N281Q,-2.547627392,0.360977644,0
N281P,-4.471682795,0.248579833,0
N281M,-4.748885394,0.23238645,0
N281L,-3.426407678,0.309641814,0
N281K,-1.510391495,0.421569997,0
N281I,-0.334090073,0.49028616,0
N281H,-2.291696977,0.375928366,0
N281G,-5.298562494,0.200275887,0
N281F,-2.256938958,0.37795883,0
N281E,-3.50123279,0.305270745,0
N281D,-6.913397293,0.105941859,0
N281C,-3.962408403,0.278330186,0
N281A,-5.225604765,0.204537869,0
N276Y,-0.667111393,0.470832007,0
N276W,-5.621918056,0.181386381,0
N276V,-3.330804268,0.315226692,0
N276T,-5.265992547,0.20217853,0
N276S,-6.573836336,0.125778039,0
N276R,-3.989308541,0.276758757,0
N276Q,-2.204333519,0.38103189,0
N276P,-5.198888557,0.206098553,0
N276M,-4.460910487,0.24920912,0
N276L,-4.828410782,0.227740805,0
N276K,-0.410383976,0.485829288,0
N276I,-0.885644172,0.458065948,0
N276H,-4.890146964,0.224134354,0
N276G,-3.803941087,0.287587393,0
N276F,-3.842465508,0.285336906,0
N276E,-3.504866487,0.305058475,0
N276D,-3.028038212,0.332913419,0
N276C,-4.90962577,0.222996458,0
N276A,-2.149204711,0.384252357,0
N271Y,-0.602260223,0.474620427,0
N271W,-5.340892623,0.197803082,0
N271V,-2.749824905,0.349165844,0
N271T,-1.410859277,0.427384384,0
N271S,-5.538224457,0.186275521,0
N271R,-4.306646644,0.258220773,0
N271Q,-4.909704394,0.222991865,0
N271P,-3.907370047,0.281545369,0
N271M,-3.238040074,0.320645711,0
N271L,-5.396355756,0.194563085,0
N271K,-1.61718736,0.415331288,0
N271I,-0.471225714,0.482275088,0
N271H,-0.91246248,0.456499299,0
N271G,-4.004681189,0.275860731,0
N271F,-3.077272575,0.330037288,0
N271E,-4.685666858,0.236079496,0
N271D,-5.317084689,0.199193874,0
N271C,-3.666951894,0.29558991,0
N271A,-4.671047831,0.236933498,0
N262Y,-0.372445813,0.488045527,0
N262W,-4.220675904,0.263242937,0
N262V,-4.476696575,0.248286942,0
N262T,-6.469398193,0.131879016,0
N262S,-6.529537398,0.128365856,0
N262R,-3.658753446,0.296068839,0
N262Q,-5.025017815,0.216255585,0
N262P,-2.872343107,0.342008681,0
N262M,-3.524705223,0.303899553,0
N262L,-4.785341365,0.230256797,0
N262K,-0.192198101,0.498575083,0
N262I,-0.520937792,0.479371051,0
N262H,-2.216075696,0.380345945,0
N262G,-5.396578295,0.194550085,0
N262F,-3.094750923,0.329016253,0
N262E,-1.920888457,0.397589939,0
N262D,-5.703936718,0.176595085,0
N262C,-4.360042475,0.255101541,0
N262A,-4.90785298,0.223100019,0
N257Y,-0.321846258,0.491001409,0
N257W,-4.763970542,0.231505219,0
N257V,-4.438074939,0.250543108,0
N257T,-0.320593022,0.491074619,0
N257S,-1.423788545,0.426629093,0
N257R,-3.838521403,0.28556731,0
N257Q,-5.140717826,0.209496721,0
N257P,-4.797405298,0.229552056,0
N257M,-3.559176503,0.301885839,0
N257L,-4.134563371,0.268273385,0
N257K,0.253261411,0.524597553,0
N257I,-0.239082401,0.495836236,0
N257H,-2.316326787,0.374489563,0
N257G,-4.816070296,0.228461701,0
N257F,-1.754262104,0.407323774,0
N257E,-3.752010745,0.290621015,0
N257D,-3.625036448,0.29803849,0
N257C,-3.622526824,0.298185095,0
N257A,-3.683433575,0.294627097,0
N253Y,-0.571750238,0.476402733,0
N253W,-3.46636301,0.307307738,0
N253V,-3.185472735,0.323716544,0
N253T,-1.823444869,0.403282315,0
N253S,-2.703905778,0.351848308,0
N253R,-3.578374633,0.30076434,0
N253Q,-4.92193763,0.222277234,0
N253P,-4.628113336,0.239441608,0
N253M,-3.75135755,0.290659173,0
N253L,-3.572076848,0.301132238,0
N253K,-1.949594417,0.395913019,0
N253I,-0.371596837,0.488095122,0
N253H,-1.001326221,0.451308134,0
N253G,-3.572358909,0.301115761,0
N253F,-3.038728619,0.332288916,0
N253E,-2.675664574,0.353498078,0
N253D,-2.902568885,0.340242978,0
N253C,-4.777941485,0.230689077,0
N253A,-3.386459036,0.3119755,0
N238Y,-0.484017167,0.481527848,0
N238W,-1.522329473,0.420872614,0
N238V,-4.635380911,0.239017058,0
N238T,-1.32968119,0.432126576,0
N238S,-2.596809611,0.358104559,0
N238R,-5.825480955,0.169494819,0
N238Q,-5.344618942,0.197585401,0
N238P,-5.302704786,0.200033906,0
N238M,-3.90273103,0.281816367,0
N238L,-3.401156741,0.311116902,0
N238K,-1.279733019,0.435044405,0
N238I,-0.227413848,0.49651788,0
N238H,-0.404801346,0.48615541,0
N238G,-2.114168106,0.386299095,0
N238F,-2.488747203,0.364417256,0
N238E,-4.068526059,0.272131096,0
N238D,-4.778074808,0.230681288,0
N238C,-1.608837564,0.415819059,0
N238A,-3.64730984,0.296737342,0
N224Y,-0.327472168,0.490672759,0
N224W,-4.75115688,0.232253757,0
N224V,-3.976128344,0.277528706,0
N224T,-0.494899482,0.480892134,0
N224S,-6.833864128,0.110587959,0
N224R,-3.616200432,0.298554665,0
N224Q,-3.284703461,0.317919769,0
N224P,-5.804609834,0.17071405,0
N224M,-2.683766328,0.353024797,0
N224L,-4.455502802,0.249525022,0
N224K,-0.665923055,0.470901427,0
N224I,-0.585191579,0.475617529,0
N224H,-2.302259868,0.375311313,0
N224G,-3.316259611,0.316076349,0
N224F,-4.055740198,0.272878009,0
N224E,-0.982266498,0.452421548,0
N224D,-6.599622662,0.124271675,0
N224C,-3.768946877,0.289631654,0
N224A,-4.117861822,0.269249042,0
N27Y,-0.161489918,0.500368967,0
N27W,-5.93893033,0.162867431,0
N27V,-4.53140188,0.245091215,0
N27T,-3.464286719,0.307429029,0
N27S,-7.541353793,0.069258437,0
N27R,-3.651725832,0.296479372,0
N27Q,-5.908353578,0.164653637,0
N27P,-3.98693009,0.276897699,0
N27M,-5.207438814,0.205599072,0
N27L,-4.652830477,0.237997704,0
N27K,-0.994446162,0.451710047,0
N27I,-0.49367886,0.48096344,0
N27H,-5.903934284,0.1649118,0
N27G,-3.11874377,0.327614659,0
N27F,-3.424562798,0.309749587,0
N27E,-5.909591369,0.164581329,0
N27D,-4.954035531,0.220402166,0
N27C,-3.25393622,0.319717103,0
N27A,-4.196410599,0.264660447,0
N201Y,-0.68124394,0.470006424,0
N201W,-3.22680782,0.321301867,0
N201V,-2.389873893,0.370193152,0
N201T,-2.455724634,0.36634634,0
N201S,-7.169953159,0.0909546,0
N201R,-3.778331788,0.289083415,0
N201Q,-4.916746561,0.222580481,0
N201P,-3.890618608,0.28252394,0
N201M,-3.725504439,0.292169437,0
N201L,-2.952369928,0.337333743,0
N201K,-0.380133293,0.487596447,0
N201I,-0.237717625,0.495915963,0
N201H,-2.574377777,0.359414963,0
N201G,-4.859039302,0.225951574,0
N201F,-2.932152628,0.33851478,0
N201E,-2.96792917,0.336424817,0
N201D,-4.982778374,0.218723092,0
N201C,-5.510535723,0.187893018,0
N201A,-2.964428138,0.336629337,0
N158Y,-0.9601796,0.453711801,0
N158W,-4.655582949,0.237836912,0
N158V,-5.415540846,0.193442347,0
N158T,-1.363396897,0.430157001,0
N158S,-3.72717286,0.292071973,0
N158R,-3.611688829,0.29881822,0
N158Q,-3.637931603,0.297285192,0
N158P,-4.58209137,0.24213008,0
N158M,-5.785649978,0.17182163,0
N158L,-3.317209985,0.316020831,0
N158K,-0.563514331,0.476883851,0
N158I,-0.807300742,0.462642547,0
N158H,-1.974050972,0.394484337,0
N158G,-4.670956774,0.236938817,0
N158F,-3.59761299,0.29964049,0
N158E,-4.157065998,0.266958846,0
N158D,-7.486205422,0.072480047,0
N158C,-5.890644049,0.165688177,0
N158A,-4.412556421,0.252033827,0
N154Y,-0.446946675,0.4836934,0
N154W,-3.703867154,0.293433426,0
N154V,-4.863850888,0.225670495,0
N154T,-0.84478459,0.460452848,0
N154S,-2.19211724,0.38174553,0
N154R,-5.726913022,0.175252875,0
N154Q,-4.010290706,0.275533039,0
N154P,-5.097483102,0.21202237,0
N154M,-2.915444246,0.339490836,0
N154L,-4.769900697,0.231158797,0
N154K,-1.612754756,0.415590228,0
N154I,-0.221979196,0.496835357,0
N154H,-2.23036012,0.37951149,0
N154G,-5.09896057,0.21193606,0
N154F,-2.785161567,0.347101577,0
N154E,-4.138494873,0.268043718,0
N154D,-6.017247859,0.158292345,0
N154C,-4.174072382,0.265965382,0
N154A,-4.082444833,0.271318001,0
N144Y,-0.571483175,0.476418334,0
N144W,-5.335192916,0.198136043,0
N144V,-3.806613703,0.287431266,0
N144T,-0.729037637,0.467214453,0
N144S,-3.869660826,0.283748234,0
N144R,-5.408320995,0.19386411,0
N144Q,-3.560540898,0.301806135,0
N144P,-5.820648492,0.169777117,0
N144M,-3.108617097,0.328206231,0
N144L,-5.305716196,0.199857988,0
N144K,-1.926352908,0.397270721,0
N144I,-0.414835672,0.485569233,0
N144H,-4.601219275,0.241012683,0
N144G,-5.465998886,0.190494732,0
N144F,-2.601083992,0.357854862,0
N144E,-5.064891479,0.213926279,0
N144D,-6.947376218,0.103956908,0
N144C,-3.799193923,0.287864709,0
N144A,-4.937419399,0.221372833,0
N123Y,-0.502957248,0.480421423,0
N123W,-5.221979496,0.204749647,0
N123V,-4.898010528,0.223674987,0
N123T,1.319239948,0.586868969,0
N123S,-4.384738219,0.253658886,0
N123R,-5.717538615,0.175800501,0
N123Q,-3.577465814,0.30081743,0
N123P,-4.322676012,0.257284383,0
N123M,-4.515611995,0.246013615,0
N123L,-3.576405197,0.300879388,0
N123K,0.103496443,0.515848712,0
N123I,-0.620445227,0.473558111,0
N123H,-4.338447718,0.256363045,0
N123G,-3.277626383,0.318333192,0
N123F,-3.159686375,0.32522291,0
N123E,-3.792836742,0.288236077,0
N123D,-5.868153065,0.167002036,0
N123C,-5.605308542,0.182356661,0
N123A,-3.606037803,0.299148336,0
M98Y,-3.442196894,0.308719453,0
M98W,-5.548071978,0.185700257,0
M98V,-4.533092024,0.244992482,0
M98T,-7.57130792,0.067508603,0
M98S,-3.544783724,0.302726624,0
M98R,-3.997883967,0.276257805,0
M98Q,-4.826325226,0.227862637,0
M98P,-1.557502773,0.418817891,0
M98N,-5.171298174,0.207710305,0
M98L,-0.398480077,0.48652468,0
M98K,-0.88199199,0.458279298,0
M98I,-0.262602415,0.494462264,0
M98H,-2.914208401,0.33956303,0
M98G,-2.825528181,0.344743475,0
M98F,-4.392595659,0.253199877,0
M98E,-4.890454499,0.224116388,0
M98D,-5.175233294,0.207480426,0
M98C,-3.927971308,0.280341902,0
M98A,-5.737666231,0.174624703,0
M13Y,-6.088401042,0.154135779,0
M13W,-7.46762806,0.073565284,0
M13V,-1.563616371,0.418460752,0
M13T,-4.650900307,0.238110459,0
M13S,-5.400173514,0.194340062,0
M13R,-2.432705545,0.367691049,0
M13Q,-4.463012476,0.249086328,0
M13P,-4.558762987,0.243492857,0
M13N,-2.487214643,0.364506784,0
M13L,-0.507327379,0.480166132,0
M13K,-0.569732887,0.476520581,0
M13I,0.231148825,0.523305799,0
M13H,-4.037381762,0.273950457,0
M13G,-3.335079755,0.31497693,0
M13F,-0.513664502,0.479795936,0
M13E,-4.809038528,0.228872476,0
M13D,-5.119350929,0.210744914,0
M13C,-5.877774327,0.166439989,0
M13A,-6.387674555,0.136653077,0
M333Y,-5.249158014,0.203161956,0
M333W,-5.175700322,0.207453144,0
M333V,-5.895366666,0.165412295,0
M333T,-8.154020925,0.033468177,0
M333S,-2.126848495,0.385558343,0
M333R,-5.332820635,0.198274625,0
M333Q,-2.303330312,0.37524878,0
M333P,-1.013007124,0.450625769,0
M333N,-2.256665121,0.377974827,0
M333L,-0.325871516,0.490766265,0
M333K,-0.553872375,0.477447107,0
M333I,-1.622437218,0.415024606,0
M333H,-5.037225871,0.215542425,0
M333G,-3.267094953,0.318948408,0
M333F,-3.44613263,0.308489539,0
M333E,-5.008409178,0.217225814,0
M333D,-2.056511563,0.389667225,0
M333C,-3.62583319,0.297991947,0
M333A,-4.73245339,0.233346361,0
M38Y,-2.413160596,0.368832809,0
M38W,-2.661230823,0.354341257,0
M38V,1.207616294,0.580348234,0
M38T,-3.868916823,0.283791696,0
M38S,-2.172598967,0.382885731,0
M38R,0.922969111,0.56371996,0
M38Q,-1.888121682,0.39950408,0
M38P,-1.004158057,0.451142706,0
M38N,2.581625054,0.660613894,1
M38L,-0.364720733,0.488496804,0
M38K,-0.545237219,0.477951548,0
M38I,-0.938969005,0.454950864,0
M38H,-2.061963349,0.389348748,0
M38G,-0.688932584,0.469557276,0
M38F,0.215060341,0.522365956,0
M38E,-3.77118093,0.289501147,0
M38D,0.764367099,0.554454885,0
M38C,2.276004939,0.642760442,0
M38A,0.53908018,0.541294268,0
M293Y,-3.479729755,0.306526891,0
M293W,-5.082351153,0.212906335,0
M293V,-7.066577041,0.096993537,0
M293T,-5.333583636,0.198230052,0
M293S,-4.786885687,0.230166582,0
M293R,-2.360403143,0.371914749,0
M293Q,-5.628110284,0.181024648,0
M293P,-4.28810637,0.259303842,0
M293N,-4.938775831,0.221293594,0
M293L,-0.663479185,0.471044191,0
M293K,-0.593293824,0.475144219,0
M293I,-1.504036927,0.421941213,0
M293H,-5.670528138,0.178546719,0
M293G,-4.288658446,0.259271592,0
M293F,-3.876404162,0.283354307,0
M293E,-4.060912844,0.272575838,0
M293D,-5.68973391,0.177424772,0
M293C,-3.60713704,0.299084122,0
M293A,-5.613130059,0.18189975,0
M221Y,-5.063497728,0.214007698,0
M221W,-4.530824453,0.245124947,0
M221V,-5.794461546,0.171306884,0
M221T,-5.946764589,0.162409776,0
M221S,-3.22460855,0.321430342,0
M221R,-1.495964956,0.422412754,0
M221Q,-5.33456001,0.198173015,0
M221P,-3.531489828,0.303503216,0
M221N,-4.763575561,0.231528293,0
M221L,-0.423824945,0.485044106,0
M221K,-0.410578695,0.485817914,0
M221I,-0.732009285,0.467040858,0
M221H,-2.950863806,0.337421726,0
M221G,-3.821812393,0.286543402,0
M221F,-4.49471346,0.247234448,0
M221E,-3.49672725,0.305533946,0
M221D,-3.044703689,0.331939869,0
M221C,-2.235906053,0.379187513,0
M221A,-5.010784112,0.217087077,0
M199Y,-4.566308488,0.243052071,0
M199W,-3.610324394,0.298897926,0
M199V,-5.77813893,0.172260404,0
M199T,-7.232653117,0.087291847,0
M199S,-3.61168611,0.298818378,0
M199R,-5.932599962,0.163237233,0
M199Q,-4.002003848,0.276017133,0
M199P,-3.83484058,0.285782333,0
M199N,-2.995741814,0.334800082,0
M199L,-0.364896311,0.488486548,0
M199K,-0.405011151,0.486143154,0
M199I,-1.350612195,0.430903846,0
M199H,-2.655526871,0.354674465,0
M199G,-4.430295019,0.250997588,0
M199F,-3.193260733,0.323261592,0
M199E,-2.120843086,0.385909162,0
M199D,-2.125854227,0.385616425,0
M199C,-3.162850312,0.325038081,0
M199A,-2.86656793,0.34234605,0
M108Y,-2.693841635,0.352436226,0
M108W,-3.31709327,0.316027649,0
M108V,-6.187271728,0.148360037,0
M108T,-4.936069908,0.221451667,0
M108S,-3.988471778,0.276807638,0
M108R,-3.34281748,0.314524914,0
M108Q,-5.571120135,0.18435385,0
M108P,-5.844316346,0.168394509,0
M108N,-4.897658189,0.223695569,0
M108L,-0.957997492,0.453839274,0
M108K,-0.427481843,0.48483048,0
M108I,-1.341449404,0.43143911,0
M108H,-5.822590661,0.169663661,0
M108G,-2.696319812,0.352291458,0
M108F,-3.343866994,0.314463605,0
M108E,-3.824782391,0.286369904,0
M108D,-3.622044301,0.298213283,0
M108C,-4.311042151,0.257964,0
M108A,-3.854631798,0.284626187,0
L107Y,-2.582914327,0.358916282,0
L107W,-4.349676642,0.255707083,0
L107V,-2.393897412,0.369958109,0
L107T,-4.710848019,0.234608485,0
L107S,-5.567843939,0.184545236,0
L107R,-0.574409301,0.476247398,0
L107Q,-0.489905478,0.48118387,0
L107P,-2.584441133,0.358827091,0
L107N,-5.431979801,0.19248203,0
L107M,-1.668418648,0.412338503,0
L107K,-2.383061685,0.370591102,0
L107I,-5.428163933,0.192704942,0
L107H,-3.776032487,0.289217733,0
L107G,-6.232800369,0.145700384,0
L107F,-2.77147016,0.34790139,0
L107E,-4.754632956,0.232050694,0
L107D,-1.437914781,0.425803879,0
L107C,-4.215795633,0.263528029,0
L107A,-4.815214871,0.228511672,0
L76Y,-4.989465818,0.218332431,0
L76W,-4.894665295,0.223870406,0
L76V,-5.467700514,0.190395328,0
L76T,-5.661597677,0.179068411,0
L76S,-1.156254616,0.44225766,0
L76R,-5.691086629,0.17734575,0
L76Q,-0.426168785,0.484907185,0
L76P,-2.317703057,0.374409166,0
L76N,-3.018765302,0.333455115,0
L76M,-1.133495831,0.443587163,0
L76K,-3.299768389,0.317039719,0
L76I,-3.767554618,0.289712986,0
L76H,-4.291437679,0.259109237,0
L76G,-4.419537499,0.251626012,0
L76F,-4.800441377,0.229374697,0
L76E,-3.372733295,0.312777318,0
L76D,-5.216661974,0.205060281,0
L76C,-3.029929679,0.332802924,0
L76A,-2.974951998,0.336014563,0
L75Y,1.369579212,0.589809644,0
L75W,7.946919732,0.974039056,1
L75V,-3.26769323,0.318913458,0
L75T,-5.130064701,0.210119046,0
L75S,-3.684307561,0.294576041,0
L75R,0.882164609,0.561336278,0
L75Q,-0.557411582,0.477240356,0
L75P,0.419975466,0.534336511,0
L75N,-5.142038032,0.209419598,0
L75M,-2.163238799,0.383432526,0
L75K,-2.500776463,0.363714541,0
L75I,-2.814366879,0.345395486,0
L75H,-2.005325838,0.392657349,0
L75G,-5.257481285,0.202675734,0
L75F,-4.094849542,0.270593353,0
L75E,-5.581431801,0.183751472,0
L75D,-4.720711072,0.234032314,0
L75C,-2.254734402,0.378087614,0
L75A,-5.060669183,0.214172934,0
L69Y,-4.450667371,0.249807494,0
L69W,-6.191162355,0.148132758,0
L69V,-3.734554216,0.291640775,0
L69T,-1.702756981,0.410332556,0
L69S,-0.144501146,0.501361403,0
L69R,3.160384192,0.694423347,1
L69Q,-0.477557079,0.481905228,0
L69P,-1.726077888,0.408970215,0
L69N,-5.392895102,0.194765246,0
L69M,-1.77533679,0.406092651,0
L69K,-4.957776652,0.220183621,0
L69I,-4.387064566,0.253522988,0
L69H,-5.596866562,0.182849817,0
L69G,-2.682337365,0.353108273,0
L69F,-4.590957382,0.241612153,0
L69E,-1.836129448,0.402541318,0
L69D,-3.917880286,0.280931391,0
L69C,-4.065562183,0.272304237,0
L69A,-2.300812246,0.375395878,0
L346Y,-3.895315434,0.282249565,0
L346W,-4.39563378,0.253022399,0
L346V,-4.067294689,0.272203029,0
L346T,-3.414984179,0.310309142,0
L346S,-3.987661803,0.276854954,0
L346R,-4.162931803,0.266616183,0
L346Q,-0.584073668,0.475682834,0
L346P,-5.362279379,0.196553729,0
L346N,-1.470516874,0.423899358,0
L346M,-2.582628822,0.358932961,0
L346K,-2.857973141,0.342848133,0
L346I,-4.64807201,0.23827568,0
L346H,-4.9177638,0.222521057,0
L346G,-1.267603789,0.43575296,0
L346F,-2.592376736,0.358363515,0
L346E,-3.973796636,0.277664918,0
L346D,-2.954901439,0.33718586,0
L346C,-4.430017098,0.251013824,0
L346A,-4.584144669,0.242010132,0
L343Y,-5.114701218,0.211016537,0
L343W,-4.784077625,0.230330621,0
L343V,-5.161196873,0.208300394,0
L343T,-4.345111774,0.25597375,0
L343S,-3.236854952,0.320714942,0
L343R,-7.43572034,0.075429241,0
L343Q,-0.614964067,0.473878305,0
L343P,-7.367743495,0.079400254,0
L343N,-1.192142162,0.440161212,0
L343M,-2.15903276,0.38367823,0
L343K,-4.402928106,0.252596285,0
L343I,-3.196505174,0.323072061,0
L343H,-3.544556916,0.302739874,0
L343G,-5.062265067,0.214079707,0
L343F,-4.006359991,0.27576266,0
L343E,-3.275060763,0.318483068,0
L343D,-4.695729508,0.235491665,0
L343C,-3.349980476,0.314106473,0
L343A,-3.786745385,0.288591917,0
L338Y,-3.992742902,0.276558131,0
L338W,-4.048232899,0.273316564,0
L338V,-3.849314398,0.284936814,0
L338T,-5.64792783,0.179866964,0
L338S,-3.594130654,0.299843918,0
L338R,-4.876077907,0.224956228,0
L338Q,-0.479471853,0.481793372,0
L338P,-6.872085221,0.108355192,0
L338N,-4.694191207,0.235581528,0
L338M,-0.698386831,0.469004986,0
L338K,-3.095239105,0.328987735,0
L338I,-3.853609378,0.284685913,0
L338H,-3.807789378,0.287362587,0
L338G,-4.358093694,0.255215383,0
L338F,-3.22777691,0.321245255,0
L338E,-4.137170707,0.268121072,0
L338D,-5.418961951,0.193242495,0
L338C,-2.699458633,0.352108097,0
L338A,-4.196401489,0.264660979,0
L335Y,-5.706944559,0.176419376,0
L335W,-5.368118908,0.196212601,0
L335V,-3.182170174,0.32390947,0
L335T,-3.631330181,0.297670828,0
L335S,-2.948924786,0.337534998,0
L335R,-2.431718244,0.367748725,0
L335Q,-0.29263329,0.492707947,0
L335P,-8.036382268,0.04034029,0
L335N,-4.103053047,0.270114128,0
L335M,-1.058150375,0.447988629,0
L335K,-2.848503804,0.343401305,0
L335I,-4.876055158,0.224957557,0
L335H,-0.620100433,0.473578253,0
L335G,-2.039401428,0.39066675,0
L335E,-6.171347575,0.14929028,0
L335D,-3.666394559,0.295622467,0
L335C,-5.421665394,0.193084568,0
L335A,-3.696376845,0.293870988,0
L313Y,-5.579257573,0.183878484,0
L313W,-3.485883293,0.306167419,0
L313V,-2.208987255,0.380760032,0
L313T,-5.301850483,0.200083812,0
L313S,-5.162970855,0.208196763,0
L313R,-5.620905451,0.181445534,0
L313Q,-0.783052266,0.464059073,0
L313P,-4.223195819,0.263095731,0
L313N,-4.703646576,0.235029173,0
L313M,0.511818166,0.539701699,0
L313K,-3.426471165,0.309638106,0
L313I,-5.088093528,0.212570882,0
L313H,-2.721866075,0.350799119,0
L313G,-3.548369748,0.302517139,0
L313F,-3.227469697,0.321263202,0
L313E,-3.087663299,0.329430292,0
L313D,-1.898559897,0.39889431,0
L313C,-5.245099142,0.203399063,0
L313A,-3.961049309,0.27840958,0
L308Y,-5.073291596,0.213435568,0
L308W,-2.694820605,0.352379038,0
L308V,-4.049390608,0.273248934,0
L308T,-3.934759849,0.279945335,0
L308S,-5.36759322,0.19624331,0
L308R,-3.437176975,0.309012703,0
L308Q,-0.872059221,0.458859542,0
L308P,-6.752995198,0.115312091,0
L308N,-5.330026238,0.198437865,0
L308M,-2.51087748,0.363124469,0
L308K,-5.138763799,0.20961087,0
L308I,-5.055856682,0.214454066,0
L308H,-4.471368901,0.24859817,0
L308G,-1.709583436,0.409933774,0
L308F,-4.67684298,0.236594962,0
L308E,-4.960834692,0.220004979,0
L308D,-2.778490992,0.347491253,0
L308C,-2.463837751,0.365872395,0
L308A,-4.576662266,0.242447233,0
L294Y,-4.599953328,0.241086636,0
L294W,-4.241697015,0.262014944,0
L294V,-3.439893269,0.308854025,0
L294T,-2.912257801,0.339676979,0
L294S,-3.918035,0.280922353,0
L294R,-5.752445984,0.173761313,0
L294Q,-0.731788158,0.467053776,0
L294P,-4.410840564,0.252134062,0
L294N,-3.457745679,0.307811138,0
L294M,-1.776864133,0.406003428,0
L294K,-4.35300588,0.255512599,0
L294I,-5.290629639,0.200739302,0
L294H,-4.642981423,0.238573057,0
L294G,-4.439634007,0.250452032,0
L294F,-5.949353833,0.162258519,0
L294E,-3.886212849,0.282781312,0
L294D,-2.748280412,0.349256069,0
L294C,-2.092232901,0.387580487,0
L294A,-3.182863943,0.323868942,0
L290Y,-5.427368186,0.192751427,0
L290W,-3.171461305,0.324535052,0
L290V,-2.02160157,0.391706567,0
L290T,-5.571539693,0.18432934,0
L290S,-5.49050174,0.189063346,0
L290R,-3.876744602,0.28333442,0
L290Q,-0.876024121,0.458627924,0
L290P,-5.101831996,0.21176832,0
L290N,-4.368620198,0.254600455,0
L290M,-1.829833522,0.402909108,0
L290K,-4.580874128,0.242201188,0
L290I,-3.137414305,0.32652398,0
L290H,-4.485638899,0.247764557,0
L290G,-4.405026674,0.252473693,0
L290F,-5.392267597,0.194801903,0
L290E,-4.251794754,0.261425063,0
L290D,-4.582821958,0.242087401,0
L290C,-5.41954204,0.193208608,0
L290A,-4.138010954,0.268071987,0
L289Y,-3.865594496,0.283985777,0
L289W,-5.279066544,0.201414785,0
L289V,-5.506905764,0.18810507,0
L289T,-5.765673698,0.172988587,0
L289S,-1.867161395,0.40072852,0
L289R,-3.026896256,0.332980128,0
L289Q,-0.599619082,0.474774715,0
L289P,-4.714407183,0.234400569,0
L289N,-3.990373821,0.276696526,0
L289M,-0.090186677,0.504534298,0
L289K,-4.427514085,0.251160043,0
L289I,-3.983147913,0.277118643,0
L289H,-5.363836121,0.196462789,0
L289G,-3.325895072,0.315513473,0
L289F,-4.523636417,0.245544851,0
L289E,-4.817061655,0.228403788,0
L289D,-5.3114654,0.199522136,0
L289C,-2.650449502,0.35497107,0
L289A,-4.670700875,0.236953766,0
L287Y,-3.63120148,0.297678346,0
L287W,-2.642377793,0.355442597,0
L287V,-2.186670762,0.382063697,0
L287T,-4.762091415,0.231614992,0
L287S,-2.235061762,0.379236834,0
L287R,-2.787851365,0.346944447,0
L287Q,-0.604574956,0.474485207,0
L287P,-6.639836375,0.121922505,0
L287N,-3.336405374,0.314899491,0
L287M,-1.352915965,0.430769267,0
L287K,-4.537744921,0.244720673,0
L287I,-3.971490161,0.277799655,0
L287H,-0.323243004,0.490919815,0
L287G,-4.122490032,0.268978675,0
L287F,-4.947730194,0.220770506,0
L287E,-4.503929015,0.246696101,0
L287D,-4.172872542,0.266035473,0
L287C,-5.060348853,0.214191646,0
L287A,-4.799818858,0.229411063,0
L278Y,-3.806808023,0.287419915,0
L278W,-5.057228172,0.214373948,0
L278V,-2.35361593,0.372311238,0
L278T,-2.995255249,0.334828505,0
L278S,-4.239454123,0.262145968,0
L278R,-2.417230554,0.368595054,0
L278Q,-0.499542189,0.480620921,0
L278P,-3.662699079,0.295838347,0
L278N,-5.241505512,0.203608993,0
L278M,-1.427250201,0.426426873,0
L278K,-3.23512711,0.320815878,0
L278I,-1.799956391,0.404654444,0
L278H,-3.066005427,0.330695482,0
L278G,-3.145990667,0.326022974,0
L278F,-4.515472692,0.246021753,0
L278E,-4.162653223,0.266632456,0
L278D,-4.788137581,0.23009345,0
L278C,-2.886974825,0.341153938,0
L278A,-1.889119294,0.399445803,0
L267Y,-5.290223576,0.200763023,0
L267W,-4.068443987,0.27213589,0
L267V,-2.267518642,0.377340796,0
L267T,-3.741777069,0.291218837,0
L267S,-4.458390667,0.249356321,0
L267R,-5.771843151,0.172628186,0
L267Q,-0.425478621,0.484947503,0
L267P,-3.098894867,0.328774176,0
L267N,-5.80318734,0.170797148,0
L267M,0.37413403,0.531658585,0
L267K,-3.613529556,0.29871069,0
L267I,-2.338263655,0.373208074,0
L267H,-4.614553062,0.240233761,0
L267G,-5.997514335,0.159445121,0
L267F,-5.739415331,0.174522526,0
L267E,-4.937432101,0.221372091,0
L267D,-4.477537889,0.248237795,0
L267C,-3.662720033,0.295837123,0
L267A,-4.250274964,0.261513845,0
L265Y,-3.017902477,0.333505519,0
L265W,-3.859998428,0.284312683,0
L265V,-2.908624671,0.339889216,0
L265T,-2.923006138,0.339049092,0
L265S,-3.463963985,0.307447882,0
L265R,-3.661170304,0.295927653,0
L265Q,-0.549045109,0.477729102,0
L265P,-2.617204018,0.356913177,0
L265N,-5.578422881,0.183927244,0
L265M,-1.848067288,0.401843943,0
L265K,-4.447677561,0.24998215,0
L265I,-3.339666364,0.314708994,0
L265H,-4.018101495,0.275076755,0
L265G,-4.08162112,0.27136612,0
L265F,-2.785666339,0.34707209,0
L265E,-3.09117557,0.329225115,0
L265D,-3.580634091,0.300632349,0
L265C,-3.165122424,0.324905351,0
L265A,-3.698755757,0.293732019,0
L264Y,-4.253738925,0.26131149,0
L264W,-4.927645465,0.221943799,0
L264V,-3.374582052,0.312669319,0
L264T,-1.583811554,0.417281007,0
L264S,-4.571262298,0.242762683,0
L264R,-5.664656391,0.178889729,0
L264Q,-0.480308361,0.481744506,0
L264P,-2.426554073,0.368050401,0
L264N,-7.396224157,0.077736495,0
L264M,0.010734687,0.510429836,0
L264K,-2.564123299,0.360014,0
L264I,-3.207111331,0.322452479,0
L264H,-4.111596233,0.26961506,0
L264G,-6.139538695,0.151148464,0
L264F,-3.06018788,0.331035327,0
L264E,-5.807024581,0.170572987,0
L264D,-5.381021606,0.195458862,0
L264C,-5.285951397,0.201012591,0
L264A,-3.016113674,0.333610016,0
L258Y,-2.387927745,0.37030684,0
L258W,-4.062328818,0.272493121,0
L258V,-3.129001017,0.32701546,0
L258T,-3.648315423,0.296678599,0
L258S,-5.332227542,0.198309271,0
L258R,-6.888537939,0.107394071,0
L258Q,-0.518324707,0.4795237,0
L258P,-3.636062808,0.297394362,0
L258N,-3.526333802,0.303804416,0
L258M,0.2128055,0.522234234,0
L258K,-4.09101278,0.270817486,0
L258I,-4.243369063,0.261917268,0
L258H,-3.378987785,0.312411949,0
L258G,-4.240323929,0.262095156,0
L258F,-5.052963714,0.214623065,0
L258E,-5.990651635,0.15984602,0
L258D,-2.887553494,0.341120134,0
L258C,-3.163480215,0.325001284,0
L258A,-3.679346321,0.294865863,0
L252Y,-4.648236107,0.238266094,0
L252W,-2.21724671,0.380277538,0
L252V,-2.776260356,0.34762156,0
L252T,-1.603732702,0.416117271,0
L252S,-2.693411601,0.352461348,0
L252R,-1.834926315,0.402611601,0
L252Q,-0.915962101,0.456294861,0
L252P,-2.452598717,0.366528947,0
L252N,-6.859109698,0.109113185,0
L252M,-1.0905835,0.446093979,0
L252K,-2.752887239,0.348986951,0
L252I,-4.758198753,0.231842391,0
L252H,-3.53114867,0.303523145,0
L252G,-4.107886412,0.269831777,0
L252F,-4.558381613,0.243515136,0
L252E,-3.027212408,0.33296166,0
L252D,-3.607125145,0.299084817,0
L252C,-3.32776838,0.31540404,0
L252A,-4.000369817,0.276112589,0
L244Y,-5.164147385,0.208128033,0
L244W,-2.964465235,0.33662717,0
L244V,0.104009128,0.515878662,0
L244T,-4.011710788,0.275450081,0
L244S,-3.59954401,0.299527685,0
L244R,-3.835900534,0.285720413,0
L244Q,-0.582418189,0.475779542,0
L244P,-2.220331476,0.380097335,0
L244N,-4.32679043,0.25704403,0
L244M,-0.192846942,0.49853718,0
L244K,-3.768673271,0.289647638,0
L244I,-2.992223456,0.335005614,0
L244H,-6.366557356,0.137886683,0
L244G,-3.467404669,0.307246887,0
L244F,-3.632558017,0.297599101,0
L244E,-3.202240449,0.322737022,0
L244D,-4.835268763,0.227340181,0
L244C,-5.208415012,0.205542045,0
L244A,-5.249485671,0.203142815,0
L241Y,-3.106709935,0.328317642,0
L241W,-2.357454638,0.372086992,0
L241V,-2.981397699,0.335638024,0
L241T,-4.917216529,0.222553027,0
L241S,-5.076015079,0.21327647,0
L241R,-6.073021815,0.15503419,0
L241Q,-5.499158656,0.188557633,0
L241P,-4.665592411,0.237252188,0
L241N,-2.004502746,0.392705432,0
L241M,-0.849337989,0.460186851,0
L241K,-3.604601139,0.299232262,0
L241I,-1.318273609,0.432792974,0
L241H,-1.9605342,0.395273948,0
L241G,-2.942947256,0.337884189,0
L241F,-2.486350487,0.364557265,0
L241E,-2.411658257,0.368920572,0
L241D,-3.907924551,0.281512976,0
L241C,-3.92223643,0.280676917,0
L241A,-4.447843604,0.24997245,0
L237Y,-3.053309969,0.331437115,0
L237W,-5.039263672,0.215423382,0
L237V,-5.682258474,0.177861466,0
L237T,-2.416656543,0.368628586,0
L237S,-4.821656666,0.228135361,0
L237R,-2.924979121,0.338933836,0
L237Q,-0.490171178,0.481168348,0
L237P,-2.371720779,0.371253605,0
L237N,-3.788952279,0.288462996,0
L237M,-1.041953739,0.44893479,0
L237K,-4.582874316,0.242084343,0
L237I,-4.405348504,0.252454893,0
L237H,-4.060983736,0.272571697,0
L237G,-2.286036547,0.376259033,0
L237F,-3.793721813,0.288184374,0
L237E,-3.520800014,0.304127684,0
L237D,-2.996243544,0.334770772,0
L237C,-2.732662411,0.350168428,0
L237A,-2.268779224,0.377267156,0
L234Y,-2.129711737,0.385391081,0
L234W,-5.520597645,0.187305229,0
L234V,-2.361907524,0.371826867,0
L234T,-4.264891767,0.260659973,0
L234S,-4.123173513,0.268938748,0
L234R,-3.196588504,0.323067193,0
L234Q,-0.554945519,0.477384417,0
L234P,-5.007971045,0.217251408,0
L234N,-5.398006559,0.194466649,0
L234M,-0.465211679,0.482626411,0
L234K,-4.489376397,0.247546223,0
L234I,-3.532996027,0.303415228,0
L234H,-2.382592161,0.37061853,0
L234G,-4.004329197,0.275881293,0
L234F,-5.45138665,0.191348337,0
L234E,-5.267082512,0.202114858,0
L234D,-5.421967572,0.193066916,0
L234C,-4.792837586,0.229818889,0
L234A,-5.163096367,0.208189431,0
L222Y,-3.147897819,0.325911563,0
L222W,-4.529594857,0.245196776,0
L222V,-3.903089596,0.281795421,0
L222T,-4.309044022,0.258080725,0
L222S,-6.067832188,0.155337353,0
L222R,-1.904123186,0.398569318,0
L222Q,-0.499460352,0.480625701,0
L222P,-2.263068863,0.377600739,0
L222N,-4.673405292,0.236795782,0
L222M,-1.436290924,0.42589874,0
L222K,-4.231947862,0.262584462,0
L222I,-3.064814585,0.330765048,0
L222H,-3.939444679,0.279671661,0
L222G,-3.909796557,0.281403619,0
L222F,-2.879320353,0.34160109,0
L222E,-3.486855169,0.306110645,0
L222D,-3.692178159,0.294116263,0
L222C,-2.63220524,0.356036848,0
L222A,-3.702131402,0.293534823,0
L218Y,-4.114343504,0.269454572,0
L218W,-4.112082982,0.269586625,0
L218V,-5.550266677,0.185572049,0
L218T,-1.80213696,0.404527062,0
L218S,-3.967897351,0.278009537,0
L218R,-5.129776234,0.210135898,0
L218Q,-0.344896697,0.489654868,0
L218P,-6.149011165,0.150595109,0
L218N,-4.393890184,0.253124255,0
L218M,0.266348004,0.525362034,0
L218K,-2.851582134,0.343221478,0
L218I,-4.433331871,0.250820184,0
L218H,-3.090417379,0.329269406,0
L218G,-4.700691482,0.235201801,0
L218F,-5.120239371,0.210693014,0
L218E,-5.121472893,0.210620955,0
L218D,-5.78853124,0.171653315,0
L218C,-3.76996323,0.289572282,0
L218A,-4.964333176,0.219800608,0
L28Y,-3.781715045,0.288885775,0
L28W,-5.863201444,0.167291295,0
L28V,-3.859099058,0.284365222,0
L28T,-5.094922485,0.212171954,0
L28S,-4.961982585,0.219937922,0
L28R,-3.669309086,0.295452209,0
L28Q,-0.515366189,0.479696528,0
L28P,-2.997287374,0.334709794,0
L28N,-7.332447389,0.081462152,0
L28M,-1.236363012,0.437577957,0
L28K,-4.20018746,0.264439814,0
L28I,-6.601659536,0.124152687,0
L28H,-4.150779623,0.267326078,0
L28G,-5.794597693,0.17129893,0
L28F,-5.405283033,0.194041579,0
L28E,-4.762885981,0.231568576,0
L28D,-4.854788924,0.226199869,0
L28C,-4.845601181,0.226736591,0
L28A,-5.107624113,0.211429961,0
L200Y,-2.80269783,0.346077159,0
L200W,0.44824246,0.535987788,0
L200V,-2.270705687,0.377154618,0
L200T,-4.884082405,0.224488628,0
L200S,-3.240988975,0.320473444,0
L200R,-1.654947107,0.413125472,0
L200Q,-0.548898959,0.47773764,0
L200P,-4.491243326,0.247437163,0
L200N,-4.268778264,0.260432935,0
L200M,-2.406785117,0.369205247,0
L200K,-3.694600303,0.293974769,0
L200I,-3.757411119,0.29030554,0
L200H,-4.217096237,0.263452051,0
L200G,-5.683402256,0.17779465,0
L200F,-1.623308837,0.414973689,0
L200E,-3.796374277,0.288029424,0
L200D,-4.960650448,0.220015742,0
L200C,-5.758501838,0.173407547,0
L200A,-4.250441984,0.261504088,0
L184Y,-5.069854344,0.213636363,0
L184W,-2.785284003,0.347094425,0
L184V,-4.978187549,0.218991275,0
L184T,-5.778970828,0.172211807,0
L184S,-2.905304097,0.340083194,0
L184R,-5.404109538,0.194110131,0
L184Q,-0.478576987,0.481845648,0
L184P,-3.55659171,0.302036836,0
L184N,-3.92965997,0.280243255,0
L184M,-1.146953712,0.442800992,0
L184K,-4.615021832,0.240206377,0
L184I,-4.449256577,0.249889909,0
L184H,-3.782833046,0.288820464,0
L184G,-3.871332774,0.283650563,0
L184F,-4.508715407,0.246416494,0
L184E,-4.152955275,0.267198983,0
L184D,-2.091299859,0.387634993,0
L184C,-2.52911014,0.362059369,0
L184A,-6.017916895,0.158253262,0
L170Y,-5.363619212,0.19647546,0
L170W,-3.278220346,0.318298494,0
L170V,-5.754860521,0.173620262,0
L170T,-4.335159915,0.256555109,0
L170S,-4.085453177,0.271142262,0
L170R,-3.187918113,0.323573692,0
L170Q,-0.708014785,0.468442548,0
L170P,-6.626526867,0.122700009,0
L170N,-3.980946933,0.277247218,0
L170M,0.240206454,0.52383492,0
L170K,-2.203364699,0.381088485,0
L170I,-2.232737794,0.379372593,0
L170H,-5.037770439,0.215510613,0
L170G,-2.819885525,0.345073103,0
L170F,-5.607913232,0.182204502,0
L170E,-4.926580093,0.222006035,0
L170D,-4.331087053,0.256793034,0
L170C,-4.081950633,0.271346871,0
L170A,-5.162517261,0.20822326,0
L163Y,-4.526933726,0.245352232,0
L163W,-3.392732232,0.311609037,0
L163V,-3.374661502,0.312664678,0
L163T,-5.48572418,0.189342437,0
L163S,-3.749957868,0.290740938,0
L163R,-2.946965089,0.337649478,0
L163Q,-0.405803265,0.48609688,0
L163P,-3.754886606,0.290453015,0
L163N,-3.928081713,0.280335453,0
L163M,-1.676803637,0.411848676,0
L163K,-3.459377989,0.307715783,0
L163I,-4.268307527,0.260460434,0
L163H,-4.756886197,0.231919066,0
L163G,-5.959660023,0.161656461,0
L163F,-5.853108566,0.167880893,0
L163E,-5.432217445,0.192468147,0
L163D,-5.880484079,0.166281693,0
L163C,-5.395004181,0.19464204,0
L163A,-5.294782512,0.200496703,0
L157Y,-5.369455795,0.196134503,0
L157W,-4.908019201,0.223090309,0
L157V,-2.905785542,0.34005507,0
L157T,-4.084904137,0.271174335,0
L157S,-5.883737116,0.16609166,0
L157R,-2.550152599,0.360830129,0
L157Q,-0.693476202,0.469291851,0
L157P,-3.021112971,0.333317971,0
L157N,-3.524363086,0.30391954,0
L157M,-0.637014137,0.472590203,0
L157K,-5.05292603,0.214625267,0
L157I,-4.639814356,0.238758068,0
L157H,-4.90147718,0.223472475,0
L157G,-5.07556696,0.213302648,0
L157F,-2.151843117,0.384098229,0
L157E,-4.456135946,0.249488035,0
L157D,-4.832745534,0.227487581,0
L157C,-4.520482429,0.245729098,0
L157A,-3.726146491,0.292131931,0
L156Y,-4.055237297,0.272907387,0
L156W,-5.184015589,0.20696739,0
L156V,-4.465379253,0.248948068,0
L156T,-5.626177218,0.181137573,0
L156S,-4.642032858,0.23862847,0
L156R,-3.834572323,0.285798004,0
L156Q,-0.530582215,0.478807651,0
L156P,-6.100238034,0.153444296,0
L156N,-4.491731596,0.247408639,0
L156M,-1.709968698,0.409911268,0
L156K,-4.033547519,0.274174442,0
L156I,-5.752692366,0.17374692,0
L156H,-4.069770016,0.272058428,0
L156G,-2.902020263,0.340275027,0
L156F,-4.567335637,0.242992068,0
L156E,-4.000289832,0.276117261,0
L156D,-5.225017017,0.204572204,0
L156C,-3.671991031,0.295295538,0
L156A,-4.43238465,0.250875518,0
L155Y,-4.070027401,0.272043392,0
L155W,-2.681560224,0.353153671,0
L155V,-3.225091849,0.321402109,0
L155T,-4.312748709,0.257864308,0
L155S,-4.154365484,0.267116602,0
L155R,-3.908656469,0.28147022,0
L155Q,-0.52219341,0.479297701,0
L155P,-3.186460676,0.323658832,0
L155N,-4.018638438,0.275045388,0
L155M,-1.504647221,0.421905561,0
L155K,-2.712255024,0.351360569,0
L155I,-1.904183886,0.398565772,0
L155H,-5.149027965,0.209011266,0
L155G,-5.288973471,0.20083605,0
L155F,-4.21157549,0.263774558,0
L155E,-4.541676239,0.244491016,0
L155D,-4.001468125,0.276048429,0
L155C,-2.127092945,0.385544063,0
L155A,-5.40452803,0.194085684,0
L150Y,-3.787193488,0.28856574,0
L150W,-2.946754022,0.337661808,0
L150V,-4.859822841,0.225905802,0
L150T,-4.784483111,0.230306934,0
L150S,-1.260633916,0.43616012,0
L150R,-6.937653052,0.104524907,0
L150Q,-0.578377623,0.47601558,0
L150P,-1.706227532,0.410129816,0
L150N,-5.331984123,0.198323491,0
L150M,-0.802037636,0.462950002,0
L150K,-3.892333067,0.282423786,0
L150I,-5.586890541,0.183432588,0
L150H,-5.024961446,0.216258877,0
L150G,-5.678203643,0.178098338,0
L150F,-4.04573188,0.273462667,0
L150E,-4.190509376,0.26500518,0
L150D,-2.981871681,0.335610335,0
L150C,-5.061987922,0.214095897,0
L150A,-5.284212305,0.201114184,0
L146Y,-4.183897142,0.265391447,0
L146W,-3.41285454,0.31043355,0
L146V,-3.474360358,0.306840556,0
L146T,-4.633347768,0.239135828,0
L146S,-2.490645456,0.364306366,0
L146R,-2.48075676,0.364884035,0
L146Q,-0.711143159,0.468259798,0
L146P,-6.532265633,0.12820648,0
L146N,-5.252700887,0.202954991,0
L146M,-0.765829646,0.46506517,0
L146K,-4.152288848,0.267237913,0
L146I,-2.249461065,0.378395668,0
L146H,-4.5655378,0.243097092,0
L146G,-4.410447752,0.252157009,0
L146F,-3.417385374,0.310168871,0
L146E,-7.511469206,0.071004209,0
L146D,-4.127728342,0.268672668,0
L146C,-5.520635338,0.187303027,0
L146A,-3.270743771,0.318735254,0
L137Y,-4.351253302,0.255614979,0
L137W,-2.28441515,0.37635375,0
L137V,-3.690416281,0.294219187,0
L137T,-4.642379515,0.238608219,0
L137S,-4.476844539,0.248278299,0
L137R,-2.138845443,0.384857516,0
L137Q,-0.503185079,0.480408114,0
L137P,-6.894424267,0.107050209,0
L137N,-3.717221851,0.292653282,0
L137M,-1.632752841,0.414421997,0
L137K,-3.986084255,0.27694711,0
L137I,-5.725218363,0.175351872,0
L137H,-3.791125101,0.288336066,0
L137G,-4.172589351,0.266052016,0
L137F,-7.344550177,0.080755141,0
L137E,-3.782106211,0.288862924,0
L137D,-3.545602021,0.302678822,0
L137C,-4.310076079,0.258020435,0
L137A,-3.526086547,0.30381886,0
L134Y,-3.081363328,0.329798318,0
L134W,-3.718291771,0.292590781,0
L134V,-2.773787903,0.347765994,0
L134T,-3.646249379,0.296799291,0
L134S,-3.404611415,0.31091509,0
L134R,-3.458832514,0.307747648,0
L134Q,-0.534113429,0.478601368,0
L134P,-2.647107836,0.355166281,0
L134N,-6.109533988,0.152901253,0
L134M,-2.405176495,0.369299218,0
L134K,-2.649021509,0.35505449,0
L134I,-3.721312528,0.292414317,0
L134H,-4.511477914,0.246255116,0
L134G,-4.978527476,0.218971417,0
L134F,-5.34525442,0.197548278,0
L134E,-4.019118609,0.275017338,0
L134D,-3.414931049,0.310312246,0
L134C,-3.818014709,0.286765252,0
L134A,-5.533046534,0.186578001,0
L130Y,-5.585932229,0.18348857,0
L130W,-3.434248508,0.309183775,0
L130V,-1.960765051,0.395260463,0
L130T,-4.471115036,0.248613,0
L130S,-3.920353852,0.280786892,0
L130R,-4.357346732,0.255259019,0
L130Q,-0.632901652,0.472830443,0
L130P,-1.766739398,0.406594886,0
L130N,-4.381230019,0.253863825,0
L130M,-0.150839794,0.500991117,0
L130K,-4.763539849,0.231530379,0
L130I,-3.606314853,0.299132152,0
L130H,-6.597065091,0.124421081,0
L130G,-4.406925113,0.252362792,0
L130F,-1.423383926,0.42665273,0
L130E,-5.448687949,0.191505988,0
L130D,-6.054335087,0.156125815,0
L130C,0.456738361,0.536484094,0
L130A,-4.818390956,0.228326134,0
L121Y,-4.719024278,0.234130851,0
L121W,-5.449451905,0.19146136,0
L121V,-0.209585032,0.497559388,0
L121T,0.117316097,0.516656017,0
L121S,-5.319609884,0.199046359,0
L121R,-7.257064544,0.085865802,0
L121Q,-0.501034597,0.480533739,0
L121P,-2.07304205,0.388701562,0
L121N,-6.177748025,0.148916384,0
L121M,-1.630693169,0.414542317,0
L121K,-3.974808856,0.277605787,0
L121I,-5.254985431,0.202821535,0
L121H,-5.0766917,0.213236944,0
L121G,-3.910163473,0.281382185,0
L121F,-1.348639522,0.431019084,0
L121E,-3.647371381,0.296733747,0
L121D,-2.11285414,0.386375853,0
L121C,-4.412022297,0.252065029,0
L121A,-5.67063286,0.178540601,0
L116Y,-5.242645811,0.20354238,0
L116W,-4.619045162,0.239971345,0
L116V,-4.376069172,0.254165307,0
L116T,-5.752516592,0.173757188,0
L116S,0.231954229,0.523352848,0
L116R,-2.745532883,0.349416571,0
L116Q,-0.440599879,0.484064162,0
L116P,-2.588381154,0.358596926,0
L116N,-5.225696893,0.204532487,0
L116M,-1.06557956,0.447554637,0
L116K,-3.642959367,0.296991484,0
L116I,-3.922637129,0.28065351,0
L116H,-3.821821403,0.286542876,0
L116G,-0.762982572,0.465231487,0
L116F,-4.789701854,0.23000207,0
L116E,-2.535937296,0.361660546,0
L116D,-4.109668339,0.269727682,0
L116C,-6.926643295,0.105168066,0
L116A,-5.18285427,0.207035231,0
L115Y,-4.239606885,0.262137044,0
L115W,-4.573211774,0.242648801,0
L115V,-1.02538483,0.449902698,0
L115T,-3.564909735,0.30155092,0
L115S,-4.297187388,0.258773355,0
L115R,-5.530405158,0.186732302,0
L115Q,-0.521375931,0.479345456,0
L115P,-6.04875255,0.156451931,0
L115N,-5.865381794,0.167163926,0
L115M,-2.295719841,0.375693362,0
L115K,-7.256851199,0.085878265,0
L115I,-3.342797303,0.314526093,0
L115H,-4.034477954,0.274120089,0
L115G,-4.239396264,0.262149347,0
L115F,-5.267046366,0.202116969,0
L115E,-4.671072427,0.236932061,0
L115D,-4.484781062,0.24781467,0
L115C,-5.709141161,0.176291056,0
L115A,-4.772717857,0.230994226,0
L112Y,-4.730206331,0.233477628,0
L112W,-5.671515139,0.178489061,0
L112V,-3.586320379,0.300300172,0
L112T,-4.033880237,0.274155006,0
L112S,-4.964468793,0.219792685,0
L112R,-5.700706387,0.176783792,0
L112Q,-0.542545247,0.478108805,0
L112P,-4.290867312,0.259142556,0
L112N,-5.278478528,0.201449135,0
L112M,0.401593265,0.533262675,0
L112K,-1.120452313,0.444349128,0
L112I,-5.245698923,0.203364026,0
L112H,-3.538724333,0.303080597,0
L112G,-2.670162614,0.353819487,0
L112F,-3.729565591,0.291932197,0
L112E,-2.989162174,0.335184445,0
L112D,-5.619006733,0.181556452,0
L112C,-2.818908411,0.345130183,0
L112A,-3.450272608,0.308247693,0
K99Y,-2.369684859,0.371372538,0
K99W,-5.572407879,0.184278623,0
K99V,-3.546888476,0.302603671,0
K99T,-0.508699962,0.48008595,0
K99S,-4.102834779,0.270126879,0
K99R,-2.034867219,0.390931626,0
K99Q,-0.985857357,0.45221178,0
K99P,-5.416560609,0.193382775,0
K99N,-0.637224983,0.472577886,0
K99M,-0.771852583,0.464713327,0
K99L,-0.543595746,0.478047438,0
K99I,-2.367606447,0.371493952,0
K99H,-5.213735617,0.205231231,0
K99G,-3.578648975,0.300748313,0
K99F,-5.424485141,0.192919846,0
K99E,-4.761139753,0.231670586,0
K99D,-5.104784777,0.211595827,0
K99C,-5.906376941,0.164769106,0
K99A,-4.913290964,0.222782348,0
K73Y,-1.974335189,0.394467734,0
K73W,-3.339980522,0.314690641,0
K73V,-3.857647843,0.284449998,0
K73T,-4.315395701,0.257709678,0
K73S,-4.691933273,0.23571343,0
K73R,-7.686653857,0.060770423,0
K73Q,-4.484763519,0.247815695,0
K73P,-3.600157248,0.299491862,0
K73N,-0.855431411,0.459830891,0
K73M,-4.093252225,0.270686664,0
K73L,-3.412021537,0.310482211,0
K73I,-1.01818888,0.450323065,0
K73H,-4.135484991,0.268219547,0
K73G,-5.708494201,0.17632885,0
K73F,-4.107063839,0.269879829,0
K73E,-2.433665209,0.367634989,0
K73D,-2.414454402,0.368757229,0
K73C,-5.664280807,0.17891167,0
K73A,-3.78479924,0.288705605,0
K55Y,-2.345954094,0.372758821,0
K55W,-6.243990139,0.14504671,0
K55V,-3.55386928,0.302195872,0
K55T,-4.982503909,0.218739125,0
K55S,-1.807279504,0.404226649,0
K55R,0.323332773,0.528690921,0
K55Q,-2.269390676,0.377231437,0
K55P,-4.341356017,0.25619315,0
K55N,-0.550707819,0.477631971,0
K55M,-5.007633517,0.217271126,0
K55L,-4.184841157,0.265336301,0
K55I,-0.87220929,0.458850775,0
K55H,-1.559724198,0.418688122,0
K55G,2.19560294,0.638063587,0
K55F,-5.587913893,0.183372806,0
K55E,0.184506074,0.520581063,0
K55D,-4.472857901,0.248511187,0
K55C,-1.61562414,0.415422607,0
K55A,-3.390912233,0.311715357,0
K54Y,-4.675129949,0.236695032,0
K54W,-4.731278678,0.233414984,0
K54V,-2.936610959,0.338254337,0
K54T,-2.431675299,0.367751233,0
K54S,-2.904287295,0.340142593,0
K54R,-0.542949017,0.478085218,0
K54Q,0.125673023,0.517144204,0
K54P,-4.543812448,0.244366225,0
K54N,-3.286221909,0.317831066,0
K54M,-1.78031072,0.405802088,0
K54L,-4.392679964,0.253194952,0
K54I,-1.271963024,0.435498306,0
K54H,-5.557555735,0.185146243,0
K54G,-1.480903417,0.423292606,0
K54F,-4.392797185,0.253188105,0
K54E,-3.022949609,0.33321068,0
K54D,-4.899306613,0.223599273,0
K54C,-5.1288495,0.210190035,0
K54A,-5.399498817,0.194379476,0
K48Y,-3.003748463,0.334332356,0
K48W,-0.634131001,0.472758628,0
K48V,-2.704597254,0.351807914,0
K48T,-2.873229741,0.341956886,0
K48S,-3.382799969,0.312189252,0
K48R,-2.062829237,0.389298165,0
K48Q,-1.040914642,0.448995491,0
K48P,-4.44426115,0.250181727,0
K48N,-0.504140672,0.480352291,0
K48M,0.72388906,0.552090273,0
K48L,-0.829070414,0.461370825,0
K48I,0.543712664,0.541564884,0
K48H,-0.682189303,0.469951199,0
K48G,-3.71908401,0.2925445,0
K48F,-2.794134037,0.346577431,0
K48E,-0.941307171,0.454814275,0
K48D,1.760279794,0.612633254,0
K48C,-4.15902004,0.266844697,0
K48A,-1.029981845,0.449634154,0
K344Y,-3.345438957,0.314371775,0
K344W,-5.603698038,0.182450742,0
K344V,-4.95204094,0.220518685,0
K344T,-4.235127113,0.262398739,0
K344S,-3.456254295,0.30789826,0
K344R,-1.721491446,0.409238142,0
K344Q,-6.477381322,0.131412665,0
K344P,-2.419175973,0.368481408,0
K344N,-1.084609327,0.446442973,0
K344M,-0.697274664,0.469069955,0
K344L,-3.395587499,0.311442241,0
K344I,-3.027184146,0.332963311,0
K344H,-3.438144378,0.30895619,0
K344G,-4.142816673,0.267791251,0
K344F,-3.182921449,0.323865583,0
K344E,-8.164627053,0.032848597,0
K344D,-1.970764817,0.394676305,0
K344C,-6.175757764,0.14903265,0
K344A,-3.792648761,0.288247058,0
K342Y,-1.362420503,0.430214039,0
K342W,-5.316574446,0.19922368,0
K342V,-2.916002326,0.339458234,0
K342T,-2.498343804,0.36385665,0
K342S,-3.612430438,0.298774897,0
K342R,-7.103582734,0.09483177,0
K342Q,-2.522000432,0.362474698,0
K342P,-4.716519037,0.2342772,0
K342N,-0.263221391,0.494426106,0
K342M,-3.220575008,0.32166597,0
K342L,-3.382562604,0.312203118,0
K342I,-0.166610852,0.500069817,0
K342H,-5.286274468,0.200993719,0
K342G,-3.523215018,0.303986607,0
K342F,-3.674021008,0.295176952,0
K342E,-6.099964871,0.153460254,0
K342D,-4.437515302,0.2505758,0
K342C,-4.865450825,0.225577032,0
K342A,-5.93273351,0.163229431,0
K340Y,-3.214029822,0.322048321,0
K340W,-4.619612823,0.239938184,0
K340V,-4.512683045,0.246184716,0
K340T,-3.610776094,0.298871539,0
K340S,-4.277435552,0.259927201,0
K340R,-1.903682556,0.398595059,0
K340Q,-5.93050897,0.163359382,0
K340P,-2.888242384,0.341079891,0
K340N,-1.134077224,0.4435532,0
K340M,-0.417939385,0.485387923,0
K340L,-2.22672416,0.379723892,0
K340I,-3.214232677,0.322036471,0
K340H,-4.661606211,0.237485051,0
K340G,-4.328611123,0.256937671,0
K340F,-5.348614809,0.197351974,0
K340E,-4.8546191,0.22620979,0
K340D,-5.690107476,0.17740295,0
K340C,-5.119245319,0.210751083,0
K340A,-2.829101696,0.344534721,0
K330Y,-3.143116725,0.326190861,0
K330W,-4.669439838,0.237027432,0
K330V,-4.004878683,0.275849193,0
K330T,-6.384718628,0.136825754,0
K330S,-3.059894344,0.331052474,0
K330R,-1.968917176,0.394784239,0
K330Q,-3.836673952,0.285675233,0
K330P,-1.927667428,0.397193931,0
K330N,-0.044402562,0.507208875,0
K330M,-0.404561198,0.486169438,0
K330L,-2.12138966,0.385877233,0
K330I,-2.326632482,0.373887534,0
K330H,-4.805885725,0.229056654,0
K330G,-3.317964268,0.315976768,0
K330F,-4.572967614,0.242663064,0
K330E,-2.722229809,0.35077787,0
K330D,-5.636017433,0.180562735,0
K330C,-4.748006955,0.232437766,0
K330A,-5.4061057,0.193993521,0
K300Y,-3.489236742,0.30597152,0
K300W,-3.64492124,0.296876877,0
K300V,-3.528747379,0.303663422,0
K300T,-3.347248168,0.314266086,0
K300S,-4.852888308,0.226310898,0
K300R,-3.761623028,0.290059493,0
K300Q,-3.6833273,0.294633305,0
K300P,-4.926747097,0.221996279,0
K300N,-0.330952802,0.49046943,0
K300M,-0.769555954,0.464847489,0
K300L,-2.213310109,0.380507503,0
K300I,-3.491665874,0.305829617,0
K300H,-3.762861974,0.289987117,0
K300G,-3.288569302,0.317693938,0
K300F,-1.133469879,0.443588679,0
K300E,-5.949212377,0.162266783,0
K300D,-3.700308362,0.29364132,0
K300C,-5.005292029,0.217407909,0
K300A,-4.854695184,0.226205345,0
K292Y,-3.151884723,0.32567866,0
K292W,-4.199391366,0.264486319,0
K292V,-4.328293753,0.256956211,0
K292T,-2.583006304,0.358910909,0
K292S,-4.187582018,0.265176187,0
K292R,-4.513811107,0.246118818,0
K292Q,-4.770295214,0.23113575,0
K292P,-5.509729519,0.187940114,0
K292N,-1.756108197,0.40721593,0
K292M,-0.846242551,0.460367678,0
K292L,-1.977624819,0.394275563,0
K292I,-3.320115209,0.315851116,0
K292H,-4.885635052,0.224397927,0
K292G,-4.135131376,0.268240204,0
K292F,-3.694817427,0.293962085,0
K292E,-1.606530759,0.415953816,0
K292D,-3.246128568,0.320173204,0
K292C,-3.983773471,0.2770821,0
K292A,-5.090435655,0.212434062,0
K285Y,-1.835431152,0.40258211,0
K285W,-4.145435314,0.267638277,0
K285V,-1.533207165,0.420237171,0
K285T,-1.901130655,0.398744133,0
K285S,-2.601569338,0.35782651,0
K285R,-2.947758917,0.337603105,0
K285Q,-2.850440256,0.343288183,0
K285P,-2.821528131,0.344977147,0
K285N,-0.344467023,0.489679968,0
K285M,-2.702402713,0.351936113,0
K285L,-1.219503534,0.438562839,0
K285I,-0.51283125,0.479844612,0
K285H,-5.071205219,0.213557449,0
K285G,-2.889059908,0.341032133,0
K285F,-3.753554202,0.29053085,0
K285E,-2.756632093,0.348768187,0
K285D,-4.315872092,0.257681848,0
K285C,-4.972341502,0.219332784,0
K285A,-2.49974901,0.363774562,0
K272Y,-2.844560367,0.343631669,0
K272W,-1.696289121,0.41071039,0
K272V,-3.324103112,0.315618154,0
K272T,-3.585010507,0.300376691,0
K272S,-2.68508466,0.352947784,0
K272R,-6.125755801,0.151953621,0
K272Q,-3.409890505,0.3106067,0
K272P,-2.164425909,0.383363178,0
K272N,-0.702873871,0.468742866,0
K272M,-5.618169328,0.181605371,0
K272L,-1.8343402,0.402645841,0
K272I,-0.273070738,0.493850735,0
K272H,-5.189936781,0.206621491,0
K272G,-4.357562456,0.255246417,0
K272F,-4.278327785,0.259875079,0
K272E,-6.784287942,0.113484058,0
K272D,-4.426044102,0.251245915,0
K272C,-3.442390374,0.308708151,0
K272A,-3.384318658,0.312100534,0
K270Y,-2.035916956,0.390870303,0
K270W,-4.35805015,0.255217927,0
K270V,-4.068047083,0.272159076,0
K270T,-5.143605113,0.209328054,0
K270S,-2.737805598,0.349867977,0
K270R,-5.228923065,0.204344023,0
K270Q,-1.67309303,0.412065439,0
K270P,-5.148527508,0.209040502,0
K270N,-0.098978396,0.504020711,0
K270M,-0.97643451,0.452762236,0
K270L,-3.016790314,0.333570489,0
K270I,-4.224239104,0.263034785,0
K270H,-3.649222355,0.296625618,0
K270G,-5.137726169,0.209671485,0
K270F,-4.474839668,0.248395418,0
K270E,-6.14600739,0.150770581,0
K270D,-3.844515514,0.285217151,0
K270C,-5.063383865,0.21401435,0
K270A,-3.276574459,0.318394642,0
K259Y,-2.53970181,0.361440634,0
K259W,-4.909172422,0.223022941,0
K259V,-4.403186761,0.252581175,0
K259T,-1.441370758,0.425601991,0
K259S,-5.064675672,0.213938886,0
K259R,-1.739962518,0.408159115,0
K259Q,-1.791016896,0.405176664,0
K259P,-2.202873073,0.381117205,0
K259N,-1.0313248,0.449555702,0
K259M,-0.469573194,0.482371624,0
K259L,-3.262743275,0.31920262,0
K259I,-0.946597543,0.454505226,0
K259H,-2.242497007,0.378802488,0
K259G,-2.960212663,0.336875593,0
K259F,-3.616758085,0.298522088,0
K259E,-4.512525982,0.246193891,0
K259D,-2.871252228,0.342072407,0
K259C,-5.29521863,0.200471226,0
K259A,-4.270962791,0.260305321,0
K231Y,-2.525056724,0.362296158,0
K231W,-4.695728761,0.235491709,0
K231V,-4.068251241,0.27214715,0
K231T,-2.251730395,0.3782631,0
K231S,-4.594827939,0.241386046,0
K231R,-5.165710124,0.208036742,0
K231Q,-3.450479446,0.30823561,0
K231P,-3.828028776,0.286180259,0
K231N,-0.142117753,0.501500634,0
K231M,-0.47384569,0.482122037,0
K231L,-2.08796665,0.387829709,0
K231I,-2.176256571,0.382672065,0
K231H,-3.35462361,0.313835234,0
K231G,-4.526180252,0.245396248,0
K231F,-4.048695291,0.273289553,0
K231E,-2.028681878,0.391292956,0
K231D,-3.855530362,0.284573695,0
K231C,-3.097771511,0.328839799,0
K231A,-3.327865025,0.315398394,0
K207Y,-2.966685632,0.336497461,0
K207W,-4.8342727,0.227398368,0
K207V,-4.683629717,0.2361985,0
K207T,-1.119033548,0.444432008,0
K207S,-3.312307112,0.316307243,0
K207R,-2.32108365,0.374211681,0
K207Q,-3.137376877,0.326526167,0
K207P,-5.282681574,0.201203605,0
K207N,-1.278326695,0.435126558,0
K207M,-0.582850484,0.475754289,0
K207L,-1.427725511,0.426399107,0
K207I,-2.661578179,0.354320965,0
K207H,-3.528956135,0.303651227,0
K207G,-5.051455043,0.214711197,0
K207F,-4.603562438,0.240875802,0
K207E,-6.175662043,0.149038241,0
K207D,-5.526587798,0.186955301,0
K207C,-1.616791219,0.41535443,0
K207A,-3.996108139,0.276361544,0
K203Y,-2.280725944,0.376569263,0
K203W,-4.303544599,0.258401985,0
K203V,-3.684018491,0.294592928,0
K203T,-2.53406363,0.36177,0
K203S,-3.294578269,0.317342911,0
K203R,-3.211281623,0.322208863,0
K203Q,-1.486654154,0.422956664,0
K203P,-2.303483524,0.37523983,0
K203N,-0.740028479,0.4665724,0
K203M,-5.323870404,0.198797472,0
K203L,-4.347868871,0.255812688,0
K203I,-0.199447211,0.498151611,0
K203H,-2.16247689,0.383477034,0
K203G,-4.005803514,0.275795168,0
K203F,-3.866357811,0.283941186,0
K203E,-1.697329164,0.410649633,0
K203D,-2.910688466,0.339768655,0
K203C,-2.90490064,0.340106763,0
K203A,-2.367126177,0.371522008,0
K164Y,-3.241205658,0.320460786,0
K164W,-5.365353187,0.196374166,0
K164V,-4.488173838,0.247616474,0
K164T,-2.836017112,0.344130742,0
K164S,-3.54731617,0.302578686,0
K164R,-5.672557678,0.178428159,0
K164Q,-5.710245154,0.176226564,0
K164P,-7.6530498,0.062733476,0
K164N,-0.451429532,0.483431525,0
K164M,-3.976198317,0.277524618,0
K164L,-3.677267185,0.29498732,0
K164I,-0.584849981,0.475637484,0
K164H,-4.113308538,0.269515032,0
K164G,-3.460362812,0.307658253,0
K164F,-3.247168204,0.320112471,0
K164E,-6.016936348,0.158310542,0
K164D,-4.0336068,0.274170979,0
K164C,-6.21132764,0.146954759,0
K164A,-4.41751599,0.251744103,0
K151Y,-3.260926603,0.319308745,0
K151W,-4.759513797,0.23176557,0
K151V,-1.395383269,0.428288448,0
K151T,-0.856084643,0.459792731,0
K151S,-4.705779805,0.234904556,0
K151R,-6.890391531,0.10728579,0
K151Q,-0.742630743,0.466420383,0
K151P,-6.264685144,0.143837767,0
K151N,-0.932910811,0.455304766,0
K151M,-0.73646064,0.466780823,0
K151L,-3.394473015,0.311507346,0
K151I,-3.163066459,0.325025455,0
K151H,-3.991838142,0.276610985,0
K151G,-4.609471568,0.240530607,0
K151F,-4.592622129,0.241514903,0
K151E,-2.915377395,0.339494741,0
K151D,-4.220952618,0.263226773,0
K151C,-4.204931525,0.264162679,0
K151A,-4.186283998,0.265252014,0
K138Y,-2.949684282,0.337490631,0
K138W,-5.718113712,0.175766906,0
K138V,-3.71539354,0.292760087,0
K138T,-5.425356174,0.192868963,0
K138S,-3.554583482,0.302154151,0
K138R,-5.069822054,0.213638249,0
K138Q,-2.443601952,0.367054512,0
K138P,-4.446072561,0.25007591,0
K138N,-0.661966998,0.471132528,0
K138M,-3.969253429,0.277930319,0
K138L,-4.052770964,0.273051463,0
K138I,-0.708160556,0.468434033,0
K138H,-6.701536022,0.118318188,0
K138G,-4.173751077,0.265984151,0
K138F,-5.426712399,0.192789736,0
K138E,-3.609121585,0.298968191,0
K138D,-4.300094607,0.258603524,0
K138C,-3.809495384,0.287262927,0
K138A,-4.910638943,0.222937271,0
K117Y,-4.918146165,0.222498721,0
K117W,-5.23785402,0.203822303,0
K117V,-6.043114528,0.156781288,0
K117T,-3.118799926,0.327611379,0
K117S,-4.723456904,0.23387191,0
K117R,-6.915338577,0.105828455,0
K117Q,-0.820914718,0.461847257,0
K117P,-5.467619788,0.190400044,0
K117N,-0.521694296,0.479326858,0
K117M,-0.800419599,0.463044523,0
K117L,-3.094727619,0.329017614,0
K117I,-1.791719616,0.405135613,0
K117H,-4.440490205,0.250402015,0
K117G,-4.207033677,0.264039877,0
K117F,-4.146571743,0.26757189,0
K117E,-0.926612527,0.455672694,0
K117D,-3.9316742,0.28012559,0
K117C,-1.49230262,0.422626697,0
K117A,-4.320683036,0.257400807,0
K114Y,-2.177681627,0.382588817,0
K114W,-3.691177067,0.294174744,0
K114V,-4.306154827,0.258249503,0
K114T,-3.310051212,0.316439026,0
K114S,-4.512146492,0.24621606,0
K114R,-3.502326536,0.305206852,0
K114Q,-0.692052319,0.46937503,0
K114P,-5.251256599,0.203039362,0
K114N,-0.463265974,0.482740073,0
K114M,-5.659822632,0.179172104,0
K114L,-4.000625264,0.276097666,0
K114I,-0.608364296,0.474263845,0
K114H,-5.272733215,0.20178476,0
K114G,-2.604335894,0.357664896,0
K114F,-2.649794527,0.355009332,0
K114E,-8.350965896,0.021963215,0
K114D,-1.910826014,0.398177758,0
K114C,-4.493971277,0.247277804,0
K114A,-3.390404064,0.311745042,0
I103Y,8.023244587,0.978497736,1
I103W,7.632568057,0.955675531,1
I103V,-6.732375193,0.116516652,0
I103T,-5.451543889,0.191339152,0
I103S,-0.952240532,0.454175579,0
I103R,-1.48475891,0.423067379,0
I103Q,3.173588003,0.695194676,1
I103P,-3.252891863,0.319778112,0
I103N,-0.411349357,0.485772894,0
I103M,-3.178347727,0.324132767,0
I103L,-1.599878669,0.416342412,0
I103K,0.636438173,0.546981643,0
I103H,-2.032786107,0.391053199,0
I103G,-4.028373045,0.27447672,0
I103F,-0.411025156,0.485791833,0
I103E,-0.298044788,0.492391822,0
I103D,-3.700548278,0.293627305,0
I103C,-1.254162058,0.436538187,0
I103A,-2.884986346,0.341270099,0
I95Y,-3.911838429,0.281284339,0
I95W,-2.650665253,0.354958467,0
I95V,-7.364498197,0.079589835,0
I95T,-6.301450432,0.141690044,0
I95S,-6.166599617,0.149567642,0
I95R,-5.112987471,0.211116649,0
I95Q,-4.168582049,0.266286111,0
I95P,-1.197915547,0.439823948,0
I95N,-0.923677839,0.45584413,0
I95M,-2.799438575,0.346267555,0
I95L,-1.50418928,0.421932313,0
I95K,-2.171507472,0.382949493,0
I95H,-3.102755738,0.328548634,0
I95G,-4.913571337,0.222765969,0
I95F,0.265071772,0.52528748,0
I95E,-4.947345336,0.220792989,0
I95D,-4.548508878,0.244091873,0
I95C,-3.379628698,0.312374508,0
I95A,-4.526965542,0.245350373,0
I90Y,-3.633159466,0.297563966,0
I90W,-5.081199945,0.212973585,0
I90V,-3.441995833,0.308731199,0
I90T,-4.810511299,0.228786441,0
I90S,-5.126164656,0.210346876,0
I90R,-6.070909292,0.155157597,0
I90Q,-3.766401914,0.289780324,0
I90P,-4.447277872,0.250005499,0
I90N,-0.663083928,0.47106728,0
I90M,-6.155198143,0.150233684,0
I90L,-5.600596724,0.182631912,0
I90K,-3.823337316,0.286454321,0
I90H,-3.98043598,0.277277066,0
I90G,-4.524885448,0.245471886,0
I90F,-0.376722047,0.487795722,0
I90E,-3.95549396,0.278734108,0
I90D,-5.712643335,0.176086469,0
I90C,0.137563443,0.517838809,0
I90A,-5.886029079,0.16595777,0
I89Y,-3.163007884,0.325028877,0
I89W,-2.154846244,0.383922795,0
I89V,-1.539175254,0.419888532,0
I89T,-6.747489029,0.115633745,0
I89S,-3.231465255,0.321029793,0
I89R,-4.250168004,0.261520093,0
I89Q,-5.171831006,0.207679178,0
I89P,-4.094964825,0.270586619,0
I89N,-0.708476165,0.468415596,0
I89M,-1.49523022,0.422455675,0
I89L,-3.768560843,0.289654205,0
I89K,-2.774172842,0.347743507,0
I89H,-4.419965064,0.251601035,0
I89G,-5.140323371,0.209519764,0
I89F,0.428945999,0.534860544,0
I89E,-4.801993738,0.229284013,0
I89D,-2.451380776,0.366600096,0
I89C,-4.985017588,0.218592283,0
I89A,-5.129250943,0.210166584,0
I86Y,-3.085669874,0.329546742,0
I86W,2.20751103,0.638759223,0
I86V,-6.098618389,0.153538911,0
I86T,-6.282451555,0.142799904,0
I86S,-0.365254003,0.488465652,0
I86R,-4.556091175,0.243648937,0
I86Q,-2.166916935,0.383217659,0
I86P,-2.952948864,0.337299923,0
I86N,-0.488146052,0.481286651,0
I86M,-3.412478374,0.310455524,0
I86L,-4.414984396,0.251891991,0
I86K,-4.119463125,0.269155498,0
I86H,-2.4237291,0.368215428,0
I86G,-4.07993065,0.271464872,0
I86F,0.038338228,0.512042356,0
I86E,-5.410163325,0.193756486,0
I86D,-1.486980235,0.422937616,0
I86C,-4.213349412,0.26367093,0
I86A,-5.493946716,0.1888621,0
I84Y,-2.794187389,0.346574314,0
I84W,-4.530445098,0.245147107,0
I84V,-4.043919918,0.273568516,0
I84T,-5.452433611,0.191287177,0
I84S,-0.796407851,0.463278878,0
I84R,2.544570468,0.658449271,1
I84Q,-2.600367668,0.357896708,0
I84P,-4.897049361,0.223731135,0
I84N,-0.561513229,0.47700075,0
I84M,-3.684306817,0.294576085,0
I84L,-6.996406117,0.101092721,0
I84K,-2.02902242,0.391273062,0
I84H,-3.137272504,0.326532264,0
I84G,-5.066821322,0.213813543,0
I84F,-0.570026194,0.476503447,0
I84E,-2.106717757,0.386734323,0
I84D,-1.963012563,0.395129169,0
I84C,1.438739309,0.593849779,0
I84A,-2.909916535,0.339813749,0
I83Y,-4.587735047,0.241800393,0
I83W,-5.82746649,0.169378829,0
I83V,-1.787573843,0.405377797,0
I83T,-3.401559638,0.311093366,0
I83S,-5.907132141,0.16472499,0
I83R,-3.710521811,0.29304468,0
I83Q,-6.261975396,0.143996062,0
I83P,-4.816452364,0.228439381,0
I83N,-0.524160668,0.47918278,0
I83M,-6.14280383,0.150957724,0
I83L,-3.306448781,0.31664947,0
I83K,-3.425583302,0.309689972,0
I83H,-3.955860576,0.278712691,0
I83G,-4.904796868,0.223278548,0
I83F,-0.559487087,0.477119111,0
I83E,-4.587250699,0.241828687,0
I83D,-5.019031718,0.216605275,0
I83C,-5.547603746,0.18572761,0
I83A,-3.451677533,0.308165622,0
I74Y,-2.612758721,0.357172858,0
I74W,-6.348139162,0.138962622,0
I74V,-3.577956097,0.300788789,0
I74T,-7.077981958,0.096327294,0
I74S,-4.113983759,0.269475587,0
I74R,-3.486337401,0.306140891,0
I74Q,-5.307458398,0.199756214,0
I74P,-4.13039345,0.26851698,0
I74N,-0.384412089,0.487346492,0
I74M,-6.665873194,0.120401509,0
I74L,-2.738661048,0.349818004,0
I74K,-3.080748001,0.329834263,0
I74H,-5.51843813,0.187431382,0
I74G,-3.265356305,0.319049975,0
I74F,-0.691642079,0.469398995,0
I74E,-4.3719722,0.254404641,0
I74D,-4.958804005,0.220123606,0
I74C,-4.943245799,0.221032472,0
I74A,-4.941128436,0.221156162,0
I72Y,-4.754727519,0.23204517,0
I72W,-4.849902323,0.226485331,0
I72V,-4.955813719,0.22029829,0
I72T,-3.58579303,0.300330978,0
I72S,-1.484216645,0.423099057,0
I72R,-5.401743059,0.194248374,0
I72Q,-3.337597968,0.314829823,0
I72P,-5.405694524,0.194017541,0
I72N,-0.373664479,0.487974336,0
I72M,-3.549319701,0.302461646,0
I72L,-1.582309268,0.417368766,0
I72K,-3.426827456,0.309617292,0
I72H,-3.321644694,0.315761768,0
I72G,-5.69823459,0.176928187,0
I72F,-0.259517327,0.494642486,0
I72E,-5.770724828,0.172693515,0
I72D,-3.510340273,0.304738712,0
I72C,-4.908985433,0.223033864,0
I72A,-4.270946815,0.260306255,0
I56Y,8.352252081,0.997717412,1
I56W,4.046762529,0.746203033,1
I56V,1.661225251,0.606846772,0
I56T,0.244177965,0.524066924,0
I56S,2.332585575,0.646065721,0
I56R,0.999592829,0.568196099,0
I56Q,6.372723645,0.882079026,1
I56P,0.562461194,0.542660119,0
I56N,0.739954981,0.553028799,0
I56M,1.268443626,0.583901593,0
I56L,-0.015596319,0.508891654,0
I56K,4.69659153,0.784164184,1
I56H,3.220155289,0.697915003,1
I56G,2.236367705,0.640444948,0
I56F,2.015458183,0.627540046,0
I56E,3.570722142,0.718394116,1
I56D,5.177229128,0.812241657,1
I56C,-0.820856605,0.461850652,0
I56A,2.821088606,0.67460267,1
I53Y,-3.550158024,0.302412673,0
I53W,-4.51778385,0.245886741,0
I53V,-6.388754744,0.136589976,0
I53T,-4.020141933,0.274957558,0
I53S,-1.074234227,0.447049056,0
I53R,-4.84023789,0.227049899,0
I53Q,2.140533095,0.634846564,0
I53P,-3.922909329,0.280637609,0
I53N,-0.764835604,0.465123239,0
I53M,-2.522051681,0.362471704,0
I53L,-1.984685846,0.393863078,0
I53K,-4.037609343,0.273937162,0
I53H,0.118844203,0.516745284,0
I53G,-0.760371291,0.465384031,0
I53F,-0.040963493,0.507409776,0
I53E,-2.573606406,0.359460024,0
I53D,-4.406785108,0.25237097,0
I53C,-5.792268481,0.171434996,0
I53A,-2.562793379,0.36009169,0
I347Y,2.216516316,0.639285287,0
I347W,6.04937624,0.863189995,1
I347V,-5.857327976,0.167634407,0
I347T,-5.497290774,0.18866675,0
I347S,-0.33848891,0.490029192,0
I347R,-3.532293872,0.303456246,0
I347Q,-3.027992976,0.332916061,0
I347P,-4.040719952,0.273755449,0
I347N,-0.751244976,0.465917164,0
I347M,-3.272347645,0.318641561,0
I347L,-1.232353525,0.43781218,0
I347K,-3.260239929,0.319348859,0
I347H,-2.039720409,0.390648116,0
I347G,-3.890327502,0.282540946,0
I347F,-0.055963973,0.506533491,0
I347E,-3.528761552,0.303662594,0
I347D,-4.255762182,0.261193297,0
I347C,-2.456675591,0.366290788,0
I347A,-3.401787359,0.311080063,0
I324Y,-2.300978599,0.375386161,0
I324W,-3.54260353,0.302853985,0
I324V,-6.775494265,0.113997759,0
I324T,-5.536579673,0.186371605,0
I324S,-1.561402195,0.418590098,0
I324R,-6.312042912,0.141071261,0
I324Q,-3.927364626,0.280377343,0
I324P,-3.655521263,0.296257654,0
I324N,-0.84958341,0.460172514,0
I324M,-5.152766914,0.208792848,0
I324L,-1.438429204,0.425773828,0
I324K,-4.789835941,0.229994237,0
I324H,-6.132404838,0.151565204,0
I324G,-4.660588443,0.237544506,0
I324F,-0.054951464,0.506592639,0
I324E,-6.100297721,0.153440809,0
I324D,-3.585933146,0.300322793,0
I324C,-4.88348203,0.2245237,0
I324A,-4.353551931,0.2554807,0
I302Y,-4.104767206,0.270013992,0
I302W,-3.724615503,0.292221366,0
I302V,-7.168898687,0.091016199,0
I302T,-7.241730394,0.086761579,0
I302S,-7.801355884,0.054069859,0
I302R,-2.386412966,0.370395329,0
I302Q,-4.212681019,0.263709976,0
I302P,-4.246525956,0.261732851,0
I302N,-0.36030578,0.488754713,0
I302M,-4.530441882,0.245147295,0
I302L,-2.823571191,0.344857797,0
I302K,-2.88992286,0.340981722,0
I302H,-4.36304272,0.254926275,0
I302G,-5.199817844,0.206044267,0
I302F,-0.372785032,0.488025711,0
I302E,-4.710868897,0.234607265,0
I302D,-3.245768766,0.320194223,0
I302C,-4.576657122,0.242447533,0
I302A,-5.633037472,0.180736816,0
I256Y,-3.343247196,0.314499812,0
I256W,-3.800383945,0.287795191,0
I256V,-8.72693801,0.0,0
I256T,-5.961527137,0.16154739,0
I256S,-3.166486702,0.324825654,0
I256R,-3.062346486,0.330909227,0
I256Q,-7.390986464,0.078042466,0
I256P,-5.199533604,0.206060872,0
I256N,-0.399607107,0.486458842,0
I256M,-5.456380182,0.191056629,0
I256L,-4.075506951,0.271723292,0
I256K,-2.282757325,0.376450595,0
I256H,-4.861247893,0.225822555,0
I256G,-3.996551765,0.276335628,0
I256F,-0.565862321,0.476746688,0
I256E,-3.030370015,0.332777201,0
I256D,-3.60821189,0.299021332,0
I256C,-4.123279946,0.268932531,0
I256A,-1.913599678,0.398015729,0
I255Y,-3.727548264,0.292050043,0
I255W,-3.49247007,0.305782638,0
I255V,-8.246211332,0.028082677,0
I255T,-6.09121949,0.153971134,0
I255S,-1.671286779,0.412170955,0
I255R,-5.011112923,0.217067869,0
I255Q,-4.298859502,0.258675675,0
I255P,-3.151303754,0.325712598,0
I255N,-0.697318778,0.469067378,0
I255M,-5.345441391,0.197537356,0
I255L,-4.115381605,0.269393929,0
I255K,-2.649884766,0.355004061,0
I255H,-5.711290291,0.17616551,0
I255G,-4.42077219,0.251553885,0
I255F,-0.468837907,0.482414577,0
I255E,-5.58537955,0.183520856,0
I255D,-4.156828276,0.266972733,0
I255C,-1.067187204,0.447460723,0
I255A,-1.989813271,0.393563549,0
I31Y,-2.889611156,0.340999931,0
I31W,-0.129474614,0.50223921,0
I31V,-6.455072551,0.132715879,0
I31T,-5.243553777,0.203489339,0
I31S,-3.028578294,0.332881868,0
I31R,-3.615962573,0.29856856,0
I31Q,-4.267064416,0.260533053,0
I31P,-3.896248244,0.282195073,0
I31N,-0.691408302,0.469412652,0
I31M,-4.072380939,0.271905905,0
I31L,-5.399489019,0.194380048,0
I31K,-3.102088792,0.328587596,0
I31H,-1.427794361,0.426395085,0
I31G,-4.570205984,0.24282439,0
I31F,-0.404469682,0.486174785,0
I31E,-4.530392108,0.245150203,0
I31D,-0.765215192,0.465101064,0
I31C,-3.753310079,0.290545111,0
I31A,-5.743036156,0.174311008,0
I243Y,-4.753598001,0.232111153,0
I243W,-6.029974715,0.157548878,0
I243V,-4.926590852,0.222005406,0
I243T,-4.911552821,0.222883885,0
I243S,-0.991176652,0.451901042,0
I243R,-7.540404146,0.069313913,0
I243Q,-4.619593572,0.239939309,0
I243P,-4.445302754,0.25012088,0
I243N,-0.4050693,0.486139757,0
I243M,-3.142793838,0.326209723,0
I243K,-3.332638754,0.315119527,0
I243H,-2.761801922,0.348466181,0
I243G,-4.713362133,0.234461618,0
I243F,-0.333079271,0.490345208,0
I243E,-2.835753525,0.34414614,0
I243D,-3.962242885,0.278339855,0
I243C,-2.500915849,0.363706399,0
I243A,-5.168400956,0.207879552,0
I240Y,-2.777130026,0.347570757,0
I240W,-5.099743726,0.211890311,0
I240T,-6.115697251,0.152541213,0
I240S,-6.614753343,0.123387784,0
I240R,-7.320030282,0.082187524,0
I240Q,-4.262934115,0.260774334,0
I240P,-3.553232925,0.302233046,0
I240N,-0.600868494,0.474701728,0
I240M,-3.214178897,0.322039612,0
I240L,-4.949600329,0.220661258,0
I240K,-3.190233822,0.323438415,0
I240H,-3.44424192,0.308599989,0
I240G,-2.416669542,0.368627827,0
I240F,-0.325016491,0.490816213,0
I240E,-4.665011391,0.23728613,0
I240D,-3.726263745,0.292125081,0
I240C,-2.765147187,0.34827076,0
I240A,-4.670548644,0.236962659,0
I227Y,-4.376906693,0.254116382,0
I227W,-5.179771782,0.207215301,0
I227V,-5.588203923,0.183355864,0
I227T,-4.33844904,0.256362968,0
I227S,-1.141979691,0.44309156,0
I227R,-4.394022487,0.253116526,0
I227Q,-3.380206866,0.312340734,0
I227P,-3.695537791,0.293920003,0
I227N,-0.659718721,0.471263866,0
I227M,-3.276912699,0.318374883,0
I227L,-1.961238995,0.395232776,0
I227K,-3.294562195,0.31734385,0
I227H,-4.181225809,0.265547499,0
I227G,-6.753970614,0.11525511,0
I227F,-0.150243771,0.501025935,0
I227E,-4.740945899,0.232850253,0
I227D,-2.813812465,0.345427874,0
I227C,-4.22356523,0.263074151,0
I227A,-4.753983605,0.232088628,0
I217Y,-3.363719449,0.313303881,0
I217W,-3.759704359,0.290171576,0
I217V,-8.194045951,0.031130029,0
I217T,-6.297936675,0.141895307,0
I217S,-1.211565321,0.439026567,0
I217R,-3.807006908,0.287408296,0
I217Q,-4.598593991,0.241166044,0
I217P,-4.301114684,0.258543934,0
I217N,-0.548645868,0.477752424,0
I217M,-1.929365235,0.39709475,0
I217L,-4.277778872,0.259907145,0
I217K,-2.000153146,0.392959523,0
I217H,-2.839217124,0.343943806,0
I217G,-3.494077415,0.305688742,0
I217F,-0.550923141,0.477619393,0
I217E,-4.314924691,0.257737193,0
I217D,-4.569571049,0.242861481,0
I217C,-2.61625443,0.356968649,0
I217A,-3.145905009,0.326027978,0
I211Y,-2.663871639,0.354186988,0
I211W,-4.656533602,0.237781378,0
I211V,-3.991718279,0.276617987,0
I211T,-4.593536395,0.241461494,0
I211S,-7.243933748,0.086632865,0
I211R,-4.384077971,0.253697456,0
I211Q,-4.709097802,0.234710728,0
I211P,-4.38155071,0.253845092,0
I211N,-0.632592857,0.472848482,0
I211M,-3.745697467,0.290989818,0
I211L,-5.297279619,0.200350829,0
I211K,-0.99719257,0.45154961,0
I211H,-3.793352395,0.288205954,0
I211G,-3.847045469,0.285069358,0
I211F,-0.813156852,0.46230045,0
I211E,-3.721882742,0.292381007,0
I211D,-2.701521281,0.351987603,0
I211C,-2.835933996,0.344135597,0
I211A,-4.267793629,0.260490455,0
I209Y,-1.522613649,0.420856014,0
I209W,-2.831189972,0.344412729,0
I209V,-4.68626694,0.236044441,0
I209T,-7.124564692,0.093606064,0
I209S,-1.976507712,0.394340821,0
I209R,-4.096239939,0.27051213,0
I209Q,-2.424396643,0.368176432,0
I209P,-4.912236217,0.222843963,0
I209N,-0.725114488,0.467443633,0
I209M,-6.95936697,0.103256442,0
I209L,-6.539231576,0.12779955,0
I209K,-2.321826657,0.374168277,0
I209H,-4.357826791,0.255230975,0
I209G,-2.679869489,0.353252439,0
I209F,-0.512862372,0.479842794,0
I209E,-3.716496241,0.292695671,0
I209D,-2.650751347,0.354953438,0
I209C,-3.671947904,0.295298057,0
I209A,-4.927812243,0.221934056,0
I198Y,-4.589756764,0.24168229,0
I198W,-2.341876585,0.372997017,0
I198V,-2.118082373,0.386070435,0
I198T,-5.021953406,0.216434599,0
I198S,-1.050704511,0.448423595,0
I198R,-3.940215174,0.279626651,0
I198Q,-5.298827275,0.200260419,0
I198P,-4.274248063,0.260113405,0
I198N,-0.990555923,0.451937304,0
I198M,-5.071404512,0.213545806,0
I198L,-3.033787468,0.332577563,0
I198K,-3.308208562,0.316546668,0
I198H,-1.468114753,0.424039683,0
I198G,-5.474069743,0.190023256,0
I198F,-0.094716135,0.5042697,0
I198E,-4.931654305,0.221709614,0
I198D,-4.600484595,0.2410556,0
I198C,-4.455028652,0.24955272,0
I198A,-6.018892515,0.158196269,0
I165Y,-3.677478918,0.294974951,0
I165W,-4.514799169,0.246061098,0
I165V,-4.099116138,0.270344111,0
I165T,-2.81269424,0.345493197,0
I165S,-5.577360186,0.183989324,0
I165R,-5.872709535,0.16673586,0
I165Q,-4.763359079,0.231540939,0
I165P,-5.068937613,0.213689916,0
I165N,-0.442687573,0.483942205,0
I165M,-5.475234821,0.189955195,0
I165L,-4.382673442,0.253779505,0
I165K,-2.069349163,0.388917289,0
I165H,-4.241376178,0.262033687,0
I165G,-4.836993085,0.227239451,0
I165F,-0.281690799,0.493347176,0
I165E,-3.973410707,0.277687463,0
I165D,-4.638329681,0.238844799,0
I165C,-4.09089689,0.270824256,0
I165A,-5.651077315,0.17968298,0
I140Y,-3.248600374,0.320028808,0
I140W,-4.645611971,0.238419388,0
I140V,-6.628381489,0.122591667,0
I140T,-5.209004055,0.205507635,0
I140S,-2.45748436,0.366243542,0
I140R,-2.337931892,0.373227455,0
I140Q,-4.052021281,0.273095258,0
I140P,-3.898812755,0.282045261,0
I140N,-0.615249451,0.473861634,0
I140M,-3.662598256,0.295844237,0
I140L,-1.832020243,0.402781366,0
I140K,-2.561810183,0.360149126,0
I140H,-2.961892064,0.336777487,0
I140G,-3.584067616,0.300431772,0
I140F,-0.588455645,0.475426851,0
I140E,-3.503988913,0.305109741,0
I140D,-2.765133156,0.34827158,0
I140C,-6.098230294,0.153561583,0
I140A,-5.555146984,0.185286956,0
I133Y,-3.32003394,0.315855864,0
I133W,-4.043221061,0.273609341,0
I133V,-4.85187475,0.226370107,0
I133T,-4.350333338,0.255668721,0
I133S,-3.235227504,0.320810013,0
I133R,-5.020304714,0.21653091,0
I133Q,-3.632193404,0.297620401,0
I133P,-5.386393915,0.195145027,0
I133N,-0.336881548,0.49012309,0
I133M,-1.399497826,0.428048088,0
I133L,-1.152605294,0.442470843,0
I133K,-2.968354907,0.336399946,0
I133H,-4.42860694,0.251096201,0
I133G,-4.796581072,0.229600205,0
I133F,0.371168596,0.531485353,0
I133E,-4.966909564,0.219650102,0
I133D,-3.735018173,0.291613672,0
I133C,-2.586888858,0.358684101,0
I133A,-5.696772477,0.177013599,0
I126Y,-5.6474983,0.179892056,0
I126W,-3.679699558,0.294845227,0
I126V,1.292975417,0.58533467,0
I126T,-7.869730851,0.050075589,0
I126S,-2.667442269,0.353978402,0
I126R,-6.542050216,0.127634893,0
I126Q,-2.367237111,0.371515528,0
I126P,-3.499736019,0.305358182,0
I126N,-0.889152151,0.457861022,0
I126M,-3.025006617,0.333090516,0
I126L,-4.148196266,0.26747699,0
I126K,-3.942899608,0.279469834,0
I126H,-3.579855374,0.300677839,0
I126G,-4.060582696,0.272595124,0
I126F,-0.337462262,0.490089166,0
I126E,-3.396437172,0.311392605,0
I126D,-4.679343411,0.236448894,0
I126C,-4.862142978,0.225770266,0
I126A,-5.206369308,0.205661549,0
H80Y,-2.341590511,0.373013729,0
H80W,-4.632505195,0.239185049,0
H80V,-3.509405166,0.304793339,0
H80T,-6.389150267,0.13656687,0
H80S,-5.115141668,0.210990807,0
H80R,-6.760512512,0.114872951,0
H80Q,-0.696437915,0.469118836,0
H80P,-6.745507584,0.115749496,0
H80N,-0.681482506,0.469992488,0
H80M,-6.842545675,0.110080808,0
H80L,-0.819104332,0.461953015,0
H80K,-4.437639816,0.250568526,0
H80I,-4.971707082,0.219369845,0
H80G,-4.582941663,0.242080408,0
H80F,-6.334369232,0.139767022,0
H80E,-3.27639016,0.318405408,0
H80D,-3.904660099,0.281703676,0
H80C,-5.138745889,0.209611916,0
H80A,-5.704375632,0.176569445,0
H61Y,1.153989462,0.577215508,0
H61W,1.08925188,0.573433724,0
H61V,-3.109163844,0.328174291,0
H61T,2.108708234,0.632987447,0
H61S,-3.3159604,0.316093828,0
H61R,-1.615847765,0.415409543,0
H61Q,-0.15737136,0.500609561,0
H61P,-0.165063597,0.500160203,0
H61N,0.664888682,0.54864364,0
H61M,-2.775765522,0.347650467,0
H61L,-0.811359785,0.462405429,0
H61K,-1.409173307,0.427482874,0
H61I,-3.002608502,0.334398949,0
H61G,-4.96178159,0.219949664,0
H61E,-1.893857641,0.399169002,0
H61D,-2.967929535,0.336424795,0
H61C,-3.200921386,0.322814078,0
H61A,-3.833610751,0.285854176,0
H310Y,-1.766498141,0.40660898,0
H310W,-2.005110967,0.392669901,0
H310V,-4.025776816,0.274628384,0
H310T,-5.169788588,0.20779849,0
H310S,-5.353072085,0.197091593,0
H310R,-4.836369272,0.227275893,0
H310Q,-1.02585056,0.449875492,0
H310P,-1.616608155,0.415365124,0
H310N,-1.770613111,0.406368595,0
H310M,-4.802158626,0.229274381,0
H310L,-0.623949968,0.473353374,0
H310K,-4.504153916,0.246682963,0
H310I,-3.199272982,0.322910373,0
H310G,-4.556146514,0.243645704,0
H310F,-3.739921486,0.291327235,0
H310E,-4.26137096,0.260865649,0
H310D,-4.768716475,0.231227975,0
H310C,-3.23036081,0.321094311,0
H310A,-4.698605121,0.23532368,0
H299Y,-2.044363584,0.390376875,0
H299W,-5.047735155,0.214928503,0
H299V,-3.846200945,0.285118693,0
H299T,-1.517977016,0.421126872,0
H299S,-4.175171417,0.265901179,0
H299R,-3.486842372,0.306111392,0
H299Q,-1.905792923,0.398471777,0
H299P,-5.351298788,0.197195184,0
H299N,-1.080528162,0.446681383,0
H299M,-4.675730203,0.236659967,0
H299L,-0.477282771,0.481921252,0
H299K,-4.637148172,0.238913819,0
H299I,-4.031358965,0.274302291,0
H299G,-2.391713161,0.370085707,0
H299F,-5.154353994,0.208700135,0
H299E,-6.460008641,0.132427527,0
H299D,-2.698380801,0.352171061,0
H299C,-6.867313817,0.108633924,0
H299A,-3.8268702,0.28624794,0
H269Y,-1.890261333,0.399379088,0
H269W,-4.819338431,0.228270786,0
H269V,-3.634006527,0.297514484,0
H269T,-1.751794524,0.407467923,0
H269S,-3.736103434,0.291550274,0
H269R,-7.490490674,0.072229715,0
H269Q,-1.255577298,0.436455513,0
H269P,-2.047050411,0.390219919,0
H269N,0.387970091,0.532466849,0
H269M,-4.350719248,0.255646177,0
H269L,-0.419477611,0.485298064,0
H269K,-3.66629035,0.295628555,0
H269I,-3.083538232,0.329671266,0
H269G,-3.786338072,0.288615711,0
H269F,-6.428866027,0.134246789,0
H269E,-3.038264015,0.332316056,0
H269D,-2.838657259,0.343976512,0
H269C,-3.305707142,0.316692794,0
H269A,-5.907943014,0.164677621,0
H239Y,-3.115559344,0.327800684,0
H239V,-6.577635102,0.125556126,0
H239S,-4.840380648,0.22704156,0
H239R,-5.489036069,0.189148966,0
H239Q,-0.417926211,0.485388693,0
H239P,-3.313909823,0.316213617,0
H239N,-1.129782172,0.443804104,0
H239M,-2.429670306,0.367868359,0
H239L,-0.676007404,0.470312328,0
H239K,-4.008073007,0.27566259,0
H239I,-3.595013524,0.299792343,0
H239G,-0.744041873,0.466337949,0
H239F,-4.343166062,0.256087413,0
H239E,-3.799422913,0.287851332,0
H239D,-2.698116415,0.352186506,0
H239C,-3.379317694,0.312392676,0
H239A,-4.616807083,0.240102087,0
H232Y,-1.095016064,0.445835041,0
H232W,-4.376325417,0.254150338,0
H232V,-4.945238438,0.220916067,0
H232T,-3.174023955,0.324385349,0
H232S,-5.274380131,0.201688552,0
H232R,-6.068203376,0.155315669,0
H232Q,-1.801688025,0.404553287,0
H232P,-4.707866549,0.234782654,0
H232N,-1.192974725,0.440112576,0
H232M,-5.805383343,0.170668863,0
H232L,-0.088293781,0.504644876,0
H232K,-4.348505731,0.255775485,0
H232I,-4.269982167,0.260362607,0
H232G,-5.466716415,0.190452816,0
H232F,-4.559378125,0.243456923,0
H232E,-5.179143227,0.207252019,0
H232D,-2.99873701,0.334625111,0
H232C,-5.355558426,0.196946348,0
H232A,-3.422280169,0.309882932,0
H180Y,-2.462706522,0.365938478,0
H180W,-2.00486785,0.392684103,0
H180V,-5.93843447,0.162896397,0
H180T,-3.072143369,0.330336921,0
H180S,-4.967984366,0.219587315,0
H180R,-4.710723072,0.234615784,0
H180Q,-0.538159237,0.478365023,0
H180P,-3.501022846,0.30528301,0
H180N,-1.309836276,0.433285859,0
H180M,-4.680007806,0.236410082,0
H180L,-0.168655844,0.499950354,0
H180K,-3.974554679,0.277620635,0
H180I,-1.704583269,0.410225869,0
H180G,-2.737093977,0.349909548,0
H180F,-5.372103515,0.195979831,0
H180E,-3.658485239,0.296084507,0
H180D,-2.926287931,0.338857379,0
H180C,-4.1494686,0.267402664,0
H180A,-3.197185171,0.323032337,0
H178Y,-2.207926844,0.380821978,0
H178W,-5.539510136,0.186200415,0
H178V,-4.158201023,0.266892541,0
H178T,-3.828336216,0.286162299,0
H178S,-4.856269139,0.226113399,0
H178R,-2.518669416,0.362669286,0
H178Q,-1.261514593,0.436108673,0
H178P,-1.857339459,0.40130229,0
H178N,-1.630012732,0.414582067,0
H178M,-3.89326137,0.282369558,0
H178L,-0.217172818,0.497116131,0
H178K,-2.98513466,0.335419721,0
H178I,-3.980720648,0.277260437,0
H178G,-2.528754663,0.362080135,0
H178F,-2.699974242,0.352077977,0
H178E,-3.8363434,0.285694542,0
H178D,-3.128315787,0.32705549,0
H178C,-5.368864804,0.196169027,0
H178A,-5.761818461,0.173213799,0
H147Y,-2.081212534,0.388224265,0
H147W,-4.765214042,0.231432578,0
H147V,-5.320570093,0.198990266,0
H147T,-1.709446726,0.40994176,0
H147S,-6.043263562,0.156772582,0
H147R,-5.24900053,0.203171155,0
H147Q,-0.401664211,0.486338672,0
H147P,-2.576723142,0.359277953,0
H147N,-1.513944171,0.42136246,0
H147M,-5.109757502,0.211305335,0
H147L,-0.648849013,0.471898843,0
H147K,-3.582128533,0.300545048,0
H147I,-2.757084737,0.348741745,0
H147G,-6.196607848,0.147814647,0
H147F,-2.282918695,0.376441169,0
H147E,-4.895648054,0.223812996,0
H147D,-3.046280576,0.331847752,0
H147C,-1.904165479,0.398566848,0
H147A,-4.342988748,0.256097771,0
H141Y,-3.611281621,0.298842008,0
H141W,-4.797044013,0.229573162,0
H141V,-3.065627772,0.330717544,0
H141T,-3.16318755,0.325018381,0
H141S,-1.559479702,0.418702404,0
H141R,-6.459518219,0.132456176,0
H141Q,-2.683805136,0.35302253,0
H141P,-1.631591867,0.414489818,0
H141N,-0.508306201,0.480108952,0
H141M,-3.444302614,0.308596443,0
H141L,-0.490823983,0.481130213,0
H141K,-3.974609517,0.277617432,0
H141I,-4.129078186,0.268593814,0
H141G,-5.567996735,0.18453631,0
H141F,-5.018355433,0.216644782,0
H141E,-4.376335808,0.254149731,0
H141D,-6.937381976,0.104540743,0
H141C,-3.060603276,0.331011061,0
H141A,-4.084000072,0.271227148,0
H125Y,-4.605809886,0.240744512,0
H125W,-4.945595307,0.22089522,0
H125V,-4.868349438,0.225407703,0
H125T,-5.710763903,0.17619626,0
H125S,-6.478806333,0.131329419,0
H125R,-7.892627948,0.048738006,0
H125Q,-0.825352391,0.461588021,0
H125P,-7.554496851,0.068490658,0
H125N,-2.012867562,0.392216783,0
H125M,-5.630564608,0.180881274,0
H125L,-0.821885093,0.461790571,0
H125K,-4.433931999,0.250785127,0
H125I,-4.881233766,0.224655037,0
H125G,-3.710949453,0.293019698,0
H125F,-5.058358294,0.214307929,0
H125E,-4.471719977,0.248577661,0
H125D,-3.17838726,0.324130457,0
H125C,-3.712925311,0.292904274,0
H125A,-4.078221387,0.271564723,0
H120Y,-0.520960464,0.479369726,0
H120W,-2.946491926,0.337677119,0
H120V,-4.924510966,0.222126907,0
H120T,-2.965398294,0.336572663,0
H120S,-3.59029585,0.300067936,0
H120R,-2.23636012,0.379160987,0
H120Q,-0.519177361,0.47947389,0
H120P,-0.575933201,0.476158376,0
H120N,0.100791595,0.515690703,0
H120M,0.341465921,0.529750208,0
H120L,-0.138551413,0.501708969,0
H120K,-0.776279962,0.464454692,0
H120I,-1.076957877,0.446889949,0
H120G,-3.106735593,0.328316143,0
H120F,-5.171394125,0.207704699,0
H120E,-2.770274804,0.347971219,0
H120D,-3.874105295,0.283488601,0
H120C,-5.067511818,0.213773207,0
H120A,0.90746632,0.562814332,0
G16Y,-3.798641686,0.287896969,0
G16W,-2.457371964,0.366250108,0
G16V,0.435061803,0.535217812,0
G16T,-2.932636806,0.338486496,0
G16S,-3.257337684,0.3195184,0
G16R,-1.14384074,0.442982843,0
G16Q,-3.12540012,0.327225814,0
G16P,-4.415335485,0.251871482,0
G16N,-5.093023686,0.212282876,0
G16M,-3.684695738,0.294553365,0
G16L,-3.607822007,0.299044108,0
G16K,-4.625655114,0.239585211,0
G16I,-1.824802005,0.403203035,0
G16H,-3.168036664,0.32473511,0
G16F,-3.984809518,0.277021577,0
G16E,-2.040702876,0.390590724,0
G16D,-7.937035985,0.046143816,0
G16C,-2.560887873,0.360203005,0
G16A,-2.737213807,0.349902548,0
G85Y,-3.766889323,0.289751851,0
G85W,-5.869980747,0.166895268,0
G85V,-0.403030448,0.486258861,0
G85T,-4.080909285,0.271407703,0
G85S,-0.608042665,0.474282633,0
G85R,-3.454586513,0.307995687,0
G85Q,-0.609700878,0.474185765,0
G85P,-4.250892434,0.261477774,0
G85N,-5.157082559,0.20854074,0
G85M,-1.014668112,0.450528738,0
G85L,-3.752250571,0.290607005,0
G85K,-1.875477704,0.400242705,0
G85I,-1.227148115,0.438116265,0
G85H,-2.434320208,0.367596725,0
G85F,-0.985128121,0.45225438,0
G85E,-3.830510459,0.286035286,0
G85D,-0.911747487,0.456541067,0
G85C,0.019145258,0.510921157,0
G85A,-0.780406122,0.464213654,0
G357Y,-0.315996425,0.491343139,0
G357W,-3.509850548,0.304767321,0
G357V,-0.313449595,0.491491918,0
G357T,-4.664298725,0.237327762,0
G357S,-1.54116676,0.419772194,0
G357R,-1.660617428,0.412794228,0
G357Q,-2.117344919,0.386113515,0
G357P,-4.73369691,0.233273718,0
G357N,-3.509999925,0.304758594,0
G357M,-4.138667249,0.268033648,0
G357L,-3.178389974,0.324130299,0
G357K,-4.396413558,0.252976846,0
G357I,-3.465178255,0.307376948,0
G357H,-4.16294484,0.266615421,0
G357F,-1.85887934,0.401212334,0
G357E,-3.547109726,0.302590746,0
G357D,-0.094225571,0.504298358,0
G357C,-0.573335041,0.476310154,0
G357A,-1.552696106,0.419098683,0
G10Y,-3.888090821,0.282671606,0
G10W,-0.813558681,0.462276976,0
G10V,-0.841509777,0.460644153,0
G10T,-3.659225959,0.296041237,0
G10S,-3.288393605,0.317704201,0
G10R,-1.68925612,0.411121237,0
G10Q,-4.710342748,0.234638002,0
G10P,-5.356804447,0.196873559,0
G10N,-4.135131955,0.26824017,0
G10M,-3.291719395,0.317509918,0
G10L,-3.809543526,0.287260114,0
G10K,-5.855287841,0.167753586,0
G10I,-2.812253087,0.345518968,0
G10H,-3.578083042,0.300781374,0
G10F,-3.408318684,0.310698522,0
G10E,-1.104732919,0.44526741,0
G10D,-4.772043526,0.231033619,0
G10C,-3.425916556,0.309670504,0
G10A,-3.269024267,0.318835703,0
G37Y,-3.275135923,0.318478677,0
G37W,1.199250516,0.579859529,0
G37V,-1.823795517,0.403261831,0
G37T,3.772059351,0.730155659,1
G37S,7.020164442,0.919900664,1
G37R,-1.373533722,0.429564836,0
G37Q,-7.045144174,0.098245583,0
G37P,-2.358116365,0.372048336,0
G37N,0.948563822,0.56521513,0
G37M,-0.916096766,0.456286994,0
G37L,-4.728634677,0.233569439,0
G37K,4.728896261,0.786051334,1
G37I,-4.148219101,0.267475656,0
G37H,-4.747323905,0.232477668,0
G37F,-5.220344235,0.204845174,0
G37E,-1.977404803,0.394288416,0
G37D,3.166875964,0.694802578,1
G37C,5.155942485,0.810998152,1
G37A,7.601416918,0.953855771,1
G34Y,-4.943345595,0.221026642,0
G34W,-1.965010052,0.395012482,0
G34V,-0.835154996,0.461015381,0
G34T,-4.120312332,0.26910589,0
G34S,-4.511511502,0.246253154,0
G34R,-2.741745668,0.34963781,0
G34Q,-3.98515264,0.277001532,0
G34P,-5.164892682,0.208084495,0
G34N,-4.047898822,0.27333608,0
G34M,-4.887282469,0.224301689,0
G34L,-2.961425277,0.336804756,0
G34K,-5.279193738,0.201407354,0
G34I,-3.318874483,0.315923596,0
G34H,-5.223714989,0.204648264,0
G34F,-4.779389224,0.230604504,0
G34E,-1.79986474,0.404659798,0
G34D,-1.834310655,0.402647567,0
G34C,-2.878504846,0.34164873,0
G34A,-1.907811785,0.398353841,0
G32Y,-5.096988351,0.212051272,0
G32W,-4.692496111,0.235680551,0
G32V,-0.475851908,0.482004839,0
G32T,-4.278925267,0.259840176,0
G32S,-2.356566089,0.372138899,0
G32R,-1.97403124,0.39448549,0
G32Q,-5.295728276,0.200441454,0
G32P,-3.396131425,0.311410466,0
G32N,-3.653046283,0.296402236,0
G32M,-5.226021918,0.2045135,0
G32L,-6.421601204,0.134671179,0
G32K,-6.032208171,0.157418406,0
G32I,-2.176213336,0.38267459,0
G32H,-6.179143837,0.148834845,0
G32F,-4.859863999,0.225903398,0
G32E,-4.694774339,0.235547463,0
G32D,-5.969989156,0.161053063,0
G32C,-1.78868766,0.405312731,0
G32A,-4.768502306,0.231240487,0
G245Y,-4.273338869,0.260166518,0
G245W,-4.242384297,0.261974795,0
G245V,-0.942863581,0.454723354,0
G245T,-4.271559245,0.260270478,0
G245S,-1.421847777,0.426742468,0
G245R,-3.021044966,0.333321944,0
G245Q,-6.297982621,0.141892623,0
G245P,-3.436345475,0.309061277,0
G245N,-5.152998445,0.208779322,0
G245M,-3.775689956,0.289237743,0
G245L,-3.675162341,0.295110279,0
G245K,-4.284249248,0.259529165,0
G245I,-4.239323575,0.262153594,0
G245H,-3.166642757,0.324816538,0
G245F,-2.359412046,0.371972646,0
G245E,-3.568048301,0.301367574,0
G245D,-1.220687236,0.438493691,0
G245C,-0.856044628,0.459795068,0
G245A,-2.174990086,0.382746049,0
G242Y,-5.694097631,0.177169856,0
G242W,-2.002444474,0.39282567,0
G242V,-5.278999564,0.201418698,0
G242T,-3.840622602,0.285444564,0
G242S,-1.870635447,0.400525576,0
G242R,-1.670591685,0.41221156,0
G242Q,-3.677525766,0.294972214,0
G242P,-4.347483339,0.25583521,0
G242N,-4.409767111,0.25219677,0
G242M,-3.073813005,0.330239386,0
G242L,-3.491031138,0.305866697,0
G242K,-5.021191156,0.216479127,0
G242I,-4.339938773,0.256275942,0
G242H,-2.364487643,0.371676144,0
G242F,-2.974026891,0.336068605,0
G242E,-4.921151128,0.222323179,0
G242D,-1.098519221,0.445630397,0
G242C,-0.03593483,0.507703536,0
G242A,-1.651147894,0.413347411,0
G230Y,-3.68641209,0.294453101,0
G230W,-3.565593869,0.301510955,0
G230V,-0.622002717,0.473467127,0
G230T,-4.727658115,0.233626487,0
G230S,-2.012491811,0.392238733,0
G230R,-2.39745056,0.369750545,0
G230Q,-4.031856652,0.274273218,0
G230P,-4.289700801,0.2592107,0
G230N,-4.714218883,0.234411569,0
G230M,-2.980367719,0.335698192,0
G230L,-4.245936049,0.261767312,0
G230K,-4.873589753,0.225101579,0
G230I,-5.178002705,0.207318645,0
G230H,-4.576152603,0.242477006,0
G230F,-2.812659318,0.345495237,0
G230E,-4.015700007,0.275217043,0
G230D,-0.434004223,0.484449461,0
G230C,-1.23766582,0.43750185,0
G230A,-4.11199204,0.269591938,0
G215Y,-2.986607699,0.335333671,0
G215W,-2.41721988,0.368595678,0
G215V,-1.3900605,0.428599389,0
G215T,-5.378866815,0.195584739,0
G215S,-4.121414514,0.269041504,0
G215R,-3.193907034,0.323223837,0
G215Q,-4.149670425,0.267390874,0
G215P,-4.071087058,0.27198149,0
G215N,-2.713907088,0.35126406,0
G215M,-4.039431115,0.273830739,0
G215L,-2.818829097,0.345134816,0
G215K,-3.060721837,0.331004135,0
G215I,-3.828022458,0.286180628,0
G215H,-4.165240937,0.26648129,0
G215F,-2.670733698,0.353786126,0
G215E,-2.835442078,0.344164334,0
G215D,-2.676293261,0.353461352,0
G215C,-4.170182966,0.26619259,0
G215A,-3.61670823,0.298525001,0
G204Y,-3.649700842,0.296597667,0
G204W,-1.317188698,0.432856351,0
G204V,-0.366982929,0.488364653,0
G204T,-3.256814998,0.319548933,0
G204S,-2.729165247,0.350372722,0
G204R,-2.472681178,0.365355787,0
G204Q,-4.774218305,0.230906574,0
G204P,-2.576780803,0.359274585,0
G204N,-3.837203055,0.285644324,0
G204M,-2.372213483,0.371224823,0
G204L,-4.245089309,0.261816776,0
G204K,-5.446936164,0.191608322,0
G204I,-4.663911092,0.237350406,0
G204H,-2.549642299,0.360859939,0
G204F,-6.080149536,0.154617809,0
G204E,-2.186795756,0.382056396,0
G204D,-3.735242342,0.291600577,0
G204C,-2.711681114,0.351394095,0
G204A,-1.877587958,0.40011943,0
G182Y,-2.842348832,0.343760861,0
G182W,-1.401182432,0.427949678,0
G182V,-0.583332484,0.475726132,0
G182T,-2.100843286,0.387077493,0
G182S,-3.734333721,0.291653656,0
G182R,-2.282257773,0.376479778,0
G182Q,-5.588946006,0.183312513,0
G182P,-5.823092945,0.169634319,0
G182N,-5.059123628,0.214263221,0
G182M,-4.479042702,0.248149888,0
G182L,-3.248716129,0.320022046,0
G182K,-5.131538393,0.210032957,0
G182I,-4.199376868,0.264487166,0
G182H,-4.848247613,0.226581994,0
G182F,-3.785704525,0.288652721,0
G182E,-1.564514695,0.418408274,0
G182D,-3.520179193,0.304163951,0
G182C,-2.57309061,0.359490156,0
G182A,-3.893911622,0.282331572,0
G169Y,-2.681132664,0.353178648,0
G169W,-3.793249699,0.288211953,0
G169V,-0.674089886,0.470424344,0
G169T,-3.865034699,0.284018479,0
G169S,-2.156804141,0.38380842,0
G169R,-3.038274638,0.332315436,0
G169Q,-4.611353184,0.240420689,0
G169P,-2.428338113,0.367946182,0
G169N,1.690129156,0.608535255,0
G169M,-2.726480865,0.350529536,0
G169L,-4.507281913,0.246500234,0
G169K,-4.367062401,0.254691457,0
G169I,-3.726296036,0.292123195,0
G169H,-3.335683816,0.314941643,0
G169F,-2.824177874,0.344822356,0
G169E,-3.589063471,0.300139928,0
G169D,4.772197368,0.78858086,1
G169C,-0.884518222,0.458131723,0
G169A,-1.8190418,0.403539529,0
G22Y,-4.310536588,0.257993533,0
G22W,-1.306044936,0.433507338,0
G22V,-0.846299375,0.460364358,0
G22T,-6.124220876,0.152043287,0
G22S,-3.023111686,0.333201212,0
G22R,-1.086156631,0.446352584,0
G22Q,-4.269405362,0.260396302,0
G22P,-2.341627202,0.373011586,0
G22N,-1.396793042,0.428206093,0
G22M,-4.972188895,0.219341699,0
G22L,-4.678898423,0.236474889,0
G22K,-5.853410024,0.167863282,0
G22I,-6.171590593,0.149276084,0
G22H,-4.456162208,0.249486501,0
G22F,-4.864560989,0.225629013,0
G22E,-2.169142173,0.383087667,0
G22D,-3.547730911,0.302554458,0
G22C,-4.562060006,0.243300255,0
G22A,-2.075348618,0.388566818,0
G136Y,-4.793153538,0.229800432,0
G136W,-1.236903313,0.437546394,0
G136V,-0.90812238,0.456752835,0
G136T,-3.786939892,0.288580554,0
G136S,-5.168069396,0.207898921,0
G136R,-2.503847058,0.363535166,0
G136Q,-4.766665036,0.231347815,0
G136P,-5.151590101,0.208861594,0
G136N,-3.117866861,0.327665886,0
G136M,-4.444936001,0.250142304,0
G136L,-3.408075707,0.310712716,0
G136K,-4.206242516,0.264086095,0
G136I,-2.505901956,0.363415124,0
G136H,-4.806086609,0.229044919,0
G136F,-3.67888798,0.294892638,0
G136E,-3.380737683,0.312309725,0
G136D,-5.235846793,0.203939559,0
G136C,-1.275321634,0.435302106,0
G136A,-3.376595644,0.312551691,0
F78Y,-0.666807324,0.47084977,0
F78W,-5.216206061,0.205086914,0
F78V,-1.017125652,0.450385176,0
F78T,-3.487410412,0.306078209,0
F78S,-3.602773197,0.299339045,0
F78R,-3.493280955,0.305735269,0
F78Q,-3.746014583,0.290971293,0
F78P,-4.26422634,0.260698846,0
F78N,-2.370938284,0.371299316,0
F78M,-4.076982674,0.271637085,0
F78L,-1.02010381,0.450211201,0
F78K,-5.058598648,0.214293888,0
F78I,-0.521283077,0.47935088,0
F78H,-4.94913118,0.220688665,0
F78G,-4.000861283,0.276083879,0
F78E,-6.008883207,0.158780984,0
F78D,-4.854348534,0.226225596,0
F78C,0.635421522,0.546922253,0
F78A,-5.08296066,0.212870729,0
F59Y,-0.28484828,0.493162725,0
F59W,-3.437590112,0.308988568,0
F59V,1.451826328,0.594614286,0
F59T,-0.236804938,0.495969279,0
F59S,3.385391088,0.707567606,1
F59R,2.796024649,0.673138505,1
F59Q,-2.669524383,0.353856771,0
F59P,1.556228278,0.600713149,0
F59N,1.33527449,0.587805661,0
F59M,0.643335913,0.547384589,0
F59L,-0.425056469,0.484972163,0
F59K,1.750419324,0.612057234,0
F59I,-0.483403808,0.481563679,0
F59H,-1.760288581,0.406971724,0
F59G,-0.374694335,0.487914175,0
F59E,-2.070631546,0.388842376,0
F59D,-3.323556522,0.315650085,0
F59C,2.15219736,0.635527957,0
F59A,1.820692696,0.616162403,0
F354Y,-0.925288258,0.455750054,0
F354W,-5.537831602,0.186298471,0
F354V,-3.935628361,0.279894599,0
F354T,-3.598671626,0.299578647,0
F354S,-6.731381184,0.116574719,0
F354R,-2.263659186,0.377566254,0
F354Q,-4.179386656,0.265654937,0
F354P,-3.686726411,0.294434739,0
F354N,-3.508825751,0.304827186,0
F354M,-2.823739944,0.344847939,0
F354L,-1.628121031,0.414692574,0
F354K,-2.303427472,0.375243104,0
F354I,-0.848951553,0.460209426,0
F354H,-2.927286982,0.338799017,0
F354G,-3.113036509,0.327948061,0
F354E,-3.126766733,0.327145981,0
F354D,-2.246018457,0.378596775,0
F354C,-2.203730829,0.381067097,0
F354A,-5.018218808,0.216652763,0
F348Y,-0.969280439,0.453180156,0
F348W,-4.919575774,0.222415207,0
F348V,-2.398158811,0.369709171,0
F348T,-2.235528902,0.379209545,0
F348S,-6.051892348,0.156268513,0
F348R,-5.549294385,0.185628848,0
F348Q,-4.503576563,0.24671669,0
F348P,-3.702633056,0.293505518,0
F348N,-2.114829395,0.386260464,0
F348M,-3.206037966,0.322515182,0
F348L,-2.479708073,0.364945296,0
F348K,-3.514136379,0.304516955,0
F348I,-0.380430537,0.487579083,0
F348H,-5.19363593,0.206405397,0
F348G,-5.031672019,0.215866865,0
F348E,-4.574675322,0.242563304,0
F348D,-3.723283001,0.292299207,0
F348C,-2.43557584,0.367523375,0
F348A,-3.684935547,0.294539356,0
F331Y,-0.643788822,0.472194445,0
F331W,-5.938291686,0.162904738,0
F331V,-1.634979547,0.414291919,0
F331T,-5.102305363,0.211740667,0
F331S,-8.17304527,0.032356829,0
F331R,-5.581633213,0.183739706,0
F331Q,-4.667329159,0.237150732,0
F331P,-2.623256767,0.356559592,0
F331N,-1.691135567,0.411011445,0
F331M,-4.722913937,0.233903629,0
F331L,-0.747170078,0.466155208,0
F331K,-4.752695817,0.232163856,0
F331I,-0.521302087,0.47934977,0
F331H,-3.439677121,0.308866651,0
F331G,-6.976342946,0.102264754,0
F331E,-5.588985506,0.183310206,0
F331D,-4.057220581,0.27279153,0
F331C,-3.026531192,0.333001454,0
F331A,-4.570629308,0.242799661,0
F329Y,-0.733484545,0.466954678,0
F329W,-2.815622118,0.345322159,0
F329V,-6.11778724,0.152419122,0
F329T,-3.786383794,0.28861304,0
F329S,-6.39600642,0.136166353,0
F329R,-4.721410808,0.233991437,0
F329Q,-3.237062646,0.320702809,0
F329P,-5.603931963,0.182437077,0
F329N,-2.227536725,0.379676425,0
F329M,-3.942454368,0.279495843,0
F329L,-1.900936641,0.398755467,0
F329K,-3.486606684,0.306125161,0
F329I,-0.519711717,0.479442675,0
F329H,-4.043577985,0.273588491,0
F329G,-5.164299474,0.208119149,0
F329E,-5.375116947,0.195803795,0
F329D,-4.577675479,0.242388044,0
F329C,-6.180939188,0.148729966,0
F329A,-3.99584232,0.276377072,0
F296Y,-0.70195679,0.468796439,0
F296W,-3.878376007,0.283239118,0
F296V,-2.384283059,0.370519752,0
F296T,-2.859271528,0.342772285,0
F296S,-2.00297699,0.392794562,0
F296R,-4.503571022,0.246717014,0
F296Q,-5.198577821,0.206116706,0
F296P,-4.734674798,0.233216593,0
F296N,-2.94314052,0.337872899,0
F296M,-5.55328867,0.185395513,0
F296L,0.183831373,0.520541649,0
F296K,-5.979809997,0.160479357,0
F296I,-0.475711006,0.48201307,0
F296H,-3.211993994,0.322167248,0
F296G,-3.328436973,0.315364983,0
F296E,-6.199319686,0.14765623,0
F296D,-3.818931407,0.286711701,0
F296C,-4.164993049,0.26649577,0
F296A,-4.865887534,0.22555152,0
F279Y,-0.658645126,0.471326582,0
F279W,-4.838260291,0.227165425,0
F279V,-1.394528171,0.428338401,0
F279T,-5.513080125,0.187744381,0
F279S,-3.68444469,0.29456803,0
F279R,-3.536299867,0.303222227,0
F279Q,-3.542647824,0.302851398,0
F279P,-4.579329679,0.24229141,0
F279N,-2.490202944,0.364332216,0
F279M,-4.708081505,0.234770097,0
F279L,-1.06623662,0.447516254,0
F279K,-4.019690503,0.274983929,0
F279I,-0.366378152,0.488399983,0
F279H,-3.207117832,0.3224521,0
F279G,-3.750249757,0.290723887,0
F279E,-3.628182414,0.297854712,0
F279D,-4.175858985,0.265861014,0
F279C,-3.355978951,0.313756059,0
F279A,-3.469400916,0.307130272,0
F228Y,-0.39196642,0.486905189,0
F228W,-5.636690709,0.180523404,0
F228V,-5.229575595,0.204305904,0
F228T,-4.774634698,0.23088225,0
F228S,-4.27436479,0.260106586,0
F228R,-3.971288065,0.277811461,0
F228Q,-5.618601203,0.181580142,0
F228P,-6.150936436,0.150482641,0
F228N,-0.910159891,0.45663381,0
F228M,-4.704890574,0.234956502,0
F228L,-1.063841291,0.447656182,0
F228K,-5.22000655,0.204864901,0
F228I,-0.522988235,0.47925127,0
F228H,-3.978825201,0.277371163,0
F228G,-5.843498437,0.168442289,0
F228E,-4.53392345,0.244943912,0
F228D,-4.747672491,0.232457305,0
F228C,-5.679991664,0.177993887,0
F228A,-4.727723633,0.23362266,0
F183Y,-0.491284814,0.481103293,0
F183W,-5.680351455,0.177972869,0
F183V,-0.645789685,0.472077561,0
F183T,-3.933250145,0.280033528,0
F183S,-4.3378923,0.256395491,0
F183R,-3.810185906,0.287222588,0
F183Q,-4.753516648,0.232115906,0
F183P,-4.816465264,0.228438628,0
F183N,-2.439449609,0.36729708,0
F183M,-3.927345223,0.280378476,0
F183L,-0.924208567,0.455813126,0
F183K,-3.478873986,0.306576883,0
F183I,-0.438250988,0.484201377,0
F183H,-3.058985894,0.331105544,0
F183G,-4.331455036,0.256771537,0
F183E,-4.520620182,0.245721051,0
F183D,-4.574033091,0.242600822,0
F183C,-1.394729287,0.428326652,0
F183A,-5.385860132,0.195176209,0
F168Y,-0.894677163,0.457538266,0
F168W,-3.375250414,0.312630275,0
F168V,-5.53081536,0.186708339,0
F168T,-3.492200006,0.305798415,0
F168S,-4.251169523,0.261461587,0
F168R,-0.950994618,0.454248362,0
F168Q,-1.996057125,0.393198801,0
F168P,-1.776258454,0.40603881,0
F168N,-3.50623449,0.30497856,0
F168M,-2.870102361,0.342139579,0
F168L,-2.13920144,0.384836719,0
F168K,-3.303268176,0.316835272,0
F168I,-0.596658826,0.474947645,0
F168H,-3.881066248,0.283081962,0
F168G,-3.98548952,0.276981853,0
F168E,-5.309039531,0.199663849,0
F168D,-4.361171137,0.255035608,0
F168C,-3.375384629,0.312622435,0
F168A,-5.753026325,0.173727411,0
F129Y,-0.626222118,0.473220642,0
F129W,-3.709422176,0.293108917,0
F129V,-5.660309611,0.179143656,0
F129T,-2.38615293,0.37041052,0
F129S,-7.500379088,0.071652062,0
F129R,-7.284483103,0.084264088,0
F129Q,-3.570254785,0.301238678,0
F129P,-2.200502595,0.381255681,0
F129N,-2.538542902,0.361508334,0
F129M,-4.98507197,0.218589107,0
F129L,-2.194677648,0.381595958,0
F129K,-3.700955662,0.293603507,0
F129I,-0.535234656,0.478535869,0
F129H,-3.212900549,0.32211429,0
F129G,-3.988729031,0.27679261,0
F129E,-4.075507726,0.271723247,0
F129D,-4.179037234,0.265675349,0
F129C,-7.828309791,0.052495289,0
F129A,-5.561295481,0.184927778,0
F19Y,-0.546699677,0.477866115,0
F19W,-5.498210856,0.188613001,0
F19V,-0.410727023,0.485809249,0
F19T,-5.500877702,0.188457212,0
F19S,-6.275370202,0.143213576,0
F19R,-4.152459585,0.26722794,0
F19Q,-6.936916909,0.10456791,0
F19P,-6.029852053,0.157556044,0
F19N,-3.081488024,0.329791033,0
F19M,-4.761426849,0.231653815,0
F19L,-0.867570557,0.459121757,0
F19K,-5.122111799,0.210583632,0
F19I,-0.736552949,0.46677543,0
F19H,-2.256697048,0.377972962,0
F19G,-5.906912712,0.164737808,0
F19E,-3.64545573,0.296845654,0
F19D,-3.384237807,0.312105257,0
F19C,-1.427051943,0.426438455,0
F19A,-3.659423789,0.29602968,0
E96Y,-4.082987281,0.271286313,0
E96W,-4.61588665,0.240155856,0
E96V,-0.922757833,0.455897874,0
E96T,-2.608817681,0.357403082,0
E96S,-5.668032458,0.178692509,0
E96R,-4.507138426,0.246508617,0
E96Q,-1.696577399,0.410693549,0
E96P,-4.380490147,0.253907047,0
E96N,-1.25145593,0.436696272,0
E96M,-3.46979649,0.307107164,0
E96L,-0.745537355,0.466250587,0
E96K,-1.595097604,0.416621708,0
E96I,-4.886811018,0.22432923,0
E96H,-6.708490075,0.117911952,0
E96G,-7.073901113,0.096565685,0
E96F,-5.598546351,0.182751689,0
E96D,-0.52979928,0.478853388,0
E96C,-5.33913678,0.197905654,0
E96A,-1.493970241,0.42252928,0
E81Y,-4.188098484,0.265146017,0
E81W,-5.286685915,0.200969683,0
E81V,-0.911599776,0.456549696,0
E81T,-4.045934186,0.273450848,0
E81S,-4.611117148,0.240434477,0
E81R,-6.23866306,0.145357902,0
E81Q,-4.669275906,0.237037009,0
E81P,-5.31090418,0.199554921,0
E81N,1.835385837,0.617020735,0
E81M,-6.108892186,0.152938745,0
E81L,-3.669814227,0.2954227,0
E81K,-3.155749747,0.325452876,0
E81I,-5.201726117,0.205932791,0
E81H,-5.635461988,0.180595183,0
E81G,-0.623229119,0.473395484,0
E81F,-4.566545189,0.243038243,0
E81D,-0.794695321,0.463378919,0
E81C,-5.458952561,0.190906358,0
E81A,-3.841575075,0.285388923,0
E71Y,-3.641663031,0.297067213,0
E71W,-4.409097065,0.252235912,0
E71V,-1.012028147,0.450682958,0
E71T,-0.472781562,0.4821842,0
E71S,1.012173316,0.568931015,0
E71R,-1.46755928,0.424072132,0
E71Q,-0.524549094,0.479160089,0
E71P,1.208745045,0.580414173,0
E71N,-3.047295614,0.331788456,0
E71M,-1.736988125,0.40833287,0
E71L,-1.324995052,0.432400327,0
E71K,7.248186976,0.933221088,1
E71I,-4.666585135,0.237194196,0
E71H,-3.005840523,0.334210144,0
E71G,1.418221217,0.592651171,0
E71F,-2.869227438,0.34219069,0
E71D,-2.061403168,0.389381472,0
E71C,-3.43708386,0.309018142,0
E71A,5.251572443,0.816584581,1
E60Y,1.374023271,0.590069254,0
E60W,-2.95055357,0.33743985,0
E60V,-1.286267695,0.434662668,0
E60T,0.36284578,0.530999158,0
E60S,2.216656541,0.639293478,0
E60R,1.94152887,0.623221307,0
E60Q,3.182059747,0.695689571,1
E60P,1.234265025,0.581904977,0
E60N,1.505617132,0.59775659,0
E60M,0.511125008,0.539661206,0
E60L,-1.605854874,0.4159933,0
E60K,1.390912523,0.591055875,0
E60I,-2.733880412,0.350097275,0
E60H,2.109344941,0.633024641,0
E60G,-6.787823954,0.113277494,0
E60F,-0.938814,0.454959919,0
E60D,-0.490320412,0.481159631,0
E60C,-3.580884996,0.300617691,0
E60A,-0.589366605,0.475373635,0
E12Y,-4.423246853,0.251409322,0
E12W,-5.693093934,0.177228489,0
E12V,-0.939076873,0.454944562,0
E12T,-4.424668593,0.251326268,0
E12S,-2.303081882,0.375263293,0
E12R,-2.324469752,0.374013875,0
E12Q,-2.936839397,0.338240992,0
E12P,-4.448894612,0.249911053,0
E12N,-5.626531983,0.181116848,0
E12M,-6.42738926,0.134333058,0
E12L,-4.042560641,0.273647921,0
E12K,-2.59069854,0.358461551,0
E12I,-4.916607006,0.222588634,0
E12H,-4.420848081,0.251549452,0
E12G,-3.573121005,0.301071242,0
E12F,-5.332918373,0.198268915,0
E12D,-0.566909715,0.476685503,0
E12C,-5.10835587,0.211387214,0
E12A,-3.283345206,0.317999115,0
E350Y,-2.990256522,0.335120517,0
E350W,-5.423778395,0.192961133,0
E350V,-0.333678484,0.490310204,0
E350T,-3.926300328,0.280439516,0
E350S,-2.586042825,0.358733524,0
E350R,-4.430223754,0.251001752,0
E350Q,-2.492326843,0.364208144,0
E350P,-4.856159955,0.226119778,0
E350N,-4.613333105,0.240305027,0
E350M,-4.604246587,0.240835836,0
E350L,-2.250725132,0.378321824,0
E350K,-0.98851597,0.452056472,0
E350I,-4.388884007,0.253416701,0
E350H,-2.867055599,0.342317562,0
E350G,-5.361402628,0.196604946,0
E350F,-3.018957056,0.333443914,0
E350D,-0.271149733,0.493962955,0
E350C,-4.266027287,0.260593639,0
E350A,-4.182790295,0.265456106,0
E349Y,-3.16531551,0.324894072,0
E349W,-4.698139292,0.235350893,0
E349V,-0.694699584,0.469220384,0
E349T,-3.26485039,0.319079529,0
E349S,-4.085717296,0.271126833,0
E349R,-1.243733366,0.437147402,0
E349Q,-5.542555542,0.186022512,0
E349P,-4.735584619,0.233163444,0
E349N,-4.091664777,0.270779398,0
E349M,-5.408475926,0.193855059,0
E349L,-4.240066136,0.262110215,0
E349K,-1.127988335,0.443908895,0
E349I,-5.540434641,0.186146408,0
E349H,-2.904610617,0.340123705,0
E349G,-4.00274697,0.275973722,0
E349F,-5.517118339,0.18750848,0
E349D,0.110374664,0.516250518,0
E349C,-4.961576198,0.219961662,0
E349A,-2.752405301,0.349015104,0
E345Y,-1.638842914,0.414066233,0
E345W,-0.917185073,0.456223419,0
E345V,-0.512452848,0.479866717,0
E345T,-4.611111613,0.2404348,0
E345S,-3.90846998,0.281481114,0
E345R,-3.382494181,0.312207115,0
E345Q,-2.553761142,0.360619328,0
E345P,-3.865805163,0.283973471,0
E345N,-2.846531012,0.34351655,0
E345M,-3.962397013,0.278330851,0
E345L,-1.541196946,0.419770431,0
E345K,-0.909303755,0.456683823,0
E345I,-0.886806276,0.457998061,0
E345H,-5.682143049,0.177868209,0
E345G,-6.875274694,0.108168872,0
E345F,-4.175278338,0.265894933,0
E345D,-0.160652281,0.500417899,0
E345C,-5.137002536,0.209713758,0
E345A,-4.915729538,0.222639893,0
E341Y,-2.890680985,0.340937435,0
E341W,-3.560834675,0.301788974,0
E341V,-0.187358557,0.498857795,0
E341T,-1.857112501,0.401315548,0
E341S,-2.043292084,0.390439469,0
E341R,-1.777661892,0.405956825,0
E341Q,-1.484687498,0.423071551,0
E341P,-2.017617116,0.391939328,0
E341N,-3.832821779,0.285900265,0
E341M,-2.778610873,0.34748425,0
E341L,-3.911276377,0.281317172,0
E341K,0.007882165,0.5102632,0
E341I,-2.441136022,0.367198565,0
E341H,-0.864823608,0.459282226,0
E341G,-4.243737158,0.261895765,0
E341F,-3.751032655,0.290678152,0
E341D,-0.35425361,0.489108264,0
E341C,-5.5165938,0.187539122,0
E341A,-3.237831294,0.320657907,0
E334Y,-1.188209258,0.440390961,0
E334W,-3.360238043,0.313507255,0
E334V,-0.500107328,0.480587907,0
E334T,-4.184259047,0.265370306,0
E334S,-5.443433935,0.191812912,0
E334R,-5.887154919,0.165892002,0
E334Q,-5.720785103,0.175610851,0
E334P,-5.445689017,0.191681177,0
E334N,-1.578674139,0.41758112,0
E334M,-5.745352526,0.174175692,0
E334L,-2.072817367,0.388714687,0
E334K,-2.63027679,0.356149503,0
E334I,-6.367062351,0.137857183,0
E334H,-2.718063662,0.351021245,0
E334G,-7.588527358,0.066502693,0
E334F,-3.030778025,0.332753367,0
E334D,-0.307078971,0.491864071,0
E334C,-4.158907958,0.266851244,0
E334A,-5.095055376,0.212164191,0
E326Y,-3.998804555,0.276204027,0
E326W,-3.869146141,0.2837783,0
E326V,-0.528296641,0.478941168,0
E326T,-4.858526428,0.225981535,0
E326S,-2.395961175,0.36983755,0
E326R,-7.791517612,0.054644583,0
E326Q,-1.760795118,0.406942134,0
E326P,-4.815020053,0.228523053,0
E326N,-5.242597087,0.203545226,0
E326M,-4.123328055,0.26892972,0
E326L,-3.592684523,0.299928397,0
E326K,-0.241456171,0.495697567,0
E326I,-3.39034562,0.311748457,0
E326H,-4.91274153,0.222814444,0
E326G,-5.334234979,0.198192003,0
E326F,-4.628545861,0.239416342,0
E326D,-0.419538185,0.485294526,0
E326C,-4.829887031,0.227654567,0
E326A,-0.778073486,0.464349919,0
E322Y,-4.348736438,0.255762007,0
E322W,-4.441940482,0.250317294,0
E322V,-0.800355182,0.463048287,0
E322T,-4.452397429,0.249706429,0
E322S,-3.306141909,0.316667396,0
E322R,-4.263510978,0.260740635,0
E322Q,-3.975575766,0.277560986,0
E322P,-4.376281429,0.254152908,0
E322N,-3.89347225,0.282357239,0
E322M,-3.00052929,0.334520411,0
E322L,-3.008521946,0.334053503,0
E322K,-1.633547944,0.41437555,0
E322I,-5.594796654,0.182970735,0
E322H,-4.502971796,0.246752019,0
E322G,-7.325997414,0.081838941,0
E322F,-3.35598008,0.313755993,0
E322D,-0.504665751,0.480321617,0
E322C,-4.077605462,0.271600703,0
E322A,-0.452685627,0.483358147,0
E314Y,-3.037575324,0.332356288,0
E314W,-5.433176906,0.192412098,0
E314V,-0.734308816,0.466906526,0
E314T,-3.919465565,0.280838783,0
E314S,-2.816137763,0.345292036,0
E314R,-3.174965703,0.324330335,0
E314Q,-1.258426304,0.436289082,0
E314P,-4.664356625,0.237324379,0
E314N,-3.529306623,0.303630752,0
E314M,-4.936425057,0.22143092,0
E314L,-1.910195906,0.398214567,0
E314K,-0.856397724,0.459774442,0
E314I,-4.935580841,0.221480237,0
E314H,-4.4899779,0.247511085,0
E314G,-4.61062615,0.24046316,0
E314F,-4.980424176,0.218860617,0
E314D,-0.718324459,0.467840287,0
E314C,-3.351363846,0.31402566,0
E314A,-1.389385322,0.428638831,0
E305Y,-2.559377414,0.360291241,0
E305W,-5.017855962,0.21667396,0
E305V,-0.333720433,0.490307753,0
E305T,-1.138626485,0.443287445,0
E305S,-4.368279727,0.254620344,0
E305R,-4.193735625,0.264816711,0
E305Q,-6.793748963,0.112931372,0
E305P,-3.189962519,0.323454264,0
E305N,-2.865734305,0.342394748,0
E305M,-5.457391953,0.190997525,0
E305L,-1.967206899,0.394884148,0
E305K,-1.838444687,0.402406068,0
E305I,-4.44764531,0.249984034,0
E305H,-5.391653778,0.194837761,0
E305G,-6.422169017,0.134638009,0
E305F,-5.076315702,0.213258909,0
E305D,-0.307762255,0.491824156,0
E305C,-4.442794806,0.250267387,0
E305A,-0.70726514,0.46848634,0
E303Y,-3.851948548,0.284782934,0
E303W,-4.326968955,0.257033601,0
E303V,-0.626387875,0.473210959,0
E303T,-4.497135807,0.247092941,0
E303S,-4.918119732,0.222500265,0
E303R,-1.061255977,0.447807209,0
E303Q,-3.339226666,0.31473468,0
E303P,-2.04248125,0.390486836,0
E303N,-4.090903901,0.270823846,0
E303M,-5.648087273,0.17985765,0
E303L,-3.547877161,0.302545915,0
E303K,-4.077392662,0.271613134,0
E303I,-5.424769568,0.192903231,0
E303G,-8.230737079,0.028986638,0
E303F,-3.703408243,0.293460234,0
E303D,-0.933104249,0.455293466,0
E303C,-3.555562772,0.302096943,0
E303A,-1.711751847,0.409807101,0
E33Y,-0.535428818,0.478524527,0
E33W,-2.574153416,0.35942807,0
E33V,-0.729513487,0.467186656,0
E33T,-2.118493794,0.386046401,0
E33S,-5.127344897,0.210277929,0
E33R,-3.098861455,0.328776127,0
E33Q,-2.59625482,0.358136969,0
E33P,2.572570046,0.660084927,1
E33N,-4.90131207,0.22348212,0
E33M,-5.212811194,0.205285233,0
E33L,-3.07752858,0.330022333,0
E33K,-2.619042354,0.356805786,0
E33I,-5.084984766,0.212752487,0
E33H,-4.018132353,0.275074952,0
E33G,0.140058864,0.517984584,0
E33F,-4.705779493,0.234904574,0
E33D,-0.355139769,0.489056497,0
E33C,-5.917838088,0.164099579,0
E33A,-5.930594212,0.163354403,0
E250Y,-3.315097809,0.316144218,0
E250W,-2.895261832,0.340669835,0
E250V,-1.040143212,0.449040556,0
E250T,-0.575292295,0.476195816,0
E250S,-3.766741615,0.28976048,0
E250R,-2.408886019,0.369082518,0
E250Q,-4.353209754,0.255500689,0
E250P,-4.302101226,0.258486303,0
E250N,-4.446027558,0.250078539,0
E250M,-4.165176791,0.266485037,0
E250L,-4.287562972,0.259335586,0
E250K,-3.33915303,0.314738981,0
E250I,-4.995662736,0.217970424,0
E250H,-4.095485142,0.270556223,0
E250G,-7.577058433,0.067172674,0
E250F,-4.423710667,0.251382227,0
E250D,-5.217601172,0.205005416,0
E250C,-3.035150414,0.332497944,0
E250A,-3.730888689,0.291854905,0
E220Y,-5.121815526,0.210600939,0
E220W,-4.425231412,0.25129339,0
E220V,-0.918688678,0.456135582,0
E220T,-5.738645014,0.174567526,0
E220S,-5.064393509,0.213955369,0
E220R,-4.149947777,0.267374672,0
E220Q,-5.573727402,0.184201541,0
E220P,-5.762101104,0.173197288,0
E220N,-4.221803125,0.263177088,0
E220M,-4.657355714,0.237733352,0
E220L,-3.512630253,0.304604938,0
E220K,-1.022817931,0.450052649,0
E220I,-3.896093235,0.282204128,0
E220H,-2.536841473,0.361607726,0
E220G,-6.514433024,0.12924821,0
E220F,-5.50863234,0.188004208,0
E220D,-2.359808908,0.371949462,0
E220C,-4.445242004,0.250124428,0
E220A,-2.755342296,0.348843534,0
E197Y,-3.752688154,0.290581443,0
E197W,-6.018871177,0.158197515,0
E197V,-0.725793565,0.467403963,0
E197T,-3.299874916,0.317033496,0
E197S,-3.110206668,0.328113372,0
E197R,-2.013204775,0.392197084,0
E197Q,-3.593572849,0.299876503,0
E197P,-3.064391933,0.330789738,0
E197N,-4.185866173,0.265276422,0
E197M,-4.299285397,0.258650796,0
E197L,-3.892125476,0.282435913,0
E197K,-1.889977456,0.399395671,0
E197I,-4.38481527,0.253654385,0
E197H,-4.524808188,0.2454764,0
E197G,-6.048848605,0.15644632,0
E197F,-4.907980313,0.223092581,0
E197D,-0.253393175,0.495000242,0
E197C,-4.467163352,0.248843846,0
E197A,-1.91693813,0.397820706,0
E186Y,-4.065972082,0.272280292,0
E186W,-4.667501585,0.23714066,0
E186V,-0.84340982,0.460533158,0
E186T,-2.932646205,0.338485947,0
E186S,-4.402808492,0.252603273,0
E186R,-1.895856528,0.399052233,0
E186Q,-3.120578156,0.3275075,0
E186P,-3.820330211,0.286629987,0
E186N,-4.843401846,0.22686507,0
E186M,-4.228673945,0.262775715,0
E186L,-3.345473223,0.314369774,0
E186K,-2.445036382,0.366970717,0
E186I,-4.539789448,0.244601237,0
E186H,-4.170874438,0.266152196,0
E186G,-7.304760758,0.083079525,0
E186F,-5.744626711,0.174218092,0
E186D,-1.561785627,0.418567699,0
E186C,-5.050159793,0.214786862,0
E186A,-3.46921686,0.307141024,0
E109Y,-2.473848484,0.365287597,0
E109W,-4.280107357,0.259771122,0
E109V,-1.134803888,0.44351075,0
E109T,-4.980629426,0.218848627,0
E109S,-4.038316324,0.273895862,0
E109R,-4.652024756,0.238044772,0
E109Q,-6.105982278,0.153108734,0
E109P,-6.715686832,0.117491539,0
E109N,-3.886881318,0.282742262,0
E109M,-4.617946358,0.240035534,0
E109L,-4.0909792,0.270819448,0
E109K,-2.102630991,0.38697306,0
E109I,-6.141433998,0.151037746,0
E109H,-4.448649765,0.249925357,0
E109G,-6.715623869,0.117495217,0
E109F,-4.963462088,0.219851494,0
E109D,-0.673803888,0.470441051,0
E109C,-4.33828298,0.256372669,0
E109A,-3.354920779,0.313817874,0
D106Y,-0.622833363,0.473418603,0
D106W,-6.162303936,0.149818584,0
D106V,-0.713866168,0.468100727,0
D106T,-4.895889395,0.223798897,0
D106S,-5.929688029,0.163407339,0
D106R,-3.541340409,0.302927773,0
D106Q,-5.669211301,0.178623645,0
D106P,-5.199840196,0.206042961,0
D106N,-2.213984616,0.3804681,0
D106M,-5.98009148,0.160462914,0
D106L,-4.777347625,0.230723768,0
D106K,-4.836817834,0.227249689,0
D106I,-4.743630078,0.232693451,0
D106H,-2.162811337,0.383457497,0
D106G,-6.259382549,0.144147529,0
D106F,-3.057396265,0.331198405,0
D106E,-0.116355241,0.503005606,0
D106C,-5.064309223,0.213960293,0
D106A,-1.703072807,0.410314106,0
D100Y,-0.859431005,0.459597246,0
D100W,-3.283509944,0.317989491,0
D100V,-0.397687603,0.486570974,0
D100T,-3.450938855,0.308208773,0
D100S,-1.405595504,0.427691879,0
D100R,-1.914502612,0.397962982,0
D100Q,-1.710036754,0.409907292,0
D100P,-0.094674452,0.504272135,0
D100N,-0.265772229,0.494277093,0
D100M,-1.430860424,0.426215975,0
D100L,-2.485087175,0.364631064,0
D100K,-4.689276173,0.235868651,0
D100I,-1.680193369,0.411650657,0
D100H,-2.789675345,0.346837895,0
D100G,0.145387961,0.518295895,0
D100F,-0.189211289,0.498749564,0
D100E,-0.726552565,0.467359624,0
D100C,0.06788406,0.513768339,0
D100A,0.52816903,0.540656869,0
D88Y,0.251698414,0.524506247,0
D88W,-4.388898215,0.253415871,0
D88V,-0.410003224,0.485851531,0
D88T,-6.288327367,0.142456656,0
D88S,-6.42777379,0.134310595,0
D88R,-4.5823324,0.242116,0
D88Q,-0.303179884,0.492091845,0
D88P,-4.437052207,0.250602853,0
D88N,-0.779501108,0.464266522,0
D88M,-5.162060705,0.208249931,0
D88L,-3.065548603,0.330722169,0
D88K,-4.233434133,0.262497638,0
D88I,-3.137985358,0.326490621,0
D88H,-3.699914622,0.293664321,0
D88G,-5.691156824,0.17734165,0
D88F,-2.96895876,0.336364671,0
D88E,-0.275885308,0.493686316,0
D88C,-4.820298609,0.228214695,0
D88A,-2.192937629,0.381697605,0
D44Y,-1.30140534,0.43377837,0
D44W,-4.737805656,0.233033697,0
D44V,-1.162451112,0.441895678,0
D44T,0.275650957,0.525905486,0
D44S,-4.081382132,0.271380081,0
D44R,-3.633576454,0.297539607,0
D44Q,-2.064812195,0.389182326,0
D44P,-3.053508796,0.3314255,0
D44N,-1.180241715,0.440856402,0
D44M,-1.330186498,0.432097057,0
D44L,-0.887976124,0.457929722,0
D44K,-2.648591902,0.355079586,0
D44I,-4.279693702,0.259795286,0
D44H,3.313302134,0.703356376,1
D44G,-6.662877513,0.120576508,0
D44F,-0.542699389,0.478099801,0
D44E,-0.507354438,0.480164552,0
D44C,0.421563563,0.534429283,0
D44A,-0.782043417,0.464118007,0
D337Y,-0.570746289,0.476461381,0
D337W,-3.54058559,0.302971867,0
D337V,-0.443309955,0.483905847,0
D337T,-4.00249713,0.275988317,0
D337S,-3.038293939,0.332314308,0
D337R,-3.469724439,0.307111373,0
D337Q,-4.6535634,0.237954889,0
D337P,-4.67798233,0.236528405,0
D337N,0.134558422,0.517663264,0
D337M,-4.871976962,0.225195793,0
D337L,-2.491911625,0.3642324,0
D337K,-4.313609958,0.257813996,0
D337I,-3.354955144,0.313815867,0
D337H,-2.523704603,0.362375145,0
D337G,-6.437539105,0.133740133,0
D337F,-2.454491351,0.366418385,0
D337E,-0.281871566,0.493336616,0
D337C,-3.591620426,0.299990558,0
D337A,-1.03574221,0.44929765,0
D336Y,-0.955995625,0.453956217,0
D336W,-1.576354199,0.417716645,0
D336V,-0.346295781,0.489573137,0
D336T,-2.841165185,0.343830006,0
D336S,-4.837719246,0.227197031,0
D336R,-5.581011197,0.183776042,0
D336Q,-5.533693314,0.186540218,0
D336P,-3.98272742,0.277143207,0
D336N,-1.236458248,0.437572393,0
D336M,-4.376637242,0.254132122,0
D336L,-3.514662429,0.304486224,0
D336K,-2.349478697,0.372552924,0
D336I,-3.020048232,0.33338017,0
D336H,-5.419113139,0.193233663,0
D336G,-6.411656456,0.135252123,0
D336F,-3.148904393,0.325852762,0
D336E,-1.489727969,0.422777101,0
D336C,-4.041915363,0.273685617,0
D336A,-1.488965458,0.422821645,0
D332Y,-0.91423747,0.456395609,0
D332W,-4.051071029,0.273150769,0
D332V,-0.506906914,0.480190695,0
D332T,-4.461404296,0.249180274,0
D332S,-4.281050842,0.259716006,0
D332R,-5.854230453,0.167815355,0
D332Q,-5.385195197,0.195215053,0
D332P,-3.145062887,0.326077172,0
D332N,-1.993535037,0.393346134,0
D332M,-5.584464784,0.183574294,0
D332L,-5.570017901,0.184418239,0
D332K,-1.516374557,0.421220484,0
D332I,-1.384119669,0.428946436,0
D332H,-3.568191615,0.301359202,0
D332G,-2.840303118,0.343880366,0
D332F,-2.511724593,0.363074983,0
D332E,-1.767802366,0.40653279,0
D332C,-4.795502425,0.229663217,0
D332A,-0.814920384,0.462197429,0
D321Y,-0.986526246,0.452172706,0
D321W,-5.217251014,0.205025871,0
D321V,-0.79858005,0.463151985,0
D321T,-3.516818372,0.30436028,0
D321S,-5.628302041,0.181013446,0
D321R,-5.107857881,0.211416305,0
D321Q,-5.514312544,0.187672387,0
D321P,-4.179166209,0.265667815,0
D321N,-1.835904999,0.402554429,0
D321M,-5.629709022,0.180931255,0
D321L,-4.324823058,0.257158959,0
D321K,-6.875257336,0.108169886,0
D321I,-3.661201865,0.29592581,0
D321H,-3.146135848,0.326014493,0
D321G,-7.939967535,0.045972563,0
D321F,-3.17686521,0.324219371,0
D321E,-0.736713036,0.466766079,0
D321C,-4.1579196,0.266908981,0
D321A,-0.617026406,0.473757829,0
D318Y,-1.401020796,0.42795912,0
D318W,-3.664273125,0.295746396,0
D318V,-0.918707179,0.456134502,0
D318T,-5.147203181,0.209117865,0
D318S,-4.082663231,0.271305243,0
D318R,-5.437641742,0.192151276,0
D318Q,-5.674127792,0.178336437,0
D318P,-4.049392551,0.273248821,0
D318N,-1.023552543,0.450009735,0
D318M,-4.12385935,0.268898683,0
D318L,-4.477024328,0.248267796,0
D318K,-3.668229458,0.295515278,0
D318I,-2.306964582,0.375036477,0
D318H,-2.160917192,0.383568147,0
D318G,-7.580550711,0.066968666,0
D318F,-3.95028399,0.279038459,0
D318E,-0.45461043,0.483245706,0
D318C,-5.096979515,0.212051788,0
D318A,-0.759179038,0.465453679,0
D291Y,-2.027211902,0.391378828,0
D291W,-3.763400023,0.289955686,0
D291V,-0.461662478,0.482833745,0
D291T,-2.167767581,0.383167967,0
D291S,-4.704543278,0.23497679,0
D291R,-5.23475548,0.20400331,0
D291Q,-2.434312304,0.367597187,0
D291P,-3.486826629,0.306112312,0
D291N,-1.348454513,0.431029892,0
D291M,-6.037706298,0.157097221,0
D291L,-4.90696996,0.223151602,0
D291K,-4.440553495,0.250398318,0
D291I,-4.700306213,0.235224307,0
D291H,-1.970096133,0.394715367,0
D291G,-4.36447118,0.254842829,0
D291F,-3.795987746,0.288052004,0
D291E,-1.676274251,0.411879601,0
D291C,-3.799716482,0.287834182,0
D291A,-1.672199463,0.412117638,0
D288Y,-0.969509873,0.453166754,0
D288W,-4.739056001,0.232960655,0
D288V,-0.868451429,0.459070299,0
D288T,-4.436328164,0.250645149,0
D288S,-5.379727815,0.195534441,0
D288R,-5.037063566,0.215551906,0
D288Q,-5.669773984,0.178590774,0
D288P,-5.726988102,0.175248489,0
D288N,-1.274990877,0.435321427,0
D288M,-5.16956399,0.207811611,0
D288L,-4.420173023,0.251588887,0
D288K,-2.581798751,0.358981451,0
D288I,-2.890000294,0.340977199,0
D288H,-7.061310185,0.097301211,0
D288G,-6.490768477,0.130630625,0
D288F,-3.233726438,0.320897701,0
D288E,-0.338737773,0.490014655,0
D288C,-3.288000572,0.317727161,0
D288A,-1.411354346,0.427355464,0
D283Y,-1.164820814,0.441757247,0
D283W,-3.813334652,0.287038648,0
D283V,-1.001765832,0.451282453,0
D283T,-3.477306572,0.306668447,0
D283S,-3.713757029,0.292855687,0
D283R,-2.286160104,0.376251815,0
D283Q,-2.611864011,0.357225124,0
D283P,-3.587628743,0.300223741,0
D283N,-0.930462681,0.455447779,0
D283M,-5.947323318,0.162377136,0
D283L,-3.501025414,0.30528286,0
D283K,-4.38143643,0.253851767,0
D283I,-1.719358579,0.409362738,0
D283H,-2.8464264,0.343522661,0
D283G,-3.421941454,0.309902718,0
D283F,-3.642861013,0.29699723,0
D283E,-0.306103413,0.491921061,0
D283C,-3.947243436,0.27921608,0
D283A,-0.677286516,0.470237606,0
D251Y,-1.454602821,0.424829012,0
D251W,-2.750039787,0.349153291,0
D251V,-1.00832025,0.450899562,0
D251T,-2.076515169,0.388498672,0
D251S,-2.151344377,0.384127364,0
D251R,-3.947558623,0.279197667,0
D251Q,-2.24177384,0.378844733,0
D251P,-4.099626848,0.270314277,0
D251N,-1.197580576,0.439843516,0
D251M,-7.000630476,0.100845946,0
D251L,-2.763230436,0.348382731,0
D251K,-4.64200108,0.238630326,0
D251I,-4.474963524,0.248388182,0
D251H,-2.0580112,0.389579621,0
D251G,-2.698250111,0.352178696,0
D251F,-2.44525201,0.366958121,0
D251E,-1.128858413,0.443858068,0
D251C,-2.428826611,0.367917646,0
D251A,-1.818907893,0.403547352,0
D235Y,-0.78568366,0.463905355,0
D235W,-5.425488025,0.192861261,0
D235V,-0.605952148,0.474404755,0
D235T,-4.88751099,0.22428834,0
D235S,-4.175433122,0.265885891,0
D235R,-4.973207458,0.219282197,0
D235Q,-2.554524554,0.360574731,0
D235P,-3.814234441,0.286986085,0
D235N,-1.617657857,0.415303803,0
D235M,-3.921320206,0.280730441,0
D235L,-5.761539635,0.173230087,0
D235K,-3.728511314,0.291993784,0
D235I,-5.278516476,0.201446918,0
D235H,-3.206390469,0.32249459,0
D235G,-4.990274699,0.218285178,0
D235F,-2.991042392,0.335074608,0
D235E,-0.443409599,0.483900026,0
D235C,-2.319340667,0.374313501,0
D235A,-1.544382535,0.419584338,0
D210Y,-1.565263319,0.418364542,0
D210W,-4.006373199,0.275761888,0
D210V,-0.597261225,0.474912454,0
D210T,-3.336151137,0.314914343,0
D210S,-3.974133925,0.277645214,0
D210R,-3.890507391,0.282530437,0
D210Q,-1.502037855,0.422057993,0
D210P,-4.030616745,0.27434565,0
D210N,-2.053595031,0.389837601,0
D210M,-4.575854275,0.242494433,0
D210L,-4.74185918,0.232796902,0
D210K,-2.892631318,0.340823502,0
D210I,-4.648670471,0.238240719,0
D210H,-3.11874745,0.327614444,0
D210G,-7.405446852,0.077197732,0
D210F,-3.810965803,0.287177029,0
D210E,-1.326777976,0.432296173,0
D210C,-4.753739091,0.232102911,0
D210A,-1.095747491,0.445792313,0
D179Y,0.148759024,0.518492823,0
D179W,-5.889616815,0.165748185,0
D179V,-0.288996928,0.492920372,0
D179T,-2.186910143,0.382049713,0
D179S,-3.897287567,0.282134359,0
D179R,-3.274659245,0.318506524,0
D179Q,-5.899754561,0.165155967,0
D179P,-4.122888421,0.268955402,0
D179N,-1.676373932,0.411873778,0
D179M,-4.291569947,0.25910151,0
D179L,-4.90134351,0.223480284,0
D179K,-3.89242341,0.282418509,0
D179I,-3.085859258,0.329535678,0
D179H,-3.084263367,0.329628906,0
D179G,-2.391613214,0.370091546,0
D179F,-2.674153697,0.353586339,0
D179E,-1.699692699,0.410511562,0
D179C,-3.683459727,0.294625569,0
D179A,-0.87670705,0.458588029,0
D177Y,-1.552123697,0.419132121,0
D177W,-4.343683135,0.256057207,0
D177V,-0.432101116,0.484560635,0
D177T,-3.503376256,0.30514553,0
D177S,-3.964210249,0.278224927,0
D177R,-3.722096613,0.292368513,0
D177Q,-3.391980677,0.311652941,0
D177P,-3.564032681,0.301602155,0
D177N,-3.067646717,0.330599603,0
D177M,-4.587105597,0.241837163,0
D177L,-3.889949027,0.282563055,0
D177K,-4.106771295,0.269896919,0
D177I,-4.565608983,0.243092934,0
D177H,-0.537945976,0.478377481,0
D177G,-5.091482984,0.21237288,0
D177F,-4.065592855,0.272302445,0
D177E,-0.382887892,0.487435531,0
D177C,-3.764348653,0.28990027,0
D177A,-0.468810946,0.482416152,0
D175Y,-1.345181021,0.43122112,0
D175W,-4.829820664,0.227658444,0
D175V,-0.49126346,0.48110454,0
D175T,-2.685188606,0.352941711,0
D175S,-4.874570304,0.225044298,0
D175R,-4.341671827,0.256174702,0
D175Q,-4.682792133,0.23624743,0
D175P,-3.132453209,0.326813793,0
D175N,-2.099890636,0.387133144,0
D175M,-3.276255444,0.318413278,0
D175L,-3.425772602,0.309678914,0
D175K,-2.508217375,0.363279864,0
D175I,-2.272449862,0.377052728,0
D175H,-2.134996828,0.385082341,0
D175G,-8.067954993,0.038495902,0
D175F,-2.701417409,0.351993671,0
D175E,-2.096808928,0.387313169,0
D175C,-5.098407636,0.211968361,0
D175A,-0.521537664,0.479336008,0
D167Y,-2.209386284,0.380736722,0
D167W,-5.314959749,0.199318006,0
D167V,-0.330031569,0.490523246,0
D167T,-4.180274234,0.265603087,0
D167S,-2.980905007,0.335666806,0
D167R,-5.915838514,0.164216388,0
D167Q,-2.725238931,0.350602086,0
D167P,-3.423644114,0.309803254,0
D167N,-2.269584072,0.377220139,0
D167M,-4.312746394,0.257864443,0
D167L,-4.808776942,0.228887758,0
D167K,-3.120407875,0.327517447,0
D167I,-4.15992394,0.266791893,0
D167H,-3.321922517,0.315745538,0
D167G,-6.92780658,0.10510011,0
D167F,-3.234037751,0.320879515,0
D167E,-2.048068515,0.390160444,0
D167C,-1.916977101,0.397818429,0
D167A,-0.617634295,0.473722318,0
D162Y,-1.089722002,0.446144305,0
D162W,-4.312392876,0.257885094,0
D162V,-0.744721422,0.466298252,0
D162T,-2.76476335,0.348293183,0
D162S,-4.697922332,0.235363567,0
D162R,-2.856032973,0.342961472,0
D162Q,-4.450337352,0.249826773,0
D162P,-2.83526231,0.344174835,0
D162N,-1.597988484,0.416452831,0
D162M,-5.399376823,0.194386603,0
D162L,-3.617615316,0.298472011,0
D162K,-4.034601446,0.274112875,0
D162I,-3.909921751,0.281396306,0
D162H,-2.057385973,0.389616145,0
D162G,-6.333996724,0.139788782,0
D162F,-2.33248183,0.373545832,0
D162E,-0.280507365,0.493416308,0
D162C,-4.446940505,0.250025207,0
D162A,-1.948491899,0.395977425,0
D149Y,-2.990759197,0.335091152,0
D149W,-3.194243571,0.323204177,0
D149V,-0.694726181,0.469218831,0
D149T,-4.955340782,0.220325917,0
D149S,-4.392882103,0.253183144,0
D149R,-3.98383331,0.277078604,0
D149Q,-4.945454722,0.220903433,0
D149P,-4.84344975,0.226862271,0
D149N,-2.299979128,0.375444547,0
D149M,-3.851842403,0.284789135,0
D149L,-4.772190531,0.231025031,0
D149K,-4.621067337,0.239853216,0
D149I,-3.656460295,0.296202799,0
D149H,-3.725268383,0.292183227,0
D149G,-7.563294385,0.067976731,0
D149F,-4.021264862,0.27489196,0
D149E,-1.704793159,0.410213608,0
D149C,-4.566378089,0.243048005,0
D149A,-0.508410008,0.480102888,0
D20Y,-0.477176997,0.481927431,0
D20W,-3.761518124,0.290065621,0
D20V,-0.637499391,0.472561856,0
D20T,-6.016373444,0.158343426,0
D20S,-4.114446956,0.269448529,0
D20R,-4.676778295,0.236598741,0
D20Q,-5.066614174,0.213825644,0
D20P,-2.801856195,0.346126325,0
D20N,-0.433133061,0.484500352,0
D20M,-5.826889629,0.169412528,0
D20L,-2.965848967,0.336546336,0
D20K,-4.844378275,0.22680803,0
D20I,-5.550290451,0.18557066,0
D20H,-2.335579646,0.373364866,0
D20G,-6.718014911,0.117355539,0
D20F,-4.03993112,0.27380153,0
D20E,-0.549730202,0.477689081,0
D20C,-4.146725764,0.267562893,0
D20A,-4.076967076,0.271637996,0
D124Y,-1.433811242,0.426043596,0
D124W,-3.950329933,0.279035775,0
D124V,-0.66238159,0.471108309,0
D124T,2.518137055,0.656905107,1
D124S,-3.287140774,0.317777388,0
D124R,-5.178284245,0.207302198,0
D124Q,-1.599948537,0.416338331,0
D124P,-3.161077072,0.325141669,0
D124N,-0.384147082,0.487361973,0
D124M,-5.351638018,0.197175367,0
D124L,-3.543353025,0.302810202,0
D124K,-4.895671641,0.223811618,0
D124I,-3.451599963,0.308170153,0
D124H,-4.430178364,0.251004403,0
D124G,-0.859654452,0.459584193,0
D124F,-2.811490994,0.345563487,0
D124E,-0.684746586,0.46980181,0
D124C,-2.616353717,0.356962849,0
D124A,-0.467308108,0.482503944,0
D111Y,-1.060860819,0.447830293,0
D111W,-5.457029996,0.191018669,0
D111V,-0.546826252,0.477858721,0
D111T,-2.96300861,0.336712262,0
D111S,-4.719525401,0.234101577,0
D111R,-4.731934266,0.233376687,0
D111Q,-4.607450752,0.240648658,0
D111P,-5.032336764,0.215828033,0
D111N,-2.678027894,0.35336002,0
D111M,-4.500563004,0.246892734,0
D111L,-3.849551181,0.284922982,0
D111K,-4.323570827,0.25723211,0
D111I,-5.345203365,0.197551261,0
D111H,-1.290345856,0.434424433,0
D111G,-3.407357042,0.310754698,0
D111F,-2.316612739,0.374472859,0
D111E,-1.399642234,0.428039652,0
D111C,-3.091067047,0.329231454,0
D111A,-0.442857236,0.483932294,0
C65Y,2.3370035,0.646323803,0
C65W,-0.152446261,0.500897272,0
C65V,1.141555135,0.57648913,0
C65T,-3.331116249,0.315208467,0
C65S,-0.296254615,0.492496399,0
C65R,1.482698907,0.596417773,0
C65Q,-2.344401979,0.372849491,0
C65P,-1.262449241,0.436054074,0
C65N,-2.497291632,0.363918115,0
C65M,-2.601301225,0.357842172,0
C65L,1.409806622,0.592159615,0
C65K,-2.183317651,0.382259577,0
C65I,2.395166617,0.649721526,0
C65H,-0.262981731,0.494440106,0
C65G,-6.652946041,0.121156676,0
C65F,0.321520327,0.528585043,0
C65E,0.154994755,0.518857096,0
C65D,-3.864959111,0.284022895,0
C65A,-0.663970744,0.471015475,0
C40Y,1.279941191,0.584573248,0
C40W,0.419737399,0.534322604,0
C40V,-1.480058787,0.423341947,0
C40T,-0.159236211,0.500500622,0
C40S,-0.39530096,0.486710395,0
C40R,4.132477545,0.751210259,1
C40Q,3.169125396,0.694933983,1
C40P,8.391326021,1.0,1
C40N,-0.971274595,0.453063664,0
C40M,-3.395993901,0.3114185,0
C40L,-4.479890755,0.248100348,0
C40K,-3.874918303,0.283441107,0
C40I,-1.597408801,0.416486695,0
C40H,-1.304654631,0.433588556,0
C40G,-0.422786374,0.485104776,0
C40F,-0.692963274,0.469321814,0
C40E,1.254180893,0.583068405,0
C40D,-3.12020516,0.327529289,0
C40A,-1.235074459,0.43765323,0
C254Y,-1.592137941,0.416794603,0
C254W,-2.991987093,0.335019422,0
C254V,-3.490438142,0.305901338,0
C254T,-3.404138051,0.310942742,0
C254S,-0.55656744,0.477289669,0
C254R,-1.572660582,0.417932415,0
C254Q,-4.304419529,0.258350874,0
C254P,-3.666768992,0.295600594,0
C254N,-4.66224821,0.237447547,0
C254M,-6.798924681,0.112629022,0
C254L,-3.312866473,0.316274567,0
C254K,-4.655787163,0.237824983,0
C254I,-4.62645401,0.239538542,0
C254H,-4.700666214,0.235203277,0
C254G,-6.478840532,0.131327422,0
C254F,-1.169594632,0.441478374,0
C254E,-4.732921802,0.233318998,0
C254D,-3.948639046,0.279134552,0
C254A,-5.27007519,0.201940034,0
C216Y,-1.833059442,0.402720659,0
C216W,-2.591918054,0.35839031,0
C216V,-3.928617058,0.280304179,0
C216T,-4.837292292,0.227221972,0
C216S,-0.338765516,0.490013034,0
C216R,-3.146197646,0.326010883,0
C216Q,-5.368790232,0.196173384,0
C216P,-5.586006627,0.183484223,0
C216N,-5.364360581,0.196432151,0
C216M,-3.726594509,0.292105759,0
C216L,-3.536088698,0.303234563,0
C216K,-4.959705343,0.220070952,0
C216I,-3.296385824,0.317237319,0
C216H,-5.540126007,0.186164438,0
C216G,-1.635104072,0.414284645,0
C216F,-1.083578106,0.446503214,0
C216E,-5.435508712,0.192275881,0
C216D,-3.672133963,0.295287188,0
C216A,-2.86549329,0.342408828,0
C166Y,-3.202310749,0.322732916,0
C166W,-6.369805256,0.13769695,0
C166V,-4.57816701,0.24235933,0
C166T,-3.780484506,0.288957659,0
C166S,-0.257005181,0.494789239,0
C166R,-1.747841303,0.407698859,0
C166Q,-5.428087074,0.192709432,0
C166P,-4.755384375,0.232006799,0
C166N,-1.685226152,0.411356657,0
C166M,-3.678780651,0.294898907,0
C166L,-3.086872642,0.329476479,0
C166K,-3.788595342,0.288483847,0
C166I,-3.221252376,0.3216264,0
C166H,-3.392706185,0.311610559,0
C166G,-1.414317628,0.427182357,0
C166F,-1.582386227,0.417364271,0
C166E,-4.106857493,0.269891883,0
C166D,-5.622879456,0.181330218,0
C166A,-2.411651533,0.368920965,0
C161Y,-5.225039538,0.204570888,0
C161W,-4.042004081,0.273680434,0
C161V,-5.727548761,0.175215737,0
C161T,-5.091373594,0.21237927,0
C161S,-0.370205294,0.488176412,0
C161R,-6.061275779,0.15572036,0
C161Q,-3.458716773,0.307754409,0
C161P,-4.192811457,0.264870699,0
C161N,-4.046114447,0.273440318,0
C161M,-4.403162352,0.252582601,0
C161L,-3.195384521,0.323137526,0
C161K,-5.488287542,0.189192693,0
C161I,-4.473814783,0.248455288,0
C161H,-3.887351089,0.282714819,0
C161G,-6.791725362,0.113049585,0
C161F,-1.85994332,0.40115018,0
C161E,-2.86797275,0.342263985,0
C161D,-5.372990544,0.195928013,0
C161A,-3.710053934,0.293072012,0
C127Y,-2.533604136,0.361796842,0
C127W,-6.101227019,0.153386523,0
C127V,0.51007552,0.539599898,0
C127T,-3.04664012,0.331826748,0
C127S,-0.572265296,0.476372645,0
C127R,0.140840236,0.51803023,0
C127Q,1.415162936,0.592472515,0
C127P,-4.331157589,0.256788913,0
C127N,-0.219632859,0.496972423,0
C127M,-2.232492093,0.379386946,0
C127L,-3.200878069,0.322816609,0
C127K,-4.329335123,0.256895377,0
C127I,3.239095053,0.69902141,1
C127H,-4.86180423,0.225790055,0
C127G,-1.916587678,0.397841178,0
C127F,-1.297691127,0.433995344,0
C127E,-4.432104145,0.250891905,0
C127D,-3.665227823,0.295690625,0
C127A,-1.932307138,0.396922892,0
A92Y,-1.621808548,0.415061332,0
A92W,-2.840780014,0.343852507,0
A92V,-0.728533269,0.467243917,0
A92T,-0.884692041,0.458121569,0
A92S,-0.555414625,0.477357013,0
A92R,-2.755564564,0.348830549,0
A92Q,-1.881592347,0.399885505,0
A92P,-2.646521662,0.355200524,0
A92N,-1.73232804,0.408605099,0
A92M,-0.861067023,0.459501675,0
A92L,-4.347659743,0.255824905,0
A92K,-5.688795844,0.177479572,0
A92I,-3.278080116,0.318306686,0
A92H,-3.846312915,0.285112152,0
A92G,-4.200931855,0.264396328,0
A92F,-5.072213876,0.213498526,0
A92E,-3.653211406,0.29639259,0
A92D,-2.582836947,0.358920802,0
A92C,-4.53794362,0.244709065,0
A52Y,-5.516454892,0.187547237,0
A52W,-4.829490851,0.22767771,0
A52V,-1.419818844,0.426860992,0
A52T,-2.317036941,0.374448078,0
A52S,-0.312030666,0.491574807,0
A52R,-4.05549387,0.272892399,0
A52Q,-4.120533854,0.269092949,0
A52P,-4.553973615,0.243772639,0
A52N,-5.299090124,0.200245065,0
A52M,-3.867434057,0.283878315,0
A52L,-5.139260971,0.209581826,0
A52K,-5.405730653,0.19401543,0
A52I,-4.655408445,0.237847106,0
A52H,-3.850997178,0.284838511,0
A52G,0.949336402,0.565260262,0
A52F,-3.743630235,0.29111058,0
A52E,-4.602625008,0.240930564,0
A52D,-0.674074326,0.470425253,0
A52C,-3.895873209,0.282216981,0
A42Y,-3.962988136,0.278296319,0
A42W,-5.074088728,0.213389002,0
A42V,-1.729433624,0.408774183,0
A42T,-1.043399253,0.448850347,0
A42S,-0.449834838,0.483524682,0
A42R,-4.042547025,0.273648717,0
A42Q,-5.192854164,0.206451065,0
A42P,-3.841317712,0.285403957,0
A42N,-6.181618569,0.148690278,0
A42M,-2.52919751,0.362054265,0
A42L,-4.173853322,0.265978179,0
A42K,-2.71619267,0.351130543,0
A42I,-5.750638645,0.173866892,0
A42H,-1.441478128,0.425595719,0
A42G,-2.498898468,0.363824248,0
A42F,-3.406007332,0.310833544,0
A42E,-0.544685479,0.477983779,0
A42D,-4.717247952,0.234234619,0
A42C,-3.455842376,0.307922323,0
A352Y,-4.473348737,0.248482513,0
A352W,-3.727849539,0.292032443,0
A352V,-2.037796132,0.390760527,0
A352T,-0.648900075,0.47189586,0
A352S,-0.743792816,0.466352498,0
A352R,-3.491718304,0.305826554,0
A352Q,-3.952380855,0.278915966,0
A352P,-6.109138046,0.152924383,0
A352N,-2.446192862,0.366903159,0
A352M,-2.282122593,0.376487675,0
A352L,-4.179859257,0.265627329,0
A352K,-3.933420372,0.280023584,0
A352I,-3.866592317,0.283927487,0
A352H,-3.67469246,0.295137728,0
A352G,-4.620604235,0.239880269,0
A352F,-3.830831226,0.286016548,0
A352E,-3.742220811,0.291192915,0
A352D,-2.204053072,0.381048273,0
A352C,-3.610190255,0.298905762,0
A327Y,-3.979946983,0.277305632,0
A327W,-3.805962554,0.287469305,0
A327V,-2.529780385,0.362020215,0
A327T,-2.391364601,0.370106069,0
A327S,-0.352192507,0.489228668,0
A327R,-3.061191051,0.330976725,0
A327Q,-4.298977252,0.258668797,0
A327P,-2.440266431,0.367249364,0
A327N,-4.948418275,0.220730311,0
A327M,-4.683095828,0.236229689,0
A327L,-0.491099942,0.481114093,0
A327K,-3.846555703,0.285097969,0
A327I,-3.140610573,0.326337263,0
A327H,-3.622293727,0.298198712,0
A327G,-5.893784292,0.165504733,0
A327F,-1.209147917,0.439167785,0
A327E,-2.303637273,0.375230848,0
A327D,-0.872790049,0.458816849,0
A327C,-3.110258353,0.328110353,0
A325Y,-4.226444396,0.262905959,0
A325W,-4.44059826,0.250395703,0
A325V,-0.928518937,0.455561327,0
A325T,-0.835367822,0.461002948,0
A325S,-1.154089316,0.442384151,0
A325R,-4.4553416,0.249534439,0
A325Q,-5.524901396,0.187053816,0
A325P,-3.041583868,0.33212212,0
A325N,-3.73133145,0.29182904,0
A325M,-3.104456387,0.328449287,0
A325L,-2.148473004,0.384295101,0
A325K,-4.638480775,0.238835972,0
A325I,-4.79551441,0.229662517,0
A325H,-4.904125437,0.223317771,0
A325G,-4.277843869,0.259903348,0
A325F,-5.547023502,0.185761506,0
A325E,0.211081445,0.52213352,0
A325D,-3.334659005,0.315001509,0
A325C,-4.733964059,0.233258112,0
A309Y,-3.588504134,0.300172603,0
A309W,-4.709194438,0.234705083,0
A309V,-3.011814138,0.333861183,0
A309T,-0.057232069,0.506459412,0
A309S,-0.069048369,0.505769138,0
A309R,-5.49561566,0.188764605,0
A309Q,-4.168073854,0.266315799,0
A309P,-2.229814804,0.379543346,0
A309N,-4.966314831,0.219684845,0
A309M,-4.401363375,0.252687692,0
A309L,-4.661995242,0.237462324,0
A309K,-4.956041168,0.220285003,0
A309I,-2.265443737,0.377462006,0
A309H,-4.849559892,0.226505334,0
A309G,-3.724329568,0.29223807,0
A309F,-4.203533459,0.26424435,0
A309E,-3.666802586,0.295598632,0
A309D,-1.72080141,0.409278452,0
A309C,-4.147155089,0.267537813,0
A307Y,-3.425423548,0.309699304,0
A307W,-3.02614872,0.333023797,0
A307V,-2.186370399,0.382081244,0
A307T,-0.881191867,0.458326039,0
A307S,-0.600559314,0.474719789,0
A307R,-2.889161847,0.341026178,0
A307Q,-5.091873764,0.212350051,0
A307P,-2.701368485,0.351996529,0
A307N,-3.894468612,0.282299034,0
A307M,-1.734609345,0.408471832,0
A307L,-2.873586344,0.341936055,0
A307K,-4.985918183,0.218539673,0
A307I,-5.653074865,0.179566289,0
A307H,-5.043678811,0.215165463,0
A307G,-2.969233317,0.336348632,0
A307F,-4.066522738,0.272248124,0
A307E,-7.200719009,0.089157347,0
A307D,-1.240185922,0.437354633,0
A307C,-4.682089763,0.23628846,0
A35Y,-1.079214537,0.446758121,0
A35W,-5.313129701,0.199424913,0
A35V,-1.20907779,0.439171881,0
A35T,1.910332289,0.621398892,0
A35S,1.890546613,0.620243069,0
A35R,-1.752918323,0.407402274,0
A35Q,-1.476042236,0.423576582,0
A35P,-4.149785278,0.267384165,0
A35N,-1.648689091,0.413491047,0
A35M,-3.875501783,0.283407022,0
A35L,-3.129675733,0.326976045,0
A35K,1.165193711,0.577870028,0
A35I,-5.273503092,0.201739786,0
A35H,-4.226094765,0.262926383,0
A35G,2.708635577,0.668033486,1
A35F,-5.863477085,0.167275193,0
A35E,-2.337097756,0.373276183,0
A35D,-1.38156484,0.429095681,0
A35C,-3.276903481,0.318375422,0
A286Y,-4.526542311,0.245375097,0
A286W,-4.780753162,0.230524827,0
A286V,-2.080574238,0.388261553,0
A286T,-1.614390475,0.415494674,0
A286S,-0.952910441,0.454136445,0
A286R,-3.974757791,0.27760877,0
A286Q,-3.451566518,0.308172107,0
A286P,-2.793157977,0.34663445,0
A286N,-3.527747377,0.303721839,0
A286M,-4.833979816,0.227415478,0
A286L,-2.764007368,0.348337345,0
A286K,-5.147230692,0.209116258,0
A286I,-3.684563932,0.294561065,0
A286H,-4.266956087,0.260539382,0
A286G,-3.344436198,0.314430354,0
A286F,-4.074348166,0.271790985,0
A286E,-3.703197767,0.293472529,0
A286D,-0.458305525,0.483029849,0
A286C,-2.751600583,0.349062114,0
A282Y,-2.60225949,0.357786193,0
A282W,-2.878441724,0.341652417,0
A282V,-3.797014024,0.287992052,0
A282T,-1.446802249,0.425284699,0
A282S,-0.908150383,0.456751199,0
A282R,-1.913765505,0.398006042,0
A282Q,-5.175167256,0.207484284,0
A282P,-0.414204215,0.485606121,0
A282N,-4.681631188,0.236315249,0
A282M,-4.961745525,0.219951771,0
A282L,-3.889261521,0.282603217,0
A282K,-4.656030096,0.237810791,0
A282I,-4.633637903,0.239118879,0
A282H,-3.361836902,0.313413854,0
A282G,-4.430518515,0.250984532,0
A282F,-3.912150316,0.281266119,0
A282E,-3.861614676,0.284218267,0
A282D,-0.685204263,0.469775074,0
A282C,-4.556714646,0.243612516,0
A260Y,-4.705964049,0.234893793,0
A260W,-4.59824084,0.241186674,0
A260V,-0.481777743,0.481658669,0
A260T,-1.577774811,0.417633656,0
A260S,0.283641457,0.526372268,0
A260R,-4.043255306,0.273607341,0
A260Q,-4.015752636,0.275213968,0
A260P,-2.073063103,0.388700332,0
A260N,-1.853478805,0.401527818,0
A260M,-4.590662177,0.241629398,0
A260L,-4.634089625,0.239092491,0
A260K,-5.123301108,0.210514156,0
A260I,-3.815498786,0.286912225,0
A260H,-5.580362932,0.183813912,0
A260G,-1.83294433,0.402727383,0
A260F,-4.579841636,0.242261503,0
A260E,-4.054701465,0.272938689,0
A260D,-1.649092218,0.413467498,0
A260C,-2.257558396,0.377922645,0
A219Y,-2.156851094,0.383805677,0
A219W,-2.954447793,0.33721236,0
A219V,-2.008566075,0.392468064,0
A219T,-1.889652337,0.399414664,0
A219S,-0.918774417,0.456130574,0
A219R,-3.950994154,0.278996973,0
A219Q,-3.434448808,0.309172074,0
A219P,-1.922348851,0.397504627,0
A219N,-4.106016977,0.269940984,0
A219M,-4.28096069,0.259721273,0
A219L,-5.718056816,0.175770229,0
A219K,-3.36454569,0.313255615,0
A219I,-4.303885805,0.258382053,0
A219H,-4.982851549,0.218718817,0
A219G,-1.405336919,0.427706985,0
A219F,-4.02583016,0.274625268,0
A219E,0.040346924,0.512159698,0
A219D,-3.212367195,0.322145447,0
A219C,-3.375655282,0.312606624,0
A195Y,-4.708878383,0.234723546,0
A195W,-2.719037634,0.350964348,0
A195V,-1.082190602,0.446584268,0
A195T,-4.047126551,0.273381194,0
A195S,-1.24811973,0.436891163,0
A195R,-3.105022132,0.328416238,0
A195Q,-3.197748518,0.322999428,0
A195P,-2.096529824,0.387329473,0
A195N,-2.231293177,0.379456984,0
A195M,-4.084308171,0.27120915,0
A195L,-3.504537014,0.305077722,0
A195K,-4.11628971,0.26934088,0
A195I,-2.096006868,0.387360023,0
A195H,-4.432498746,0.250868853,0
A195G,-4.28743353,0.259343148,0
A195F,-4.277407165,0.259928859,0
A195E,-3.067881151,0.330585908,0
A195D,-0.572451085,0.476361792,0
A195C,-2.045236094,0.390325906,0
A189Y,-5.834639288,0.168959815,0
A189W,-3.253543951,0.319740019,0
A189V,0.520343687,0.540199735,0
A189T,-1.406086136,0.427663218,0
A189S,-0.67485587,0.470379597,0
A189R,-1.331042135,0.432047073,0
A189Q,-1.4812512,0.42327229,0
A189P,-3.49890332,0.305406826,0
A189N,-3.383600883,0.312142465,0
A189M,-4.580189053,0.242241208,0
A189L,-3.336592278,0.314888573,0
A189K,-3.652950665,0.296407821,0
A189I,-2.357687498,0.372073389,0
A189H,-4.045830249,0.27345692,0
A189G,-3.678781377,0.294898865,0
A189F,-4.84748519,0.226626533,0
A189E,-3.87814845,0.283252411,0
A189D,-3.602090185,0.299378945,0
A189C,-3.02538343,0.333068503,0
A174Y,-3.759193317,0.29020143,0
A174W,-4.428909685,0.251078516,0
A174V,-0.277842887,0.49357196,0
A174T,-1.16721292,0.441617507,0
A174S,-0.551474039,0.477587211,0
A174R,-2.2614248,0.37769678,0
A174Q,-1.066591071,0.447495548,0
A174P,-3.327552403,0.315416657,0
A174N,-5.358091172,0.196798392,0
A174M,0.156027847,0.518917446,0
A174L,-4.354396158,0.255431383,0
A174K,-3.256409706,0.319572609,0
A174I,-3.423542842,0.30980917,0
A174H,-3.955951889,0.278707357,0
A174G,-2.693404014,0.352461791,0
A174F,-4.353249453,0.25549837,0
A174E,-2.591708474,0.358402553,0
A174D,-4.016187866,0.275188543,0
A174C,-2.777515362,0.347548247,0
A171Y,-5.646439889,0.179953885,0
A171W,-4.786136492,0.230210348,0
A171V,-0.923150449,0.455874938,0
A171T,-1.055087079,0.448167578,0
A171S,-0.646413773,0.472041103,0
A171R,-4.542155083,0.244463044,0
A171Q,-6.017524108,0.158276207,0
A171P,-3.522849714,0.304007947,0
A171N,-5.081981867,0.212927908,0
A171M,-4.438172683,0.250537398,0
A171L,-3.274902112,0.318492336,0
A171K,-4.504046587,0.246689233,0
A171I,-3.349466227,0.314136514,0
A171H,-4.316696844,0.257633669,0
A171G,-4.025857535,0.274623669,0
A171F,-4.78620273,0.230206478,0
A171E,-2.406061957,0.369247492,0
A171D,-1.101625394,0.445448943,0
A171C,-4.494387919,0.247253465,0
A143Y,-6.260518162,0.14408119,0
A143W,-4.900736597,0.223515738,0
A143V,-1.230737306,0.437906594,0
A143T,-2.064558228,0.389197162,0
A143S,-1.6484228,0.413506603,0
A143R,-6.364715644,0.137994271,0
A143Q,-2.118805084,0.386028216,0
A143P,-3.849274367,0.284939152,0
A143N,-5.275818259,0.20160454,0
A143M,-5.083253862,0.212853601,0
A143L,-5.266607012,0.202142635,0
A143K,-5.005094607,0.217419441,0
A143I,-5.528506916,0.186843192,0
A143H,-5.005433024,0.217399672,0
A143G,-3.037581575,0.332355923,0
A143F,-5.55940369,0.185038291,0
A143E,-4.137617251,0.268094986,0
A143D,-1.002799514,0.451222068,0
A143C,-3.159344696,0.325242869,0
