variant,position,start,end,abundance_class,activity,sd,original,mutation,resid,activity_binary,activity_scaled
A192R,192,A,R,wt-like,0.654748083755756,0.197559322,A,R,192,1,1
E307T,307,E,T,wt-like,0.552802414299723,0.245316265,E,T,307,1,0.953962038932472
L316F,316,L,F,wt-like,0.551130235034386,0.151250162,L,F,316,1,0.953206894311555
P281N,281,P,N,wt-like,0.542852764705397,0.114762565,P,N,281,1,0.949468845812026
P281A,281,P,A,wt-like,0.534398616354689,0.408230983,P,A,281,1,0.945651010736678
Y240W,240,Y,W,wt-like,0.526590147345803,0.416638401,Y,W,240,1,0.942124759997964
T401V,401,T,V,wt-like,0.521786250223708,0.278386054,T,V,401,1,0.939955353196679
D22N,22,D,N,wt-like,0.520878578100829,0.021301901,D,N,22,1,0.939545454727444
L220D,220,L,D,wt-like,0.49464744979974,0.34201452,L,D,220,1,0.927699658138667
I5S,5,I,S,wt-like,0.489010150392909,0.044326192,I,S,5,1,0.925153892614712
C304E,304,C,E,wt-like,0.48257937932915,0.125475278,C,E,304,1,0.922249800764148
V403L,403,V,L,wt-like,0.480953692759202,0.094457775,V,L,403,1,0.921515651923745
I4G,4,I,G,wt-like,0.476279913976758,0.085675637,I,G,4,1,0.919405005667043
F154P,154,F,P,wt-like,0.47620353471497,0.403344354,F,P,154,1,0.919370513319312
S361Q,361,S,Q,wt-like,0.476082719642867,0.311363846,S,Q,361,1,0.919315954066177
N63S,63,N,S,wt-like,0.47113118782138,0.058409182,N,S,63,1,0.917079876453085
N228P,228,N,P,wt-like,0.467549758181045,0.202417508,N,P,228,1,0.915462527533532
R161S,161,R,S,wt-like,0.463424149778641,0.046869573,R,S,161,1,0.913599431238974
L23I,23,L,I,possibly_wt-like,0.457991069112711,0.490499371,L,I,23,1,0.911145889489634
D310G,310,D,G,wt-like,0.457358503398336,0.128452853,D,G,310,1,0.910860227176694
T160S,160,T,S,wt-like,0.453825871583214,0.070443058,T,S,160,1,0.909264915018382
H376E,376,H,E,wt-like,0.451327474682795,0.051047076,H,E,376,1,0.908136656213016
S360N,360,S,N,wt-like,0.451054733823474,0.133807781,S,N,360,1,0.908013488322413
S10C,10,S,C,wt-like,0.447618477450455,0.33064571,S,C,10,1,0.906461698648921
V158A,158,V,A,wt-like,0.436742227399402,0.149062943,V,A,158,1,0.901550059154249
R11T,11,R,T,wt-like,0.433469838830905,0.152468227,R,T,11,1,0.900072271050858
V9P,9,V,P,wt-like,0.430648047320914,0.149913857,V,P,9,1,0.898797969470705
R161Q,161,R,Q,wt-like,0.429221462235002,0.145523663,R,Q,161,1,0.898153733487017
F392K,392,F,K,wt-like,0.425266732909487,0.132111716,F,K,392,1,0.896367805004795
I300A,300,I,A,wt-like,0.424217179060797,0.113922453,I,A,300,1,0.895893833726936
E40A,40,E,A,possibly_wt-like,0.421823584789351,0.529441083,E,A,40,1,0.894812903065847
I303M,303,I,M,wt-like,0.417994875794909,0.163799613,I,M,303,1,0.893083884495803
T363C,363,T,C,wt-like,0.416598103721398,0.163004421,T,C,363,1,0.892453111862854
R130A,130,R,A,wt-like,0.411939273476012,0.168406279,R,A,130,1,0.890349216262367
E285T,285,E,T,wt-like,0.411002064168234,0.180198165,E,T,285,1,0.88992597900419
V9N,9,V,N,wt-like,0.402090363965617,0.117347293,V,N,9,1,0.885901516668882
K237M,237,K,M,wt-like,0.399793319827024,0.272829313,K,M,237,1,0.884864187381751
H259N,259,H,N,wt-like,0.397508412098448,0.219451534,H,N,259,1,0.883832338813662
T210S,210,T,S,wt-like,0.396320222094202,0.146544277,T,S,210,1,0.883295760404317
K263T,263,K,T,wt-like,0.394212251139809,0.085286261,K,T,263,1,0.882343815262874
K6E,6,K,E,wt-like,0.393861046550875,0.29680107,K,E,6,1,0.88218521369325
P367M,367,P,M,wt-like,0.389045587002656,0.151193847,P,M,367,1,0.88001058538009
M199V,199,M,V,wt-like,0.386132978631427,0.231639075,M,V,199,1,0.878695271531889
T286Y,286,T,Y,wt-like,0.385472433500797,0.090526011,T,Y,286,1,0.878396973907581
K260Y,260,K,Y,wt-like,0.381390132642884,0.281779036,K,Y,260,1,0.876553435001364
R15Y,15,R,Y,wt-like,0.380536024907118,0.096533684,R,Y,15,1,0.876167725839842
V9E,9,V,E,wt-like,0.379908118050571,0.052519286,V,E,9,1,0.875884167434958
H123M,123,H,M,wt-like,0.376599952028344,0.129018199,H,M,123,1,0.874390222480269
R74H,74,R,H,wt-like,0.375917009704682,0.137898352,R,H,74,1,0.874081810438092
R14Q,14,R,Q,wt-like,0.37206854752082,0.137766914,R,Q,14,1,0.872343871463971
S361P,361,S,P,wt-like,0.371600037436359,0.083701293,S,P,361,1,0.872132295541783
V222H,222,V,H,wt-like,0.36859834860368,0.170752983,V,H,222,1,0.870776753571702
R308C,308,R,C,wt-like,0.368379558289972,0.028315899,R,C,308,1,0.870677949375328
D310R,310,D,R,wt-like,0.367161024633754,0.324690377,D,R,310,1,0.870127667982074
S360E,360,S,E,wt-like,0.365770625488966,0.092976109,S,E,360,1,0.869499773319774
A309I,309,A,I,wt-like,0.365055557142293,0.025668066,A,I,309,1,0.869176853387221
R234Q,234,R,Q,wt-like,0.36263629252481,0.107835448,R,Q,234,1,0.868084330174945
V9K,9,V,K,wt-like,0.361922942189426,0.154409444,V,K,9,1,0.86776218608444
T398W,398,T,W,wt-like,0.361475430458532,0.307677084,T,W,398,1,0.867560092873869
D297L,297,D,L,wt-like,0.35860191341143,0.180809595,D,L,297,1,0.866262432397977
P367E,367,P,E,wt-like,0.358592926688774,0.035771957,P,E,367,1,0.86625837405602
T401P,401,T,P,wt-like,0.354440421164688,0.106778829,T,P,401,1,0.864383131206857
E285W,285,E,W,wt-like,0.354092538326937,0.246178107,E,W,285,1,0.864226029717153
N82D,82,N,D,wt-like,0.353047187563968,0.369647228,N,D,82,1,0.863753956523811
D187E,187,D,E,wt-like,0.349320295694173,0.10880813,D,E,187,1,0.862070917864886
R15H,15,R,H,wt-like,0.343036230710554,0.088349385,R,H,15,1,0.859233077468081
K6A,6,K,A,wt-like,0.342341613002839,0.042551415,K,A,6,1,0.858919392903005
L265Q,265,L,Q,wt-like,0.34005073032522,0.247648694,L,Q,265,1,0.857884846089146
R11H,11,R,H,wt-like,0.339812312914662,0.166036932,R,H,11,1,0.857777178431229
V191L,191,V,L,wt-like,0.338656670555462,0.215564787,V,L,191,1,0.857255298313862
E7D,7,E,D,wt-like,0.338107705529529,0.128992066,E,D,7,1,0.857007389495113
N262D,262,N,D,wt-like,0.337720988806651,0.186113532,N,D,262,1,0.856832750890776
T78C,78,T,C,wt-like,0.337563836745032,0.086174597,T,C,78,1,0.856761782103842
V9C,9,V,C,wt-like,0.337491845767428,0.069948368,V,C,9,1,0.856729271474976
E394Q,394,E,Q,wt-like,0.337190102303172,0.021830321,E,Q,394,1,0.856593006208056
K128M,128,K,M,wt-like,0.335921798858168,0.211164116,K,M,128,1,0.856020249121517
H93E,93,H,E,wt-like,0.33431157044942,0.32298155,H,E,93,1,0.855293081080076
N82G,82,N,G,wt-like,0.334011233705417,0.049926875,N,G,82,1,0.855157451078317
T321E,321,T,E,wt-like,0.333900027938042,0.091423037,T,E,321,1,0.855107231320909
F392C,392,F,C,wt-like,0.33303651973837,0.281396907,F,C,392,1,0.854717276974735
T78M,78,T,M,wt-like,0.332310803136718,0.114029228,T,M,78,1,0.85438954836369
A192H,192,A,H,wt-like,0.331457902474633,0.097585596,A,H,192,1,0.854004384308316
E285K,285,E,K,wt-like,0.330369115447673,0.048666403,E,K,285,1,0.853512695597795
R234S,234,R,S,wt-like,0.329319185948196,0.141699846,R,S,234,1,0.853038554678632
K60Y,60,K,Y,wt-like,0.32882489255977,0.056657421,K,Y,60,1,0.852815335194237
R84P,84,R,P,wt-like,0.328132381648774,0.067008382,R,P,84,1,0.852502602044027
Q87M,87,Q,M,wt-like,0.324505176464551,0.404226312,Q,M,87,1,0.85086458120463
T366D,366,T,D,wt-like,0.322961543322114,0.091291644,T,D,366,1,0.850167487126056
S355W,355,S,W,wt-like,0.321831686893809,0.166356529,S,W,355,1,0.8496572517572
E284G,284,E,G,wt-like,0.319701700964492,0.062769821,E,G,284,1,0.848695364804949
C218Y,218,C,Y,wt-like,0.317212412938908,0.104051941,C,Y,218,1,0.847571219504622
R15K,15,R,K,wt-like,0.316867599667197,0.135868915,R,K,15,1,0.847415504209766
T363S,363,T,S,wt-like,0.315309616927418,0.172403739,T,S,363,1,0.846711929952021
F238C,238,F,C,wt-like,0.312211037774635,0.104422698,F,C,238,1,0.845312632981766
K289D,289,K,D,wt-like,0.310897675937244,0.138867365,K,D,289,1,0.844719527836054
C218M,218,C,M,wt-like,0.309296661480475,0.15775623,C,M,218,1,0.843996520751765
S362E,362,S,E,wt-like,0.308204723452688,0.030753588,S,E,362,1,0.843503409071008
T401N,401,T,N,wt-like,0.306850129344381,0.381400872,T,N,401,1,0.842891683716186
K223T,223,K,T,wt-like,0.306623143013518,0.08001827,K,T,223,1,0.842789178255004
P354Q,354,P,Q,wt-like,0.304872862534713,0.062359407,P,Q,354,1,0.841998763664856
F37M,37,F,M,wt-like,0.303667605375513,0.252552322,F,M,37,1,0.841454477846069
R130L,130,R,L,wt-like,0.301981454790549,0.094245369,R,L,130,1,0.840693023873588
L265I,265,L,I,wt-like,0.299981486064134,0.192349537,L,I,265,1,0.83978985179326
I5Y,5,I,Y,wt-like,0.298606730279012,0.221736325,I,Y,5,1,0.839169021564272
F392E,392,F,E,wt-like,0.298564225261201,0.255120034,F,E,392,1,0.839149826591444
I5N,5,I,N,wt-like,0.298411156760052,0.416574657,I,N,5,1,0.839080701912248
I300K,300,I,K,wt-like,0.298205558881648,0.407456366,I,K,300,1,0.83898785532865
R84C,84,R,C,possibly_wt-like,0.29786845695877,0.54303906,R,C,84,1,0.838835622425732
T2D,2,T,D,wt-like,0.297804735552321,0.089940445,T,D,2,1,0.838806846278153
V351I,351,V,I,wt-like,0.296990366678577,0.246246025,V,I,351,1,0.838439082912587
N389S,389,N,S,wt-like,0.29563903521556,0.339855374,N,S,389,1,0.837828830945872
N292V,292,N,V,wt-like,0.294850729413675,0.176097691,N,V,292,1,0.837472837483764
K402G,402,K,G,wt-like,0.292360327570375,0.037623605,K,G,402,1,0.83634818919104
F279M,279,F,M,possibly_wt-like,0.292311315650483,0.429102213,F,M,279,1,0.836326055746119
T363E,363,T,E,wt-like,0.291631461281362,0.054415158,T,E,363,1,0.83601903820291
R74C,74,R,C,wt-like,0.291560284651616,0.227633515,R,C,74,1,0.83598689532792
K147R,147,K,R,wt-like,0.291111408231327,0.157706922,K,R,147,1,0.835784185833032
V351Q,351,V,Q,wt-like,0.29104398679598,0.111847668,V,Q,351,1,0.835753738777927
K402S,402,K,S,wt-like,0.290843776748085,0.177517789,K,S,402,1,0.835663325301421
Q87H,87,Q,H,wt-like,0.290336477436283,0.068308179,Q,H,87,1,0.835434232431749
K125G,125,K,G,wt-like,0.289517030709603,0.110946009,K,G,125,1,0.835064175942826
P354K,354,P,K,possibly_wt-like,0.289468667641069,0.666204333,P,K,354,1,0.835042335514702
K13P,13,K,P,wt-like,0.289161156755126,0.089097465,K,P,13,1,0.834903465719933
C250V,250,C,V,wt-like,0.288360612093009,0.107769284,C,V,250,1,0.834541945272974
R15F,15,R,F,wt-like,0.287417306997472,0.121775074,R,F,15,1,0.834115955199096
Q261A,261,Q,A,wt-like,0.286756261436949,0.420984672,Q,A,261,1,0.833817431584099
D310W,310,D,W,wt-like,0.286507489987412,0.098483111,D,W,310,1,0.833705088113606
V216N,216,V,N,wt-like,0.286286101641344,0.100669579,V,N,216,1,0.83360511066374
S226T,226,S,T,wt-like,0.285215802937696,0.21175537,S,T,226,1,0.833121771152488
N372S,372,N,S,wt-like,0.283887680388641,0.126531269,N,S,372,1,0.832522000171213
D393Y,393,D,Y,wt-like,0.283751876062088,0.100511792,D,Y,393,1,0.83246067187417
V403Y,403,V,Y,wt-like,0.283626429714907,0.062334697,V,Y,403,1,0.832404021169158
S10T,10,S,T,wt-like,0.281794559461484,0.289671402,S,T,10,1,0.831576761199629
A309G,309,A,G,wt-like,0.281216346212794,0.142937034,A,G,309,1,0.831315644085249
Q149E,149,Q,E,wt-like,0.280592559693718,0.26011133,Q,E,149,1,0.831033946396344
K260A,260,K,A,wt-like,0.279342827320275,0.120534307,K,A,260,1,0.830469575877611
I5R,5,I,R,wt-like,0.278344099285659,0.222892528,I,R,5,1,0.830018557186773
K128G,128,K,G,wt-like,0.277823709988767,0.069742019,K,G,128,1,0.829783552970134
N12P,12,N,P,wt-like,0.277227906826337,0.153748329,N,P,12,1,0.82951449237205
T321Q,321,T,Q,wt-like,0.276349963654145,0.099232644,T,Q,321,1,0.829118019291864
T321H,321,T,H,wt-like,0.276128370407647,0.144250498,T,H,321,1,0.829017949310378
R47E,47,R,E,wt-like,0.275786291768583,0.130248665,R,E,47,1,0.828863468956761
S10H,10,S,H,wt-like,0.27524080085569,0.124251348,S,H,10,1,0.828617129023496
S305P,305,S,P,wt-like,0.274910358196751,0.182914778,S,P,305,1,0.828467903398234
T210D,210,T,D,wt-like,0.274603137586415,0.188871315,T,D,210,1,0.828329164689928
L220A,220,L,A,wt-like,0.273443917350496,0.109207936,L,A,220,1,0.827805668828115
C250T,250,C,T,wt-like,0.272844391830276,0.034719997,C,T,250,1,0.827534927238932
R47N,47,R,N,wt-like,0.272646250488633,0.031614886,R,N,47,1,0.827445447975898
V9S,9,V,S,wt-like,0.271634433782391,0.29768571,V,S,9,1,0.826988518531244
G293R,293,G,R,wt-like,0.270071593851676,0.117058693,G,R,293,1,0.826282750799579
S305A,305,S,A,wt-like,0.269727594927824,0.114486469,S,A,305,1,0.826127403258599
N212Y,212,N,Y,wt-like,0.267936467023138,0.15007051,N,Y,212,1,0.825318542252703
D375P,375,D,P,wt-like,0.267799580402012,0.189947527,D,P,375,1,0.825256725198897
E358G,358,E,G,wt-like,0.267241866390459,0.195379543,E,G,358,1,0.825004865398597
Y16D,16,Y,D,wt-like,0.266603994280362,0.209435147,Y,D,16,1,0.824716806753954
N262K,262,N,K,wt-like,0.265356682621602,0.100468415,N,K,262,1,0.824153529413274
E157M,157,E,M,wt-like,0.265040889029862,0.124949784,E,M,157,1,0.824010919205704
K144I,144,K,I,wt-like,0.264737107069031,0.247062431,K,I,144,1,0.823873733367793
V158Q,158,V,Q,wt-like,0.264293602717679,0.145980242,V,Q,158,1,0.823673449862179
R308K,308,R,K,wt-like,0.263795999399248,0.098347123,R,K,308,1,0.823448735636227
E394H,394,E,H,wt-like,0.262769707003092,0.174647199,E,H,394,1,0.822985269069866
F37P,37,F,P,possibly_wt-like,0.261536856586138,0.403892952,F,P,37,1,0.822428522326227
V351P,351,V,P,wt-like,0.261047700156541,0.17627524,V,P,351,1,0.822207622657002
T363F,363,T,F,wt-like,0.260968503513855,0.092493954,T,F,363,1,0.822171857999492
S355D,355,S,D,wt-like,0.258563141915856,0.115708588,S,D,355,1,0.821085613294907
K13E,13,K,E,wt-like,0.258067273683749,0.09022495,K,E,13,1,0.82086168262197
E235V,235,E,V,wt-like,0.257961084036489,0.16608022,E,V,235,1,0.820813728109803
S226E,226,S,E,wt-like,0.257892597381605,0.053581659,S,E,226,1,0.820782800008903
L295H,295,L,H,wt-like,0.25667163250299,0.072324223,L,H,295,1,0.820231420692386
K263E,263,K,E,wt-like,0.256656106041646,0.146900559,K,E,263,1,0.820224409049551
L265D,265,L,D,wt-like,0.256114309903795,0.085313716,L,D,265,1,0.819979737651207
K128D,128,K,D,wt-like,0.25588919788647,0.144599087,K,D,128,1,0.819878078617088
E40T,40,E,T,wt-like,0.255876903860738,0.350048638,E,T,40,1,0.819872526719877
G156S,156,G,S,wt-like,0.25582359822609,0.261120434,G,S,156,1,0.819848454262992
R74N,74,R,N,wt-like,0.255064943880498,0.069267185,R,N,74,1,0.819505851194
G209N,209,G,N,wt-like,0.253253093449746,0.217789885,G,N,209,1,0.818687632038284
R161C,161,R,C,wt-like,0.253108550645288,0.116079044,R,C,161,1,0.818622357504901
R130P,130,R,P,wt-like,0.252653873966705,0.084461507,R,P,130,1,0.81841702865338
P391K,391,P,K,wt-like,0.252463869536324,0.256882783,P,K,391,1,0.81833122396334
S355C,355,S,C,wt-like,0.251975167565371,0.317257116,S,C,355,1,0.818110529524505
V216C,216,V,C,wt-like,0.251188850348417,0.153352273,V,C,216,1,0.817755434093634
T366E,366,T,E,wt-like,0.250334166001829,0.102194154,T,E,366,1,0.817369464538643
A79H,79,A,H,wt-like,0.248814770215892,0.111493713,A,H,79,1,0.816683315883066
S287P,287,S,P,wt-like,0.248110867629128,0.156822196,S,P,287,1,0.816365438330663
R14M,14,R,M,wt-like,0.247665381260165,0.154291698,R,M,14,1,0.816164259759569
N48H,48,N,H,wt-like,0.247105321401395,0.122018037,N,H,48,1,0.815911340590847
G282M,282,G,M,wt-like,0.246294259830727,0.161179972,G,M,282,1,0.815545070780535
S305K,305,S,K,wt-like,0.245439867073211,0.137353274,S,K,305,1,0.815159232905157
L316A,316,L,A,wt-like,0.244991576457994,0.156691859,L,A,316,1,0.814956787955799
L295I,295,L,I,wt-like,0.244860434929662,0.047477403,L,I,295,1,0.814897565346267
P391M,391,P,M,wt-like,0.244823541031288,0.092234408,P,M,391,1,0.814880904316269
S364D,364,S,D,wt-like,0.243965466633374,0.110293855,S,D,364,1,0.814493403837485
S364T,364,S,T,wt-like,0.24346200526422,0.188621183,S,T,364,1,0.814266044156237
R47S,47,R,S,wt-like,0.242465649346107,0.107025311,R,S,47,1,0.813816096696848
T286A,286,T,A,wt-like,0.240528771563283,0.146339368,T,A,286,1,0.812941416051422
V9T,9,V,T,wt-like,0.240173105136163,0.140460803,V,T,9,1,0.812780799546452
D162S,162,D,S,wt-like,0.239343748321434,0.192037295,D,S,162,1,0.81240626773013
V9D,9,V,D,wt-like,0.239213832255282,0.234920822,V,D,9,1,0.812347598530864
D19N,19,D,N,wt-like,0.237943888293382,0.139434762,D,N,19,1,0.811774100598212
Q214T,214,Q,T,wt-like,0.236877042687346,0.05915501,Q,T,214,1,0.811292320482021
Q399T,399,Q,T,wt-like,0.236728520086097,0.174341676,Q,T,399,1,0.81122524869986
K260I,260,K,I,wt-like,0.236165260628322,0.108590843,K,I,260,1,0.810970884614301
Q399K,399,Q,K,wt-like,0.236072033560116,0.135657204,Q,K,399,1,0.810928783913413
P387C,387,P,C,wt-like,0.235914947171711,0.105963974,P,C,387,1,0.81085784478405
R14D,14,R,D,wt-like,0.235029363577757,0.137503321,R,D,14,1,0.810457921342102
D297I,297,D,I,wt-like,0.234257302702182,0.212558412,D,I,297,1,0.810109263976653
R11P,11,R,P,wt-like,0.234244902285842,0.089165134,R,P,11,1,0.810103664034176
V133L,133,V,L,wt-like,0.234128229880103,0.14930568,V,L,133,1,0.810050975580594
L220P,220,L,P,wt-like,0.233689218890078,0.127186314,L,P,220,1,0.809852721245958
D371Q,371,D,Q,wt-like,0.233186803038497,0.251494516,D,Q,371,1,0.809625833713234
L265E,265,L,E,wt-like,0.233111553355996,0.202985658,L,E,265,1,0.809591851475717
V365I,365,V,I,wt-like,0.232456717854625,0.053785682,V,I,365,1,0.809296132280594
K289R,289,K,R,wt-like,0.231990692844597,0.14058172,K,R,289,1,0.809085678600878
P357V,357,P,V,wt-like,0.231913205018949,0.191321687,P,V,357,1,0.809050685633355
S229E,229,S,E,wt-like,0.228708547863371,0.083776962,S,E,229,1,0.807603484568803
S364E,364,S,E,wt-like,0.228424872413855,0.086285557,S,E,364,1,0.807475378692699
C124S,124,C,S,wt-like,0.227929668794678,0.258371764,C,S,124,1,0.807251748154376
N389L,389,N,L,wt-like,0.227036239878535,0.075529077,N,L,389,1,0.806848281819048
T366L,366,T,L,wt-like,0.226939962946253,0.214135834,T,L,366,1,0.806804803820583
P38S,38,P,S,wt-like,0.226159007290521,0.262707165,P,S,38,1,0.806452129633774
S287D,287,S,D,wt-like,0.225525675826467,0.064139363,S,D,287,1,0.806166121513562
Q17N,17,Q,N,wt-like,0.225226098264821,0.171581769,Q,N,17,1,0.806030834353319
F392P,392,F,P,wt-like,0.224366230988155,0.07184376,F,P,392,1,0.805642524222858
T202H,202,T,H,wt-like,0.224061193355465,0.012530132,T,H,202,1,0.805504771332197
R11V,11,R,V,wt-like,0.223373261180975,0.06830204,R,V,11,1,0.805194105907807
E299Y,299,E,Y,wt-like,0.223258632525667,0.078015545,E,Y,299,1,0.805142340397821
K144V,144,K,V,wt-like,0.223132208961056,0.142679284,K,V,144,1,0.805085248388159
V351G,351,V,G,wt-like,0.222433421004229,0.171011663,V,G,351,1,0.804769680567353
Q399P,399,Q,P,wt-like,0.221520628997557,0.088018286,Q,P,399,1,0.804357469993916
V9G,9,V,G,wt-like,0.221476159037172,0.064920438,V,G,9,1,0.804337387666576
T286V,286,T,V,wt-like,0.220805533068135,0.161212692,T,V,286,1,0.804034537605184
S294E,294,S,E,wt-like,0.220426421303482,0.099220021,S,E,294,1,0.80386333334752
P354C,354,P,C,wt-like,0.21948979911424,0.008249581,P,C,354,1,0.803440361228023
K260L,260,K,L,wt-like,0.219263373632629,0.1049604,K,L,260,1,0.803338109042494
N117S,117,N,S,wt-like,0.218400290995386,0.118318446,N,S,117,1,0.802948346877377
Q214M,214,Q,M,wt-like,0.218113439589223,0.122243041,Q,M,214,1,0.802818806761161
E7T,7,E,T,wt-like,0.217876090025131,0.151453008,E,T,7,1,0.802711621335342
N340G,340,N,G,wt-like,0.21691756450543,0.21861741,N,G,340,1,0.802278757822907
N262A,262,N,A,wt-like,0.216463611545669,0.088987655,N,A,262,1,0.802073755797814
S305I,305,S,I,wt-like,0.216203263221901,0.100039447,S,I,305,1,0.801956184290779
I5L,5,I,L,wt-like,0.214660952738002,0.162152827,I,L,5,1,0.801259687515677
L220F,220,L,F,wt-like,0.214625315824951,0.252670597,L,F,220,1,0.801243594131579
H376S,376,H,S,wt-like,0.213640409375033,0.094526892,H,S,376,1,0.800798817173044
A126C,126,A,C,wt-like,0.212769020389635,0.089586002,A,C,126,1,0.800405303918401
V222A,222,V,A,wt-like,0.211910649148792,0.132150521,V,A,222,1,0.800017669387398
N12G,12,N,G,wt-like,0.211336902992145,0.101193029,N,G,12,1,0.799758569580968
R84I,84,R,I,wt-like,0.211332954718496,0.090983848,R,I,84,1,0.799756786567825
T232S,232,T,S,wt-like,0.211080127291239,0.12234932,T,S,232,1,0.799642611445773
K344I,344,K,I,wt-like,0.210899038656443,0.06843681,K,I,344,1,0.799560833067515
P231C,231,P,C,wt-like,0.210236313175096,0.100809965,P,C,231,1,0.799261550811863
Y315M,315,Y,M,wt-like,0.209685859994124,0.107534639,Y,M,315,1,0.799012969952566
P387T,387,P,T,wt-like,0.209532900510511,0.077473941,P,T,387,1,0.798943894504937
V45Q,45,V,Q,wt-like,0.208531981617463,0.084616953,V,Q,45,1,0.798491886437544
T131L,131,T,L,wt-like,0.207357948131308,0.16330165,T,L,131,1,0.797961701014112
A121V,121,A,V,wt-like,0.207023093545826,0.208375879,A,V,121,1,0.797810482993259
S287H,287,S,H,wt-like,0.206326430774216,0.113647193,S,H,287,1,0.797495874891436
D187I,187,D,I,wt-like,0.20546567822262,0.087865489,D,I,187,1,0.797107164976924
L265V,265,L,V,wt-like,0.205135008334358,0.165334477,L,V,265,1,0.796957836736468
Q214A,214,Q,A,wt-like,0.205116812913582,0.117387584,Q,A,214,1,0.796949619809964
V45D,45,V,D,wt-like,0.20456970775308,0.105913976,V,D,45,1,0.796702550893615
A121I,121,A,I,wt-like,0.204121242447112,0.222642248,A,I,121,1,0.796500027055118
R15L,15,R,L,wt-like,0.204051564480119,0.230944794,R,L,15,1,0.796468560965889
L316S,316,L,S,wt-like,0.202968829896596,0.19860787,L,S,316,1,0.795979605497072
K125D,125,K,D,wt-like,0.20237369266056,0.304851102,K,D,125,1,0.795710845626754
E91H,91,E,H,wt-like,0.201629896222989,0.07894326,E,H,91,1,0.795374952286529
I303C,303,I,C,possibly_wt-like,0.201173202063261,0.767016451,I,C,303,1,0.795168712354441
Y46G,46,Y,G,wt-like,0.200442223723672,0.173802934,Y,G,46,1,0.794838607578841
D312P,312,D,P,wt-like,0.199447211479525,0.071052017,D,P,312,1,0.794389266913345
S287W,287,S,W,wt-like,0.198724589399735,0.24785119,S,W,287,1,0.794062935767026
S229F,229,S,F,wt-like,0.198604808024027,0.083978658,S,F,229,1,0.794008843324052
K332T,332,K,T,wt-like,0.197848785860867,0.199823448,K,T,332,1,0.793667428930488
L146A,146,L,A,wt-like,0.197626189127654,0.046913891,L,A,146,1,0.793566905781324
R11G,11,R,G,wt-like,0.195875921783491,0.099682882,R,G,11,1,0.792776497122689
K263F,263,K,F,wt-like,0.195559107629999,0.12665651,K,F,263,1,0.792633426036473
V365P,365,V,P,wt-like,0.195429895580706,0.183371924,V,P,365,1,0.792575074766365
T210E,210,T,E,wt-like,0.19499035132418,0.183216996,T,E,210,1,0.792376579612256
E91Q,91,E,Q,wt-like,0.194637420843172,0.090530064,E,Q,91,1,0.792217198641677
L146K,146,L,K,wt-like,0.194326196793688,0.283475463,L,K,146,1,0.792076652007869
P281L,281,P,L,wt-like,0.193155253889002,0.201158969,P,L,281,1,0.791547862269708
P248T,248,P,T,wt-like,0.193027019057139,0.052469329,P,T,248,1,0.79148995230425
M35F,35,M,F,wt-like,0.191592026486323,0.194556806,M,F,35,1,0.790841919558378
S364G,364,S,G,wt-like,0.191156393726445,0.117889546,S,G,364,1,0.790645190809172
N117R,117,N,R,wt-like,0.190574501464286,0.112171742,N,R,117,1,0.790382412277688
C218S,218,C,S,wt-like,0.190422038470174,0.202362243,C,S,218,1,0.790313561041293
R11L,11,R,L,wt-like,0.190067471412663,0.068903663,R,L,11,1,0.790153441004056
L152I,152,L,I,wt-like,0.190045124131274,0.090148962,L,I,152,1,0.79014334912594
R47Q,47,R,Q,wt-like,0.188687981902248,0.15397118,R,Q,47,1,0.78953047305738
R14Y,14,R,Y,wt-like,0.188400501346692,0.226517383,R,Y,14,1,0.789400648821637
A79N,79,A,N,wt-like,0.188199406023866,0.039380286,A,N,79,1,0.789309835561079
L265P,265,L,P,wt-like,0.187940235877565,0.122185649,L,P,265,1,0.78919279611086
T363Y,363,T,Y,wt-like,0.187368235314955,0.131808957,T,Y,363,1,0.788934484602657
N49R,49,N,R,wt-like,0.187148868390425,0.193649033,N,R,49,1,0.788835420012813
S361K,361,S,K,wt-like,0.186627654237961,0.15447284,S,K,361,1,0.788600043297087
E157R,157,E,R,wt-like,0.18583452802214,0.121019893,E,R,157,1,0.7882418729693
N389D,389,N,D,wt-like,0.185808505667674,0.06996551,N,D,389,1,0.788230121453535
S361I,361,S,I,wt-like,0.185580867858525,0.20683357,S,I,361,1,0.788127321789253
R189Q,189,R,Q,possibly_wt-like,0.185185721321849,0.355457552,R,Q,189,1,0.787948876339156
T398M,398,T,M,wt-like,0.183900430843212,0.168706969,T,M,398,1,0.787368448025411
D395H,395,D,H,wt-like,0.183774946405567,0.151071012,D,H,395,1,0.787311780119009
C124D,124,C,D,wt-like,0.182664768299219,0.224780378,C,D,124,1,0.7868104313446
K344M,344,K,M,wt-like,0.182328401916342,0.103338785,K,M,344,1,0.786658530606472
V85I,85,V,I,wt-like,0.181609579688735,0.13235273,V,I,85,1,0.786333915447185
S364R,364,S,R,wt-like,0.181244168670066,0.119637467,S,R,364,1,0.786168898351894
Q110E,110,Q,E,wt-like,0.181100182774466,0.147885475,Q,E,110,1,0.786103875314709
Q87L,87,Q,L,wt-like,0.180895703967636,0.134419386,Q,L,87,1,0.786011534096115
H75E,75,H,E,wt-like,0.180884786452477,0.35972771,H,E,75,1,0.786006603821582
M205T,205,M,T,wt-like,0.180570043632167,0.141156117,M,T,205,1,0.785864468135142
H75M,75,H,M,wt-like,0.179815488608617,0.140451714,H,M,75,1,0.785523716291706
Y46H,46,Y,H,wt-like,0.17912730950284,0.105856676,Y,H,46,1,0.78521293935485
V369G,369,V,G,wt-like,0.179020830893437,0.113193912,V,G,369,1,0.785164854349372
R308I,308,R,I,wt-like,0.178875443531442,0.150990162,R,I,308,1,0.785099198419631
K13H,13,K,H,wt-like,0.178331485431373,0.044464247,K,H,13,1,0.784853550694064
R11Q,11,R,Q,wt-like,0.178311124107986,0.221033375,R,Q,11,1,0.784844355660882
D116V,116,D,V,wt-like,0.177771432139923,0.088675418,D,V,116,1,0.784600634491099
P391C,391,P,C,wt-like,0.177343994083737,0.120495508,P,C,391,1,0.784407606413551
R15I,15,R,I,wt-like,0.177057636540146,0.165996032,R,I,15,1,0.784278289322265
N292A,292,N,A,wt-like,0.175863860372284,0.140858422,N,A,292,1,0.783739188239966
K13G,13,K,G,wt-like,0.175546371098148,0.08783297,K,G,13,1,0.783595812273925
S360L,360,S,L,wt-like,0.175341646673496,0.176029315,S,L,360,1,0.783503360136016
L265Y,265,L,Y,wt-like,0.17529441318425,0.162658699,L,Y,265,1,0.783482029818107
A121F,121,A,F,wt-like,0.174751177489539,0.147918841,A,F,121,1,0.783236708325816
P354F,354,P,F,wt-like,0.174103024894463,0.190520599,P,F,354,1,0.782944007085075
I4L,4,I,L,wt-like,0.174024989354208,0.124366014,I,L,4,1,0.782908766773414
P387S,387,P,S,wt-like,0.174014384443549,0.144876251,P,S,387,1,0.782903977668917
R14N,14,R,N,wt-like,0.172883436526421,0.108149509,R,N,14,1,0.782393249391237
D393S,393,D,S,wt-like,0.172535017795241,0.145552084,D,S,393,1,0.782235905895757
I303R,303,I,R,wt-like,0.172451742845943,0.155931947,I,R,303,1,0.782198299503116
Q149R,149,Q,R,wt-like,0.171947559071431,0.103813377,Q,R,149,1,0.781970613588592
D52E,52,D,E,wt-like,0.171906485729693,0.422855659,D,E,52,1,0.781952065150802
D297G,297,D,G,wt-like,0.171446664211495,0.186175189,D,G,297,1,0.781744412925202
H397T,397,H,T,wt-like,0.171185873250263,0.133461616,H,T,397,1,0.781626641526142
S364P,364,S,P,wt-like,0.171048533483958,0.302723733,S,P,364,1,0.781564619835099
S361T,361,S,T,possibly_wt-like,0.170781272397645,0.419284789,S,T,361,1,0.781443926572185
E358L,358,E,L,wt-like,0.17037046936666,0.162913409,E,L,358,1,0.781258410757263
D393K,393,D,K,wt-like,0.169879480654382,0.175249726,D,K,393,1,0.78103668364182
G44H,44,G,H,wt-like,0.169827639532414,0.170490273,G,H,44,1,0.781013272548758
T398P,398,T,P,wt-like,0.169314165624996,0.198988983,T,P,398,1,0.7807813912743
Q17H,17,Q,H,wt-like,0.168632778443051,0.023529962,Q,H,17,1,0.780473681523394
S305T,305,S,T,wt-like,0.168591913942135,0.097872784,S,T,305,1,0.780455227396679
H397K,397,H,K,wt-like,0.168324266697321,0.180019374,H,K,397,1,0.78033435974725
T398K,398,T,K,wt-like,0.167307516619214,0.081211683,T,K,398,1,0.779875202425894
V45S,45,V,S,wt-like,0.167242324132763,0.14179191,V,S,45,1,0.779845761948735
S229A,229,S,A,wt-like,0.167098015124949,0.319089762,S,A,229,1,0.779780592996303
H376F,376,H,F,wt-like,0.166896995983052,0.258521208,H,F,376,1,0.779689814138526
V369F,369,V,F,wt-like,0.166219547880505,0.204493066,V,F,369,1,0.779383883248703
V45P,45,V,P,wt-like,0.165896501338969,0.294981147,V,P,45,1,0.779237997659039
N49A,49,N,A,wt-like,0.165813695296421,0.114242039,N,A,49,1,0.779200603021451
Y176K,176,Y,K,wt-like,0.165751670885831,0.052312786,Y,K,176,1,0.779172593225496
C105V,105,C,V,wt-like,0.165496010316106,0.385214831,C,V,105,1,0.779057138675849
A192G,192,A,G,wt-like,0.165436498562699,0.108090053,A,G,192,1,0.779030263578544
N228L,228,N,L,wt-like,0.165103830895256,0.096572832,N,L,228,1,0.778880033154791
F273C,273,F,C,wt-like,0.164828593140324,0.338477716,F,C,273,1,0.778755737683355
N117A,117,N,A,wt-like,0.164644131529237,0.091074649,N,A,117,1,0.778672436092273
N228F,228,N,F,wt-like,0.164617305334627,0.176380838,N,F,228,1,0.778660321567844
N49H,49,N,H,wt-like,0.164573908474564,0.212881493,N,H,49,1,0.778640723845207
I400H,400,I,H,wt-like,0.164559246272722,0.11819869,I,H,400,1,0.778634102496001
T286G,286,T,G,wt-like,0.163967981129406,0.363133905,T,G,286,1,0.778367091236044
R47T,47,R,T,wt-like,0.162462347822274,0.376916714,R,T,47,1,0.777687157620957
R14A,14,R,A,wt-like,0.162366686904743,0.198892957,R,A,14,1,0.777643957810504
S207E,207,S,E,wt-like,0.162320669683427,0.088662192,S,E,207,1,0.777623176750801
K13I,13,K,I,wt-like,0.162309405413697,0.173463675,K,I,13,1,0.777618089884297
S361H,361,S,H,wt-like,0.162180058077582,0.109515092,S,H,361,1,0.777559677519593
I400C,400,I,C,wt-like,0.16169498389499,0.133602297,I,C,400,1,0.777340621364955
R15M,15,R,M,wt-like,0.161608169159437,0.169854024,R,M,15,1,0.777301416429259
R130F,130,R,F,wt-like,0.161369805600915,0.097185288,R,F,130,1,0.77719377309055
S362V,362,S,V,wt-like,0.161232212336003,0.162645079,S,V,362,1,0.777131636921285
A126S,126,A,S,wt-like,0.161166918712801,0.356090827,A,S,126,1,0.777102150771466
T366W,366,T,W,wt-like,0.161048072523666,0.207381478,T,W,366,1,0.777048480652298
R11W,11,R,W,wt-like,0.16088905271583,0.174516747,R,W,11,1,0.776976668404056
A192Y,192,A,Y,wt-like,0.16080979959418,0.177306973,A,Y,192,1,0.776940878241037
P367T,367,P,T,wt-like,0.160498986659019,0.154492114,P,T,367,1,0.77680051726362
E18Q,18,E,Q,wt-like,0.159706589415877,0.24588055,E,Q,18,1,0.776442676134865
P281R,281,P,R,wt-like,0.159655709749769,0.116852999,P,R,281,1,0.776419699228638
F90C,90,F,C,wt-like,0.159415043688351,0.074380368,F,C,90,1,0.776311016095505
R130G,130,R,G,wt-like,0.159275298968935,0.070289516,R,G,130,1,0.776247908344227
Q261V,261,Q,V,wt-like,0.158915839256953,0.135922067,Q,V,261,1,0.776085578817982
K144Q,144,K,Q,wt-like,0.158614462249234,0.179929681,K,Q,144,1,0.775949479040305
Q396W,396,Q,W,wt-like,0.158606228141615,0.061037459,Q,W,396,1,0.775945760574107
Q396A,396,Q,A,wt-like,0.158538056718159,0.073300092,Q,A,396,1,0.775914974829545
V45Y,45,V,Y,wt-like,0.158230644342038,0.119906801,V,Y,45,1,0.775776149521133
H75V,75,H,V,wt-like,0.157989455521834,0.089223976,H,V,75,1,0.775667230313738
D393I,393,D,I,wt-like,0.157365504819721,0.098836862,D,I,393,1,0.775385458480906
A137S,137,A,S,wt-like,0.157078966018059,0.084591319,A,S,137,1,0.775256059534726
P391W,391,P,W,wt-like,0.156983886965207,0.069391314,P,W,391,1,0.775213122490348
E43R,43,E,R,wt-like,0.156801524270052,0.159550308,E,R,43,1,0.775130768755221
N94A,94,N,A,wt-like,0.156769579505113,0.28757324,N,A,94,1,0.775116342719742
S287F,287,S,F,wt-like,0.15648052541934,0.23155045,S,F,287,1,0.774985807888608
F238Y,238,F,Y,wt-like,0.156212946474669,0.208892942,F,Y,238,1,0.774864971083053
P387A,387,P,A,wt-like,0.15600541386337,0.114435273,P,A,387,1,0.774771250787427
A192S,192,A,S,wt-like,0.155526765148074,0.169941694,A,S,192,1,0.774555096329495
S360W,360,S,W,wt-like,0.15517292312285,0.085021564,S,W,360,1,0.774395303711836
V365A,365,V,A,possibly_wt-like,0.154885376894079,0.384032419,V,A,365,1,0.774265449818523
A126N,126,A,N,wt-like,0.154867400821839,0.418979262,A,N,126,1,0.774257331948305
D92R,92,D,R,wt-like,0.154687948763545,0.117382469,D,R,92,1,0.774176292636706
R11A,11,R,A,wt-like,0.153843349195757,0.196443291,R,A,11,1,0.773794877298252
A3V,3,A,V,wt-like,0.153375068967547,0.203399274,A,V,3,1,0.773583405177562
V45N,45,V,N,wt-like,0.153367285378179,0.167105667,V,N,45,1,0.773579890162298
F37C,37,F,C,wt-like,0.153321446788006,0.144034538,F,C,37,1,0.773559189771187
H376D,376,H,D,wt-like,0.153039037518063,0.091409849,H,D,376,1,0.773431655693044
H123I,123,H,I,wt-like,0.152421604225746,0.127442557,H,I,123,1,0.773152827077516
K344R,344,K,R,wt-like,0.151791250385231,0.133602249,K,R,344,1,0.772868163631553
Y68F,68,Y,F,wt-like,0.151209285882536,0.408459683,Y,F,68,1,0.772605352476742
H259D,259,H,D,wt-like,0.150958064822103,0.048945096,H,D,259,1,0.772491902778866
T167Y,167,T,Y,wt-like,0.150608529646278,0.326655642,T,Y,167,1,0.772334055104685
D393A,393,D,A,wt-like,0.150537632784426,0.201974192,D,A,393,1,0.772302038570946
T321Y,321,T,Y,wt-like,0.149320542625459,0.169673246,T,Y,321,1,0.771752409051093
G20D,20,G,D,wt-like,0.14912048756635,0.335677759,G,D,20,1,0.771662065566453
E288T,288,E,T,wt-like,0.14909860262439,0.150434015,E,T,288,1,0.771652182477634
D297H,297,D,H,wt-like,0.14894641939817,0.236688458,D,H,297,1,0.771583457582489
N12S,12,N,S,wt-like,0.148760922777225,0.150506464,N,S,12,1,0.771499688588095
N49D,49,N,D,wt-like,0.148672270505133,0.174133751,N,D,49,1,0.771459653833574
N340K,340,N,K,wt-like,0.148352602193744,0.063669639,N,K,340,1,0.77131529382934
A39C,39,A,C,wt-like,0.148063517898292,0.076404296,A,C,39,1,0.771184745355724
V133I,133,V,I,wt-like,0.147333963353992,0.018945322,V,I,133,1,0.770855283556255
V222S,222,V,S,wt-like,0.147326791838981,0.031976405,V,S,222,1,0.770852044949547
T363I,363,T,I,wt-like,0.146903814307515,0.103629115,T,I,363,1,0.770661031214192
I303V,303,I,V,wt-like,0.146902029309548,0.190440547,I,V,303,1,0.770660225121424
G293A,293,G,A,wt-like,0.146364258939738,0.153172798,G,A,293,1,0.770417371732156
N228Q,228,N,Q,wt-like,0.145812877139516,0.055124958,N,Q,228,1,0.770168371514811
V217I,217,V,I,wt-like,0.145221077416235,0.269972797,V,I,217,1,0.76990111884223
A309N,309,A,N,wt-like,0.145162875186723,0.277835212,A,N,309,1,0.769874835116883
R142A,142,R,A,wt-like,0.14483110198846,0.286218786,R,A,142,1,0.769725008629241
I400N,400,I,N,wt-like,0.144553203154881,0.14873454,I,N,400,1,0.769599511433045
V369T,369,V,T,wt-like,0.144066418841787,0.194303364,V,T,369,1,0.76937968299527
I224C,224,I,C,wt-like,0.143796478288327,0.191772976,I,C,224,1,0.769257779703477
R15D,15,R,D,wt-like,0.143424494694363,0.094157673,R,D,15,1,0.769089794478523
S361G,361,S,G,wt-like,0.143296473957178,0.194556096,S,G,361,1,0.769031981196744
T2N,2,T,N,wt-like,0.143237513858772,0.23614412,T,N,2,1,0.769005355223032
P367V,367,P,V,wt-like,0.143217299643386,0.306215873,P,V,367,1,0.768996226622809
V45K,45,V,K,wt-like,0.142881621515796,0.146323608,V,K,45,1,0.768844636696021
S370L,370,S,L,wt-like,0.142145046504878,0.158810735,S,L,370,1,0.768512004502256
N228T,228,N,T,wt-like,0.14204803534606,0.180022123,N,T,228,1,0.768468194932153
I400Y,400,I,Y,wt-like,0.141099732518908,0.261905365,I,Y,400,1,0.768039947917154
P231D,231,P,D,wt-like,0.140242127027745,0.235896011,P,D,231,1,0.767652659193423
R233V,233,R,V,wt-like,0.140180117065263,0.084954808,R,V,233,1,0.767624655922134
S364C,364,S,C,wt-like,0.139826401132611,0.226734483,S,C,364,1,0.767464920247011
I400V,400,I,V,wt-like,0.139788818978949,0.113672973,I,V,400,1,0.767447948405673
N372P,372,N,P,wt-like,0.139617999007954,0.058083131,N,P,372,1,0.767370807285151
F238T,238,F,T,wt-like,0.139534717491334,0.205581885,F,T,238,1,0.767333197926752
G209E,209,G,E,wt-like,0.13913239418579,0.121482636,G,E,209,1,0.767151511497343
Q298N,298,Q,N,wt-like,0.139068760781448,0.072599248,Q,N,298,1,0.767122775090909
Q298R,298,Q,R,wt-like,0.13849646337591,0.147978628,Q,R,298,1,0.766864329530486
K342H,342,K,H,possibly_wt-like,0.138124322166232,0.834901495,K,H,342,1,0.766696273127363
T160R,160,T,R,wt-like,0.137553065024409,0.128932181,T,R,160,1,0.766438297342858
P354A,354,P,A,wt-like,0.137116977805888,0.100616091,P,A,354,1,0.766241363363264
E285S,285,E,S,wt-like,0.137103618560619,0.18521094,E,S,285,1,0.766235330420258
K62F,62,K,F,wt-like,0.13700531757987,0.18758019,K,F,62,1,0.766190938375468
E299S,299,E,S,wt-like,0.136702155574184,0.197833685,E,S,299,1,0.766054032505024
K60R,60,K,R,wt-like,0.136229196786181,0.171472766,K,R,60,1,0.765840447579005
Q396M,396,Q,M,wt-like,0.135202871553418,0.116213947,Q,M,396,1,0.76537696618386
H75G,75,H,G,wt-like,0.134398861972511,0.135246446,H,G,75,1,0.765013881003476
F392A,392,F,A,wt-like,0.13413289464852,0.261087247,F,A,392,1,0.764893771994703
A333F,333,A,F,possibly_wt-like,0.133796654358215,0.359397259,A,F,333,1,0.764741928199111
P387G,387,P,G,wt-like,0.133424400190607,0.105556402,P,G,387,1,0.764573820784965
N228S,228,N,S,wt-like,0.133355629827437,0.119045439,N,S,228,1,0.764542764563361
L194M,194,L,M,wt-like,0.132760845913295,0.143789139,L,M,194,1,0.764274164250773
E358M,358,E,M,possibly_wt-like,0.132731198397395,0.42885683,E,M,358,1,0.764260775637112
H376V,376,H,V,wt-like,0.132713546750834,0.183190053,H,V,376,1,0.764252804275293
D395A,395,D,A,wt-like,0.132390979623762,0.12105941,D,A,395,1,0.764107135185894
T319C,319,T,C,wt-like,0.132005291343421,0.127602774,T,C,319,1,0.763932961019112
S305Q,305,S,Q,wt-like,0.131741154988648,0.076342427,S,Q,305,1,0.763813678863407
Q110L,110,Q,L,wt-like,0.131045482569111,0.157652972,Q,L,110,1,0.763499517997749
D116Q,116,D,Q,possibly_wt-like,0.131014218178673,0.645789111,D,Q,116,1,0.7634853992147
I303S,303,I,S,wt-like,0.130778995113263,0.205632628,I,S,303,1,0.763379174101016
N389W,389,N,W,possibly_wt-like,0.130540468685169,0.48512064,N,W,389,1,0.763271457211532
T160V,160,T,V,wt-like,0.129954705643754,0.203688798,T,V,160,1,0.763006930662839
K6D,6,K,D,wt-like,0.129507601086789,0.193313628,K,D,6,1,0.762805021329206
N228H,228,N,H,wt-like,0.129371057279843,0.141025872,N,H,228,1,0.762743359087918
D187N,187,D,N,wt-like,0.129265261671869,0.095641959,D,N,187,1,0.762695582521174
K313I,313,K,I,wt-like,0.129035573544967,0.162207959,K,I,313,1,0.762591856947539
V403P,403,V,P,possibly_wt-like,0.12889113844458,0.426946364,V,P,403,1,0.76252663105257
P367C,367,P,C,wt-like,0.128520979252512,0.314458673,P,C,367,1,0.762359469714927
S294T,294,S,T,wt-like,0.128268025732683,0.142715689,S,T,294,1,0.762245237650339
M264L,264,M,L,wt-like,0.1278281268408,0.032400334,M,L,264,1,0.762046582345349
M35V,35,M,V,wt-like,0.127766061712818,0.082293534,M,V,35,1,0.762018554161701
V403S,403,V,S,wt-like,0.127640523423137,0.250915985,V,S,403,1,0.76196186193609
E307I,307,E,I,wt-like,0.127634830868914,0.139819249,E,I,307,1,0.761959291217873
R308P,308,R,P,wt-like,0.127496809414644,0.190127482,R,P,308,1,0.761896961681247
Y46T,46,Y,T,wt-like,0.127489125648561,0.338500027,Y,T,46,1,0.76189349174549
G208Y,208,G,Y,wt-like,0.127429935693905,0.080420314,G,Y,208,1,0.761866761970281
P357R,357,P,R,wt-like,0.127207445351299,0.120439282,P,R,357,1,0.761766286866381
Q245D,245,Q,D,wt-like,0.126910950490336,0.109138047,Q,D,245,1,0.761632391832501
A121L,121,A,L,wt-like,0.126350331095779,0.278399937,A,L,121,1,0.761379219981278
K263S,263,K,S,wt-like,0.126347198483453,0.131729465,K,S,263,1,0.761377805315161
A333E,333,A,E,wt-like,0.126226123345422,0.100983589,A,E,333,1,0.761323128618048
F238H,238,F,H,wt-like,0.126162225934758,0.138901497,F,H,238,1,0.76129427298818
K263N,263,K,N,wt-like,0.125754240284671,0.124213636,K,N,263,1,0.761110029483036
R74P,74,R,P,wt-like,0.125383801324709,0.090547543,R,P,74,1,0.760942741804141
P281C,281,P,C,wt-like,0.124617748234784,0.1962668,P,C,281,1,0.760596797513248
H93G,93,H,G,wt-like,0.12390982907423,0.0489378,H,G,93,1,0.760277106103829
V216S,216,V,S,wt-like,0.123683425921511,0.117332309,V,S,216,1,0.760174864001874
R142Q,142,R,Q,wt-like,0.123617595091416,0.191051409,R,Q,142,1,0.760145135253128
Q396K,396,Q,K,wt-like,0.123608559770582,0.193920396,Q,K,396,1,0.760141054964569
E314T,314,E,T,wt-like,0.122470106718514,0.282933069,E,T,314,1,0.759626937419724
I400K,400,I,K,wt-like,0.122453375810418,0.18143213,I,K,400,1,0.759619381857043
K237L,237,K,L,wt-like,0.122051998199162,0.345642596,K,L,237,1,0.759438122496651
T319Q,319,T,Q,wt-like,0.121990252243001,0.086629619,T,Q,319,1,0.759410238448795
E285M,285,E,M,wt-like,0.121855300354771,0.210128227,E,M,285,1,0.759349295107018
L295M,295,L,M,wt-like,0.12184644366508,0.124183726,L,M,295,1,0.75934529548705
P387D,387,P,D,wt-like,0.121289236650742,0.147195877,P,D,387,1,0.759093664643195
L265G,265,L,G,wt-like,0.121103608683368,0.145741502,L,G,265,1,0.759009836333659
V53M,53,V,M,wt-like,0.119932514730289,0.109756372,V,M,53,1,0.758480978383086
E307W,307,E,W,wt-like,0.119826192423136,0.247073266,E,W,307,1,0.758432963962626
N356T,356,N,T,wt-like,0.119612557456757,0.227548034,N,T,356,1,0.758336487885542
F258W,258,F,W,wt-like,0.11933724483436,0.20228906,F,W,258,1,0.758212158604476
L265A,265,L,A,wt-like,0.119175634874949,0.259472013,L,A,265,1,0.758139176661651
S294W,294,S,W,wt-like,0.119165636784791,0.151378081,S,W,294,1,0.758134661593106
S370Q,370,S,Q,wt-like,0.118672528141153,0.111809728,S,Q,370,1,0.757911977131284
F90I,90,F,I,wt-like,0.11826876527875,0.133797734,F,I,90,1,0.757729640607928
L146R,146,L,R,wt-like,0.118108429379698,0.185374662,L,R,146,1,0.757657234021973
L295G,295,L,G,wt-like,0.117696674087105,0.147703621,L,G,295,1,0.757471288172278
K237G,237,K,G,wt-like,0.117673395559536,0.142285941,K,G,237,1,0.757460775749811
V9R,9,V,R,wt-like,0.117566185350524,0.11155946,V,R,9,1,0.757412360358997
T401C,401,T,C,wt-like,0.117280954759292,0.381824195,T,C,401,1,0.757283552191622
V403M,403,V,M,wt-like,0.117229017754432,0.165063384,V,M,403,1,0.757260097798508
S287V,287,S,V,wt-like,0.117215206677448,0.182234885,S,V,287,1,0.757253860811416
D92P,92,D,P,wt-like,0.117074842002888,0.186224645,D,P,92,1,0.757190473092672
N292R,292,N,R,wt-like,0.116804893568642,0.281499375,N,R,292,1,0.757068566241971
I400S,400,I,S,wt-like,0.116437416470649,0.151549354,I,S,400,1,0.756902616119509
D92Q,92,D,Q,wt-like,0.116364305108008,0.109266871,D,Q,92,1,0.75686959953249
E394W,394,E,W,wt-like,0.116163305668076,0.242034064,E,W,394,1,0.756778829571985
D368R,368,D,R,wt-like,0.116150611035736,0.127902358,D,R,368,1,0.756773096763592
T232M,232,T,M,wt-like,0.115456429398165,0.201060908,T,M,232,1,0.756459609124786
R47A,47,R,A,wt-like,0.115336436554707,0.184407372,R,A,47,1,0.756405421184435
R74G,74,R,G,wt-like,0.115254217630696,0.147447525,R,G,74,1,0.756368291685528
F206Y,206,F,Y,wt-like,0.114701924286257,0.174184135,F,Y,206,1,0.756118879821103
F90L,90,F,L,wt-like,0.114376531897503,0.144319844,F,L,90,1,0.755971934863018
L108V,108,L,V,wt-like,0.114021428946563,0.161760747,L,V,108,1,0.755811572820005
C218T,218,C,T,wt-like,0.113299359835238,0.179214887,C,T,218,1,0.755485491390429
Q399D,399,Q,D,wt-like,0.113191905321869,0.136171112,Q,D,399,1,0.755436965673453
D187S,187,D,S,wt-like,0.113083570787427,0.18261313,D,S,187,1,0.75538804254503
Y46E,46,Y,E,wt-like,0.111917215813498,0.157713766,Y,E,46,1,0.754861324684751
K313P,313,K,P,wt-like,0.111519957226247,0.141860643,K,P,313,1,0.754681925447184
E299W,299,E,W,possibly_wt-like,0.111418201834422,0.4050316,E,W,299,1,0.754635973414182
E288I,288,E,I,wt-like,0.111252932563506,0.042271944,E,I,288,1,0.754561338951525
I306E,306,I,E,wt-like,0.110958368495046,0.201710327,I,E,306,1,0.75442831585022
V158S,158,V,S,wt-like,0.110810029778797,0.181128441,V,S,158,1,0.754361327109257
D395K,395,D,K,wt-like,0.110607297879469,0.23724632,D,K,395,1,0.75426977478204
N94M,94,N,M,wt-like,0.110555929604645,0.282387428,N,M,94,1,0.754246577223487
N372L,372,N,L,wt-like,0.110440759802051,0.230506258,N,L,372,1,0.754194567335119
S59Y,59,S,Y,wt-like,0.110392144548374,0.243409601,S,Y,59,1,0.754172613021925
Y176D,176,Y,D,wt-like,0.11031686334273,0.181651735,Y,D,176,1,0.754138616548773
H376T,376,H,T,wt-like,0.109316852053504,0.251241583,H,T,376,1,0.753687018349005
K263D,263,K,D,wt-like,0.108795149292324,0.242223444,K,D,263,1,0.753451420980954
K13S,13,K,S,wt-like,0.108364100522811,0.081745249,K,S,13,1,0.753256762330176
N311D,311,N,D,wt-like,0.108298596745324,0.230543355,N,D,311,1,0.753227181276132
R14G,14,R,G,wt-like,0.108204593419724,0.072166502,R,G,14,1,0.753184730022761
E314P,314,E,P,wt-like,0.107588053283122,0.233277469,E,P,314,1,0.752906304750192
H75D,75,H,D,wt-like,0.107336883447796,0.196525267,H,D,75,1,0.752792878185221
K260C,260,K,C,possibly_wt-like,0.107170495105306,0.459913916,K,C,260,1,0.752717738357561
T167S,167,T,S,wt-like,0.107090398739584,0.057733336,T,S,167,1,0.752681567391335
K266L,266,K,L,wt-like,0.106988544837937,0.079277873,K,L,266,1,0.752635570871977
V9H,9,V,H,wt-like,0.106928787466708,0.115741754,V,H,9,1,0.752608584855358
D393E,393,D,E,wt-like,0.106908135867714,0.130110981,D,E,393,1,0.752599258735715
N311S,311,N,S,wt-like,0.105980399264379,0.210364949,N,S,311,1,0.752180299285518
D92A,92,D,A,wt-like,0.105855264208234,0.07505468,D,A,92,1,0.752123789157391
V216I,216,V,I,possibly_wt-like,0.105515612851174,0.420309456,V,I,216,1,0.751970404947583
D368A,368,D,A,wt-like,0.105234700930519,0.155486191,D,A,368,1,0.751843547062049
R15W,15,R,W,wt-like,0.104174247955171,0.160253139,R,W,15,1,0.751364653813777
N228A,228,N,A,wt-like,0.103958713719432,0.0315098,N,A,228,1,0.751267320039752
P357L,357,P,L,wt-like,0.103830101923318,0.208895437,P,L,357,1,0.751209239839839
E91T,91,E,T,wt-like,0.103817231286764,0.21767434,E,T,91,1,0.751203427549157
K147D,147,K,D,wt-like,0.103789061418188,0.099782988,K,D,147,1,0.751190706230835
G156A,156,G,A,wt-like,0.103120818073368,0.166564398,G,A,156,1,0.750888932146103
K147I,147,K,I,wt-like,0.102887133074639,0.139215964,K,I,147,1,0.750783401612722
H93F,93,H,F,wt-like,0.102703866716054,0.20798377,H,F,93,1,0.750700639789424
P231E,231,P,E,wt-like,0.102535068166596,0.283077632,P,E,231,1,0.750624411528923
P89H,89,P,H,wt-like,0.102287998966777,0.125386934,P,H,89,1,0.75051283678266
G209A,209,G,A,wt-like,0.102221779351253,0.36454852,G,A,209,1,0.750482932461096
P30H,30,P,H,wt-like,0.102147896985075,0.138208472,P,H,30,1,0.750449567694198
R11I,11,R,I,wt-like,0.102057485984302,0.188156184,R,I,11,1,0.750408738709938
S364L,364,S,L,wt-like,0.102050543012077,0.097104687,S,L,364,1,0.750405603311576
E394V,394,E,V,wt-like,0.101717659936491,0.070460694,E,V,394,1,0.750255275610992
K147Q,147,K,Q,wt-like,0.101710898222338,0.182353261,K,Q,147,1,0.750252222067525
D297V,297,D,V,wt-like,0.101453703526325,0.207323608,D,V,297,1,0.750136074717029
E201T,201,E,T,wt-like,0.101308317477794,0.093897625,E,T,201,1,0.750070419380439
S287L,287,S,L,wt-like,0.101196402439705,0.134138854,S,L,287,1,0.750019879321269
S229L,229,S,L,wt-like,0.100848297626489,0.112295398,S,L,229,1,0.749862677588976
T398E,398,T,E,wt-like,0.10028143139578,0.109095256,T,E,398,1,0.74960668470964
S10G,10,S,G,wt-like,0.098889038412204,0.158507952,S,G,10,1,0.748977889643498
K223C,223,K,C,wt-like,0.09872759920315,0.406893997,K,C,223,1,0.748904984810356
G230V,230,G,V,wt-like,0.0987113805461269,0.270879091,G,V,230,1,0.748897660576727
K289T,289,K,T,wt-like,0.0982986953208182,0.210176434,K,T,289,1,0.748711294775832
Q149G,149,Q,G,wt-like,0.0982423332547728,0.091479972,Q,G,149,1,0.748685842055612
A333G,333,A,G,wt-like,0.0982007227061415,0.108257946,A,G,333,1,0.748667051018895
V403A,403,V,A,wt-like,0.097553850738746,0.251694773,V,A,403,1,0.748374928100781
C124E,124,C,E,wt-like,0.0968675551407576,0.208682107,C,E,124,1,0.748065001743049
D52Q,52,D,Q,wt-like,0.0958958240511085,0.172632144,D,Q,52,1,0.747626174686323
R74T,74,R,T,wt-like,0.0957313835761575,0.145954868,R,T,74,1,0.747551914502206
A72T,72,A,T,wt-like,0.0953003558220728,0.082737053,A,T,72,1,0.74735726534185
H397P,397,H,P,wt-like,0.0945250257338847,0.105282043,H,P,397,1,0.747007131622537
N311K,311,N,K,wt-like,0.0945183730372682,0.256261197,N,K,311,1,0.747004127310638
A79G,79,A,G,wt-like,0.0944965340665583,0.097707177,A,G,79,1,0.746994264982119
E235S,235,E,S,wt-like,0.0943045200358174,0.345588821,E,S,235,1,0.74690755277042
P391A,391,P,A,wt-like,0.0942043119049231,0.101112604,P,A,391,1,0.74686229946978
I303Y,303,I,Y,wt-like,0.0939588530123198,0.088788351,I,Y,303,1,0.746751451927147
P387Q,387,P,Q,wt-like,0.0930979704277588,0.177365142,P,Q,387,1,0.746362683290644
Y240M,240,Y,M,wt-like,0.0927832670113771,0.064302605,Y,M,240,1,0.746220565398747
K344Y,344,K,Y,wt-like,0.0926627264533106,0.142396677,K,Y,344,1,0.746166130114257
D312T,312,D,T,wt-like,0.0925397389112765,0.040347768,D,T,312,1,0.746110589788688
T319M,319,T,M,wt-like,0.0924421314396716,0.124465948,T,M,319,1,0.746066510927843
E256I,256,E,I,wt-like,0.0923290618664731,0.129123112,E,I,256,1,0.746015449488583
Q87F,87,Q,F,possibly_wt-like,0.0920839365937987,0.522980519,Q,F,87,1,0.745904752606407
E43S,43,E,S,wt-like,0.0920545241880063,0.060535317,E,S,43,1,0.745891470166849
T78L,78,T,L,wt-like,0.0917584837856873,0.239378849,T,L,78,1,0.745757780363358
S364Y,364,S,Y,wt-like,0.0914905449518015,0.277510364,S,Y,364,1,0.745636781034316
K263V,263,K,V,wt-like,0.0914538874769988,0.139914137,K,V,263,1,0.745620226771572
L295A,295,L,A,wt-like,0.0913421944143736,0.239441944,L,A,295,1,0.74556978695499
N356E,356,N,E,wt-like,0.0908452649031225,0.065476658,N,E,356,1,0.745345377015712
D395W,395,D,W,wt-like,0.0905424430846863,0.08987483,D,W,395,1,0.745208624771483
V369P,369,V,P,wt-like,0.0905345938221036,0.015924732,V,P,369,1,0.745205080098647
D310S,310,D,S,wt-like,0.0903012096066962,0.121364687,D,S,310,1,0.74509968539694
A126G,126,A,G,wt-like,0.0902785431534851,0.139462245,A,G,126,1,0.745089449383031
Y46I,46,Y,I,wt-like,0.0901060458885938,0.163398584,Y,I,46,1,0.745011550808156
D310V,310,D,V,wt-like,0.0898766546046206,0.129470537,D,V,310,1,0.744907959286739
G208S,208,G,S,wt-like,0.0897516180582977,0.145235337,G,S,208,1,0.744851493644968
K125A,125,K,A,wt-like,0.0885104678605107,0.088651682,K,A,125,1,0.744290998777559
F215Y,215,F,Y,possibly_wt-like,0.0883381951980127,0.338728566,F,Y,215,1,0.744213201631576
D395I,395,D,I,wt-like,0.0883164245274456,0.044339523,D,I,395,1,0.74420337014693
L146D,146,L,D,wt-like,0.087900144350382,0.243907267,L,D,146,1,0.744015380890622
A309R,309,A,R,wt-like,0.0877991612755581,0.102693705,A,R,309,1,0.74396977763065
N69D,69,N,D,wt-like,0.0877915536904042,0.069525335,N,D,69,1,0.743966342097674
I303P,303,I,P,wt-like,0.0872427095031854,0.218895724,I,P,303,1,0.743718487848856
I168V,168,I,V,wt-like,0.0870881213238555,0.045472749,I,V,168,1,0.743648676893477
G293S,293,G,S,wt-like,0.0870362604999237,0.401210794,G,S,293,1,0.743625256903144
K332V,332,K,V,wt-like,0.0867799405711261,0.112751188,K,V,332,1,0.743509504591488
H75T,75,H,T,wt-like,0.0866253668399037,0.10742287,H,T,75,1,0.743439700160775
P354I,354,P,I,possibly_wt-like,0.0860980674073946,0.511454669,P,I,354,1,0.74320157537456
I4R,4,I,R,wt-like,0.0860915473706707,0.314144653,I,R,4,1,0.743198630970953
S370G,370,S,G,wt-like,0.0860866731046994,0.064690613,S,G,370,1,0.743196429786065
Y65W,65,Y,W,wt-like,0.0858716287911398,0.068969594,Y,W,65,1,0.743099317257516
T401F,401,T,F,wt-like,0.0856532285763253,0.158405348,T,F,401,1,0.743000689227111
E106Q,106,E,Q,wt-like,0.0849148935232624,0.146671176,E,Q,106,1,0.742667262210455
A333T,333,A,T,wt-like,0.0849045329169617,0.072168141,A,T,333,1,0.742662583432121
Y16M,16,Y,M,wt-like,0.0841717367427994,0.13657215,Y,M,16,1,0.742331657734968
G208D,208,G,D,wt-like,0.0839896813982873,0.290835164,G,D,208,1,0.742249442797271
G143F,143,G,F,possibly_wt-like,0.0839429325773629,0.893238868,G,F,143,1,0.742228331352232
R189T,189,R,T,wt-like,0.0839107067310664,0.289299124,R,T,189,1,0.742213778382351
N12T,12,N,T,wt-like,0.0837919446036454,0.162381548,N,T,12,1,0.742160146224872
L146G,146,L,G,wt-like,0.0836065110289855,0.101280057,L,G,146,1,0.742076405701745
Q399M,399,Q,M,wt-like,0.0831870548952745,0.14027087,Q,M,399,1,0.741886982205324
K163Q,163,K,Q,wt-like,0.0830266940404006,0.050843284,K,Q,163,1,0.741814564349491
V403I,403,V,I,wt-like,0.0822960296187774,0.044548993,V,I,403,1,0.741484601337079
P248K,248,P,K,wt-like,0.0820011319303884,0.083149575,P,K,248,1,0.741351427575315
V158K,158,V,K,possibly_wt-like,0.0819747418059218,0.377500236,V,K,158,1,0.741339509977155
I306P,306,I,P,wt-like,0.0817876572066525,0.156383893,I,P,306,1,0.741255023862704
N262G,262,N,G,wt-like,0.0817371348028297,0.114560252,N,G,262,1,0.741232208293659
E43G,43,E,G,wt-like,0.0817098331341477,0.158558577,E,G,43,1,0.74121987904842
K260G,260,K,G,wt-like,0.0815414811625481,0.071579202,K,G,260,1,0.741143852459399
S355A,355,S,A,wt-like,0.0813170324446892,0.255994068,S,A,355,1,0.741042492966744
N389Q,389,N,Q,wt-like,0.0811307464317066,0.175769412,N,Q,389,1,0.740958367488351
R47G,47,R,G,wt-like,0.0811133811203603,0.163959347,R,G,47,1,0.740950525433539
V45R,45,V,R,wt-like,0.080542097709252,0.166927549,V,R,45,1,0.740692537786006
R15S,15,R,S,wt-like,0.0803802250569832,0.305926469,R,S,15,1,0.740619437212899
A309C,309,A,C,wt-like,0.0803222815799356,0.152527517,A,C,309,1,0.74059327033838
E299K,299,E,K,wt-like,0.0799910153788872,0.114989169,E,K,299,1,0.740443672807183
D116R,116,D,R,wt-like,0.0798532644982603,0.166585989,D,R,116,1,0.740381465459748
D375E,375,D,E,wt-like,0.0787506296173155,0.072320794,D,E,375,1,0.739883523153895
L186C,186,L,C,wt-like,0.0785913878340148,0.092884234,L,C,186,1,0.739811610663065
T363G,363,T,G,wt-like,0.0782588331245001,0.24849731,T,G,363,1,0.739661431250333
N389Y,389,N,Y,wt-like,0.0781304827077795,0.298917827,N,Y,389,1,0.739603469087551
N262H,262,N,H,wt-like,0.0776356875759959,0.191984134,N,H,262,1,0.739380023019316
E307K,307,E,K,wt-like,0.0773869056187448,0.266162896,E,K,307,1,0.739267674803612
V158T,158,V,T,wt-like,0.0767491307050052,0.106647826,V,T,158,1,0.738979660052173
P387M,387,P,M,wt-like,0.0763838470923721,0.123865797,P,M,387,1,0.738814700492569
K163G,163,K,G,wt-like,0.0759712433018493,0.152872035,K,G,163,1,0.738628371467062
Q298P,298,Q,P,wt-like,0.07596876216781,0.155056482,Q,P,298,1,0.738627251004046
N212M,212,N,M,wt-like,0.0759536967324312,0.015677898,N,M,212,1,0.738620447557356
A192Q,192,A,Q,wt-like,0.0758962050870983,0.089182757,A,Q,192,1,0.738594484726922
E43D,43,E,D,wt-like,0.0753154345234408,0.240772609,E,D,43,1,0.738332212746744
V45C,45,V,C,wt-like,0.0748437327207617,0.073817162,V,C,45,1,0.738119195466627
Q399L,399,Q,L,wt-like,0.0746195979208676,0.13255872,Q,L,399,1,0.738017977737159
Q17V,17,Q,V,wt-like,0.0745244032831589,0.104112389,Q,V,17,1,0.737974988495458
S207V,207,S,V,wt-like,0.0741772244622663,0.082283224,S,V,207,1,0.73781820493491
E358S,358,E,S,wt-like,0.0738511595797967,0.095516514,E,S,358,1,0.737670956283302
S59N,59,S,N,wt-like,0.073677947790333,0.11104232,S,N,59,1,0.737592735034059
C218R,218,C,R,wt-like,0.0735119429794155,0.329589341,C,R,218,1,0.737517768406611
L295R,295,L,R,wt-like,0.0733829765479442,0.081620571,L,R,295,1,0.737459528055817
A126T,126,A,T,wt-like,0.0731048229022936,0.195505506,A,T,126,1,0.737333915788248
E201V,201,E,V,wt-like,0.0729570030044378,0.096696571,E,V,201,1,0.737267161342092
P213Y,213,P,Y,wt-like,0.0724227487785258,0.088211872,P,Y,213,1,0.737025895819153
R234V,234,R,V,wt-like,0.0724098177226145,0.356048163,R,V,234,1,0.737020056243507
S361M,361,S,M,wt-like,0.0722032662691383,0.198593946,S,M,361,1,0.736926779031985
S10P,10,S,P,wt-like,0.0715079419176373,0.191451965,S,P,10,1,0.73661277535145
K260V,260,K,V,wt-like,0.0710672667683599,0.098311177,K,V,260,1,0.736413769493977
F21H,21,F,H,wt-like,0.0709203531608625,0.16376169,F,H,21,1,0.736347424322295
N228E,228,N,E,wt-like,0.0709099334486689,0.144051594,N,E,228,1,0.736342718852147
A3T,3,A,T,possibly_wt-like,0.0702685399408171,0.487006409,A,T,3,1,0.73605306996857
I303Q,303,I,Q,wt-like,0.0698974692045326,0.261894678,I,Q,303,1,0.735885496983847
K147L,147,K,L,wt-like,0.0692239588679201,0.184595285,K,L,147,1,0.735581344361956
L146M,146,L,M,wt-like,0.068901188153884,0.150355682,L,M,146,1,0.735435583334088
I400G,400,I,G,wt-like,0.0688405822847253,0.075510814,I,G,400,1,0.735408214141658
K62E,62,K,E,wt-like,0.0686329958213907,0.213439638,K,E,62,1,0.735314469526824
A333D,333,A,D,wt-like,0.0684555362884208,0.295275053,A,D,333,1,0.735234330025916
N94V,94,N,V,wt-like,0.0683657202869701,0.197987569,N,V,94,1,0.735193769739245
I400A,400,I,A,wt-like,0.0682880157397154,0.200014473,I,A,400,1,0.735158678901739
A39F,39,A,F,wt-like,0.0680356046806377,0.120158846,A,F,39,1,0.735044691808684
S229I,229,S,I,wt-like,0.0678045794470909,0.11489926,S,I,229,1,0.734940362406912
T160F,160,T,F,possibly_wt-like,0.0671169690713509,0.484354401,T,F,160,1,0.734629842304617
R47C,47,R,C,wt-like,0.0668980303361782,0.144367572,R,C,47,1,0.734530971082133
Y16E,16,Y,E,wt-like,0.0662271955263196,0.199441056,Y,E,16,1,0.734228026709667
I28V,28,I,V,wt-like,0.0661447677614867,0.252871619,I,V,28,1,0.734190802899686
D395R,395,D,R,wt-like,0.0654129908356117,0.102291503,D,R,395,1,0.733860337488028
K313S,313,K,S,wt-like,0.0651877645468943,0.104929427,K,S,313,1,0.733758626849737
S179E,179,S,E,possibly_wt-like,0.0649806325422034,0.301765428,S,E,179,1,0.733665087465291
E43Y,43,E,Y,wt-like,0.0649789447405939,0.067413932,E,Y,43,1,0.733664325265728
R335E,335,R,E,wt-like,0.0647111924186369,0.239416149,R,E,335,1,0.733543410164186
G282S,282,G,S,wt-like,0.0644366232170272,0.089823787,G,S,282,1,0.733419416606819
N292G,292,N,G,possibly_wt-like,0.0643915818996766,0.492282602,N,G,292,1,0.733399076258615
S59V,59,S,V,wt-like,0.0641879673523479,0.070593027,S,V,59,1,0.733307125333649
I280V,280,I,V,wt-like,0.0636749610382162,0.125812468,I,V,280,1,0.733075455221094
D19Y,19,D,Y,wt-like,0.0636483476248209,0.092064352,D,Y,19,1,0.733063436787194
E40H,40,E,H,wt-like,0.0633601170811559,0.027349382,E,H,40,1,0.732933273861996
R15G,15,R,G,wt-like,0.0632944281052042,0.137140633,R,G,15,1,0.732903609173603
Q261T,261,Q,T,wt-like,0.0632545500159681,0.171203128,Q,T,261,1,0.732885600503597
R11K,11,R,K,wt-like,0.0632248158114254,0.259166202,R,K,11,1,0.732872172741943
F238V,238,F,V,wt-like,0.0627398756021914,0.118356358,F,V,238,1,0.73265317708875
S287I,287,S,I,wt-like,0.0623446476307294,0.207287113,S,I,287,1,0.732474694863266
Q17C,17,Q,C,wt-like,0.0614838674963829,0.187002342,Q,C,17,1,0.732085972492573
Q298W,298,Q,W,wt-like,0.0607823199510871,0.25428104,Q,W,298,1,0.731769158460651
N311R,311,N,R,wt-like,0.0605380773264141,0.110574609,N,R,311,1,0.731658860176225
Q214S,214,Q,S,wt-like,0.0601806639917924,0.236357493,Q,S,214,1,0.731497454779879
E106N,106,E,N,wt-like,0.0601656313930205,0.306298898,E,N,106,1,0.731490666161974
K125E,125,K,E,wt-like,0.0599141686551585,0.078803017,K,E,125,1,0.731377107324238
V9F,9,V,F,wt-like,0.0597621180888325,0.107358582,V,F,9,1,0.731308442337386
V45G,45,V,G,wt-like,0.0595015950743144,0.090244056,V,G,45,1,0.731190791941213
T321D,321,T,D,wt-like,0.0591296285553861,0.170406338,T,D,321,1,0.731022814427228
A192V,192,A,V,possibly_wt-like,0.0590779923338474,0.650944532,A,V,192,1,0.730999495865786
A333N,333,A,N,wt-like,0.0589636066694329,0.12291676,A,N,333,1,0.730947840088811
Q87T,87,Q,T,wt-like,0.058931101055243,0.245290807,Q,T,87,1,0.730933160777679
P231A,231,P,A,wt-like,0.0579004269422233,0.067002654,P,A,231,1,0.730467715458209
G293L,293,G,L,wt-like,0.0576673710928878,0.073740061,G,L,293,1,0.730362469044355
P387F,387,P,F,wt-like,0.0575891569214896,0.226558107,P,F,387,1,0.730327148064101
K80V,80,K,V,wt-like,0.0575143328014175,0.125235873,K,V,80,1,0.730293358007641
T366R,366,T,R,wt-like,0.0568510845612841,0.069798962,T,R,366,1,0.729993839677728
F90S,90,F,S,wt-like,0.0565372545986535,0.322846298,F,S,90,1,0.729852116231519
E285R,285,E,R,wt-like,0.0555846528028891,0.077849249,E,R,285,1,0.72942192783195
I122V,122,I,V,wt-like,0.0553750646199802,0.144056111,I,V,122,1,0.729327279254365
Y16Q,16,Y,Q,possibly_wt-like,0.0548311209680185,0.491662653,Y,Q,16,1,0.729081638053463
E201M,201,E,M,wt-like,0.0548038678975148,0.148531946,E,M,201,1,0.729069330754825
L25M,25,L,M,wt-like,0.0547934902161787,0.162209057,L,M,25,1,0.729064644265523
N49Y,49,N,Y,wt-like,0.0545677109589963,0.329563656,N,Y,49,1,0.728962683910488
Q298G,298,Q,G,wt-like,0.0545307763432287,0.240629183,Q,G,298,1,0.728946004492796
D236E,236,D,E,wt-like,0.0544671692081731,0.231947263,D,E,236,1,0.72891727994939
H272R,272,H,R,wt-like,0.0542924902791,0.115222179,H,R,272,1,0.72883839615002
A39G,39,A,G,wt-like,0.0539565297566878,0.18572749,A,G,39,1,0.728686678695678
I50F,50,I,F,wt-like,0.0539514545306805,0.278193804,I,F,50,1,0.728684386758624
A79D,79,A,D,wt-like,0.053924663799606,0.163808941,A,D,79,1,0.728672288249283
C211F,211,C,F,wt-like,0.0538086967241891,0.218187514,C,F,211,1,0.728619918318009
E299C,299,E,C,wt-like,0.0529002273284884,0.147210318,E,C,299,1,0.728209659805867
H397A,397,H,A,wt-like,0.0527068958930671,0.093993449,H,A,397,1,0.728122352663302
L265H,265,L,H,wt-like,0.0524869970155004,0.173319861,L,H,265,1,0.728023047847137
T321N,321,T,N,wt-like,0.0524406895185768,0.314353474,T,N,321,1,0.728002135700972
S364M,364,S,M,wt-like,0.0522434242576142,0.208036625,S,M,364,1,0.72791305206993
K263I,263,K,I,possibly_wt-like,0.0520145531054987,0.240497433,K,I,263,1,0.727809695436472
C296I,296,C,I,wt-like,0.0520113219833513,0.125174644,C,I,296,1,0.727808236284
F56E,56,F,E,possibly_wt-like,0.051559370743165,0.327958296,F,E,56,1,0.727604138221658
T26S,26,T,S,wt-like,0.0513496472734343,0.13477583,T,S,26,1,0.727509428549477
V54K,54,V,K,wt-like,0.0511609155899483,0.154364905,V,K,54,1,0.727424198623156
E43H,43,E,H,wt-like,0.0510365095064834,0.285401098,E,H,43,1,0.727368017694062
S229G,229,S,G,wt-like,0.051016915246241,0.114357206,S,G,229,1,0.727359169061305
Q399S,399,Q,S,wt-like,0.0506971694404592,0.213591558,Q,S,399,1,0.727214774061139
Q110D,110,Q,D,wt-like,0.0506597304544052,0.235876795,Q,D,110,1,0.727197866873305
V191K,191,V,K,wt-like,0.0506490020781041,0.208359957,V,K,191,1,0.727193022012575
H75S,75,H,S,wt-like,0.0504008492702469,0.144680756,H,S,75,1,0.727080957916397
E106M,106,E,M,wt-like,0.0501253278070286,0.148101763,E,M,106,1,0.726956534324256
E235G,235,E,G,wt-like,0.0493715897582647,0.221451789,E,G,235,1,0.726616151420997
H123S,123,H,S,wt-like,0.0492808228086699,0.317213461,H,S,123,1,0.726575161692704
T366S,366,T,S,wt-like,0.0491369735133556,0.264438637,T,S,366,1,0.726510200343265
P367W,367,P,W,wt-like,0.0490828193807778,0.170024241,P,W,367,1,0.726485744710568
D395T,395,D,T,wt-like,0.0489362196912452,0.363869815,D,T,395,1,0.726419541302074
R161G,161,R,G,wt-like,0.0486310113081984,0.247121503,R,G,161,1,0.72628171130173
H397V,397,H,V,wt-like,0.0480814026847643,0.056534055,H,V,397,1,0.72603351183879
A79S,79,A,S,wt-like,0.0479465887102846,0.204267949,A,S,79,1,0.725972630777912
K13Q,13,K,Q,wt-like,0.0478502106412528,0.245823716,K,Q,13,1,0.725929107106789
G230E,230,G,E,wt-like,0.0477684737586352,0.219904672,G,E,230,1,0.72589219529445
D22P,22,D,P,wt-like,0.0475006202999281,0.319133851,D,P,22,1,0.72577123452025
R47F,47,R,F,wt-like,0.0470989878765998,0.150336141,R,F,47,1,0.725589860088483
N94S,94,N,S,possibly_wt-like,0.046953048859604,0.50623728,N,S,94,1,0.725523955035149
D92H,92,D,H,wt-like,0.0469225318303458,0.1321114,D,H,92,1,0.725510173755253
E307V,307,E,V,wt-like,0.0467830524307164,0.080042084,E,V,307,1,0.725447185820561
Q149K,149,Q,K,possibly_wt-like,0.0467357256855054,0.342714045,Q,K,149,1,0.725425813388901
K349G,349,K,G,wt-like,0.0467172084659788,0.121358455,K,G,349,1,0.725417451140302
F37A,37,F,A,wt-like,0.0465926053628707,0.248125056,F,A,37,1,0.725361181238496
R14E,14,R,E,wt-like,0.0459387286904293,0.166395226,R,E,14,1,0.725065895043904
T398R,398,T,R,wt-like,0.0459384594302503,0.105457945,T,R,398,1,0.725065773447865
E91K,91,E,K,wt-like,0.0459272345644484,0.123671628,E,K,91,1,0.725060704375902
I400M,400,I,M,wt-like,0.0458505006673022,0.332369375,I,M,400,1,0.725026051877289
I168S,168,I,S,wt-like,0.0456867734034594,0.141457575,I,S,168,1,0.724952113774389
I50L,50,I,L,wt-like,0.045566402282286,0.133213076,I,L,50,1,0.724897755006431
T2G,2,T,G,wt-like,0.045545499811613,0.191288787,T,G,2,1,0.724888315594868
E157G,157,E,G,wt-like,0.0454230967611869,0.183267702,E,G,157,1,0.724833039221677
R308N,308,R,N,wt-like,0.0453574616372709,0.179369121,R,N,308,1,0.724803398852492
I303G,303,I,G,wt-like,0.0452924346473202,0.10485913,I,G,303,1,0.72477403311241
E157C,157,E,C,wt-like,0.0450569278736239,0.15110025,E,C,157,1,0.724667679878022
A79T,79,A,T,wt-like,0.0449460268299642,0.234499932,A,T,79,1,0.724617597731741
N117H,117,N,H,possibly_wt-like,0.0448657098022415,0.30011524,N,H,117,1,0.724581327116078
N184C,184,N,C,wt-like,0.0448043867815818,0.277264242,N,C,184,1,0.724553634062977
D116G,116,D,G,wt-like,0.0445736570774996,0.078039858,D,G,116,1,0.724449438120272
D116S,116,D,S,wt-like,0.0444750618807504,0.120639767,D,S,116,1,0.724404913209566
S59E,59,S,E,wt-like,0.0443898298696634,0.197467958,S,E,59,1,0.724366423021321
G156Q,156,G,Q,wt-like,0.0442634404551243,0.319727646,G,Q,156,1,0.724309346433596
K164G,164,K,G,possibly_wt-like,0.043891414830303,0.3694713,K,G,164,1,0.724141342227797
D58E,58,D,E,wt-like,0.0436407992769064,0.289057993,D,E,58,1,0.724028165972721
F238M,238,F,M,wt-like,0.0434076422908207,0.182450857,F,M,238,1,0.723922873886208
N12D,12,N,D,possibly_wt-like,0.0427220572770121,0.43777051,N,D,12,1,0.72361326842339
D393V,393,D,V,wt-like,0.0426245982268719,0.18007082,D,V,393,1,0.723569256588655
H397L,397,H,L,wt-like,0.0425767592305886,0.071722792,H,L,397,1,0.723547652827945
R15P,15,R,P,wt-like,0.0420850060820949,0.086883599,R,P,15,1,0.72332558049838
S59Q,59,S,Q,wt-like,0.041458419257157,0.316062063,S,Q,59,1,0.723042618210665
K344T,344,K,T,wt-like,0.0411138936341253,0.23662257,K,T,344,1,0.722887032815968
H397G,397,H,G,wt-like,0.0409873610519787,0.098868933,H,G,397,1,0.722829891574739
K263P,263,K,P,wt-like,0.0408110455464035,0.129078337,K,P,263,1,0.722750268708711
M35I,35,M,I,wt-like,0.0401482767207349,0.142993717,M,I,35,1,0.722450966879063
T232F,232,T,F,wt-like,0.0399858681750368,0.105926815,T,F,232,1,0.722377624300179
T160P,160,T,P,wt-like,0.0391339171476315,0.126370556,T,P,160,1,0.721992889093275
R11Y,11,R,Y,wt-like,0.0390678367593221,0.030468448,R,Y,11,1,0.721963047645762
G20N,20,G,N,wt-like,0.0389596493328807,0.25204087,G,N,20,1,0.721914190950298
H397S,397,H,S,wt-like,0.038856073479553,0.230706085,H,S,397,1,0.721867416809439
L345M,345,L,M,wt-like,0.0387996352325789,0.05489776,L,M,345,1,0.721841929686438
P231L,231,P,L,wt-like,0.0383863694560553,0.227566517,P,L,231,1,0.721655301712619
F56Y,56,F,Y,wt-like,0.0379812747408648,0.337478371,F,Y,56,1,0.721472363733732
E285G,285,E,G,wt-like,0.0373257628053852,0.148086521,E,G,285,1,0.721176339065632
V53L,53,V,L,wt-like,0.0369598158932869,0.123509123,V,L,53,1,0.721011079964566
Q245E,245,Q,E,wt-like,0.0368474936812681,0.187037201,Q,E,245,1,0.720960356028458
E18V,18,E,V,wt-like,0.036647043269408,0.145140956,E,V,18,1,0.720869834005243
D368E,368,D,E,wt-like,0.0366464522104787,0.063626841,D,E,368,1,0.720869567087108
D395C,395,D,C,possibly_wt-like,0.0363847864820305,0.359753469,D,C,395,1,0.720751400649207
E394S,394,E,S,wt-like,0.0362634959358558,0.180241248,E,S,394,1,0.720696626675261
Q17L,17,Q,L,wt-like,0.035750565802653,0.102455124,Q,L,17,1,0.720464990965488
K260R,260,K,R,wt-like,0.0357258766144389,0.128712364,K,R,260,1,0.720453841498406
V351S,351,V,S,wt-like,0.0355344089848418,0.126780794,V,S,351,1,0.720367376037694
K313Y,313,K,Y,wt-like,0.0349638256501988,0.004324589,K,Y,313,1,0.720109704539864
K263C,263,K,C,wt-like,0.0348014065967864,0.095700522,K,C,263,1,0.720036357215769
N389P,389,N,P,wt-like,0.0346933255609522,0.25007575,N,P,389,1,0.719987548565569
T398G,398,T,G,wt-like,0.0346458162442053,0.094896151,T,G,398,1,0.719966093685863
N184S,184,N,S,wt-like,0.0344639749943719,0.213133424,N,S,184,1,0.719883975431846
N262R,262,N,R,wt-like,0.0339702647840896,0.094799076,N,R,262,1,0.719661019306678
D368G,368,D,G,wt-like,0.033343194604294,0.174104219,D,G,368,1,0.719377838739243
G156M,156,G,M,wt-like,0.0328770947268014,0.083501414,G,M,156,1,0.719167351249897
Q171V,171,Q,V,wt-like,0.0328197107855402,0.329958775,Q,V,171,1,0.719141437057879
R11E,11,R,E,wt-like,0.0322906276685285,0.265716678,R,E,11,1,0.718902506772047
Q214V,214,Q,V,wt-like,0.0322726200731454,0.214567439,Q,V,214,1,0.718894374666195
R15V,15,R,V,wt-like,0.0321393047614177,0.141901714,R,V,15,1,0.718834170391077
T401L,401,T,L,wt-like,0.0321246950981467,0.267755796,T,L,401,1,0.718827572767926
E235N,235,E,N,wt-like,0.0318542843244717,0.143599803,E,N,235,1,0.718705457127928
E157D,157,E,D,wt-like,0.0309195889873401,0.082148374,E,D,157,1,0.718283355161552
F238R,238,F,R,wt-like,0.0304771130785245,0.238076698,F,R,238,1,0.718083536093493
D371W,371,D,W,wt-like,0.0299257457264091,0.010568938,D,W,371,1,0.717834542400813
H75R,75,H,R,wt-like,0.0297707359250431,0.20403222,H,R,75,1,0.717764541043831
H376I,376,H,I,wt-like,0.0291205934315714,0.155319962,H,I,376,1,0.717470941178702
K342L,342,K,L,wt-like,0.0289775125128654,0.131258389,K,L,342,1,0.717406326822839
K147G,147,K,G,wt-like,0.0289508281723983,0.09103715,K,G,147,1,0.717394276358762
Q17F,17,Q,F,wt-like,0.028814646881595,0.242945824,Q,F,17,1,0.717332777827265
K147H,147,K,H,wt-like,0.0285031561988609,0.151734904,K,H,147,1,0.717192110783719
Q399V,399,Q,V,wt-like,0.0281886511155866,0.166095924,Q,V,399,1,0.717050082457685
T366Y,366,T,Y,wt-like,0.0281004506752096,0.165817577,T,Y,366,1,0.71701025174725
N262C,262,N,C,wt-like,0.0280608431596168,0.022673272,N,C,262,1,0.716992365266435
K147A,147,K,A,wt-like,0.0280339920091854,0.152378914,K,A,147,1,0.716980239472129
Y240L,240,Y,L,wt-like,0.0276740883462743,0.155032371,Y,L,240,1,0.716817709460707
V54C,54,V,C,wt-like,0.0276530571561012,0.136719848,V,C,54,1,0.716808211920306
Q298C,298,Q,C,wt-like,0.027540907007904,0.275845916,Q,C,298,1,0.716757565687033
L320M,320,L,M,wt-like,0.0271173147751512,0.112433124,L,M,320,1,0.716566274356817
K263A,263,K,A,wt-like,0.0265059851513782,0.308945413,K,A,263,1,0.716290202115899
Q171N,171,Q,N,possibly_wt-like,0.0264709222222206,0.251197647,Q,N,171,1,0.716274367938968
K163A,163,K,A,wt-like,0.0263592790712384,0.125926344,K,A,163,1,0.71622395066214
N82P,82,N,P,wt-like,0.0261502963953661,0.088977286,N,P,82,1,0.716129575527356
Y188I,188,Y,I,possibly_wt-like,0.0259075432391951,0.451641194,Y,I,188,1,0.71601994987663
I303T,303,I,T,wt-like,0.0254542903558996,0.119458343,I,T,303,1,0.715815264001239
V54I,54,V,I,wt-like,0.0254523451152897,0.255751201,V,I,54,1,0.715814385543998
F215I,215,F,I,wt-like,0.0254079552762258,0.189006498,F,I,215,1,0.715794339398895
P391R,391,P,R,wt-like,0.0254020157907173,0.268434319,P,R,391,1,0.715791657168212
Y240C,240,Y,C,wt-like,0.0251908777199489,0.106113442,Y,C,240,1,0.715696308671961
K197L,197,K,L,wt-like,0.0249225684891341,0.175122877,K,L,197,1,0.715575142074221
T398L,398,T,L,wt-like,0.0248365286975102,0.186378467,T,L,398,1,0.715536287097858
K147E,147,K,E,wt-like,0.0247087128607546,0.07690578,K,E,147,1,0.7154785663477
T321L,321,T,L,wt-like,0.0245292568620678,0.125905781,T,L,321,1,0.715397525256646
Q298S,298,Q,S,wt-like,0.0244495440279173,0.337451227,Q,S,298,1,0.715361527490633
N228G,228,N,G,wt-like,0.0243940133847659,0.090752745,N,G,228,1,0.715336450235256
T401S,401,T,S,wt-like,0.0240072099732447,0.143204436,T,S,401,1,0.715161772482926
G20T,20,G,T,wt-like,0.023991355145829,0.117669904,G,T,20,1,0.715154612552237
A333V,333,A,V,wt-like,0.0239760257041284,0.160438618,A,V,333,1,0.715147689882113
K144L,144,K,L,wt-like,0.0239603639559629,0.23255202,K,L,144,1,0.715140617144683
Q396G,396,Q,G,wt-like,0.0239308648615276,0.088612519,Q,G,396,1,0.715127295557131
D19S,19,D,S,wt-like,0.0237858229406402,0.09179828,D,S,19,1,0.715061795626211
D92E,92,D,E,wt-like,0.0236536634774856,0.205301083,D,E,92,1,0.715002113324335
M239L,239,M,L,wt-like,0.0236313792423821,0.072894994,M,L,239,1,0.714992049917487
R335L,335,R,L,wt-like,0.0233351313127056,0.184984998,R,L,335,1,0.714858266396073
P231F,231,P,F,wt-like,0.0233275302948732,0.12467639,P,F,231,1,0.714854833828854
P281V,281,P,V,possibly_wt-like,0.0231261854138333,0.225459319,P,V,281,1,0.714763907869528
A192K,192,A,K,wt-like,0.022986633773668,0.132871985,A,K,192,1,0.714700887311508
L146P,146,L,P,wt-like,0.0229557161378021,0.157999252,L,P,146,1,0.714686925120432
C218E,218,C,E,wt-like,0.0229394488826001,0.253024668,C,E,218,1,0.7146795789402
Q171M,171,Q,M,wt-like,0.0227831256169465,0.186608842,Q,M,171,1,0.714608984431807
N311F,311,N,F,wt-like,0.0225456827968904,0.228634406,N,F,311,1,0.714501756892238
P387W,387,P,W,wt-like,0.0225237899741446,0.224491564,P,W,387,1,0.71449187024451
E91Y,91,E,Y,wt-like,0.0222118645347311,0.126672592,E,Y,91,1,0.714351006867848
S362R,362,S,R,wt-like,0.0221885387224475,0.153866198,S,R,362,1,0.714340473091931
P244D,244,P,D,wt-like,0.0221670727755952,0.173155395,P,D,244,1,0.714330779218412
H123L,123,H,L,wt-like,0.0218416212809481,0.262803572,H,L,123,1,0.714183807568514
F37N,37,F,N,wt-like,0.0215798806850354,0.090501246,F,N,37,1,0.714065607320983
E235D,235,E,D,possibly_wt-like,0.0212386754997228,0.363076553,E,D,235,1,0.713911521413055
Y29L,29,Y,L,wt-like,0.0211598348058592,0.194218426,Y,L,29,1,0.713875917499578
K128L,128,K,L,wt-like,0.0208324722206737,0.173823668,K,L,128,1,0.713728082814376
E106L,106,E,L,wt-like,0.0204792054928078,0.112929792,E,L,106,1,0.713568549997036
T286C,286,T,C,wt-like,0.0200799162897686,0.251292735,T,C,286,1,0.713388233747388
E390V,390,E,V,wt-like,0.0199117258742765,0.132530986,E,V,390,0,0.713312280115991
R11F,11,R,F,wt-like,0.019830213594052,0.287115236,R,F,11,0,0.713275469732544
Q245T,245,Q,T,wt-like,0.0193344859026239,0.155809268,Q,T,245,0,0.713051602526807
S360G,360,S,G,wt-like,0.01897363785889,0.284998554,S,G,360,0,0.71288864603952
I224L,224,I,L,wt-like,0.0185039298949994,0.211974798,I,L,224,0,0.712676529163245
Y88F,88,Y,F,wt-like,0.0184515870296742,0.128530405,Y,F,88,0,0.712652891486345
K223R,223,K,R,wt-like,0.0177013283478082,0.19554185,K,R,223,0,0.712314079841175
S207L,207,S,L,possibly_wt-like,0.0176396086609336,0.387294609,S,L,207,0,0.712286207656348
K62Y,62,K,Y,possibly_wt-like,0.0175515329996639,0.195500637,K,Y,62,0,0.712246433295297
N49Q,49,N,Q,possibly_wt-like,0.0174259290367687,0.426011663,N,Q,49,0,0.712189711412116
E307M,307,E,M,wt-like,0.0173656081893606,0.07184442,E,M,307,0,0.712162470933542
G143R,143,G,R,wt-like,0.0170066869977366,0.172871951,G,R,143,0,0.712000384599375
H123T,123,H,T,wt-like,0.0169645050921401,0.175113773,H,T,123,0,0.711981335541794
V222L,222,V,L,wt-like,0.0167807724537327,0.2251776,V,L,222,0,0.711898363149745
L146N,146,L,N,wt-like,0.0166584836746996,0.046117742,L,N,146,0,0.711843138380727
T78Q,78,T,Q,wt-like,0.0166093193929501,0.088030988,T,Q,78,0,0.711820936130242
V403T,403,V,T,wt-like,0.0164672866187457,0.105173005,V,T,403,0,0.711756795109205
K344H,344,K,H,wt-like,0.0164206218595356,0.186673467,K,H,344,0,0.711735721625857
S294G,294,S,G,possibly_wt-like,0.0161148854638454,0.528425648,S,G,294,0,0.711597653178646
K342R,342,K,R,wt-like,0.0160778168747207,0.20488762,K,R,342,0,0.71158091325951
A192T,192,A,T,possibly_wt-like,0.0153085733800416,0.274302697,A,T,192,0,0.711233528203838
N49K,49,N,K,wt-like,0.0152630079904403,0.089663274,N,K,49,0,0.711212951188221
F81M,81,F,M,wt-like,0.0150760455433496,0.253731905,F,M,81,0,0.711128520236851
H376A,376,H,A,wt-like,0.0150266093744927,0.246056638,H,A,376,0,0.711106195204024
E91M,91,E,M,wt-like,0.0149040395141019,0.145342792,E,M,91,0,0.711050843500603
Q110T,110,Q,T,possibly_wt-like,0.0148034294631356,0.429519624,Q,T,110,0,0.711005408695632
H397R,397,H,R,wt-like,0.0147218764655184,0.050528936,H,R,397,0,0.710968579924491
Y29M,29,Y,M,wt-like,0.0145808563722795,0.267354454,Y,M,29,0,0.710904896223193
L295D,295,L,D,possibly_wt-like,0.014337210060393,0.402571212,L,D,295,0,0.710794867229507
G36T,36,G,T,wt-like,0.0139687793873269,0.082705877,G,T,36,0,0.710628486479121
V222G,222,V,G,wt-like,0.013881369652451,0.145493748,V,G,222,0,0.710589012845835
T398V,398,T,V,wt-like,0.0134447478539652,0.24700476,T,V,398,0,0.710391837453617
N117L,117,N,L,wt-like,0.0134196134013575,0.078730927,N,L,117,0,0.710380486908207
N372Y,372,N,Y,wt-like,0.0131990210146471,0.289352184,N,Y,372,0,0.710280868908096
V343L,343,V,L,wt-like,0.0131719032309652,0.116662057,V,L,343,0,0.710268622704053
A39V,39,A,V,wt-like,0.0128924820922771,0.198286861,A,V,39,0,0.710142438045372
I168C,168,I,C,wt-like,0.0117545990837102,0.123461312,I,C,168,0,0.70962857792824
V216F,216,V,F,wt-like,0.0115857269802528,0.148884585,V,F,216,0,0.70955231645126
K342N,342,K,N,wt-like,0.0100627020924885,0.141234514,K,N,342,0,0.708864528918333
G208A,208,G,A,wt-like,0.0098752733655758,0.276365484,G,A,208,0,0.708779887398212
Y46S,46,Y,S,wt-like,0.0098109543328759,0.286979027,Y,S,46,0,0.708750841366741
N389T,389,N,T,wt-like,0.0096671089779546,0.179609015,N,T,389,0,0.708685881796757
F215V,215,F,V,wt-like,0.009605114777044,0.08014012,F,V,215,0,0.708657885643284
D19P,19,D,P,wt-like,0.0089635189956916,0.121230116,D,P,19,0,0.70836814541439
T366V,366,T,V,wt-like,0.0089114243751165,0.204166136,T,V,366,0,0.708344619843106
V403G,403,V,G,wt-like,0.0087802040389277,0.182521828,V,G,403,0,0.70828536164449
C218L,218,C,L,wt-like,0.008622529218522,0.166164142,C,L,218,0,0.708214156783293
D187M,187,D,M,wt-like,0.0080996456529477,0.191353328,D,M,187,0,0.707978026172124
E390K,390,E,K,wt-like,0.008093815184975,0.013205813,E,K,390,0,0.707975393173008
A151V,151,A,V,wt-like,0.0080169302394358,0.07993111,A,V,151,0,0.707940672461983
S294L,294,S,L,wt-like,0.0070202236263579,0.173540677,S,L,294,0,0.707490566631167
K313W,313,K,W,wt-like,0.0069360988656653,0.06696761,K,W,313,0,0.707452576469562
V216R,216,V,R,wt-like,0.0069146105899201,0.187896004,V,R,216,0,0.707442872512469
V9A,9,V,A,possibly_wt-like,0.0067795102802255,0.474547023,V,A,9,0,0.707381862144583
Q149T,149,Q,T,wt-like,0.0067232046931445,0.090061957,Q,T,149,0,0.707356434929874
L146W,146,L,W,wt-like,0.006660284499911,0.038630934,L,W,146,0,0.707328020604656
Y16W,16,Y,W,wt-like,0.0064551555282585,0.277081702,Y,W,16,0,0.707235385776113
V403R,403,V,R,wt-like,0.0061606321771917,0.237574214,V,R,403,0,0.707102381062502
V45A,45,V,A,possibly_wt-like,0.0051589514748566,0.379195861,V,A,45,0,0.706650028967291
D312W,312,D,W,wt-like,0.0048764515758784,0.132681213,D,W,312,0,0.7065224539617
K62G,62,K,G,wt-like,0.0048480177009802,0.115561122,K,G,62,0,0.706509613419944
G20I,20,G,I,possibly_wt-like,0.0047194453087951,0.459427468,G,I,20,0,0.706451551014573
C218I,218,C,I,wt-like,0.0045414459420031,0.130551037,C,I,218,0,0.706371167728435
R130D,130,R,D,wt-like,0.0044950294275435,0.090554858,R,D,130,0,0.706350206350703
Q396E,396,Q,E,wt-like,0.0036041525725108,0.191384983,Q,E,396,0,0.705947892508567
G36D,36,G,D,wt-like,0.0032740172642139,0.302224086,G,D,36,0,0.705798805680735
D371F,371,D,F,possibly_wt-like,0.0032658934875952,0.393731985,D,F,371,0,0.705795137039255
S59M,59,S,M,wt-like,0.003232636571833,0.203601506,S,M,59,0,0.705780118445516
F90V,90,F,V,wt-like,0.0032174594919897,0.185195327,F,V,90,0,0.705773264580955
F392G,392,F,G,wt-like,0.0029779348310376,0.167464586,F,G,392,0,0.705665096896399
S207G,207,S,G,wt-like,0.0029585796212956,0.198312715,S,G,207,0,0.705656356217199
R15T,15,R,T,wt-like,0.002916936236057,0.209530717,R,T,15,0,0.705637550351696
K80R,80,K,R,wt-like,0.0028984912570662,0.127760185,K,R,80,0,0.705629220726424
K125P,125,K,P,wt-like,0.0028524674684285,0.282136568,K,P,125,0,0.705608436700965
K125V,125,K,V,wt-like,0.0026600633387943,0.147007277,K,V,125,0,0.705521548323296
P387Y,387,P,Y,wt-like,0.0023727364585592,0.161695823,P,Y,387,0,0.705391793486269
T401Q,401,T,Q,wt-like,0.0016500723479115,0.139906889,T,Q,401,0,0.705065443359104
N117K,117,N,K,wt-like,0.001634921537354,0.278410577,N,K,117,0,0.705058601357572
E18G,18,E,G,wt-like,0.0013125199067826,0.080301638,E,G,18,0,0.704913007005251
R130M,130,R,M,wt-like,0.0011536130568753,0.221108801,R,M,130,0,0.704841245768031
D187P,187,D,P,wt-like,0.0008489655230795,0.173857199,D,P,187,0,0.70470366904334
E394T,394,E,T,wt-like,0.0003002539957537,0.151510897,E,T,394,0,0.704455874702814
T202Y,202,T,Y,wt-like,-7.35855232487183E-05,0.119256278,T,Y,202,0,0.704287051354916
G20E,20,G,E,wt-like,-0.0001117495415894,0.105970557,G,E,20,0,0.704269816747502
S229V,229,S,V,wt-like,-0.0002479584151426,0.152922292,S,V,229,0,0.704208305759825
V351D,351,V,D,possibly_wt-like,-0.0002491076963943,0.420973236,V,D,351,0,0.70420778675234
S59D,59,S,D,wt-like,-0.0005882349812039,0.209306649,S,D,59,0,0.704054639209945
T26C,26,T,C,wt-like,-0.0009426496768572,0.080701751,T,C,26,0,0.703894587978271
C296T,296,C,T,wt-like,-0.0009548281177319,0.228321692,C,T,296,0,0.703889088278383
T160D,160,T,D,wt-like,-0.0010235091653307,0.153198192,T,D,160,0,0.703858072391075
H75F,75,H,F,possibly_wt-like,-0.0010947501548262,0.244492855,H,F,75,0,0.703825900451665
D371V,371,D,V,wt-like,-0.0011998824633347,0.049148233,D,V,371,0,0.703778423426384
H397I,397,H,I,wt-like,-0.0012219420960449,0.252760026,H,I,397,0,0.703768461448428
K80N,80,K,N,wt-like,-0.001514538595002,0.128128514,K,N,80,0,0.703636326887937
P38K,38,P,K,wt-like,-0.0016041076651667,0.055822263,P,K,38,0,0.703595878113732
F81Q,81,F,Q,possibly_wt-like,-0.0016527728304867,0.360510827,F,Q,81,0,0.703573901260783
Q298M,298,Q,M,wt-like,-0.0019183960268335,0.314171296,Q,M,298,0,0.70345394765768
H376Q,376,H,Q,wt-like,-0.0019591318082492,0.154180197,H,Q,376,0,0.703435551659803
R14T,14,R,T,wt-like,-0.002165846131297,0.238066731,R,T,14,0,0.703342200897506
V343C,343,V,C,wt-like,-0.0023575068401442,0.209977529,V,C,343,0,0.703255648243537
P246A,246,P,A,wt-like,-0.002853013869572,0.135419894,P,A,246,0,0.703031880687238
P354D,354,P,D,possibly_wt-like,-0.0029045279389319,0.299743696,P,D,354,0,0.703008617288878
Y240I,240,Y,I,possibly_wt-like,-0.0029123246629431,0.423040596,Y,I,240,0,0.703005096342099
S355I,355,S,I,wt-like,-0.0029662620739136,0.116484687,S,I,355,0,0.702980738579385
D19E,19,D,E,wt-like,-0.0030896147590199,0.136031369,D,E,19,0,0.702925033357723
K260Q,260,K,Q,wt-like,-0.0031673482024889,0.249121552,K,Q,260,0,0.702889929470886
G293V,293,G,V,wt-like,-0.0032109473360517,0.172950925,G,V,293,0,0.702870240402932
T401M,401,T,M,wt-like,-0.003470558806354,0.327296553,T,M,401,0,0.702753001653839
K342A,342,K,A,possibly_wt-like,-0.00349447961796,0.305295883,K,A,342,0,0.702742199180333
F81L,81,F,L,wt-like,-0.0038974517748615,0.169319516,F,L,81,0,0.702560219734127
I306V,306,I,V,possibly_wt-like,-0.0040290766580511,0.356613509,I,V,306,0,0.702500778844875
K164R,164,K,R,wt-like,-0.004168855527538,0.229457742,K,R,164,0,0.702437655671661
K263R,263,K,R,wt-like,-0.0053444454688735,0.163798775,K,R,263,0,0.701906767363807
D115S,115,D,S,wt-like,-0.0053666377614769,0.134644693,D,S,115,0,0.701896745477558
T319E,319,T,E,possibly_wt-like,-0.0058783542536779,0.306050783,T,E,319,0,0.701665657839689
K289A,289,K,A,wt-like,-0.0060641345829098,0.135216208,K,A,289,0,0.701581760724589
D386E,386,D,E,possibly_wt-like,-0.0060883443566589,0.399413932,D,E,386,0,0.701570827757772
S294K,294,S,K,possibly_wt-like,-0.0066020126567914,0.681604551,S,K,294,0,0.701338858696905
R11C,11,R,C,possibly_wt-like,-0.0067788876981531,0.451365926,R,C,11,0,0.701258983148376
P244E,244,P,E,wt-like,-0.0071492334021507,0.147540568,P,E,244,0,0.701091737583231
V9Q,9,V,Q,possibly_wt-like,-0.0071844211104157,0.305043572,V,Q,9,0,0.701075847056917
C304R,304,C,R,possibly_wt-like,-0.0073609218144554,0.450137633,C,R,304,0,0.700996140556539
K223V,223,K,V,wt-like,-0.0076414633381808,0.208116866,K,V,223,0,0.700869449939704
R189H,189,R,H,wt-like,-0.0079458823291906,0.281315946,R,H,189,0,0.700731976423358
K125M,125,K,M,possibly_wt-like,-0.0085466438193055,0.350466021,K,M,125,0,0.700460676678697
Y46D,46,Y,D,possibly_wt-like,-0.0087858020237213,0.349419404,Y,D,46,0,0.700352674483384
Y76L,76,Y,L,wt-like,-0.0088101746670422,0.133479127,Y,L,76,0,0.700341667965792
S355G,355,S,G,wt-like,-0.0088732314605614,0.210010774,S,G,355,0,0.700313191952827
E40P,40,E,P,wt-like,-0.0089027502569611,0.189196358,E,P,40,0,0.700299861468005
R234E,234,R,E,possibly_wt-like,-0.0096184819030989,0.241547477,R,E,234,0,0.69997664199399
Y225L,225,Y,L,possibly_wt-like,-0.0096423974608475,0.409246986,Y,L,225,0,0.699965841893089
P281Q,281,P,Q,possibly_wt-like,-0.0097837143970153,0.353314357,P,Q,281,0,0.699902024139572
E73D,73,E,D,wt-like,-0.0098689871254952,0.109979423,E,D,73,0,0.699863515563633
M264G,264,M,G,possibly_wt-like,-0.0100419927010657,0.410468564,M,G,264,0,0.699785387439162
D312G,312,D,G,wt-like,-0.0100980749992179,0.213067445,D,G,312,0,0.699760061060193
N389H,389,N,H,wt-like,-0.0101081518972324,0.22068411,N,H,389,0,0.699755510402563
C250E,250,C,E,possibly_wt-like,-0.0104691378547165,0.477308506,C,E,250,0,0.699592491634378
H93C,93,H,C,wt-like,-0.0105871867710293,0.095921301,H,C,93,0,0.699539181558116
K289P,289,K,P,possibly_wt-like,-0.0107472901869026,0.350260737,K,P,289,0,0.69946687995996
A3G,3,A,G,possibly_wt-like,-0.0110094537183159,0.503089893,A,G,3,0,0.699348488717674
R15C,15,R,C,wt-like,-0.0111277049081289,0.327644538,R,C,15,0,0.699295087296095
T321A,321,T,A,wt-like,-0.0112727061116235,0.130881283,T,A,321,0,0.699229605752869
Q17P,17,Q,P,wt-like,-0.0121241921726709,0.099533654,Q,P,17,0,0.698845080521564
T366G,366,T,G,wt-like,-0.0122768154094264,0.181779212,T,G,366,0,0.698776156920697
E18W,18,E,W,wt-like,-0.0123860536072979,0.183329352,E,W,18,0,0.698726825704104
F21W,21,F,W,wt-like,-0.0126906131389864,0.1088892,F,W,21,0,0.698589288720557
E285C,285,E,C,wt-like,-0.0126911109419514,0.127603736,E,C,285,0,0.698589063916172
T363V,363,T,V,wt-like,-0.0127326190403684,0.133683415,T,V,363,0,0.698570319145265
A333S,333,A,S,wt-like,-0.0127504072872154,0.245907353,A,S,333,0,0.698562286095699
I253V,253,I,V,wt-like,-0.0129684449858864,0.065108511,I,V,253,0,0.698463821775083
P367Q,367,P,Q,wt-like,-0.0129954655732111,0.089881567,P,Q,367,0,0.698451619464246
Q298T,298,Q,T,possibly_wt-like,-0.0131179474314946,0.354932911,Q,T,298,0,0.69839630750197
L318Y,318,L,Y,wt-like,-0.0136507804890474,0.157093746,L,Y,318,0,0.698155683768858
T202C,202,T,C,wt-like,-0.0138250942750485,0.174573964,T,C,202,0,0.698076964865581
T78A,78,T,A,possibly_wt-like,-0.0140190863830063,0.421590959,T,A,78,0,0.697989359367856
N49S,49,N,S,wt-like,-0.0142216199492265,0.228692653,N,S,49,0,0.697897896606502
N69S,69,N,S,wt-like,-0.0145163337526151,0.098211643,N,S,69,0,0.697764805885936
D371T,371,D,T,wt-like,-0.0147651301579734,0.182291269,D,T,371,0,0.697652451145566
K237P,237,K,P,possibly_wt-like,-0.0147686410480141,0.293004295,K,P,237,0,0.697650865651843
I303W,303,I,W,wt-like,-0.0149249249097391,0.257645903,I,W,303,0,0.697580288937991
R308L,308,R,L,wt-like,-0.0155505240095328,0.12739437,R,L,308,0,0.697297772700138
P354R,354,P,R,wt-like,-0.0156198933124184,0.183597119,P,R,354,0,0.69726644600149
A192E,192,A,E,wt-like,-0.01582840708154,0.274506162,A,E,192,0,0.697172282621759
Q245A,245,Q,A,wt-like,-0.0158316959961162,0.154570045,Q,A,245,0,0.697170797370625
S287G,287,S,G,wt-like,-0.0162665616928494,0.145378983,S,G,287,0,0.696974415021844
K80L,80,K,L,wt-like,-0.01630761139223,0.098398653,K,L,80,0,0.69695587726078
A79E,79,A,E,wt-like,-0.0165513391389023,0.11923723,A,E,79,0,0.696845811491706
V365C,365,V,C,wt-like,-0.0169608576018133,0.107805507,V,C,365,0,0.696660875778865
V53A,53,V,A,wt-like,-0.0169699730439693,0.137896941,V,A,53,0,0.696656759308069
M270L,270,M,L,possibly_wt-like,-0.0170962350524726,0.415122489,M,L,270,0,0.696599740256031
K344W,344,K,W,wt-like,-0.017302953315913,0.101284304,K,W,344,0,0.69650638771428
A192M,192,A,M,possibly_wt-like,-0.017875586968309,0.567835004,A,M,192,0,0.696247790307096
R189F,189,R,F,possibly_wt-like,-0.0179735884792001,0.477601173,R,F,189,0,0.696203533500828
S294Y,294,S,Y,possibly_wt-like,-0.0181960512390561,0.324417381,S,Y,294,0,0.696103070853108
Y16A,16,Y,A,wt-like,-0.0182120925784006,0.130596977,Y,A,16,0,0.696095826694919
F392S,392,F,S,possibly_wt-like,-0.0183387420588687,0.269063887,F,S,392,0,0.696038632663214
H397F,397,H,F,wt-like,-0.0184152447863003,0.175945048,H,F,397,0,0.69600408455925
A86G,86,A,G,wt-like,-0.018553989959393,0.120862948,A,G,86,0,0.695941428196197
S305F,305,S,F,wt-like,-0.0185931653452351,0.205684336,S,F,305,0,0.695923736862197
N389I,389,N,I,wt-like,-0.0188812855578998,0.293831426,N,I,389,0,0.695793623761717
V365K,365,V,K,wt-like,-0.0194197166002466,0.24777232,V,K,365,0,0.695550472017289
E299M,299,E,M,wt-like,-0.0200376450686006,0.114189888,E,M,299,0,0.695271419783678
S226D,226,S,D,possibly_wt-like,-0.0200632050836374,0.340564674,S,D,226,0,0.69525987705721
D312R,312,D,R,wt-like,-0.0201861466544215,0.115792432,D,R,312,0,0.69520435749194
D297P,297,D,P,wt-like,-0.0202293635698767,0.252169567,D,P,297,0,0.695184841031047
E307N,307,E,N,possibly_wt-like,-0.0205179894662921,0.448389414,E,N,307,0,0.695054499567274
L295C,295,L,C,wt-like,-0.0205515760615905,0.210084966,L,C,295,0,0.69503933209253
V45M,45,V,M,wt-like,-0.0209715785964452,0.1511065,V,M,45,0,0.694849661845122
T2K,2,T,K,possibly_wt-like,-0.0214421665814086,0.200501674,T,K,2,0,0.694637147557402
K344L,344,K,L,wt-like,-0.0217163115340532,0.088694387,K,L,344,0,0.69451334558794
S207P,207,S,P,wt-like,-0.0217587127881858,0.262674566,S,P,207,0,0.694494197474073
N372A,372,N,A,wt-like,-0.0221456225903142,0.213437048,N,A,372,0,0.694319471676479
H123G,123,H,G,wt-like,-0.0221690442854909,0.154305121,H,G,123,0,0.694308894600508
F273L,273,F,L,wt-like,-0.0225530605257937,0.10202339,F,L,273,0,0.694135475515473
N311G,311,N,G,wt-like,-0.0229769233321897,0.108857123,N,G,311,0,0.693944061996067
R15A,15,R,A,wt-like,-0.0234108827385645,0.139354332,R,A,15,0,0.69374808892176
E358V,358,E,V,wt-like,-0.0236402884706448,0.16099596,E,V,358,0,0.693644490875678
F392N,392,F,N,wt-like,-0.0239423038220083,0.211747422,F,N,392,0,0.693508102826415
F21I,21,F,I,wt-like,-0.0240137969966469,0.142451239,F,I,21,0,0.693475817001935
Y240E,240,Y,E,wt-like,-0.0241787878131345,0.206834413,Y,E,240,0,0.693401308287376
F206I,206,F,I,wt-like,-0.024278741131957,0.174691123,F,I,206,0,0.693356170058111
F206C,206,F,C,wt-like,-0.0244155384375111,0.181641176,F,C,206,0,0.693294393338601
D187C,187,D,C,wt-like,-0.0247660954885515,0.173999455,D,C,187,0,0.693136084192623
T321R,321,T,R,wt-like,-0.0248353439527226,0.11293124,T,R,321,0,0.693104812063905
S362G,362,S,G,possibly_wt-like,-0.0249599720116522,0.322021588,S,G,362,0,0.693048530892223
R189K,189,R,K,wt-like,-0.0253947024215638,0.134105788,R,K,189,0,0.692852209638037
D393R,393,D,R,wt-like,-0.0254839207967636,0.19914497,D,R,393,0,0.692811919235258
R142G,142,R,G,wt-like,-0.0255402316377019,0.094799398,R,G,142,0,0.692786489647943
Q399E,399,Q,E,wt-like,-0.0257169030920991,0.153549011,Q,E,399,0,0.692706706037882
R308A,308,R,A,wt-like,-0.0258559070176563,0.25995831,R,A,308,0,0.692643932824001
Q214I,214,Q,I,possibly_wt-like,-0.0259015551555079,0.376081112,Q,I,214,0,0.692623318439845
I168E,168,I,E,wt-like,-0.0262114118886682,0.065000001,I,E,168,0,0.692483389276656
M205A,205,M,A,wt-like,-0.0264038055105881,0.18861323,M,A,205,0,0.692396505644199
N12Q,12,N,Q,wt-like,-0.0264267438509069,0.201828634,N,Q,12,0,0.692386146847948
R142V,142,R,V,wt-like,-0.0264885922572816,0.101864279,R,V,142,0,0.692358216534282
R47L,47,R,L,wt-like,-0.0267597740344935,0.077824727,R,L,47,0,0.692235752714405
N69M,69,N,M,wt-like,-0.0272416394238302,0.190118616,N,M,69,0,0.692018145628666
I400P,400,I,P,wt-like,-0.0277852415750771,0.15076628,I,P,400,0,0.691772658647131
P387K,387,P,K,wt-like,-0.0278032833205317,0.140363363,P,K,387,0,0.691764511119342
D386S,386,D,S,wt-like,-0.0278638996974046,0.185232321,D,S,386,0,0.691737137181701
H397C,397,H,C,wt-like,-0.027869806346306,0.150281651,H,C,397,0,0.691734469779803
S305C,305,S,C,wt-like,-0.0280924595584838,0.183844094,S,C,305,0,0.691633921125127
D22S,22,D,S,wt-like,-0.0282764299339272,0.062357039,D,S,22,0,0.691550841372673
V45T,45,V,T,wt-like,-0.028647918351855,0.126548083,V,T,45,0,0.6913830797658
K260T,260,K,T,wt-like,-0.0288359473319471,0.274374831,K,T,260,0,0.691298167175484
S360M,360,S,M,wt-like,-0.0291332118829822,0.176225097,S,M,360,0,0.691163924554877
D393T,393,D,T,wt-like,-0.029278666231656,0.292839211,D,T,393,0,0.691098238374414
E18A,18,E,A,possibly_wt-like,-0.0296444752300041,0.404428083,E,A,18,0,0.690933041554245
S287R,287,S,R,wt-like,-0.0302833718422454,0.146253926,S,R,287,0,0.690644520251501
H75L,75,H,L,wt-like,-0.0307688453179802,0.144926504,H,L,75,0,0.690425283778835
E114G,114,E,G,wt-like,-0.0308360933760412,0.138827538,E,G,114,0,0.690394915019716
V54L,54,V,L,wt-like,-0.0313514507912476,0.254545053,V,L,54,0,0.690162183166134
D187T,187,D,T,wt-like,-0.0315294002463966,0.080516641,D,T,187,0,0.69008182241975
P367G,367,P,G,wt-like,-0.0315823683207229,0.095827486,P,G,367,0,0.690057902402778
K80Y,80,K,Y,possibly_wt-like,-0.0319705403620317,0.328267446,K,Y,80,0,0.689882606586676
L193R,193,L,R,wt-like,-0.0320218652925343,0.243874398,L,R,193,0,0.68985942860212
N49M,49,N,M,wt-like,-0.0320228411965,0.13877404,N,M,49,0,0.689858987890621
E285V,285,E,V,wt-like,-0.0323012824908294,0.123234465,E,V,285,0,0.689733245722893
T202G,202,T,G,wt-like,-0.0325318900427329,0.160948253,T,G,202,0,0.689629104943269
Q214E,214,Q,E,possibly_wt-like,-0.0330555866427012,0.556647282,Q,E,214,0,0.689392607171375
Y76V,76,Y,V,wt-like,-0.0334588162386031,0.10780846,Y,V,76,0,0.689210511467493
A86C,86,A,C,wt-like,-0.0335372576393233,0.035350184,A,C,86,0,0.689175087872045
Y76C,76,Y,C,wt-like,-0.0336039041307407,0.17926916,Y,C,76,0,0.689144990776273
N389A,389,N,A,wt-like,-0.0337784595941706,0.164277914,N,A,389,0,0.689066162733136
D386A,386,D,A,wt-like,-0.0348432430612751,0.019776075,D,A,386,0,0.688585313864661
I5V,5,I,V,possibly_wt-like,-0.0350926173909198,0.705590973,I,V,5,0,0.688472698137669
N292S,292,N,S,possibly_wt-like,-0.0352737099661093,0.338545854,N,S,292,0,0.688390917979957
S362C,362,S,C,wt-like,-0.0355700695402501,0.107546059,S,C,362,0,0.688257084040672
S10F,10,S,F,wt-like,-0.0357352691975595,0.141789688,S,F,10,0,0.68818248101504
C296R,296,C,R,wt-like,-0.0361214093096154,0.151938073,C,R,296,0,0.688008102804172
T398S,398,T,S,wt-like,-0.0361901547169644,0.280789148,T,S,398,0,0.687977057852445
T401E,401,T,E,possibly_wt-like,-0.0362132664345692,0.610909439,T,E,401,0,0.687966620760207
A79Q,79,A,Q,wt-like,-0.0362219037757244,0.194529807,A,Q,79,0,0.687962720196525
R11M,11,R,M,wt-like,-0.0363740712403721,0.173835505,R,M,11,0,0.687894002419198
I306F,306,I,F,wt-like,-0.0364683937377937,0.224252673,I,F,306,0,0.687851407030033
N340R,340,N,R,wt-like,-0.036546845646228,0.09274756,N,R,340,0,0.687815978689375
T321C,321,T,C,wt-like,-0.0372387418559384,0.237112084,T,C,321,0,0.687503523134025
D187L,187,D,L,wt-like,-0.0380265354067514,0.075950505,D,L,187,0,0.687147761000968
H61F,61,H,F,wt-like,-0.0382630154574847,0.056658256,H,F,61,0,0.687040968241383
N117C,117,N,C,wt-like,-0.0383218363286765,0.128796434,N,C,117,0,0.687014405141721
V9I,9,V,I,wt-like,-0.0383463521396047,0.114682373,V,I,9,0,0.687003333970625
G209V,209,G,V,wt-like,-0.0387459014085728,0.100467502,G,V,209,0,0.686822900276997
L25Y,25,L,Y,wt-like,-0.038839879778351,0.197813193,L,Y,25,0,0.686780460293503
K164Y,164,K,Y,possibly_wt-like,-0.038860367194309,0.446457323,K,Y,164,0,0.686771208317786
E157Q,157,E,Q,wt-like,-0.0389987813744012,0.163193501,E,Q,157,0,0.686708701428888
D393L,393,D,L,wt-like,-0.0396197938569025,0.190394381,D,L,393,0,0.686428256475764
H397N,397,H,N,wt-like,-0.0398976913770169,0.173814608,H,N,397,0,0.68630275987272
K125L,125,K,L,wt-like,-0.0398981918069105,0.069100431,K,L,125,0,0.686302533882032
K197R,197,K,R,possibly_wt-like,-0.0399667323138306,0.343974939,K,R,197,0,0.686271581461924
N12R,12,N,R,wt-like,-0.0402799738444602,0.117597528,N,R,12,0,0.686130123747548
V158L,158,V,L,wt-like,-0.0403031328467792,0.145835915,V,L,158,0,0.68611966530186
L146Q,146,L,Q,wt-like,-0.0405589641668619,0.156568243,L,Q,146,0,0.686004133642529
T321P,321,T,P,wt-like,-0.040689336005121,0.22942094,T,P,321,0,0.685945258619724
D395E,395,D,E,wt-like,-0.0408429876844137,0.172409001,D,E,395,0,0.685875870581302
Y46V,46,Y,V,possibly_wt-like,-0.0410985050865316,0.654383711,Y,V,46,0,0.685760480685159
V166Y,166,V,Y,possibly_wt-like,-0.0411395153819834,0.236461988,V,Y,166,0,0.685741960718637
R55A,55,R,A,wt-like,-0.0411590846864045,0.293133602,R,A,55,0,0.685733123355756
N292I,292,N,I,possibly_wt-like,-0.0412530827581469,0.411260741,N,I,292,0,0.685690674474991
E157F,157,E,F,wt-like,-0.0413885455839849,0.173166904,E,F,157,0,0.685629500397315
A309P,309,A,P,wt-like,-0.0416008683995406,0.190798904,A,P,309,0,0.685533616878491
A72F,72,A,F,possibly_wt-like,-0.04164508223439,0.458326039,A,F,72,0,0.685513650215676
D92L,92,D,L,wt-like,-0.0416497778692182,0.079716125,D,L,92,0,0.68551152969938
S355L,355,S,L,possibly_wt-like,-0.0417975281534666,0.456907452,S,L,355,0,0.68544480669025
N212F,212,N,F,wt-like,-0.0423481126808665,0.125691002,N,F,212,0,0.685196166515811
Q149C,149,Q,C,wt-like,-0.0423806892221277,0.137439007,Q,C,149,0,0.685181455174502
D162H,162,D,H,wt-like,-0.0427929226157212,0.146681405,D,H,162,0,0.684995293417693
G209L,209,G,L,wt-like,-0.0436230018358092,0.123312589,G,L,209,0,0.684620435368094
N228C,228,N,C,wt-like,-0.0437988352999911,0.278792882,N,C,228,0,0.684541030188634
Q396Y,396,Q,Y,wt-like,-0.0439551992830376,0.054598556,Q,Y,396,0,0.684470417292546
N311E,311,N,E,wt-like,-0.0439572141372547,0.255730162,N,E,311,0,0.684469507398281
H272M,272,H,M,wt-like,-0.0442044435797179,0.090193179,H,M,272,0,0.684357860287544
H64R,64,H,R,wt-like,-0.0443959440459221,0.13344325,H,R,64,0,0.684271379998048
E285Y,285,E,Y,wt-like,-0.0445874431986622,0.208665503,E,Y,285,0,0.684184900301702
G44R,44,G,R,wt-like,-0.0446797088110092,0.118927319,G,R,44,0,0.684143233787648
E157A,157,E,A,wt-like,-0.0448272568217575,0.205845406,E,A,157,0,0.684076602123835
N311L,311,N,L,possibly_wt-like,-0.045060467659879,0.400161844,N,L,311,0,0.683971285718113
C250W,250,C,W,wt-like,-0.0453344142794163,0.210549207,C,W,250,0,0.683847573314515
H123A,123,H,A,wt-like,-0.0453623897552779,0.125218453,H,A,123,0,0.683834939782601
Y76H,76,Y,H,wt-like,-0.0454249960305467,0.184272159,Y,H,76,0,0.683806667220571
E299I,299,E,I,wt-like,-0.0455706933701136,0.139173492,E,I,299,0,0.683740871307097
S355P,355,S,P,wt-like,-0.0458489494659785,0.085101953,S,P,355,0,0.683615212773717
E256T,256,E,T,wt-like,-0.0461710647613352,0.13751047,E,T,256,0,0.683469747728404
F21A,21,F,A,wt-like,-0.0467008991799195,0.125072128,F,A,21,0,0.683230478159965
Y46N,46,Y,N,possibly_wt-like,-0.0471514450133181,0.365995562,Y,N,46,0,0.683027014769633
L295E,295,L,E,possibly_wt-like,-0.047394083898096,0.318777487,L,E,295,0,0.68291744072308
T401D,401,T,D,possibly_wt-like,-0.047566657343916,0.314348244,T,D,401,0,0.682839507745423
T401A,401,T,A,wt-like,-0.0476244839226421,0.266843148,T,A,401,0,0.682813393661379
V85C,85,V,C,possibly_wt-like,-0.047646258533602,0.2809038,V,C,85,0,0.682803560397279
R142M,142,R,M,wt-like,-0.0482009463234364,0.2892302,R,M,142,0,0.682553067217831
K313G,313,K,G,wt-like,-0.0483149629043863,0.134796147,K,G,313,0,0.682501578116402
E91A,91,E,A,wt-like,-0.0491076280942418,0.143908013,E,A,91,0,0.68214361598476
G156R,156,G,R,possibly_wt-like,-0.0492179722290436,0.365494746,G,R,156,0,0.682093785334678
Q219M,219,Q,M,wt-like,-0.0493388661090034,0.159551745,Q,M,219,0,0.682039190492459
T26Q,26,T,Q,wt-like,-0.0495904759548656,0.142269134,T,Q,26,0,0.681925565221765
K13L,13,K,L,wt-like,-0.04971352785665,0.134829936,K,L,13,0,0.681869995831777
V158R,158,V,R,wt-like,-0.0502308226316805,0.194767098,V,R,158,0,0.681636389079863
N228Y,228,N,Y,wt-like,-0.0502431297920554,0.227274007,N,Y,228,0,0.681630831251137
C71G,71,C,G,possibly_wt-like,-0.0502901229173373,0.224222115,C,G,71,0,0.681609609479936
E201F,201,E,F,wt-like,-0.0504468967012416,0.114816104,E,F,201,0,0.681538811520608
V222E,222,V,E,wt-like,-0.0505335170440805,0.080405409,V,E,222,0,0.681499694371321
A126E,126,A,E,wt-like,-0.0512920728798513,0.116511788,A,E,126,0,0.681157135788684
G165A,165,G,A,wt-like,-0.0514370346794172,0.07985441,G,A,165,0,0.68109167204
G208C,208,G,C,wt-like,-0.0516714801739691,0.162072239,G,C,208,0,0.680985798071952
Q396R,396,Q,R,wt-like,-0.0519922964531453,0.285976815,Q,R,396,0,0.680840919653385
F21D,21,F,D,possibly_wt-like,-0.0520988394222986,0.216430061,F,D,21,0,0.680792805583488
S294R,294,S,R,wt-like,-0.0521643458267144,0.203627176,S,R,294,0,0.680763223343141
I203S,203,I,S,wt-like,-0.0523051281829171,0.077542403,I,S,203,0,0.680699647002249
V365F,365,V,F,possibly_wt-like,-0.0527282607031692,0.259014799,V,F,365,0,0.680508563275027
R55E,55,R,E,wt-like,-0.0528474772892336,0.151100419,R,E,55,0,0.680454725887161
E43V,43,E,V,wt-like,-0.0530501054248826,0.258083785,E,V,43,0,0.680363220418905
H376R,376,H,R,wt-like,-0.0530946213565181,0.144638457,H,R,376,0,0.680343117331266
A79W,79,A,W,wt-like,-0.0531346820172901,0.099423369,A,W,79,0,0.680325026213214
D236G,236,D,G,wt-like,-0.0532853534461142,0.111154333,D,G,236,0,0.680256984035344
P387L,387,P,L,wt-like,-0.05332317596374,0.113512211,P,L,387,0,0.680239903647298
R159G,159,R,G,wt-like,-0.0533863522825096,0.145424054,R,G,159,0,0.680211373657555
D393N,393,D,N,possibly_wt-like,-0.0535336625562217,0.35574946,D,N,393,0,0.680144849354148
N49W,49,N,W,wt-like,-0.0538396550774479,0.224404554,N,W,49,0,0.680006665242411
T363R,363,T,R,possibly_wt-like,-0.0540397022557718,0.364816285,T,R,363,0,0.679916325316679
E390L,390,E,L,wt-like,-0.0541923885388129,0.174387115,E,L,390,0,0.679847373244544
L295Y,295,L,Y,possibly_wt-like,-0.0543197105129963,0.27938073,L,Y,295,0,0.679789875519317
R189E,189,R,E,wt-like,-0.0546241912368276,0.096448996,R,E,189,0,0.679652374124855
Q17A,17,Q,A,wt-like,-0.0551507774582286,0.209545706,Q,A,17,0,0.679414571419856
P103K,103,P,K,possibly_wt-like,-0.0553123808503184,0.336903459,P,K,103,0,0.679341592442788
S10L,10,S,L,wt-like,-0.055473992123194,0.105689518,S,L,10,0,0.679268609906812
S385D,385,S,D,wt-like,-0.0556143791266462,0.191236802,S,D,385,0,0.679205212104494
N94G,94,N,G,wt-like,-0.056088500330543,0.245582926,N,G,94,0,0.678991102239477
Y76W,76,Y,W,possibly_wt-like,-0.0565261111676374,0.324947661,Y,W,76,0,0.678793480204246
Q261G,261,Q,G,wt-like,-0.0565675246966256,0.150443934,Q,G,261,0,0.678774778140241
G20Q,20,G,Q,wt-like,-0.0569035325037523,0.164669765,G,Q,20,0,0.678623039332448
D22G,22,D,G,wt-like,-0.0569695984439546,0.058590722,D,G,22,0,0.6785932044096
S361V,361,S,V,wt-like,-0.0570602222259422,0.144876617,S,V,361,0,0.678552279334811
P89C,89,P,C,wt-like,-0.0573246462293943,0.149185232,P,C,89,0,0.678432867278946
S364Q,364,S,Q,possibly_wt-like,-0.057396303587069,0.698429085,S,Q,364,0,0.678400507310539
D368V,368,D,V,wt-like,-0.0579006515446166,0.230791167,D,V,368,0,0.678172747252089
E307G,307,E,G,wt-like,-0.0579364184906324,0.243989949,E,G,307,0,0.678156595146002
S355R,355,S,R,possibly_wt-like,-0.0580873657469568,0.471944414,S,R,355,0,0.678088428406335
I306H,306,I,H,possibly_wt-like,-0.058345880474579,0.478898421,I,H,306,0,0.677971684938671
D395Y,395,D,Y,wt-like,-0.0584131705634974,0.149475909,D,Y,395,0,0.677941297198707
L220M,220,L,M,wt-like,-0.0587405305217544,0.164901598,L,M,220,0,0.677793463699808
E394K,394,E,K,wt-like,-0.0587820504413498,0.177348888,E,K,394,0,0.677774713590539
R130T,130,R,T,possibly_wt-like,-0.058891464643436,0.664679782,R,T,130,0,0.677725302891656
K125R,125,K,R,wt-like,-0.0592181560483706,0.087250213,K,R,125,0,0.677577771306825
F21P,21,F,P,wt-like,-0.059254546889923,0.164662536,F,P,21,0,0.677561337453818
N228M,228,N,M,possibly_wt-like,-0.0597823165426472,0.226158351,N,M,228,0,0.677323000319397
E256V,256,E,V,wt-like,-0.0602601180734781,0.08341114,E,V,256,0,0.677107228444125
E18C,18,E,C,wt-like,-0.0608358685766284,0.235712627,E,C,18,0,0.676847223488642
V365R,365,V,R,wt-like,-0.0611889172694224,0.022428043,V,R,365,0,0.676687789134436
D393W,393,D,W,possibly_wt-like,-0.061755347429988,0.338748256,D,W,393,0,0.676431993181369
V365L,365,V,L,possibly_wt-like,-0.0620685915875462,0.319864875,V,L,365,0,0.676290534280689
Q219V,219,Q,V,wt-like,-0.0622476968912683,0.134863161,Q,V,219,0,0.676209651561063
P391N,391,P,N,wt-like,-0.0625486693519875,0.087317177,P,N,391,0,0.676073734474021
Q97E,97,Q,E,possibly_wt-like,-0.0627983418380255,0.302159319,Q,E,97,0,0.675960984101659
E288G,288,E,G,wt-like,-0.0628372978753316,0.000601639,E,G,288,0,0.675943391823944
S59G,59,S,G,wt-like,-0.0632492081567103,0.09956499,S,G,59,0,0.675757375982383
L193I,193,L,I,wt-like,-0.0632495614786037,0.096715576,L,I,193,0,0.675757216424653
K332W,332,K,W,wt-like,-0.0633441886997399,0.08535874,K,W,332,0,0.675714483424361
Q214G,214,Q,G,wt-like,-0.0634364385505157,0.11821672,Q,G,214,0,0.675672824028125
E235T,235,E,T,wt-like,-0.0640963033066443,0.154416094,E,T,235,0,0.675374833656247
E201C,201,E,C,possibly_wt-like,-0.0642273975502616,0.284949176,E,C,201,0,0.675315632400166
N31R,31,N,R,wt-like,-0.0644474356550428,0.15275068,N,R,31,0,0.675216264709951
S361R,361,S,R,wt-like,-0.0648741946501929,0.186073386,S,R,361,0,0.675023543291682
F37D,37,F,D,wt-like,-0.0648801223145228,0.097430302,F,D,37,0,0.675020866399362
G129W,129,G,W,wt-like,-0.065015892491004,0.071321023,G,W,129,0,0.674959553524256
T160G,160,T,G,wt-like,-0.0656271538146342,0.203057685,T,G,160,0,0.67468351212721
G20H,20,G,H,wt-like,-0.065674187657309,0.213081612,G,H,20,0,0.674662271968315
Q214C,214,Q,C,possibly_wt-like,-0.0657769806859213,0.356710167,Q,C,214,0,0.674615851345698
R15E,15,R,E,wt-like,-0.0658632214375811,0.234169456,R,E,15,0,0.674576905617169
R308V,308,R,V,wt-like,-0.0659426518769099,0.202589737,R,V,308,0,0.674541035378709
V9L,9,V,L,wt-like,-0.0663136608803726,0.10997265,V,L,9,0,0.674373490272102
N94T,94,N,T,possibly_wt-like,-0.0663590476388308,0.321471989,N,T,94,0,0.674352993925077
I306L,306,I,L,wt-like,-0.0669730987606079,0.237511884,I,L,306,0,0.674075692674433
Q17I,17,Q,I,wt-like,-0.0670922168368507,0.157488206,Q,I,17,0,0.674021899772922
Q87V,87,Q,V,wt-like,-0.0674010346197597,0.195126066,Q,V,87,0,0.673882439792499
S361L,361,S,L,wt-like,-0.0676626044653148,0.225201329,S,L,361,0,0.673764316654652
I303L,303,I,L,wt-like,-0.0676862612705988,0.271364364,I,L,303,0,0.673753633404579
T398D,398,T,D,possibly_wt-like,-0.0678270226113731,0.412203866,T,D,398,0,0.673690066554109
D393M,393,D,M,possibly_wt-like,-0.0678667890561445,0.270048987,D,M,393,0,0.673672108301974
I400W,400,I,W,wt-like,-0.0680524774428762,0.218962364,I,W,400,0,0.673588252707473
E307R,307,E,R,wt-like,-0.0680571152852757,0.244320576,E,R,307,0,0.673586158289839
P38Y,38,P,Y,wt-like,-0.0681856837370679,0.045427083,P,Y,38,0,0.673528097663922
S229M,229,S,M,possibly_wt-like,-0.0686544512605287,0.237477899,S,M,229,0,0.673316405484058
S360K,360,S,K,wt-like,-0.0687105545741094,0.248297958,S,K,360,0,0.673291069614667
H376L,376,H,L,wt-like,-0.068906239737534,0.163542036,H,L,376,0,0.673202699544772
P30K,30,P,K,wt-like,-0.0691769105771381,0.133197107,P,K,30,0,0.673080466460795
S361A,361,S,A,possibly_wt-like,-0.069344465275915,0.357903768,S,A,361,0,0.673004799914681
N334S,334,N,S,wt-like,-0.0693456447668453,0.151739753,N,S,334,0,0.673004267264713
P244S,244,P,S,wt-like,-0.0694394720882304,0.13958363,P,S,244,0,0.672961895493631
N389K,389,N,K,wt-like,-0.0694575112067563,0.177658043,N,K,389,0,0.672953749152146
E394I,394,E,I,possibly_wt-like,-0.0699605719693021,0.346441314,E,I,394,0,0.672726570382079
F21C,21,F,C,possibly_wt-like,-0.0701804971161544,0.291951181,F,C,21,0,0.672627253702885
Q396T,396,Q,T,wt-like,-0.0704247725774347,0.205008241,Q,T,396,0,0.672516940589673
E18L,18,E,L,wt-like,-0.0704441947738555,0.280362995,E,L,18,0,0.672508169659751
E299A,299,E,A,wt-like,-0.0705383741036697,0.104183404,E,A,299,0,0.67246563892409
N262P,262,N,P,possibly_wt-like,-0.0706666273240329,0.353529706,N,P,262,0,0.672407720654512
S362T,362,S,T,wt-like,-0.0709931361574316,0.148464678,S,T,362,0,0.672260271517728
K62S,62,K,S,wt-like,-0.0713126087626417,0.131178366,K,S,62,0,0.672115999893055
K80E,80,K,E,possibly_wt-like,-0.0713939043212587,0.330352552,K,E,80,0,0.67207928737959
F21G,21,F,G,wt-like,-0.0714414451611486,0.062645225,F,G,21,0,0.67205781826425
E18D,18,E,D,wt-like,-0.0717631769249332,0.055800342,E,D,18,0,0.671912526419149
K263H,263,K,H,possibly_wt-like,-0.0722057224473561,0.414839488,K,H,263,0,0.671712675914065
H93T,93,H,T,wt-like,-0.0725559222361103,0.168974245,H,T,93,0,0.671554528105271
Q399R,399,Q,R,wt-like,-0.072663338659015,0.255161935,Q,R,399,0,0.671506019589685
H259E,259,H,E,wt-like,-0.072776529070928,0.23567083,H,E,259,0,0.671454903580495
Q396V,396,Q,V,wt-like,-0.0728747026456407,0.136432001,Q,V,396,0,0.671410569071392
E394P,394,E,P,wt-like,-0.0732040052175792,0.174962594,E,P,394,0,0.671261858301555
Y16S,16,Y,S,wt-like,-0.0736143866265272,0.266142986,Y,S,16,0,0.671076532888236
S227Y,227,S,Y,possibly_wt-like,-0.0736456799131794,0.2568744,S,Y,227,0,0.671062401055857
H397Y,397,H,Y,wt-like,-0.0740028253010865,0.117749235,H,Y,397,0,0.670901116662399
I303A,303,I,A,wt-like,-0.0740760863986563,0.082210704,I,A,303,0,0.670868032456118
P354H,354,P,H,wt-like,-0.0741275531833019,0.276810388,P,H,354,0,0.670844790411209
S385E,385,S,E,wt-like,-0.074401321171696,0.116329236,S,E,385,0,0.670721158676203
F90M,90,F,M,possibly_wt-like,-0.0745158618248965,0.327700374,F,M,90,0,0.670669432907361
Q399H,399,Q,H,wt-like,-0.0750157676462235,0.216990426,Q,H,399,0,0.670443678886984
N94Y,94,N,Y,possibly_wt-like,-0.0750778997608844,0.19202554,N,Y,94,0,0.670415620452614
P89A,89,P,A,possibly_wt-like,-0.07513237175182,0.333817446,P,A,89,0,0.670391021277275
S305R,305,S,R,possibly_wt-like,-0.0753550105158906,0.327203646,S,R,305,0,0.670290479147265
N94Q,94,N,Q,wt-like,-0.07551044719315,0.16336061,N,Q,94,0,0.670220285016074
K402Y,402,K,Y,possibly_wt-like,-0.0757404623726599,0.459523641,K,Y,402,0,0.670116411747737
H64S,64,H,S,wt-like,-0.0757485598799929,0.146377928,H,S,64,0,0.670112754969285
F195D,195,F,D,possibly_wt-like,-0.075813346505979,0.425263703,F,D,195,0,0.670083497775912
K163R,163,K,R,wt-like,-0.075928550458645,0.261411979,K,R,163,0,0.670031472465607
K332S,332,K,S,wt-like,-0.0762607387116232,0.209233623,K,S,332,0,0.669881458542119
A72G,72,A,G,wt-like,-0.0771389143669948,0.073572198,A,G,72,0,0.669484880474133
N389R,389,N,R,wt-like,-0.0773485918654753,0.185752447,N,R,389,0,0.669390191562252
I50V,50,I,V,wt-like,-0.0779713788382291,0.186062993,I,V,50,0,0.669108945261571
A121C,121,A,C,possibly_wt-like,-0.0779777543938811,0.245128336,A,C,121,0,0.669106066104619
F90G,90,F,G,wt-like,-0.0781109186572157,0.112991006,F,G,90,0,0.669045930041913
Q87E,87,Q,E,possibly_wt-like,-0.0783843070544307,0.465402682,Q,E,87,0,0.668922469727665
T210G,210,T,G,possibly_wt-like,-0.0784150486860822,0.332080714,T,G,210,0,0.668908587018878
D297F,297,D,F,wt-like,-0.0786699815965921,0.176606589,D,F,297,0,0.668793461075113
S360R,360,S,R,wt-like,-0.0789993826783521,0.235172924,S,R,360,0,0.66864470581892
D19R,19,D,R,wt-like,-0.0791735073254957,0.078568015,D,R,19,0,0.668566072329446
K344V,344,K,V,possibly_wt-like,-0.0793666706374881,0.329121424,K,V,344,0,0.668478841110262
P213V,213,P,V,wt-like,-0.0797800309834403,0.134875559,P,V,213,0,0.668292170429542
L318V,318,L,V,wt-like,-0.0798877035318811,0.203851702,L,V,318,0,0.668243546249432
Q219T,219,Q,T,wt-like,-0.0800232806291121,0.159049845,Q,T,219,0,0.668182320567583
S362L,362,S,L,possibly_wt-like,-0.0802313478203758,0.333729769,S,L,362,0,0.668088358859332
S59R,59,S,R,wt-like,-0.0802951624827892,0.134938665,S,R,59,0,0.668059540598004
N389F,389,N,F,wt-like,-0.0806170689373241,0.281616735,N,F,389,0,0.667914169863765
D52R,52,D,R,wt-like,-0.0808329551814921,0.203995752,D,R,52,0,0.667816677125162
E394G,394,E,G,wt-like,-0.0809985265491948,0.175012094,E,G,394,0,0.66774190623768
E256S,256,E,S,wt-like,-0.0814319448082831,0.093393582,E,S,256,0,0.667546177541754
N49F,49,N,F,wt-like,-0.0815759412115976,0.102036622,N,F,49,0,0.667481149759358
I4H,4,I,H,possibly_wt-like,-0.0816361228317914,0.345784305,I,H,4,0,0.667453972154833
T401R,401,T,R,wt-like,-0.0817824690227164,0.056044926,T,R,401,0,0.667387883224561
H75I,75,H,I,possibly_wt-like,-0.0819112305537589,0.32919303,H,I,75,0,0.667329735405387
K313R,313,K,R,wt-like,-0.0823014437185707,0.219008969,K,R,313,0,0.667153517831992
G209S,209,G,S,wt-like,-0.0824615484479085,0.214804631,G,S,209,0,0.667081215640685
S179D,179,S,D,possibly_wt-like,-0.0824854731999072,0.298177783,S,D,179,0,0.667070411387724
Q87R,87,Q,R,possibly_wt-like,-0.0834781185814078,0.465095171,Q,R,87,0,0.666622139581072
N117G,117,N,G,wt-like,-0.0837911499577513,0.175218928,N,G,117,0,0.666480776770921
K197G,197,K,G,wt-like,-0.0838677065372187,0.22555722,K,G,197,0,0.666446204347749
A309V,309,A,V,wt-like,-0.0842538807993462,0.159086711,A,V,309,0,0.666271810714945
R378F,378,R,F,possibly_wt-like,-0.084342793137367,0.424208138,R,F,378,0,0.666231658516445
H64A,64,H,A,wt-like,-0.0846083454066423,0.197574842,H,A,64,0,0.666111736943518
Q17M,17,Q,M,wt-like,-0.0848082927616802,0.21887127,Q,M,17,0,0.666021442097293
P387V,387,P,V,wt-like,-0.0852452849570951,0.094054463,P,V,387,0,0.665824099436377
H64D,64,H,D,possibly_wt-like,-0.0854586729921881,0.196533671,H,D,64,0,0.665727734871758
K344S,344,K,S,wt-like,-0.085775108867965,0.191065791,K,S,344,0,0.665584834613149
G209R,209,G,R,wt-like,-0.0857978856521763,0.091026625,G,R,209,0,0.665574548774522
S370F,370,S,F,possibly_wt-like,-0.0871355964905311,0.279536683,S,F,370,0,0.664970447787943
R234L,234,R,L,possibly_wt-like,-0.0872870008324276,0.316746983,R,L,234,0,0.664902074631586
P391V,391,P,V,wt-like,-0.0872959954358692,0.197031485,P,V,391,0,0.66489801273072
C296S,296,C,S,possibly_wt-like,-0.0873115599876772,0.438877355,C,S,296,0,0.664890983886493
D371S,371,D,S,wt-like,-0.0876545816940997,0.229100588,D,S,371,0,0.664736077650163
R55H,55,R,H,wt-like,-0.0879676130704433,0.221875011,R,H,55,0,0.664594714840012
K344Q,344,K,Q,wt-like,-0.0879743734711316,0.175642604,K,Q,344,0,0.664591661889697
Y315P,315,Y,P,wt-like,-0.088108011895074,0.206191682,Y,P,315,0,0.664531311699332
N49G,49,N,G,wt-like,-0.0881823539737524,0.124134771,N,G,49,0,0.664497739329439
P387E,387,P,E,wt-like,-0.0882966739649528,0.181593795,P,E,387,0,0.664446113210035
D92T,92,D,T,possibly_wt-like,-0.0883451407971654,0.37025119,D,T,92,0,0.66442422592295
K62L,62,K,L,wt-like,-0.0883939675185929,0.161359742,K,L,62,0,0.664402176112378
K263G,263,K,G,wt-like,-0.0887642738186617,0.137278332,K,G,263,0,0.664234948341776
A39D,39,A,D,wt-like,-0.0889116904829812,0.225026102,A,D,39,0,0.664168375993104
T319V,319,T,V,wt-like,-0.0889792931763999,0.186902137,T,V,319,0,0.664137847083104
M239W,239,M,W,wt-like,-0.0892701690371402,0.191587073,M,W,239,0,0.664006489550963
N311M,311,N,M,wt-like,-0.0892704566858191,0.226915054,N,M,311,0,0.664006359650804
K80S,80,K,S,wt-like,-0.0894521193045093,0.132631991,K,S,80,0,0.663924322065379
E18H,18,E,H,possibly_wt-like,-0.0896149665472795,0.417437144,E,H,18,0,0.663850781373924
E18S,18,E,S,wt-like,-0.0896900494198162,0.256084455,E,S,18,0,0.663816874466636
Q399A,399,Q,A,possibly_wt-like,-0.0898434948852157,0.406912108,Q,A,399,0,0.663747579552985
N389V,389,N,V,wt-like,-0.0898664503005702,0.1204359,N,V,389,0,0.663737213045766
Q214L,214,Q,L,wt-like,-0.0910101151789311,0.218480666,Q,L,214,0,0.66322074187612
N49L,49,N,L,possibly_wt-like,-0.0910195668679447,0.255337844,N,L,49,0,0.663216473558563
P391T,391,P,T,possibly_wt-like,-0.0912239261495247,0.384495554,P,T,391,0,0.663124186316747
D236A,236,D,A,wt-like,-0.0916756554142465,0.087154869,D,A,236,0,0.662920188496994
E394A,394,E,A,wt-like,-0.0917278945158931,0.154497292,E,A,394,0,0.662896597679055
L318C,318,L,C,wt-like,-0.0920032675576468,0.149266267,L,C,318,0,0.662772241113024
S287E,287,S,E,wt-like,-0.0921628390204837,0.093696483,S,E,287,0,0.662700179741189
L152Q,152,L,Q,possibly_wt-like,-0.0926069173557302,0.190402673,L,Q,152,0,0.662499637028408
P244N,244,P,N,wt-like,-0.0927177487857826,0.071572664,P,N,244,0,0.662449586319152
F279C,279,F,C,possibly_wt-like,-0.0935316710816688,0.232111213,F,C,279,0,0.662082024625066
Y76F,76,Y,F,possibly_wt-like,-0.0936158496943971,0.301171568,Y,F,76,0,0.662044010144253
N262L,262,N,L,wt-like,-0.093648023002122,0.094073447,N,L,262,0,0.662029480900428
P387I,387,P,I,wt-like,-0.0936776442487361,0.101547757,P,I,387,0,0.662016104149795
C218Q,218,C,Q,possibly_wt-like,-0.0940907353345096,0.244467598,C,Q,218,0,0.661829555065115
R189V,189,R,V,wt-like,-0.0941979310954139,0.177022742,R,V,189,0,0.661781146198966
F21Q,21,F,Q,wt-like,-0.0942148958001526,0.102707861,F,Q,21,0,0.661773485055335
A79L,79,A,L,wt-like,-0.0943507198286695,0.043394223,A,L,79,0,0.661712147861021
H64T,64,H,T,wt-like,-0.0946014969381735,0.143661114,H,T,64,0,0.661598898648322
K62R,62,K,R,wt-like,-0.0948190499685224,0.144273865,K,R,62,0,0.661500653200577
S385N,385,S,N,possibly_wt-like,-0.0950055907935767,0.294813595,S,N,385,0,0.66141641265081
F21V,21,F,V,wt-like,-0.0952349177177998,0.22034,F,V,21,0,0.661312850193813
L186K,186,L,K,possibly_wt-like,-0.0954615743691261,0.5282556,L,K,186,0,0.661210493613635
L220V,220,L,V,possibly_wt-like,-0.0954888944263084,0.365074479,L,V,220,0,0.661198156064275
K289V,289,K,V,possibly_wt-like,-0.0955214039808909,0.377604646,K,V,289,0,0.661183474973689
P89K,89,P,K,wt-like,-0.0955364549681625,0.171988808,P,K,89,0,0.661176678051664
K263M,263,K,M,wt-like,-0.0956714344391426,0.211728378,K,M,263,0,0.661115722253708
Y46A,46,Y,A,possibly_wt-like,-0.0957729297650387,0.297958443,Y,A,46,0,0.661069887664685
R47H,47,R,H,wt-like,-0.0958702863649646,0.138170081,R,H,47,0,0.66102592209576
K223H,223,K,H,wt-like,-0.0959730610050769,0.174811828,K,H,223,0,0.660979509777263
K332L,332,K,L,possibly_wt-like,-0.0962171197447497,0.290963684,K,L,332,0,0.660869294534034
S226G,226,S,G,wt-like,-0.0962271309695499,0.218916041,S,G,226,0,0.660864773533975
Q245K,245,Q,K,possibly_wt-like,-0.0966450595442944,0.321791816,Q,K,245,0,0.660676039872646
K102E,102,K,E,possibly_wt-like,-0.0972404463385445,0.306543394,K,E,102,0,0.66040716730356
H93P,93,H,P,possibly_wt-like,-0.097242010674511,0.401740351,H,P,93,0,0.660406460860229
K80A,80,K,A,wt-like,-0.0973697621515164,0.22696806,K,A,80,0,0.66034876917449
Q214R,214,Q,R,possibly_wt-like,-0.0975965120588073,0.265360657,Q,R,214,0,0.660246370480562
Y240S,240,Y,S,wt-like,-0.0977406962875147,0.08095128,Y,S,240,0,0.660181257877514
P354T,354,P,T,possibly_wt-like,-0.0978767777550322,0.63265967,P,T,354,0,0.660119804425523
P89G,89,P,G,wt-like,-0.0981609313055484,0.101277566,P,G,89,0,0.659991482642306
R74D,74,R,D,possibly_wt-like,-0.0984122482488745,0.181374734,R,D,74,0,0.659877989644377
F392L,392,F,L,possibly_wt-like,-0.0986192147570654,0.256039619,F,L,392,0,0.659784524997009
Y379M,379,Y,M,possibly_wt-like,-0.0997823977147402,0.321914291,Y,M,379,0,0.659259239597388
T401K,401,T,K,wt-like,-0.0998043378222003,0.072579158,T,K,401,0,0.65924933159621
D52S,52,D,S,wt-like,-0.0999263744160904,0.084775552,D,S,52,0,0.659194220712263
E18N,18,E,N,wt-like,-0.100319575712156,0.16622121,E,N,18,0,0.659016653719407
E40Y,40,E,Y,wt-like,-0.100371229008731,0.125292556,E,Y,40,0,0.658993327446997
Q87S,87,Q,S,wt-like,-0.100476721206454,0.178448586,Q,S,87,0,0.65894568789823
N63E,63,N,E,wt-like,-0.101522421350924,0.13522028,N,E,63,0,0.658473456926612
A333L,333,A,L,possibly_wt-like,-0.101536566047837,0.297403484,A,L,333,0,0.658467069279062
P38T,38,P,T,possibly_wt-like,-0.101953594899545,0.187459622,P,T,38,0,0.658278741926449
R74A,74,R,A,possibly_wt-like,-0.101962395110272,0.386659677,R,A,74,0,0.658274767811992
A148P,148,A,P,wt-like,-0.102074926163112,0.210203556,A,P,148,0,0.65822394956481
P354G,354,P,G,wt-like,-0.102141943051459,0.225262718,P,G,354,0,0.65819368520034
S10R,10,S,R,wt-like,-0.10219258760746,0.197915911,S,R,10,0,0.658170814468214
T202P,202,T,P,wt-like,-0.102211860068952,0.176633615,T,P,202,0,0.658162111157553
K263L,263,K,L,wt-like,-0.102245074953857,0.194781703,K,L,263,0,0.658147111544659
S305L,305,S,L,wt-like,-0.102273803044756,0.201182391,S,L,305,0,0.658134138136986
V351L,351,V,L,possibly_wt-like,-0.102291888134532,0.350511163,V,L,351,0,0.6581259710352
I135T,135,I,T,possibly_wt-like,-0.102742975115217,0.267381828,I,T,135,0,0.657922263266488
Q149D,149,Q,D,possibly_wt-like,-0.102790531716679,0.32201667,Q,D,149,0,0.65790078703333
K289E,289,K,E,possibly_wt-like,-0.102802045544624,0.374319452,K,E,289,0,0.657895587468057
S10A,10,S,A,possibly_wt-like,-0.103150275136946,0.432373635,S,A,10,0,0.65773832938638
N63A,63,N,A,wt-like,-0.103193578741045,0.182815062,N,A,63,0,0.657718773777493
R161V,161,R,V,possibly_wt-like,-0.103213234734109,0.423756513,R,V,161,0,0.65770989726662
C250Y,250,C,Y,possibly_wt-like,-0.103601870428311,0.214261505,C,Y,250,0,0.657534392068071
S227G,227,S,G,wt-like,-0.104317201467841,0.246848393,S,G,227,0,0.657211353505236
M35L,35,M,L,wt-like,-0.104581135549114,0.227244499,M,L,35,0,0.657092162694848
Q17T,17,Q,T,possibly_wt-like,-0.105549531752937,0.313133184,Q,T,17,0,0.656654841649556
Q171D,171,Q,D,possibly_wt-like,-0.105576151733654,0.248750861,Q,D,171,0,0.656642820249898
Q17S,17,Q,S,wt-like,-0.105810410716277,0.220567556,Q,S,17,0,0.656537030509351
Y29F,29,Y,F,possibly_wt-like,-0.107700119369605,0.555958188,Y,F,29,0,0.655683651117415
K349S,349,K,S,wt-like,-0.108469151396533,0.105636055,K,S,349,0,0.65533636155912
K125C,125,K,C,possibly_wt-like,-0.10871012349513,0.517317411,K,C,125,0,0.655227540221708
D52H,52,D,H,wt-like,-0.109003456847552,0.085322343,D,H,52,0,0.655095072903276
V222W,222,V,W,wt-like,-0.1091358960786,0.153196527,V,W,222,0,0.65503526426015
A137V,137,A,V,wt-like,-0.109598939524696,0.013424638,A,V,137,0,0.654826157034137
S207C,207,S,C,possibly_wt-like,-0.10976471053897,0.333308224,S,C,207,0,0.65475129598764
Q298F,298,Q,F,wt-like,-0.11005133734274,0.09513663,Q,F,298,0,0.654621857300315
S385T,385,S,T,wt-like,-0.110615346788623,0.223694894,S,T,385,0,0.6543671545253
C304P,304,C,P,possibly_wt-like,-0.110762965726443,0.49835624,C,P,304,0,0.65430049083131
N228D,228,N,D,possibly_wt-like,-0.110826428380427,0.354080029,N,D,228,0,0.65427183153456
T363P,363,T,P,possibly_wt-like,-0.110987075570516,0.463824287,T,P,363,0,0.654199284371719
G208M,208,G,M,wt-like,-0.111329225136651,0.214761113,G,M,208,0,0.654044771987926
I400R,400,I,R,possibly_wt-like,-0.111468906809781,0.261228388,I,R,400,0,0.653981692707916
L25V,25,L,V,wt-like,-0.111750111632972,0.105553635,L,V,25,0,0.653854702549618
Y16T,16,Y,T,possibly_wt-like,-0.11205434936591,0.379154127,Y,T,16,0,0.653717310888167
T321F,321,T,F,wt-like,-0.112619586900902,0.155779285,T,F,321,0,0.653462053516582
V222R,222,V,R,possibly_wt-like,-0.113058882912677,0.133272738,V,R,222,0,0.65326367046809
F37H,37,F,H,possibly_wt-like,-0.11360780196736,0.291916931,F,H,37,0,0.653015782409641
N48R,48,N,R,possibly_wt-like,-0.113653276727926,0.306752035,N,R,48,0,0.652995246321471
E7P,7,E,P,possibly_wt-like,-0.113766612934375,0.159447888,E,P,7,0,0.652944064472474
L295F,295,L,F,possibly_wt-like,-0.114020851022277,0.262810073,L,F,295,0,0.652829252305805
E18R,18,E,R,wt-like,-0.114130772221578,0.086120461,E,R,18,0,0.652779612650478
Y377H,377,Y,H,possibly_wt-like,-0.114216901328773,0.189182668,Y,H,377,0,0.652740717339819
R378T,378,R,T,wt-like,-0.114626083544827,0.160465982,R,T,378,0,0.652555933473739
A72N,72,A,N,wt-like,-0.11464803678693,0.136355892,A,N,72,0,0.652546019541047
F243M,243,F,M,wt-like,-0.114676732041221,0.063513244,F,M,243,0,0.652533060962159
P231M,231,P,M,wt-like,-0.114938978320884,0.147385958,P,M,231,0,0.652414632351335
D19A,19,D,A,wt-like,-0.115996521972836,0.102061123,D,A,19,0,0.65193705293344
I253M,253,I,M,possibly_wt-like,-0.116933572351435,0.226687473,I,M,253,0,0.651513887446583
D24G,24,D,G,wt-like,-0.11698482766833,0.069962576,D,G,24,0,0.651490740899052
T401G,401,T,G,wt-like,-0.11698770415512,0.159231553,T,G,401,0,0.65148944189746
I306A,306,I,A,possibly_wt-like,-0.1171074461269,0.206158969,I,A,306,0,0.651435367249029
L146V,146,L,V,wt-like,-0.117982841178374,0.17781772,L,V,146,0,0.651040044882581
N94R,94,N,R,possibly_wt-like,-0.118166970482996,0.244403688,N,R,94,0,0.650956893358805
F104Y,104,F,Y,possibly_wt-like,-0.118411038416919,0.376042767,F,Y,104,0,0.650846673963516
P244Q,244,P,Q,possibly_wt-like,-0.118460499541598,0.24640166,P,Q,244,0,0.650824337660812
V9M,9,V,M,possibly_wt-like,-0.118689432426534,0.274905754,V,M,9,0,0.650720953149239
K62M,62,K,M,wt-like,-0.119025455995232,0.165907791,K,M,62,0,0.650569207223629
P354Y,354,P,Y,possibly_wt-like,-0.119226471196736,0.19590861,P,Y,354,0,0.650478430145307
Q171W,171,Q,W,wt-like,-0.119265802884829,0.077954164,Q,W,171,0,0.650460668226289
P367K,367,P,K,possibly_wt-like,-0.11931275923311,0.341501417,P,K,367,0,0.650439463063327
N48M,48,N,M,wt-like,-0.119512745992077,0.076691908,N,M,48,0,0.65034915042256
T2R,2,T,R,possibly_wt-like,-0.11966269107515,0.32489444,T,R,2,0,0.650281436257421
Q214F,214,Q,F,wt-like,-0.1197368466419,0.157144528,Q,F,214,0,0.650247948115029
S370K,370,S,K,possibly_wt-like,-0.120357195824936,0.20472221,S,K,370,0,0.649967802703367
I168R,168,I,R,wt-like,-0.12035742699465,0.120347071,I,R,168,0,0.649967698308719
R55S,55,R,S,wt-like,-0.120764765106844,0.153664275,R,S,55,0,0.649783747227221
G36S,36,G,S,wt-like,-0.120977592292686,0.219783764,G,S,36,0,0.649687635938255
H93A,93,H,A,possibly_wt-like,-0.120983724857445,0.442693246,H,A,93,0,0.649684866514315
E114S,114,E,S,possibly_wt-like,-0.121047465965858,0.30486118,E,S,114,0,0.649656081469465
G20F,20,G,F,wt-like,-0.121122397790002,0.184438244,G,F,20,0,0.649622242774589
K62Q,62,K,Q,wt-like,-0.121240218163528,0.217927501,K,Q,62,0,0.649569035906673
R142S,142,R,S,possibly_wt-like,-0.121342384669676,0.665415715,R,S,142,0,0.649522898217279
E18P,18,E,P,wt-like,-0.121375028197616,0.13158987,E,P,18,0,0.649508156625248
N12C,12,N,C,wt-like,-0.121428424461299,0.0767932,N,C,12,0,0.649484043240916
E7G,7,E,G,wt-like,-0.121463113053135,0.119763367,E,G,7,0,0.649468378112138
T363L,363,T,L,wt-like,-0.121816726535573,0.221964504,T,L,363,0,0.649308688702825
N69L,69,N,L,possibly_wt-like,-0.121842980059754,0.244138187,N,L,69,0,0.649296832792411
P38A,38,P,A,wt-like,-0.121947537070904,0.093112234,P,A,38,0,0.649249615567448
K254H,254,K,H,wt-like,-0.122322250043658,0.120873397,K,H,254,0,0.649080397773861
E314V,314,E,V,possibly_wt-like,-0.122466268775865,0.257419595,E,V,314,0,0.649015359907891
D109A,109,D,A,wt-like,-0.123320212328595,0.108964661,D,A,109,0,0.648629724890295
N94L,94,N,L,possibly_wt-like,-0.123333102667113,0.344956946,N,L,94,0,0.648623903702343
E18T,18,E,T,possibly_wt-like,-0.123360740582653,0.242728793,E,T,18,0,0.648611422610341
Q17G,17,Q,G,wt-like,-0.123462599738157,0.140824031,Q,G,17,0,0.648565423718378
Y46F,46,Y,F,wt-like,-0.123539002642303,0.068749885,Y,F,46,0,0.648530920693921
Y240V,240,Y,V,possibly_wt-like,-0.123846953538782,0.235638851,Y,V,240,0,0.64839185219343
F21S,21,F,S,wt-like,-0.124231149723692,0.104963728,F,S,21,0,0.648218351846651
V275L,275,V,L,possibly_wt-like,-0.125010298052564,0.285048493,V,L,275,0,0.647866493836185
R74S,74,R,S,possibly_wt-like,-0.12503249428556,0.534848251,R,S,74,0,0.647856470170482
T210V,210,T,V,possibly_wt-like,-0.125596193753872,0.206720968,T,V,210,0,0.647601907379199
P89T,89,P,T,wt-like,-0.125958470846751,0.105005969,P,T,89,0,0.647438305543176
G20S,20,G,S,possibly_wt-like,-0.126302128269888,0.288358961,G,S,20,0,0.647283112221563
D92S,92,D,S,wt-like,-0.126397378073097,0.138828063,D,S,92,0,0.647240098067502
R14V,14,R,V,wt-like,-0.126465682156445,0.124059326,R,V,14,0,0.647209252414649
K80F,80,K,F,wt-like,-0.127225286136717,0.079881906,K,F,80,0,0.646866220497186
P30E,30,P,E,wt-like,-0.128164344802212,0.173456736,P,E,30,0,0.646442148081822
Q245S,245,Q,S,possibly_wt-like,-0.128196976508974,0.237733344,Q,S,245,0,0.646427411828154
D22K,22,D,K,wt-like,-0.128311226886567,0.15356096,D,K,22,0,0.646375817145774
C218A,218,C,A,possibly_wt-like,-0.128332812358669,0.445355532,C,A,218,0,0.646366069295477
A79M,79,A,M,possibly_wt-like,-0.1284683894559,0.244778874,A,M,79,0,0.646304843613628
K330R,330,K,R,wt-like,-0.128724035577518,0.077537976,K,R,330,0,0.646189395588647
M205R,205,M,R,possibly_wt-like,-0.128791975831259,0.278015693,M,R,205,0,0.646158714238734
I224M,224,I,M,wt-like,-0.128984067356393,0.081709375,I,M,224,0,0.646071967031102
T160Y,160,T,Y,wt-like,-0.129163343410472,0.213265448,T,Y,160,0,0.645991007201792
L23W,23,L,W,possibly_wt-like,-0.129182388642642,0.338832123,L,W,23,0,0.645982406506325
V275M,275,V,M,wt-like,-0.129549332474135,0.142804854,V,M,275,0,0.645816697203337
P367R,367,P,R,wt-like,-0.129888520178302,0.21109587,P,R,367,0,0.645663522375977
R308W,308,R,W,wt-like,-0.130734497570127,0.195822134,R,W,308,0,0.645281484821693
E114I,114,E,I,wt-like,-0.131214486018997,0.132093099,E,I,114,0,0.64506472534932
D395G,395,D,G,wt-like,-0.131261364872886,0.110383635,D,G,395,0,0.645043555182292
E390G,390,E,G,wt-like,-0.131341562375358,0.165897059,E,G,390,0,0.645007338543407
A86M,86,A,M,possibly_wt-like,-0.131349854275406,0.309546098,A,M,86,0,0.645003593978546
H75A,75,H,A,wt-like,-0.131555037099094,0.223172576,H,A,75,0,0.644910934830796
H376G,376,H,G,possibly_wt-like,-0.131616746278255,0.255365304,H,G,376,0,0.644883067391179
R55K,55,R,K,wt-like,-0.13163747799857,0.034867999,R,K,55,0,0.6448737050893
D393G,393,D,G,wt-like,-0.131882513955673,0.139142933,D,G,393,0,0.644763048541421
S229K,229,S,K,wt-like,-0.132039555686292,0.07692521,S,K,229,0,0.644692129579205
N311P,311,N,P,wt-like,-0.132058118877069,0.19332463,N,P,311,0,0.644683746570305
L345V,345,L,V,wt-like,-0.132105541505173,0.146292891,L,V,345,0,0.644662330838592
L345A,345,L,A,possibly_wt-like,-0.132219370260729,0.255564205,L,A,345,0,0.644610926557816
I303F,303,I,F,possibly_wt-like,-0.13246165451015,0.283281013,I,F,303,0,0.644501512662144
N69E,69,N,E,wt-like,-0.132662731444475,0.118036265,N,E,69,0,0.644410707705705
D310L,310,D,L,possibly_wt-like,-0.132686239828294,0.426386727,D,L,310,0,0.644400091481742
K344C,344,K,C,possibly_wt-like,-0.133131529177614,0.243383855,K,C,344,0,0.644199001883359
R308T,308,R,T,wt-like,-0.133153675498967,0.170469046,R,T,308,0,0.64418900075741
G44Y,44,G,Y,possibly_wt-like,-0.133228345943718,0.714043174,G,Y,44,0,0.644155280099665
E91N,91,E,N,wt-like,-0.133448339390713,0.167144441,E,N,91,0,0.644055932576598
Y16V,16,Y,V,possibly_wt-like,-0.133528769376365,0.47230384,Y,V,16,0,0.644019610949913
T167H,167,T,H,wt-like,-0.133632714313157,0.083533549,T,H,167,0,0.643972670133508
N212Q,212,N,Q,wt-like,-0.133672782854715,0.211688604,N,Q,212,0,0.643954575456548
L146C,146,L,C,possibly_wt-like,-0.133780879652121,0.417169619,L,C,146,0,0.643905759688531
P38R,38,P,R,wt-like,-0.134432174053773,0.157634194,P,R,38,0,0.643611639629614
E285P,285,E,P,possibly_wt-like,-0.134542818971896,0.297294603,E,P,285,0,0.643561673147859
E40V,40,E,V,wt-like,-0.13460595063288,0.128979532,E,V,40,0,0.643533163325264
Y46L,46,Y,L,possibly_wt-like,-0.134647232815439,0.370698193,Y,L,46,0,0.6435145205764
A333M,333,A,M,possibly_wt-like,-0.134747819224048,0.262800732,A,M,333,0,0.643469096448155
R378S,378,R,S,wt-like,-0.134952320359772,0.184700734,R,S,378,0,0.643376745145986
K164T,164,K,T,wt-like,-0.135023971150125,0.187003821,K,T,164,0,0.643344388143336
Y29S,29,Y,S,wt-like,-0.135030265270991,0.188823864,Y,S,29,0,0.643341545761772
D395V,395,D,V,wt-like,-0.135151855287023,0.184499981,D,V,395,0,0.643286636549305
G36F,36,G,F,possibly_wt-like,-0.135253238968455,0.191310757,G,F,36,0,0.643240852378152
L23M,23,L,M,wt-like,-0.135397708218913,0.15717934,L,M,23,0,0.643175611061247
F215L,215,F,L,possibly_wt-like,-0.135769096813555,0.23922778,F,L,215,0,0.643007894533883
P89Q,89,P,Q,possibly_wt-like,-0.136684813905195,0.354868096,P,Q,89,0,0.642594363012252
C218H,218,C,H,possibly_wt-like,-0.136744001232923,0.243660803,C,H,218,0,0.642567634423346
E106V,106,E,V,wt-like,-0.13682879848733,0.195975378,E,V,106,0,0.642529340568219
D371M,371,D,M,possibly_wt-like,-0.137369116977858,0.300192622,D,M,371,0,0.642285336465212
D187K,187,D,K,possibly_wt-like,-0.137371431301933,0.298714495,D,K,187,0,0.642284291332425
E299L,299,E,L,wt-like,-0.137711710494923,0.110175215,E,L,299,0,0.642130623596242
D77P,77,D,P,wt-like,-0.137966626330397,0.143833391,D,P,77,0,0.642015505363446
N12A,12,N,A,possibly_wt-like,-0.138400854996951,0.302730354,N,A,12,0,0.641819410693099
N63G,63,N,G,wt-like,-0.138942170406873,0.094866329,N,G,63,0,0.641574956388172
D395L,395,D,L,possibly_wt-like,-0.139071815899381,0.440886664,D,L,395,0,0.641516409378098
G44K,44,G,K,possibly_wt-like,-0.13942424726396,0.473224563,G,K,44,0,0.641357253805055
N69V,69,N,V,wt-like,-0.139635912033908,0.087879985,N,V,69,0,0.641261667455088
N334G,334,N,G,possibly_wt-like,-0.140426559742618,0.232634111,N,G,334,0,0.640904616404014
R55T,55,R,T,possibly_wt-like,-0.140946083466544,0.239647722,R,T,55,0,0.640670003074155
G208L,208,G,L,wt-like,-0.141155047753916,0.181654241,G,L,208,0,0.640575636243491
Y16G,16,Y,G,possibly_wt-like,-0.141375200130091,0.276990827,Y,G,16,0,0.640476216949103
V158E,158,V,E,wt-like,-0.141447469562123,0.127809278,V,E,158,0,0.640443580572138
D51E,51,D,E,possibly_wt-like,-0.141922581118093,0.424683096,D,E,51,0,0.640229023470957
L318M,318,L,M,possibly_wt-like,-0.142184132575148,0.427547327,L,M,318,0,0.640110908637229
H64E,64,H,E,wt-like,-0.142349584417601,0.195698783,H,E,64,0,0.640036191726525
N117Y,117,N,Y,wt-like,-0.142399796843852,0.127029609,N,Y,117,0,0.640013516141214
P357G,357,P,G,possibly_wt-like,-0.142612303544408,0.268754679,P,G,357,0,0.639917549581192
R74V,74,R,V,possibly_wt-like,-0.143045552366603,0.318441968,R,V,74,0,0.639721897401799
D236S,236,D,S,wt-like,-0.143082925679442,0.138386284,D,S,236,0,0.639705019871536
N212V,212,N,V,possibly_wt-like,-0.14317359543268,0.252067722,N,V,212,0,0.639664074036447
P30N,30,P,N,possibly_wt-like,-0.143450851982222,0.222261074,P,N,30,0,0.639538866891292
I306Y,306,I,Y,possibly_wt-like,-0.143459691596878,0.199104003,I,Y,306,0,0.639534874982292
A72R,72,A,R,wt-like,-0.14417899980627,0.175704071,A,R,72,0,0.639210040356984
E285A,285,E,A,wt-like,-0.144584830061462,0.152947391,E,A,285,0,0.639026770213306
M134A,134,M,A,possibly_wt-like,-0.14468764016511,0.173869636,M,A,134,0,0.638980341879721
L318Q,318,L,Q,possibly_wt-like,-0.144733301437604,0.288959801,L,Q,318,0,0.638959721564051
T319K,319,T,K,possibly_wt-like,-0.144892432889905,0.282741209,T,K,319,0,0.638887858897939
Q399G,399,Q,G,possibly_wt-like,-0.144898355300378,0.358216969,Q,G,399,0,0.638885184378224
F37G,37,F,G,possibly_wt-like,-0.144958645938107,0.358773461,F,G,37,0,0.638857957542133
S370V,370,S,V,wt-like,-0.145018579313551,0.087596307,S,V,370,0,0.638830892043225
G20A,20,G,A,wt-like,-0.145472530959847,0.118250203,G,A,20,0,0.638625890611283
V216A,216,V,A,wt-like,-0.145535681009331,0.127242643,V,A,216,0,0.638597372484569
D58S,58,D,S,possibly_wt-like,-0.145727928836715,0.401759393,D,S,58,0,0.638510554691919
C218F,218,C,F,possibly_wt-like,-0.146357907026443,0.3109856,C,F,218,0,0.638226060887259
R335G,335,R,G,possibly_wt-like,-0.146835311891059,0.204449753,R,G,335,0,0.638010468143714
R47V,47,R,V,possibly_wt-like,-0.147122875194866,0.204260761,R,V,47,0,0.637880606539432
V403K,403,V,K,possibly_wt-like,-0.147873977120805,0.290675588,V,K,403,0,0.637541414091056
D268V,268,D,V,wt-like,-0.148007643127497,0.04354908,D,V,268,0,0.637481051444511
D187A,187,D,A,possibly_wt-like,-0.148180079973031,0.369960801,D,A,187,0,0.637403180154601
Y240F,240,Y,F,wt-like,-0.148193250079443,0.16527332,Y,F,240,0,0.637397232625398
A72I,72,A,I,wt-like,-0.148227071784849,0.121810257,A,I,72,0,0.637381958976551
T210M,210,T,M,possibly_wt-like,-0.148746081944239,0.303766329,T,M,210,0,0.637147577568894
Q110G,110,Q,G,wt-like,-0.148760949046511,0.16934235,Q,G,110,0,0.637140863688067
N340L,340,N,L,wt-like,-0.148921667163671,0.201386136,N,L,340,0,0.63706828449505
H376M,376,H,M,possibly_wt-like,-0.149159384497763,0.373304188,H,M,376,0,0.636960932986836
Y29G,29,Y,G,wt-like,-0.149167344091346,0.083659844,Y,G,29,0,0.636957338489282
F21L,21,F,L,wt-like,-0.149407930031442,0.119524738,F,L,21,0,0.636848691538385
L318A,318,L,A,wt-like,-0.149478708681508,0.169681592,L,A,318,0,0.636816728388273
S355T,355,S,T,possibly_wt-like,-0.14950100473779,0.20435986,S,T,355,0,0.636806659643062
L318S,318,L,S,possibly_wt-like,-0.149784642096842,0.194574656,L,S,318,0,0.636678570968349
G44E,44,G,E,wt-like,-0.150412501668674,0.056902559,G,E,44,0,0.636395033916917
D24N,24,D,N,wt-like,-0.150579163211736,0.058477517,D,N,24,0,0.636319770713763
Y176A,176,Y,A,possibly_wt-like,-0.150583916638993,0.240525209,Y,A,176,0,0.636317624098804
E299G,299,E,G,possibly_wt-like,-0.15068215588692,0.256648439,E,G,299,0,0.636273259932131
C71D,71,C,D,possibly_wt-like,-0.150764615174896,0.169436734,C,D,71,0,0.636236021886516
S207I,207,S,I,wt-like,-0.150995472285014,0.057860097,S,I,207,0,0.636131768408124
F238L,238,F,L,possibly_wt-like,-0.151170524237944,0.249451465,F,L,238,0,0.636052716153754
Y76D,76,Y,D,possibly_wt-like,-0.151235794218788,0.328675841,Y,D,76,0,0.636023240680661
G209D,209,G,D,possibly_wt-like,-0.151444009831517,0.274664039,G,D,209,0,0.6359292119463
G20P,20,G,P,possibly_wt-like,-0.151956827006791,0.28935759,G,P,20,0,0.635697627247549
P391G,391,P,G,wt-like,-0.152081933166721,0.199995035,P,G,391,0,0.635641130168753
T321M,321,T,M,possibly_wt-like,-0.152116788568521,0.392224334,T,M,321,0,0.635625389709745
V369M,369,V,M,possibly_wt-like,-0.152157751579258,0.159418927,V,M,369,0,0.635606891096674
M134F,134,M,F,possibly_wt-like,-0.152164057521303,0.193379457,M,F,134,0,0.635604043376747
E285D,285,E,D,possibly_wt-like,-0.152208597095296,0.460556966,E,D,285,0,0.635583929612383
A333I,333,A,I,possibly_wt-like,-0.152704089676616,0.246513705,A,I,333,0,0.635360168580749
Q396S,396,Q,S,possibly_wt-like,-0.152731396599156,0.468199546,Q,S,396,0,0.635347836962903
K332R,332,K,R,possibly_wt-like,-0.153016356616745,0.312472497,K,R,332,0,0.635219150984719
P103T,103,P,T,possibly_wt-like,-0.15303169656616,0.319659694,P,T,103,0,0.635212223569384
F21R,21,F,R,wt-like,-0.153056714120446,0.064547853,F,R,21,0,0.635200925814449
F392Q,392,F,Q,possibly_wt-like,-0.153387540310958,0.553661941,F,Q,392,0,0.635051526988975
V45F,45,V,F,possibly_wt-like,-0.15424056575215,0.363486819,V,F,45,0,0.634666306584216
K13A,13,K,A,possibly_wt-like,-0.154335010401751,0.398369253,K,A,13,0,0.634623656031971
D187V,187,D,V,possibly_wt-like,-0.154617380267764,0.226575691,D,V,187,0,0.634496139748371
E358H,358,E,H,possibly_wt-like,-0.155077784964106,0.434764412,E,H,358,0,0.634288224163544
D371P,371,D,P,possibly_wt-like,-0.155081110655682,0.357592965,D,P,371,0,0.63428672230417
G293T,293,G,T,possibly_wt-like,-0.155143005033307,0.61111481,G,T,293,0,0.634258771230205
N49E,49,N,E,wt-like,-0.155205780745469,0.103081821,N,E,49,0,0.634230422151642
I168L,168,I,L,possibly_wt-like,-0.155299437316496,0.312106002,I,L,168,0,0.634188127490244
H196E,196,H,E,possibly_wt-like,-0.155457732092046,0.229461154,H,E,196,0,0.634116642661582
Q396P,396,Q,P,possibly_wt-like,-0.155523959588355,0.284949704,Q,P,396,0,0.63408673478111
Q171S,171,Q,S,possibly_wt-like,-0.155791487307919,0.18431108,Q,S,171,0,0.63396592110846
N262E,262,N,E,possibly_wt-like,-0.155905478933047,0.334525323,N,E,262,0,0.633914443276908
E43F,43,E,F,possibly_wt-like,-0.156277814535441,0.199672134,E,F,43,0,0.633746299087375
P367S,367,P,S,possibly_wt-like,-0.156496742762899,0.26931775,P,S,367,0,0.633647432610103
R378A,378,R,A,possibly_wt-like,-0.157084796486031,0.191202439,R,A,378,0,0.633381871605348
E91G,91,E,G,wt-like,-0.157103480515522,0.111219809,E,G,91,0,0.633373434026519
R84F,84,R,F,possibly_wt-like,-0.157450499093772,0.149870187,R,F,84,0,0.633216722830444
G20M,20,G,M,wt-like,-0.157481822590103,0.171200421,G,M,20,0,0.633202577355582
D393F,393,D,F,possibly_wt-like,-0.157883561404038,0.392257758,D,F,393,0,0.633021154878551
D310E,310,D,E,possibly_wt-like,-0.157925506886063,0.396536764,D,E,310,0,0.633002212588224
C250S,250,C,S,possibly_wt-like,-0.158240994440624,0.254321576,C,S,250,0,0.632859740584934
T2P,2,T,P,possibly_wt-like,-0.158435979527584,0.521813379,T,P,2,0,0.632771686664742
H259T,259,H,T,wt-like,-0.158877194510683,0.161449109,H,T,259,0,0.632572437022038
Q17R,17,Q,R,wt-like,-0.158916850624455,0.163923049,Q,R,17,0,0.632554528594621
D19G,19,D,G,wt-like,-0.158967810411885,0.162034533,D,G,19,0,0.632531515506157
D395M,395,D,M,possibly_wt-like,-0.159799384354333,0.24938504,D,M,395,0,0.632155982450251
D109K,109,D,K,possibly_wt-like,-0.159897645931153,0.218090301,D,K,109,0,0.632111608200004
L295S,295,L,S,possibly_wt-like,-0.160228577198808,0.255591614,L,S,295,0,0.631962161922416
V403N,403,V,N,wt-like,-0.160317188753507,0.147864091,V,N,403,0,0.631922145555589
D187Y,187,D,Y,possibly_wt-like,-0.160522701256731,0.267748522,D,Y,187,0,0.631829337526835
T160Q,160,T,Q,wt-like,-0.160750903855524,0.003837593,T,Q,160,0,0.631726282807445
K144R,144,K,R,possibly_wt-like,-0.160870749590982,0.25965167,K,R,144,0,0.631672161300053
Y29R,29,Y,R,possibly_wt-like,-0.160985434725255,0.219502831,Y,R,29,0,0.631620370284555
F37S,37,F,S,possibly_wt-like,-0.161343358997484,0.676807906,F,S,37,0,0.63145873415231
V54Q,54,V,Q,possibly_wt-like,-0.161583983028045,0.346427711,V,Q,54,0,0.631350070000022
N69W,69,N,W,possibly_wt-like,-0.161747316252601,0.209970152,N,W,69,0,0.631276309842545
D52N,52,D,N,wt-like,-0.162021467772568,0.125254421,D,N,52,0,0.631152504907327
Y16R,16,Y,R,wt-like,-0.162120806390104,0.183602241,Y,R,16,0,0.631107644272922
E235K,235,E,K,possibly_wt-like,-0.162195099870603,0.198247771,E,K,235,0,0.631074093849632
N94C,94,N,C,possibly_wt-like,-0.16221059349534,0.462380806,N,C,94,0,0.631067097035582
Y29V,29,Y,V,possibly_wt-like,-0.16226505760549,0.419838298,Y,V,29,0,0.631042501419152
K266M,266,K,M,wt-like,-0.16231568639992,0.079682675,K,M,266,0,0.631019637804843
H259W,259,H,W,possibly_wt-like,-0.162603758014406,0.168809433,H,W,259,0,0.630889546650965
G20L,20,G,L,wt-like,-0.162673736764721,0.057013368,G,L,20,0,0.630857944730062
D22W,22,D,W,possibly_wt-like,-0.163607214520458,0.206461867,D,W,22,0,0.630436392615045
R234M,234,R,M,possibly_wt-like,-0.16362950138249,0.265208903,R,M,234,0,0.630426328021895
K313L,313,K,L,possibly_wt-like,-0.164187525371615,0.433199628,K,L,313,0,0.630174328237861
S305M,305,S,M,possibly_wt-like,-0.164413776162476,0.125062621,S,M,305,0,0.630072154941469
K163E,163,K,E,wt-like,-0.164816505328485,0.046176648,K,E,163,0,0.629890285228274
H93D,93,H,D,possibly_wt-like,-0.164847070955922,0.434028011,H,D,93,0,0.629876482001777
I253L,253,I,L,possibly_wt-like,-0.165237033249055,0.201576391,I,L,253,0,0.629700377720301
N356R,356,N,R,possibly_wt-like,-0.165315272376274,0.248080713,N,R,356,0,0.629665045470172
Q171T,171,Q,T,wt-like,-0.165365800033954,0.095534029,Q,T,171,0,0.629642227528522
R130V,130,R,V,possibly_wt-like,-0.16547983368994,0.51672209,R,V,130,0,0.629590730716125
A72M,72,A,M,possibly_wt-like,-0.165676222870223,0.227498078,A,M,72,0,0.629502042717074
D22H,22,D,H,possibly_wt-like,-0.165758906760592,0.379052428,D,H,22,0,0.629464703242567
E314A,314,E,A,possibly_wt-like,-0.165802077704797,0.269566196,E,A,314,0,0.629445207541973
V54A,54,V,A,possibly_wt-like,-0.166110438402133,0.253966944,V,A,54,0,0.629305953978242
S370T,370,S,T,possibly_wt-like,-0.166878924027919,0.23348426,S,T,370,0,0.628958911170934
A79R,79,A,R,possibly_wt-like,-0.166936586423609,0.271254113,A,R,79,0,0.628932871230817
K269P,269,K,P,wt-like,-0.167075988328845,0.115651057,K,P,269,0,0.628869918292058
K62P,62,K,P,possibly_wt-like,-0.167862418503728,0.657142264,K,P,62,0,0.628514771850167
P357A,357,P,A,possibly_wt-like,-0.168223919339212,0.601451071,P,A,357,0,0.628351520566628
P89S,89,P,S,wt-like,-0.168279702167507,0.100132035,P,S,89,0,0.628326329426181
L345S,345,L,S,possibly_wt-like,-0.169410869433171,0.196304273,L,S,345,0,0.627815502092215
L316T,316,L,T,possibly_wt-like,-0.170837576671261,0.522724145,L,T,316,0,0.627171210945447
I400T,400,I,T,wt-like,-0.171098739342887,0.177948741,I,T,400,0,0.627053271684537
S370R,370,S,R,wt-like,-0.171239580804983,0.108855693,S,R,370,0,0.626989668651831
M134C,134,M,C,possibly_wt-like,-0.17138953639577,0.21597873,M,C,134,0,0.62692194974148
E43I,43,E,I,possibly_wt-like,-0.171563833106736,0.233351403,E,I,43,0,0.626843238549171
Y76K,76,Y,K,possibly_wt-like,-0.172012605763346,0.297852093,Y,K,76,0,0.626640575913245
N262S,262,N,S,wt-like,-0.172013958631562,0.05558185,N,S,262,0,0.626639964967291
S229Y,229,S,Y,possibly_wt-like,-0.172271741759576,0.333055437,S,Y,229,0,0.626523551884963
P38C,38,P,C,possibly_wt-like,-0.172277786322228,0.218184902,P,C,38,0,0.626520822202167
N48D,48,N,D,possibly_wt-like,-0.172456471317378,0.329124062,N,D,48,0,0.626440129290992
K80Q,80,K,Q,possibly_wt-like,-0.17305250827645,0.266954944,K,Q,80,0,0.626170963111958
F90Q,90,F,Q,possibly_wt-like,-0.173236236974465,0.270059634,F,Q,90,0,0.626087992499363
N31Q,31,N,Q,possibly_wt-like,-0.173308396075497,0.248731349,N,Q,31,0,0.626055405947117
D268S,268,D,S,possibly_wt-like,-0.173924094281491,0.162579426,D,S,268,0,0.625777360884603
F243L,243,F,L,possibly_wt-like,-0.174157026665184,0.250944738,F,L,243,0,0.625672170226981
Q110V,110,Q,V,possibly_wt-like,-0.174571042429815,0.198693107,Q,V,110,0,0.625485203563707
Q245C,245,Q,C,wt-like,-0.174653711872077,0.168185405,Q,C,245,0,0.625447870613866
E307S,307,E,S,possibly_wt-like,-0.175369467160572,0.588711335,E,S,307,0,0.625124640463125
Y225H,225,Y,H,possibly_wt-like,-0.175482696976414,0.431119531,Y,H,225,0,0.625073506659392
N48P,48,N,P,possibly_wt-like,-0.176378282600918,0.43417923,N,P,48,0,0.624669066369446
F206W,206,F,W,possibly_wt-like,-0.176425657944307,0.196573793,F,W,206,0,0.624647671991184
P391S,391,P,S,possibly_wt-like,-0.17710222865271,0.403118267,P,S,391,0,0.624342137326504
R84V,84,R,V,possibly_wt-like,-0.177102626632389,0.250186264,R,V,84,0,0.624341957601626
H93M,93,H,M,possibly_wt-like,-0.177270697522631,0.15423343,H,M,93,0,0.624266057947007
K332D,332,K,D,wt-like,-0.177445096683811,0.059450539,K,D,332,0,0.624187300488888
T167L,167,T,L,possibly_wt-like,-0.177657229047045,0.216979793,T,L,167,0,0.624091502977019
K330L,330,K,L,wt-like,-0.178153776340188,0.14048334,K,L,330,0,0.623867265644802
S59L,59,S,L,wt-like,-0.178370465111036,0.123647213,S,L,59,0,0.623769410490686
E201Q,201,E,Q,possibly_wt-like,-0.179006745302416,0.138369025,E,Q,201,0,0.623482070745554
K289N,289,K,N,possibly_wt-like,-0.179055373690736,0.286825116,K,N,289,0,0.623460110500846
T319I,319,T,I,possibly_wt-like,-0.179212161922748,0.158063876,T,I,319,0,0.623389306016852
E73G,73,E,G,wt-like,-0.179264003044715,0.065885181,E,G,73,0,0.623365894923791
D24E,24,D,E,possibly_wt-like,-0.179331555826491,0.187980972,D,E,24,0,0.623335388553545
V85S,85,V,S,possibly_wt-like,-0.179479210227847,0.141944092,V,S,85,0,0.623268708844467
S370M,370,S,M,wt-like,-0.179514735496433,0.148682857,S,M,370,0,0.62325266587824
Q110C,110,Q,C,possibly_wt-like,-0.179904928959281,0.237837037,Q,C,110,0,0.623076457202116
D162G,162,D,G,possibly_wt-like,-0.18010206156035,0.168898662,D,G,162,0,0.622987433479367
P213M,213,P,M,possibly_wt-like,-0.180228540290461,0.252673881,P,M,213,0,0.622930316557346
A79P,79,A,P,wt-like,-0.180235060327185,0.111770207,A,P,79,0,0.622927372153739
L194Q,194,L,Q,possibly_wt-like,-0.180385754084902,0.218075114,L,Q,194,0,0.622859319892295
G230T,230,G,T,wt-like,-0.18086257445791,0.083971246,G,T,230,0,0.622643991101127
S59I,59,S,I,wt-like,-0.181250581002718,0.126785254,S,I,59,0,0.622468770022104
K322L,322,K,L,possibly_wt-like,-0.181334481161018,0.280522899,K,L,322,0,0.62243088128939
Y76T,76,Y,T,wt-like,-0.182056636960986,0.070381172,Y,T,76,0,0.622104760711821
Y29K,29,Y,K,possibly_wt-like,-0.182303310808056,0.246575523,Y,K,29,0,0.621993364504132
T167M,167,T,M,wt-like,-0.182420955177368,0.113794776,T,M,167,0,0.621940237118505
D368L,368,D,L,possibly_wt-like,-0.182785026462463,0.296205468,D,L,368,0,0.621775825037654
T321G,321,T,G,possibly_wt-like,-0.182834153967213,0.440021451,T,G,321,0,0.621753639395408
K62A,62,K,A,possibly_wt-like,-0.182843346903762,0.451411743,K,A,62,0,0.621749487928679
L193C,193,L,C,possibly_wt-like,-0.183091638938833,0.163611754,L,C,193,0,0.621637360958451
T2S,2,T,S,possibly_wt-like,-0.183327677665566,0.428489464,T,S,2,0,0.621530767497741
K237R,237,K,R,possibly_wt-like,-0.183466916701231,0.263138679,K,R,237,0,0.621467888109756
R15N,15,R,N,possibly_wt-like,-0.183511587621653,0.484368415,R,N,15,0,0.62144771503025
V365D,365,V,D,wt-like,-0.18372116923724,0.011598975,V,D,365,0,0.621353069418422
A126R,126,A,R,possibly_wt-like,-0.184169182711492,0.26159477,A,R,126,0,0.621150749624012
Q219L,219,Q,L,possibly_wt-like,-0.184207077469654,0.124712203,Q,L,219,0,0.621133636612638
Y377W,377,Y,W,wt-like,-0.184464287927238,0.109474021,Y,W,377,0,0.621017482144326
I280L,280,I,L,wt-like,-0.184854611423051,0.087002447,I,L,280,0,0.620841214746212
P391I,391,P,I,possibly_wt-like,-0.185096294105827,0.296654276,P,I,391,0,0.620732072513887
A72H,72,A,H,wt-like,-0.185109671739596,0.118773719,A,H,72,0,0.620726031266761
R189S,189,R,S,possibly_wt-like,-0.18523241103688,0.296303441,R,S,189,0,0.620670603046808
M239F,239,M,F,possibly_wt-like,-0.185280830584378,0.138016617,M,F,239,0,0.620648737113174
V119I,119,V,I,possibly_wt-like,-0.185337165067674,0.149929535,V,I,119,0,0.620623296849133
N372T,372,N,T,possibly_wt-like,-0.185349171444727,0.745493345,N,T,372,0,0.620617874852081
E394Y,394,E,Y,possibly_wt-like,-0.185372440778046,0.414443497,E,Y,394,0,0.620607366581674
Y16L,16,Y,L,possibly_wt-like,-0.186128918713314,0.310242652,Y,L,16,0,0.620265746364571
G20Y,20,G,Y,possibly_wt-like,-0.186852483860463,0.20567935,G,Y,20,0,0.619938989335538
D92C,92,D,C,possibly_wt-like,-0.187848669028219,0.170420673,D,C,92,0,0.619489118985832
D19V,19,D,V,wt-like,-0.188185132607453,0.095688005,D,V,19,0,0.619337174354499
D22Q,22,D,Q,possibly_wt-like,-0.188445216924899,0.175867226,D,Q,22,0,0.619219722070898
R47W,47,R,W,wt-like,-0.188567876100861,0.030966572,R,W,47,0,0.619164330033182
R11S,11,R,S,possibly_wt-like,-0.188778807957736,0.508680718,R,S,11,0,0.619069074661703
Y16C,16,Y,C,possibly_wt-like,-0.189719128862412,0.441730295,Y,C,16,0,0.618644432227832
M205E,205,M,E,wt-like,-0.189937074618583,0.116598751,M,E,205,0,0.618546009427815
E157V,157,E,V,possibly_wt-like,-0.190078247073679,0.230313472,E,V,157,0,0.618482256920953
T167F,167,T,F,possibly_wt-like,-0.190153861899252,0.117534157,T,F,167,0,0.618448109787344
K254Q,254,K,Q,possibly_wt-like,-0.190154248057752,0.313723674,K,Q,254,0,0.618447935400829
A39M,39,A,M,possibly_wt-like,-0.190371011696064,0.175823394,A,M,39,0,0.618350046437083
Y65C,65,Y,C,possibly_wt-like,-0.190470363448243,0.180196603,Y,C,65,0,0.618305179871164
H64V,64,H,V,wt-like,-0.190561297207803,0.15441247,H,V,64,0,0.618264114812641
N228R,228,N,R,possibly_wt-like,-0.190605325844188,0.223039948,N,R,228,0,0.618244231784175
G20C,20,G,C,possibly_wt-like,-0.190700092292538,0.225586002,G,C,20,0,0.618201435909834
G209P,209,G,P,possibly_wt-like,-0.190876776881578,0.212477566,G,P,209,0,0.618121646368259
D393C,393,D,C,possibly_wt-like,-0.191102063589653,0.187971787,D,C,393,0,0.618019908445003
T319S,319,T,S,possibly_wt-like,-0.191496448317042,0.18107926,T,S,319,0,0.617841807022726
L57M,57,L,M,possibly_wt-like,-0.191525387875691,0.306322004,L,M,57,0,0.617828738117676
Q245R,245,Q,R,possibly_wt-like,-0.191727442027446,0.299030658,Q,R,245,0,0.617737491856587
L265F,265,L,F,possibly_wt-like,-0.191821609536082,0.170065602,L,F,265,0,0.617694966459289
Q17E,17,Q,E,possibly_wt-like,-0.192075110770518,0.209312229,Q,E,17,0,0.617580487050563
H397Q,397,H,Q,possibly_wt-like,-0.192187696988859,0.330311083,H,Q,397,0,0.617529643891021
A126K,126,A,K,possibly_wt-like,-0.192340090369364,0.468371374,A,K,126,0,0.617460824091651
I50A,50,I,A,wt-like,-0.192461181268967,0.056540549,I,A,50,0,0.61740614027672
N334D,334,N,D,possibly_wt-like,-0.192563274221114,0.394729723,N,D,334,0,0.617360035803805
K254C,254,K,C,possibly_wt-like,-0.192651164683919,0.185153479,K,C,254,0,0.617320345077103
F21N,21,F,N,possibly_wt-like,-0.192681882673213,0.481953259,F,N,21,0,0.617306473045042
P89L,89,P,L,wt-like,-0.193308494453973,0.046988908,P,L,89,0,0.61702349948745
E235R,235,E,R,wt-like,-0.19331288667855,0.131275466,E,R,235,0,0.61702151598913
E91F,91,E,F,wt-like,-0.193314474656874,0.09114252,E,F,91,0,0.617020798869074
C124G,124,C,G,possibly_wt-like,-0.193455566990649,0.287948883,C,G,124,0,0.616957082544448
H93R,93,H,R,possibly_wt-like,-0.193541415016486,0.164396357,H,R,93,0,0.616918314168191
N292L,292,N,L,possibly_wt-like,-0.193803711207793,0.420515171,N,L,292,0,0.616799863017613
T160L,160,T,L,possibly_wt-like,-0.194195366556392,0.191536275,T,L,160,0,0.616622994163968
Y315L,315,Y,L,possibly_wt-like,-0.194482196947127,0.204231945,Y,L,315,0,0.616493463538174
V175L,175,V,L,possibly_wt-like,-0.194987407850711,0.281544867,V,L,175,0,0.616265313779247
Y315V,315,Y,V,possibly_wt-like,-0.195427005959273,0.166716783,Y,V,315,0,0.61606679430593
A151S,151,A,S,possibly_wt-like,-0.195446018354836,0.135129519,A,S,151,0,0.616058208439248
G36C,36,G,C,possibly_wt-like,-0.19552156619373,0.15690891,G,C,36,0,0.616024091556361
P30G,30,P,G,wt-like,-0.196007374602858,0.088235115,P,G,30,0,0.615804703830084
I203E,203,I,E,wt-like,-0.196227051504961,0.114657,I,E,203,0,0.615705499256507
F56L,56,F,L,wt-like,-0.196364108876443,0.147963468,F,L,56,0,0.615643605093018
S10E,10,S,E,possibly_wt-like,-0.196499728004532,0.58624126,S,E,10,0,0.615582360430323
V365T,365,V,T,possibly_wt-like,-0.196737592446624,0.266473531,V,T,365,0,0.615474942489151
P367L,367,P,L,possibly_wt-like,-0.197171962967321,0.371051319,P,L,367,0,0.615278783758452
P281T,281,P,T,possibly_wt-like,-0.197304312882797,0.458646698,P,T,281,0,0.615219015449622
F271L,271,F,L,possibly_wt-like,-0.19794942874844,0.477200892,F,L,271,0,0.614927685574945
Y178F,178,Y,F,possibly_wt-like,-0.198563197475396,0.105129098,Y,F,178,0,0.614650511851854
V54H,54,V,H,possibly_wt-like,-0.198815974991009,0.156277395,V,H,54,0,0.614536359269556
N262F,262,N,F,wt-like,-0.199258612455932,0.010853933,N,F,262,0,0.614336467243873
I28L,28,I,L,wt-like,-0.199332291235146,0.143983996,I,L,28,0,0.614303194415444
S229P,229,S,P,possibly_wt-like,-0.199599397332673,0.345562269,S,P,229,0,0.614182571144397
V54S,54,V,S,possibly_wt-like,-0.199799564036247,0.175835404,V,S,54,0,0.614092177241886
T398N,398,T,N,possibly_wt-like,-0.200015263768486,0.308318448,T,N,398,0,0.613994768730784
F90A,90,F,A,wt-like,-0.200080571839794,0.123854193,F,A,90,0,0.6139652760563
K223A,223,K,A,possibly_wt-like,-0.200186605184804,0.658029211,K,A,223,0,0.613917392129151
P30Q,30,P,Q,possibly_wt-like,-0.20030394745733,0.188322116,P,Q,30,0,0.613864401168348
I306G,306,I,G,possibly_wt-like,-0.200998307726044,0.357401181,I,G,306,0,0.61355083286095
R233G,233,R,G,possibly_wt-like,-0.20110244048823,0.182974212,R,G,233,0,0.613503807223893
R234N,234,R,N,possibly_wt-like,-0.201167094454323,0.36491746,R,N,234,0,0.613474609938812
S361C,361,S,C,possibly_wt-like,-0.201281209545095,0.353050943,S,C,361,0,0.613423076351028
T401I,401,T,I,possibly_wt-like,-0.201455300042167,0.336050335,T,I,401,0,0.61334445828349
V222C,222,V,C,possibly_wt-like,-0.201533105726172,0.286652567,V,C,222,0,0.613309321773326
P387R,387,P,R,possibly_wt-like,-0.201780680609742,0.210422448,P,R,387,0,0.613197518663769
D109T,109,D,T,possibly_wt-like,-0.202376940857744,0.196460787,D,T,109,0,0.612928251648994
D19L,19,D,L,wt-like,-0.202414437636226,0.083843312,D,L,19,0,0.612911318362498
E106K,106,E,K,possibly_wt-like,-0.20253695627151,0.215966151,E,K,106,0,0.612855989791983
V365W,365,V,W,possibly_wt-like,-0.202925338467105,0.522617887,V,W,365,0,0.612680599071656
V191S,191,V,S,possibly_wt-like,-0.203357851749299,0.25994254,V,S,191,0,0.612485279057053
F81V,81,F,V,possibly_wt-like,-0.20355282501508,0.301769353,F,V,81,0,0.612397230475224
N389G,389,N,G,possibly_wt-like,-0.203803328924012,0.234213037,N,G,389,0,0.612284104638018
E43P,43,E,P,possibly_wt-like,-0.203826114902473,0.326572628,E,P,43,0,0.612273814647331
D386V,386,D,V,possibly_wt-like,-0.203912648556669,0.753138896,D,V,386,0,0.612234736646037
F21E,21,F,E,possibly_wt-like,-0.204101818937227,0.213091183,F,E,21,0,0.612149308607144
R161E,161,R,E,possibly_wt-like,-0.204216225617071,0.631599293,R,E,161,0,0.612097643339746
M270I,270,M,I,possibly_wt-like,-0.204298850401547,0.277852462,M,I,270,0,0.612060330557053
K254R,254,K,R,possibly_wt-like,-0.204348160477832,0.215141646,K,R,254,0,0.612038062466762
T232I,232,T,I,possibly_wt-like,-0.204513994538392,0.155513092,T,I,232,0,0.611963172948998
D371G,371,D,G,wt-like,-0.204593319900578,0.13321596,D,G,371,0,0.61192735016265
K332G,332,K,G,possibly_wt-like,-0.204727961811236,0.234631087,K,G,332,0,0.611866546804606
I224R,224,I,R,possibly_wt-like,-0.205140066485329,0.178425891,I,R,224,0,0.611680443176636
V166L,166,V,L,possibly_wt-like,-0.206345663831779,0.157907289,V,L,166,0,0.611136003731634
I168M,168,I,M,possibly_wt-like,-0.206776384235221,0.325423055,I,M,168,0,0.610941493368708
T321S,321,T,S,possibly_wt-like,-0.20697981489755,0.5532261,T,S,321,0,0.61084962548494
G20R,20,G,R,possibly_wt-like,-0.207071679903289,0.171915804,G,R,20,0,0.610808139882067
E40G,40,E,G,wt-like,-0.207101457452153,0.142279121,E,G,40,0,0.610794692546416
F206V,206,F,V,possibly_wt-like,-0.207237942153207,0.184000269,F,V,206,0,0.610733056996942
S305W,305,S,W,possibly_wt-like,-0.207493131189253,0.14479119,S,W,305,0,0.610617815388652
Y176T,176,Y,T,possibly_wt-like,-0.207745452932759,0.198179488,Y,T,176,0,0.610503868629893
D116W,116,D,W,possibly_wt-like,-0.207840924711432,0.127171391,D,W,116,0,0.610460754233244
C211A,211,C,A,wt-like,-0.207883413967672,0.10843627,C,A,211,0,0.610441566378232
A86R,86,A,R,possibly_wt-like,-0.208026297866735,0.243181128,A,R,86,0,0.610377040995081
S370A,370,S,A,possibly_wt-like,-0.208226032440558,0.239888669,S,A,370,0,0.610286842239386
C136W,136,C,W,possibly_wt-like,-0.20840580235721,0.233131709,C,W,136,0,0.610205659385145
T160A,160,T,A,possibly_wt-like,-0.208776941393637,0.513346393,T,A,160,0,0.610038055556548
Q17K,17,Q,K,possibly_wt-like,-0.209251815212571,0.179843603,Q,K,17,0,0.609823605815772
D236H,236,D,H,possibly_wt-like,-0.20987619673097,0.255213735,D,H,236,0,0.609541639429277
D109S,109,D,S,possibly_wt-like,-0.209902634140151,0.196242149,D,S,109,0,0.609529700477666
Y377F,377,Y,F,possibly_wt-like,-0.210049890561827,0.191242221,Y,F,377,0,0.609463200493466
G129P,129,G,P,wt-like,-0.210060609743878,0.104942764,G,P,129,0,0.609458359784797
Q261S,261,Q,S,wt-like,-0.210495059072432,0.108995102,Q,S,261,0,0.609262165465014
P89R,89,P,R,wt-like,-0.210814925716929,0.096024393,P,R,89,0,0.609117715894917
E91R,91,E,R,possibly_wt-like,-0.210964810380644,0.180705191,E,R,91,0,0.609050029014743
S364H,364,S,H,possibly_wt-like,-0.211325776636164,0.5228862,S,H,364,0,0.608887019143828
D22C,22,D,C,possibly_wt-like,-0.211485868230859,0.150504832,D,C,22,0,0.608814722884035
E43T,43,E,T,possibly_wt-like,-0.211564569697508,0.189155908,E,T,43,0,0.608779181844608
P244G,244,P,G,possibly_wt-like,-0.211590795638939,0.226091236,P,G,244,0,0.608767338390374
E157W,157,E,W,possibly_wt-like,-0.212051880709781,0.249072081,E,W,157,0,0.608559115553116
L320F,320,L,F,wt-like,-0.212543628604418,0.122779587,L,F,320,0,0.608337045596157
G208N,208,G,N,possibly_wt-like,-0.212713223113233,0.417545226,G,N,208,0,0.608260457885901
M239Y,239,M,Y,possibly_wt-like,-0.212714393409914,0.241105477,M,Y,239,0,0.608259929387993
L345T,345,L,T,wt-like,-0.213062432549915,0.055151406,L,T,345,0,0.608102757313271
N228K,228,N,K,possibly_wt-like,-0.213396794586289,0.180939556,N,K,228,0,0.607951761724197
V351K,351,V,K,possibly_wt-like,-0.213987988802533,0.118675619,V,K,351,0,0.607684782494417
P213F,213,P,F,possibly_wt-like,-0.214296398098048,0.568824365,P,F,213,0,0.607545506984083
Q245V,245,Q,V,wt-like,-0.214399401280947,0.100202074,Q,V,245,0,0.60749899145724
Y240T,240,Y,T,possibly_wt-like,-0.214465699704328,0.285726162,Y,T,240,0,0.607469051546592
H64Q,64,H,Q,wt-like,-0.21450190666088,0.076505625,H,Q,64,0,0.607452700734783
G36H,36,G,H,possibly_wt-like,-0.214844211215801,0.318728035,G,H,36,0,0.607298118359123
A79Y,79,A,Y,possibly_wt-like,-0.215043966805053,0.156336022,A,Y,79,0,0.607207910113005
E299T,299,E,T,possibly_wt-like,-0.215066077662871,0.139370856,E,T,299,0,0.607197925002143
N356F,356,N,F,possibly_wt-like,-0.215332006896397,0.769855472,N,F,356,0,0.60707783319476
N311A,311,N,A,possibly_wt-like,-0.215422420524098,0.207425616,N,A,311,0,0.607037003024197
Y76A,76,Y,A,possibly_wt-like,-0.215742388305345,0.150004586,Y,A,76,0,0.606892507781442
H61Y,61,H,Y,possibly_wt-like,-0.215793266657989,0.326708483,H,Y,61,0,0.606869531468366
I50Q,50,I,Q,possibly_wt-like,-0.215881061237902,0.112358327,I,Q,50,0,0.606829884041716
D51L,51,D,L,wt-like,-0.21592395766807,0.090457711,D,L,51,0,0.606810512309768
I50T,50,I,T,possibly_wt-like,-0.216262585836451,0.133611421,I,T,50,0,0.606657590164909
G44D,44,G,D,possibly_wt-like,-0.216330329070548,0.189910585,G,D,44,0,0.606626997787708
E235I,235,E,I,possibly_wt-like,-0.217579735704847,0.18047658,E,I,235,0,0.606062774370527
Y176G,176,Y,G,possibly_wt-like,-0.217771061480301,0.265414192,Y,G,176,0,0.605976372970167
H376P,376,H,P,possibly_wt-like,-0.217816609794867,0.2384211,H,P,376,0,0.605955803665518
V53I,53,V,I,wt-like,-0.218609031993829,0.0000341,V,I,53,0,0.605597951266888
I400E,400,I,E,possibly_wt-like,-0.219236810130876,0.267739339,I,E,400,0,0.605314450990842
D19T,19,D,T,possibly_wt-like,-0.219285438519196,0.250297369,D,T,19,0,0.605292490746133
S361F,361,S,F,possibly_wt-like,-0.219322483465964,0.435170154,S,F,361,0,0.605275761503723
K163Y,163,K,Y,possibly_wt-like,-0.219423085636144,0.194607894,K,Y,163,0,0.60523033025766
Q298A,298,Q,A,possibly_wt-like,-0.219485548743806,0.244805705,Q,A,298,0,0.605202122349134
H64G,64,H,G,wt-like,-0.219613017825989,0.10035208,H,G,64,0,0.605144558190949
P38V,38,P,V,possibly_wt-like,-0.220338888102963,0.285881357,P,V,38,0,0.604816760181188
H64L,64,H,L,wt-like,-0.220427943608591,0.095035767,H,L,64,0,0.604776543329184
D77E,77,D,E,possibly_wt-like,-0.220462725456391,0.116651803,D,E,77,0,0.604760836086656
L108M,108,L,M,possibly_wt-like,-0.220719414468654,0.482870276,L,M,108,0,0.604644917099453
A72V,72,A,V,possibly_wt-like,-0.220752679265201,0.172161644,A,V,72,0,0.604629894946805
I203V,203,I,V,possibly_wt-like,-0.220961252140216,0.240870948,I,V,203,0,0.604535704875261
E106D,106,E,D,possibly_wt-like,-0.221433726259896,0.401929711,E,D,106,0,0.604322338822114
N69T,69,N,T,possibly_wt-like,-0.222596055465784,0.23262694,N,T,69,0,0.603797438970911
K163T,163,K,T,possibly_wt-like,-0.222715851289599,0.371597443,K,T,163,0,0.603743340003272
H397E,397,H,E,possibly_wt-like,-0.223433002790632,0.623823747,H,E,397,0,0.603419479332581
R308G,308,R,G,possibly_wt-like,-0.224033751146104,0.514261574,R,G,308,0,0.603148185519433
F238G,238,F,G,wt-like,-0.224754379387106,0.101563492,F,G,238,0,0.602822754776956
G44T,44,G,T,possibly_wt-like,-0.224778225331247,0.137867013,G,T,44,0,0.60281198611308
P30D,30,P,D,possibly_wt-like,-0.224882313435647,0.377127221,P,D,30,0,0.602764980643171
R14P,14,R,P,possibly_wt-like,-0.225007980444828,0.381693589,R,P,14,0,0.602708230288722
N262V,262,N,V,possibly_wt-like,-0.225026010369104,0.333852454,N,V,262,0,0.602700088099296
K62I,62,K,I,possibly_wt-like,-0.225212262232015,0.203584355,K,I,62,0,0.60261597804284
H397M,397,H,M,possibly_wt-like,-0.225436358941445,0.211689906,H,M,397,0,0.602514777514763
P244R,244,P,R,possibly_wt-like,-0.225473254153284,0.147830068,P,R,244,0,0.602498115891613
F238A,238,F,A,possibly_wt-like,-0.225691777833741,0.196684841,F,A,238,0,0.602399432104976
P244H,244,P,H,wt-like,-0.226610304425492,0.058486426,P,H,244,0,0.601984631832476
L186Q,186,L,Q,possibly_wt-like,-0.226673265336119,0.208257032,L,Q,186,0,0.601956199119564
T78G,78,T,G,possibly_wt-like,-0.226902945582235,0.18137303,T,G,78,0,0.601852477104838
C211V,211,C,V,possibly_wt-like,-0.22693371873703,0.177044209,C,V,211,0,0.601838580160417
K80T,80,K,T,possibly_wt-like,-0.227002809585486,0.140689281,K,T,80,0,0.601807379209868
H118R,118,H,R,possibly_wt-like,-0.227205044995313,0.170447315,H,R,118,0,0.601716051093885
S226M,226,S,M,possibly_wt-like,-0.22723755586336,0.279054408,S,M,226,0,0.601701369410147
R55Q,55,R,Q,possibly_wt-like,-0.227439163437257,0.33919317,R,Q,55,0,0.601610324820538
L295P,295,L,P,possibly_wt-like,-0.227538630774294,0.592431248,L,P,295,0,0.601565406057294
L325I,325,L,I,possibly_wt-like,-0.227980284454465,0.213182135,L,I,325,0,0.601365958302019
F243I,243,F,I,possibly_wt-like,-0.228076549565568,0.123592182,F,I,243,0,0.601322485641917
N228I,228,N,I,possibly_wt-like,-0.22826324275248,0.236595793,N,I,228,0,0.601238176286586
K80D,80,K,D,possibly_wt-like,-0.228413281091517,0.242594457,K,D,80,0,0.601170420007697
T160N,160,T,N,possibly_wt-like,-0.22944823578465,0.148045789,T,N,160,0,0.600703041607777
D236K,236,D,K,possibly_wt-like,-0.229800962678694,0.417120108,D,K,236,0,0.600543752575667
G208V,208,G,V,wt-like,-0.229914687670572,0.105077843,G,V,208,0,0.600492395153852
G156E,156,G,E,possibly_wt-like,-0.230200886284984,0.287363675,G,E,156,0,0.600363149833887
E390A,390,E,A,possibly_wt-like,-0.230290354218398,0.176293793,E,A,390,0,0.60032274673234
G44S,44,G,S,possibly_wt-like,-0.230655947808603,0.134804422,G,S,44,0,0.600157647189003
K144G,144,K,G,wt-like,-0.230669757572123,0.051551747,K,G,144,0,0.600151410795062
K223W,223,K,W,possibly_wt-like,-0.230799875911775,0.262273959,K,W,223,0,0.600092650250479
Y29A,29,Y,A,possibly_wt-like,-0.23111076634133,0.234793791,Y,A,29,0,0.599952254277129
S370C,370,S,C,possibly_wt-like,-0.231646286746815,0.226466952,S,C,370,0,0.599710416956229
K330T,330,K,T,wt-like,-0.23244272289264,0.069449567,K,T,330,0,0.599350751886885
F37R,37,F,R,possibly_wt-like,-0.23270323408598,0.18334356,F,R,37,0,0.599233106829075
G143M,143,G,M,possibly_wt-like,-0.233220176852581,0.153912273,G,M,143,0,0.59899965904174
P354W,354,P,W,possibly_wt-like,-0.23368287223064,0.464722339,P,W,354,0,0.598790709000852
S294V,294,S,V,possibly_wt-like,-0.23372254016559,0.32770521,S,V,294,0,0.598772795235072
G230R,230,G,R,possibly_wt-like,-0.233752400462705,0.316852057,G,R,230,0,0.598759310530882
D162C,162,D,C,possibly_wt-like,-0.234518210561736,0.158393148,D,C,162,0,0.598413475973
R378V,378,R,V,possibly_wt-like,-0.234623232539244,0.276265901,R,V,378,0,0.598366048772438
Q219G,219,Q,G,possibly_wt-like,-0.234638961274088,0.194920133,Q,G,219,0,0.598358945784285
I122L,122,I,L,possibly_wt-like,-0.234776622839143,0.270305564,I,L,122,0,0.598296778771147
K80C,80,K,C,possibly_wt-like,-0.234976740944539,0.207866707,K,C,80,0,0.598206406815238
K269R,269,K,R,possibly_wt-like,-0.235173436162001,0.235943062,K,R,269,0,0.598117580611909
H93W,93,H,W,possibly_wt-like,-0.235640484360709,0.435712294,H,W,93,0,0.597906664867243
A79C,79,A,C,possibly_wt-like,-0.23588121872227,0.181650658,A,C,79,0,0.597797950890236
D312V,312,D,V,possibly_wt-like,-0.235916757125499,0.426131248,D,V,312,0,0.597781901992495
Y315E,315,Y,E,possibly_wt-like,-0.236593003408223,0.181933503,Y,E,315,0,0.597476513836213
T202D,202,T,D,possibly_wt-like,-0.236735836082179,0.326700696,T,D,202,0,0.597412011585967
H376K,376,H,K,possibly_wt-like,-0.237221603773914,0.233168932,H,K,376,0,0.597192642247384
P231V,231,P,V,possibly_wt-like,-0.237378997512962,0.431923551,P,V,231,0,0.59712156432059
F215M,215,F,M,possibly_wt-like,-0.23758826389712,0.170403091,F,M,215,0,0.597027061065101
D371A,371,D,A,possibly_wt-like,-0.238775043240722,0.450351608,D,A,371,0,0.596491119700372
K6W,6,K,W,possibly_wt-like,-0.239003395574443,0.199128432,K,W,6,0,0.596387997361722
S226V,226,S,V,possibly_wt-like,-0.239174215545439,0.317369532,S,V,226,0,0.596310856241199
L318E,318,L,E,possibly_wt-like,-0.239179466775661,0.310576879,L,E,318,0,0.596308484821856
E106I,106,E,I,possibly_wt-like,-0.239473875855335,0.268902776,E,I,106,0,0.596175531712418
I67V,67,I,V,possibly_wt-like,-0.239728908589131,0.220597365,I,V,67,0,0.596060360689145
L139W,139,L,W,possibly_wt-like,-0.239872965411803,0.248181684,L,W,139,0,0.595995305621783
H64C,64,H,C,possibly_wt-like,-0.240358421812502,0.322959058,H,C,64,0,0.595776076860085
G20W,20,G,W,possibly_wt-like,-0.240517911840553,0.290274815,G,W,20,0,0.595704052263638
P38G,38,P,G,possibly_wt-like,-0.241204652702934,0.279563089,P,G,38,0,0.595393924827579
E114R,114,E,R,possibly_wt-like,-0.241218316671918,0.12279764,E,R,114,0,0.595387754273445
T202S,202,T,S,possibly_wt-like,-0.241325071108822,0.460358565,T,S,202,0,0.59533954470617
Y176S,176,Y,S,possibly_wt-like,-0.241342934223133,0.24704641,Y,S,176,0,0.595331477846974
E235H,235,E,H,possibly_wt-like,-0.241627425333972,0.249196682,E,H,235,0,0.595203003623843
D395S,395,D,S,possibly_wt-like,-0.241774713278791,0.41235329,D,S,395,0,0.59513648940401
P38F,38,P,F,possibly_wt-like,-0.241928297971405,0.151160475,P,F,38,0,0.595067131616309
T26A,26,T,A,wt-like,-0.24202300137347,0.102664281,T,A,26,0,0.595024364213235
R55G,55,R,G,wt-like,-0.242590496753573,0.088100999,R,G,55,0,0.594768087214373
L345G,345,L,G,wt-like,-0.242696713983583,0.047952158,L,G,345,0,0.594720120246026
N12E,12,N,E,possibly_wt-like,-0.242877688346986,0.402075838,N,E,12,0,0.594638393471942
Q87C,87,Q,C,possibly_wt-like,-0.242912221950036,0.268458153,Q,C,87,0,0.59462279833503
R189N,189,R,N,possibly_wt-like,-0.243526559407027,0.132378249,R,N,189,0,0.594345367777379
P89D,89,P,D,wt-like,-0.243963220609442,0.02590334,P,D,89,0,0.594148174590618
N49T,49,N,T,possibly_wt-like,-0.244894162065639,0.287527933,N,T,49,0,0.593727767850977
F37E,37,F,E,possibly_wt-like,-0.244910458217056,0.427380947,F,E,37,0,0.593720408621414
D368I,368,D,I,possibly_wt-like,-0.246671790184378,0.637089338,D,I,368,0,0.592925003255289
K80W,80,K,W,possibly_wt-like,-0.247207816273614,0.160371322,K,W,80,0,0.592682937571095
K163L,163,K,L,possibly_wt-like,-0.247266559650412,0.147827898,K,L,163,0,0.592656409467367
T2A,2,T,A,possibly_wt-like,-0.247452208633215,0.311177463,T,A,2,0,0.592572571667408
E394R,394,E,R,possibly_wt-like,-0.247757585139691,0.280760118,E,R,394,0,0.592434665743683
I306C,306,I,C,possibly_wt-like,-0.247916708711206,0.531531134,I,C,306,0,0.59236280663648
A72P,72,A,P,possibly_wt-like,-0.248593806118788,0.347150085,A,P,72,0,0.592057034118084
A72S,72,A,S,possibly_wt-like,-0.248854375104556,0.446840824,A,S,72,0,0.591939362961612
H272K,272,H,K,possibly_wt-like,-0.248931432113917,0.08273153,H,K,272,0,0.591904564547752
K322Q,322,K,Q,possibly_wt-like,-0.250425056417067,0.187423387,K,Q,322,0,0.591230054116021
E157S,157,E,S,possibly_wt-like,-0.25050839703958,0.322535622,E,S,157,0,0.591192418065808
Q298E,298,Q,E,possibly_wt-like,-0.250875720462252,0.318968291,Q,E,298,0,0.591026537342062
A72K,72,A,K,possibly_wt-like,-0.251422317312075,0.245667652,A,K,72,0,0.590779697975308
D77T,77,D,T,wt-like,-0.251851282927228,0.065422439,D,T,77,0,0.590585980062668
L193V,193,L,V,possibly_wt-like,-0.252096585517581,0.16464054,L,V,193,0,0.590475203105053
L316E,316,L,E,wt-like,-0.252460366527069,0.033197005,L,E,316,0,0.590310922110663
Q87A,87,Q,A,possibly_wt-like,-0.253402882230569,0.308539918,Q,A,87,0,0.589885288520784
Y176V,176,Y,V,possibly_wt-like,-0.253999680998928,0.251717134,Y,V,176,0,0.589615778313931
E394M,394,E,M,possibly_wt-like,-0.254036501343303,0.267033322,E,M,394,0,0.589599150500411
E73K,73,E,K,possibly_wt-like,-0.254174022367679,0.220602887,E,K,73,0,0.589537046954474
T321V,321,T,V,possibly_wt-like,-0.254178678598579,0.254786703,T,V,321,0,0.58953494423272
D312L,312,D,L,possibly_wt-like,-0.25445927397434,0.236557277,D,L,312,0,0.589408229296676
D51S,51,D,S,possibly_wt-like,-0.254960024353204,0.123540321,D,S,51,0,0.589182093879942
D386C,386,D,C,possibly_wt-like,-0.255030180421198,0.341370077,D,C,386,0,0.589150411883598
D236P,236,D,P,possibly_wt-like,-0.25525960191485,0.406760032,D,P,236,0,0.589046806719699
E388V,388,E,V,possibly_wt-like,-0.255319187222257,0.218994593,E,V,388,0,0.589019898405916
H196Y,196,H,Y,possibly_wt-like,-0.255357805699241,0.273798931,H,Y,196,0,0.589002458568114
Y76M,76,Y,M,possibly_wt-like,-0.255757066006066,0.205268088,Y,M,76,0,0.588822155367797
K263Q,263,K,Q,possibly_wt-like,-0.256030349326138,0.427831933,K,Q,263,0,0.588698742505661
E91W,91,E,W,possibly_wt-like,-0.256481802763359,0.14740148,E,W,91,0,0.588494869247705
T232A,232,T,A,possibly_wt-like,-0.256517364808946,0.356703218,T,A,232,0,0.588478809673238
D187F,187,D,F,possibly_wt-like,-0.257399032965859,0.330378723,D,F,187,0,0.588080654415648
K164S,164,K,S,possibly_wt-like,-0.25769748488861,0.249943374,K,S,164,0,0.587945875586165
P89V,89,P,V,possibly_wt-like,-0.257952616132227,0.126805167,P,V,89,0,0.587830660076537
A72D,72,A,D,possibly_wt-like,-0.25807741362805,0.185215845,A,D,72,0,0.587774302388322
N372I,372,N,I,possibly_wt-like,-0.258152709281801,0.274829737,N,I,372,0,0.587740299390506
K332A,332,K,A,possibly_wt-like,-0.258260450130385,0.208226401,K,A,332,0,0.587691644366521
V54M,54,V,M,possibly_wt-like,-0.258393388477862,0.284976874,V,M,54,0,0.587631610325858
K260S,260,K,S,possibly_wt-like,-0.258852953870523,0.325033728,K,S,260,0,0.587424073764784
M134V,134,M,V,possibly_wt-like,-0.259542794508624,0.173535884,M,V,134,0,0.587112546491393
F195I,195,F,I,possibly_wt-like,-0.260039165797553,0.123443343,F,I,195,0,0.586888388641465
D22R,22,D,R,wt-like,-0.260127552749859,0.050902623,D,R,22,0,0.586848473703529
K197Y,197,K,Y,possibly_wt-like,-0.260593904812494,0.171216094,K,Y,197,0,0.586637872329111
P354M,354,P,M,possibly_wt-like,-0.260639316526774,0.289804507,P,M,354,0,0.586617364712209
R47P,47,R,P,possibly_wt-like,-0.260683431851802,0.142028065,R,P,47,0,0.586597442535751
Q17W,17,Q,W,possibly_wt-like,-0.261489821429999,0.304784447,Q,W,17,0,0.586233282565009
F37Q,37,F,Q,possibly_wt-like,-0.262908343158648,0.220945373,F,Q,37,0,0.585592687937838
P339V,339,P,V,possibly_wt-like,-0.263052012509355,0.103688443,P,V,339,0,0.585527807850142
E256M,256,E,M,possibly_wt-like,-0.263253327180716,0.454031319,E,M,256,0,0.585436895533298
N262T,262,N,T,possibly_wt-like,-0.263304920057933,0.358541984,N,T,262,0,0.585413596545854
G209C,209,G,C,possibly_wt-like,-0.263444994456885,0.246124,G,C,209,0,0.585350339913572
I50E,50,I,E,possibly_wt-like,-0.264085250504664,0.255378744,I,E,50,0,0.585061204699117
G44L,44,G,L,possibly_wt-like,-0.264983335651707,0.194531781,G,L,44,0,0.584655635642035
D19M,19,D,M,possibly_wt-like,-0.265307834884746,0.135194072,D,M,19,0,0.58450909402691
D77M,77,D,M,possibly_wt-like,-0.265313876820469,0.264264286,D,M,77,0,0.584506365530417
Q97V,97,Q,V,possibly_wt-like,-0.265851448857171,0.174703956,Q,V,97,0,0.584263601707013
S179G,179,S,G,possibly_wt-like,-0.266453509363467,0.299253904,S,G,179,0,0.583991715335605
T167E,167,T,E,possibly_wt-like,-0.266524869878212,0.080173145,T,E,167,0,0.583959489419417
C218V,218,C,V,possibly_wt-like,-0.266726976568539,0.235809254,C,V,218,0,0.583868219432272
T383W,383,T,W,possibly_wt-like,-0.267078148320866,0.239035679,T,W,383,0,0.583709632691433
I203C,203,I,C,possibly_wt-like,-0.26764025849739,0.214198612,I,C,203,0,0.583455787613358
Q87G,87,Q,G,possibly_wt-like,-0.267803494525589,0.213829512,Q,G,87,0,0.583382071349086
N212R,212,N,R,possibly_wt-like,-0.26796752125929,0.135036294,N,R,212,0,0.583307998007663
S355E,355,S,E,possibly_wt-like,-0.268085537338995,0.305168809,S,E,355,0,0.583254702760187
R130S,130,R,S,possibly_wt-like,-0.268181083985133,0.347792957,R,S,130,0,0.583211554553907
P244K,244,P,K,possibly_wt-like,-0.268207475423064,0.229395353,P,K,244,0,0.583199636362595
K289G,289,K,G,possibly_wt-like,-0.269971930808461,0.278344405,K,G,289,0,0.582402820482414
T131D,131,T,D,possibly_wt-like,-0.271063392048711,0.045289652,T,D,131,0,0.581909924115619
P244M,244,P,M,possibly_wt-like,-0.271959989040717,0.222695134,P,M,244,0,0.581505027099086
T398A,398,T,A,possibly_wt-like,-0.272021322569091,0.334001631,T,A,398,0,0.581477329300773
D331K,331,D,K,possibly_wt-like,-0.272135637306434,0.238231424,D,K,331,0,0.581425705553974
L265T,265,L,T,wt-like,-0.27215265323628,0.027113498,L,T,265,0,0.581418021277438
K164V,164,K,V,possibly_wt-like,-0.272450766285245,0.144911557,K,V,164,0,0.581283395481019
K313V,313,K,V,possibly_wt-like,-0.272585270282153,0.219878697,K,V,313,0,0.581222654403874
G36W,36,G,W,possibly_wt-like,-0.272671459808705,0.186674411,G,W,36,0,0.58118373180825
E40C,40,E,C,possibly_wt-like,-0.273106632856082,0.307941155,E,C,40,0,0.580987210662039
Y377T,377,Y,T,possibly_wt-like,-0.27356071059495,0.127442084,Y,T,377,0,0.580782152287562
K66R,66,K,R,possibly_wt-like,-0.273605899020301,0.267230156,K,R,66,0,0.580761745506399
G129E,129,G,E,possibly_wt-like,-0.273987943750708,0.350585535,G,E,129,0,0.580589216741633
R11N,11,R,N,possibly_wt-like,-0.274131346468164,0.458659254,R,N,11,0,0.580524457063675
E390F,390,E,F,possibly_wt-like,-0.274140702274285,0.372000345,E,F,390,0,0.58052023204617
L108I,108,L,I,possibly_wt-like,-0.274209157406026,0.373733989,L,I,108,0,0.580489318180905
R142D,142,R,D,possibly_wt-like,-0.274374221776514,0.211732604,R,D,142,0,0.580414776249867
S179F,179,S,F,possibly_wt-like,-0.274398545821656,0.278076011,S,F,179,0,0.580403791678877
E114V,114,E,V,possibly_wt-like,-0.274667686475365,0.160920095,E,V,114,0,0.580282249616294
H376W,376,H,W,possibly_wt-like,-0.275105213250745,0.185191835,H,W,376,0,0.580084665542753
E235L,235,E,L,possibly_wt-like,-0.275222122080056,0.230559871,E,L,235,0,0.580031870321917
I168P,168,I,P,possibly_wt-like,-0.275601421670102,0.226025364,I,P,168,0,0.5798605812436
V53F,53,V,F,possibly_wt-like,-0.275730193708859,0.248751779,V,F,53,0,0.579802428679215
S370P,370,S,P,possibly_wt-like,-0.275801298098069,0.361243738,S,P,370,0,0.579770318427552
H75Y,75,H,Y,possibly_wt-like,-0.277075579119046,0.499059256,H,Y,75,0,0.579194861908939
D371N,371,D,N,possibly_wt-like,-0.277172007099721,0.06503942,D,N,371,0,0.579151315698062
D393P,393,D,P,possibly_wt-like,-0.2777527658422,0.198427884,D,P,393,0,0.578889049056246
P231T,231,P,T,possibly_wt-like,-0.277899575686019,0.049766599,P,T,231,0,0.578822750743526
K164W,164,K,W,possibly_wt-like,-0.27809934966377,0.104469037,K,W,164,0,0.578732534193288
D92V,92,D,V,possibly_wt-like,-0.278421654097984,0.172585267,D,V,92,0,0.578586983734172
F81P,81,F,P,possibly_wt-like,-0.278593549796232,0.392043092,F,P,81,0,0.578509356822643
S10V,10,S,V,possibly_wt-like,-0.278760198204651,0.655846164,S,V,10,0,0.578434099551003
T167A,167,T,A,possibly_wt-like,-0.279034498146081,0.264272964,T,A,167,0,0.578310227589676
K6T,6,K,T,possibly_wt-like,-0.279146121595099,0.777392682,K,T,6,0,0.578259819210119
T210L,210,T,L,possibly_wt-like,-0.279182437569187,0.144000298,T,L,210,0,0.578243419166742
F37Y,37,F,Y,possibly_wt-like,-0.279346535229959,0.253418994,F,Y,37,0,0.578169313795143
I67L,67,I,L,possibly_wt-like,-0.279476985876075,0.394443396,I,L,67,0,0.578110403183254
E18I,18,E,I,possibly_wt-like,-0.279581462765904,0.288136407,E,I,18,0,0.578063222140527
D22E,22,D,E,possibly_wt-like,-0.28013862906285,0.066767357,D,E,22,0,0.577811609684365
T202Q,202,T,Q,possibly_wt-like,-0.280281252895983,0.363543082,T,Q,202,0,0.577747201745194
D52K,52,D,K,possibly_wt-like,-0.280428460719481,0.154192532,D,K,52,0,0.577680723707596
G208F,208,G,F,possibly_wt-like,-0.280439696092997,0.152795206,G,F,208,0,0.577675649890422
S59W,59,S,W,possibly_wt-like,-0.280605182085521,0.337972892,S,W,59,0,0.577600917557781
N63Q,63,N,Q,possibly_wt-like,-0.280895707251297,0.284818091,N,Q,63,0,0.577469718397067
N329S,329,N,S,possibly_wt-like,-0.28112838876331,0.085102667,N,S,329,0,0.577364641031365
K164D,164,K,D,possibly_wt-like,-0.281220580821657,0.156694976,K,D,164,0,0.57732300773379
S207T,207,S,T,possibly_wt-like,-0.281233783764676,0.361493464,S,T,207,0,0.577317045375801
Q219K,219,Q,K,possibly_wt-like,-0.281298255159233,0.210529598,Q,K,219,0,0.577287930538767
D51M,51,D,M,possibly_wt-like,-0.281669152518232,0.318055615,D,M,51,0,0.577120435850029
Q149H,149,Q,H,possibly_wt-like,-0.281694977853055,0.653275597,Q,H,149,0,0.577108773306976
S59H,59,S,H,possibly_wt-like,-0.282219026461452,0.352987377,S,H,59,0,0.576872116570505
K342Q,342,K,Q,possibly_wt-like,-0.28257809607454,0.379784646,K,Q,342,0,0.576709963210228
K330N,330,K,N,possibly_wt-like,-0.282613878782128,0.149880429,K,N,330,0,0.576693803986324
E307A,307,E,A,possibly_wt-like,-0.282753588038007,0.333046391,E,A,307,0,0.576630712250135
K342T,342,K,T,possibly_wt-like,-0.283133866158948,0.281800334,K,T,342,0,0.576458981274017
Y178I,178,Y,I,possibly_wt-like,-0.283383591183557,0.167033979,Y,I,178,0,0.576346207175599
V54F,54,V,F,possibly_wt-like,-0.284201720505557,0.194760103,V,F,54,0,0.575976745617541
Y46C,46,Y,C,possibly_wt-like,-0.284245780665085,0.413711203,Y,C,46,0,0.575956848353442
F145S,145,F,S,possibly_wt-like,-0.284266881468865,0.147775641,F,S,145,0,0.575947319376016
I224S,224,I,S,possibly_wt-like,-0.285088779119905,0.270418885,I,S,224,0,0.575576156066559
L25H,25,L,H,possibly_wt-like,-0.28514784298199,0.14875429,L,H,25,0,0.575549483233886
R234G,234,R,G,possibly_wt-like,-0.285363142107622,0.261093151,R,G,234,0,0.575452255633963
A79V,79,A,V,possibly_wt-like,-0.28590853976455,0.260517182,A,V,79,0,0.575205957814449
E40L,40,E,L,possibly_wt-like,-0.286707958787772,0.16703261,E,L,40,0,0.574844945698249
I224V,224,I,V,possibly_wt-like,-0.286878311165482,0.403901941,I,V,224,0,0.574768015739628
N49V,49,N,V,possibly_wt-like,-0.287382366220494,0.196390131,N,V,49,0,0.574540387953943
G36A,36,G,A,possibly_wt-like,-0.287574604853627,0.303634247,G,A,36,0,0.574453574313353
Y315A,315,Y,A,possibly_wt-like,-0.287579258457598,0.199493411,Y,A,315,0,0.574451472777902
D77A,77,D,A,possibly_wt-like,-0.288028251776209,0.158902441,D,A,77,0,0.574248710492538
T319L,319,T,L,possibly_wt-like,-0.288436909920012,0.265486523,T,L,319,0,0.574064163293872
C211P,211,C,P,possibly_wt-like,-0.288650715636748,0.033760498,C,P,211,0,0.573967610107104
I253F,253,I,F,possibly_wt-like,-0.289118453404207,0.264427326,I,F,253,0,0.573756382957947
E390T,390,E,T,possibly_wt-like,-0.289499720563756,0.199050033,E,T,390,0,0.573584205338817
K269S,269,K,S,possibly_wt-like,-0.289504975734371,0.121035038,K,S,269,0,0.573581832140019
L23P,23,L,P,possibly_wt-like,-0.289908909347131,0.36844433,L,P,23,0,0.573399418506979
R308M,308,R,M,possibly_wt-like,-0.290042681744431,0.702483294,R,M,308,0,0.57333900781517
L295V,295,L,V,possibly_wt-like,-0.290071053886508,0.652617012,L,V,295,0,0.57332619515153
V369E,369,V,E,possibly_wt-like,-0.290378271869914,0.565801501,V,E,369,0,0.573187457629526
R189W,189,R,W,possibly_wt-like,-0.290558751057281,0.164571233,R,W,189,0,0.573105954473523
I400L,400,I,L,possibly_wt-like,-0.290880713990781,0.720107005,I,L,400,0,0.572960558233774
D52A,52,D,A,possibly_wt-like,-0.291395899342165,0.312337003,D,A,52,0,0.572727904083027
T383D,383,T,D,possibly_wt-like,-0.291617581904234,0.199047985,T,D,383,0,0.572627793767245
T319G,319,T,G,possibly_wt-like,-0.291733279719472,0.090957477,T,G,319,0,0.57257554543201
E201L,201,E,L,possibly_wt-like,-0.2921341398258,0.08050267,E,L,201,0,0.572394519773273
Y29N,29,Y,N,possibly_wt-like,-0.292755566049551,0.40271614,Y,N,29,0,0.572113887977454
N63M,63,N,M,possibly_wt-like,-0.292899014738258,0.080153558,N,M,63,0,0.572049107539196
E314G,314,E,G,possibly_wt-like,-0.293539920950859,0.335773954,E,G,314,0,0.571759678714793
P357S,357,P,S,possibly_wt-like,-0.293617454747757,0.295368689,P,S,357,0,0.57172466498697
S207D,207,S,D,possibly_wt-like,-0.293747705747301,0.420898604,S,D,207,0,0.571665844534096
Q399Y,399,Q,Y,possibly_wt-like,-0.294084156191893,0.309940269,Q,Y,399,0,0.571513905834277
D368H,368,D,H,possibly_wt-like,-0.294147519022591,0.17851936,D,H,368,0,0.571485291617034
H196T,196,H,T,possibly_wt-like,-0.294195524828839,0.349882039,H,T,196,0,0.571463612526094
D386G,386,D,G,possibly_wt-like,-0.294201934534562,0.380595591,D,G,386,0,0.571460717947206
K80P,80,K,P,possibly_wt-like,-0.295622796856572,0.203880134,K,P,80,0,0.570819066324219
D51G,51,D,G,possibly_wt-like,-0.295781246620908,0.150784901,D,G,51,0,0.570747511503689
E201A,201,E,A,possibly_wt-like,-0.295951903722332,0.109665209,E,A,201,0,0.570670443933942
P213L,213,P,L,possibly_wt-like,-0.29624324454943,0.227311203,P,L,213,0,0.570538876426201
L194Y,194,L,Y,possibly_wt-like,-0.296862269760464,0.593414107,L,Y,194,0,0.570259328911162
T366N,366,T,N,possibly_wt-like,-0.296889780269968,0.087742031,T,N,366,0,0.570246905354848
G208T,208,G,T,possibly_wt-like,-0.296930154848705,0.180453615,G,T,208,0,0.570228672473609
C211L,211,C,L,possibly_wt-like,-0.297563724049796,0.116658138,C,L,211,0,0.56994255699299
K260E,260,K,E,possibly_wt-like,-0.298869789593069,0.524863759,K,E,260,0,0.56935274680337
M205W,205,M,W,possibly_wt-like,-0.299708671650813,0.314016468,M,W,205,0,0.56897391345301
R378L,378,R,L,possibly_wt-like,-0.299949075019373,0.153440118,R,L,378,0,0.56886534895016
E235A,235,E,A,possibly_wt-like,-0.300278414368311,0.244575735,E,A,235,0,0.568716621572083
D19W,19,D,W,possibly_wt-like,-0.30039965106245,0.157733994,D,W,19,0,0.568661871917346
N49I,49,N,I,possibly_wt-like,-0.300413485781792,0.130485258,N,I,49,0,0.568655624253528
I50P,50,I,P,possibly_wt-like,-0.300452955383634,0.180075505,I,P,50,0,0.568637800053612
I224P,224,I,P,possibly_wt-like,-0.300686972688828,0.2768527,I,P,224,0,0.568532119452924
P231Y,231,P,Y,possibly_wt-like,-0.300691166580299,0.153053738,P,Y,231,0,0.568530225520467
D58H,58,D,H,possibly_wt-like,-0.300802339511066,0.191971378,D,H,58,0,0.568480020591844
V216L,216,V,L,possibly_wt-like,-0.300974931345386,0.141306416,V,L,216,0,0.568402079310067
E394L,394,E,L,possibly_wt-like,-0.301171655459062,0.22566236,E,L,394,0,0.568313240057407
P354L,354,P,L,possibly_wt-like,-0.301558468064833,0.12889815,P,L,354,0,0.568138558153017
D386Q,386,D,Q,possibly_wt-like,-0.301903771258723,0.416268929,D,Q,386,0,0.567982621612685
N329D,329,N,D,possibly_wt-like,-0.301998204087145,0.375079214,N,D,329,0,0.567939976398802
S364A,364,S,A,possibly_wt-like,-0.30222225351186,0.377070331,S,A,364,0,0.567838797224176
F341V,341,F,V,possibly_wt-like,-0.302830370401986,0.172173133,F,V,341,0,0.56756417583161
P89E,89,P,E,possibly_wt-like,-0.303220450906905,0.190836962,P,E,89,0,0.567388018166507
T160W,160,T,W,possibly_wt-like,-0.303455345606243,0.128753865,T,W,160,0,0.567281941340676
N329F,329,N,F,possibly_wt-like,-0.303764897615689,0.123111654,N,F,329,0,0.567142149788615
F21M,21,F,M,possibly_wt-like,-0.303989619534119,0.23443738,F,M,21,0,0.567040666920466
H259S,259,H,S,possibly_wt-like,-0.304309811917759,0.108854541,H,S,259,0,0.56689607024882
F206A,206,F,A,possibly_wt-like,-0.305010496517018,0.097435288,F,A,206,0,0.566579645917375
R172K,172,R,K,possibly_wt-like,-0.305325172350649,0.188955793,R,K,172,0,0.566437540481657
G209W,209,G,W,possibly_wt-like,-0.30537930284087,0.209086354,G,W,209,0,0.566413095525685
A192W,192,A,W,possibly_wt-like,-0.305521388153646,0.250187446,A,W,192,0,0.566348930778593
N69A,69,N,A,possibly_wt-like,-0.305543872035321,0.174979129,N,A,69,0,0.56633877721273
P103A,103,P,A,possibly_wt-like,-0.305675316973903,0.398679667,P,A,103,0,0.566279417585222
Q149V,149,Q,V,possibly_wt-like,-0.305965080330392,0.232407817,Q,V,149,0,0.566148562452326
T232V,232,T,V,possibly_wt-like,-0.306155998931917,0.112894558,T,V,232,0,0.566062344928904
P231S,231,P,S,possibly_wt-like,-0.306396537587299,0.1578104,P,S,231,0,0.565953719331458
D51A,51,D,A,possibly_wt-like,-0.307320445442237,0.341716682,D,A,51,0,0.565536488917625
N372W,372,N,W,possibly_wt-like,-0.307699260363961,0.434107481,N,W,372,0,0.56536541871218
E91L,91,E,L,possibly_wt-like,-0.308013324123234,0.324411374,E,L,91,0,0.56522358968502
H259A,259,H,A,possibly_wt-like,-0.308640579501494,0.113471461,H,A,259,0,0.564940325483236
Y29C,29,Y,C,possibly_wt-like,-0.308943527412502,0.669638274,Y,C,29,0,0.564803516296472
K223F,223,K,F,possibly_wt-like,-0.30895910115856,0.548573936,K,F,223,0,0.564796483300185
E256A,256,E,A,possibly_wt-like,-0.309662561107859,0.202578017,E,A,256,0,0.564478805639808
F56A,56,F,A,possibly_wt-like,-0.309934105401214,0.374737767,F,A,56,0,0.564356178110141
T319P,319,T,P,possibly_wt-like,-0.310022994096878,0.147645391,T,P,319,0,0.564316036588367
P244Y,244,P,Y,possibly_wt-like,-0.310272673150237,0.26273425,P,Y,244,0,0.564203283250248
E106S,106,E,S,possibly_wt-like,-0.310875429792605,0.144294941,E,S,106,0,0.563931082508592
V45L,45,V,L,possibly_wt-like,-0.3113282229634,0.237814416,V,L,45,0,0.563726604236195
K62D,62,K,D,possibly_wt-like,-0.311503133062187,0.194552702,K,D,62,0,0.563647616042177
H376Y,376,H,Y,possibly_wt-like,-0.311584288080126,0.225079861,H,Y,376,0,0.563610966995913
F81A,81,F,A,possibly_wt-like,-0.313314757577081,0.138326461,F,A,81,0,0.562829498908505
N329Q,329,N,Q,possibly_wt-like,-0.313565559642407,0.042467196,N,Q,329,0,0.562716238425929
T131G,131,T,G,possibly_wt-like,-0.313869634505773,0.469315728,T,G,131,0,0.562578920315253
N31K,31,N,K,possibly_wt-like,-0.314144687062241,0.095396029,N,K,31,0,0.562454708478166
Y65I,65,Y,I,possibly_wt-like,-0.314343229010491,0.230757925,Y,I,65,0,0.562365048303952
Q298V,298,Q,V,possibly_wt-like,-0.314924174264899,0.419604592,Q,V,298,0,0.562102697434636
D109R,109,D,R,possibly_wt-like,-0.315018431089106,0.11922979,D,R,109,0,0.562060131703043
T131I,131,T,I,possibly_wt-like,-0.315351269506907,0.541589648,T,I,131,0,0.561909824169606
E73M,73,E,M,possibly_wt-like,-0.315544621957756,0.149161684,E,M,73,0,0.561822507536619
Y65V,65,Y,V,possibly_wt-like,-0.316136845930002,0.136744278,Y,V,65,0,0.561555063276132
K269E,269,K,E,possibly_wt-like,-0.316184107001999,0.322299732,K,E,269,0,0.561533720502042
C124P,124,C,P,possibly_wt-like,-0.316210145118036,0.116890392,C,P,124,0,0.561521961868461
N212L,212,N,L,possibly_wt-like,-0.316246139293374,0.215643702,N,L,212,0,0.561505707147179
E114D,114,E,D,possibly_wt-like,-0.316506372032284,0.343747702,E,D,114,0,0.561388187837469
I224Q,224,I,Q,possibly_wt-like,-0.316703821178247,0.095634127,I,Q,224,0,0.561299021165229
Y315K,315,Y,K,possibly_wt-like,-0.317147501533814,0.20921715,Y,K,315,0,0.561098658177325
E394F,394,E,F,possibly_wt-like,-0.317229989718004,0.040212438,E,F,394,0,0.561061407082379
H272S,272,H,S,possibly_wt-like,-0.31758503618998,0.286122692,H,S,272,0,0.560901070544876
S229H,229,S,H,possibly_wt-like,-0.318040977734672,0.412234815,S,H,229,0,0.560695170488546
Y377D,377,Y,D,possibly_wt-like,-0.318107374667875,0.131178489,Y,D,377,0,0.560665186091542
N334A,334,N,A,possibly_wt-like,-0.3183479080694,0.159638612,N,A,334,0,0.560556562866702
A121W,121,A,W,possibly_wt-like,-0.318448095184865,0.523746891,A,W,121,0,0.560511319056485
Y377C,377,Y,C,possibly_wt-like,-0.318660051543885,0.10158843,Y,C,377,0,0.560415601026905
M35Y,35,M,Y,possibly_wt-like,-0.319173990417661,0.081987885,M,Y,35,0,0.560183509776848
G129S,129,G,S,possibly_wt-like,-0.319303494056026,0.262950457,G,S,129,0,0.560125026827126
L194A,194,L,A,possibly_wt-like,-0.319517461328869,0.113683503,L,A,194,0,0.560028400682735
F257K,257,F,K,possibly_wt-like,-0.319717488805229,0.448997484,F,K,257,0,0.559938069654274
D109G,109,D,G,possibly_wt-like,-0.320037210968653,0.228462746,D,G,109,0,0.559793685330833
D77I,77,D,I,possibly_wt-like,-0.320147049419704,0.294548949,D,I,77,0,0.559744083044045
E43N,43,E,N,possibly_wt-like,-0.320445989951171,0.339804409,E,N,43,0,0.559609083562236
L345N,345,L,N,possibly_wt-like,-0.320581564421473,0.137279449,L,N,345,0,0.559547859066691
F154H,154,F,H,possibly_wt-like,-0.320783315162978,0.194502531,F,H,154,0,0.559456749823578
A309L,309,A,L,possibly_wt-like,-0.320959517710624,0.420303581,A,L,309,0,0.559377177968571
F206T,206,F,T,possibly_wt-like,-0.320976927679757,0.161757778,F,T,206,0,0.559369315746611
A137L,137,A,L,possibly_wt-like,-0.321068666592924,0.244573436,A,L,137,0,0.559327887086274
K237T,237,K,T,possibly_wt-like,-0.321152376298902,0.242274339,K,T,237,0,0.559290084360514
A39W,39,A,W,possibly_wt-like,-0.321669009087932,0.071613433,A,W,39,0,0.559056776556912
A120V,120,A,V,possibly_wt-like,-0.322573016645448,0.406612412,A,V,120,0,0.558648532980115
K80G,80,K,G,possibly_wt-like,-0.322791049090261,0.145733117,K,G,80,0,0.558550071032106
F81H,81,F,H,possibly_wt-like,-0.323351823473605,0.169671682,F,H,81,0,0.558296829189016
K62T,62,K,T,possibly_wt-like,-0.323483348533508,0.301038876,K,T,62,0,0.558237433379272
A121Y,121,A,Y,possibly_wt-like,-0.323759625238692,0.625705673,A,Y,121,0,0.55811266872507
K66M,66,K,M,possibly_wt-like,-0.323812509251304,0.20857222,K,M,66,0,0.558088786669788
K60E,60,K,E,possibly_wt-like,-0.323843944392099,0.207649385,K,E,60,0,0.558074590777056
K197A,197,K,A,possibly_wt-like,-0.324332310116195,0.487761262,K,A,197,0,0.557854048184981
S59A,59,S,A,possibly_wt-like,-0.325034404062634,0.330169335,S,A,59,0,0.557536987402072
N117V,117,N,V,possibly_wt-like,-0.32511571144243,0.174888252,N,V,117,0,0.557500269550244
N262Y,262,N,Y,possibly_wt-like,-0.325827291227954,0.24188103,N,Y,262,0,0.557178925027841
A79F,79,A,F,possibly_wt-like,-0.325901303627097,0.213777571,A,F,79,0,0.557145501538953
R378G,378,R,G,possibly_wt-like,-0.326307969245575,0.196809513,R,G,378,0,0.556961854150978
L220I,220,L,I,possibly_wt-like,-0.326453103108963,0.23184732,L,I,220,0,0.556896312699459
T232L,232,T,L,possibly_wt-like,-0.326707795655508,0.134804164,T,L,232,0,0.556781295302402
P30T,30,P,T,possibly_wt-like,-0.326764218140911,0.100127458,P,T,30,0,0.556755815297217
T167W,167,T,W,possibly_wt-like,-0.326825475488356,0.279011699,T,W,167,0,0.556728151901687
H272G,272,H,G,possibly_wt-like,-0.327080706555259,0.075376475,H,G,272,0,0.556612891312552
Y68W,68,Y,W,possibly_wt-like,-0.327319691382389,0.296771746,Y,W,68,0,0.556504967413225
V216Y,216,V,Y,possibly_wt-like,-0.327324101995467,0.544371547,V,Y,216,0,0.556502975610785
E114F,114,E,F,possibly_wt-like,-0.327409683388054,0.201213858,E,F,114,0,0.556464327644265
P339G,339,P,G,possibly_wt-like,-0.327868085051357,0.065715449,P,G,339,0,0.556257316615341
N311I,311,N,I,possibly_wt-like,-0.327973233121437,0.336596947,N,I,311,0,0.556209832472243
Y336A,336,Y,A,possibly_wt-like,-0.328190829496107,0.268395243,Y,A,336,0,0.556111567450502
I306T,306,I,T,possibly_wt-like,-0.328975460224916,0.575449461,I,T,306,0,0.555757233626044
P38M,38,P,M,possibly_wt-like,-0.329141453214655,0.347204544,P,M,38,0,0.555682272336959
Q245G,245,Q,G,possibly_wt-like,-0.329191831137406,0.165171704,Q,G,245,0,0.55565952201457
I168T,168,I,T,possibly_wt-like,-0.329335034208291,0.127877051,I,T,168,0,0.555594852495626
C218D,218,C,D,possibly_wt-like,-0.329471386249451,0.145474682,C,D,218,0,0.555533276854444
D22T,22,D,T,possibly_wt-like,-0.330186700213946,0.220718969,D,T,22,0,0.555210246002578
D153M,153,D,M,possibly_wt-like,-0.330233856208799,0.453386077,D,M,153,0,0.555188950680602
Q396L,396,Q,L,possibly_wt-like,-0.331020269308646,0.460398271,Q,L,396,0,0.554833811949678
K223G,223,K,G,possibly_wt-like,-0.331743226321829,0.129020182,K,G,223,0,0.554507329549749
Y377Q,377,Y,Q,possibly_wt-like,-0.331866163952221,0.068658433,Y,Q,377,0,0.554451811763933
N228V,228,N,V,possibly_wt-like,-0.332470403495769,0.515330392,N,V,228,0,0.554178941354334
E106T,106,E,T,possibly_wt-like,-0.333372175537068,0.197690128,E,T,106,0,0.553771707321239
L23Y,23,L,Y,possibly_wt-like,-0.333746493157071,0.134549037,L,Y,23,0,0.553602668066227
Y188F,188,Y,F,possibly_wt-like,-0.333798663958575,0.190186308,Y,F,188,0,0.553579108092161
N49P,49,N,P,possibly_wt-like,-0.333894380041605,0.282604141,N,P,49,0,0.55353588336935
K197H,197,K,H,possibly_wt-like,-0.334153659205443,0.331800547,K,H,197,0,0.553418794687564
I50M,50,I,M,possibly_wt-like,-0.334260203488061,0.462618146,I,M,50,0,0.553370680024515
E91P,91,E,P,possibly_wt-like,-0.334492221700609,0.294188743,E,P,91,0,0.553265902200276
K164A,164,K,A,possibly_wt-like,-0.334794130661365,0.181322415,K,A,164,0,0.553129562196278
G20V,20,G,V,possibly_wt-like,-0.33495110671877,0.271320709,G,V,20,0,0.553058672891632
D116L,116,D,L,possibly_wt-like,-0.334972880016265,0.517594814,D,L,116,0,0.553048840220684
K223L,223,K,L,possibly_wt-like,-0.335084256533997,0.559694351,K,L,223,0,0.552998543353592
F206H,206,F,H,possibly_wt-like,-0.335089757322434,0.181807314,F,H,206,0,0.55299605923548
S364V,364,S,V,possibly_wt-like,-0.335160052617642,0.482983828,S,V,364,0,0.552964314365088
E201S,201,E,S,possibly_wt-like,-0.335643769991624,0.206052671,E,S,201,0,0.552745870935858
E114L,114,E,L,possibly_wt-like,-0.336318694929274,0.275382515,E,L,114,0,0.552441079489896
V216W,216,V,W,possibly_wt-like,-0.337011310917415,0.046381044,V,W,216,0,0.552128298887572
L318T,318,L,T,possibly_wt-like,-0.337449234359009,0.139046916,L,T,318,0,0.551930535682306
D162A,162,D,A,possibly_low,-0.337826857968625,0.209783313,D,A,162,0,0.55176000346519
T26M,26,T,M,possibly_low,-0.337862198038747,0.132455101,T,M,26,0,0.551744044133312
D187G,187,D,G,possibly_low,-0.337883536579563,0.210157544,D,G,187,0,0.551734407795481
Y46K,46,Y,K,possibly_low,-0.337995952047547,0.119058997,Y,K,46,0,0.551683641745622
D368S,368,D,S,possibly_low,-0.338591112925939,0.423529517,D,S,368,0,0.55141487119858
N329V,329,N,V,possibly_low,-0.338710832568826,0.179847239,N,V,329,0,0.551360806633722
P391L,391,P,L,possibly_low,-0.339265880247875,0.313282102,P,L,391,0,0.551110150930787
F81Y,81,F,Y,possibly_low,-0.339367195629164,0.383982367,F,Y,81,0,0.551064397603508
L220R,220,L,R,possibly_low,-0.339446547260635,0.569048246,L,R,220,0,0.551028562954132
K66A,66,K,A,possibly_low,-0.339459333835475,0.132462843,K,A,66,0,0.551022788625141
Q171L,171,Q,L,possibly_low,-0.339906917806905,0.250871714,Q,L,171,0,0.550820662791243
I280M,280,I,M,possibly_low,-0.341000810269552,0.491766013,I,M,280,0,0.550326668501185
E73I,73,E,I,possibly_low,-0.341187374736963,0.262054476,E,I,73,0,0.550242417274693
K60S,60,K,S,possibly_low,-0.341275688135269,0.296935126,K,S,60,0,0.550202535553236
V403E,403,V,E,possibly_low,-0.341396870977372,0.306756824,V,E,403,0,0.550147810217706
H141Q,141,H,Q,possibly_low,-0.342079708223891,0.060960579,H,Q,141,0,0.549839445627641
I168Q,168,I,Q,possibly_low,-0.342354127690572,0.065153559,I,Q,168,0,0.549715519689535
N329R,329,N,R,possibly_low,-0.342731048596793,0.196886225,N,R,329,0,0.549545304808425
G208R,208,G,R,possibly_low,-0.343000639768752,0.200225759,G,R,208,0,0.549423559294907
A39S,39,A,S,possibly_low,-0.343375572090042,0.131484533,A,S,39,0,0.549254242445034
P244V,244,P,V,possibly_low,-0.344178178891091,0.135974117,P,V,244,0,0.548891790750358
A151T,151,A,T,possibly_low,-0.344416361191541,0.26242389,A,T,151,0,0.548784229266544
T167N,167,T,N,possibly_low,-0.344630455870421,0.127915581,T,N,167,0,0.548687545586466
M205V,205,M,V,possibly_low,-0.344861121214753,0.186206976,M,V,205,0,0.54858337870818
D52V,52,D,V,possibly_low,-0.345093488808801,0.106843503,D,V,52,0,0.548478443105665
F206M,206,F,M,possibly_low,-0.345317720805053,0.315636002,F,M,206,0,0.548377181482993
S226R,226,S,R,possibly_low,-0.345728557986109,0.495266462,S,R,226,0,0.548191650246135
R172A,172,R,A,possibly_low,-0.345795570934062,0.11636102,R,A,172,0,0.548161387661119
L25I,25,L,I,possibly_low,-0.346180205816045,0.253154552,L,I,25,0,0.547987689201769
V85M,85,V,M,possibly_low,-0.34620880124705,0.377762284,V,M,85,0,0.547974775702389
F238K,238,F,K,possibly_low,-0.346767353248819,0.430886043,F,K,238,0,0.547722537471487
N94E,94,N,E,possibly_low,-0.348152540567313,0.517674589,N,E,94,0,0.547096996433988
Q87P,87,Q,P,possibly_low,-0.348396950001951,0.118585045,Q,P,87,0,0.546986622819332
Y240Q,240,Y,Q,possibly_low,-0.349169239420313,0.167861802,Y,Q,240,0,0.546637862245537
E91S,91,E,S,possibly_low,-0.349823649359255,0.356120043,E,S,91,0,0.546342335231472
V158N,158,V,N,possibly_low,-0.350038515041671,0.388396053,V,N,158,0,0.546245303371516
L108C,108,L,C,possibly_low,-0.350280759887163,0.417762698,L,C,108,0,0.546135907270386
Q17D,17,Q,D,possibly_low,-0.350481914315881,0.250764558,Q,D,17,0,0.546045067318014
K254N,254,K,N,possibly_low,-0.350683198777564,0.104564192,K,N,254,0,0.545954168643652
A79K,79,A,K,possibly_low,-0.350905044209205,0.262464044,A,K,79,0,0.545853984777095
H397D,397,H,D,possibly_low,-0.350961791120287,0.361796518,H,D,397,0,0.545828358263511
E73T,73,E,T,possibly_low,-0.351452388420207,0.217756383,E,T,73,0,0.545606807907189
A39R,39,A,R,possibly_low,-0.351866859956947,0.248535231,A,R,39,0,0.545419635420374
S229R,229,S,R,possibly_low,-0.351971483954776,0.267645904,S,R,229,0,0.54537238794469
Q110R,110,Q,R,possibly_low,-0.352078720433073,0.494777031,Q,R,110,0,0.545323960690847
L23T,23,L,T,possibly_low,-0.352274262428891,0.126998939,L,T,23,0,0.545235655274457
Y315R,315,Y,R,possibly_low,-0.352471611751568,0.261135512,Y,R,315,0,0.545146533681724
P30A,30,P,A,possibly_low,-0.353036778359488,0.299100269,P,A,30,0,0.544891308340315
K13M,13,K,M,possibly_low,-0.353698157539941,0.605175234,K,M,13,0,0.54459263406486
N31H,31,N,H,possibly_low,-0.354170016958334,0.272939641,N,H,31,0,0.544379545606574
V275C,275,V,C,possibly_low,-0.354378738254813,0.358355159,V,C,275,0,0.544285288508921
L194R,194,L,R,possibly_low,-0.354453377176421,0.190180661,L,R,194,0,0.544251582086809
L23V,23,L,V,possibly_low,-0.355177684430892,0.186534026,L,V,23,0,0.543924489927229
P231G,231,P,G,possibly_low,-0.356072806402503,0.072167308,P,G,231,0,0.543520259019731
E114W,114,E,W,possibly_low,-0.356206111206516,0.116746503,E,W,114,0,0.543460059489824
E18K,18,E,K,possibly_low,-0.356497554483829,0.621408918,E,K,18,0,0.543328445716273
P354V,354,P,V,possibly_low,-0.356961206063889,0.373170507,P,V,354,0,0.543119063861157
T26V,26,T,V,possibly_low,-0.357631747971211,0.282893164,T,V,26,0,0.542816251761456
D77S,77,D,S,possibly_low,-0.357742846034514,0.178727956,D,S,77,0,0.542766080642464
G129A,129,G,A,possibly_low,-0.358539529111626,0.268330599,G,A,129,0,0.542406304060653
V369L,369,V,L,possibly_low,-0.358690612968236,0.39315905,V,L,369,0,0.54233807563324
K349T,349,K,T,possibly_low,-0.358705909573329,0.223759524,K,T,349,0,0.542331167791902
P38E,38,P,E,possibly_low,-0.358853105575649,0.276791246,P,E,38,0,0.542264695092667
H64F,64,H,F,possibly_low,-0.359368598277677,0.397888327,H,F,64,0,0.54203190214449
N329A,329,N,A,possibly_low,-0.359626858193227,0.14168443,N,A,329,0,0.541915273748199
L194V,194,L,V,possibly_low,-0.360000928881944,0.064414603,L,V,194,0,0.541746346005652
F81G,81,F,G,possibly_low,-0.360937470949864,0.169254574,F,G,81,0,0.541323410068392
K322R,322,K,R,possibly_low,-0.36142064717656,0.043821351,K,R,322,0,0.541105211017544
D52L,52,D,L,possibly_low,-0.361541070836304,0.339595439,D,L,52,0,0.54105082852353
D77K,77,D,K,possibly_low,-0.36165632076022,0.072081767,D,K,77,0,0.540998782452926
L23N,23,L,N,possibly_low,-0.361676382613749,0.172899455,L,N,23,0,0.540989722658267
T363D,363,T,D,possibly_low,-0.361850056742642,0.037890145,T,D,363,0,0.540911292619727
V53T,53,V,T,possibly_low,-0.362089063898665,0.075467695,V,T,53,0,0.540803358636826
Y155L,155,Y,L,possibly_low,-0.362751761797262,0.593524576,Y,L,155,0,0.540504088837354
N94F,94,N,F,possibly_low,-0.362870559388219,0.272694111,N,F,94,0,0.540450440664788
K80M,80,K,M,possibly_low,-0.36353524061789,0.663161892,K,M,80,0,0.540150275206685
Y315T,315,Y,T,possibly_low,-0.363629204539561,0.287691036,Y,T,315,0,0.540107841747856
D384I,384,D,I,possibly_low,-0.364421641186631,0.154126275,D,I,384,0,0.539749982824559
S385G,385,S,G,possibly_low,-0.364655444397146,0.098875015,S,G,385,0,0.539644398907551
K62C,62,K,C,possibly_low,-0.364791452310663,0.49201659,K,C,62,0,0.53958297867204
P244T,244,P,T,possibly_low,-0.365248129395356,0.182108384,P,T,244,0,0.539376746450919
Q219W,219,Q,W,possibly_low,-0.365399033307359,0.204150578,Q,W,219,0,0.53930859928525
S364K,364,S,K,possibly_low,-0.36569642526443,0.484051786,S,K,364,0,0.539174299128956
E235W,235,E,W,possibly_low,-0.366110853456849,0.311599569,E,W,235,0,0.538987146216138
K125Q,125,K,Q,possibly_low,-0.366186548403743,0.238111374,K,Q,125,0,0.538952962900292
S361W,361,S,W,possibly_low,-0.366654378113702,0.405661672,S,W,361,0,0.538741694230536
P38I,38,P,I,possibly_low,-0.366721501392656,0.43003583,P,I,38,0,0.538711381820802
N31S,31,N,S,possibly_low,-0.366735414919855,0.118294363,N,S,31,0,0.538705098567899
Y27E,27,Y,E,possibly_low,-0.367010269143215,0.192520429,Y,E,27,0,0.538580976296676
L98V,98,L,V,possibly_low,-0.367069797971658,0.322761929,L,V,98,0,0.538554093488403
V45W,45,V,W,possibly_low,-0.367258645240001,0.284335768,V,W,45,0,0.538468811364757
K60T,60,K,T,possibly_low,-0.367271481726484,0.248532758,K,T,60,0,0.538463014496012
D109C,109,D,C,possibly_low,-0.367934683995367,0.338284966,D,C,109,0,0.538163516926398
P103V,103,P,V,possibly_low,-0.368008392984259,0.549738552,P,V,103,0,0.538130230455487
E43L,43,E,L,possibly_low,-0.368362407073305,0.191597565,E,L,43,0,0.537970360134993
A39P,39,A,P,possibly_low,-0.368635683826055,0.097112175,A,P,39,0,0.537846950238615
P95V,95,P,V,possibly_low,-0.368954784720872,0.209945195,P,V,95,0,0.537702846475791
R142Y,142,R,Y,possibly_low,-0.369005593459909,0.072367511,R,Y,142,0,0.53767990159974
T232Y,232,T,Y,possibly_low,-0.369064832012745,0.165915579,T,Y,232,0,0.537653149877928
E91V,91,E,V,possibly_low,-0.369151557432727,0.105680697,E,V,91,0,0.537613985276528
L23S,23,L,S,possibly_low,-0.369378183874374,0.478205416,L,S,23,0,0.537511642338833
P354S,354,P,S,possibly_low,-0.369690763419003,0.421763033,P,S,354,0,0.537370483572768
T319Y,319,T,Y,possibly_low,-0.369912867603108,0.166615693,T,Y,319,0,0.537270182855383
N63K,63,N,K,possibly_low,-0.370220398191015,0.245709465,N,K,63,0,0.537131304163343
E7H,7,E,H,possibly_low,-0.370237708336862,0.155884456,E,H,7,0,0.53712348702089
L318F,318,L,F,possibly_low,-0.370542336168693,0.130799114,L,F,318,0,0.536985919193471
N334E,334,N,E,possibly_low,-0.370731190004358,0.174973682,N,E,334,0,0.536900634104068
T202W,202,T,W,possibly_low,-0.370820602772273,0.151530927,T,W,202,0,0.53686025591488
L146F,146,L,F,possibly_low,-0.371657712966692,0.323284297,L,F,146,0,0.536482222725775
D51T,51,D,T,possibly_low,-0.37278560051203,0.096874271,D,T,51,0,0.535972876490884
D384L,384,D,L,possibly_low,-0.372879884918988,0.150528668,D,L,384,0,0.53593029830311
N334Y,334,N,Y,possibly_low,-0.37290964670628,0.148068699,N,Y,334,0,0.535916858085277
D92F,92,D,F,possibly_low,-0.373260755412322,0.053501823,D,F,92,0,0.535758299815706
K344E,344,K,E,possibly_low,-0.373303089679775,0.119855778,K,E,344,0,0.535739181952562
Y76G,76,Y,G,possibly_low,-0.373447711292091,0.06808763,Y,G,76,0,0.535673871830093
F257M,257,F,M,possibly_low,-0.373669468721624,0.164773577,F,M,257,0,0.53557372770468
E73Q,73,E,Q,possibly_low,-0.373750690726241,0.167680428,E,Q,73,0,0.535537048407695
V45I,45,V,I,possibly_low,-0.37409128515066,0.475495596,V,I,45,0,0.535383238315173
T160C,160,T,C,possibly_low,-0.374170875832632,0.404141947,T,C,160,0,0.53534729571224
Y240A,240,Y,A,possibly_low,-0.374818127391207,0.187504533,Y,A,240,0,0.535055001373368
K13R,13,K,R,possibly_low,-0.375138791308526,0.231826319,K,R,13,0,0.534910191760364
G36K,36,G,K,possibly_low,-0.375361678317347,0.373832503,G,K,36,0,0.534809537524737
F206Q,206,F,Q,possibly_low,-0.375410784806667,0.137593775,F,Q,206,0,0.534787361372915
K263Y,263,K,Y,possibly_low,-0.375463006833278,0.432309696,K,Y,263,0,0.534763778265945
D187R,187,D,R,possibly_low,-0.375826751065766,0.281311169,D,R,187,0,0.534599513879795
Q219R,219,Q,R,possibly_low,-0.376002975942306,0.109687213,Q,R,219,0,0.534519931941214
K330M,330,K,M,possibly_low,-0.376576165190095,0.143355453,K,M,330,0,0.534261083630983
P231I,231,P,I,possibly_low,-0.376816886417013,0.375376459,P,I,231,0,0.53415237558549
N389C,389,N,C,possibly_low,-0.377210362227115,0.17813898,N,C,389,0,0.53397468462399
E235Y,235,E,Y,possibly_low,-0.377341042729482,0.40384168,E,Y,235,0,0.533915670210603
E285N,285,E,N,possibly_low,-0.378178717713545,0.384143827,E,N,285,0,0.533537381966391
F90W,90,F,W,possibly_low,-0.378805416182948,0.455373692,F,W,90,0,0.533254369260806
G36P,36,G,P,possibly_low,-0.379135496325745,0.112438499,G,P,36,0,0.533105307345333
D115A,115,D,A,possibly_low,-0.379457820461923,0.294467498,D,A,115,0,0.532959747988946
D22V,22,D,V,possibly_low,-0.380114187462654,0.089095064,D,V,22,0,0.532663337179277
D24R,24,D,R,possibly_low,-0.381103559691149,0.158274686,D,R,24,0,0.532216543505943
G44A,44,G,A,possibly_low,-0.382125039554156,0.198837208,G,A,44,0,0.531755250246354
E285L,285,E,L,possibly_low,-0.382856515696709,0.474977883,E,L,285,0,0.531424920666369
L194T,194,L,T,possibly_low,-0.382881342798674,0.209394355,L,T,194,0,0.531413708918388
Y336S,336,Y,S,possibly_low,-0.382956518927175,0.101325476,Y,S,336,0,0.53137975989735
D77L,77,D,L,possibly_low,-0.38334930648199,0.092487292,D,L,77,0,0.531202379747189
K237V,237,K,V,possibly_low,-0.383453130580068,0.304666554,K,V,237,0,0.531155493500714
L23G,23,L,G,possibly_low,-0.383500071166779,0.128582427,L,G,23,0,0.531134295455569
T232N,232,T,N,possibly_low,-0.383500811960637,0.182063153,T,N,232,0,0.531133960918173
D236T,236,D,T,possibly_low,-0.383757645453971,0.128648383,D,T,236,0,0.531017976684315
F81I,81,F,I,possibly_low,-0.383893212043488,0.172349431,F,I,81,0,0.530956755747678
Y377G,377,Y,G,possibly_low,-0.383937134289265,0.239954995,Y,G,377,0,0.530936920764477
C218G,218,C,G,possibly_low,-0.384011947901623,0.11612093,C,G,218,0,0.530903135453227
V54E,54,V,E,possibly_low,-0.384013097182874,0.100479591,V,E,54,0,0.530902616445743
Q171A,171,Q,A,possibly_low,-0.384500267654469,0.170031179,Q,A,171,0,0.530682613621452
E201I,201,E,I,possibly_low,-0.384552131105329,0.613994114,E,I,201,0,0.530659192444817
K260P,260,K,P,possibly_low,-0.384860535146987,0.318231555,K,P,260,0,0.530519919307089
H196C,196,H,C,possibly_low,-0.385144213223432,0.093825615,H,C,196,0,0.530391812244682
Y379G,379,Y,G,possibly_low,-0.385439053119392,0.177544907,Y,G,379,0,0.530258664581581
G36R,36,G,R,possibly_low,-0.385591525307754,0.145831427,G,R,36,0,0.530189809193126
T26D,26,T,D,possibly_low,-0.385882965958138,0.08057111,T,D,26,0,0.530058196605878
D331R,331,D,R,possibly_low,-0.385982581716639,0.282985887,D,R,331,0,0.530013210816525
Q245L,245,Q,L,possibly_low,-0.386896082994025,0.204565115,Q,L,245,0,0.529600679941326
E235Q,235,E,Q,possibly_low,-0.387264076283484,0.509378306,E,Q,235,0,0.52943449671036
E390Y,390,E,Y,possibly_low,-0.387975916134937,0.464923432,E,Y,390,0,0.529113034743977
D162F,162,D,F,possibly_low,-0.38828906046921,0.249390452,D,F,162,0,0.528971620922805
C124H,124,C,H,possibly_low,-0.388743169731221,0.163444442,C,H,124,0,0.528766548312694
K330A,330,K,A,possibly_low,-0.389960460850223,0.14715305,K,A,330,0,0.528216828040675
F56M,56,F,M,possibly_low,-0.390260666247799,0.100365038,F,M,56,0,0.528081257354058
G143K,143,G,K,possibly_low,-0.390484982305764,0.354973112,G,K,143,0,0.527979957769696
T2E,2,T,E,possibly_low,-0.390549047839857,0.529072895,T,E,2,0,0.527951026216447
R189I,189,R,I,possibly_low,-0.390647916237177,0.460651082,R,I,189,0,0.527906377930248
D19Q,19,D,Q,possibly_low,-0.391784056278635,0.229876145,D,Q,19,0,0.527393304925038
Y76P,76,Y,P,possibly_low,-0.392634481060538,0.363202531,Y,P,76,0,0.527009258960074
C83L,83,C,L,possibly_low,-0.393188307217799,0.438171627,C,L,83,0,0.526759154887952
T348R,348,T,R,low,-0.393369648037739,0.021901543,T,R,348,0,0.526677262624623
R14I,14,R,I,possibly_low,-0.393375603284819,0.34851509,R,I,14,0,0.526674573276124
K62V,62,K,V,possibly_low,-0.393765241152273,0.146336348,K,V,62,0,0.526498615503047
G129T,129,G,T,possibly_low,-0.394497041720505,0.135026076,G,T,129,0,0.526168139414664
K164M,164,K,M,possibly_low,-0.395162183976142,0.173614371,K,M,164,0,0.525867765760414
A72C,72,A,C,possibly_low,-0.395398667967268,0.413602532,A,C,72,0,0.525760971221376
C211D,211,C,D,possibly_low,-0.395487291343145,0.184589439,C,D,211,0,0.525720949516186
L186S,186,L,S,possibly_low,-0.395648411380377,0.260246656,L,S,186,0,0.525648188818838
K342V,342,K,V,possibly_low,-0.395820368811446,0.173200441,K,V,342,0,0.525570534029193
K332N,332,K,N,possibly_low,-0.397403122174225,0.141107092,K,N,332,0,0.524855773528978
K163S,163,K,S,possibly_low,-0.397829588266839,0.275773724,K,S,163,0,0.524663184383474
P354E,354,P,E,possibly_low,-0.398353202118557,0.305500118,P,E,354,0,0.52442672398012
D51W,51,D,W,possibly_low,-0.398830386321173,0.088320001,D,W,51,0,0.524211230886011
R55M,55,R,M,possibly_low,-0.399199767942383,0.18873233,R,M,55,0,0.524044420694003
G230C,230,G,C,possibly_low,-0.39938402727997,0.432879688,G,C,230,0,0.523961210448237
A72Q,72,A,Q,possibly_low,-0.399699904933425,0.370441734,A,Q,72,0,0.523818562278978
N334F,334,N,F,possibly_low,-0.40000589088733,0.230956364,N,F,334,0,0.523680381132998
D77C,77,D,C,possibly_low,-0.40001085972273,0.319803513,D,C,77,0,0.523678137241208
E307P,307,E,P,possibly_low,-0.400195411962853,0.220098828,E,P,307,0,0.523594794722678
Q245M,245,Q,M,possibly_low,-0.400300915981755,0.308854805,Q,M,245,0,0.523547149835548
K60A,60,K,A,possibly_low,-0.400383488227659,0.153062046,K,A,60,0,0.523509860778911
I168Y,168,I,Y,low,-0.400600169117721,0.047894606,I,Y,168,0,0.523412009183704
G44V,44,G,V,possibly_low,-0.401307459128883,0.159282434,G,V,44,0,0.52309260189381
E40F,40,E,F,possibly_low,-0.401331268296024,0.167926202,E,F,40,0,0.523081849838174
R74L,74,R,L,possibly_low,-0.402957214931901,0.687516822,R,L,74,0,0.522347583553791
K60M,60,K,M,possibly_low,-0.403028148570753,0.048426748,K,M,60,0,0.522315550411812
I303K,303,I,K,possibly_low,-0.404205565540912,0.442668425,I,K,303,0,0.521783837030345
K322T,322,K,T,possibly_low,-0.404352443684874,0.072482348,K,T,322,0,0.521717507873751
E73V,73,E,V,possibly_low,-0.405610464017971,0.179867319,E,V,73,0,0.521149394569613
D236M,236,D,M,possibly_low,-0.405803104571177,0.100932323,D,M,236,0,0.52106239942469
A333P,333,A,P,possibly_low,-0.405864761211766,0.217638087,A,P,333,0,0.52103455571113
K254L,254,K,L,possibly_low,-0.405954456374502,0.117671667,K,L,254,0,0.520994049994389
Q149S,149,Q,S,possibly_low,-0.40613793814123,0.824750979,Q,S,149,0,0.52091119089426
H61L,61,H,L,low,-0.406307114968403,0.049346842,H,L,61,0,0.520834791806153
D109V,109,D,V,possibly_low,-0.40631251199316,0.197705916,D,V,109,0,0.520832354547003
L98H,98,L,H,possibly_low,-0.407921731661334,0.578498131,L,H,98,0,0.520105642045846
N329Y,329,N,Y,possibly_low,-0.408242012047081,0.102865847,N,Y,329,0,0.519961005633055
A72E,72,A,E,possibly_low,-0.408319004696692,0.476563959,A,E,72,0,0.519926236283614
D109M,109,D,M,possibly_low,-0.409007501660826,0.143356495,D,M,109,0,0.519615315804117
S287K,287,S,K,possibly_low,-0.409358309583546,0.078363721,S,K,287,0,0.519456893366219
E299V,299,E,V,possibly_low,-0.409636338450089,0.335060617,E,V,299,0,0.519331337448034
G129D,129,G,D,possibly_low,-0.409656145491546,0.451920061,G,D,129,0,0.519322392724749
N372V,372,N,V,possibly_low,-0.41016831644239,0.205233774,N,V,372,0,0.519091099856492
F90H,90,F,H,possibly_low,-0.411018692626115,0.143672728,F,H,90,0,0.51870707583813
S207R,207,S,R,possibly_low,-0.411123881413588,0.205910631,S,R,207,0,0.518659573307338
Q396C,396,Q,C,possibly_low,-0.411871004856199,0.449313236,Q,C,396,0,0.518322177514588
D77V,77,D,V,possibly_low,-0.41230399492593,0.113073274,D,V,77,0,0.518126642186022
S385Q,385,S,Q,possibly_low,-0.412516977100558,0.121177151,S,Q,385,0,0.51803046090519
I203A,203,I,A,possibly_low,-0.412627938563575,0.186577217,I,A,203,0,0.517980351473945
D22F,22,D,F,possibly_low,-0.412651062102358,0.134565349,D,F,22,0,0.517969909043345
S385H,385,S,H,possibly_low,-0.412862804366699,0.16991637,S,H,385,0,0.517874287697445
R142E,142,R,E,possibly_low,-0.412934059804301,0.157852262,R,E,142,0,0.51784210923337
N334M,334,N,M,possibly_low,-0.413240609234386,0.191180744,N,M,334,0,0.517703673625435
Q17Y,17,Q,Y,possibly_low,-0.413680794461484,0.32636499,Q,Y,17,0,0.517504889013437
V369W,369,V,W,possibly_low,-0.413970260975043,0.692189213,V,W,369,0,0.51737416793276
Y65F,65,Y,F,possibly_low,-0.414074406871872,0.300039756,Y,F,65,0,0.517327136364189
Y379D,379,Y,D,possibly_low,-0.414174243292373,0.122200025,Y,D,379,0,0.5172820509254
V85L,85,V,L,possibly_low,-0.41434979042134,0.385655083,V,L,85,0,0.517202775052947
D187H,187,D,H,possibly_low,-0.415295602920201,0.186228498,D,H,187,0,0.516775652653025
I5W,5,I,W,possibly_low,-0.415455580243503,0.577559121,I,W,5,0,0.516703407997404
D24Y,24,D,Y,possibly_low,-0.41614109433024,0.248179127,D,Y,24,0,0.516393834564763
L194K,194,L,K,possibly_low,-0.416558519848163,0.30062838,L,K,194,0,0.516205328080424
Y379R,379,Y,R,possibly_low,-0.417728079674954,0.113550275,Y,R,379,0,0.5156771629307
F206S,206,F,S,possibly_low,-0.418082933067679,0.097932708,F,S,206,0,0.515516913586455
Y379L,379,Y,L,possibly_low,-0.418334817427578,0.241206961,Y,L,379,0,0.515403164347115
L140M,140,L,M,possibly_low,-0.418470971135631,0.774722856,L,M,140,0,0.515341678271797
G209F,209,G,F,possibly_low,-0.419027559508289,0.374403439,G,F,209,0,0.515090326802257
T319D,319,T,D,possibly_low,-0.419072457658032,0.139576636,T,D,319,0,0.515070051107557
E299R,299,E,R,possibly_low,-0.419166661943668,0.346812319,E,R,299,0,0.515027509102019
K313F,313,K,F,possibly_low,-0.419293599072815,0.280456541,K,F,313,0,0.514970185170156
I168G,168,I,G,possibly_low,-0.419511886329701,0.105857632,I,G,168,0,0.514871608150772
G44M,44,G,M,possibly_low,-0.419898884133936,0.203115706,G,M,44,0,0.514696842612033
D236R,236,D,R,possibly_low,-0.420801387774843,0.231993202,D,R,236,0,0.514289278193602
I203P,203,I,P,possibly_low,-0.420805175805848,0.22403575,I,P,203,0,0.514287567544932
H196R,196,H,R,possibly_low,-0.420965086142472,0.122149224,H,R,196,0,0.514215353140033
V54R,54,V,R,possibly_low,-0.421486532778115,0.220475539,V,R,54,0,0.513979871436507
S338F,338,S,F,low,-0.421986944283193,0.01469733,S,F,338,0,0.513753889052837
G208I,208,G,I,possibly_low,-0.422794652579534,0.4939927,G,I,208,0,0.513389133558079
E201G,201,E,G,possibly_low,-0.422931845237839,0.169079706,E,G,201,0,0.513327178299994
E73H,73,E,H,possibly_low,-0.42344404245797,0.289219127,E,H,73,0,0.513095873568708
I122M,122,I,M,possibly_low,-0.424039117961183,0.282854234,I,M,122,0,0.512827141576508
D92W,92,D,W,possibly_low,-0.424291514572154,0.338197036,D,W,92,0,0.512713161008118
Q149P,149,Q,P,possibly_low,-0.424500983229813,0.194028525,Q,P,149,0,0.512618566407311
Q171I,171,Q,I,possibly_low,-0.424876494788853,0.178007265,Q,I,171,0,0.512448987977666
R378P,378,R,P,low,-0.425094887122882,0.091607776,R,P,378,0,0.512350363506169
V133S,133,V,S,possibly_low,-0.425174573687747,0.104437441,V,S,133,0,0.512314377603184
D92G,92,D,G,possibly_low,-0.425300194725678,0.206794482,D,G,92,0,0.512257648009034
Y225A,225,Y,A,possibly_low,-0.425484641888658,0.161943739,Y,A,225,0,0.512174352942617
N329M,329,N,M,possibly_low,-0.426576675799337,0.215959683,N,M,329,0,0.511681197961807
D52P,52,D,P,possibly_low,-0.426637610034568,0.170342488,D,P,52,0,0.511653680481524
R189L,189,R,L,low,-0.426663152974569,0.045538594,R,L,189,0,0.511642145466024
F206R,206,F,R,possibly_low,-0.426742172299575,0.114488378,F,R,206,0,0.511606460883955
I50S,50,I,S,possibly_low,-0.426847122036548,0.155513506,I,S,50,0,0.51155906630672
K269T,269,K,T,possibly_low,-0.427089060844861,0.176482315,K,T,269,0,0.511449808409869
P103R,103,P,R,possibly_low,-0.427115911995292,0.509238269,P,R,103,0,0.511437682615564
N31T,31,N,T,possibly_low,-0.427315823886794,0.31105788,N,T,31,0,0.511347403784427
F279Y,279,F,Y,possibly_low,-0.4274937050418,0.202177637,F,Y,279,0,0.511267073881916
L194E,194,L,E,possibly_low,-0.429949068911764,0.117778951,L,E,194,0,0.510158248496246
D115K,115,D,K,possibly_low,-0.429994981055937,0.320808652,D,K,115,0,0.510137514888656
F154A,154,F,A,possibly_low,-0.430232722032387,0.266697695,F,A,154,0,0.510030152703717
T319R,319,T,R,possibly_low,-0.430347788071303,0.288500503,T,R,319,0,0.50997818967431
C211S,211,C,S,possibly_low,-0.430986393094472,0.203090213,C,S,211,0,0.50968980005118
S385P,385,S,P,low,-0.431358710308365,0.101124104,S,P,385,0,0.509521664165767
P95C,95,P,C,possibly_low,-0.431371871220527,0.200311589,P,C,95,0,0.509515720788624
Y377A,377,Y,A,possibly_low,-0.43146439295841,0.144815972,Y,A,377,0,0.509473938610045
Y379A,379,Y,A,possibly_low,-0.431971186586461,0.205084985,Y,A,379,0,0.509245074103666
L140V,140,L,V,possibly_low,-0.432443960175999,0.163006709,L,V,140,0,0.509031572811997
E256C,256,E,C,possibly_low,-0.432801603366871,0.251294932,E,C,256,0,0.508870063614154
N63T,63,N,T,possibly_low,-0.432877911701588,0.154744042,N,T,63,0,0.508835603296599
S226K,226,S,K,possibly_low,-0.432995468068793,0.515122125,S,K,226,0,0.508782515652116
P231N,231,P,N,possibly_low,-0.433299971121518,0.287047655,P,N,231,0,0.50864500417408
L25T,25,L,T,low,-0.433311638624784,0.086789347,L,T,25,0,0.508639735210092
D77G,77,D,G,possibly_low,-0.433321251869905,0.136739259,D,G,77,0,0.508635393934911
V54G,54,V,G,low,-0.433394016477974,0.10161425,V,G,54,0,0.508602533939864
V54Y,54,V,Y,possibly_low,-0.433662422905146,0.250722087,V,Y,54,0,0.50848132344892
D19K,19,D,K,possibly_low,-0.433737123559575,0.311276843,D,K,19,0,0.508447589148692
T319N,319,T,N,possibly_low,-0.434048691736703,0.179314323,T,N,319,0,0.508306887109213
T319H,319,T,H,possibly_low,-0.435857476541807,0.314131081,T,H,319,0,0.507490052368893
A333K,333,A,K,possibly_low,-0.436292737591291,0.575850025,A,K,333,0,0.507293491481537
T167R,167,T,R,possibly_low,-0.436639817902362,0.140251703,T,R,167,0,0.507136752407345
M205G,205,M,G,low,-0.438317662139171,0.109020325,M,G,205,0,0.506379049524391
K163W,163,K,W,possibly_low,-0.438553061208795,0.224350431,K,W,163,0,0.506272744928418
F257C,257,F,C,low,-0.439144305336682,0.097555459,F,C,257,0,0.506005743158884
V158G,158,V,G,possibly_low,-0.4400296879706,0.142171992,V,G,158,0,0.505605910469103
T202M,202,T,M,possibly_low,-0.440323306344772,0.093751646,T,M,202,0,0.505473314436815
E114N,114,E,N,possibly_low,-0.440987065522514,0.303898578,E,N,114,0,0.505173565371002
L186W,186,L,W,possibly_low,-0.441056394108007,0.188138911,L,W,186,0,0.505142257060047
D24S,24,D,S,possibly_low,-0.441280657627401,0.327417697,D,S,24,0,0.505040981201741
I224D,224,I,D,possibly_low,-0.441354314077721,0.171716337,I,D,224,0,0.505007718456886
T210K,210,T,K,possibly_low,-0.441403773888935,0.234602372,T,K,210,0,0.504985382747334
H272V,272,H,V,possibly_low,-0.441922861542719,0.126600781,H,V,272,0,0.504750966343743
D51V,51,D,V,possibly_low,-0.442155996199911,0.197341024,D,V,51,0,0.504645684340804
E73A,73,E,A,possibly_low,-0.442173268255293,0.166780929,E,A,73,0,0.504637884399743
A86N,86,A,N,possibly_low,-0.442243127480358,0.177857239,A,N,86,0,0.504606336455618
P38L,38,P,L,possibly_low,-0.44232086486422,0.128315661,P,L,38,0,0.504571230789327
A72L,72,A,L,possibly_low,-0.442481116701558,0.264857636,A,L,72,0,0.504498862165061
Y346H,346,Y,H,possibly_low,-0.442756766884276,0.390537991,Y,H,346,0,0.504374380444083
P231R,231,P,R,possibly_low,-0.442813701620751,0.214824427,P,R,231,0,0.504348669109847
D386L,386,D,L,possibly_low,-0.442830806866169,0.54196214,D,L,386,0,0.504340944499015
Y377E,377,Y,E,possibly_low,-0.442861109800748,0.255498856,Y,E,377,0,0.5043272599028
D77W,77,D,W,possibly_low,-0.44301907752369,0.155741673,D,W,77,0,0.504255922768839
M134W,134,M,W,possibly_low,-0.443470879028947,0.11518833,M,W,134,0,0.504051892325758
Y76Q,76,Y,Q,possibly_low,-0.443482144612142,0.341348599,Y,Q,76,0,0.504046804866101
K322V,322,K,V,possibly_low,-0.443651655059243,0.421251119,K,V,322,0,0.503970255117536
K62W,62,K,W,possibly_low,-0.443704236975069,0.2317813,K,W,62,0,0.503946509487079
Y315D,315,Y,D,possibly_low,-0.443737534608224,0.124776787,Y,D,315,0,0.503931472505645
G230S,230,G,S,possibly_low,-0.443780283930393,0.299769331,G,S,230,0,0.503912167206654
T26K,26,T,K,possibly_low,-0.443922572830133,0.132415457,T,K,26,0,0.503847910521093
D52G,52,D,G,low,-0.444244244174561,0.073505757,D,G,52,0,0.503702645960957
K147V,147,K,V,possibly_low,-0.44432218908578,0.187990246,K,V,147,0,0.503667446576743
Y346M,346,Y,M,possibly_low,-0.444363444999054,0.13043001,Y,M,346,0,0.503648815690907
K330Y,330,K,Y,possibly_low,-0.444907120704301,0.207360001,K,Y,330,0,0.503403295492893
H64W,64,H,W,possibly_low,-0.445055645932479,0.215028576,H,W,64,0,0.503336222524429
P248G,248,P,G,possibly_low,-0.445171489542253,0.397334035,P,G,248,0,0.503283908349387
D375A,375,D,A,possibly_low,-0.445321832605005,0.48578003,D,A,375,0,0.50321601445937
S207Q,207,S,Q,possibly_low,-0.445590457067249,0.849517969,S,Q,207,0,0.503094705505292
D236C,236,D,C,possibly_low,-0.445914931344466,0.177482821,D,C,236,0,0.502948175160044
Y65M,65,Y,M,possibly_low,-0.446025706295554,0.173757457,Y,M,65,0,0.502898149956299
P213W,213,P,W,possibly_low,-0.446117363773936,0.445537565,P,W,213,0,0.502856758071349
Y346W,346,Y,W,low,-0.446290843510115,0.053326235,Y,W,346,0,0.502778415819217
Y377K,377,Y,K,possibly_low,-0.446554458419566,0.227965037,Y,K,377,0,0.502659369144622
K260M,260,K,M,possibly_low,-0.446926623271602,0.434614916,K,M,260,0,0.502491302064773
L186F,186,L,F,possibly_low,-0.447394810243847,0.132095108,L,F,186,0,0.502279872057833
N329W,329,N,W,possibly_low,-0.447531061148258,0.342738046,N,W,329,0,0.50221834208931
D77Q,77,D,Q,possibly_low,-0.4482697022385,0.288149349,D,Q,77,0,0.501884776868376
L139N,139,L,N,possibly_low,-0.448372232574255,0.253698254,L,N,139,0,0.501838474876041
K269N,269,K,N,possibly_low,-0.449002620564841,0.089286173,K,N,269,0,0.501553796008141
N31C,31,N,C,possibly_low,-0.449222779508336,0.529248132,N,C,31,0,0.501454373747996
D52T,52,D,T,possibly_low,-0.449378145258524,0.36081373,D,T,52,0,0.501384211646982
L152F,152,L,F,possibly_low,-0.45003883618369,0.17442381,L,F,152,0,0.501085848182866
P38H,38,P,H,possibly_low,-0.450698007430675,0.244447816,P,H,38,0,0.500788170994934
E388Q,388,E,Q,possibly_low,-0.451285387346627,0.44181287,E,Q,388,0,0.500522914276854
D19C,19,D,C,possibly_low,-0.451919094461468,0.225921812,D,C,19,0,0.500236736515337
I224T,224,I,T,possibly_low,-0.452198656140835,0.337561136,I,T,224,0,0.500110488389454
Y176W,176,Y,W,possibly_low,-0.452815817546045,0.154582844,Y,W,176,0,0.499831782556268
T202R,202,T,R,possibly_low,-0.452911729335255,0.110919484,T,R,202,0,0.499788469453896
N63R,63,N,R,low,-0.452972822499664,0.085799862,N,R,63,0,0.499760880202292
P95A,95,P,A,low,-0.45316333392726,0.091085006,P,A,95,0,0.499674846555807
A126F,126,A,F,possibly_low,-0.453594309142773,0.235945562,A,F,126,0,0.499480221121508
K163F,163,K,F,possibly_low,-0.453663678445659,0.447481255,K,F,163,0,0.499448894422859
E73C,73,E,C,possibly_low,-0.453957836653654,0.167383709,E,C,73,0,0.499316054605341
I224A,224,I,A,possibly_low,-0.454078843491542,0.376990365,I,A,224,0,0.4992614087521
E114M,114,E,M,possibly_low,-0.454193807080244,0.534373506,E,M,114,0,0.499209491988504
H196Q,196,H,Q,possibly_low,-0.455123546716618,0.30207051,H,Q,196,0,0.498789627982404
K144P,144,K,P,possibly_low,-0.458070672929326,0.126024778,K,P,144,0,0.497458726115108
F56V,56,F,V,possibly_low,-0.459171951001661,0.208828375,F,V,56,0,0.496961396534664
D52F,52,D,F,possibly_low,-0.459499957184348,0.211099529,D,F,52,0,0.49681327120527
F273V,273,F,V,low,-0.45950833314611,0.089276719,F,V,273,0,0.496809488678719
L318R,318,L,R,possibly_low,-0.459853293525821,0.137785539,L,R,318,0,0.496653706950905
D375M,375,D,M,possibly_low,-0.459894655829702,0.225320502,D,M,375,0,0.496635028019805
E106R,106,E,R,low,-0.460319832100385,0.12606389,E,R,106,0,0.496443021348987
P96G,96,P,G,possibly_low,-0.460702429799258,0.28101792,P,G,96,0,0.496270242867476
F154I,154,F,I,possibly_low,-0.461008505068734,0.393685848,F,I,154,0,0.496132021387201
N372R,372,N,R,possibly_low,-0.462046190454121,0.263553246,N,R,372,0,0.495663409825496
Y76S,76,Y,S,low,-0.46248026150496,0.079373614,Y,S,76,0,0.49546738633332
K66T,66,K,T,possibly_low,-0.462565882301477,0.216514885,K,T,66,0,0.495428720572257
D236L,236,D,L,low,-0.462747053684523,0.109790395,D,L,236,0,0.49534690482546
D77F,77,D,F,possibly_low,-0.46276947057952,0.216938901,D,F,77,0,0.495336781510319
F206G,206,F,G,low,-0.463376317349679,0.05415327,F,G,206,0,0.495062733695168
K330I,330,K,I,possibly_low,-0.464056493517551,0.249587756,K,I,330,0,0.494755570829863
Y65L,65,Y,L,low,-0.464355343419982,0.115799429,Y,L,65,0,0.494620612275502
D386I,386,D,I,possibly_low,-0.464363037693778,0.146728581,D,I,386,0,0.494617137594534
M35S,35,M,S,low,-0.46483378460792,0.126335063,M,S,35,0,0.494404551535493
R14K,14,R,K,possibly_low,-0.465299717675449,0.526533617,R,K,14,0,0.494194139376375
D268G,268,D,G,possibly_low,-0.46539910095077,0.233867595,D,G,268,0,0.494149258574823
F206L,206,F,L,possibly_low,-0.466402612622322,0.451138188,F,L,206,0,0.493696079626543
Q149I,149,Q,I,possibly_low,-0.466635727577551,0.27303917,Q,I,149,0,0.493590806520875
V166T,166,V,T,possibly_low,-0.467136149590343,0.228039844,V,T,166,0,0.493364819391994
L57T,57,L,T,possibly_low,-0.468396517084122,0.571658461,L,T,57,0,0.492795646126283
Y178V,178,Y,V,possibly_low,-0.468565491637794,0.283245029,Y,V,178,0,0.492719338383493
M239V,239,M,V,low,-0.468649565173379,0.101182745,M,V,239,0,0.492681371354793
K263W,263,K,W,possibly_low,-0.468856497531498,0.336808622,K,W,263,0,0.492587922129362
Y76E,76,Y,E,possibly_low,-0.468902030084492,0.164407028,Y,E,76,0,0.492567359942531
F347L,347,F,L,possibly_low,-0.468913440148759,0.189472888,F,L,347,0,0.492562207236218
E390M,390,E,M,possibly_low,-0.469252655435676,0.095764829,E,M,390,0,0.492409019952679
H61I,61,H,I,possibly_low,-0.46928448855615,0.22725984,H,I,61,0,0.492394644335069
V343T,343,V,T,possibly_low,-0.470166337971134,0.215202524,V,T,343,0,0.491996407222585
F56W,56,F,W,possibly_low,-0.472337825431546,0.186324048,F,W,56,0,0.491015778465184
Y178A,178,Y,A,possibly_low,-0.472370811773665,0.268937,Y,A,178,0,0.491000882060635
T26R,26,T,R,possibly_low,-0.472506394124753,0.257055666,T,R,26,0,0.490939654006181
V166M,166,V,M,possibly_low,-0.473473412504539,0.207372028,V,M,166,0,0.490502955176719
E73F,73,E,F,possibly_low,-0.473583834133733,0.145165727,E,F,73,0,0.490453089530704
E256L,256,E,L,possibly_low,-0.473653794495548,0.159748418,E,L,256,0,0.490421495913921
E7L,7,E,L,possibly_low,-0.473921185614826,0.234684817,E,L,7,0,0.490300743929017
R172V,172,R,V,possibly_low,-0.473965390255426,0.215247908,R,V,172,0,0.490280781418262
D153G,153,D,G,possibly_low,-0.47429618360933,0.29183637,D,G,153,0,0.490131397421574
D236N,236,D,N,possibly_low,-0.474994522361372,0.374874874,D,N,236,0,0.48981603245855
F154M,154,F,M,possibly_low,-0.475378654186532,0.209838246,F,M,154,0,0.48964256117619
M35T,35,M,T,possibly_low,-0.475938535414159,0.118147421,M,T,35,0,0.489389722676061
F81T,81,F,T,low,-0.476118908210919,0.12584971,F,T,81,0,0.489308267565322
D371L,371,D,L,possibly_low,-0.476706314396158,0.332049236,D,L,371,0,0.489042998984213
E106F,106,E,F,possibly_low,-0.476708505254589,0.192740804,E,F,106,0,0.489042009607659
F238D,238,F,D,possibly_low,-0.477174593310903,0.215653109,F,D,238,0,0.488831527456675
L265R,265,L,R,possibly_low,-0.477415721711751,0.453275368,L,R,265,0,0.488722635534244
R142T,142,R,T,possibly_low,-0.478155044489958,0.326111588,R,T,142,0,0.488388762467727
K332Q,332,K,Q,possibly_low,-0.47821898130455,0.220482028,K,Q,332,0,0.488359889043317
T167V,167,T,V,possibly_low,-0.478264182864544,0.251568976,T,V,167,0,0.488339476330641
A309H,309,A,H,possibly_low,-0.478439958536297,0.67392134,A,H,309,0,0.488260097249843
K254M,254,K,M,possibly_low,-0.47873328006754,0.411289108,K,M,254,0,0.488127635269773
L25C,25,L,C,possibly_low,-0.479070631548633,0.335235503,L,C,25,0,0.487975289668087
S385Y,385,S,Y,possibly_low,-0.479717741253065,0.432696347,S,Y,385,0,0.487683059389567
K66V,66,K,V,low,-0.479803008727688,0.062849863,K,V,66,0,0.487644553186233
D162Y,162,D,Y,possibly_low,-0.482702272301755,0.170696158,D,Y,162,0,0.486335265756374
T321W,321,T,W,possibly_low,-0.482878315920223,0.338025473,T,W,321,0,0.486255765672687
N63L,63,N,L,possibly_low,-0.482950837537399,0.175906698,N,L,63,0,0.486223015410652
K332E,332,K,E,possibly_low,-0.483089949167028,0.358360792,K,E,332,0,0.486160193558354
D115Q,115,D,Q,possibly_low,-0.484194522721261,0.167767073,D,Q,115,0,0.485661375761018
L325V,325,L,V,possibly_low,-0.484199308985125,0.176838451,L,V,325,0,0.485659214317275
I280T,280,I,T,possibly_low,-0.484596239206303,0.145655558,I,T,280,0,0.485479963367562
D116T,116,D,T,possibly_low,-0.485000470975457,0.817576632,D,T,116,0,0.485297415089152
Y315G,315,Y,G,low,-0.485298535426243,0.132994037,Y,G,315,0,0.485162811239335
F90E,90,F,E,possibly_low,-0.485500066819212,0.226336319,F,E,90,0,0.485071801052508
K60I,60,K,I,possibly_low,-0.485583756823225,0.156892728,K,I,60,0,0.485034007224021
S227L,227,S,L,possibly_low,-0.486937685005139,0.325619683,S,L,227,0,0.484422582596964
K197E,197,K,E,low,-0.486941944569824,0.150611638,K,E,197,0,0.484420659006936
C250G,250,C,G,possibly_low,-0.487014037997642,0.16747184,C,G,250,0,0.484388102112261
T232G,232,T,G,possibly_low,-0.487248509761479,0.245473197,T,G,232,0,0.484282216281185
K60V,60,K,V,possibly_low,-0.487392180425651,0.172477301,K,V,60,0,0.484217335600338
K144N,144,K,N,possibly_low,-0.487928060720351,0.121772765,K,N,144,0,0.483975335755951
D115T,115,D,T,possibly_low,-0.488680876717185,0.192839895,D,T,115,0,0.483635369244983
Q171E,171,Q,E,possibly_low,-0.489366719169994,0.352758701,Q,E,171,0,0.483325647524489
F154T,154,F,T,possibly_low,-0.48998324223156,0.231101802,F,T,154,0,0.483047229962889
R189G,189,R,G,low,-0.490224001548942,0.085431075,R,G,189,0,0.482938504716006
D375G,375,D,G,low,-0.491943990914347,0.123366895,D,G,375,0,0.48216176938371
F273M,273,F,M,low,-0.49211933445635,0.092753478,F,M,273,0,0.482082585449726
N31G,31,N,G,low,-0.493071976969507,0.168984355,N,G,31,0,0.481652378662463
K66Q,66,K,Q,low,-0.49312042541322,0.136158254,K,Q,66,0,0.481630499679498
E7C,7,E,C,possibly_low,-0.493505128595345,0.141641441,E,C,7,0,0.481456770376274
A120G,120,A,G,possibly_low,-0.494264884937475,0.212489718,A,G,120,0,0.481113669653248
L23H,23,L,H,possibly_low,-0.494278621146994,0.248271722,L,H,23,0,0.481107466475786
L186Y,186,L,Y,possibly_low,-0.494365045783654,0.165916793,L,Y,186,0,0.48106843770606
A333Q,333,A,Q,possibly_low,-0.495144152081669,0.528492393,A,Q,333,0,0.480716598676439
T286I,286,T,I,possibly_low,-0.495494689430745,0.425892347,T,I,286,0,0.480558298427732
Y377I,377,Y,I,low,-0.49695164312445,0.105312523,Y,I,377,0,0.479900348190258
L139E,139,L,E,low,-0.49698220349803,0.061211112,L,E,139,0,0.479886547336367
D386P,386,D,P,possibly_low,-0.497164173467363,0.144871385,D,P,386,0,0.479804370953512
K60C,60,K,C,low,-0.497296747985233,0.110582928,K,C,60,0,0.47974450121579
K269D,269,K,D,possibly_low,-0.497552541214851,0.201731069,K,D,269,0,0.47962898675785
F145V,145,F,V,possibly_low,-0.498855945679478,0.169080326,F,V,145,0,0.479040378292989
Y377R,377,Y,R,low,-0.498947130310716,0.126575483,Y,R,377,0,0.478999199942547
E73Y,73,E,Y,possibly_low,-0.498975359285185,0.349226052,E,Y,73,0,0.478986451932411
D52I,52,D,I,possibly_low,-0.499082381668804,0.266320736,D,I,52,0,0.478938121362248
E388L,388,E,L,low,-0.499457332378594,0.155350331,E,L,388,0,0.478768796208255
N334K,334,N,K,low,-0.499739657586821,0.125182543,N,K,334,0,0.478641300091804
R14S,14,R,S,possibly_low,-0.500411780905147,0.436844526,R,S,14,0,0.478337773837802
D187W,187,D,W,low,-0.50057711978967,0.105752353,D,W,187,0,0.47826310793812
L23R,23,L,R,low,-0.501409938896262,0.127674733,L,R,23,0,0.477887012574676
F257V,257,F,V,possibly_low,-0.501846164028533,0.190830564,F,V,257,0,0.477690016314184
Y377S,377,Y,S,low,-0.501848106642214,0.094835509,Y,S,377,0,0.477689139043247
T167G,167,T,G,possibly_low,-0.50198998968149,0.245110848,T,G,167,0,0.477625065641472
C124M,124,C,M,possibly_low,-0.502312363729312,0.212915699,C,M,124,0,0.47747948374533
F37V,37,F,V,possibly_low,-0.502352597767369,0.302627962,F,V,37,0,0.477461314331293
P244L,244,P,L,possibly_low,-0.50249383589568,0.228241354,P,L,244,0,0.47739753216686
C211G,211,C,G,possibly_low,-0.503225704764055,0.234404521,C,G,211,0,0.477067025234603
C83G,83,C,G,possibly_low,-0.503737669501007,0.297372507,C,G,83,0,0.476835825491117
T366K,366,T,K,possibly_low,-0.503959415109362,0.483374833,T,K,366,0,0.476735686704067
F273I,273,F,I,possibly_low,-0.504469213943703,0.193431724,F,I,273,0,0.476505465067259
K269C,269,K,C,low,-0.504516812576021,0.108449384,K,C,269,0,0.476483969853257
K330S,330,K,S,possibly_low,-0.505379560279871,0.870111244,K,S,330,0,0.47609435894175
Q245I,245,Q,I,possibly_low,-0.505398195711183,0.246734414,Q,I,245,0,0.476085943309524
V85P,85,V,P,possibly_low,-0.505505028955944,0.605261692,V,P,85,0,0.476037698153165
L112I,112,L,I,low,-0.505606519027983,0.09016116,L,I,112,0,0.475991865936748
D58A,58,D,A,low,-0.5060546993122,0.090131696,D,A,58,0,0.475789470812109
K322A,322,K,A,possibly_low,-0.50609732648219,0.547847255,K,A,322,0,0.475770220676199
H141K,141,H,K,possibly_low,-0.506500708439949,0.406834218,H,K,141,0,0.475588056166752
L112F,112,L,F,possibly_low,-0.506763578615149,0.172655385,L,F,112,0,0.475469345809008
M239C,239,M,C,low,-0.506819628076694,0.045807985,M,C,239,0,0.475444034258824
L220Y,220,L,Y,possibly_low,-0.50735385603332,0.686514265,L,Y,220,0,0.475202780598913
T232C,232,T,C,possibly_low,-0.507745852882635,0.201417642,T,C,232,0,0.475025757525901
I203L,203,I,L,possibly_low,-0.508070807887781,0.394741701,I,L,203,0,0.474879010087237
A126L,126,A,L,possibly_low,-0.508425392020328,0.167195473,A,L,126,0,0.47471888233903
R172M,172,R,M,possibly_low,-0.508468750789926,0.310381544,R,M,172,0,0.474699301817785
L320V,320,L,V,possibly_low,-0.509131778368059,0.352890512,L,V,320,0,0.474399883137308
E106A,106,E,A,possibly_low,-0.509444427526295,0.202809827,E,A,106,0,0.474258692934218
D58G,58,D,G,low,-0.509909562007536,0.066764712,D,G,58,0,0.474048641411159
F37L,37,F,L,possibly_low,-0.510031054827211,0.459166409,F,L,37,0,0.473993776091896
L320Y,320,L,Y,possibly_low,-0.510624249449565,0.187807064,L,Y,320,0,0.473725893492516
H196V,196,H,V,possibly_low,-0.511064705250306,0.180827367,H,V,196,0,0.473526986691328
L186G,186,L,G,low,-0.511625670085971,0.128224389,L,G,186,0,0.473273658841284
E73R,73,E,R,low,-0.512194489438076,0.125337936,E,R,73,0,0.473016783945799
E7F,7,E,F,low,-0.512904690086098,0.122758294,E,F,7,0,0.472696062232378
N184R,184,N,R,possibly_low,-0.513400889311206,0.495445659,N,R,184,0,0.472471982085285
H259V,259,H,V,low,-0.513843036853949,0.086370693,H,V,259,0,0.472272311305079
V85N,85,V,N,possibly_low,-0.514427323561505,0.172455193,V,N,85,0,0.472008451458572
Y379K,379,Y,K,low,-0.514772865805895,0.112514431,Y,K,379,0,0.471852406964683
T232R,232,T,R,low,-0.515020514243466,0.142023829,T,R,232,0,0.471740570638646
E7M,7,E,M,possibly_low,-0.515249891079332,0.539919883,E,M,7,0,0.471636985641895
F279I,279,F,I,possibly_low,-0.515568260374541,0.214101078,F,I,279,0,0.471493212264407
R308H,308,R,H,possibly_low,-0.515572625016368,0.418741322,R,H,308,0,0.471491241222267
Q298L,298,Q,L,possibly_low,-0.515831456288884,0.369707377,Q,L,298,0,0.471374354805112
E394C,394,E,C,possibly_low,-0.516955947215574,0.220171439,E,C,394,0,0.470866542459772
F90Y,90,F,Y,possibly_low,-0.518151584562332,0.271907056,F,Y,90,0,0.470326600881924
F273A,273,F,A,low,-0.518966715245362,0.064563117,F,A,273,0,0.469958493488539
L318D,318,L,D,possibly_low,-0.518985256107246,0.746375472,L,D,318,0,0.469950120563214
T383P,383,T,P,low,-0.51907442982466,0.148241381,T,P,383,0,0.469909850327583
V53Q,53,V,Q,low,-0.519175286806913,0.154658937,V,Q,53,0,0.469864304010146
I224H,224,I,H,possibly_low,-0.519452473742847,0.242271918,I,H,224,0,0.469739128302016
R55L,55,R,L,possibly_low,-0.519701255700098,0.246657629,R,L,55,0,0.469626780086311
V54N,54,V,N,low,-0.520722822251748,0.114529223,V,N,54,0,0.469165447678729
A333R,333,A,R,low,-0.520823747534143,0.147310568,A,R,333,0,0.469119870517419
V133Q,133,V,Q,low,-0.520943536790637,0.05798673,V,Q,133,0,0.469065774515537
E7V,7,E,V,low,-0.521126690191294,0.15494415,E,V,7,0,0.46898306370326
F341M,341,F,M,low,-0.521573584593973,0.075199443,F,M,341,0,0.468781249273853
N329C,329,N,C,possibly_low,-0.522185236016496,0.384100083,N,C,329,0,0.468505031710838
M134I,134,M,I,possibly_low,-0.522210941826069,0.244989151,M,I,134,0,0.468493423144563
Y138V,138,Y,V,possibly_low,-0.52232654244495,0.300553386,Y,V,138,0,0.468441218702532
K269A,269,K,A,low,-0.522653430869528,0.170758582,K,A,269,0,0.46829359814499
I168W,168,I,W,low,-0.522949314969597,0.085029784,I,W,168,0,0.468159978926516
Y65H,65,Y,H,low,-0.522964061233153,0.010581264,Y,H,65,0,0.468153319615619
E388W,388,E,W,possibly_low,-0.523775326390786,0.237293358,E,W,388,0,0.467786957866839
L325Y,325,L,Y,possibly_low,-0.523837040823803,0.392210545,L,Y,325,0,0.467759088054617
E40R,40,E,R,low,-0.524391458039994,0.160755188,E,R,40,0,0.46750871706436
Y65T,65,Y,T,possibly_low,-0.524598939426186,0.254182115,Y,T,65,0,0.467415019901638
T398H,398,T,H,possibly_low,-0.525245990024725,0.791741266,T,H,398,0,0.467122816314932
D107S,107,D,S,possibly_low,-0.525303138855878,0.285001419,D,S,107,0,0.467097008297017
K269L,269,K,L,possibly_low,-0.525309182105066,0.259730543,K,L,269,0,0.467094279207372
F337V,337,F,V,possibly_low,-0.525470550387048,0.521557485,F,V,337,0,0.467021406404407
M134G,134,M,G,low,-0.525722136590553,0.067188617,M,G,134,0,0.466907791810438
N334Q,334,N,Q,low,-0.526433500967934,0.097859145,N,Q,334,0,0.466586544564867
I224E,224,I,E,low,-0.526603832330215,0.109798838,I,E,224,0,0.466509624096669
L25A,25,L,A,possibly_low,-0.526685808263333,0.175337859,L,A,25,0,0.466472604330773
C71T,71,C,T,possibly_low,-0.526723886906495,0.183589046,C,T,71,0,0.466455408278202
V166W,166,V,W,possibly_low,-0.526877007946216,0.200542899,V,W,166,0,0.466386259872949
N212G,212,N,G,low,-0.527726605245618,0.147716758,N,G,212,0,0.466002587593375
K269V,269,K,V,low,-0.52844878074755,0.182971249,K,V,269,0,0.465676458118535
G44I,44,G,I,possibly_low,-0.528584648120389,0.224121744,G,I,44,0,0.465615101350224
V133Y,133,V,Y,low,-0.528769512965012,0.036213405,V,Y,133,0,0.465531617661658
Y76R,76,Y,R,low,-0.528780213758563,0.103590946,Y,R,76,0,0.465526785257109
N334T,334,N,T,possibly_low,-0.528884525151892,0.240962716,N,T,334,0,0.46547967895146
L23Q,23,L,Q,possibly_low,-0.529098618517308,0.208567722,L,Q,23,0,0.465382995864533
G36V,36,G,V,low,-0.529347661853952,0.167060193,G,V,36,0,0.465270529611697
K197P,197,K,P,low,-0.529473810904526,0.05013867,K,P,197,0,0.465213561570681
K13W,13,K,W,possibly_low,-0.529903121960787,0.282939742,K,W,13,0,0.465019687659219
I50R,50,I,R,low,-0.5304330509488,0.105003322,I,R,50,0,0.464780375383878
K164L,164,K,L,possibly_low,-0.530435170880161,0.277224042,K,L,164,0,0.4647794180375
Y377L,377,Y,L,low,-0.530508111492444,0.127096807,Y,L,377,0,0.464746478560164
N329G,329,N,G,low,-0.531189509182104,0.129753342,N,G,329,0,0.464438764064046
S385M,385,S,M,low,-0.531880282379848,0.055325563,S,M,385,0,0.464126815653153
L186H,186,L,H,low,-0.532417325090443,0.174506957,L,H,186,0,0.463884290869767
L318W,318,L,W,low,-0.532451770691386,0.128937337,L,W,318,0,0.463868735473999
K330G,330,K,G,low,-0.532884241942722,0.147174557,K,G,330,0,0.463673434440242
D236F,236,D,F,possibly_low,-0.533013870360195,0.209739703,D,F,236,0,0.463614895141136
K330V,330,K,V,low,-0.533203638367004,0.137073858,K,V,330,0,0.463529197218351
L186R,186,L,R,low,-0.53375252458508,0.116348832,L,R,186,0,0.463281323988687
D162V,162,D,V,possibly_low,-0.533884002360269,0.346993533,D,V,162,0,0.463221949532394
F206P,206,F,P,low,-0.533935194630878,0.144896401,F,P,206,0,0.46319883145613
S385A,385,S,A,low,-0.534036717539525,0.198205177,S,A,385,0,0.463152984410928
D162L,162,D,L,low,-0.534902503286271,0.13745442,D,L,162,0,0.462762001540207
E201P,201,E,P,possibly_low,-0.534957859238672,0.228442069,E,P,201,0,0.462737003173968
V54W,54,V,W,possibly_low,-0.535548978587452,0.236534823,V,W,54,0,0.462470057753818
F337I,337,F,I,low,-0.537491837886642,0.101882501,F,I,337,0,0.461592675896864
F81N,81,F,N,low,-0.537970762429439,0.156352378,F,N,81,0,0.461376396877135
D58T,58,D,T,possibly_low,-0.538173252651338,0.233219458,D,T,58,0,0.461284953689777
Q171R,171,Q,R,low,-0.539411263669477,0.151530399,Q,R,171,0,0.460725876454242
Y27K,27,Y,K,low,-0.539950071676075,0.171549426,Y,K,27,0,0.460482554475359
L25Q,25,L,Q,possibly_low,-0.540391065997174,0.223606275,L,Q,25,0,0.460283404482092
Y176F,176,Y,F,possibly_low,-0.540903984309198,0.511522584,Y,F,176,0,0.460051774110682
I203G,203,I,G,low,-0.541260114389211,0.112712225,I,G,203,0,0.459890948223264
E40S,40,E,S,possibly_low,-0.541426010182593,0.215554701,E,S,40,0,0.459816030827383
E388T,388,E,T,possibly_low,-0.542033120959074,0.211710287,E,T,388,0,0.459541863788798
F56I,56,F,I,low,-0.542647936517066,0.220476212,F,I,56,0,0.459264217324034
D375L,375,D,L,possibly_low,-0.542798325551068,0.265845148,D,L,375,0,0.459196302673717
G209M,209,G,M,possibly_low,-0.542862944053626,0.616036815,G,M,209,0,0.459167121403724
Q149W,149,Q,W,possibly_low,-0.543329405133797,0.236810866,Q,W,149,0,0.45895647079774
Y377N,377,Y,N,low,-0.543763495886601,0.100580154,Y,N,377,0,0.458760438408291
D236I,236,D,I,possibly_low,-0.545017613917299,0.214598816,D,I,236,0,0.458194087356997
A148W,148,A,W,possibly_low,-0.54573138587472,0.607568733,A,W,148,0,0.457871752864888
C211M,211,C,M,possibly_low,-0.545778226638145,0.246229874,C,M,211,0,0.45785059989925
V85A,85,V,A,possibly_low,-0.546264630046595,0.244643144,V,A,85,0,0.457630943475384
H259L,259,H,L,low,-0.546364771190811,0.072575276,H,L,259,0,0.457585720425466
M205S,205,M,S,possibly_low,-0.546993460872073,0.42106729,M,S,205,0,0.457301808502342
F271C,271,F,C,possibly_low,-0.54758487969071,0.331328415,F,C,271,0,0.45703472784367
K344G,344,K,G,low,-0.548537446022939,0.034732445,K,G,344,0,0.45660455545919
H196N,196,H,N,low,-0.54864756949574,0.162420516,H,N,196,0,0.456554824458545
M270K,270,M,K,low,-0.548658111360113,0.120462521,M,K,270,0,0.456550063825316
P30Y,30,P,Y,possibly_low,-0.549231487119831,0.358613215,P,Y,30,0,0.456291131287584
Y188K,188,Y,K,possibly_low,-0.54954124534317,0.618055816,Y,K,188,0,0.456151246610751
L23A,23,L,A,low,-0.550733289051636,0.215301549,L,A,23,0,0.455612927895165
N212A,212,N,A,possibly_low,-0.550986448785358,0.528919862,N,A,212,0,0.455498602705805
G127M,127,G,M,low,-0.551292432112334,0.086012581,G,M,127,0,0.455360422746129
D107N,107,D,N,low,-0.551418416979873,0.130342593,D,N,107,0,0.455303528849038
K237W,237,K,W,possibly_low,-0.551718058901268,0.457527391,K,W,237,0,0.455168212624376
F243W,243,F,W,low,-0.55177456676185,0.112867702,F,W,243,0,0.45514269406435
Y65A,65,Y,A,low,-0.551845596283595,0.137248124,Y,A,65,0,0.455110617622317
K163D,163,K,D,possibly_low,-0.552726674695042,0.24983368,K,D,163,0,0.454712728689712
I306S,306,I,S,possibly_low,-0.553074385468971,0.320450932,I,S,306,0,0.454555704902843
S385C,385,S,C,low,-0.553133314044235,0.137384777,S,C,385,0,0.454529093164764
F195Y,195,F,Y,possibly_low,-0.553441878328536,0.631156429,F,Y,195,0,0.454389747662564
L152Y,152,L,Y,low,-0.5535554089277,0.047401736,L,Y,152,0,0.454338478027158
D51R,51,D,R,low,-0.554175022570735,0.179701325,D,R,51,0,0.454058664780286
G129V,129,G,V,low,-0.554711084123506,0.206608628,G,V,129,0,0.453816583081005
L139A,139,L,A,possibly_low,-0.555001808935853,0.279259755,L,A,139,0,0.453685293761276
D384Y,384,D,Y,possibly_low,-0.555059217832936,0.284992024,D,Y,384,0,0.453659368299381
K330Q,330,K,Q,possibly_low,-0.555161712705155,0.167428019,K,Q,330,0,0.453613082322135
V119T,119,V,T,low,-0.555418098307167,0.166383345,V,T,119,0,0.453497300352909
Q149L,149,Q,L,possibly_low,-0.555922418681965,0.239910889,Q,L,149,0,0.453269552750638
Y377P,377,Y,P,possibly_low,-0.556700408535335,0.244490232,Y,P,377,0,0.452918217899717
D77R,77,D,R,low,-0.55674826329319,0.060783399,D,R,77,0,0.452896607021189
S59C,59,S,C,low,-0.557011918920034,0.188632016,S,C,59,0,0.4527775419589
K60P,60,K,P,low,-0.557038102830607,0.091789713,K,P,60,0,0.452765717485512
M270Y,270,M,Y,low,-0.557300272929342,0.112116587,M,Y,270,0,0.452647323277469
N63W,63,N,W,low,-0.558057060842181,0.185345191,N,W,63,0,0.452305563076633
D19H,19,D,H,possibly_low,-0.558421992446385,0.443634473,D,H,19,0,0.452140762481607
Y225K,225,Y,K,low,-0.558695062985243,0.142710203,Y,K,225,0,0.45201744571
P213A,213,P,A,possibly_low,-0.558989419526345,0.289260402,P,A,213,0,0.451884516326618
K289S,289,K,S,possibly_low,-0.560208079275135,0.3165838,K,S,289,0,0.451334177990829
D58Y,58,D,Y,low,-0.560310902513426,0.062722138,D,Y,58,0,0.451287743725729
T26E,26,T,E,possibly_low,-0.562316051542992,0.371804213,T,E,26,0,0.450382232256235
Y379P,379,Y,P,possibly_low,-0.564346028987986,0.387622671,Y,P,379,0,0.449465508445608
K164P,164,K,P,possibly_low,-0.564637393457441,0.299949227,K,P,164,0,0.449333930261142
H61C,61,H,C,possibly_low,-0.564658319570472,0.241020405,H,C,61,0,0.449324480172853
P95S,95,P,S,low,-0.564675960709318,0.104674448,P,S,95,0,0.449316513556245
G208Q,208,G,Q,possibly_low,-0.564737728994372,0.785199522,G,Q,208,0,0.449288619424815
N48L,48,N,L,low,-0.564754540023789,0.091429154,N,L,48,0,0.4492810276799
M35H,35,M,H,low,-0.564805149116254,0.133070025,M,H,35,0,0.449258172962862
Y346I,346,Y,I,low,-0.565041771021131,0.079177113,Y,I,346,0,0.449151316142925
N329P,329,N,P,low,-0.565148718537285,0.05542647,N,P,329,0,0.449103019382393
H61W,61,H,W,low,-0.565460813413591,0.169735749,H,W,61,0,0.448962079489199
L320I,320,L,I,possibly_low,-0.565762902318955,0.433151126,L,I,320,0,0.448825658223457
T202L,202,T,L,low,-0.565815539400281,0.185499359,T,L,202,0,0.448801887680641
Q214K,214,Q,K,possibly_low,-0.565928561688765,0.165535209,Q,K,214,0,0.448750847594831
V54P,54,V,P,possibly_low,-0.565972435336364,0.311078955,V,P,54,0,0.448731034558232
F56C,56,F,C,low,-0.566115286398819,0.133738206,F,C,56,0,0.448666524003866
K322I,322,K,I,possibly_low,-0.56665435578481,0.282801422,K,I,322,0,0.448423083987852
Y178L,178,Y,L,low,-0.566705226256669,0.152766939,Y,L,178,0,0.448400111233684
D162I,162,D,I,low,-0.566722063555371,0.092529621,D,I,162,0,0.44839250762574
E43W,43,E,W,possibly_low,-0.567001939152703,0.38082625,E,W,43,0,0.44826611773667
D115G,115,D,G,low,-0.568463878756844,0.214149438,D,G,115,0,0.447605915896438
K80I,80,K,I,possibly_low,-0.568995161926537,0.565066706,K,I,80,0,0.447365992081992
N334I,334,N,I,low,-0.56937786995641,0.11016191,N,I,334,0,0.447193163775762
P30C,30,P,C,low,-0.570711493293901,0.168101208,P,C,30,0,0.446590908676377
N117W,117,N,W,low,-0.570911977855833,0.187349546,N,W,117,0,0.446500371231225
L247M,247,L,M,low,-0.571418900203384,0.059542743,L,M,247,0,0.446271448596008
K254S,254,K,S,low,-0.574434472353583,0.214756809,K,S,254,0,0.444909637015507
L23E,23,L,E,possibly_low,-0.575925208348765,0.285237256,L,E,23,0,0.444236430923729
L318N,318,L,N,low,-0.575951515724982,0.140110901,L,N,318,0,0.444224550694108
G36L,36,G,L,low,-0.575954526185129,0.173728953,G,L,36,0,0.444223191191072
E256D,256,E,D,possibly_low,-0.576263908757682,0.281604648,E,D,256,0,0.444083476155543
N31E,31,N,E,low,-0.576453316875276,0.153665797,N,E,31,0,0.443997940756244
Y346C,346,Y,C,low,-0.57653356691632,0.12142423,Y,C,346,0,0.443961700391303
F104C,104,F,C,low,-0.576615653180438,0.130661643,F,C,104,0,0.443924630800689
V175N,175,V,N,possibly_low,-0.577148625465205,0.377113794,V,N,175,0,0.443683944193527
D386H,386,D,H,low,-0.577254976668573,0.148866459,D,H,386,0,0.443635916723736
H141M,141,H,M,possibly_low,-0.577839044027592,0.266930185,H,M,141,0,0.443372155933515
I50G,50,I,G,low,-0.578265523254849,0.079468952,I,G,50,0,0.443179560856497
L25N,25,L,N,possibly_low,-0.578536031224882,0.289133959,L,N,25,0,0.443057401323294
P204A,204,P,A,possibly_low,-0.579242261270363,0.403814332,P,A,204,0,0.44273847270659
A39L,39,A,L,low,-0.579482224628387,0.262842202,A,L,39,0,0.442630106909462
M35A,35,M,A,low,-0.580429328262643,0.187285888,M,A,35,0,0.442202401441702
Q149F,149,Q,F,possibly_low,-0.582040057101284,0.233192463,Q,F,149,0,0.441475007409573
S385K,385,S,K,low,-0.582979504552208,0.166672519,S,K,385,0,0.441050759421391
N12V,12,N,V,low,-0.583049154936451,0.108423856,N,V,12,0,0.44101930578834
K342I,342,K,I,low,-0.583076155821811,0.208624628,K,I,342,0,0.441007112374774
M205L,205,M,L,possibly_low,-0.584337534683092,0.357092895,M,L,205,0,0.440437482382476
D58K,58,D,K,low,-0.586596064108379,0.159968592,D,K,58,0,0.439417546074185
H141G,141,H,G,low,-0.587725892953935,0.12066454,H,G,141,0,0.438907323161508
P30S,30,P,S,possibly_low,-0.58860873534792,0.2910013,P,S,30,0,0.438508637626557
P30R,30,P,R,possibly_low,-0.588748585144479,0.281636146,P,R,30,0,0.438445482423166
C124N,124,C,N,possibly_low,-0.588800158319731,0.27313056,C,N,124,0,0.438422192332993
L247Q,247,L,Q,possibly_low,-0.588858952921637,0.286943646,L,Q,247,0,0.438395641096359
S226F,226,S,F,low,-0.5890216202198,0.097768018,S,F,226,0,0.438322181666648
D51Q,51,D,Q,possibly_low,-0.589717492285909,0.615501847,D,Q,51,0,0.438007930641975
E73S,73,E,S,low,-0.589769764224163,0.181550378,E,S,73,0,0.43798432499525
P95I,95,P,I,low,-0.589793050632518,0.180381134,P,I,95,0,0.437973809013876
E307L,307,E,L,possibly_low,-0.590004302974679,0.347127333,E,L,307,0,0.437878408913452
Y346S,346,Y,S,low,-0.591298690506972,0.168820793,Y,S,346,0,0.437293872433031
D19F,19,D,F,possibly_low,-0.591716835803324,0.377476972,D,F,19,0,0.437105040901719
L320C,320,L,C,possibly_low,-0.592003964350451,0.307639074,L,C,320,0,0.436975375630555
V216G,216,V,G,low,-0.592070910311726,0.10270725,V,G,216,0,0.436945143296261
P89I,89,P,I,possibly_low,-0.592643729162587,0.175433682,P,I,89,0,0.436686462254728
S227V,227,S,V,low,-0.593400295099962,0.149451321,S,V,227,0,0.43634480229648
G129C,129,G,C,low,-0.59366974179085,0.067225855,G,C,129,0,0.436223122029618
C211T,211,C,T,possibly_low,-0.594872639968189,0.39605643,C,T,211,0,0.435679901510767
K163P,163,K,P,low,-0.594877656088303,0.186793878,K,P,163,0,0.435677636265526
N69Y,69,N,Y,low,-0.595325761505056,0.091877646,N,Y,69,0,0.435475274950517
F56K,56,F,K,low,-0.595799031584094,0.217520518,F,K,56,0,0.435261549447615
F279L,279,F,L,low,-0.595890799393476,0.164794294,F,L,279,0,0.435220107737946
E114Q,114,E,Q,possibly_low,-0.595949854061311,0.380100469,E,Q,114,0,0.435193439057333
T319F,319,T,F,low,-0.596604164176968,0.247144193,T,F,319,0,0.434897957122775
N334R,334,N,R,low,-0.597199776887075,0.15652649,N,R,334,0,0.434628982531646
I280C,280,I,C,low,-0.597351151019293,0.181366952,I,C,280,0,0.434560623017771
Y27S,27,Y,S,possibly_low,-0.597764743848424,0.364800251,Y,S,27,0,0.434373847349251
E114A,114,E,A,possibly_low,-0.598541370325864,0.579069287,E,A,114,0,0.434023128189495
K163I,163,K,I,possibly_low,-0.598734454829999,0.259346977,K,I,163,0,0.433935932559396
L98P,98,L,P,possibly_low,-0.598788175519362,0.316751547,L,P,98,0,0.433911672666665
C124Y,124,C,Y,low,-0.599027712001493,0.208683133,C,Y,124,0,0.433803499643746
H93V,93,H,V,low,-0.599073508560809,0.223671274,H,V,93,0,0.43378281823348
N63P,63,N,P,low,-0.59913576939497,0.228719457,N,P,63,0,0.433754701670271
A72W,72,A,W,possibly_low,-0.599146548996378,0.259679787,A,W,72,0,0.433749833676637
P95G,95,P,G,low,-0.599713931418552,0.215611133,P,G,95,0,0.433493607688796
Y240K,240,Y,K,low,-0.599830052169291,0.165441305,Y,K,240,0,0.433441168358806
K330E,330,K,E,possibly_low,-0.600076343798253,0.414608427,K,E,330,0,0.433329944758177
K342G,342,K,G,possibly_low,-0.600335502123376,0.396599705,K,G,342,0,0.433212910646322
I28M,28,I,M,low,-0.60068685382031,0.10901453,I,M,28,0,0.43305424264374
D375R,375,D,R,low,-0.600788525150421,0.153290438,D,R,375,0,0.433008328572428
H61M,61,H,M,possibly_low,-0.600890708731604,0.220228836,H,M,61,0,0.432962183172066
F337L,337,F,L,low,-0.601043951923503,0.150685782,F,L,337,0,0.432892979603732
I67C,67,I,C,low,-0.601100336318441,0.07577358,I,C,67,0,0.432867516799939
I67M,67,I,M,low,-0.601880834888601,0.257375758,I,M,67,0,0.432515049029821
D331E,331,D,E,low,-0.602996390317743,0.182107833,D,E,331,0,0.432011271893533
D331M,331,D,M,possibly_low,-0.604121227999005,0.334537114,D,M,331,0,0.431503302956221
V53C,53,V,C,possibly_low,-0.605883654082079,0.481136808,V,C,53,0,0.430707403494969
V217F,217,V,F,possibly_low,-0.605960633597047,0.530581436,V,F,217,0,0.430672640077043
I280E,280,I,E,possibly_low,-0.605985264992832,0.380111255,I,E,280,0,0.430661516708623
K330F,330,K,F,low,-0.606599828365681,0.048424911,K,F,330,0,0.430383984128929
Y225R,225,Y,R,low,-0.606805640338763,0.079592489,Y,R,225,0,0.430291040861652
L25S,25,L,S,low,-0.606870568818892,0.128318099,L,S,25,0,0.430261719607926
K197V,197,K,V,low,-0.606886369794272,0.066930528,K,V,197,0,0.430254583996446
N334L,334,N,L,low,-0.607106648263018,0.068808975,N,L,334,0,0.430155107759522
Y178S,178,Y,S,low,-0.607157663215949,0.274679519,Y,S,178,0,0.430132069758698
A121S,121,A,S,low,-0.607823672358015,0.147063734,A,S,121,0,0.429831304624518
F195V,195,F,V,low,-0.608023963840696,0.279292282,F,V,195,0,0.429740854372624
G143L,143,G,L,possibly_low,-0.608228763132812,0.349623955,G,L,143,0,0.429648368425085
R378D,378,R,D,possibly_low,-0.608280274575244,0.474219523,R,D,378,0,0.429625106213028
V217S,217,V,S,low,-0.608531583637784,0.239751916,V,S,217,0,0.429511616774007
G156P,156,G,P,possibly_low,-0.608857513233432,0.337534056,G,P,156,0,0.429364429216995
K254A,254,K,A,low,-0.609178849644466,0.107750975,K,A,254,0,0.429219315910469
D109W,109,D,W,low,-0.609411984301659,0.168492815,D,W,109,0,0.42911403390753
A137W,137,A,W,possibly_low,-0.609473003912068,0.309158082,A,W,137,0,0.429086477872405
N334W,334,N,W,low,-0.609908798228053,0.092682272,N,W,334,0,0.428889676165576
E106W,106,E,W,low,-0.610113988932527,0.064669728,E,W,106,0,0.428797013458916
V54T,54,V,T,possibly_low,-0.610444369858645,0.312040556,V,T,54,0,0.428647815711771
S226L,226,S,L,low,-0.61120667957535,0.048107461,S,L,226,0,0.4283035619024
E388G,388,E,G,possibly_low,-0.611667597836228,0.319952477,E,G,388,0,0.428095414395372
E388F,388,E,F,low,-0.611928813046425,0.179606501,E,F,388,0,0.427977451408406
K66I,66,K,I,low,-0.61219400673995,0.201009155,K,I,66,0,0.427857691765814
A137M,137,A,M,low,-0.612696422591531,0.023514489,A,M,137,0,0.42763080423309
P95Q,95,P,Q,low,-0.613028620038759,0.098563828,P,Q,95,0,0.427480786157542
S385W,385,S,W,low,-0.614214544317109,0.11461879,S,W,385,0,0.426945230934382
L139T,139,L,T,possibly_low,-0.614929390688317,0.317018338,L,T,139,0,0.426622411244418
W274V,274,W,V,low,-0.614963849423902,0.09848452,W,V,274,0,0.426606849917137
N184G,184,N,G,possibly_low,-0.61521927488352,0.378288945,N,G,184,0,0.426491501541593
E73P,73,E,P,low,-0.615561358776441,0.183363038,E,P,73,0,0.426337018815371
G129M,129,G,M,low,-0.615866266376166,0.114797509,G,M,129,0,0.4261993246467
P30F,30,P,F,low,-0.615982096851297,0.083937479,P,F,30,0,0.426147016403172
K60L,60,K,L,low,-0.616268223225173,0.1687261,K,L,60,0,0.426017803706535
E388S,388,E,S,low,-0.617132658730632,0.262101069,E,S,388,0,0.425627430595464
V275T,275,V,T,low,-0.617878188941063,0.266223637,V,T,275,0,0.425290754295376
R233P,233,R,P,low,-0.619969661470538,0.077648917,R,P,233,0,0.424346259728814
A151M,151,A,M,low,-0.620333635559277,0.061950868,A,M,151,0,0.424181891541167
G127R,127,G,R,low,-0.621326186371349,0.000850459,G,R,127,0,0.423733662441416
Y29I,29,Y,I,possibly_low,-0.621680761309645,0.513769881,Y,I,29,0,0.423573538845271
A148G,148,A,G,low,-0.623154834696875,0.121065455,A,G,148,0,0.422907857472299
Y346V,346,Y,V,low,-0.623985946299893,0.231714994,Y,V,346,0,0.422532533205691
G129R,129,G,R,low,-0.624314975671259,0.156169767,G,R,129,0,0.422383945811348
R172E,172,R,E,low,-0.62431668842869,0.02316772,R,E,172,0,0.422383172341907
P244I,244,P,I,possibly_low,-0.625228940601539,0.303797711,P,I,244,0,0.4219712055537
L193G,193,L,G,low,-0.625812787298559,0.213835172,L,G,193,0,0.421707544412916
E256H,256,E,H,low,-0.626220382849753,0.111201011,E,H,256,0,0.421523477073741
D236V,236,D,V,low,-0.626379431553803,0.090854758,D,V,236,0,0.421451651776169
T26L,26,T,L,low,-0.626667912969147,0.089127616,T,L,26,0,0.42132137555905
V166G,166,V,G,low,-0.626958067737993,0.146922518,V,G,166,0,0.421190343667034
R55Y,55,R,Y,low,-0.627582622633678,0.202015839,R,Y,55,0,0.420908298984553
F258A,258,F,A,low,-0.627636059614755,0.046891674,F,A,258,0,0.420884167212526
Y188T,188,Y,T,low,-0.628936067460734,0.108880614,Y,T,188,0,0.420297092637216
F337W,337,F,W,low,-0.629714335768533,0.118792622,F,W,337,0,0.419945632038195
A120T,120,A,T,possibly_low,-0.6298844543496,0.810884809,A,T,120,0,0.419868807660526
E40W,40,E,W,possibly_low,-0.630033821508386,0.204054738,E,W,40,0,0.419801354482008
N329L,329,N,L,low,-0.630324453064769,0.185148728,N,L,329,0,0.419670107276029
K269Q,269,K,Q,low,-0.631969731268031,0.142852781,K,Q,269,0,0.418927110989172
P30W,30,P,W,low,-0.632061298117377,0.25362864,P,W,30,0,0.418885760031669
D58C,58,D,C,possibly_low,-0.632352321086117,0.189293785,D,C,58,0,0.41875433606657
D386T,386,D,T,low,-0.633153706365378,0.277128737,D,T,386,0,0.418392436002707
P96L,96,P,L,possibly_low,-0.633476741085736,0.217920554,P,L,96,0,0.418246555751406
I280F,280,I,F,low,-0.633501054623164,0.104898457,I,F,280,0,0.418235575925627
Y225P,225,Y,P,possibly_low,-0.633502502060809,0.362655615,Y,P,225,0,0.418234922272771
P204L,204,P,L,possibly_low,-0.633846370951697,0.339827483,P,L,204,0,0.418079633453781
A121G,121,A,G,low,-0.634061320695828,0.152480892,A,G,121,0,0.417982563632134
M270A,270,M,A,possibly_low,-0.637951984487251,0.417067077,M,A,270,0,0.416225566703161
P103F,103,P,F,possibly_low,-0.639892805289867,1.055347652,P,F,103,0,0.415349105417197
T277S,277,T,S,low,-0.640095707939552,0.198295951,T,S,277,0,0.415257475980296
F347C,347,F,C,possibly_low,-0.640858022910114,0.305761151,F,C,347,0,0.41491321979832
P244C,244,P,C,low,-0.64088734468687,0.194006709,P,C,244,0,0.41489997828621
D24L,24,D,L,low,-0.641220929152386,0.152484638,D,L,24,0,0.414749333842771
H259G,259,H,G,low,-0.641288432022519,0.080588863,H,G,259,0,0.414718850012279
F257I,257,F,I,low,-0.641711706396915,0.121736008,F,I,257,0,0.414527702224704
K66W,66,K,W,low,-0.641930277362086,0.198339768,K,W,66,0,0.414428997084616
P357Q,357,P,Q,possibly_low,-0.643007106610173,0.258829816,P,Q,357,0,0.413942708424545
S385V,385,S,V,low,-0.644910199464591,0.079980603,S,V,385,0,0.413083284819726
V45E,45,V,E,possibly_low,-0.64520203678119,0.451892655,V,E,45,0,0.412951493100752
V216P,216,V,P,low,-0.645581645035344,0.316045357,V,P,216,0,0.412780064631853
A137G,137,A,G,low,-0.645913768928572,0.174408497,A,G,137,0,0.412630079772785
F273T,273,F,T,low,-0.646109121785532,0.064254294,F,T,273,0,0.412541859770198
S226W,226,S,W,low,-0.646381724731103,0.113782918,S,W,226,0,0.412418754160493
I50N,50,I,N,low,-0.646409207657857,0.112648134,I,N,50,0,0.412406343060359
D153L,153,D,L,low,-0.647601190946966,0.032584285,D,L,153,0,0.411868051629737
D92K,92,D,K,possibly_low,-0.64809542260257,0.412360026,D,K,92,0,0.411644860023459
V53S,53,V,S,low,-0.64889204394686,0.03580436,V,S,53,0,0.411285111319765
V217L,217,V,L,low,-0.649105047136917,0.260432576,V,L,217,0,0.41118892054851
E256K,256,E,K,low,-0.649140997967933,0.161589583,E,K,256,0,0.411172685401225
T286P,286,T,P,possibly_low,-0.649665800504831,0.374370898,T,P,286,0,0.410935688195843
K330P,330,K,P,low,-0.64971177569529,0.122728824,K,P,330,0,0.410914926116986
D371R,371,D,R,low,-0.650216974777696,0.23479189,D,R,371,0,0.410686781696421
Y177M,177,Y,M,possibly_low,-0.650584715882012,0.499983342,Y,M,177,0,0.410520712350525
F257H,257,F,H,possibly_low,-0.65260857389689,0.211151999,F,H,257,0,0.409606752032325
I50H,50,I,H,low,-0.65286038207586,0.015837948,I,H,50,0,0.409493037195768
P204E,204,P,E,low,-0.65323206751343,0.150883182,P,E,204,0,0.409325186616185
N334V,334,N,V,low,-0.654741138156603,0.234973473,N,V,334,0,0.408643700723854
Y225G,225,Y,G,low,-0.655332778950705,0.058581271,Y,G,225,0,0.408376519822593
L25P,25,L,P,low,-0.657185208860622,0.202715974,L,P,25,0,0.407539975254019
F243P,243,F,P,low,-0.658447310127261,0.237612243,F,P,243,0,0.406970019028445
L139V,139,L,V,low,-0.658726320151627,0.116276542,L,V,139,0,0.406844020026156
E73L,73,E,L,low,-0.658803580747952,0.141715712,E,L,73,0,0.406809129673827
D386F,386,D,F,low,-0.659494545711483,0.096096348,D,F,386,0,0.406497094662828
D115R,115,D,R,low,-0.660396174585174,0.156278833,D,R,115,0,0.406089925283237
V275W,275,V,W,low,-0.661337857552316,0.098797354,V,W,275,0,0.405664667751352
H118A,118,H,A,low,-0.66154731570226,0.20897297,H,A,118,0,0.405570077895757
K128A,128,K,A,possibly_low,-0.661644699884936,0.448046148,K,A,128,0,0.405526099870653
N311C,311,N,C,possibly_low,-0.662110057655106,0.405565128,N,C,311,0,0.405315947511853
D58P,58,D,P,low,-0.662300197372308,0.240754719,D,P,58,0,0.405230081727219
F341C,341,F,C,possibly_low,-0.66230611321546,0.363823395,F,C,341,0,0.405227410173261
I224F,224,I,F,low,-0.662356199549139,0.06717199,I,F,224,0,0.405204791530486
L25E,25,L,E,low,-0.66266019297772,0.185272842,L,E,25,0,0.405067510195197
K322S,322,K,S,low,-0.663578875871721,0.307351431,K,S,322,0,0.40465263933768
D109L,109,D,L,low,-0.66391263896838,0.304247689,D,L,109,0,0.404501914225649
C211R,211,C,R,low,-0.665993823132091,0.089830767,C,R,211,0,0.403562065814093
Y188L,188,Y,L,low,-0.666431657258114,0.199969547,Y,L,188,0,0.403364342943122
D331V,331,D,V,low,-0.666691036245237,0.126878898,D,V,331,0,0.40324720918183
Y346T,346,Y,T,low,-0.666779047546757,0.306163657,Y,T,346,0,0.403207463885197
K269Y,269,K,Y,low,-0.666900043876931,0.140807228,K,Y,269,0,0.403152822777168
V343A,343,V,A,low,-0.666922325485106,0.174350464,V,A,343,0,0.403142760556623
P89W,89,P,W,low,-0.667265557345815,0.235169537,P,W,89,0,0.402987759416067
Y88I,88,Y,I,low,-0.667665709494891,0.122691944,Y,I,88,0,0.402807053465941
H118W,118,H,W,possibly_low,-0.66855835295939,0.332985162,H,W,118,0,0.402403941835157
F215A,215,F,A,low,-0.668599949059914,0.19963073,F,A,215,0,0.402385157323106
L194G,194,L,G,low,-0.669173741187812,0.06132285,L,G,194,0,0.402126036756377
V85E,85,V,E,low,-0.671955927809139,0.230757731,V,E,85,0,0.400869620470735
E106Y,106,E,Y,low,-0.67203145594607,0.188033857,E,Y,106,0,0.400835512485117
F257Q,257,F,Q,low,-0.672084825940468,0.16908526,F,Q,257,0,0.400811410963813
R189D,189,R,D,possibly_low,-0.672521324273311,0.35238003,R,D,189,0,0.400614291327828
F56N,56,F,N,possibly_low,-0.672867879198667,0.365091411,F,N,56,0,0.400457789514201
P244F,244,P,F,possibly_low,-0.672899730707641,0.238176024,P,F,244,0,0.400443405592471
K330W,330,K,W,low,-0.67312819862622,0.259769932,K,W,330,0,0.400340231056497
A86L,86,A,L,low,-0.673601786563616,0.198724748,A,L,86,0,0.400126362010953
F337M,337,F,M,low,-0.674099655201833,0.20635209,F,M,337,0,0.399901527968416
H141A,141,H,A,possibly_low,-0.674645808100727,0.208384812,H,A,141,0,0.399654889086839
F257W,257,F,W,low,-0.674684484370139,0.144987898,F,W,257,0,0.399637423150376
Y29P,29,Y,P,low,-0.674750372992663,0.254818596,Y,P,29,0,0.399607668302968
C124Q,124,C,Q,low,-0.674964872218543,0.029616426,C,Q,124,0,0.399510801932256
A120F,120,A,F,low,-0.675285257681433,0.25854742,A,F,120,0,0.399366118067352
H259P,259,H,P,low,-0.67568573162926,0.09591471,H,P,259,0,0.39918526679513
K197Q,197,K,Q,possibly_low,-0.675736097730832,0.739613681,K,Q,197,0,0.399162521811104
D58R,58,D,R,low,-0.675743178616807,0.08274469,D,R,58,0,0.399159324131844
L318G,318,L,G,low,-0.675956110879792,0.110793785,L,G,318,0,0.399063165390765
Y225I,225,Y,I,low,-0.676133386527761,0.1875951,Y,I,225,0,0.398983108931055
D331A,331,D,A,low,-0.676697409108288,0.190429035,D,A,331,0,0.398728400224525
Y46W,46,Y,W,possibly_low,-0.676847052094575,0.398113013,Y,W,46,0,0.39866082248421
D22L,22,D,L,low,-0.677613768483964,0.312836402,D,L,22,0,0.398314578651855
H64I,64,H,I,low,-0.677708971002459,0.255904972,H,I,64,0,0.398271585851244
D384P,384,D,P,low,-0.678021836882302,0.112034425,D,P,384,0,0.398130297778172
D107T,107,D,T,possibly_low,-0.678294660489873,0.362304581,D,T,107,0,0.39800709251903
F347M,347,F,M,low,-0.678855819718252,0.32376346,F,M,347,0,0.397753676882578
K223Y,223,K,Y,low,-0.679037792314515,0.2576977,K,Y,223,0,0.397671499313419
L265C,265,L,C,possibly_low,-0.679881521055479,0.59743879,L,C,265,0,0.397290477234352
D386R,386,D,R,low,-0.680629675567557,0.271487746,D,R,386,0,0.396952615817743
F154W,154,F,W,possibly_low,-0.682490904374737,0.535353172,F,W,154,0,0.396112097727863
F347W,347,F,W,low,-0.68355508102134,0.133841134,F,W,347,0,0.39563152289534
L152V,152,L,V,low,-0.683922944277834,0.068090609,L,V,152,0,0.395465398386364
Q261M,261,Q,M,low,-0.685575686898642,0.124392073,Q,M,261,0,0.394719031220035
N12M,12,N,M,low,-0.686031637637585,0.129465661,N,M,12,0,0.394513127011645
F145G,145,F,G,low,-0.686049105399145,0.098446278,F,G,145,0,0.394505238691023
T383A,383,T,A,low,-0.686389460773064,0.254729351,T,A,383,0,0.394351536552058
H259F,259,H,F,low,-0.688027979889102,0.194079041,H,F,259,0,0.393611592622364
K66S,66,K,S,low,-0.688191114780551,0.154494441,K,S,66,0,0.393537922030751
C124W,124,C,W,possibly_low,-0.689005400906045,0.33253136,C,W,124,0,0.393170196033724
N31Y,31,N,Y,low,-0.689595623158716,0.140814293,N,Y,31,0,0.392903655735988
M134S,134,M,S,low,-0.690559871442319,0.080887529,M,S,134,0,0.392468207862853
I224G,224,I,G,low,-0.69131954240927,0.15779068,I,G,224,0,0.392125145694669
D331C,331,D,C,low,-0.69145763741754,0.101218957,D,C,331,0,0.392062782941564
V175T,175,V,T,low,-0.691541944749768,0.159570771,V,T,175,0,0.392024710331913
K254G,254,K,G,low,-0.692062599366447,0.084643946,K,G,254,0,0.391789586298688
P30M,30,P,M,low,-0.692897585689113,0.194519141,P,M,30,0,0.391412512235416
F81K,81,F,K,low,-0.693679374081203,0.107435819,F,K,81,0,0.391059461990613
W274A,274,W,A,low,-0.693943605005405,0.097911337,W,A,274,0,0.390940137128005
N12W,12,N,W,low,-0.694055330904637,0.305180072,N,W,12,0,0.390889682482638
F347Y,347,F,Y,possibly_low,-0.694655623488002,0.31567013,F,Y,347,0,0.39061859449303
L25W,25,L,W,low,-0.694842536023449,0.162779642,L,W,25,0,0.390534186081414
V343P,343,V,P,low,-0.695371838488997,0.110255248,V,P,343,0,0.390295156739296
D331G,331,D,G,low,-0.696604200297236,0.065237929,D,G,331,0,0.389738630647982
T210R,210,T,R,low,-0.696739816798395,0.272020338,T,R,210,0,0.389677387171591
S170A,170,S,A,low,-0.696956711783136,0.225455933,S,A,170,0,0.389579438892703
L112V,112,L,V,low,-0.697055597255493,0.120015685,L,V,112,0,0.389534782895535
G129L,129,G,L,low,-0.697531469307285,0.097704268,G,L,129,0,0.389319882359687
E256Y,256,E,Y,low,-0.700041929063721,0.217547566,E,Y,256,0,0.388186176051758
E388M,388,E,M,low,-0.700416555347832,0.103987156,E,M,388,0,0.388016997406163
F154C,154,F,C,low,-0.700680851945248,0.211073884,F,C,154,0,0.387897642885986
P244W,244,P,W,low,-0.701288742919516,0.142112384,P,W,244,0,0.387623123515462
Y177K,177,Y,K,low,-0.701300648159819,0.124166951,Y,K,177,0,0.387617747191068
D24M,24,D,M,possibly_low,-0.702044012467639,0.296216143,D,M,24,0,0.387282048997658
Y188V,188,Y,V,low,-0.703298433908588,0.093022052,Y,V,188,0,0.386715560928387
H259R,259,H,R,low,-0.703721921064198,0.229589755,H,R,259,0,0.386524317050284
D331I,331,D,I,low,-0.703959449259433,0.077198644,D,I,331,0,0.386417050955873
E235P,235,E,P,low,-0.704934333976837,0.163802788,E,P,235,0,0.385976799742607
P204M,204,P,M,low,-0.705189114525489,0.094782042,P,M,204,0,0.385861742604406
T26G,26,T,G,low,-0.705673412450687,0.1222522,T,G,26,0,0.385643037002253
G143V,143,G,V,low,-0.706150398320195,0.304110723,G,V,143,0,0.385427633474007
L194D,194,L,D,possibly_low,-0.707568554905772,0.286553155,L,D,194,0,0.384787203742928
H61P,61,H,P,low,-0.708562174877774,0.262821254,H,P,61,0,0.384338491817928
D162P,162,D,P,low,-0.709357853154706,0.167706854,D,P,162,0,0.383979168996948
S385R,385,S,R,low,-0.710039292875223,0.123331047,S,R,385,0,0.383671435519985
F337Q,337,F,Q,low,-0.710174625668096,0.029966952,F,Q,337,0,0.383610320164299
F154K,154,F,K,low,-0.710890383583519,0.201730929,F,K,154,0,0.383287088827256
Y176P,176,Y,P,low,-0.711479474943439,0.097436589,Y,P,176,0,0.383021059232886
P95F,95,P,F,low,-0.711592587860959,0.10910819,P,F,95,0,0.382969978219628
F154L,154,F,L,low,-0.711602424395009,0.207523908,F,L,154,0,0.382965536108707
F241Q,241,F,Q,possibly_low,-0.711761411366238,0.434584933,F,Q,241,0,0.382893738689251
W274P,274,W,P,low,-0.711807578322483,0.328690543,W,P,274,0,0.382872890010287
M35D,35,M,D,low,-0.711842955169605,0.107170095,M,D,35,0,0.38285691407017
L139G,139,L,G,low,-0.71226082857885,0.155238949,L,G,139,0,0.382668205321199
T26N,26,T,N,low,-0.712314094809569,0.048623849,T,N,26,0,0.382644150658857
W274E,274,W,E,low,-0.712407457164597,0.159255698,W,E,274,0,0.382601988863374
F257A,257,F,A,low,-0.712947997630589,0.107550952,F,A,257,0,0.38235788451778
F279G,279,F,G,low,-0.713051188638881,0.146667821,F,G,279,0,0.382311284170285
P95N,95,P,N,low,-0.713852518752642,0.171371544,P,N,95,0,0.381949409018781
D331S,331,D,S,low,-0.715157802784664,0.198730536,D,S,331,0,0.38135995175425
H272L,272,H,L,low,-0.715608791255527,0.094140694,H,L,272,0,0.381156288471893
V166H,166,V,H,low,-0.71575962161353,0.067798627,V,H,166,0,0.381088174522702
R142W,142,R,W,low,-0.716087789352324,0.148862215,R,W,142,0,0.380939976235685
F347P,347,F,P,low,-0.716547367879629,0.169905713,F,P,347,0,0.380732433743096
T131N,131,T,N,low,-0.717034372854723,0.071260526,T,N,131,0,0.380512505655884
C218W,218,C,W,possibly_low,-0.717559656119551,0.653052878,C,W,218,0,0.380275291357085
S360P,360,S,P,possibly_low,-0.7179365060987,1.01122347,S,P,360,0,0.380105108506151
D375N,375,D,N,possibly_low,-0.719409095271285,0.3835184,D,N,375,0,0.379440097394275
S385L,385,S,L,low,-0.719876315533815,0.142966476,S,L,385,0,0.379229103946774
M239H,239,M,H,low,-0.719900085297028,0.269961138,M,H,239,0,0.37921836968568
V119Q,119,V,Q,possibly_low,-0.720225937398283,0.570358525,V,Q,119,0,0.379071217124601
F241I,241,F,I,low,-0.720316684645913,0.205789526,F,I,241,0,0.379030236293579
H61V,61,H,V,low,-0.720562722776267,0.096130069,H,V,61,0,0.378919127171173
V119A,119,V,A,low,-0.721071641589536,0.294315717,V,A,119,0,0.37868930294581
E106G,106,E,G,low,-0.7214484469109,0.148236808,E,G,106,0,0.378519140262024
Y178C,178,Y,C,low,-0.721713757502746,0.108514111,Y,C,178,0,0.378399327828957
F341Y,341,F,Y,low,-0.722479706828992,0.099223321,F,Y,341,0,0.378053430397025
H196A,196,H,A,low,-0.723020985461914,0.101394269,H,A,196,0,0.377808992700337
Y225D,225,Y,D,low,-0.723132024419324,0.053055464,Y,D,225,0,0.377758848273159
C124F,124,C,F,low,-0.723505471212505,0.148606368,C,F,124,0,0.377590202277532
F81E,81,F,E,low,-0.723787628297304,0.11796801,F,E,81,0,0.37746278208446
Y178M,178,Y,M,low,-0.724232750836659,0.181305338,Y,M,178,0,0.377261767816307
W274T,274,W,T,low,-0.724515547578566,0.097318525,W,T,274,0,0.377134058758498
M205P,205,M,P,low,-0.724969290384041,0.08978105,M,P,205,0,0.37692915163763
L325T,325,L,T,possibly_low,-0.725007162813309,0.38466359,L,T,325,0,0.376912048709831
L247E,247,L,E,possibly_low,-0.725079084177306,0.423493115,L,E,247,0,0.37687956951799
V119L,119,V,L,low,-0.725142037207147,0.195428829,V,L,119,0,0.376851140363987
Y240G,240,Y,G,low,-0.726143661430517,0.191672959,Y,G,240,0,0.376398813774286
P246G,246,P,G,low,-0.727315980845777,0.08887317,P,G,246,0,0.375869402413447
L325M,325,L,M,low,-0.72741254017288,0.096677763,L,M,325,0,0.375825796887429
S179T,179,S,T,low,-0.727747413146862,0.110326625,S,T,179,0,0.375674570562456
K344A,344,K,A,possibly_low,-0.727900647144511,0.504428394,K,A,344,0,0.375605371146182
F341L,341,F,L,low,-0.728672176067051,0.129627266,F,L,341,0,0.375256954007054
N69G,69,N,G,low,-0.72946958154952,0.069442393,N,G,69,0,0.374896851191968
A192L,192,A,L,possibly_low,-0.730250077492751,0.45306577,A,L,192,0,0.374544384608154
H123R,123,H,R,low,-0.730425386884682,0.249447279,H,R,123,0,0.374465216096106
M239D,239,M,D,low,-0.731765679993826,0.150884331,M,D,239,0,0.373859948973853
F257S,257,F,S,low,-0.732215674172224,0.147656624,F,S,257,0,0.373656734707114
D22M,22,D,M,possibly_low,-0.732950176536496,0.480558729,D,M,22,0,0.373325038506277
T167P,167,T,P,low,-0.733007686570329,0.184766911,T,P,167,0,0.373299067371723
E7Y,7,E,Y,possibly_low,-0.73338133563701,0.335358092,E,Y,7,0,0.373130330030779
P95Y,95,P,Y,low,-0.733531409439583,0.245877802,P,Y,95,0,0.373062557736802
L108H,108,L,H,low,-0.734761655256854,0.348487632,L,H,108,0,0.372506987212411
D107E,107,D,E,low,-0.736358691230296,0.228533985,D,E,107,0,0.371785776783748
F258E,258,F,E,low,-0.737364900757495,0.153111462,F,E,258,0,0.371331379502469
F257P,257,F,P,low,-0.737846881731689,0.268997569,F,P,257,0,0.371113720219406
F278G,278,F,G,low,-0.73830017007852,0.137190686,F,G,278,0,0.370909018328927
F81R,81,F,R,low,-0.738788831332081,0.155282563,F,R,81,0,0.370688342277784
L320Q,320,L,Q,possibly_low,-0.738874984081634,0.486428411,L,Q,320,0,0.3706494362904
H259K,259,H,K,low,-0.739163003157549,0.204823588,H,K,259,0,0.370519368862578
Y27V,27,Y,V,low,-0.739746643640675,0.223306715,Y,V,27,0,0.370255800846566
K6I,6,K,I,low,-0.740430756261017,0.143206621,K,I,6,0,0.369946860306481
W111M,111,W,M,low,-0.741098249617728,0.133735091,W,M,111,0,0.369645424911205
F241V,241,F,V,low,-0.741356291498206,0.192597518,F,V,241,0,0.369528894978049
L320A,320,L,A,low,-0.741373119602659,0.297491056,L,A,320,0,0.369521295522165
Y177V,177,Y,V,low,-0.74137350576116,0.197897945,Y,V,177,0,0.36952112113565
I306M,306,I,M,possibly_low,-0.741782550063463,0.503831764,I,M,306,0,0.369336399550468
C124L,124,C,L,low,-0.742183642652969,0.141399749,C,L,124,0,0.369155268903932
F258V,258,F,V,low,-0.742308788216828,0.176000443,F,V,258,0,0.369098754030593
N276C,276,N,C,low,-0.742403268329964,0.113466992,N,C,276,0,0.36905608746326
I203R,203,I,R,low,-0.742703115151789,0.111003659,I,R,203,0,0.368920678706977
V53H,53,V,H,low,-0.743085614340839,0.243497739,V,H,53,0,0.368747944711823
V369S,369,V,S,possibly_low,-0.744462333755071,0.369806102,V,S,369,0,0.368126227721474
D153Y,153,D,Y,possibly_low,-0.745278379922711,0.359739395,D,Y,153,0,0.367757706901555
E256G,256,E,G,low,-0.746221162259461,0.094956647,E,G,256,0,0.367331952901939
L320R,320,L,R,low,-0.746839962868102,0.186834793,L,R,320,0,0.367052506815791
T202F,202,T,F,low,-0.748166087637976,0.264022898,T,F,202,0,0.366453638017814
N276T,276,N,T,low,-0.748343611530695,0.329424996,N,T,276,0,0.366373469452487
N212K,212,N,K,low,-0.74868085005386,0.18321898,N,K,212,0,0.366221174861821
I280P,280,I,P,low,-0.751162891696969,0.126556325,I,P,280,0,0.365100301977832
Y346A,346,Y,A,low,-0.751193094808263,0.19210965,Y,A,346,0,0.365086662461124
K322G,322,K,G,low,-0.751316898011619,0.128639526,K,G,322,0,0.365030753788528
F347I,347,F,I,low,-0.751444368407267,0.032347451,F,I,347,0,0.364973189037191
Y188W,188,Y,W,low,-0.752072417117957,0.126139022,Y,W,188,0,0.364689566571955
Y240R,240,Y,R,low,-0.752493324629706,0.113956507,Y,R,240,0,0.364499487643225
F271I,271,F,I,low,-0.752518355318635,0.340678368,F,I,271,0,0.364488183956775
Y29T,29,Y,T,possibly_low,-0.753108619602163,0.471924066,Y,T,29,0,0.364221624678195
V166C,166,V,C,possibly_low,-0.753661703652103,0.289645435,V,C,166,0,0.36397185573662
C124V,124,C,V,low,-0.754279046315384,0.252869705,C,V,124,0,0.363693068048539
L320D,320,L,D,low,-0.755393302728346,0.124369147,L,D,320,0,0.363189877538997
V343K,343,V,K,low,-0.755528956006505,0.26003324,V,K,343,0,0.363128617454367
N63V,63,N,V,low,-0.755588160409269,0.0842079,N,V,63,0,0.363101881154492
F56R,56,F,R,low,-0.756049797135112,0.141486974,F,R,56,0,0.362893409193642
K322W,322,K,W,possibly_low,-0.757301600841736,0.330176956,K,W,322,0,0.362328103275134
R55P,55,R,P,low,-0.757829169534424,0.119462524,R,P,55,0,0.36208985689288
F241M,241,F,M,low,-0.758781780524439,0.11703167,F,M,241,0,0.361659664341251
F104L,104,F,L,low,-0.759014304420738,0.084194925,F,L,104,0,0.361554658153718
V85K,85,V,K,low,-0.759111755590093,0.218454301,V,K,85,0,0.361510649877891
F273K,273,F,K,low,-0.759623837225366,0.032619853,F,K,273,0,0.36127939734393
L193K,193,L,K,possibly_low,-0.759916768657716,0.308825838,L,K,193,0,0.361147111529829
E256R,256,E,R,low,-0.760169862718223,0.116177603,E,R,256,0,0.361032815998041
F278E,278,F,E,low,-0.760691385534796,0.160806024,F,E,278,0,0.360797299891733
I67W,67,I,W,low,-0.76167052850342,0.134391564,I,W,67,0,0.360355125681592
D115M,115,D,M,low,-0.761717897279488,0.142680418,D,M,115,0,0.360333734269087
P204Q,204,P,Q,low,-0.762289201706025,0.112029206,P,Q,204,0,0.360075737131131
F258R,258,F,R,low,-0.762409198489876,0.175256699,F,R,258,0,0.360021547411326
I67P,67,I,P,low,-0.76331325464557,0.363139583,I,P,67,0,0.359613281887927
G156V,156,G,V,low,-0.763729098752491,0.219474034,G,V,156,0,0.359425489557888
Q219P,219,Q,P,low,-0.763978088237099,0.233415492,Q,P,219,0,0.35931304762426
D107G,107,D,G,low,-0.764129215438031,0.175224849,D,G,107,0,0.35924479962285
P231K,231,P,K,low,-0.76417318102813,0.219231835,P,K,231,0,0.359224945065652
L247T,247,L,T,low,-0.764378086710854,0.248072154,L,T,247,0,0.359132411072849
E388R,388,E,R,low,-0.765543941254889,0.221303985,E,R,388,0,0.358605919203257
D24I,24,D,I,possibly_low,-0.767387930843294,0.268985729,D,I,24,0,0.357773186225654
H61A,61,H,A,low,-0.767539026521084,0.134357533,H,A,61,0,0.357704952459878
V343D,343,V,D,low,-0.767792269003055,0.240259346,V,D,343,0,0.35759058990198
F90P,90,F,P,low,-0.768133950975904,0.170311591,F,P,90,0,0.357436288680089
Y177L,177,Y,L,low,-0.768590005478525,0.304960179,Y,L,177,0,0.357230337612738
R55V,55,R,V,low,-0.768839605724028,0.065438569,R,V,55,0,0.357117619863703
F279A,279,F,A,low,-0.769367104803108,0.272639348,F,A,279,0,0.356879404918474
L325F,325,L,F,low,-0.769669857007937,0.160322136,L,F,325,0,0.356742684111269
V275A,275,V,A,low,-0.770159101439642,0.177167373,V,A,275,0,0.3565217447009
F104A,104,F,A,low,-0.770257296029783,0.127453557,F,A,104,0,0.356477400701374
A148L,148,A,L,low,-0.770912906475084,0.222493856,A,L,148,0,0.356181331546919
M35Q,35,M,Q,low,-0.771893665004782,0.175104696,M,Q,35,0,0.355738427760541
K147P,147,K,P,low,-0.772377704177515,0.101387866,K,P,147,0,0.355519839009216
P213R,213,P,R,low,-0.77260181796198,0.260252231,P,R,213,0,0.355418630770171
G230M,230,G,M,possibly_low,-0.772933977318744,0.776497256,G,M,230,0,0.355268629896014
M134T,134,M,T,low,-0.773014186642395,0.224104379,M,T,134,0,0.355232407918767
Y27L,27,Y,L,low,-0.773022380032622,0.204061433,Y,L,27,0,0.355228707840261
M35G,35,M,G,low,-0.773353066995919,0.128576786,M,G,35,0,0.355079371888837
V85G,85,V,G,low,-0.774398207604602,0.130806146,V,G,85,0,0.354607393599721
L325E,325,L,E,low,-0.77521831237689,0.260466173,L,E,325,0,0.354237039941941
D51P,51,D,P,low,-0.776007080518205,0.175746118,D,P,51,0,0.353880837690536
Y155A,155,Y,A,possibly_low,-0.776857660288894,0.496037727,Y,A,155,0,0.353496721733706
K269W,269,K,W,low,-0.776944900586876,0.290569738,K,W,269,0,0.353457324616953
M35P,35,M,P,low,-0.777039276936334,0.167365203,M,P,35,0,0.353414704908581
I28K,28,I,K,low,-0.77754183858245,0.169922907,I,K,28,0,0.35318775153605
C136G,136,C,G,low,-0.777639872929948,0.169977329,C,G,136,0,0.353143479900997
P95E,95,P,E,low,-0.778425542609008,0.237974044,P,E,95,0,0.352788676893773
D24V,24,D,V,low,-0.778532717354484,0.23912867,D,V,24,0,0.352740277518047
L57Q,57,L,Q,low,-0.778575634800081,0.109532902,L,Q,57,0,0.352720896295676
S179M,179,S,M,low,-0.778684610305095,0.207948327,S,M,179,0,0.352671683709365
V53G,53,V,G,low,-0.778991052031108,0.110781976,V,G,53,0,0.352533296739845
L98Y,98,L,Y,possibly_low,-0.780395561722737,0.461659577,L,Y,98,0,0.351899029851931
L325N,325,L,N,low,-0.780569721833417,0.14714038,L,N,325,0,0.351820380347369
N12F,12,N,F,low,-0.780961048815944,0.290108774,N,F,12,0,0.351643659781577
Y225V,225,Y,V,low,-0.781004969748258,0.125054377,Y,V,225,0,0.351623825391527
K60G,60,K,G,low,-0.782613945112074,0.112043293,K,G,60,0,0.350897223216533
L57C,57,L,C,low,-0.78271714662808,0.29665065,L,C,57,0,0.350850618123827
T131K,131,T,K,low,-0.783682242096148,0.133922172,T,K,131,0,0.350414787668032
V53E,53,V,E,low,-0.783802795788857,0.281959046,V,E,53,0,0.350360346452028
H196S,196,H,S,low,-0.784298752023072,0.248039743,H,S,196,0,0.350136376037946
F337A,337,F,A,low,-0.78561418388018,0.112341946,F,A,337,0,0.34954233608561
P204S,204,P,S,low,-0.785787519135287,0.175113165,P,S,204,0,0.349464059080134
I280A,280,I,A,low,-0.785960857017322,0.235366556,I,A,280,0,0.349385780888356
I28F,28,I,F,low,-0.786042624109618,0.207436711,I,F,28,0,0.349348855433534
E7A,7,E,A,possibly_low,-0.78616682397919,0.311584546,E,A,7,0,0.349292767629212
V133G,133,V,G,low,-0.786310271354432,0.150377288,V,G,133,0,0.349227987784106
H272D,272,H,D,low,-0.786882019731898,0.033029935,H,D,272,0,0.348969790160973
R172W,172,R,W,low,-0.787192181188773,0.060330434,R,W,172,0,0.348829723386656
I135C,135,I,C,possibly_low,-0.78783743890856,0.372645288,I,C,135,0,0.348538329451626
Y88V,88,Y,V,low,-0.789158949478391,0.083817142,Y,V,88,0,0.347941544394558
K269M,269,K,M,low,-0.789196296521945,0.090921267,K,M,269,0,0.347924678727323
K197S,197,K,S,possibly_low,-0.789634577225826,0.532175947,K,S,197,0,0.347726754184872
S170L,170,S,L,low,-0.790540566800952,0.140047812,S,L,170,0,0.347317615542595
F257L,257,F,L,low,-0.790550426977359,0.405903264,F,L,257,0,0.347313162754949
L182F,182,L,F,low,-0.790952773925259,0.107012832,L,F,182,0,0.347131465648815
I253P,253,I,P,low,-0.791135094589558,0.124964918,I,P,253,0,0.347049130894532
L25R,25,L,R,low,-0.791260655208131,0.136800596,L,R,25,0,0.346992428585348
H61E,61,H,E,low,-0.791492597239751,0.201342544,H,E,61,0,0.34688768516389
Y178E,178,Y,E,low,-0.792157244319351,0.124956141,Y,E,178,0,0.346587535127724
Y68I,68,Y,I,possibly_low,-0.792301383890273,0.490449849,Y,I,68,0,0.346522442691823
V133K,133,V,K,low,-0.793361142043013,0.052127451,V,K,133,0,0.346043863220648
P246Q,246,P,Q,low,-0.793647942224068,0.37238253,P,Q,246,0,0.345914346237337
F215S,215,F,S,low,-0.794101742821972,0.208712249,F,S,215,0,0.345709413017808
P204G,204,P,G,low,-0.795151388613162,0.111910349,P,G,204,0,0.34523540021935
L25G,25,L,G,low,-0.795581206666638,0.0958506,L,G,25,0,0.345041297351443
L318P,318,L,P,low,-0.797539038145243,0.208960161,L,P,318,0,0.344157154161549
M35K,35,M,K,low,-0.797973588610547,0.337998743,M,K,35,0,0.343960914169107
G143I,143,G,I,low,-0.798146444451188,0.128078929,G,I,143,0,0.343882853663897
Y178T,178,Y,T,low,-0.798970536901054,0.176457844,Y,T,178,0,0.343510699198431
F271S,271,F,S,low,-0.799315319963086,0.107784238,F,S,271,0,0.343354997546058
V53N,53,V,N,low,-0.799513122430942,0.161959279,V,N,53,0,0.343265671316089
V175P,175,V,P,low,-0.79965259526325,0.355807227,V,P,175,0,0.343202686347153
F347V,347,F,V,low,-0.800215083717488,0.142882368,F,V,347,0,0.342948670441472
M270T,270,M,T,low,-0.800315974849812,0.13959747,M,T,270,0,0.342903108702099
V119K,119,V,K,low,-0.800341295814349,0.219941894,V,K,119,0,0.342891673929187
V249M,249,V,M,low,-0.800449839189612,0.100799398,V,M,249,0,0.342842656489691
H259Q,259,H,Q,possibly_low,-0.800693100656462,0.565052225,H,Q,259,0,0.342732801289368
T202V,202,T,V,low,-0.801179131041055,0.171354554,T,V,202,0,0.342513313320503
V255K,255,V,K,low,-0.801455941012739,0.126135191,V,K,255,0,0.342388307846828
V54D,54,V,D,low,-0.801734639746069,0.133079859,V,D,54,0,0.342262449421423
I253C,253,I,C,low,-0.8017613254,0.203403454,I,C,253,0,0.342250398364195
F278D,278,F,D,low,-0.804490040890179,0.137661201,F,D,278,0,0.341018129272516
S385I,385,S,I,low,-0.804603580683593,0.120569398,S,I,385,0,0.340966855485049
Y177P,177,Y,P,low,-0.805764411226728,0.113986547,Y,P,177,0,0.340442632419606
F215T,215,F,T,low,-0.805887896571728,0.160277008,F,T,215,0,0.340386867289652
H61G,61,H,G,low,-0.806220477550528,0.11275187,H,G,61,0,0.340236676013892
L325A,325,L,A,low,-0.806560895970732,0.329055018,L,A,325,0,0.34008294540366
F243V,243,F,V,low,-0.806852299844116,0.110823882,F,V,243,0,0.339951349424651
F258Q,258,F,Q,low,-0.807060631041702,0.250861668,F,Q,258,0,0.339857268492967
Y27C,27,Y,C,low,-0.807091031172639,0.140031731,Y,C,27,0,0.339843540003547
I253Y,253,I,Y,low,-0.807665767681359,0.144521088,I,Y,253,0,0.339583992960953
Y155D,155,Y,D,low,-0.807811551709569,0.196116293,Y,D,155,0,0.339518157899485
V255D,255,V,D,low,-0.808517348311835,0.054885935,V,D,255,0,0.339199425022747
P246V,246,P,V,low,-0.80853567507904,0.119344401,P,V,246,0,0.339191148781102
L325Q,325,L,Q,possibly_low,-0.809118815132272,0.439656142,L,Q,325,0,0.338927806755778
I253Q,253,I,Q,low,-0.809950889504613,0.20381443,I,Q,253,0,0.338552047709184
H61T,61,H,T,low,-0.810527158826157,0.107744593,H,T,61,0,0.338291808458893
V53D,53,V,D,low,-0.810724291427227,0.213468255,V,D,53,0,0.338202784736144
K269G,269,K,G,low,-0.811005672254632,0.190553205,K,G,269,0,0.338075715095556
S287Q,287,S,Q,possibly_low,-0.811235259244784,0.570104515,S,Q,287,0,0.337972035194579
V119N,119,V,N,low,-0.811795856310448,0.401244505,V,N,119,0,0.337718873426931
S170W,170,S,W,low,-0.811887768600902,0.188446277,S,W,170,0,0.337677366470607
L25D,25,L,D,low,-0.81218680764219,0.232444572,L,D,25,0,0.337542322502442
F279T,279,F,T,low,-0.812423257483244,0.230852482,F,T,279,0,0.337435543385341
Y178P,178,Y,P,low,-0.813019980070675,0.369720432,Y,P,178,0,0.337166067581269
D375V,375,D,V,low,-0.814317531738436,0.177558158,D,V,375,0,0.336580102199098
M35R,35,M,R,low,-0.814430938871957,0.18619115,M,R,35,0,0.336528888319924
K66F,66,K,F,low,-0.814976201242063,0.129728603,K,F,66,0,0.336282651595005
N334P,334,N,P,low,-0.815325450082673,0.184789631,N,P,334,0,0.336124933227833
F258P,258,F,P,low,-0.816313822764846,0.166471414,F,P,258,0,0.335678590942723
V255T,255,V,T,low,-0.816609371931522,0.021656325,V,T,255,0,0.335545122977859
R161K,161,R,K,possibly_low,-0.816675387960081,0.778077727,R,K,161,0,0.335515310594765
D115P,115,D,P,low,-0.817315852848682,0.254332745,D,P,115,0,0.335226081069236
F341E,341,F,E,low,-0.818070681072804,0.05682248,F,E,341,0,0.334885205850305
P246T,246,P,T,low,-0.818662998301014,0.096262569,P,T,246,0,0.334617719476068
E91D,91,E,D,low,-0.818825284694534,0.445873141,E,D,91,0,0.334544432060266
N276S,276,N,S,low,-0.819100584182287,0.108964751,N,S,276,0,0.334420108710714
N276E,276,N,E,low,-0.819128907726185,0.104156354,N,E,276,0,0.334407317993676
F154R,154,F,R,low,-0.819130564004652,0.178564597,F,R,154,0,0.334406570029746
D252C,252,D,C,low,-0.820127429546909,0.157989089,D,C,252,0,0.333956392427609
R172G,172,R,G,low,-0.820206237404165,0.114229387,R,G,172,0,0.333920803342918
L320G,320,L,G,low,-0.820508043914706,0.16891167,L,G,320,0,0.33378450960473
D375T,375,D,T,low,-0.820622139303513,0.221345998,D,T,375,0,0.333732984914217
C218P,218,C,P,low,-0.821141199374547,0.221810745,C,P,218,0,0.333498580966806
K344D,344,K,D,low,-0.821293423318159,0.025764538,K,D,344,0,0.333429837683967
I280S,280,I,S,low,-0.821334321969146,0.181886652,I,S,280,0,0.333411368135316
F56S,56,F,S,low,-0.821573033595704,0.079568644,F,S,56,0,0.333303567611483
F104R,104,F,R,low,-0.821910965628012,0.292162078,F,R,104,0,0.333150959836872
A121T,121,A,T,low,-0.822078245812753,0.143937329,A,T,121,0,0.333075417259404
K254V,254,K,V,low,-0.822174823528356,0.179693774,K,V,254,0,0.333031803429266
F347A,347,F,A,low,-0.822480217109868,0.215523504,F,A,347,0,0.332893889794573
F337K,337,F,K,low,-0.822709377224126,0.287499677,F,K,337,0,0.332790402667805
S385F,385,S,F,low,-0.823887402328251,0.308486085,S,F,385,0,0.332258414657234
D252S,252,D,S,low,-0.824392175848227,0.15772134,D,S,252,0,0.332030462417726
Y188S,188,Y,S,low,-0.826737942944569,0.155353892,Y,S,188,0,0.330971130178984
N276Q,276,N,Q,low,-0.826746004988367,0.179335674,N,Q,276,0,0.33096748941562
F154S,154,F,S,low,-0.826821409659654,0.152974845,F,S,154,0,0.330933437186236
L193Q,193,L,Q,low,-0.826955271372525,0.276084011,L,Q,193,0,0.330872986160131
V275H,275,V,H,low,-0.827484410968501,0.181290869,V,H,275,0,0.330634030368789
G129K,129,G,K,low,-0.827604125357531,0.153372129,G,K,129,0,0.330579968176536
I122C,122,I,C,low,-0.827965289946158,0.217849752,I,C,122,0,0.330416868739759
L193P,193,L,P,low,-0.828000502610244,0.109698017,L,P,193,0,0.330400966943568
L140G,140,L,G,low,-0.828245357309275,0.351900568,L,G,140,0,0.330290392250583
F271K,271,F,K,low,-0.829868252767612,0.109017271,F,K,271,0,0.32955750385693
F243Q,243,F,Q,low,-0.830125263578625,0.18018789,F,Q,243,0,0.329441439547631
D331L,331,D,L,low,-0.830267597136151,0.190215845,D,L,331,0,0.329377162694922
F347K,347,F,K,low,-0.830375805578021,0.093863804,F,K,347,0,0.329328296509035
H196G,196,H,G,low,-0.831017557661624,0.129241515,H,G,196,0,0.329038485695123
H61S,61,H,S,low,-0.83130733546622,0.098152968,H,S,61,0,0.328907624037561
F104V,104,F,V,low,-0.831344509132488,0.137466608,F,V,104,0,0.328890836666312
D252V,252,D,V,low,-0.831524732194318,0.16724127,D,V,252,0,0.328809449174835
E242G,242,E,G,low,-0.831555040382755,0.102075108,E,G,242,0,0.328795762206014
A120W,120,A,W,low,-0.832269589911034,0.224689697,A,W,120,0,0.328473076568269
I300V,300,I,V,possibly_low,-0.833401346922163,0.738577978,I,V,300,0,0.327961982909321
K322P,322,K,P,low,-0.833441871235829,0.271182586,K,P,322,0,0.327943682408821
F215P,215,F,P,low,-0.833548703167125,0.060682356,F,P,215,0,0.327895437845613
V175A,175,V,A,low,-0.835087870530985,0.131402976,V,A,175,0,0.327200360481838
D58V,58,D,V,low,-0.835192924031636,0.169874222,D,V,58,0,0.327152919045642
L57I,57,L,I,low,-0.835238090128094,0.327359622,L,I,57,0,0.327132522348054
N31F,31,N,F,low,-0.836806765780638,0.16762522,N,F,31,0,0.326424119244668
I67Y,67,I,Y,low,-0.837211746224435,0.237988552,I,Y,67,0,0.326241232869954
K269F,269,K,F,low,-0.83749384683027,0.267479115,K,F,269,0,0.326113838182393
F243C,243,F,C,low,-0.837923896053461,0.267901311,F,C,243,0,0.325919630919838
F257G,257,F,G,low,-0.838007739732796,0.1444452,F,G,257,0,0.325881767692635
D252N,252,D,N,low,-0.838224138228036,0.190738914,D,N,252,0,0.325784043624981
S179I,179,S,I,low,-0.84012706427249,0.20675822,S,I,179,0,0.324924695350391
V166S,166,V,S,low,-0.840977647983572,0.15419363,V,S,166,0,0.324540577614106
H118L,118,H,L,low,-0.842220174691932,0.33142922,H,L,118,0,0.323979461124018
V275G,275,V,G,low,-0.843771303775059,0.080629894,V,G,275,0,0.323278981930339
L194S,194,L,S,low,-0.844538691344699,0.324853006,L,S,194,0,0.322932434997612
K322F,322,K,F,low,-0.844820964014356,0.118891598,K,F,322,0,0.322804962607215
P246C,246,P,C,low,-0.84503836862324,0.166232691,P,C,246,0,0.322706784185581
H272P,272,H,P,low,-0.845149188232114,0.194255357,H,P,272,0,0.322656738814688
Q171G,171,Q,G,low,-0.845622194304831,0.206404694,Q,G,171,0,0.322443132535219
V343S,343,V,S,low,-0.845868329631542,0.125104207,V,S,343,0,0.322331979519608
F271E,271,F,E,low,-0.84683211688918,0.331760159,F,E,271,0,0.321896739842619
V343R,343,V,R,low,-0.847585384717729,0.174481698,V,R,343,0,0.321556569287565
Y188E,188,Y,E,low,-0.84772093423221,0.142438026,Y,E,188,0,0.321495356061896
E201R,201,E,R,low,-0.849097812575621,0.204122671,E,R,201,0,0.320873567300226
L23D,23,L,D,low,-0.849827863609422,0.326617927,L,D,23,0,0.320543881289523
P30L,30,P,L,low,-0.851107395860621,0.162306424,P,L,30,0,0.319966053351567
P213G,213,P,G,low,-0.851694825688217,0.157097149,P,G,213,0,0.319700774093732
W274S,274,W,S,low,-0.851879222939554,0.206736667,W,S,274,0,0.319617501567069
F154G,154,F,G,low,-0.851992062656502,0.147642325,F,G,154,0,0.319566543929305
F337C,337,F,C,low,-0.852842135429976,0.144126327,F,C,337,0,0.319182656928919
Y27Q,27,Y,Q,low,-0.85297950540596,0.22937587,Y,Q,27,0,0.319120621595394
H61Q,61,H,Q,low,-0.853619727303667,0.180177563,H,Q,61,0,0.318831501802876
R172Y,172,R,Y,low,-0.853782370959473,0.155872435,R,Y,172,0,0.31875805304989
V133F,133,V,F,possibly_low,-0.854575884647258,0.401275605,V,F,133,0,0.318399707742436
H118K,118,H,K,low,-0.854993128907109,0.265053626,H,K,118,0,0.318211283112992
C211N,211,C,N,possibly_low,-0.85501138080685,0.522928563,C,N,211,0,0.318203040680977
N31L,31,N,L,low,-0.856139777976331,0.255737188,N,L,31,0,0.31769346430334
T277V,277,T,V,low,-0.856144079571873,0.082522886,T,V,277,0,0.317691521732467
N31A,31,N,A,low,-0.856260963445363,0.163745089,N,A,31,0,0.317638737781507
I253E,253,I,E,low,-0.856585302435759,0.174356442,I,E,253,0,0.317492268530854
C136L,136,C,L,low,-0.856710857800475,0.071483054,C,L,136,0,0.317435568594275
I253H,253,I,H,low,-0.857100343306071,0.077338188,I,H,253,0,0.317259679626763
V255E,255,V,E,low,-0.857217870777062,0.190357389,V,E,255,0,0.317206605031611
H196L,196,H,L,low,-0.857352366893184,0.075988107,H,L,196,0,0.317145867513374
I67E,67,I,E,low,-0.85760345398026,0.26657872,I,E,67,0,0.317032478316942
L57V,57,L,V,low,-0.858094432184824,0.097273265,L,V,57,0,0.31681075594671
Y346Q,346,Y,Q,low,-0.858408484122919,0.179603955,Y,Q,346,0,0.316668932257912
P95H,95,P,H,low,-0.85871830407908,0.145994917,P,H,95,0,0.316529019702962
N94P,94,N,P,low,-0.859252233879313,0.185836814,N,P,94,0,0.316287900688421
H196P,196,H,P,low,-0.86017436199014,0.161200119,H,P,196,0,0.315871473994752
Y138N,138,Y,N,low,-0.861153738755407,0.142122068,Y,N,138,0,0.315429194203659
M134R,134,M,R,low,-0.861264584633567,0.236403384,M,R,134,0,0.315379136969738
R172N,172,R,N,low,-0.861781378978704,0.253482865,R,N,172,0,0.315145756208512
T202I,202,T,I,low,-0.861826274501519,0.045124219,T,I,202,0,0.315125481700114
V166E,166,V,E,low,-0.862233158155069,0.194449608,V,E,166,0,0.314941735849005
I280R,280,I,R,low,-0.862352376054598,0.190926525,I,R,280,0,0.314887897867986
D153I,153,D,I,low,-0.862465795009297,0.160505008,D,I,153,0,0.31483667865045
V119W,119,V,W,low,-0.86263965302319,0.347552211,V,W,119,0,0.314758165570713
L345W,345,L,W,low,-0.862694000235018,0.175248503,L,W,345,0,0.314733622744758
M239S,239,M,S,low,-0.86279190717648,0.104562134,M,S,239,0,0.314689408645392
D58W,58,D,W,low,-0.862834873220257,0.267495046,D,W,58,0,0.314670005476418
W274L,274,W,L,low,-0.863084504988902,0.167737967,W,L,274,0,0.31455727349175
K344P,344,K,P,low,-0.863333036074474,0.274259613,K,P,344,0,0.314445038567965
W274Q,274,W,Q,low,-0.863800331204468,0.185547421,W,Q,274,0,0.314234011310834
P30V,30,P,V,low,-0.86390276565733,0.106484292,P,V,30,0,0.314187752618552
L345K,345,L,K,low,-0.865282016117244,0.181479464,L,K,345,0,0.313564892625433
Y188D,188,Y,D,low,-0.865541634154868,0.135015752,Y,D,188,0,0.313447650910583
N12L,12,N,L,low,-0.867208491262911,0.074570798,N,L,12,0,0.312694909739185
V217M,217,V,M,low,-0.867293820470355,0.222264722,V,M,217,0,0.312656375657736
K66L,66,K,L,low,-0.867487053395955,0.077821495,K,L,66,0,0.312569113001527
S380Q,380,S,Q,low,-0.87030020099747,0.300122135,S,Q,380,0,0.311298714950812
Y155Q,155,Y,Q,low,-0.870609785843523,0.228460435,Y,Q,155,0,0.311158908569965
F104S,104,F,S,low,-0.870664450913708,0.305298134,F,S,104,0,0.311134222201369
F337E,337,F,E,low,-0.870801011795691,0.139852016,F,E,337,0,0.311072552249113
F279S,279,F,S,low,-0.871198266442548,0.194583336,F,S,279,0,0.310893154791002
H141L,141,H,L,low,-0.871787624435719,0.041688159,H,L,141,0,0.310627004786894
R172S,172,R,S,low,-0.871969888621052,0.292248797,R,S,172,0,0.310544695538124
I253W,253,I,W,low,-0.872559044340722,0.230179413,I,W,253,0,0.310278636879334
F273W,273,F,W,low,-0.872662922290836,0.126280263,F,W,273,0,0.310231726313651
F271Y,271,F,Y,low,-0.873411364451592,0.169477256,F,Y,271,0,0.309893734996883
I67S,67,I,S,low,-0.873537115522487,0.101266673,I,S,67,0,0.309836946680744
N12I,12,N,I,low,-0.873739419232457,0.272271542,N,I,12,0,0.309745587720888
I122N,122,I,N,low,-0.874128596073946,0.004901185,I,N,122,0,0.309569838143957
K254P,254,K,P,low,-0.874649425381375,0.180134894,K,P,254,0,0.309334635221594
C105L,105,C,L,low,-0.874745192689513,0.218646875,C,L,105,0,0.309291387365877
F271G,271,F,G,low,-0.874848536059661,0.075866229,F,G,271,0,0.309244718212819
F206D,206,F,D,low,-0.875023874347807,0.248635591,F,D,206,0,0.309165536651441
E157P,157,E,P,low,-0.875790377955982,0.158619572,E,P,157,0,0.308819388909613
I67H,67,I,H,low,-0.876416091327168,0.38484314,I,H,67,0,0.308536821067587
L152D,152,L,D,low,-0.876503012453329,0.103904691,L,D,152,0,0.308497568086627
H272I,272,H,I,low,-0.876663247215631,0.279698703,H,I,272,0,0.30842520717333
Y225E,225,Y,E,low,-0.877730158494882,0.23259929,Y,E,225,0,0.307943397399567
F347H,347,F,H,low,-0.877750988725019,0.105122078,F,H,347,0,0.307933990611332
F271R,271,F,R,low,-0.877828996682524,0.135724964,F,R,271,0,0.307898762755851
I28G,28,I,G,low,-0.878116978981439,0.150787811,I,G,28,0,0.307768711936269
F279K,279,F,K,low,-0.87833914621183,0.156670288,F,K,279,0,0.307668382747615
Q171P,171,Q,P,low,-0.879049415159995,0.121467692,Q,P,171,0,0.307347630190321
Y88R,88,Y,R,low,-0.879360714076944,0.097569203,Y,R,88,0,0.307207049746882
I253S,253,I,S,low,-0.880067242278818,0.119503911,I,S,253,0,0.306887986484808
Y188M,188,Y,M,low,-0.881690114094798,0.164606869,Y,M,188,0,0.306155108767879
F273E,273,F,E,low,-0.881956193063252,0.133715945,F,E,273,0,0.306034949341236
P95D,95,P,D,low,-0.882065085820016,0.153944557,P,D,95,0,0.305985774123464
P204T,204,P,T,low,-0.882276082036641,0.064366548,P,T,204,0,0.305890489687566
Y346P,346,Y,P,low,-0.882609494438336,0.148833035,Y,P,346,0,0.305739922946962
Y188Q,188,Y,Q,low,-0.883239967804101,0.150107924,Y,Q,188,0,0.30545520552422
F241D,241,F,D,low,-0.883306648445589,0.194926713,F,D,241,0,0.305425093006512
V255G,255,V,G,low,-0.883703246360303,0.123669492,V,G,255,0,0.305245992124106
F347R,347,F,R,low,-0.884015740529753,0.14340822,F,R,347,0,0.305104871912882
N69R,69,N,R,low,-0.884318624081011,0.175616278,N,R,69,0,0.304968091790536
M239R,239,M,R,low,-0.885319453658488,0.272821193,M,R,239,0,0.304516124057439
T277A,277,T,A,low,-0.886242783589138,0.11986524,T,A,277,0,0.304099154630228
V166R,166,V,R,low,-0.887693431340799,0.191039791,V,R,166,0,0.303444052112681
V217E,217,V,E,low,-0.888013516020367,0.253604627,V,E,217,0,0.30329950407945
D252G,252,D,G,low,-0.888389555592051,0.120108999,D,G,252,0,0.303129687202937
W274G,274,W,G,low,-0.888792138963524,0.17031644,W,G,274,0,0.302947883329549
T348F,348,T,F,low,-0.889251767402471,0.221475891,T,F,348,0,0.302740318297207
V175S,175,V,S,low,-0.890259086806993,0.196979262,V,S,175,0,0.302285419802985
A148R,148,A,R,low,-0.890346937865869,0.177169028,A,R,148,0,0.302245746870826
S170R,170,S,R,low,-0.890387361042785,0.126701067,S,R,170,0,0.302227492042984
F257E,257,F,E,low,-0.890663995010254,0.157558319,F,E,257,0,0.302102566051598
Y346E,346,Y,E,low,-0.891510814332688,0.163215493,Y,E,346,0,0.301720148287259
F145R,145,F,R,low,-0.891767035751664,0.238039444,F,R,145,0,0.301604440461959
F258G,258,F,G,low,-0.892174754768501,0.236290543,F,G,258,0,0.301420317366552
H61N,61,H,N,low,-0.892973308218758,0.070389671,H,N,61,0,0.301059696137132
H196F,196,H,F,low,-0.894347488706522,0.115613311,H,F,196,0,0.300439125708462
K237I,237,K,I,possibly_low,-0.8948230192576,0.642735073,K,I,237,0,0.30022437939198
F195S,195,F,S,low,-0.894993568654953,0.124936198,F,S,195,0,0.300147360460648
K254T,254,K,T,low,-0.895136590467765,0.239555133,K,T,254,0,0.300082772796599
F195G,195,F,G,low,-0.895457813920871,0.157810967,F,G,195,0,0.299937710501094
F337S,337,F,S,low,-0.895479356048652,0.324189639,F,S,337,0,0.299927982224794
L108T,108,L,T,low,-0.895558170473229,0.195205664,L,T,108,0,0.299892390174346
V85D,85,V,D,low,-0.89588156114241,0.171258089,V,D,85,0,0.299746349179012
L112A,112,L,A,low,-0.896225441854476,0.079013456,L,A,112,0,0.299591055021659
N31W,31,N,W,low,-0.896771978284941,0.181496106,N,W,31,0,0.299344242939871
T348D,348,T,D,low,-0.897217469907762,0.15938907,T,D,348,0,0.29914306199617
Y88A,88,Y,A,low,-0.897665753955657,0.157736662,Y,A,88,0,0.298940620012569
C124R,124,C,R,low,-0.898280464436506,0.166284832,C,R,124,0,0.298663020999917
C71I,71,C,I,low,-0.898431550920045,0.26509367,C,I,71,0,0.298594791386202
F341P,341,F,P,low,-0.898594937996638,0.05940513,F,P,341,0,0.298521006909516
I28Q,28,I,Q,low,-0.898622453759999,0.153842532,I,Q,28,0,0.298508580980596
C105S,105,C,S,low,-0.898666142209133,0.119621615,C,S,105,0,0.298488851578347
V255R,255,V,R,low,-0.898734395067374,0.239507725,V,R,255,0,0.298458029058398
L320S,320,L,S,low,-0.89901724960171,0.119010825,L,S,320,0,0.298330293901927
F341G,341,F,G,low,-0.899330418891804,0.123784487,F,G,341,0,0.298188868810878
Q245P,245,Q,P,low,-0.899381356350341,0.251696405,Q,P,245,0,0.298165865805988
I280D,280,I,D,low,-0.899588318918139,0.108938076,I,D,280,0,0.298072402938074
F347G,347,F,G,low,-0.89973794482939,0.120283321,F,G,347,0,0.298004832908728
T202A,202,T,A,low,-0.899890814997432,0.15665279,T,A,202,0,0.297935797795395
V255S,255,V,S,low,-0.900539316974009,0.108300285,V,S,255,0,0.297642938776379
N69H,69,N,H,possibly_low,-0.900816627375586,0.511918357,N,H,69,0,0.297517707312016
L247G,247,L,G,low,-0.90121288510305,0.071332972,L,G,247,0,0.297338760055825
I28R,28,I,R,low,-0.902048257584217,0.117795921,I,R,28,0,0.296961511606038
I122Q,122,I,Q,low,-0.902054028946297,0.264638277,I,Q,122,0,0.296958905298735
L57P,57,L,P,low,-0.902513373676958,0.180822795,L,P,57,0,0.296751468387098
V133W,133,V,W,low,-0.902535498982883,0.179133554,V,W,133,0,0.296741476751571
Y155N,155,Y,N,low,-0.902668937760254,0.072495313,Y,N,155,0,0.29668121672022
F154E,154,F,E,low,-0.903119223527723,0.102241861,F,E,154,0,0.296477870773868
V217T,217,V,T,low,-0.903269620442511,0.136786307,V,T,217,0,0.296409952564643
Y27G,27,Y,G,low,-0.904963876415594,0.058790307,Y,G,27,0,0.295644838254801
K66H,66,K,H,low,-0.905131227527406,0.13983352,K,H,66,0,0.295569263647157
P246Y,246,P,Y,low,-0.905173937445646,0.059360467,P,Y,246,0,0.295549976142708
F271A,271,F,A,low,-0.905901823890301,0.034762004,F,A,271,0,0.295221267645531
F241C,241,F,C,low,-0.906117421172326,0.148084714,F,C,241,0,0.295123905400238
L345E,345,L,E,low,-0.90625822848435,0.122561845,L,E,345,0,0.295060317789469
L139R,139,L,R,low,-0.906347006849014,0.105828672,L,R,139,0,0.295020226092413
P204R,204,P,R,low,-0.906737770355362,0.269515999,P,R,204,0,0.294843759988577
V217H,217,V,H,low,-0.907491933966555,0.181194853,V,H,217,0,0.294503184904261
W274M,274,W,M,low,-0.907669930706418,0.223214873,W,M,274,0,0.294422802804426
I280G,280,I,G,low,-0.908111104972125,0.159206671,I,G,280,0,0.294223571549415
V343G,343,V,G,low,-0.908341019014885,0.140385969,V,G,343,0,0.294119743953736
I67K,67,I,K,low,-0.908436029767593,0.155945073,I,K,67,0,0.294076837753233
A72Y,72,A,Y,low,-0.909784065748712,0.254096335,A,Y,72,0,0.293468074003409
V343N,343,V,N,low,-0.909819924637228,0.082959302,V,N,343,0,0.293451880376723
R55I,55,R,I,low,-0.91209601770697,0.165250168,R,I,55,0,0.292424012447756
D107W,107,D,W,low,-0.912157536433808,0.231111965,D,W,107,0,0.292396231015095
L108E,108,L,E,low,-0.912168653595539,0.243938818,L,E,108,0,0.292391210581548
V249E,249,V,E,low,-0.912558986285601,0.115538246,V,E,249,0,0.292214939031375
V275P,275,V,P,low,-0.912674087788052,0.231859267,V,P,275,0,0.29216295998688
V133R,133,V,R,possibly_low,-0.912744284573439,0.398381084,V,R,133,0,0.292131259602843
F90R,90,F,R,low,-0.913424593401204,0.146488568,F,R,90,0,0.291824036829245
D107Y,107,D,Y,low,-0.914811209768843,0.047277506,D,Y,107,0,0.29119785044301
N276L,276,N,L,low,-0.915005628752695,0.078636297,N,L,276,0,0.291110052171077
P246L,246,P,L,low,-0.915348327346902,0.253762161,P,L,246,0,0.290955291849994
D107A,107,D,A,low,-0.915428292366196,0.151081601,D,A,107,0,0.290919180198909
F215E,215,F,E,low,-0.915758520930458,0.116457364,F,E,215,0,0.290770051257327
L108A,108,L,A,low,-0.916548698418952,0.144843366,L,A,108,0,0.290413212554459
V343H,343,V,H,low,-0.917472518271782,0.224473887,V,H,343,0,0.289996021881771
F243H,243,F,H,low,-0.917496936886353,0.221796438,F,H,243,0,0.289984994603879
P204V,204,P,V,low,-0.917643830791886,0.19506236,P,V,204,0,0.289918658329468
L140T,140,L,T,low,-0.91790846363616,0.114207935,L,T,140,0,0.289799151962529
F337T,337,F,T,low,-0.91923660588718,0.125352049,F,T,337,0,0.289199372083984
I122A,122,I,A,low,-0.92008165991361,0.104052205,I,A,122,0,0.288817751515142
D252I,252,D,I,low,-0.92015790782897,0.159074857,D,I,252,0,0.288783318482552
F279P,279,F,P,possibly_low,-0.920240724379232,0.334973486,F,P,279,0,0.288745919099752
I253G,253,I,G,low,-0.920903212123543,0.131267731,I,G,253,0,0.288446744204506
N31D,31,N,D,low,-0.921117024407601,0.364056622,N,D,31,0,0.288350188051982
N262W,262,N,W,low,-0.9211804975693,0.257957813,N,W,262,0,0.28832152401002
E256F,256,E,F,low,-0.921243893236605,0.235364146,E,F,256,0,0.288292894963991
Y65S,65,Y,S,low,-0.921290915258102,0.138071792,Y,S,65,0,0.288271660143459
F104P,104,F,P,possibly_low,-0.921851006640015,0.647231749,F,P,104,0,0.288018726739104
R55W,55,R,W,low,-0.922903552560352,0.199985044,R,W,55,0,0.287543404262329
F257R,257,F,R,low,-0.922993687733625,0.15313062,F,R,257,0,0.287502699839865
Y177F,177,Y,F,low,-0.923000677990563,0.107394441,Y,F,177,0,0.287499543088053
M270G,270,M,G,low,-0.924868702661967,0.06950338,M,G,270,0,0.28665595603277
T277K,277,T,K,low,-0.925212255007962,0.06566733,T,K,277,0,0.286500810163269
Q110P,110,Q,P,low,-0.925569543563476,0.177808695,Q,P,110,0,0.286339461116307
T131R,131,T,R,low,-0.926153927467389,0.185676743,T,R,131,0,0.286075557376596
D252E,252,D,E,low,-0.926756527807507,0.111548724,D,E,252,0,0.285803427219958
L152C,152,L,C,low,-0.927606540161623,0.157907808,L,C,152,0,0.285419567504538
F347N,347,F,N,low,-0.928111066750314,0.140391595,F,N,347,0,0.285191726777495
Y138T,138,Y,T,low,-0.928655472741705,0.090431003,Y,T,138,0,0.284945876787296
L320N,320,L,N,low,-0.928683886914639,0.144668375,L,N,320,0,0.284933045142811
M239G,239,M,G,low,-0.929192612648657,0.124908887,M,G,239,0,0.284703308110706
W274R,274,W,R,low,-0.930180107936686,0.14497391,W,R,274,0,0.284257362050739
F56D,56,F,D,low,-0.930211493165838,0.173864537,F,D,56,0,0.284243188697761
L325S,325,L,S,low,-0.931419068589506,0.372834463,L,S,325,0,0.283697855966733
K66E,66,K,E,low,-0.931595151611902,0.135612876,K,E,66,0,0.283618338088504
Y177G,177,Y,G,low,-0.93282780106882,0.095466481,Y,G,177,0,0.28306168209703
L140E,140,L,E,low,-0.934233234125843,0.189163111,L,E,140,0,0.282426998223674
Y68V,68,Y,V,low,-0.935171838332695,0.116529764,Y,V,68,0,0.282003131038698
C136E,136,C,E,low,-0.93547544428931,0.185617775,C,E,136,0,0.281866024683076
F215K,215,F,K,low,-0.935635985088792,0.131618218,F,K,215,0,0.2817935255655
F243T,243,F,T,low,-0.935691871680765,0.233009083,F,T,243,0,0.281768287566091
Y240P,240,Y,P,low,-0.935788252376725,0.191973744,Y,P,240,0,0.281724762708665
M270S,270,M,S,low,-0.936723385097464,0.04763656,M,S,270,0,0.28130246322287
N31P,31,N,P,low,-0.936862827720094,0.184087913,N,P,31,0,0.281239491896417
F337G,337,F,G,low,-0.936944322925283,0.052914611,F,G,337,0,0.281202689223937
V217K,217,V,K,low,-0.93712448688122,0.11340532,V,K,217,0,0.281121328424274
M270V,270,M,V,low,-0.937499917005475,0.180663473,M,V,270,0,0.280951786770016
P246E,246,P,E,low,-0.937524493235761,0.138607543,P,E,246,0,0.280940688313954
V343Q,343,V,Q,low,-0.937793859805327,0.136081761,V,Q,343,0,0.280819044229328
I122T,122,I,T,low,-0.938194991798762,0.147678236,I,T,122,0,0.280637895788249
A151D,151,A,D,low,-0.938736362374184,0.184645439,A,D,151,0,0.280393416570963
P213E,213,P,E,low,-0.938825806665242,0.139623364,P,E,213,0,0.28035302414614
L152W,152,L,W,low,-0.938983222733182,0.214855631,L,W,152,0,0.280281936135773
Y177I,177,Y,I,low,-0.939082340688718,0.098100852,Y,I,177,0,0.280237175150805
F243A,243,F,A,low,-0.939609037241119,0.084586398,F,A,243,0,0.279999322621088
Y65E,65,Y,E,low,-0.939835136983588,0.242248074,Y,E,65,0,0.279897217537108
Y138G,138,Y,G,low,-0.940505489752053,0.174433243,Y,G,138,0,0.27959449085121
W111N,111,W,N,low,-0.940590929290497,0.464185948,W,N,111,0,0.279555906945042
L345D,345,L,D,low,-0.94067594852037,0.145419261,L,D,345,0,0.279517512847325
F56G,56,F,G,low,-0.940838190256103,0.072817265,F,G,56,0,0.279444245598672
Y68E,68,Y,E,low,-0.941861968681613,0.074608801,Y,E,68,0,0.278981914324112
C105G,105,C,G,low,-0.9424132046873,0.131497922,C,G,105,0,0.278732979946573
N212P,212,N,P,low,-0.94302580180411,0.151178944,N,P,212,0,0.278456335314543
L152N,152,L,N,low,-0.943268265998138,0.148327902,L,N,152,0,0.278346840157127
F273G,273,F,G,low,-0.943675362432903,0.14202994,F,G,273,0,0.278162998215489
Y68Q,68,Y,Q,low,-0.944270470772724,0.350082823,Y,Q,68,0,0.277894251394502
A148E,148,A,E,low,-0.944357651964813,0.251329081,A,E,148,0,0.277854880969563
V175K,175,V,K,low,-0.944547626185516,0.16750259,V,K,175,0,0.277769089922005
Y178Q,178,Y,Q,low,-0.944555763096778,0.072504799,Y,Q,178,0,0.277765415349011
F241R,241,F,R,low,-0.944895645623552,0.148905166,F,R,241,0,0.277611926744555
F243S,243,F,S,low,-0.945025486822239,0.116581952,F,S,243,0,0.27755329135492
F337R,337,F,R,low,-0.945794935217347,0.228285319,F,R,337,0,0.277205813767628
F154V,154,F,V,low,-0.946070498711423,0.10394436,F,V,154,0,0.277081371194642
S179P,179,S,P,possibly_low,-0.946458724604767,0.562326301,S,P,179,0,0.276906051059333
F56Q,56,F,Q,low,-0.946959297665952,0.341445303,F,Q,56,0,0.27667999571804
F347E,347,F,E,low,-0.947177381335874,0.146054357,F,E,347,0,0.276581510637124
Y174V,174,Y,V,low,-0.948411507126651,0.121784462,Y,V,174,0,0.276024187943464
F195A,195,F,A,low,-0.948427246369209,0.164965618,F,A,195,0,0.2760170802101
V343Y,343,V,Y,low,-0.948506014822536,0.087722861,V,Y,343,0,0.275981508919952
A148K,148,A,K,low,-0.948719268884272,0.25981212,A,K,148,0,0.275885204856777
N276F,276,N,F,low,-0.948831929970077,0.210035135,N,F,276,0,0.275834327887605
F271V,271,F,V,low,-0.949038598321875,0.192015468,F,V,271,0,0.275740997885607
Y188C,188,Y,C,low,-0.949142196504095,0.127870219,Y,C,188,0,0.275694213661175
G208E,208,G,E,low,-0.949517290381493,0.269516544,G,E,208,0,0.275524823853678
I28H,28,I,H,low,-0.950098968548973,0.42320401,I,H,28,0,0.275262142005875
K197D,197,K,D,low,-0.950550021379587,0.268837477,K,D,197,0,0.275058449659098
A121E,121,A,E,low,-0.950646093411439,0.092307449,A,E,121,0,0.275015064192254
F273Y,273,F,Y,low,-0.950732307893813,0.160993703,F,Y,273,0,0.274976130326753
M239P,239,M,P,low,-0.951203182213992,0.133198026,M,P,239,0,0.274763486732025
D115V,115,D,V,low,-0.951359351804323,0.157877014,D,V,115,0,0.274692961622347
Y377M,377,Y,M,low,-0.951406289764105,0.071079767,Y,M,377,0,0.274671764763505
F104T,104,F,T,low,-0.951465634707548,0.083961967,F,T,104,0,0.274644964996429
L57S,57,L,S,low,-0.952048340004101,0.253174635,L,S,57,0,0.274381819304222
F337P,337,F,P,low,-0.952109938852261,0.206725894,F,P,337,0,0.274354001689324
M270R,270,M,R,low,-0.952437815001983,0.142866756,M,R,270,0,0.274205935081921
A151E,151,A,E,low,-0.9529405789216,0.178312986,A,E,151,0,0.273978890364073
V166P,166,V,P,low,-0.952964309280884,0.152284348,V,P,166,0,0.273968173897521
I135S,135,I,S,low,-0.953077858268548,0.125300521,I,S,135,0,0.273916895957994
I122R,122,I,R,low,-0.953327032951621,0.124067513,I,R,122,0,0.273804370390017
V343W,343,V,W,low,-0.954091688515543,0.151675076,V,W,343,0,0.273459057212226
V85R,85,V,R,low,-0.955588718631591,0.109162386,V,R,85,0,0.272783008738885
F243D,243,F,D,low,-0.955751867971148,0.187834709,F,D,243,0,0.272709331622605
F273R,273,F,R,low,-0.955979806563619,0.154482594,F,R,273,0,0.27260639612665
F271Q,271,F,Q,low,-0.956659755502169,0.185521485,F,Q,271,0,0.272299335876539
F278K,278,F,K,low,-0.957390170365578,0.126069034,F,K,278,0,0.271969485562894
V255Q,255,V,Q,low,-0.9573956054808,0.269843945,V,Q,255,0,0.271967031102354
H61D,61,H,D,low,-0.957542865842869,0.220204321,H,D,61,0,0.271900529338699
L325R,325,L,R,low,-0.957809114248217,0.072345448,L,R,325,0,0.271780293395524
F241A,241,F,A,low,-0.957849857910418,0.335772537,F,A,241,0,0.271761893838739
I28S,28,I,S,low,-0.957999117365133,0.185032794,I,S,28,0,0.271694489298636
L140P,140,L,P,low,-0.958715880080737,0.146292969,L,P,140,0,0.271370804200763
H64P,64,H,P,low,-0.960358248960602,0.102723293,H,P,64,0,0.270629121744282
L345R,345,L,R,low,-0.960508978181854,0.161617404,L,R,345,0,0.27056105346775
F279E,279,F,E,low,-0.960558767672605,0.123555096,F,E,279,0,0.270538568877194
V217R,217,V,R,low,-0.96086416256758,0.117809561,V,R,217,0,0.270400654649349
V275R,275,V,R,low,-0.961060157708576,0.070199915,V,R,275,0,0.270312144595722
F215R,215,F,R,low,-0.961122101997844,0.167110475,F,R,215,0,0.270284170982003
M270N,270,M,N,low,-0.961412863587192,0.107788788,M,N,270,0,0.270152865054035
V53P,53,V,P,low,-0.961473474710207,0.194428593,V,P,53,0,0.270125493488999
V175E,175,V,E,low,-0.962342810750923,0.198157393,V,E,175,0,0.269732907330012
L140A,140,L,A,low,-0.963642048906829,0.201121064,L,A,140,0,0.269146180341429
D58I,58,D,I,low,-0.963647242344623,0.050946777,D,I,58,0,0.269143835020747
V217Q,217,V,Q,low,-0.9636512667992,0.168067365,V,Q,217,0,0.269142017604822
Y68M,68,Y,M,low,-0.963856146212638,0.029116573,Y,M,68,0,0.269049495475048
K66G,66,K,G,low,-0.964411392224795,0.101016512,K,G,66,0,0.268798750206249
Y178G,178,Y,G,low,-0.964461464110367,0.083032541,Y,G,178,0,0.268776138088139
A151R,151,A,R,low,-0.964473868467099,0.127645968,A,R,151,0,0.268770536366209
F243R,243,F,R,low,-0.964880586624149,0.111412706,F,R,243,0,0.268586865252177
F271P,271,F,P,low,-0.964958367352332,0.077725906,F,P,271,0,0.26855174001189
L320E,320,L,E,low,-0.965757991275983,0.217159292,L,E,320,0,0.268190635364069
Y346R,346,Y,R,low,-0.965770469186716,0.196336184,Y,R,346,0,0.26818500042566
I67T,67,I,T,low,-0.966158784395632,0.127222341,I,T,67,0,0.268009639956055
P95T,95,P,T,low,-0.966655732295383,0.077977757,P,T,95,0,0.267785221712657
D252M,252,D,M,low,-0.966836384860036,0.13320136,D,M,252,0,0.267703640260668
I253R,253,I,R,low,-0.966925232838307,0.160070586,I,R,253,0,0.267663517126587
L140H,140,L,H,low,-0.967013850960327,0.024172696,L,H,140,0,0.267623497794003
F215N,215,F,N,low,-0.967061020089824,0.176157821,F,N,215,0,0.267602196540512
P213K,213,P,K,low,-0.968595101719961,0.021736126,P,K,213,0,0.266909415859003
A121K,121,A,K,low,-0.969129320482338,0.179894919,A,K,121,0,0.266668166351151
D252A,252,D,A,low,-0.970810305212258,0.124506348,D,A,252,0,0.265909045243172
Y177C,177,Y,C,low,-0.972115184697279,0.132767851,Y,C,177,0,0.265319770669276
F215G,215,F,G,low,-0.972629866991842,0.147960952,F,G,215,0,0.26508734369552
Y346G,346,Y,G,low,-0.973237613485038,0.095675263,Y,G,346,0,0.264812889571652
V275S,275,V,S,low,-0.973370781688766,0.138766767,V,S,275,0,0.264752751729492
D252H,252,D,H,low,-0.973396999749411,0.163440919,D,H,252,0,0.264740911834166
L152G,152,L,G,low,-0.973631133952926,0.129888661,L,G,152,0,0.264635178443003
Y188P,188,Y,P,low,-0.974395433568027,0.288245442,Y,P,188,0,0.264290026009244
Y178K,178,Y,K,low,-0.974957181228407,0.124051012,Y,K,178,0,0.264036344640959
L139Q,139,L,Q,low,-0.975095072649713,0.28829774,L,Q,139,0,0.263974073826323
R189P,189,R,P,low,-0.97555632453052,0.160986234,R,P,189,0,0.263765775658836
Y65P,65,Y,P,low,-0.975762986314996,0.135195846,Y,P,65,0,0.263672448622596
Y65G,65,Y,G,low,-0.975766268662251,0.141721562,Y,G,65,0,0.263670966337218
F154D,154,F,D,low,-0.977381444890969,0.11398338,F,D,154,0,0.26294156389441
I67R,67,I,R,low,-0.977733109192404,0.149602462,I,R,67,0,0.262782754721792
Y68S,68,Y,S,low,-0.977736009321551,0.134562866,Y,S,68,0,0.262781445043476
L152T,152,L,T,low,-0.978060805397519,0.119852193,L,T,152,0,0.262634769376132
Y188A,188,Y,A,low,-0.978180606475191,0.175604668,Y,A,188,0,0.262580668035887
T277D,277,T,D,low,-0.978735668602348,0.118438925,T,D,277,0,0.262330005808286
Y68G,68,Y,G,low,-0.979241034494718,0.30072013,Y,G,68,0,0.262101786057492
V369R,369,V,R,possibly_low,-0.980249888025528,0.497857142,V,R,369,0,0.261646194762422
I253A,253,I,A,low,-0.980562983761621,0.132217657,I,A,253,0,0.261504802887852
Y155R,155,Y,R,low,-0.980861264934015,0.030567164,Y,R,155,0,0.261370101168053
S59P,59,S,P,low,-0.981247824041179,0.120974079,S,P,59,0,0.261195533741885
I253D,253,I,D,low,-0.98190647646977,0.281210778,I,D,253,0,0.26089809084876
N276A,276,N,A,low,-0.982723765174626,0.146625251,N,A,276,0,0.260529008907606
L247H,247,L,H,low,-0.982800732868415,0.228213644,L,H,247,0,0.260494250828043
T277G,277,T,G,low,-0.983036587710147,0.150656532,T,G,277,0,0.26038774040853
F279R,279,F,R,low,-0.983590206340052,0.191458642,F,R,279,0,0.26013773005433
I122G,122,I,G,low,-0.984352839168971,0.101844323,I,G,122,0,0.259793330329713
T277Q,277,T,Q,low,-0.984585313153627,0.303971322,T,Q,277,0,0.259688346681934
A151G,151,A,G,low,-0.984870496460145,0.09987725,A,G,151,0,0.25955955986801
L57R,57,L,R,low,-0.98527810777291,0.175661584,L,R,57,0,0.259375485411018
Y188R,188,Y,R,low,-0.986442388786729,0.213768569,Y,R,188,0,0.258849704136817
F241L,241,F,L,low,-0.986468202300374,0.105171151,F,L,241,0,0.258838046932126
F243K,243,F,K,low,-0.987042510619736,0.165153581,F,K,243,0,0.258578693256893
T277R,277,T,R,low,-0.987095976497028,0.132693432,T,R,277,0,0.258554548435535
I67D,67,I,D,low,-0.987206378424258,0.296855257,I,D,67,0,0.258504691686791
Y88G,88,Y,G,low,-0.987694741521426,0.081601216,Y,G,88,0,0.258284150281019
V217G,217,V,G,low,-0.987701827661257,0.132863331,V,G,217,0,0.258280950229154
V343E,343,V,E,low,-0.988482218527345,0.120661482,V,E,343,0,0.257928531097453
D395N,395,D,N,possibly_low,-0.988709537164672,0.557833195,D,N,395,0,0.257825875568964
A137D,137,A,D,low,-0.988781717281134,0.103928992,A,D,137,0,0.257793279526294
F195R,195,F,R,low,-0.98930046606113,0.150165258,F,R,195,0,0.257559016155768
L98R,98,L,R,low,-0.989644898428197,0.127535866,L,R,98,0,0.257403472874822
L325P,325,L,P,low,-0.989910843423295,0.160762755,L,P,325,0,0.257283373949623
W274K,274,W,K,low,-0.990199332719424,0.207341588,W,K,274,0,0.257153094173597
P246R,246,P,R,low,-0.992096909023835,0.188331711,P,R,246,0,0.256296161804706
Y68K,68,Y,K,low,-0.994123583106146,0.103549428,Y,K,68,0,0.255380929769879
F273S,273,F,S,low,-0.994554430915624,0.178403405,F,S,273,0,0.255186361871266
L139S,139,L,S,low,-0.994590870355355,0.325939921,L,S,139,0,0.255169906071656
V53K,53,V,K,low,-0.995405349560099,0.130904367,V,K,53,0,0.254802092881371
F257D,257,F,D,low,-0.995679625859172,0.122002381,F,D,257,0,0.254678231596769
I67A,67,I,A,low,-0.995739916496902,0.099362807,I,A,67,0,0.254651004760677
D115L,115,D,L,low,-0.995791512001048,0.218432422,D,L,115,0,0.25462770458693
P30I,30,P,I,low,-0.996645660454206,0.324472756,P,I,30,0,0.254241977037715
D252F,252,D,F,low,-0.99689817133657,0.12466661,D,F,252,0,0.254127944865152
T277L,277,T,L,low,-0.99692250720289,0.162211031,T,L,277,0,0.2541169549558
A137R,137,A,R,low,-0.996945023921173,0.203232789,A,R,137,0,0.254106786561152
L146T,146,L,T,possibly_low,-0.998964208630116,0.726151937,L,T,146,0,0.253194936675674
D153P,153,D,P,low,-0.99921876588984,0.125379996,D,P,153,0,0.253079980373212
Q214P,214,Q,P,low,-1,0.203368092,Q,P,214,0,0.252727180438305
L325G,325,L,G,low,-1.00011127144059,0.180219129,L,G,325,0,0.252676931023326
S170G,170,S,G,low,-1.00027674561193,0.131512814,S,G,170,0,0.252602204029051
D252R,252,D,R,low,-1.00031072230613,0.128142573,D,R,252,0,0.252586860388334
E106P,106,E,P,low,-1.00147885308377,0.121639827,E,P,106,0,0.252059340587348
I28E,28,I,E,low,-1.00163748673311,0.269056429,I,E,28,0,0.25198770272562
V119G,119,V,G,low,-1.00188886672272,0.06641572,V,G,119,0,0.251874181256424
R378Y,378,R,Y,possibly_low,-1.00193644039922,0.617707339,R,Y,378,0,0.251852697312297
N31V,31,N,V,low,-1.00244421912548,0.189390355,N,V,31,0,0.251623387942363
Y68R,68,Y,R,low,-1.00270325529843,0.120158966,Y,R,68,0,0.251506408993586
A121D,121,A,D,low,-1.00316446646184,0.267205712,A,D,121,0,0.251298129213794
F257N,257,F,N,low,-1.0035590547762,0.055675291,F,N,257,0,0.251119935853045
V53R,53,V,R,low,-1.00543898206097,0.097227441,V,R,53,0,0.250270973659675
A137K,137,A,K,low,-1.00619233789163,0.124451225,A,K,137,0,0.249930763363475
Y178D,178,Y,D,low,-1.00632631518936,0.234786546,Y,D,178,0,0.249870260140045
D252P,252,D,P,low,-1.00662652321386,0.161994717,D,P,252,0,0.249734688267126
F341S,341,F,S,low,-1.0068317887858,0.26965684,F,S,341,0,0.249641991750836
V175G,175,V,G,low,-1.00745286431459,0.119198023,V,G,175,0,0.249361518326442
L112H,112,L,H,low,-1.00753392870349,0.158693923,L,H,112,0,0.249324910207627
L108G,108,L,G,low,-1.00791776631265,0.105872047,L,G,108,0,0.249151571791184
D107P,107,D,P,low,-1.00811567123072,0.083825643,D,P,107,0,0.249062199295404
I28D,28,I,D,low,-1.00867171320224,0.148595504,I,D,28,0,0.248811094576848
F243Y,243,F,Y,low,-1.00883246152907,0.116791982,F,Y,243,0,0.248738501741353
L57E,57,L,E,low,-1.00921314157009,0.126211688,L,E,57,0,0.2485665892609
L57N,57,L,N,low,-1.00924579691921,0.137044657,L,N,57,0,0.248551842330506
M134E,134,M,E,low,-1.01013772848606,0.05861369,M,E,134,0,0.248149052187789
T277M,277,T,M,low,-1.01032288360629,0.18727461,T,M,277,0,0.248065437412762
Y88S,88,Y,S,low,-1.01095910206485,0.099984207,Y,S,88,0,0.247778125545745
L140S,140,L,S,low,-1.0110097965325,0.147385181,L,S,140,0,0.247755232273864
I122S,122,I,S,low,-1.01146771090055,0.402875253,I,S,122,0,0.247548441304115
R142P,142,R,P,low,-1.01173372419579,0.126015539,R,P,142,0,0.247428311535042
T277F,277,T,F,low,-1.01207436196453,0.114150656,T,F,277,0,0.247274481868524
F279N,279,F,N,low,-1.0125373069008,0.202726415,F,N,279,0,0.247065419128869
F90K,90,F,K,low,-1.01256440760945,0.240797611,F,K,90,0,0.247053180635794
L57G,57,L,G,low,-1.01257288733489,0.091768691,L,G,57,0,0.247049351250281
H61R,61,H,R,low,-1.01437618185927,0.081282528,H,R,61,0,0.246234995882862
L345P,345,L,P,low,-1.01522955799543,0.120759524,L,P,345,0,0.245849617106675
L57A,57,L,A,low,-1.01550661358493,0.22326752,L,A,57,0,0.245724500713689
V133D,133,V,D,low,-1.01559961342382,0.224946316,V,D,133,0,0.245682502627993
C105D,105,C,D,low,-1.01571386117448,0.104211303,C,D,105,0,0.245630909131918
F271D,271,F,D,low,-1.01616140574198,0.011950599,F,D,271,0,0.245428801092562
L112G,112,L,G,low,-1.01678744353885,0.143472281,L,G,112,0,0.245146086742136
L108W,108,L,W,low,-1.01867599240321,0.148718394,L,W,108,0,0.244293231102897
D252L,252,D,L,low,-1.01982665673276,0.076850587,D,L,252,0,0.243773599029379
V119E,119,V,E,low,-1.01984328519064,0.067391321,V,E,119,0,0.24376608973251
N184I,184,N,I,low,-1.02008162773374,0.116734458,N,I,184,0,0.24365845588422
V255A,255,V,A,low,-1.02021042735524,0.311004797,V,A,255,0,0.243600290863658
V275D,275,V,D,low,-1.02109648642327,0.247246968,V,D,275,0,0.243200152700898
S227P,227,S,P,low,-1.02110867799879,0.234270078,S,P,227,0,0.243194647069495
N276G,276,N,G,low,-1.02132727654671,0.174756517,N,G,276,0,0.243095929473228
Y188H,188,Y,H,low,-1.02230262754393,0.214578675,Y,H,188,0,0.242655467691214
D107M,107,D,M,low,-1.02288074885012,0.194409195,D,M,107,0,0.242394392097433
F104D,104,F,D,low,-1.02437012278284,0.107528524,F,D,104,0,0.241721801103667
L152R,152,L,R,low,-1.02597028480129,0.128661971,L,R,152,0,0.240999178974642
F104G,104,F,G,low,-1.02605611706555,0.141332826,F,G,104,0,0.240960417716205
F104E,104,F,E,low,-1.02676107830453,0.173715303,F,E,104,0,0.240642062083764
V217N,217,V,N,low,-1.0277769102711,0.171264508,V,N,217,0,0.240183319375245
I67G,67,I,G,low,-1.02796779997641,0.061524465,I,G,67,0,0.240097114901154
L57K,57,L,K,low,-1.03113859470919,0.14123579,L,K,57,0,0.238665205873142
Y68L,68,Y,L,low,-1.03216739450867,0.144241273,Y,L,68,0,0.238200606980737
N276H,276,N,H,low,-1.03262862274712,0.182398038,N,H,276,0,0.237992319489976
F238P,238,F,P,low,-1.03365478248339,0.294619485,F,P,238,0,0.237528912831904
A151L,151,A,L,low,-1.03373248440371,0.168709739,A,L,151,0,0.237493823180704
L108Q,108,L,Q,low,-1.03374867022413,0.130646168,L,Q,108,0,0.237486513775858
L98A,98,L,A,low,-1.03498703981802,0.188425653,L,A,98,0,0.236927274609988
R55F,55,R,F,low,-1.03597641730037,0.382497192,R,F,55,0,0.236480478564049
Y65R,65,Y,R,low,-1.03608871587003,0.069866202,Y,R,65,0,0.236429765304668
N117P,117,N,P,low,-1.03622726402348,0.225034699,N,P,117,0,0.236367197914326
L112E,112,L,E,low,-1.03688282193021,0.138474075,L,E,112,0,0.236071152485927
L57W,57,L,W,low,-1.03847616312861,0.197318169,L,W,57,0,0.235351610592185
D107V,107,D,V,low,-1.0388850314267,0.121182475,D,V,107,0,0.235166968489291
F243G,243,F,G,low,-1.03900201118308,0.113305208,F,G,243,0,0.23511414123828
S170P,170,S,P,low,-1.03978776492386,0.171782755,S,P,170,0,0.234759300269362
M270P,270,M,P,low,-1.04226681974918,0.202681149,M,P,270,0,0.233639776211682
L345Y,345,L,Y,low,-1.04287358508455,0.292451438,L,Y,345,0,0.23336576517192
H118G,118,H,G,low,-1.0451741506209,0.135911636,H,G,118,0,0.232326845645854
I122D,122,I,D,low,-1.0452662559906,0.139757877,I,D,122,0,0.232285251496274
C136R,136,C,R,low,-1.04619805776591,0.149361406,C,R,136,0,0.231864456242456
F241S,241,F,S,low,-1.04655576137614,0.173544,F,S,241,0,0.231702919759648
Y188G,188,Y,G,low,-1.04675899895922,0.131315197,Y,G,188,0,0.231611139069137
L98E,98,L,E,low,-1.04742452737335,0.126954791,L,E,98,0,0.231310591028376
F241G,241,F,G,low,-1.05047724692054,0.097787219,F,G,241,0,0.22993200393965
I135K,135,I,K,low,-1.05231638588533,0.121309809,I,K,135,0,0.229101461470209
L193D,193,L,D,low,-1.05243582838725,0.145597328,L,D,193,0,0.229047522060301
H118E,118,H,E,low,-1.05584765957838,0.076493516,H,E,118,0,0.227506762630456
L140R,140,L,R,low,-1.05596115996786,0.154831276,L,R,140,0,0.227455506637534
C105N,105,C,N,low,-1.05603863597233,0.193728862,C,N,105,0,0.227420519008374
Y68T,68,Y,T,low,-1.0561598936819,0.178464147,Y,T,68,0,0.227365759863212
D107C,107,D,C,low,-1.05634927421674,0.147758712,D,C,107,0,0.227280236920095
F257T,257,F,T,low,-1.05693528812983,0.211759995,F,T,257,0,0.227015597079484
V119R,119,V,R,low,-1.05767135088968,0.135432692,V,R,119,0,0.226683196214768
L186P,186,L,P,low,-1.05942451310913,0.175990845,L,P,186,0,0.225891480250424
V175M,175,V,M,low,-1.06162653730077,0.253567479,V,M,175,0,0.224897061315854
D77Y,77,D,Y,low,-1.06257872010142,0.151122076,D,Y,77,0,0.224467062131588
F347Q,347,F,Q,low,-1.06605467593254,0.092558761,F,Q,347,0,0.22289734445668
N69P,69,N,P,low,-1.06668303593426,0.15733729,N,P,69,0,0.222613581414562
F145P,145,F,P,low,-1.06679438618271,0.070595385,F,P,145,0,0.222563296410497
I122P,122,I,P,low,-1.06937617755768,0.204713035,I,P,122,0,0.221397377235709
I122E,122,I,E,low,-1.06962818669668,0.138372855,I,E,122,0,0.221283571646989
M134Q,134,M,Q,low,-1.07016502450685,0.190035884,M,Q,134,0,0.221041139395221
I135R,135,I,R,low,-1.07023907762338,0.146506862,I,R,135,0,0.221007697518642
C105W,105,C,W,low,-1.07338764722695,0.090375197,C,W,105,0,0.219585825205664
K66P,66,K,P,low,-1.07440361185341,0.165764512,K,P,66,0,0.219127022588853
Y346K,346,Y,K,low,-1.07469772803055,0.17313808,Y,K,346,0,0.218994201752178
L140D,140,L,D,low,-1.07736171468717,0.136068752,L,D,140,0,0.217791163755211
V191G,191,V,G,low,-1.07788890378868,0.190292647,V,G,191,0,0.217553088793714
Y177A,177,Y,A,low,-1.07904419676638,0.204248763,Y,A,177,0,0.217031366454621
Y177R,177,Y,R,low,-1.07948895416266,0.166356437,Y,R,177,0,0.216830517082562
V217A,217,V,A,low,-1.07962398748568,0.11790704,V,A,217,0,0.216769536965396
I280K,280,I,K,low,-1.08030725029463,0.146303622,I,K,280,0,0.216460980194273
L112S,112,L,S,low,-1.08058205460635,0.185497983,L,S,112,0,0.216336880462801
A120R,120,A,R,low,-1.08327431095483,0.072624391,A,R,120,0,0.215121076068005
L98G,98,L,G,low,-1.08434403173419,0.073730655,L,G,98,0,0.214637997543374
F145Q,145,F,Q,low,-1.08453461540232,0.184054563,F,Q,145,0,0.214551931273563
F241N,241,F,N,low,-1.08471975082059,0.111072236,F,N,241,0,0.214468325395805
Y188N,188,Y,N,low,-1.08642668303751,0.292642455,Y,N,188,0,0.213697486581691
F154N,154,F,N,low,-1.08714775391598,0.283434912,F,N,154,0,0.213371855947187
H61K,61,H,K,low,-1.08795709878882,0.209296127,H,K,61,0,0.213006361385772
Y178R,178,Y,R,low,-1.08859910962489,0.112252987,Y,R,178,0,0.21271643372103
K254E,254,K,E,low,-1.08901791690724,0.106782109,K,E,254,0,0.212527303241408
H141P,141,H,P,low,-1.09099001786187,0.127095828,H,P,141,0,0.211636716054577
V343F,343,V,F,low,-1.09152226642781,0.165378042,V,F,343,0,0.211396356273845
V175F,175,V,F,low,-1.09153524476844,0.162373754,V,F,175,0,0.211390495344746
F243N,243,F,N,low,-1.09167389011824,0.239383811,F,N,243,0,0.211327884061203
L140K,140,L,K,low,-1.09171776770624,0.263567802,L,K,140,0,0.211308069245146
I28P,28,I,P,low,-1.09208322206923,0.267988172,I,P,28,0,0.211143032575859
M270D,270,M,D,low,-1.09263088019819,0.145202951,M,D,270,0,0.210895713942768
W111P,111,W,P,low,-1.09285886082152,0.143200266,W,P,111,0,0.210792759465967
L108R,108,L,R,low,-1.09299721852265,0.066304593,L,R,108,0,0.210730278082579
P96D,96,P,D,low,-1.09417591612049,0.03179397,P,D,96,0,0.210197986378485
V175R,175,V,R,low,-1.09458657335694,0.178007261,V,R,175,0,0.210012536403369
T26P,26,T,P,low,-1.09467274449499,0.078561579,T,P,26,0,0.209973622111866
D331T,331,D,T,low,-1.09572844667001,0.28360616,D,T,331,0,0.20949687429225
L108S,108,L,S,low,-1.09669662615223,0.157805889,L,S,108,0,0.209059651116938
L108P,108,L,P,low,-1.09725562210492,0.165674435,L,P,108,0,0.208807212400864
K66N,66,K,N,low,-1.09839116583359,0.149787657,K,N,66,0,0.208294408686395
M134H,134,M,H,low,-1.09897644814708,0.058706075,M,H,134,0,0.208030099231117
F243E,243,F,E,low,-1.10223869020396,0.187424197,F,E,243,0,0.206556893222378
D252T,252,D,T,low,-1.10255221018901,0.097628602,D,T,252,0,0.206415309759906
L108D,108,L,D,low,-1.10283558091482,0.201673996,L,D,108,0,0.206287341494926
Y88T,88,Y,T,low,-1.10702247030702,0.149345886,Y,T,88,0,0.204396571128115
I253K,253,I,K,low,-1.1099753902107,0.131344028,I,K,253,0,0.203063052869944
I67N,67,I,N,low,-1.11137907898715,0.014833675,I,N,67,0,0.202429156701661
W111T,111,W,T,low,-1.11560495068595,0.224551726,W,T,111,0,0.200520782194104
L112R,112,L,R,low,-1.11763634010505,0.205860967,L,R,112,0,0.199603420745712
T348V,348,T,V,low,-1.11797173189743,0.168957006,T,V,348,0,0.19945196012593
L320H,320,L,H,low,-1.12075868902105,0.049938224,L,H,320,0,0.198193389514361
T383V,383,T,V,low,-1.12190857840667,0.136321338,T,V,383,0,0.197674107400176
A151K,151,A,K,low,-1.12215901664239,0.17543137,A,K,151,0,0.19756101122054
T277Y,277,T,Y,low,-1.12317144016913,0.217901539,T,Y,277,0,0.197103807739935
A120Q,120,A,Q,low,-1.12404075913481,0.098601016,A,Q,120,0,0.196711229291916
Y68N,68,Y,N,low,-1.12529899881644,0.186823557,Y,N,68,0,0.196143016931494
C105Q,105,C,Q,low,-1.1256383191805,0.065393215,C,Q,105,0,0.195989782195841
Y155E,155,Y,E,low,-1.1295606138189,0.117889515,Y,E,155,0,0.194218500994574
C105R,105,C,R,low,-1.13165877450853,0.182281015,C,R,105,0,0.193270986101023
Y68P,68,Y,P,low,-1.13210990089314,0.128374069,Y,P,68,0,0.19306726053777
F104Q,104,F,Q,low,-1.13272168234863,0.022445016,F,Q,104,0,0.192790984252764
L100P,100,L,P,low,-1.13371151823002,0.060220653,L,P,100,0,0.192343981196982
A121P,121,A,P,low,-1.13971115514909,0.164959184,A,P,121,0,0.189634586552037
D107K,107,D,K,low,-1.14076333198596,0.117963222,D,K,107,0,0.18915943075081
V119S,119,V,S,low,-1.14317570354286,0.134621194,V,S,119,0,0.188070020397143
V217P,217,V,P,low,-1.14336662871171,0.173908918,V,P,217,0,0.187983799907962
W111R,111,W,R,low,-1.14758137930838,0.066910765,W,R,111,0,0.18608044761341
I122W,122,I,W,low,-1.15061290873621,0.164548636,I,W,122,0,0.18471142983641
C105E,105,C,E,low,-1.15216521336988,0.38718206,C,E,105,0,0.184010419772214
L112Y,112,L,Y,low,-1.15504908445596,0.046592595,L,Y,112,0,0.182708083483746
L112D,112,L,D,low,-1.15602461933818,0.09367732,L,D,112,0,0.182267538660535
V175D,175,V,D,low,-1.15722767119084,0.121707736,V,D,175,0,0.181724248742969
N276V,276,N,V,low,-1.15780324700324,0.185390313,N,V,276,0,0.181464322676623
S179V,179,S,V,low,-1.15951414062846,0.031341448,S,V,179,0,0.180691694917849
L112P,112,L,P,low,-1.16046607912476,0.107496257,L,P,112,0,0.180261806059743
I67Q,67,I,Q,low,-1.16168324152426,0.164386793,I,Q,67,0,0.179712143916563
F271T,271,F,T,low,-1.16324632969972,0.113062311,F,T,271,0,0.179006264079284
F215D,215,F,D,low,-1.16349998329602,0.223791328,F,D,215,0,0.178891715864991
T277C,277,T,C,low,-1.16616444674018,0.117701663,T,C,277,0,0.17768846255406
Y65K,65,Y,K,low,-1.16731833037069,0.146290142,Y,K,65,0,0.177167376666436
Y68C,68,Y,C,low,-1.17478712175323,0.02140772,Y,C,68,0,0.173794522000558
H118C,118,H,C,low,-1.17630619048656,0.047955931,H,C,118,0,0.173108521039682
P246K,246,P,K,low,-1.1821432362884,0.174418493,P,K,246,0,0.170472551421666
D252K,252,D,K,low,-1.19205951994942,0.211753074,D,K,252,0,0.16599442612653
F104N,104,F,N,low,-1.2058858895983,0.11949339,F,N,104,0,0.159750532972491
N117Q,117,N,Q,low,-1.20889462779381,0.092647251,N,Q,117,0,0.158391807558784
Y177W,177,Y,W,low,-1.21489694418002,0.00663397,Y,W,177,0,0.155681202884964
F241P,241,F,P,low,-1.2192679352941,0.193054062,F,P,241,0,0.153707293450553
R84M,84,R,M,low,-1.22174520380799,0.050415133,R,M,84,0,0.152588576078792
F195E,195,F,E,low,-1.22354079223739,0.157805552,F,E,195,0,0.151777700730706
C136M,136,C,M,possibly_low,-1.22436898926316,0.494592137,C,M,136,0,0.151403692667077
V255M,255,V,M,low,-1.2247657369128,0.103511902,V,M,255,0,0.151224524165411
Y29D,29,Y,D,low,-1.23429328505634,0.055605189,Y,D,29,0,0.146921949148328
L98K,98,L,K,low,-1.24465112651465,0.141710033,L,K,98,0,0.142244419397965
I400D,400,I,D,low,-1.29228860322602,0.296721193,I,D,400,0,0.120731663535989
L139H,139,L,H,low,-1.30490822624719,0.306769997,L,H,139,0,0.115032728834441
F241K,241,F,K,low,-1.30717962368211,0.122241793,F,K,241,0,0.114006981421769
D331P,331,D,P,low,-1.31709069157645,0.300134431,D,P,331,0,0.109531211530885
L247P,247,L,P,low,-1.32235149826641,0.038046048,L,P,247,0,0.107155467520684
V216M,216,V,M,low,-1.33834169656544,0.204454356,V,M,216,0,0.0999344042751252
M264E,264,M,E,low,-1.35922181470314,0.029544123,M,E,264,0,0.0905050869628935
A120E,120,A,E,low,-1.36485604979779,0.035368804,A,E,120,0,0.0879607052611807
D115W,115,D,W,low,-1.42373839899907,0.26108991,D,W,115,0,0.061369842554038
L108F,108,L,F,low,-1.42877435373764,0.317509558,L,F,108,0,0.0590956401339723
L112W,112,L,W,low,-1.43014867213916,0.259192366,L,W,112,0,0.0584750074244009
A151W,151,A,W,low,-1.473473082825,0.166323069,A,W,151,0,0.0389100024264347
K125H,125,K,H,low,-1.48328057617948,0.258822436,K,H,125,0,0.0344810060832568
M270C,270,M,C,low,-1.48589576369742,0.156929659,M,C,270,0,0.0333000054406829
M205D,205,M,D,low,-1.54996502014746,0.187022962,M,D,205,0,0.00436677120119877
S227N,227,S,N,low,-1.55963472321738,0.176611544,S,N,227,0,0
