variant,activity,activity_scaled,activity_binary
H24A,-0.009783565,0.910815253,0
H24C,-0.418259925,0.811164189,0
H24D,-0.181606609,0.868897652,0
H24E,-0.279024168,0.845131862,0
H24F,-0.818487095,0.713525581,0
H24G,-0.060241673,0.898505596,0
H24I,-0.359191242,0.825574465,0
H24K,0.014469577,0.916732001,1
H24L,-0.480346576,0.796017656,0
H24M,-0.224781292,0.858364844,0
H24N,-0.043093163,0.902689111,0
H24P,-1.010848138,0.666597572,0
H24Q,-0.135568334,0.880129056,0
H24R,-0.002526258,0.912585731,0
H24S,0.036166097,0.92202504,1
H24T,-0.067187546,0.896811095,0
H24V,-0.026874047,0.906645894,0
H24W,-1.347585961,0.584447696,0
H24Y,-0.88502515,0.697293092,0
P25A,-1.642595093,0.512477867,0
P25C,-0.364138404,0.824367566,0
P25D,-0.028402505,0.906273014,0
P25E,0.143257861,0.948150929,1
P25F,-0.199804031,0.864458246,0
P25G,-0.969267861,0.676741412,0
P25H,0.045784618,0.924371554,1
P25I,-0.073523836,0.895265306,0
P25K,0.135590499,0.946280415,1
P25L,-0.211868922,0.86151492,0
P25M,-0.02836574,0.906281984,0
P25N,0.020640486,0.918237443,1
P25Q,-0.028213622,0.906319094,0
P25R,0.054153993,0.92641333,1
P25S,-0.160130436,0.874136936,0
P25T,-0.091199948,0.890953078,0
P25V,0.045912991,0.924402872,1
P25W,-0.109138595,0.886576802,0
P25Y,0.001744668,0.913627658,0
E26A,0.010913108,0.915864372,1
E26C,-0.158232611,0.874599925,0
E26D,-0.07578524,0.894713619,0
E26F,-0.232106115,0.856577895,0
E26G,0.081310076,0.933038273,1
E26H,0.020916836,0.918304861,1
E26I,-0.153907492,0.875655072,0
E26K,0.087119808,0.934455603,1
E26L,-0.05818041,0.899008457,0
E26M,-0.036440986,0.904311963,0
E26N,-0.006468797,0.911623917,0
E26P,-0.387232365,0.81873361,0
E26Q,0.049690653,0.925324463,1
E26R,-0.220002693,0.859530621,0
E26S,-0.039584928,0.903544973,0
E26T,-0.135908892,0.880045974,0
E26V,-0.064567429,0.897450293,0
E26W,-0.442340179,0.80528962,0
E26Y,-0.245436275,0.853325896,0
T27A,-1.454588308,0.55834362,0
T27C,-2.419022561,0.323062197,0
T27D,-2.29488302,0.353347028,0
T27E,-2.414464268,0.324174229,0
T27F,-2.604569888,0.277796448,0
T27G,-2.356711535,0.338263469,0
T27H,-1.849536454,0.461992872,0
T27I,-0.280445552,0.844785104,0
T27K,-1.427889436,0.564857023,0
T27L,-0.765521147,0.726447046,0
T27M,-1.84309581,0.463564119,0
T27N,-2.485724922,0.306789625,0
T27P,-1.790172161,0.476475265,0
T27Q,-1.667099437,0.506499836,0
T27R,-2.375093809,0.333778966,0
T27S,-1.392478148,0.573495889,0
T27V,0.034189274,0.921542778,1
T27W,-2.841700815,0.219946468,0
T27Y,-2.789134767,0.232770374,0
L28A,-0.20222814,0.863866865,0
L28C,-1.95959115,0.435144152,0
L28D,-2.71076857,0.251888433,0
L28E,-1.721637749,0.493194781,0
L28F,-0.720047067,0.737540811,0
L28G,-1.484204084,0.551118616,0
L28H,-0.889277008,0.696255818,0
L28I,0.017395788,0.917445873,1
L28K,0.069595673,0.930180451,1
L28M,-0.048069699,0.901475046,0
L28N,-1.420713538,0.56660764,0
L28P,-2.195354681,0.377627759,0
L28Q,-0.222811812,0.858845314,0
L28R,-0.064935717,0.897360446,0
L28S,-1.264096226,0.604815682,0
L28T,-0.313656419,0.836683048,0
L28V,0.050265499,0.925464701,1
L28W,-0.299738494,0.840078437,0
L28Y,-0.218600359,0.859872732,0
V29A,0.046784508,0.924615486,1
V29C,0.035059493,0.921755075,1
V29D,0.044413266,0.924037002,1
V29E,0.051001079,0.925644152,1
V29F,-0.060232139,0.898507922,0
V29G,0.040152735,0.922997612,1
V29H,-0.014840417,0.909581594,0
V29I,-0.013303234,0.909956602,0
V29K,0.036194098,0.922031871,1
V29L,-0.01214075,0.910240199,0
V29M,0.096017091,0.936626167,1
V29N,0.051505843,0.925767293,1
V29P,-2.3870484,0.330862549,0
V29Q,0.021601685,0.918471935,1
V29R,0.065185472,0.929104547,1
V29S,0.008377766,0.915245855,0
V29T,0.029703011,0.920448318,1
V29W,0.056414715,0.926964851,1
V29Y,-0.087401776,0.891879672,0
K30A,0.000581567,0.91334391,0
K30C,-1.580349541,0.527663165,0
K30D,-2.167242514,0.384485946,0
K30E,-1.653192955,0.509892434,0
K30F,-2.087469761,0.403947145,0
K30G,-2.153034639,0.387952071,0
K30H,-0.866930596,0.701707403,0
K30I,-0.404046646,0.814631632,0
K30L,-0.302453322,0.839416133,0
K30M,-0.205193373,0.863143473,0
K30N,-1.532004423,0.539457342,0
K30P,-2.525360861,0.297120121,0
K30Q,-0.093847676,0.890307143,0
K30R,-0.006089577,0.911716431,0
K30S,-0.378632471,0.820831623,0
K30T,-0.041735782,0.903020255,0
K30V,-0.06138358,0.898227018,0
K30W,-2.032560763,0.417342633,0
K30Y,-2.123162698,0.395239569,0
V31A,-1.100230314,0.644792077,0
V31C,-0.095361793,0.889937762,0
V31D,-3.147911871,0.14524384,0
V31E,-2.976464558,0.187069779,0
V31F,-2.899465416,0.205854333,0
V31G,-3.019922185,0.176467944,0
V31H,-3.399465416,0.083875348,0
V31I,-0.051860533,0.900550242,0
V31K,-2.791626345,0.232162534,0
V31L,-0.088425787,0.891629856,0
V31M,-1.553265428,0.53427055,0
V31N,-2.859011209,0.215723459,0
V31P,-3.137351061,0.147820234,0
V31Q,-3.006913909,0.179641417,0
V31R,-3.14806495,0.145206495,0
V31S,-2.725262278,0.248352577,0
V31T,-1.944226231,0.438892546,0
V31W,-2.890630995,0.208009561,0
V31Y,-2.670483841,0.261716214,0
K32A,0.054800478,0.926571045,1
K32C,-0.969015678,0.676802934,0
K32D,-2.334892705,0.343586346,0
K32E,-0.144527081,0.877943499,0
K32F,-0.594552833,0.768156129,0
K32G,-0.282379711,0.844313251,0
K32H,0.006558769,0.914802096,0
K32I,-0.017447561,0.90894556,0
K32L,-0.075988297,0.894664081,0
K32M,-0.0038691,0.912258134,0
K32N,-0.194365353,0.865785055,0
K32P,-2.976554563,0.187047821,0
K32Q,0.122206575,0.9430153,1
K32R,0.068602494,0.929938157,1
K32S,-0.1779845,0.869781294,0
K32T,-0.146127025,0.877553179,0
K32V,-0.073791384,0.895200036,0
K32W,-0.240520849,0.854525054,0
K32Y,-0.35842172,0.825762196,0
D33A,-0.005625546,0.911829635,0
D33C,-0.143159049,0.878277241,0
D33E,-0.038181221,0.903887419,0
D33F,-0.244432782,0.853570706,0
D33G,-0.164200601,0.873143987,0
D33H,-0.043367242,0.902622248,0
D33I,-0.137432674,0.879674236,0
D33K,-0.046872656,0.901767074,0
D33L,-0.123256093,0.883132726,0
D33M,-0.057818308,0.899096795,0
D33N,-0.112246453,0.885818615,0
D33P,-2.895012627,0.206940627,0
D33Q,0.09168023,0.935568155,1
D33R,-0.055448761,0.899674865,0
D33S,-0.055098192,0.899760389,0
D33T,0.00270366,0.913861611,0
D33V,-0.080936175,0.893457007,0
D33W,-0.26217333,0.849242758,0
D33Y,-0.160994388,0.873926168,0
A34C,-0.521398897,0.786002615,0
A34D,-2.404831913,0.326524119,0
A34E,-2.556684305,0.289478517,0
A34F,-0.922138302,0.688239043,0
A34G,-1.861298252,0.459123488,0
A34H,-2.609230586,0.276659433,0
A34I,-0.548549981,0.779378892,0
A34K,-2.635557452,0.270236785,0
A34L,-0.882525579,0.697902883,0
A34M,0.003700524,0.914104804,0
A34N,-2.377437649,0.333207168,0
A34P,-2.678125707,0.259851919,0
A34Q,-1.292157835,0.597969829,0
A34R,-3.064020687,0.165709763,0
A34S,-0.245824713,0.853231134,0
A34T,-0.410171144,0.813137512,0
A34V,-0.029961703,0.905892636,0
A34W,-1.029580625,0.662027632,0
A34Y,-1.621560847,0.517609338,0
E35A,-1.787649562,0.477090673,0
E35C,-2.420916886,0.322600061,0
E35D,-2.119519212,0.396128426,0
E35F,-2.851699886,0.217507115,0
E35G,-2.321290613,0.346904685,0
E35H,-2.772221373,0.236896532,0
E35I,-2.987540701,0.184367665,0
E35K,-2.940703589,0.195793952,0
E35L,-2.885752479,0.209199714,0
E35M,-1.946449764,0.438350098,0
E35N,-2.741755203,0.244328997,0
E35P,-3.388924727,0.086446833,0
E35Q,-0.608613564,0.764725902,0
E35R,-3.10440097,0.155858671,0
E35S,-2.463913496,0.312110696,0
E35T,-2.887142666,0.208860566,0
E35V,-2.288299032,0.354953244,0
E35W,-3.040675803,0.171404934,0
E35Y,-3.049756216,0.169189695,0
D36A,-0.005953824,0.911749549,0
D36C,-0.099956783,0.888816778,0
D36E,0.001811128,0.913643871,0
D36F,-0.068770939,0.896424813,0
D36G,0.035435688,0.92184685,1
D36H,-0.026165023,0.906818866,0
D36I,-0.069870489,0.896156569,0
D36K,-0.004920756,0.912001574,0
D36L,-0.015402453,0.909444481,0
D36M,0.060808624,0.92803678,1
D36N,0.044241268,0.923995042,1
D36P,-2.091987757,0.402844944,0
D36Q,-0.016961135,0.909064228,0
D36R,0.0499578,0.925389635,1
D36S,0.009267077,0.915462809,0
D36T,0.006112565,0.914693241,0
D36V,0.000466563,0.913315854,0
D36W,0.071250187,0.930584083,1
D36Y,-0.16557309,0.872809157,0
Q37A,0.008497056,0.915274956,0
Q37C,-0.092868754,0.890545959,0
Q37D,-0.085462237,0.892352838,0
Q37E,0.004526454,0.914306296,0
Q37F,-0.012968656,0.910038225,0
Q37G,-0.013549445,0.909896537,0
Q37H,0.00280529,0.913886405,0
Q37I,0.009937147,0.915626278,0
Q37K,0.011905738,0.916106532,1
Q37L,0.01388525,0.916589449,1
Q37M,0.027739204,0.919969232,1
Q37N,0.020191115,0.918127815,1
Q37P,-2.202043505,0.375995967,0
Q37R,0.03108761,0.920786102,1
Q37S,0.007432733,0.915015306,0
Q37T,-0.011476301,0.910402297,0
Q37V,-0.009010772,0.911003782,0
Q37W,-0.029962936,0.905892335,0
Q37Y,-0.050090693,0.900982008,0
L38A,-1.581118646,0.527475536,0
L38C,-2.132422185,0.392980643,0
L38D,-1.72549043,0.492254888,0
L38E,-1.696932589,0.499221801,0
L38F,-0.674853968,0.748566027,0
L38G,-1.413216117,0.568436696,0
L38H,-1.263921657,0.604858269,0
L38I,-0.372458419,0.822337832,0
L38K,-2.224309184,0.370564077,0
L38M,0.039525157,0.922844509,1
L38N,-1.721639345,0.493194391,0
L38P,-1.51455909,0.54371327,0
L38Q,-1.49593218,0.548257453,0
L38R,-2.052487335,0.412481387,0
L38S,-0.884596349,0.697397702,0
L38T,-0.369701482,0.823010409,0
L38V,-1.660237684,0.508173816,0
L38W,-0.62371773,0.76104112,0
L38Y,-0.342970172,0.829531725,0
G39A,-0.051723869,0.900583582,0
G39C,-1.109586321,0.642509605,0
G39D,-0.041516898,0.903073654,0
G39E,-0.046368472,0.901890074,0
G39F,-0.618090784,0.762413859,0
G39H,-0.053090858,0.900250094,0
G39I,-0.672065611,0.749246269,0
G39K,-0.058406355,0.898953336,0
G39L,-0.179840623,0.869328478,0
G39M,-0.157725137,0.874723728,0
G39N,-0.119873344,0.883957974,0
G39P,-2.311613621,0.349265464,0
G39Q,-0.004546877,0.912092785,0
G39R,-0.042271582,0.902889543,0
G39S,-0.054611988,0.899879002,0
G39T,-0.228329729,0.857499175,0
G39V,-0.19385058,0.865910638,0
G39W,-1.518050793,0.542861441,0
G39Y,-0.821028526,0.712905579,0
A40C,-1.570195837,0.530140242,0
A40D,-2.183416923,0.38054007,0
A40E,-1.945210291,0.438652477,0
A40F,-2.38393397,0.331622339,0
A40G,0.036494768,0.922105221,1
A40H,-2.788829597,0.232844823,0
A40I,-1.756061106,0.484796928,0
A40K,-2.764567772,0.238763689,0
A40L,-1.977678207,0.43073167,0
A40M,-1.027279569,0.662588993,0
A40N,-1.691389934,0.500573976,0
A40P,-2.675154675,0.260576726,0
A40Q,-0.538026021,0.781946296,0
A40R,-2.49902172,0.303545765,0
A40S,-0.15070486,0.87643638,0
A40T,-0.474438292,0.797459029,0
A40V,-1.766813588,0.482173775,0
A40W,-1.923133716,0.444038233,0
A40Y,-2.342321982,0.341773915,0
R41A,-0.329086585,0.832918736,0
R41C,-1.693509349,0.500056928,0
R41D,-1.955265097,0.436199527,0
R41E,-1.883635418,0.453674158,0
R41F,-1.159161857,0.630415258,0
R41G,-1.974678812,0.431463396,0
R41H,0.021122042,0.918354922,1
R41I,-0.608879904,0.764660926,0
R41K,-0.157427045,0.874796449,0
R41L,-0.342520525,0.82964142,0
R41M,-0.282237032,0.844348058,0
R41N,-0.225044473,0.858300639,0
R41P,-0.099713743,0.88887607,0
R41Q,-0.280324443,0.84481465,0
R41S,-0.309092945,0.837796344,0
R41T,-0.286286649,0.843360122,0
R41V,-0.491868623,0.793206761,0
R41W,-2.024107135,0.419404963,0
R41Y,-0.608998027,0.764632109,0
V42A,-1.919095691,0.445023342,0
V42C,-1.543953069,0.536542375,0
V42D,-2.884112643,0.209599765,0
V42E,-2.394525721,0.329038397,0
V42F,-0.057509392,0.899172157,0
V42G,-1.921353464,0.44447254,0
V42H,-2.563731445,0.287759311,0
V42I,-0.201484743,0.864048223,0
V42K,-2.601081474,0.278647474,0
V42L,-0.143120966,0.878286531,0
V42M,-0.099695112,0.888880615,0
V42N,-2.725804065,0.248220404,0
V42P,-3.330474001,0.100706354,0
V42Q,-2.720700732,0.249465403,0
V42R,-2.54179703,0.293110387,0
V42S,-2.105286589,0.399600588,0
V42T,-1.804800391,0.472906591,0
V42W,-0.748041038,0.730711458,0
V42Y,-1.576655735,0.528564298,0
G43A,-1.171754763,0.627343118,0
G43C,-2.695473785,0.255619718,0
G43D,-2.734532397,0.246091058,0
G43E,-2.814362219,0.226615936,0
G43F,-2.973649581,0.187756515,0
G43H,-2.937324585,0.196618287,0
G43I,-2.97922017,0.186397525,0
G43K,-3.171122562,0.139581407,0
G43L,-3.575254088,0.0409903,0
G43M,-3.026176526,0.174942148,0
G43N,-2.934463312,0.197316318,0
G43P,-3.090687975,0.159204066,0
G43Q,-2.981492567,0.185843156,0
G43R,-2.774415405,0.23636128,0
G43S,-1.823495968,0.468345656,0
G43T,-3.294010353,0.109601951,0
G43V,-2.921696587,0.200430862,0
G43W,-2.92681653,0.199181811,0
G43Y,-3.092822255,0.158683391,0
Y44A,-2.982065641,0.18570335,0
Y44C,-3.081494015,0.161447006,0
Y44D,-2.569204228,0.286424182,0
Y44E,-2.970126549,0.188615987,0
Y44F,-0.040809435,0.903246245,0
Y44G,-3.02510558,0.175203414,0
Y44H,-2.831751718,0.22237363,0
Y44I,-1.736939019,0.489461914,0
Y44K,-3.16469248,0.141150077,0
Y44L,-0.246511149,0.853063672,0
Y44M,-0.283943015,0.84393187,0
Y44N,-3.041988665,0.171084651,0
Y44P,-3.027775818,0.174551988,0
Y44Q,-3.196583271,0.133370064,0
Y44R,-3.025154107,0.175191575,0
Y44S,-3.190084189,0.134955567,0
Y44T,-3.195373822,0.133665119,0
Y44V,-1.726355619,0.492043819,0
Y44W,-2.641882621,0.268693709,0
I45A,-0.090534045,0.89111553,0
I45C,-0.208081948,0.862438782,0
I45D,-2.744946473,0.243550461,0
I45E,-2.206823682,0.374829805,0
I45F,0.139663465,0.947274047,1
I45G,-2.210408061,0.373955367,0
I45H,-2.169112094,0.384029847,0
I45K,-2.947329011,0.194177628,0
I45L,0.108687949,0.939717323,1
I45M,-0.361981496,0.824893761,0
I45N,-2.632616734,0.270954196,0
I45P,-2.896751736,0.206516357,0
I45Q,-1.581182994,0.527459838,0
I45R,-2.608815189,0.276760773,0
I45S,-1.494600621,0.548582298,0
I45T,-0.426357269,0.809188778,0
I45V,0.12200949,0.942967219,1
I45W,-2.910990886,0.203042603,0
I45Y,-0.198298791,0.864825461,0
E46A,-0.05797503,0.899058561,0
E46C,-1.899140071,0.449891674,0
E46D,-1.243973026,0.609724897,0
E46F,-1.180487928,0.625212593,0
E46G,-1.769257834,0.481577481,0
E46H,-0.84199284,0.707791167,0
E46I,-0.638274182,0.757489958,0
E46K,-0.224174499,0.858512876,0
E46L,-0.114128551,0.885359462,0
E46M,-0.019380393,0.908474031,0
E46N,0.002957373,0.913923507,0
E46P,-2.526018257,0.296959744,0
E46Q,0.0132817,0.916442208,1
E46R,-2.305126813,0.350847973,0
E46S,-0.006555508,0.911602763,0
E46T,-0.119318986,0.884093214,0
E46V,-0.377810221,0.821032217,0
E46W,-2.282498331,0.356368371,0
E46Y,-1.06271258,0.653944828,0
L47A,-0.587413548,0.769897815,0
L47C,-1.720747267,0.493412021,0
L47D,-2.518467113,0.298801906,0
L47E,-1.741683954,0.488304349,0
L47F,-1.674340021,0.504733438,0
L47G,-2.814695063,0.226534737,0
L47H,-2.394776978,0.3289771,0
L47I,0.024688881,0.919225081,1
L47K,-2.002716795,0.424623307,0
L47M,0.013633703,0.916528082,1
L47N,-2.469694379,0.310700403,0
L47P,-2.838862454,0.220638909,0
L47Q,-0.861640165,0.702998046,0
L47R,-2.507271637,0.301533132,0
L47S,-1.746007831,0.487249505,0
L47T,-0.895189117,0.694813512,0
L47V,0.021797609,0.918519732,1
L47W,-2.802612048,0.229482484,0
L47Y,-1.572375898,0.529608399,0
D48A,-1.202840841,0.619759421,0
D48C,-1.743934184,0.487755388,0
D48E,-0.129910539,0.88150932,0
D48F,-2.502426188,0.302715218,0
D48G,-1.782656107,0.478308866,0
D48H,-1.852532012,0.461262082,0
D48I,-2.340419237,0.342238105,0
D48K,-2.633183513,0.270815926,0
D48L,-2.362622239,0.336821505,0
D48M,-2.264804231,0.360684988,0
D48N,-1.278640676,0.601267447,0
D48P,-3.204843771,0.131354849,0
D48Q,-1.419343169,0.566941953,0
D48R,-2.492796019,0.305064574,0
D48S,-0.813724545,0.714687443,0
D48T,-2.654013198,0.265734358,0
D48V,-2.229344399,0.369335697,0
D48W,-2.496025715,0.304276664,0
D48Y,-2.515503785,0.299524834,0
L49A,-0.398791157,0.815913751,0
L49C,-1.730716884,0.490979853,0
L49D,-2.389768248,0.33019902,0
L49E,-2.506298315,0.301770581,0
L49F,-0.121341669,0.883599765,0
L49G,-1.948571412,0.437832505,0
L49H,-1.904127979,0.448674834,0
L49I,0.025955322,0.91953404,1
L49K,-1.857422077,0.460069111,0
L49M,0.008772386,0.915342125,0
L49N,-1.928298963,0.44277813,0
L49P,-1.963572886,0.434172776,0
L49Q,-1.759798398,0.483885186,0
L49R,-2.058053404,0.4111235,0
L49S,-1.676670922,0.504164796,0
L49T,-0.566029879,0.775114531,0
L49V,-0.043917615,0.90248798,0
L49W,-0.076008527,0.894659146,0
L49Y,-0.105296503,0.887514111,0
N50A,-0.032218326,0.905342114,0
N50C,-1.223080701,0.614821746,0
N50D,-0.01891356,0.908587918,0
N50E,-0.017852372,0.908846803,0
N50F,-0.082938465,0.892968532,0
N50G,-0.018879235,0.908596292,0
N50H,0.010744474,0.915823232,1
N50I,-0.050837261,0.900799877,0
N50K,-0.000322556,0.913123342,0
N50L,-0.025187337,0.90705738,0
N50M,0.051670551,0.925807475,1
N50P,-0.037237914,0.904117546,0
N50Q,-0.030864239,0.905672455,0
N50R,-0.036412893,0.904318816,0
N50S,-0.013873543,0.909817471,0
N50T,-0.008385861,0.911156234,0
N50V,-0.016311532,0.909222704,0
N50W,-0.021802643,0.907883103,0
N50Y,-0.041849916,0.902992411,0
S51A,-0.739318788,0.732839321,0
S51C,-1.818743993,0.469504938,0
S51D,0.075247281,0.931559206,1
S51E,-0.086824363,0.892020537,0
S51F,-1.75070567,0.48610343,0
S51G,-0.369043248,0.82317099,0
S51H,-0.605656206,0.765447373,0
S51I,-1.335857706,0.587308897,0
S51K,-0.668958333,0.750004315,0
S51L,-1.461622602,0.556627548,0
S51M,-1.386030888,0.575068749,0
S51N,0.017691821,0.917518093,1
S51P,-2.620159281,0.273993291,0
S51Q,-0.454083284,0.802424795,0
S51R,-1.166772262,0.628558639,0
S51T,0.006249997,0.914726768,0
S51V,-1.719458445,0.493726439,0
S51W,-2.260674765,0.361692404,0
S51Y,-1.419267837,0.566960331,0
G52A,-1.397547239,0.572259244,0
G52C,-2.765819379,0.238458349,0
G52D,-1.142466432,0.63448824,0
G52E,-1.485419039,0.550822218,0
G52F,-2.243396685,0.365907529,0
G52H,-1.650707599,0.510498756,0
G52I,-3.029309641,0.1741778,0
G52K,-1.679006303,0.503595062,0
G52L,-1.737240536,0.489388356,0
G52M,-1.645114845,0.511863153,0
G52N,-0.564540738,0.775477819,0
G52P,-1.923346365,0.443986356,0
G52Q,-1.581973632,0.527266955,0
G52R,-2.0423797,0.414947225,0
G52S,-1.555244441,0.533787754,0
G52T,-1.727659997,0.491725605,0
G52V,-2.323342864,0.346404022,0
G52W,-1.984352477,0.429103429,0
G52Y,-2.109773078,0.398506073,0
K53A,-0.009332043,0.910925406,0
K53C,-1.382777082,0.575862541,0
K53D,0.013371071,0.916464011,1
K53E,-0.017441509,0.908947037,0
K53F,-0.136761276,0.879838029,0
K53G,-0.093902637,0.890293735,0
K53H,-0.066030241,0.897093428,0
K53I,-0.082011237,0.893194737,0
K53L,-0.033696514,0.904981499,0
K53M,-0.025403978,0.907004529,0
K53N,0.000860667,0.913411998,0
K53P,-2.375736807,0.333622102,0
K53Q,-0.035956316,0.904430202,0
K53R,-0.020171097,0.908281132,0
K53S,-0.070319479,0.896047035,0
K53T,-0.068120829,0.896583413,0
K53V,-0.041850368,0.902992301,0
K53W,-0.735453025,0.733782404,0
K53Y,-0.141820178,0.878603869,0
I54A,-0.2974784,0.840629805,0
I54C,-1.22733725,0.613783327,0
I54D,-1.606773511,0.521216827,0
I54E,-0.395029678,0.816831393,0
I54F,-0.063526156,0.89770432,0
I54G,-2.112324616,0.397883605,0
I54H,-1.122305108,0.639406755,0
I54K,-1.522346732,0.541813413,0
I54L,-0.097294124,0.889466355,0
I54M,-0.002939038,0.91248503,0
I54N,-1.680709597,0.503179529,0
I54P,-0.990800176,0.671488432,0
I54Q,-0.866461944,0.701821734,0
I54R,-1.209600931,0.618110244,0
I54S,-1.302305709,0.595494174,0
I54T,-0.017431717,0.908949426,0
I54V,0.054009757,0.926378143,1
I54W,-0.33586407,0.831265315,0
I54Y,-0.862369382,0.702820148,0
L55A,-1.620167459,0.517949267,0
L55C,-1.470231068,0.554527444,0
L55D,-2.571945359,0.285755462,0
L55E,-1.114443659,0.641324619,0
L55F,-0.209352288,0.862128873,0
L55G,-1.610123029,0.520399685,0
L55H,-0.720452442,0.737441916,0
L55I,-0.013824586,0.909829414,0
L55K,-0.806127198,0.716540877,0
L55M,-0.067702575,0.896685449,0
L55N,-1.526032981,0.540914123,0
L55P,-2.604961843,0.277700827,0
L55Q,-1.225585909,0.614210581,0
L55R,-0.520211329,0.786292332,0
L55S,-2.021762851,0.41997687,0
L55T,-0.997385307,0.669881937,0
L55V,-0.049845221,0.901041893,0
L55W,-1.28202634,0.600441488,0
L55Y,-0.120999361,0.883683273,0
E56A,-0.087059359,0.891963207,0
E56C,-1.555378917,0.533754948,0
E56D,-0.058707709,0.898879818,0
E56F,-2.440835187,0.317740833,0
E56G,-0.051919235,0.900535921,0
E56H,-1.177880662,0.625848656,0
E56I,-2.18407722,0.380378986,0
E56K,-0.101755554,0.888377953,0
E56L,-1.314274174,0.592574372,0
E56M,-1.303131735,0.595292658,0
E56N,-0.101191243,0.888515622,0
E56P,-2.666588009,0.262666633,0
E56Q,-0.131065951,0.881227448,0
E56R,-0.221984209,0.859047215,0
E56S,-0.092556475,0.890622142,0
E56T,-0.103973384,0.887836896,0
E56V,-1.128714536,0.637843124,0
E56W,-2.094695901,0.402184271,0
E56Y,-1.791599132,0.476127144,0
S57A,0.025721015,0.919476879,1
S57C,-1.504226133,0.546234077,0
S57D,-0.976962277,0.674864297,0
S57E,0.005882297,0.914637065,0
S57F,-0.258372422,0.85017002,0
S57G,-0.036135833,0.904386407,0
S57H,-0.200224732,0.864355613,0
S57I,-1.225007314,0.614351734,0
S57K,-0.040180196,0.903399753,0
S57L,-0.638674441,0.757392311,0
S57M,-0.128876765,0.881761518,0
S57N,-0.340335844,0.83017439,0
S57P,-2.61056601,0.276333646,0
S57Q,-0.014098499,0.909762591,0
S57R,-0.129307107,0.881656532,0
S57T,-0.065115516,0.897316583,0
S57V,-0.09729119,0.889467071,0
S57W,-0.495673855,0.792278444,0
S57Y,-0.395671023,0.816674932,0
F58A,-0.096847901,0.889575215,0
F58C,-1.092346968,0.646715282,0
F58D,-2.678411367,0.25978223,0
F58E,-1.961057663,0.434786384,0
F58G,-2.34256389,0.341714899,0
F58H,0.026093905,0.919567848,1
F58I,-1.14552304,0.633742556,0
F58K,-1.637460288,0.513730543,0
F58L,-0.463029667,0.800242254,0
F58M,-0.179274327,0.869466631,0
F58N,0.020832937,0.918284393,1
F58P,-2.953853896,0.19258583,0
F58Q,-0.396714012,0.816420487,0
F58R,-0.371947743,0.822462415,0
F58S,-0.123861973,0.882984916,0
F58T,-1.400821191,0.571460537,0
F58V,-0.33502622,0.831469715,0
F58W,0.038062554,0.922487695,1
F58Y,-0.020413011,0.908222115,0
R59A,-1.945165273,0.438663459,0
R59C,-1.57366247,0.529294529,0
R59D,-3.24264753,0.122132321,0
R59E,-2.998283497,0.181746875,0
R59F,-2.769432224,0.237576967,0
R59G,-2.302788149,0.351418508,0
R59H,-0.328139955,0.833149674,0
R59I,-2.656506313,0.265126143,0
R59K,-0.386167521,0.818993387,0
R59L,-2.407907628,0.325773774,0
R59M,-2.432379025,0.319803781,0
R59N,-0.080553187,0.89355044,0
R59P,-2.681074897,0.259132441,0
R59Q,-1.436483915,0.562760331,0
R59S,-1.875296864,0.455708415,0
R59T,-2.823482028,0.224391086,0
R59V,-3.269411588,0.115603016,0
R59W,-2.399050209,0.327934612,0
R59Y,-2.747228401,0.242993766,0
P60A,-0.003690421,0.912301724,0
P60C,-1.874406719,0.455925573,0
P60D,0.010643743,0.915798658,1
P60E,0.019215497,0.917889806,1
P60F,-1.310573595,0.593477157,0
P60G,-0.02157399,0.907938885,0
P60H,-0.000633665,0.913047444,0
P60I,-0.070069557,0.896108005,0
P60K,-0.067379763,0.896764202,0
P60L,-0.201132372,0.864134187,0
P60M,0.028805142,0.920229276,1
P60N,-0.283547775,0.844028292,0
P60Q,0.010930679,0.915868658,1
P60R,-0.032174445,0.90535282,0
P60S,0.030974114,0.920758414,1
P60T,-0.035869273,0.904451437,0
P60V,-0.08649214,0.892101585,0
P60W,-1.297597785,0.59664271,0
P60Y,-0.807193813,0.716280667,0
E61A,-0.012261803,0.910210667,0
E61C,-1.22336836,0.61475157,0
E61D,0.017772368,0.917537743,1
E61F,0.036097239,0.922008241,1
E61G,0.008092791,0.915176333,0
E61H,0.018249952,0.917654253,1
E61I,-0.168170948,0.872175389,0
E61K,0.051632487,0.925798189,1
E61L,-0.043914108,0.902488835,0
E61M,0.04607429,0.924442222,1
E61N,-0.0169525,0.909066334,0
E61P,-2.8231702,0.224467159,0
E61Q,0.030477973,0.920637376,1
E61R,-0.029997035,0.905884016,0
E61S,0.012718307,0.916304764,1
E61T,-0.035050369,0.904651215,0
E61V,-0.074498357,0.895027564,0
E61W,-0.017401177,0.908956876,0
E61Y,0.021190484,0.918371619,1
E62A,-1.023939684,0.663403785,0
E62C,-1.82322916,0.468410746,0
E62D,-0.100650824,0.888647461,0
E62F,-1.220230028,0.615517191,0
E62G,-1.366168672,0.579914295,0
E62H,-0.66028634,0.752119916,0
E62I,-1.344574689,0.585182319,0
E62K,-1.893940849,0.451160066,0
E62L,-1.942943042,0.43920559,0
E62M,-0.358510262,0.825740596,0
E62N,-1.491877677,0.549246581,0
E62P,-2.796100017,0.231071146,0
E62Q,-0.310831814,0.837372133,0
E62R,-2.055450033,0.411758613,0
E62S,-0.991022422,0.671434213,0
E62T,-0.291571286,0.842070893,0
E62V,-0.936311053,0.684781488,0
E62W,-1.931454624,0.442008282,0
E62Y,-1.217873699,0.616092036,0
R63A,-1.552993833,0.534336808,0
R63C,-1.57728249,0.528411397,0
R63D,-2.506009658,0.301841001,0
R63E,-1.482423194,0.551553078,0
R63F,-1.828182638,0.467202306,0
R63G,-2.51218594,0.300334248,0
R63H,-0.532573946,0.783276373,0
R63I,-1.001374094,0.66890884,0
R63K,-0.162804455,0.873484587,0
R63L,-0.418237841,0.811169577,0
R63M,-1.270809434,0.603177941,0
R63N,-1.582375993,0.527168796,0
R63P,-1.086821957,0.648063153,0
R63Q,-0.693159062,0.744100354,0
R63S,-1.296136203,0.596999274,0
R63T,-0.626124444,0.760453983,0
R63V,-1.337554196,0.586895025,0
R63W,-2.318079554,0.347688048,0
R63Y,-1.305136837,0.594803498,0
F64A,-3.388809431,0.08647496,0
F64C,-3.444423186,0.072907542,0
F64D,-3.075736094,0.162851696,0
F64E,-3.02234433,0.175877043,0
F64G,-3.080549081,0.16167753,0
F64H,-2.635383711,0.27027917,0
F64I,-2.809557375,0.227788116,0
F64K,-3.226927432,0.125967364,0
F64L,-2.346558986,0.340740264,0
F64M,-1.78343415,0.478119056,0
F64N,-3.191343685,0.134648303,0
F64P,-2.735826052,0.24577546,0
F64Q,-2.642892061,0.268447448,0
F64R,-3.301163574,0.107856866,0
F64S,-3.494443125,0.060704779,0
F64T,-2.630296893,0.27152014,0
F64V,-2.270670191,0.35925394,0
F64W,-2.549393344,0.291257205,0
F64Y,-1.611485958,0.520067188,0
P65A,-1.414854298,0.568037049,0
P65C,-3.03405659,0.173019744,0
P65D,-3.015758099,0.177483806,0
P65E,-3.178608367,0.137755185,0
P65F,-2.646213716,0.267637104,0
P65G,-2.824370872,0.224174246,0
P65H,-2.194988422,0.377717111,0
P65I,-2.414665711,0.324125085,0
P65K,-2.53504946,0.29475651,0
P65L,-2.303535144,0.351236273,0
P65M,-2.591052208,0.281094194,0
P65N,-2.464589554,0.311945766,0
P65Q,-2.323799824,0.346292543,0
P65R,-2.915843129,0.20185886,0
P65S,-1.91444365,0.446158244,0
P65T,-2.386225246,0.331063364,0
P65V,-2.560355514,0.288582897,0
P65W,-3.339318818,0.09854859,0
P65Y,-2.809710795,0.227750688,0
M66A,-1.654670825,0.509531895,0
M66C,-1.526861034,0.540712113,0
M66D,-3.33080682,0.10062516,0
M66E,-3.077086547,0.162522243,0
M66F,-0.487952175,0.79416221,0
M66G,-1.892259958,0.451570133,0
M66H,-1.920554511,0.444667451,0
M66I,-0.176145829,0.870229853,0
M66K,-3.093978709,0.158401265,0
M66L,-0.054318447,0.899950614,0
M66N,-3.03029178,0.173938199,0
M66P,-3.102249123,0.156383632,0
M66Q,-2.039269583,0.415705963,0
M66R,-3.001973273,0.180846724,0
M66S,-2.363766686,0.336542308,0
M66T,-1.420158937,0.56674294,0
M66V,-0.098950592,0.889062246,0
M66W,-3.355591012,0.094578859,0
M66Y,-2.749518564,0.242435063,0
M67A,-0.004768182,0.912038796,0
M67C,-0.247812065,0.852746303,0
M67D,-2.285650341,0.355599413,0
M67E,-2.184542596,0.380265454,0
M67F,-2.040629435,0.415374216,0
M67G,-0.039556519,0.903551904,0
M67H,-1.556438761,0.53349639,0
M67I,-1.283578119,0.600062919,0
M67K,-2.969365791,0.18880158,0
M67L,-0.449230008,0.803608791,0
M67N,-0.007628561,0.911340984,0
M67P,-2.755756325,0.240913311,0
M67Q,-1.098948294,0.645104836,0
M67R,-2.942099013,0.195453527,0
M67S,-0.10032247,0.888727566,0
M67T,-0.062693546,0.897907442,0
M67V,-0.205803581,0.862994608,0
M67W,-2.776323365,0.235895818,0
M67Y,-2.869177379,0.213243341,0
S68A,-3.369026654,0.091301127,0
S68C,-2.383237094,0.331792347,0
S68D,-3.192232391,0.134431496,0
S68E,-3.358158761,0.093952436,0
S68F,-2.859561477,0.215589217,0
S68G,-2.577396086,0.284425713,0
S68H,-2.973291757,0.187843809,0
S68I,-1.65252998,0.510054172,0
S68K,-2.945587118,0.194602576,0
S68L,-3.081591203,0.161423296,0
S68M,-2.927597134,0.198991376,0
S68N,-2.096320864,0.401787848,0
S68P,-3.316045443,0.104226315,0
S68Q,-2.892109829,0.207648787,0
S68R,-2.991039415,0.183514126,0
S68T,-2.71313719,0.251310589,0
S68V,-2.570666462,0.286067459,0
S68W,-3.346758972,0.096733505,0
S68Y,-2.976799803,0.186987993,0
T69A,-2.759739676,0.239941541,0
T69C,-1.76469963,0.482689491,0
T69D,-3.265384399,0.116585481,0
T69E,-3.195768026,0.13356895,0
T69F,-3.33535459,0.099515695,0
T69G,-2.628796876,0.271886081,0
T69H,-1.664324851,0.507176719,0
T69I,-1.685743653,0.501951431,0
T69K,-3.033836618,0.173073407,0
T69L,-2.392749482,0.329471724,0
T69M,-2.478653607,0.308514728,0
T69N,-2.71262599,0.2514353,0
T69P,-2.295937358,0.353089813,0
T69Q,-2.36185128,0.337009587,0
T69R,-3.29390036,0.109628785,0
T69S,-1.840638186,0.464163675,0
T69V,-2.701354222,0.254185138,0
T69W,-3.047111258,0.169834953,0
T69Y,-2.899078715,0.205948672,0
F70A,-0.061250842,0.898259401,0
F70C,-0.992654766,0.67103599,0
F70D,-3.155445205,0.143406023,0
F70E,-2.512372905,0.300288637,0
F70G,-1.441720059,0.561482932,0
F70H,-0.361345686,0.825048872,0
F70I,-1.374392405,0.57790805,0
F70K,-2.791579502,0.232173962,0
F70L,-1.865609689,0.458071678,0
F70M,0.011483928,0.916003628,1
F70N,-1.799938512,0.474092685,0
F70P,-2.965079662,0.189847215,0
F70Q,-2.230348398,0.369090763,0
F70R,-2.691720126,0.256535453,0
F70S,-0.364725872,0.824224248,0
F70T,-1.718556765,0.493946411,0
F70V,-0.037759014,0.903990419,0
F70W,-1.012644172,0.666159415,0
F70Y,-2.663858904,0.26333242,0
K71A,-3.5759083,0.0408307,0
K71C,-3.20302712,0.131798036,0
K71D,-3.26990345,0.115483022,0
K71E,-2.790542281,0.232427,0
K71F,-2.916447271,0.201711474,0
K71G,-3.385171089,0.087362563,0
K71H,-3.227846154,0.125743235,0
K71I,-2.773006098,0.236705092,0
K71L,-3.12361636,0.151170924,0
K71M,-3.016410807,0.177324573,0
K71N,-2.875606963,0.211674793,0
K71P,-3.122786451,0.151373387,0
K71Q,-3.053266718,0.16833328,0
K71R,-3.181662996,0.137009984,0
K71S,-3.743276064,0,0
K71T,-3.017426282,0.17707684,0
K71V,-3.260311318,0.117823099,0
K71W,-2.906241728,0.204201198,0
K71Y,-3.062315829,0.166125677,0
V72A,-0.856415618,0.704272616,0
V72C,-1.496115301,0.548212779,0
V72D,-2.711742598,0.251650811,0
V72E,-1.72552198,0.492247191,0
V72F,-2.58353935,0.282927015,0
V72G,-2.575720423,0.284834505,0
V72H,-2.692277041,0.256399589,0
V72I,-0.50785873,0.789305847,0
V72K,-1.645490073,0.511771613,0
V72L,-1.964738694,0.433888367,0
V72M,-1.892537108,0.45150252,0
V72N,-2.686179384,0.257887161,0
V72P,-0.027108304,0.906588745,0
V72Q,-2.513515023,0.300010008,0
V72R,-2.923710155,0.199939636,0
V72S,-1.456171302,0.557957436,0
V72T,-0.315691669,0.836186533,0
V72W,-2.004668698,0.424147125,0
V72Y,-2.713021813,0.251338736,0
L73A,-0.064115567,0.897560528,0
L73C,-0.724250973,0.736515234,0
L73D,-2.994795129,0.18259789,0
L73E,-2.947544269,0.194125114,0
L73F,-0.448223556,0.803854323,0
L73G,-1.463946668,0.556060574,0
L73H,-1.573675901,0.529291253,0
L73I,0.028685083,0.920199987,1
L73K,-2.943766498,0.195046731,0
L73M,-0.104064189,0.887814744,0
L73N,-2.274293433,0.358370021,0
L73P,-0.134780892,0.880321159,0
L73Q,-1.509534628,0.544939028,0
L73R,-2.580447035,0.28368141,0
L73S,-0.986445615,0.672550762,0
L73T,-0.755295224,0.728941742,0
L73V,-0.036333311,0.904338231,0
L73W,-2.322081819,0.346711664,0
L73Y,-1.787903299,0.477028771,0
L74A,-1.314976379,0.592403063,0
L74C,-2.220898793,0.371396069,0
L74D,-2.735655563,0.245817053,0
L74E,-2.636127763,0.270097653,0
L74F,-3.112424886,0.153901173,0
L74G,-2.386275324,0.331051147,0
L74H,-3.487305171,0.06244614,0
L74I,-1.473556368,0.553716211,0
L74K,-3.106143099,0.155433665,0
L74M,-0.428434117,0.808682114,0
L74N,-2.872405012,0.212455934,0
L74P,-2.872337698,0.212472356,0
L74Q,-3.24294313,0.122060207,0
L74R,-3.126264978,0.150524772,0
L74S,-2.599628113,0.279002033,0
L74T,-1.513027813,0.544086837,0
L74V,-0.23273484,0.856424513,0
L74W,-2.903445524,0.204883354,0
L74Y,-2.935389443,0.197090381,0
C75A,-0.124974443,0.88271352,0
C75D,-2.621082525,0.273768058,0
C75E,-2.657888088,0.264789048,0
C75F,-2.839551388,0.220470838,0
C75G,-1.053258683,0.656251181,0
C75H,-3.295050369,0.109348231,0
C75I,-0.955438898,0.680115097,0
C75K,-3.147459253,0.14535426,0
C75L,-1.869139891,0.457210457,0
C75M,-1.655535905,0.509320852,0
C75N,-3.233573633,0.124345971,0
C75P,-2.963701033,0.190183542,0
C75Q,-3.067957219,0.164749415,0
C75R,-2.91011735,0.203255709,0
C75S,-1.618066014,0.518461931,0
C75T,-1.171416675,0.627425597,0
C75V,-0.262256631,0.849222436,0
C75W,-2.412726065,0.324598278,0
C75Y,-2.982064465,0.185703637,0
G76A,-0.006424416,0.911634744,0
G76C,-1.11557681,0.641048177,0
G76D,-2.342334093,0.34177096,0
G76E,-3.053755801,0.168213964,0
G76F,-1.789810329,0.476563536,0
G76H,-3.483680472,0.063330414,0
G76I,-1.814070833,0.470644993,0
G76K,-3.35351752,0.095084703,0
G76L,-1.685606461,0.5019849,0
G76M,-1.799435364,0.474215432,0
G76N,-3.363726542,0.092594131,0
G76P,-3.236796637,0.123559693,0
G76Q,-3.35474197,0.094785989,0
G76R,-3.250447668,0.120229415,0
G76S,-0.032136065,0.905362183,0
G76T,-1.521995719,0.541899045,0
G76V,-1.887239643,0.452794879,0
G76W,-1.716033836,0.4945619,0
G76Y,-1.7525129,0.485662541,0
A77C,0.031666339,0.920927288,1
A77D,-1.23474708,0.61197564,0
A77E,-1.10575645,0.643443932,0
A77F,-0.047762399,0.901550014,0
A77G,-1.152291686,0.632091291,0
A77H,-0.045084475,0.902203315,0
A77I,-0.447714455,0.803978522,0
A77K,-0.101616997,0.888411756,0
A77L,-0.05205512,0.90050277,0
A77M,0.00367316,0.914098129,0
A77N,-0.102364519,0.888229392,0
A77P,-2.526461699,0.296851563,0
A77Q,-0.053635759,0.900117161,0
A77R,-0.388606684,0.818398334,0
A77S,-0.106346494,0.887257957,0
A77T,-0.233979562,0.856120853,0
A77V,-0.046064698,0.901964182,0
A77W,-1.647934246,0.511175338,0
A77Y,-0.015251162,0.909481389,0
V78A,-1.656196595,0.509159672,0
V78C,-1.68324771,0.502560337,0
V78D,-2.787729304,0.233113248,0
V78E,-2.698340924,0.254920256,0
V78F,-2.180567854,0.381235124,0
V78G,-3.18578003,0.136005601,0
V78H,-2.543009613,0.292814568,0
V78I,0.000169684,0.913243428,0
V78K,-2.59120482,0.281056963,0
V78L,-0.34449891,0.829158777,0
V78M,-0.582851741,0.771010704,0
V78N,-2.753542442,0.241453406,0
V78P,-3.162109295,0.141780266,0
V78Q,-2.523461653,0.297583448,0
V78R,-3.102488852,0.156325148,0
V78S,-2.741822616,0.244312551,0
V78T,-1.133446022,0.636688841,0
V78W,-3.018125612,0.176906233,0
V78Y,-3.024101379,0.175448397,0
L79A,-2.179578454,0.381476496,0
L79C,-2.267715959,0.359974649,0
L79D,-3.060879132,0.166476171,0
L79E,-3.129028942,0.149850481,0
L79F,-1.868020467,0.45748355,0
L79G,-2.957194765,0.191770798,0
L79H,-2.337686607,0.342904751,0
L79I,-1.992318096,0.427160152,0
L79K,-2.660157517,0.264235403,0
L79M,-0.136681748,0.87985743,0
L79N,-2.652113497,0.266197805,0
L79P,-3.139544463,0.147285136,0
L79Q,-2.306304801,0.350560593,0
L79R,-2.817926042,0.225746513,0
L79S,-2.546889119,0.291868131,0
L79T,-2.2124619,0.373454317,0
L79V,-1.786521315,0.477365917,0
L79W,-2.385535495,0.331231634,0
L79Y,-3.023729688,0.175539074,0
S80A,0.008730478,0.915331902,0
S80C,-1.017420265,0.664994249,0
S80D,-0.217070919,0.860245851,0
S80E,0.100922601,0.937822905,1
S80F,-0.022349996,0.907749572,0
S80G,-0.060435341,0.898458349,0
S80H,0.034713463,0.921670658,1
S80I,-0.25249564,0.851603708,0
S80K,-0.065342318,0.897261253,0
S80L,-0.017216283,0.909001982,0
S80M,-0.066786124,0.896909025,0
S80N,0.037980215,0.922467608,1
S80P,-2.293021701,0.353801111,0
S80Q,0.042273194,0.923514915,1
S80R,0.006316882,0.914743086,0
S80T,-0.022612891,0.907685437,0
S80V,-0.081587568,0.893298094,0
S80W,0.012556074,0.916265186,1
S80Y,0.040013894,0.92296374,1
R81A,-0.188147804,0.867301875,0
R81C,-1.624129055,0.516982804,0
R81D,-1.581517669,0.527378191,0
R81E,-1.466739053,0.555379349,0
R81F,-0.699796091,0.742481198,0
R81G,-1.513572123,0.543954048,0
R81H,-0.321205933,0.834841284,0
R81I,-1.42389794,0.56583078,0
R81K,-0.051616291,0.900609826,0
R81L,-0.179219629,0.869479975,0
R81M,-0.186559753,0.867689293,0
R81N,-0.23924434,0.854836468,0
R81P,-3.06268898,0.166034644,0
R81Q,-0.215712484,0.860577252,0
R81S,-0.725978424,0.736093809,0
R81T,-1.775995498,0.479933774,0
R81V,-1.659967983,0.508239612,0
R81W,-1.456464756,0.557885846,0
R81Y,-0.680618793,0.747159652,0
V82A,-0.115991508,0.884904979,0
V82C,-0.161156887,0.873886525,0
V82D,-1.850753999,0.461695842,0
V82E,-1.894693829,0.450976371,0
V82F,-1.633488879,0.5146994,0
V82G,-1.77800061,0.479444611,0
V82H,-0.512638539,0.788139774,0
V82I,-0.067475422,0.896740865,0
V82K,-1.543739055,0.536594585,0
V82L,-1.847136171,0.46257844,0
V82M,-1.392685652,0.573445267,0
V82N,-2.000244548,0.425226431,0
V82P,-2.960805996,0.19088981,0
V82Q,-1.472826012,0.553894387,0
V82R,-1.538348341,0.537909693,0
V82S,-0.654394682,0.753557233,0
V82T,-0.458571735,0.801329802,0
V82W,-1.504499222,0.546167455,0
V82Y,-1.331138426,0.588460203,0
D83A,-1.691802754,0.500473265,0
D83C,-2.688763922,0.257256642,0
D83E,-0.096051752,0.889769441,0
D83F,-2.7042285,0.253483935,0
D83G,-1.865081989,0.458200415,0
D83H,-2.269238257,0.359603272,0
D83I,-2.016937308,0.421154099,0
D83K,-2.194756062,0.377773797,0
D83L,-2.734828189,0.246018897,0
D83M,-1.688388499,0.5013062,0
D83N,-2.019126225,0.420620096,0
D83P,-2.944289156,0.194919225,0
D83Q,-0.307681489,0.83814068,0
D83R,-2.109991013,0.398452906,0
D83S,-1.653496975,0.509818266,0
D83T,-1.742747116,0.488044982,0
D83V,-1.970337586,0.432522473,0
D83W,-2.996894747,0.182085671,0
D83Y,-2.889481786,0.208289919,0
A84C,-0.438931888,0.806121099,0
A84D,-0.005715479,0.911807695,0
A84E,-0.0000234,0.913196323,0
A84F,-0.186143211,0.867790912,0
A84G,-0.024581986,0.90720506,0
A84H,-0.000873553,0.912988922,0
A84I,-0.013374837,0.909939134,0
A84K,0.027428182,0.919893356,1
A84L,0.005085065,0.914442574,0
A84M,-0.009573926,0.910866396,0
A84N,0.037337985,0.922310931,1
A84P,-2.360139618,0.33742716,0
A84Q,0.020055319,0.918094687,1
A84R,0.016879106,0.917319824,1
A84S,0.012671526,0.916293352,1
A84T,-0.01452706,0.90965804,0
A84V,-0.020480268,0.908205707,0
A84W,-0.395755631,0.816654291,0
A84Y,-0.150514537,0.876482811,0
G85A,-0.134062149,0.880496502,0
G85C,-1.402625032,0.571020476,0
G85D,-0.106921018,0.887117797,0
G85E,-0.088473564,0.891618201,0
G85F,-0.615544979,0.763034928,0
G85H,-0.051679096,0.900594505,0
G85I,-1.531599286,0.539556178,0
G85K,-0.033350537,0.905065903,0
G85L,-0.424891032,0.809546478,0
G85M,-0.186685881,0.867658523,0
G85N,-0.076674709,0.894496625,0
G85P,-2.908875342,0.203558707,0
G85Q,-0.025383443,0.907009539,0
G85R,-0.1023798,0.888225664,0
G85S,-0.164970783,0.872956094,0
G85T,-1.282214244,0.600395647,0
G85V,-1.542004165,0.537017825,0
G85W,-1.596722025,0.523668967,0
G85Y,-0.794174256,0.719456892,0
Q86A,-0.031346184,0.90555488,0
Q86C,-0.321765932,0.834704668,0
Q86D,0.009897318,0.915616562,0
Q86E,-0.036396335,0.904322856,0
Q86F,0.120341129,0.94256021,1
Q86G,-0.049850188,0.901040681,0
Q86H,-0.014527211,0.909658003,0
Q86I,-0.039301079,0.90361422,0
Q86K,-0.009362487,0.910917979,0
Q86L,-0.029438376,0.906020305,0
Q86M,-0.015556394,0.909406926,0
Q86N,0.014918119,0.916841426,1
Q86P,-1.368783659,0.579276348,0
Q86R,0.007385751,0.915003845,0
Q86S,0.01643971,0.91721263,1
Q86T,0.065980786,0.929298571,1
Q86V,-0.002231503,0.912657639,0
Q86W,-0.024832316,0.90714399,0
Q86Y,0.037876743,0.922442365,1
E87A,-1.004393455,0.668172243,0
E87C,-1.900269091,0.449616241,0
E87D,-0.007214052,0.911442106,0
E87F,-0.292764895,0.841779702,0
E87G,-1.669198546,0.505987742,0
E87H,-1.85153629,0.461504996,0
E87I,-0.022245569,0.907775048,0
E87K,-2.921329819,0.200520338,0
E87L,0.024209123,0.91910804,1
E87M,-0.031613815,0.90548959,0
E87N,-1.647481185,0.511285865,0
E87P,-2.48355104,0.30731996,0
E87Q,-1.176308169,0.626232278,0
E87R,-2.347803569,0.340436638,0
E87S,-1.501669115,0.546857882,0
E87T,-0.836128657,0.709221782,0
E87V,-0.121958186,0.88344936,0
E87W,-1.558419283,0.533013226,0
E87Y,-1.632880381,0.514847848,0
Q88A,-0.0001203,0.913172684,0
Q88C,-0.273911584,0.846379118,0
Q88D,0.077216808,0.932039688,1
Q88E,0.029576105,0.920417358,1
Q88F,-0.058579432,0.898911113,0
Q88G,-0.081860911,0.89323141,0
Q88H,0.015802767,0.917057243,1
Q88I,-0.077210231,0.894365981,0
Q88K,0.094749771,0.936316994,1
Q88L,-0.004543879,0.912093516,0
Q88M,-0.014628486,0.909633296,0
Q88N,0.027462082,0.919901626,1
Q88P,-1.926862363,0.4431286,0
Q88R,0.016367382,0.917194985,1
Q88S,0.023680339,0.918979039,1
Q88T,0.023069693,0.918830067,1
Q88V,-0.020389129,0.908227941,0
Q88W,0.052154614,0.925925566,1
Q88Y,0.087859612,0.934636085,1
L89A,-1.517500459,0.5429957,0
L89C,-2.106335815,0.399344621,0
L89D,-2.198119647,0.376953224,0
L89E,-2.122418487,0.395421125,0
L89F,-1.065589854,0.653242894,0
L89G,-1.746458061,0.487139668,0
L89H,-1.515653904,0.543446181,0
L89I,-0.292830677,0.841763654,0
L89K,-1.904393276,0.448610113,0
L89M,-0.068121535,0.89658324,0
L89N,-1.80739076,0.47227465,0
L89P,-1.452205366,0.558924958,0
L89Q,-1.814728086,0.470484651,0
L89R,-2.009935743,0.422862187,0
L89S,-1.679578282,0.503455523,0
L89T,-1.712095064,0.495522795,0
L89V,-1.52692744,0.540695912,0
L89W,-1.733268578,0.490357347,0
L89Y,-1.435450717,0.563012388,0
G90A,-0.011699145,0.910347932,0
G90C,-0.975286612,0.675273089,0
G90D,-0.005478862,0.91186542,0
G90E,0.041201227,0.9232534,1
G90F,-0.131499981,0.881121563,0
G90H,-0.036366399,0.904330159,0
G90I,-0.135224833,0.880212856,0
G90K,-0.108828669,0.886652411,0
G90L,-0.128355617,0.881888656,0
G90M,-0.039755865,0.903503272,0
G90N,0.017350079,0.917434722,1
G90P,-0.68542057,0.745988221,0
G90Q,0.072975398,0.931004962,1
G90R,-0.145842567,0.877622575,0
G90S,-0.020904623,0.908102182,0
G90T,-0.032386576,0.905301069,0
G90V,-0.155368692,0.875298601,0
G90W,-0.044056476,0.902454103,0
G90Y,-0.065199464,0.897296103,0
R91A,-1.352936044,0.5831425,0
R91C,-1.363640025,0.580531179,0
R91D,-1.653138448,0.509905731,0
R91E,-1.843124163,0.463557202,0
R91F,-2.190379396,0.37884152,0
R91G,-1.839828642,0.46436117,0
R91H,-0.089973269,0.891252336,0
R91I,-1.776368345,0.479842815,0
R91K,-0.124753162,0.882767504,0
R91L,-1.701135438,0.498196483,0
R91M,-1.473200085,0.553803129,0
R91N,-0.512989781,0.788054086,0
R91P,-2.571355016,0.285899481,0
R91Q,-1.366879237,0.579740947,0
R91S,-1.352494718,0.583250165,0
R91T,-0.598956526,0.767081813,0
R91V,-1.920734529,0.444623534,0
R91W,-2.215240255,0.372776515,0
R91Y,-2.267574631,0.360009127,0
R92A,-0.617133217,0.762647465,0
R92C,-1.457742572,0.557574112,0
R92D,-1.554089535,0.534069503,0
R92E,-0.591414856,0.768921664,0
R92F,-0.302908097,0.839305187,0
R92G,-1.714960668,0.494823708,0
R92H,-0.103741082,0.887893568,0
R92I,-0.036945938,0.904188776,0
R92K,0.025212107,0.919352726,1
R92L,-0.044805637,0.90227134,0
R92M,-0.042024153,0.902949905,0
R92N,-0.266378004,0.848216995,0
R92P,-0.997423642,0.669872584,0
R92Q,-0.112583396,0.885736415,0
R92S,-0.379494693,0.820621277,0
R92T,-0.029915213,0.905903977,0
R92V,-0.051775185,0.900571063,0
R92W,-0.434074301,0.807306146,0
R92Y,-0.049946374,0.901017216,0
I93A,-1.960784664,0.434852985,0
I93C,-2.445633448,0.316570259,0
I93D,-2.531716041,0.295569724,0
I93E,-2.32851478,0.345142292,0
I93F,-1.905420019,0.448359631,0
I93G,-2.332829496,0.344089682,0
I93H,-1.87462032,0.455873463,0
I93K,-2.628070413,0.272063307,0
I93L,0.009083017,0.915417906,0
I93M,-0.198821455,0.864697953,0
I93N,-1.829985674,0.466762441,0
I93P,-2.827592354,0.22338834,0
I93Q,-1.654153896,0.509658004,0
I93R,-2.473268585,0.309828447,0
I93S,-2.278966566,0.357229973,0
I93T,-1.958171757,0.435490424,0
I93V,0.051135263,0.925676887,1
I93W,-2.628955371,0.271847415,0
I93Y,-1.934341136,0.441304094,0
H94A,-0.08015141,0.893648457,0
H94C,-1.083906812,0.648774326,0
H94D,-0.218190842,0.859972637,0
H94E,-0.062243135,0.898017323,0
H94F,-0.050553047,0.900869213,0
H94G,-0.283787056,0.843969918,0
H94I,-0.073751089,0.895209866,0
H94K,0.006742309,0.914846872,0
H94L,-0.031465014,0.905525891,0
H94M,-0.035634476,0.904508717,0
H94N,-0.121656165,0.883523041,0
H94P,-0.530404004,0.783805747,0
H94Q,-0.014702428,0.909615257,0
H94R,-0.038048169,0.903919878,0
H94S,-0.055668842,0.899621174,0
H94T,-0.049445233,0.901139473,0
H94V,-0.046366569,0.901890538,0
H94W,-0.00306571,0.912454128,0
H94Y,-0.046653886,0.901820445,0
Y95A,-2.33537787,0.343467986,0
Y95C,-1.646643045,0.511490336,0
Y95D,-2.540660619,0.293387623,0
Y95E,-2.401496858,0.327337732,0
Y95F,0.001701838,0.913617209,0
Y95G,-2.275559344,0.358061192,0
Y95H,-1.783828991,0.478022731,0
Y95I,-0.084849519,0.892502315,0
Y95K,-2.699250943,0.25469825,0
Y95L,-0.912806239,0.690515674,0
Y95M,-1.705062055,0.497238553,0
Y95N,-2.635277852,0.270304995,0
Y95P,-1.99029461,0.427653798,0
Y95Q,-2.566728492,0.287028158,0
Y95R,-2.553313625,0.290300822,0
Y95S,-2.125006547,0.394789747,0
Y95T,-2.673178911,0.26105873,0
Y95V,-1.178690744,0.62565103,0
Y95W,-0.029609705,0.905978508,0
S96A,-0.003642064,0.912313521,0
S96C,-0.716253046,0.738466392,0
S96D,-0.00321986,0.912416521,0
S96E,0.028232699,0.920089624,1
S96F,-0.106211683,0.887290845,0
S96G,0.037468031,0.922342657,1
S96H,0.011625173,0.916038086,1
S96I,-0.082016154,0.893193537,0
S96K,-0.002363227,0.912625504,0
S96L,-0.025364385,0.907014188,0
S96M,-0.019677799,0.908401476,0
S96N,0.009597091,0.915543319,0
S96P,-1.456086594,0.557978101,0
S96Q,0.048938316,0.925140924,1
S96R,0.003768319,0.914121343,0
S96T,0.032250079,0.921069696,1
S96V,-0.031687321,0.905471657,0
S96W,-0.34578657,0.828844642,0
S96Y,-0.090141803,0.891211221,0
Q97A,-0.019611955,0.908417539,0
Q97C,-1.576997734,0.528480865,0
Q97D,-0.002857922,0.912504819,0
Q97E,0.002158723,0.91372867,0
Q97F,-0.075288388,0.89483483,0
Q97G,-0.01401232,0.909783615,0
Q97H,-0.091936105,0.890773486,0
Q97I,-0.050842347,0.900798636,0
Q97K,-0.010289611,0.910691799,0
Q97L,-0.010569208,0.910623589,0
Q97M,-0.077931497,0.894190022,0
Q97N,-0.096146583,0.889746307,0
Q97P,-0.033617087,0.905000876,0
Q97R,-0.025489968,0.906983551,0
Q97S,-0.015191232,0.90949601,0
Q97T,-0.032345228,0.905311156,0
Q97V,0.021819069,0.918524968,1
Q97W,-0.079322043,0.893850787,0
Q97Y,-0.089757123,0.891305066,0
N98A,-0.054690586,0.899859828,0
N98C,-1.668090614,0.506258031,0
N98D,-0.031768977,0.905451737,0
N98E,-0.091125567,0.890971224,0
N98F,-0.022139396,0.90780095,0
N98G,-0.061982212,0.898080977,0
N98H,-0.049312424,0.901171873,0
N98I,-0.047687942,0.901568178,0
N98K,-0.033608341,0.905003009,0
N98L,-0.050658884,0.900843393,0
N98M,-0.093436783,0.890407384,0
N98P,-0.082870101,0.89298521,0
N98Q,-0.053535028,0.900141735,0
N98R,-0.043622887,0.902559881,0
N98S,-0.049634646,0.901093264,0
N98T,-0.056332568,0.899459253,0
N98V,-0.048610582,0.901343093,0
N98W,-0.040330558,0.903363071,0
N98Y,-0.019943187,0.908336732,0
D99A,-0.161376063,0.873833055,0
D99C,-1.991657821,0.427321232,0
D99E,-0.05227557,0.90044899,0
D99F,-1.484216288,0.551115638,0
D99G,-1.656499372,0.509085807,0
D99H,-0.172785852,0.871049546,0
D99I,-0.877720052,0.699075229,0
D99K,-0.700813662,0.742232953,0
D99L,-0.589505055,0.769387575,0
D99M,-0.144838936,0.877867419,0
D99N,-0.257325474,0.850425431,0
D99P,-2.032132563,0.417447096,0
D99Q,-0.076510137,0.894536774,0
D99R,-1.245599476,0.609328112,0
D99S,-0.173502847,0.870874629,0
D99T,-0.409173528,0.813380888,0
D99V,-0.354782275,0.826650068,0
D99W,-1.876323526,0.455457952,0
D99Y,-1.513458824,0.543981689,0
L100A,-1.8748399,0.455819895,0
L100C,-1.578448818,0.528126862,0
L100D,-2.838073156,0.220831464,0
L100E,-2.299156545,0.352304467,0
L100F,-0.800498928,0.717913938,0
L100G,-2.556103373,0.28962024,0
L100H,-2.30765856,0.350230333,0
L100I,-0.058038304,0.899043125,0
L100K,-2.008377529,0.423242326,0
L100M,-0.046431063,0.901874804,0
L100N,-2.650424377,0.26660988,0
L100P,-2.574295188,0.285182202,0
L100Q,-2.118330946,0.396418313,0
L100R,-2.178643147,0.381704671,0
L100S,-1.979998024,0.430165732,0
L100T,-1.821399928,0.468857002,0
L100V,-0.055273939,0.899717514,0
L100W,-1.185561117,0.623974948,0
L100Y,-1.521559049,0.542005574,0
V101A,-0.700294787,0.742359537,0
V101C,-0.595665493,0.767884687,0
V101D,-0.211748794,0.861544226,0
V101E,-0.743983115,0.731701421,0
V101F,-1.869255391,0.45718228,0
V101G,-1.239269328,0.610872402,0
V101H,-1.336747924,0.587091721,0
V101I,-0.101148045,0.88852616,0
V101K,-0.277032486,0.845617749,0
V101L,-0.080784456,0.89349402,0
V101M,-0.242102515,0.854139194,0
V101N,-0.804123866,0.717029605,0
V101P,-2.538546594,0.293903357,0
V101Q,-0.253280102,0.851412332,0
V101R,-0.498956704,0.791477567,0
V101S,-0.734571924,0.733997356,0
V101T,-0.118362671,0.884326515,0
V101W,-2.291497139,0.35417304,0
V101Y,-1.502920358,0.546552631,0
E102A,0.016406132,0.917204439,1
E102C,-1.752428508,0.48568313,0
E102D,-0.002974238,0.912476443,0
E102F,-0.087691598,0.891808968,0
E102G,-0.29465882,0.841317664,0
E102H,-0.068771438,0.896424691,0
E102I,-0.098005738,0.889292751,0
E102K,-0.062874373,0.897863327,0
E102L,-0.061772249,0.898132199,0
E102M,-0.062337676,0.897994259,0
E102N,-0.086305347,0.892147155,0
E102P,0.007137683,0.914943327,0
E102Q,-0.045655708,0.902063958,0
E102R,-0.112260648,0.885815152,0
E102S,0.012132849,0.916161937,1
E102T,-0.019363092,0.908478251,0
E102V,-0.013551253,0.909896096,0
E102W,-0.754648516,0.729099511,0
E102Y,-0.043454595,0.902600937,0
Y103A,-1.550650111,0.534908578,0
Y103C,-1.854637148,0.460748517,0
Y103D,-2.22642002,0.370049122,0
Y103E,-2.177651822,0.381946513,0
Y103F,-0.238752093,0.854956556,0
Y103G,-1.545910543,0.536064833,0
Y103H,-0.782617212,0.722276325,0
Y103I,-1.635721029,0.514154849,0
Y103K,-2.536416425,0.294423028,0
Y103L,-1.681825516,0.502907292,0
Y103M,-1.746080843,0.487231693,0
Y103N,-1.246746999,0.609048164,0
Y103P,-1.125442206,0.638641435,0
Y103Q,-1.936924463,0.440673871,0
Y103R,-1.838422415,0.46470423,0
Y103S,-1.620639578,0.517834089,0
Y103T,-1.557550548,0.533225161,0
Y103V,-1.551314318,0.534746539,0
Y103W,0.054448019,0.92648506,1
S104A,-0.593591064,0.768390761,0
S104C,-1.841876679,0.463861535,0
S104D,-2.486833568,0.306519161,0
S104E,-2.979643611,0.186294224,0
S104F,-2.326121991,0.345726032,0
S104G,-1.652025149,0.510177329,0
S104H,-1.905650951,0.448303293,0
S104I,-1.890669339,0.451958177,0
S104K,-2.464994769,0.311846911,0
S104L,-3.013169149,0.178115401,0
S104M,-2.537879956,0.294065988,0
S104N,-1.206680947,0.618822597,0
S104P,-2.474880171,0.309435288,0
S104Q,-3.111797828,0.154054149,0
S104R,-2.231699902,0.368761053,0
S104T,-1.723047291,0.492850912,0
S104V,-2.203338277,0.375680097,0
S104W,-2.463579428,0.312192194,0
S104Y,-2.140970515,0.39089521,0
P105A,-1.617908697,0.51850031,0
P105C,-2.263977654,0.360886638,0
P105D,-2.270477617,0.35930092,0
P105E,-1.507607725,0.545409111,0
P105F,-2.027326348,0.41861961,0
P105G,-1.889083431,0.452345072,0
P105H,-1.607758802,0.520976457,0
P105I,-1.902309225,0.449118534,0
P105K,-1.447940295,0.559965456,0
P105L,-1.565477836,0.531291236,0
P105M,-1.962940407,0.434327074,0
P105N,-1.957567679,0.435637794,0
P105Q,-1.620682791,0.517823547,0
P105R,-1.671099709,0.505523938,0
P105S,-1.694489614,0.499817784,0
P105T,-1.455280832,0.558174674,0
P105V,-1.432323504,0.563775297,0
P105W,-2.167596652,0.384399552,0
P105Y,-1.396863702,0.572425998,0
V106A,-0.238328782,0.855059826,0
V106C,-0.574227852,0.77311457,0
V106D,-1.664693309,0.507086831,0
V106E,-0.04087656,0.903229869,0
V106F,-1.138470781,0.635463011,0
V106G,-1.515415772,0.543504276,0
V106H,-0.99464539,0.670550361,0
V106I,0.001953832,0.913678685,0
V106K,-1.285721958,0.599539912,0
V106L,-0.04058689,0.903300537,0
V106M,-0.066307304,0.897025837,0
V106N,-1.48746731,0.550322526,0
V106P,-2.620729961,0.273854069,0
V106Q,-0.356222844,0.82629863,0
V106R,-1.148098025,0.633114368,0
V106S,-0.661677651,0.751780495,0
V106T,-0.284868941,0.843705983,0
V106W,-0.962883795,0.678298855,0
V106Y,-0.819350791,0.713314876,0
T107A,-0.089299781,0.891416639,0
T107C,-0.246232591,0.853131629,0
T107D,-2.735711985,0.245803288,0
T107E,-2.651337332,0.266387157,0
T107F,-3.047786586,0.169670202,0
T107G,-1.840554209,0.464184162,0
T107H,-2.992764395,0.183093304,0
T107I,-1.853374251,0.461056611,0
T107K,-2.826024012,0.223770949,0
T107L,-0.66359724,0.751312196,0
T107M,-1.95630099,0.435946813,0
T107N,-2.709002538,0.25231927,0
T107P,-2.692235411,0.256409745,0
T107Q,-2.808790532,0.227975194,0
T107R,-3.115506105,0.153149485,0
T107S,-0.120848921,0.883719974,0
T107V,-0.579767453,0.771763141,0
T107W,-2.837835535,0.220889434,0
T107Y,-2.788696299,0.232877342,0
E108A,0.055104957,0.926645325,1
E108C,-1.109340326,0.642569617,0
E108D,0.006982198,0.914905395,0
E108F,-0.262698041,0.849114751,0
E108G,0.010259221,0.915704851,1
E108H,-0.082148875,0.893161159,0
E108I,0.030259801,0.920584152,1
E108K,-0.05218598,0.900470846,0
E108L,-0.112487897,0.885759713,0
E108M,0.07392883,0.931237559,1
E108N,-0.012370212,0.91018422,0
E108P,-1.062669137,0.653955426,0
E108Q,-0.029396715,0.906030469,0
E108R,-0.043445211,0.902603226,0
E108S,0.054907278,0.9265971,1
E108T,-0.02672906,0.906681265,0
E108V,0.021242083,0.918384207,1
E108W,-0.423567818,0.809869287,0
E108Y,-0.185633878,0.867915168,0
K109A,0.017570764,0.91748856,1
K109C,-0.977215953,0.674802411,0
K109D,-0.042958068,0.902722069,0
K109E,-0.046458353,0.901868146,0
K109F,-0.125324548,0.88262811,0
K109G,-0.006431754,0.911632954,0
K109H,-0.050996939,0.900760922,0
K109I,-0.063511355,0.897707931,0
K109L,0.011094306,0.915908576,1
K109M,0.041160178,0.923243385,1
K109N,0.031006255,0.920766255,1
K109P,-0.973440826,0.675723384,0
K109Q,0.015313737,0.91693794,1
K109R,0.007215051,0.914962201,0
K109S,-0.01347513,0.909914667,0
K109T,0.002104741,0.9137155,0
K109V,-0.035012295,0.904660503,0
K109W,-0.11899215,0.884172948,0
K109Y,-0.101598564,0.888416252,0
H110A,-0.180897312,0.869070691,0
H110C,-0.942352686,0.683307583,0
H110D,-1.824052084,0.468209987,0
H110E,-1.050391483,0.656950657,0
H110F,-0.053775393,0.900083096,0
H110G,-0.224713885,0.858381289,0
H110I,-1.990195928,0.427677872,0
H110K,0.012441677,0.916237278,1
H110L,-0.418581883,0.811085645,0
H110M,-0.156592771,0.874999977,0
H110N,-0.016681124,0.909132539,0
H110P,-2.301066403,0.351838542,0
H110Q,-0.231536314,0.856716903,0
H110R,-0.059301023,0.898735075,0
H110S,-0.160450531,0.874058846,0
H110T,-1.551259329,0.534759954,0
H110V,-1.741210232,0.488419917,0
H110W,-0.560469723,0.776470976,0
H110Y,0.104755123,0.938757879,1
L111A,-0.178922149,0.869552548,0
L111C,-0.230763117,0.85690553,0
L111D,-1.705468067,0.497139503,0
L111E,-1.001409632,0.66890017,0
L111F,-0.056213048,0.899488411,0
L111G,-1.338578008,0.586645258,0
L111H,-0.119595027,0.884025872,0
L111I,0.051210423,0.925695223,1
L111K,-0.445290177,0.804569944,0
L111M,-0.008178507,0.91120682,0
L111N,-1.793923507,0.475560094,0
L111P,-1.124830808,0.638790591,0
L111Q,-0.083321809,0.892875012,0
L111R,-0.788257468,0.72090034,0
L111S,-0.255496117,0.850871718,0
L111T,-0.055475813,0.899668265,0
L111V,0.03501739,0.921744803,1
L111W,-0.08093974,0.893456137,0
L111Y,-0.079256332,0.893866818,0
T112A,0.040527258,0.92308898,1
T112C,-0.224731163,0.858377073,0
T112D,0.001599065,0.913592137,0
T112E,0.028461722,0.920145496,1
T112F,0.049081384,0.925175827,1
T112G,0.068757913,0.929976073,1
T112H,0.012700158,0.916300337,1
T112I,0.084895434,0.93391295,1
T112K,0.061175424,0.928126264,1
T112L,0.012445887,0.916238305,1
T112M,0.008222842,0.91520806,0
T112N,0.049527478,0.925284655,1
T112P,-0.018968098,0.908574613,0
T112Q,-0.051817832,0.900560659,0
T112R,0.019411118,0.917937529,1
T112S,0.018286818,0.917663247,1
T112V,0.000436852,0.913308605,0
T112W,0.006492853,0.914786015,0
T112Y,0.054425556,0.92647958,1
D113A,-0.066053819,0.897087676,0
D113C,-0.304002288,0.839038251,0
D113E,-0.005727654,0.911804725,0
D113F,-0.231182604,0.856803193,0
D113G,-0.060906318,0.89834345,0
D113H,-0.034760101,0.904722028,0
D113I,-0.101362692,0.888473795,0
D113K,-0.042644241,0.902798629,0
D113L,-0.187793488,0.867388314,0
D113M,-0.118088954,0.88439329,0
D113N,-0.052588139,0.900372736,0
D113P,-0.731114151,0.734840907,0
D113Q,-0.011883729,0.910302901,0
D113R,-0.084542119,0.892577308,0
D113S,-0.023461344,0.90747845,0
D113T,0.022648909,0.918727414,1
D113V,-0.086303752,0.892147544,0
D113W,-0.320755549,0.834951159,0
D113Y,-0.103097588,0.888050554,0
G114A,-1.768156619,0.481846131,0
G114C,-1.693246198,0.500121126,0
G114D,-1.988670582,0.428049993,0
G114E,-2.497687706,0.303871208,0
G114F,-1.702591223,0.497841332,0
G114H,-1.947167109,0.438175096,0
G114I,-2.694101806,0.255954423,0
G114K,-1.495484953,0.548366558,0
G114L,-2.134513104,0.392470547,0
G114M,-2.691067714,0.256694614,0
G114N,-1.979103618,0.43038393,0
G114P,-2.048173867,0.413533692,0
G114Q,-2.111681837,0.398040416,0
G114R,-2.508646796,0.301197651,0
G114S,-1.698315299,0.498884478,0
G114T,-1.887151205,0.452816454,0
G114V,-2.478018651,0.308669631,0
G114W,-1.979103618,0.43038393,0
G114Y,-1.924038427,0.443817522,0
M115A,-1.660348985,0.508146663,0
M115C,-2.29634603,0.352990115,0
M115D,-2.423177419,0.322048586,0
M115E,-2.747736234,0.242869877,0
M115F,-2.231619507,0.368780666,0
M115G,-3.110310358,0.154417029,0
M115H,-2.694574601,0.255839081,0
M115I,-0.684160294,0.746295675,0
M115K,-1.942081163,0.439415853,0
M115L,-0.112630744,0.885724864,0
M115N,-2.30546101,0.350766443,0
M115P,-2.825104778,0.223995204,0
M115Q,-1.057211717,0.655286807,0
M115R,-1.967259332,0.433273438,0
M115S,-2.116785912,0.396795237,0
M115T,-1.986188766,0.428655451,0
M115V,-1.68219455,0.502817263,0
M115W,-2.906943097,0.204030093,0
M115Y,-2.522258013,0.297877086,0
T116A,-1.378888233,0.576811257,0
T116C,-1.569669021,0.530268763,0
T116D,-0.76726141,0.726022495,0
T116E,-0.001675007,0.912793401,0
T116F,-2.045538288,0.414176662,0
T116G,-1.929482109,0.442489492,0
T116H,-2.348609979,0.340239908,0
T116I,-1.547883898,0.535583417,0
T116K,-1.586312553,0.526208441,0
T116L,-0.831106691,0.71044693,0
T116M,-1.060159582,0.654567652,0
T116N,-0.573047727,0.773402471,0
T116P,-1.676214293,0.504276195,0
T116Q,-0.500701472,0.791051917,0
T116R,-2.094839733,0.402149182,0
T116S,-0.073522367,0.895265664,0
T116V,-1.539845587,0.537544427,0
T116W,-2.491227843,0.305447143,0
T116Y,-2.162579891,0.38562343,0
V117A,-1.947442241,0.438107975,0
V117C,-2.283712065,0.356072271,0
V117D,-2.88154837,0.210225339,0
V117E,-2.565433678,0.287344038,0
V117F,-1.859549574,0.459550092,0
V117G,-2.630401382,0.271494649,0
V117H,-2.170829267,0.383610929,0
V117I,0.022859978,0.918778906,1
V117K,-2.743585555,0.243882468,0
V117L,-0.058099031,0.89902831,0
V117M,-0.048577408,0.901351186,0
V117N,-2.185462835,0.380040954,0
V117P,-1.988141729,0.42817901,0
V117Q,-2.298832998,0.352383399,0
V117R,-2.851083992,0.217657367,0
V117S,-2.625799367,0.272617347,0
V117T,-1.370634622,0.578824791,0
V117W,-2.962481988,0.190480938,0
V117Y,-2.304200425,0.351073972,0
R118A,0.057780065,0.927297939,1
R118C,0.022429659,0.918673926,1
R118D,0.030534581,0.920651186,1
R118E,0.049050116,0.925168199,1
R118F,-0.006853186,0.911530143,0
R118G,0.015036122,0.916870214,1
R118H,0.046338757,0.924506741,1
R118I,-0.472002341,0.798053299,0
R118K,-0.042341403,0.902872509,0
R118L,-0.02341134,0.907490649,0
R118M,-0.024256937,0.907284359,0
R118N,0.040624437,0.923112687,1
R118P,-1.724867906,0.492406758,0
R118Q,0.110618311,0.940188251,1
R118S,0.090750713,0.935341392,1
R118T,0.015904985,0.91708218,1
R118V,-0.175151046,0.870472538,0
R118W,0.068141592,0.929825716,1
R118Y,0.022056821,0.918582969,1
E119A,-0.286135695,0.843396948,0
E119C,-2.128841352,0.393854216,0
E119D,0.050682023,0.925566315,1
E119F,-2.810730425,0.227501942,0
E119G,-0.211259948,0.861663484,0
E119H,-0.909007434,0.691442423,0
E119I,-2.332929806,0.344065211,0
E119K,-1.414133549,0.568212881,0
E119L,-2.748624492,0.242653179,0
E119M,-1.63992501,0.513129255,0
E119N,-0.608434947,0.764769477,0
E119P,-2.895133679,0.206911095,0
E119Q,-0.055457407,0.899672755,0
E119R,-1.734968547,0.489942626,0
E119S,-0.364669541,0.824237991,0
E119T,-1.904197339,0.448657913,0
E119V,-2.23644673,0.367603026,0
E119W,-2.695865472,0.255524162,0
E119Y,-2.12499127,0.394793474,0
L120A,-1.656683026,0.509041003,0
L120C,-1.956852198,0.435812341,0
L120D,-2.635226081,0.270317625,0
L120E,-2.689091686,0.257176681,0
L120F,-1.885399507,0.453243794,0
L120G,-2.80455775,0.229007815,0
L120H,-2.436765693,0.318733619,0
L120I,-1.593683033,0.524410353,0
L120K,-2.732714383,0.246534577,0
L120M,-0.315338789,0.836272621,0
L120N,-2.926474206,0.199265324,0
L120P,-2.779291773,0.235171651,0
L120Q,-2.673516497,0.260976373,0
L120R,-2.676454953,0.260259513,0
L120S,-2.488623443,0.306082507,0
L120T,-2.41338899,0.324436552,0
L120V,-1.783373826,0.478133773,0
L120W,-2.643231062,0.268364746,0
L120Y,-2.901109552,0.205453233,0
C121A,-1.367100962,0.579686856,0
C121D,-2.63960149,0.269250209,0
C121E,-3.299979289,0.108145782,0
C121F,-2.977504548,0.186816065,0
C121G,-1.794543071,0.475408946,0
C121H,-2.933258216,0.19761031,0
C121I,-1.655882632,0.509236265,0
C121K,-3.147311669,0.145390264,0
C121L,-1.621818619,0.517546453,0
C121M,-1.306918992,0.594368727,0
C121N,-2.918155585,0.201294718,0
C121P,-3.318329849,0.103669016,0
C121Q,-2.763864018,0.238935375,0
C121R,-2.98414135,0.185196964,0
C121S,-2.140735839,0.390952461,0
C121T,-2.611475847,0.276111684,0
C121V,-2.614484462,0.275377708,0
C121W,-2.747270967,0.242983382,0
C121Y,-2.941027778,0.195714864,0
S122A,-0.020963348,0.908087856,0
S122C,-0.640035725,0.757060215,0
S122D,0.050177167,0.925443152,1
S122E,0.036991756,0.922226466,1
S122F,-0.159042943,0.874402238,0
S122G,0.025668662,0.919464107,1
S122H,0.011127574,0.915916692,1
S122I,-0.154171419,0.875590685,0
S122K,-0.070357871,0.896037668,0
S122L,-0.00930864,0.910931115,0
S122M,-0.229901571,0.857115711,0
S122N,0.028354137,0.92011925,1
S122P,-1.137558841,0.635685486,0
S122Q,0.031705227,0.920936775,1
S122R,0.004943197,0.914407964,0
S122T,-0.048347505,0.901407273,0
S122V,-0.010096556,0.910738897,0
S122W,-0.065610253,0.897195888,0
S122Y,-0.017809198,0.908857336,0
A123C,-1.28428257,0.599891062,0
A123D,-2.27741418,0.35760869,0
A123E,-2.480116703,0.308157794,0
A123F,-2.64344777,0.268311879,0
A123G,-1.557945569,0.533128793,0
A123H,-2.266565409,0.360255335,0
A123I,-1.679705983,0.503424369,0
A123K,-2.514617711,0.299740998,0
A123L,-2.310294405,0.349587297,0
A123M,-2.70431789,0.253462128,0
A123N,-2.701399048,0.254174202,0
A123P,-2.277657644,0.357549295,0
A123Q,-2.533981274,0.295017103,0
A123R,-2.959989393,0.191089027,0
A123S,-0.275678578,0.845948045,0
A123T,-1.578150206,0.52819971,0
A123V,-1.466993592,0.555317252,0
A123W,-2.604028737,0.277928466,0
A123Y,-2.245268831,0.365450804,0
A124C,-0.919172293,0.688962625,0
A124D,-2.468590364,0.310969737,0
A124E,-2.721775028,0.24920332,0
A124F,-2.926407204,0.199281669,0
A124G,-1.301310383,0.595736992,0
A124H,-3.064254649,0.165652686,0
A124I,-1.774834631,0.480216977,0
A124K,-3.012923307,0.178175376,0
A124L,-2.491934678,0.305274705,0
A124M,-1.847959865,0.462377494,0
A124N,-2.741476684,0.244396944,0
A124P,-2.842762441,0.219687476,0
A124Q,-2.832719239,0.222137595,0
A124R,-2.826507129,0.223653089,0
A124S,-0.166790065,0.872512266,0
A124T,-0.065903937,0.897124241,0
A124V,-1.107471463,0.643025541,0
A124W,-3.152292824,0.144175072,0
A124Y,-2.82292561,0.224526829,0
I125A,-2.202247019,0.375946318,0
I125C,-0.968433878,0.676944868,0
I125D,-2.81996692,0.225248625,0
I125E,-2.82233295,0.224671413,0
I125F,-2.759572192,0.2399824,0
I125G,-2.841845031,0.219911285,0
I125H,-2.754127506,0.241310675,0
I125K,-3.266314437,0.116358591,0
I125L,-0.138641855,0.879379246,0
I125M,-0.156435923,0.875038242,0
I125N,-3.007071166,0.179603053,0
I125P,-3.005934819,0.179880274,0
I125Q,-3.34930248,0.096112996,0
I125R,-3.247099866,0.121046138,0
I125S,-2.537780242,0.294090314,0
I125T,-1.533516228,0.539088525,0
I125V,-0.082027902,0.893190671,0
I125W,-3.393020636,0.085447603,0
I125Y,-3.116589002,0.152885304,0
T126A,-0.120109386,0.88390039,0
T126C,-0.180494208,0.869169031,0
T126D,-1.327968143,0.589233619,0
T126E,-0.021148683,0.908042642,0
T126F,-2.757769654,0.240422144,0
T126G,-0.090434343,0.891139853,0
T126H,-1.590108896,0.525282293,0
T126I,-0.628457423,0.759884834,0
T126K,-1.358378399,0.581814794,0
T126L,-0.861657724,0.702993762,0
T126M,-0.243990837,0.853678522,0
T126N,-1.293054109,0.597751176,0
T126P,-2.750667124,0.242154863,0
T126Q,-0.287981455,0.842946661,0
T126R,-1.419410018,0.566925644,0
T126S,-0.028377464,0.906279123,0
T126V,-0.382375273,0.819918536,0
T126W,-1.963531436,0.434182888,0
T126Y,-2.701306344,0.254196818,0
M127A,-0.692690836,0.744214581,0
M127C,-0.486946733,0.794407495,0
M127D,-0.936038974,0.684847863,0
M127E,-0.163903741,0.873216408,0
M127F,-0.309422693,0.8377159,0
M127G,-1.497130957,0.547965002,0
M127H,-0.7132525,0.739198399,0
M127I,-0.126323898,0.88238431,0
M127K,-0.578754318,0.772010303,0
M127L,0.005314043,0.914498435,0
M127N,-0.767545403,0.725953213,0
M127P,-2.891893956,0.207701451,0
M127Q,-0.108822238,0.88665398,0
M127R,-0.219904281,0.85955463,0
M127S,-0.556848646,0.777354366,0
M127T,-0.084530917,0.892580041,0
M127V,-0.026401493,0.906761177,0
M127W,-0.060863436,0.898353912,0
M127Y,-0.200429175,0.864305737,0
S128A,-2.873953258,0.212078228,0
S128C,-2.662433668,0.263680117,0
S128D,-2.807621802,0.228260315,0
S128E,-3.20795466,0.130595923,0
S128F,-2.881734555,0.210179918,0
S128G,-2.500924977,0.30308145,0
S128H,-3.245808571,0.12136116,0
S128I,-3.040445598,0.171461094,0
S128K,-2.380653616,0.332422607,0
S128L,-3.014886524,0.177696434,0
S128M,-2.754109612,0.24131504,0
S128N,-2.858229487,0.215914167,0
S128P,-3.027514884,0.174615645,0
S128Q,-2.952440127,0.19293073,0
S128R,-3.158797018,0.142588322,0
S128T,-2.404437919,0.326620237,0
S128V,-2.980611709,0.186058048,0
S128W,-2.804468501,0.229029588,0
S128Y,-3.014799212,0.177717734,0
D129A,-2.712578003,0.251447007,0
D129C,-2.466085327,0.31158086,0
D129E,-2.504882756,0.302115918,0
D129F,-2.827106995,0.223506747,0
D129G,-3.150348672,0.144649363,0
D129H,-2.914716598,0.202133686,0
D129I,-2.718844524,0.249918239,0
D129K,-2.79710803,0.230825233,0
D129L,-3.197355755,0.133181611,0
D129M,-2.51516897,0.299606514,0
D129N,-2.770464704,0.237325085,0
D129P,-3.018767965,0.176749526,0
D129Q,-2.920444197,0.200736392,0
D129R,-2.671514636,0.261464743,0
D129S,-3.129493959,0.149737037,0
D129T,-2.844276943,0.219318001,0
D129V,-2.793114109,0.231799582,0
D129W,-2.957157889,0.191779795,0
D129Y,-2.818135895,0.225695318,0
N130A,-2.656971338,0.265012696,0
N130C,-1.74611786,0.487222662,0
N130D,-1.95476231,0.436322186,0
N130E,-2.960183955,0.191041562,0
N130F,-2.968582286,0.188992722,0
N130G,-2.413504986,0.324408254,0
N130H,-3.198228322,0.132968741,0
N130I,-3.032615318,0.173371353,0
N130K,-2.376040319,0.333548058,0
N130L,-3.026300201,0.174911976,0
N130M,-2.926565916,0.19924295,0
N130P,-3.22495149,0.126449411,0
N130Q,-2.840569764,0.220222397,0
N130R,-3.191577633,0.13459123,0
N130S,-1.617914446,0.518498907,0
N130T,-3.144842788,0.145992568,0
N130V,-2.651170303,0.266427905,0
N130W,-3.060188992,0.166644536,0
N130Y,-2.880417633,0.210501192,0
T131A,-0.057694497,0.899127,0
T131C,-0.280105193,0.844868137,0
T131D,-2.363424755,0.336625725,0
T131E,-2.267003509,0.360148457,0
T131F,-1.867364176,0.457643657,0
T131G,-0.0515058,0.900636781,0
T131H,-1.881907864,0.454095609,0
T131I,-2.899965958,0.205732222,0
T131K,-2.769964671,0.237447072,0
T131L,-1.456442477,0.557891281,0
T131M,-2.285306579,0.355683277,0
T131N,-2.095417997,0.40200811,0
T131P,-2.281962266,0.356499149,0
T131Q,-3.027916001,0.174517789,0
T131R,-2.156756897,0.387043996,0
T131S,-0.001675893,0.912793184,0
T131V,-1.578518336,0.528109902,0
T131W,-2.299041508,0.352332531,0
T131Y,-1.847027324,0.462604994,0
A132C,-2.939642148,0.196052899,0
A132D,-2.770201187,0.237389372,0
A132E,-2.062191363,0.410114012,0
A132F,-2.873267744,0.212245464,0
A132G,-1.824772542,0.468034226,0
A132H,-2.352646331,0.339255207,0
A132I,-2.806477679,0.228539433,0
A132K,-2.822425493,0.224648837,0
A132L,-3.316870494,0.104025038,0
A132M,-2.760355333,0.239791347,0
A132N,-2.693649684,0.256064722,0
A132P,-2.31679992,0.348000225,0
A132Q,-2.31524903,0.348378577,0
A132R,-3.12458746,0.150934016,0
A132S,-1.153553251,0.631783522,0
A132T,-2.174470391,0.382722648,0
A132V,-1.95815801,0.435493778,0
A132W,-2.862191168,0.214947683,0
A132Y,-2.858818277,0.215770527,0
A133C,-1.849881352,0.461908731,0
A133D,-1.559206196,0.532821253,0
A133E,-2.123472185,0.395164067,0
A133F,-2.774922353,0.236237606,0
A133G,-0.053751769,0.900088859,0
A133H,-2.631634991,0.2711937,0
A133I,-2.810495412,0.227559275,0
A133K,-2.261259734,0.361549696,0
A133L,-3.356869229,0.094267027,0
A133M,-2.570070001,0.28621297,0
A133N,-2.531463112,0.295631428,0
A133P,-2.451581678,0.315119141,0
A133Q,-2.948945787,0.193783202,0
A133R,-3.152806614,0.144049729,0
A133S,-0.157756724,0.874716022,0
A133T,-0.124961472,0.882716685,0
A133V,-2.07968605,0.405846044,0
A133W,-2.815941524,0.226230652,0
A133Y,-3.001181548,0.181039872,0
N134A,-2.730906615,0.246975596,0
N134C,-3.421395372,0.07852536,0
N134D,-2.099289227,0.401063692,0
N134E,-2.946909353,0.194280007,0
N134F,-3.187226502,0.135652723,0
N134G,-2.942513057,0.195352518,0
N134H,-2.534620405,0.294861182,0
N134I,-2.8301996,0.222752281,0
N134K,-3.1263046,0.150515106,0
N134L,-2.878500113,0.210968986,0
N134M,-2.975159888,0.187388063,0
N134P,-3.4871755,0.062477774,0
N134Q,-3.055870803,0.167697992,0
N134R,-3.074171492,0.163233393,0
N134S,-2.914040584,0.202298605,0
N134T,-2.597705253,0.27947113,0
N134V,-2.740153276,0.2447198,0
N134W,-3.258416571,0.118285338,0
N134Y,-2.998510307,0.181691543,0
L135A,-1.73120652,0.490860403,0
L135C,-1.94117432,0.439637084,0
L135D,-2.916745789,0.201638649,0
L135E,-1.681275963,0.50304136,0
L135F,-1.195243407,0.621612876,0
L135G,-2.374463158,0.333932819,0
L135H,-1.802150135,0.473553142,0
L135I,0.015083205,0.9168817,1
L135K,-1.541480466,0.537145586,0
L135M,-0.163311658,0.873360851,0
L135N,-2.400954054,0.327470153,0
L135P,-2.853055352,0.217176438,0
L135Q,-1.193573049,0.622020373,0
L135R,-1.891850718,0.45166997,0
L135S,-1.879872593,0.454592129,0
L135T,-1.77295641,0.480675184,0
L135V,-0.036550332,0.904285287,0
L135W,-2.66271833,0.263610672,0
L135Y,-2.43111952,0.320111048,0
L136A,-1.717249235,0.494265394,0
L136C,-2.753682393,0.241419264,0
L136D,-2.768838785,0.237721741,0
L136E,-3.025057794,0.175215072,0
L136F,-2.825669304,0.223857483,0
L136G,-3.003875111,0.180382756,0
L136H,-2.539765037,0.293606108,0
L136I,-0.174964849,0.870517962,0
L136K,-2.532705071,0.295328443,0
L136M,-1.158617489,0.630548061,0
L136N,-3.071888619,0.163790319,0
L136P,-3.068219644,0.164685394,0
L136Q,-2.618222752,0.274465723,0
L136R,-3.417355034,0.079511033,0
L136S,-2.769350458,0.237596914,0
L136T,-2.49032899,0.305666425,0
L136V,-0.906487137,0.69205727,0
L136W,-2.792516077,0.231945477,0
L136Y,-3.181832891,0.136968537,0
L137A,-1.775437386,0.48006993,0
L137C,-1.808855585,0.471917294,0
L137D,-3.145786752,0.14576228,0
L137E,-2.885000446,0.209383178,0
L137F,-0.950327724,0.681362009,0
L137G,-2.270538407,0.35928609,0
L137H,-2.716401962,0.250514122,0
L137I,-0.155949816,0.875156831,0
L137K,-3.006079023,0.179845094,0
L137M,-0.14725794,0.877277284,0
L137N,-2.765156307,0.238620111,0
L137P,-2.743316825,0.243948027,0
L137Q,-2.069203197,0.408403419,0
L137R,-2.957709252,0.191645285,0
L137S,-1.79962282,0.474169701,0
L137T,-1.083467725,0.648881445,0
L137V,-0.698817295,0.742719983,0
L137W,-2.888567291,0.208513018,0
L137Y,-0.462060869,0.8004786,0
T138A,0.009399046,0.915495004,0
T138C,-0.340719759,0.830080731,0
T138D,-0.03346632,0.905037656,0
T138E,0.009167938,0.915438623,0
T138F,-0.20625038,0.862885608,0
T138G,-0.000496644,0.913080872,0
T138H,-0.048618792,0.90134109,0
T138I,-0.022101147,0.907810281,0
T138K,0.081894723,0.933180902,1
T138L,-0.04413855,0.902434081,0
T138M,0.003602955,0.914081001,0
T138N,-0.011422069,0.910415527,0
T138P,-1.637176163,0.513799858,0
T138Q,-0.022462671,0.907722084,0
T138R,-0.014866235,0.909575295,0
T138S,-0.005663247,0.911820438,0
T138V,-0.070479439,0.896008011,0
T138W,-0.048985813,0.901251552,0
T138Y,-0.063154918,0.897794886,0
T139A,-0.021554076,0.907943743,0
T139C,-0.169138366,0.871939379,0
T139D,-0.217867719,0.860051465,0
T139E,0.053101457,0.926156556,1
T139F,-1.379021898,0.576778648,0
T139G,-0.117638352,0.884503218,0
T139H,-0.336643603,0.831075142,0
T139I,-0.03572582,0.904486433,0
T139K,-1.134124571,0.636523303,0
T139L,-0.040313797,0.90336716,0
T139M,-0.095383625,0.889932436,0
T139N,-0.081692222,0.893272563,0
T139P,-2.120888247,0.395794439,0
T139Q,-0.028121269,0.906341624,0
T139R,-0.189236759,0.867036216,0
T139S,0.024660069,0.919218052,1
T139V,-0.055610984,0.899635289,0
T139W,-1.634384634,0.514480873,0
T139Y,-1.324513524,0.590076401,0
I140A,-1.498297601,0.54768039,0
I140C,-1.437943051,0.562404363,0
I140D,-3.26519342,0.116632072,0
I140E,-2.106084455,0.399405942,0
I140F,-0.184413504,0.868212888,0
I140G,-1.734219462,0.490125371,0
I140H,-2.596333523,0.279805775,0
I140K,-2.431673967,0.319975786,0
I140L,0.024254683,0.919119155,1
I140M,-0.036978728,0.904180776,0
I140N,-2.209628612,0.37414552,0
I140P,-2.744994759,0.243538681,0
I140Q,-1.419250056,0.566964668,0
I140R,-2.684032739,0.258410852,0
I140S,-1.563681715,0.531729414,0
I140T,-1.523189597,0.541607789,0
I140V,0.015865042,0.917072435,1
I140W,-1.753049544,0.485531623,0
I140Y,-0.643092522,0.756314485,0
G141A,-1.755335207,0.484974017,0
G141C,-1.746883758,0.487035815,0
G141D,-1.723675785,0.492697585,0
G141E,-1.398896115,0.571930175,0
G141F,-2.235048401,0.36794416,0
G141H,-1.586028399,0.526277762,0
G141I,-2.337303037,0.342998326,0
G141K,-1.367054306,0.579698238,0
G141L,-1.747878302,0.486793189,0
G141M,-1.532986605,0.539217731,0
G141N,-0.713730989,0.739081668,0
G141P,-2.550557496,0.290973201,0
G141Q,-1.174642188,0.626638708,0
G141R,-1.58238244,0.527167223,0
G141S,-1.572262939,0.529635956,0
G141T,-1.95731596,0.435699203,0
G141V,-1.844794395,0.463149735,0
G141W,-2.472098057,0.310114007,0
G141Y,-2.242010824,0.366245621,0
G142A,-1.667980374,0.506284925,0
G142C,-2.370468152,0.334907432,0
G142D,-2.152682452,0.38803799,0
G142E,-2.143842851,0.390194481,0
G142F,-2.427977434,0.320877584,0
G142H,-1.944233898,0.438890676,0
G142I,-2.534184278,0.294967578,0
G142K,-2.514586481,0.299748617,0
G142L,-3.003561539,0.180459254,0
G142M,-2.631156091,0.271310532,0
G142N,-1.272083085,0.602867224,0
G142P,-3.086825287,0.160146399,0
G142Q,-2.542831659,0.292857981,0
G142R,-2.438075268,0.318414137,0
G142S,-1.686527285,0.501760258,0
G142T,-1.601828004,0.522423323,0
G142V,-2.534903025,0.294792234,0
G142W,-2.130593621,0.393426736,0
G142Y,-2.786132369,0.233502833,0
P143A,-1.155561931,0.631293488,0
P143C,-1.7742566,0.480357992,0
P143D,-2.988158154,0.184217033,0
P143E,-2.245986947,0.365275614,0
P143F,-2.387195776,0.330826595,0
P143G,-1.833277046,0.465959484,0
P143H,-0.652308892,0.754066078,0
P143I,-2.005215035,0.424013841,0
P143K,-2.718579118,0.249982987,0
P143L,-1.965140669,0.433790302,0
P143M,-2.50650652,0.301719788,0
P143N,-1.942733992,0.43925659,0
P143Q,-1.269922254,0.603394376,0
P143R,-2.376351268,0.333472199,0
P143S,-1.696646089,0.499291695,0
P143T,-1.151452175,0.632296096,0
P143V,-1.539005603,0.537749348,0
P143W,-3.021949433,0.175973381,0
P143Y,-2.758068812,0.240349162,0
K144A,-0.072388926,0.895542176,0
K144C,-0.171929079,0.871258563,0
K144D,-0.055729847,0.899606292,0
K144E,-0.022203867,0.907785222,0
K144F,-0.074061544,0.895134128,0
K144G,-0.020137481,0.908289333,0
K144H,-0.009511753,0.910881564,0
K144I,0.047126188,0.924698841,1
K144L,-0.083766349,0.892766563,0
K144M,-0.076435888,0.894554888,0
K144N,-0.004878996,0.912011762,0
K144P,-0.127841548,0.882014067,0
K144Q,-0.012246845,0.910214316,0
K144R,-0.081195363,0.893393776,0
K144S,-0.054032555,0.900020359,0
K144T,-0.074526532,0.89502069,0
K144V,-0.046394863,0.901883635,0
K144W,-0.261537109,0.84939797,0
K144Y,-0.174016484,0.870749324,0
E145A,-0.027764073,0.906428765,0
E145C,-0.054622106,0.899876534,0
E145D,-0.053888557,0.900055489,0
E145F,-0.010103721,0.910737149,0
E145G,-0.009259429,0.91094312,0
E145H,-0.071933538,0.895653272,0
E145I,-0.196790128,0.865193512,0
E145K,-0.034367585,0.904817786,0
E145L,-0.185923179,0.86784459,0
E145M,0.002160508,0.913729105,0
E145N,-0.082234238,0.893140334,0
E145P,-0.365045508,0.824146271,0
E145Q,-0.051717017,0.900585253,0
E145R,-0.086826265,0.892020072,0
E145S,-0.019853986,0.908358494,0
E145T,-0.100024051,0.888800367,0
E145V,-0.058114107,0.899024632,0
E145W,-0.18290933,0.868579843,0
E145Y,-0.131728189,0.88106589,0
L146A,-1.532918971,0.539234231,0
L146C,-1.683595957,0.502475379,0
L146D,-2.822895624,0.224534144,0
L146E,-2.67514971,0.260577938,0
L146F,-0.118583426,0.88427266,0
L146G,-2.258073028,0.362327119,0
L146H,-2.870012063,0.213039713,0
L146I,-0.366678145,0.823747976,0
L146K,-2.628974197,0.271842822,0
L146M,-0.136688724,0.879855728,0
L146N,-2.571101493,0.28596133,0
L146P,-3.379138187,0.088834337,0
L146Q,-1.880102707,0.454535991,0
L146R,-3.408390178,0.081698081,0
L146S,-2.745330081,0.243456877,0
L146T,-2.590170917,0.281309192,0
L146V,-0.156148555,0.875108347,0
L146W,-2.146566175,0.389530104,0
L146Y,-2.179368697,0.381527667,0
T147A,-1.387123397,0.574802223,0
T147C,-0.308931309,0.837835777,0
T147D,-0.909715515,0.691269681,0
T147E,-0.607522664,0.764992036,0
T147F,-2.976655135,0.187023286,0
T147G,-0.336406679,0.831132941,0
T147H,-1.292782142,0.597817524,0
T147I,-1.282457123,0.600336395,0
T147K,-0.501617593,0.790828422,0
T147L,-1.710683523,0.495867151,0
T147M,-0.314493285,0.836478888,0
T147N,-0.119655975,0.884011003,0
T147P,-2.288112346,0.354998788,0
T147Q,-0.223975582,0.858561403,0
T147R,-0.122255423,0.883376847,0
T147S,-0.098120434,0.88926477,0
T147V,-0.097500002,0.889416129,0
T147W,-2.021586879,0.4200198,0
T147Y,-2.680316152,0.259317543,0
A148C,-0.154317562,0.875555033,0
A148D,-0.013729766,0.909852546,0
A148E,0.024932065,0.919284408,1
A148F,-0.031785314,0.905447751,0
A148G,-0.016463352,0.909185666,0
A148H,-0.002692202,0.912545248,0
A148I,0.019962406,0.91807202,1
A148K,0.03095493,0.920753734,1
A148L,0.047229992,0.924724165,1
A148M,0.033247698,0.921313073,1
A148N,-0.021430816,0.907973814,0
A148P,-1.381794876,0.576102158,0
A148Q,-0.032812593,0.905197138,0
A148R,0.019409463,0.917937125,1
A148S,-0.047102173,0.901711081,0
A148T,-0.040016795,0.903439616,0
A148V,0.003099285,0.913958127,0
A148W,-0.039664242,0.903525624,0
A148Y,-0.126288959,0.882392834,0
F149A,-0.582402575,0.771120282,0
F149C,-1.616961673,0.518731344,0
F149D,-1.722814001,0.492907825,0
F149E,-1.318017717,0.591661104,0
F149G,-1.767180068,0.482084369,0
F149H,-0.565551312,0.775231282,0
F149I,-0.067300137,0.896783627,0
F149K,-1.318214249,0.591613159,0
F149L,-0.262966181,0.849049336,0
F149M,-0.010095764,0.91073909,0
F149N,-1.70591085,0.497031483,0
F149P,-3.19685748,0.133303169,0
F149Q,-1.090552187,0.647153134,0
F149R,-1.359686127,0.581495764,0
F149S,-1.357072082,0.582133481,0
F149T,-0.633217506,0.758723574,0
F149V,-0.434599858,0.807177933,0
F149W,0.106530647,0.939191032,1
F149Y,0.016628017,0.917258569,1
L150A,-0.212270693,0.861416904,0
L150C,-0.476126661,0.797047138,0
L150D,-2.440127655,0.317913441,0
L150E,-2.878848421,0.210884014,0
L150F,-0.149956739,0.87661889,0
L150G,-1.756685572,0.484644585,0
L150H,-2.50799963,0.301355532,0
L150I,-0.107601528,0.886951781,0
L150K,-2.676445598,0.260261795,0
L150M,0.091401533,0.935500164,1
L150N,-2.256755267,0.362648597,0
L150P,-3.152874322,0.144033211,0
L150Q,-1.552336112,0.534497264,0
L150R,-3.202388142,0.13195392,0
L150S,-1.733232711,0.490366097,0
L150T,-0.568561936,0.774496816,0
L150V,-0.092748906,0.890575197,0
L150W,-1.612677789,0.519776431,0
L150Y,-0.668788278,0.750045801,0
H151A,0.03070164,0.920691942,1
H151C,-0.143451534,0.878205887,0
H151D,-0.029224302,0.90607253,0
H151E,0.044633236,0.924090666,1
H151F,-0.018411069,0.908710505,0
H151G,0.029651278,0.920435698,1
H151I,0.007014468,0.914913267,0
H151K,0.007145897,0.91494533,0
H151L,-0.024805365,0.907150565,0
H151M,0.04515802,0.924218691,1
H151N,0.079552158,0.932609415,1
H151P,-2.286537924,0.35538288,0
H151Q,0.068242096,0.929850235,1
H151R,0.02308135,0.918832911,1
H151S,0.010206805,0.915692063,1
H151T,0.016665056,0.917267605,1
H151V,0.001629947,0.91359967,0
H151W,-0.034528764,0.904778465,0
H151Y,0.007816278,0.915108875,0
N152A,-0.039471638,0.903572611,0
N152C,-0.154368375,0.875542636,0
N152D,-0.030300908,0.905809884,0
N152E,-0.011654539,0.910358814,0
N152F,-0.108405948,0.886755537,0
N152G,-0.066780817,0.896910319,0
N152H,-0.024670175,0.907183546,0
N152I,-0.079239517,0.89387092,0
N152K,-0.009286896,0.91093642,0
N152L,-0.023505812,0.907467602,0
N152M,0.054737748,0.926555742,1
N152P,-2.12322271,0.395224928,0
N152Q,-0.018047744,0.908799141,0
N152R,0.021453871,0.918435875,1
N152S,-0.015036708,0.909533707,0
N152T,-0.035577056,0.904522726,0
N152V,-0.04207795,0.902936781,0
N152W,-0.079932065,0.893701968,0
N152Y,-0.111851337,0.885915007,0
M153A,-0.068678108,0.89644746,0
M153C,-0.064515596,0.897462938,0
M153D,-3.100132561,0.156899984,0
M153E,-1.375037549,0.577750662,0
M153F,-0.201098063,0.864142557,0
M153G,-0.71877483,0.737851183,0
M153H,-0.558468368,0.776959222,0
M153I,-0.023306261,0.907516284,0
M153K,-1.354327292,0.582803094,0
M153L,-0.047138284,0.901702272,0
M153N,-0.261438533,0.849422018,0
M153P,-2.742925641,0.244043459,0
M153Q,-0.266883514,0.848093671,0
M153R,-1.312866025,0.592917901,0
M153S,-0.113013127,0.885631579,0
M153T,-0.079235997,0.893871779,0
M153V,-0.099218971,0.888996773,0
M153W,-0.063727216,0.89765527,0
M153Y,-1.035927336,0.660479301,0
G154A,-1.237814556,0.611227305,0
G154C,-1.74826918,0.486697831,0
G154D,-0.095326543,0.889946362,0
G154E,-0.123728146,0.883017565,0
G154F,-2.091244834,0.403026186,0
G154H,-0.947665442,0.682011494,0
G154I,-2.6520505,0.266213174,0
G154K,-1.210318364,0.61793522,0
G154L,-1.828806881,0.467050017,0
G154M,-2.123271348,0.395213063,0
G154N,-0.235432728,0.855766341,0
G154P,-2.117260162,0.39667954,0
G154Q,-0.544538124,0.780357616,0
G154R,-1.558836255,0.532911503,0
G154S,-0.952716773,0.680779181,0
G154T,-1.714924849,0.494832446,0
G154V,-1.66910335,0.506010966,0
G154W,-2.49126502,0.305438073,0
G154Y,-2.325040513,0.345989867,0
D155A,-2.933485535,0.197554854,0
D155C,-3.234446418,0.124133048,0
D155E,-1.954996729,0.436264997,0
D155F,-2.888915262,0.208428127,0
D155G,-2.942122497,0.195447798,0
D155H,-2.752012589,0.241826626,0
D155I,-2.772950829,0.236718575,0
D155K,-3.063463585,0.165845673,0
D155L,-3.537996133,0.050079675,0
D155M,-2.863143693,0.214715307,0
D155N,-2.020904202,0.420186344,0
D155P,-2.876538377,0.211447567,0
D155Q,-3.309732766,0.105766343,0
D155R,-3.133164206,0.148841651,0
D155S,-3.095545636,0.158019001,0
D155T,-3.098885594,0.157204191,0
D155V,-2.95260037,0.192891638,0
D155W,-3.378654397,0.088952362,0
D155Y,-2.717875647,0.250154605,0
H156A,-0.069156907,0.896330653,0
H156C,-0.105137007,0.887553021,0
H156D,-0.030105332,0.905857596,0
H156E,-0.060026062,0.898558196,0
H156F,0.009488401,0.915516803,0
H156G,-0.087994099,0.89173517,0
H156I,-0.155017382,0.875384306,0
H156K,-0.023280442,0.907522583,0
H156L,-0.057332812,0.899215235,0
H156M,0.013323853,0.916452492,1
H156N,0.000899269,0.913421416,0
H156P,-0.099892424,0.888832479,0
H156Q,-0.03615346,0.904382107,0
H156R,-0.050996883,0.900760936,0
H156S,-0.044113082,0.902440294,0
H156T,-0.026805845,0.906662532,0
H156V,-0.079730457,0.893751151,0
H156W,-0.042865848,0.902744567,0
H156Y,-0.002911654,0.912491711,0
V157A,-0.049961012,0.901013645,0
V157C,-0.134334238,0.880430124,0
V157D,-0.082892482,0.89297975,0
V157E,-0.058903587,0.898832032,0
V157F,-0.033174397,0.905108873,0
V157G,-0.292355779,0.841879509,0
V157H,-0.028670375,0.906207665,0
V157I,-0.016144166,0.909263534,0
V157K,-0.06893156,0.896385628,0
V157L,-0.159833684,0.874209331,0
V157M,-0.110101585,0.886341873,0
V157N,-0.148758043,0.876911322,0
V157P,-2.508478619,0.301238679,0
V157Q,-0.034791114,0.904714462,0
V157R,-0.100719758,0.888630644,0
V157S,-0.068319607,0.896534919,0
V157T,-0.050944735,0.900773658,0
V157W,-0.063348542,0.89774765,0
V157Y,0.0042194,0.914231388,0
T158A,-1.75776431,0.484381418,0
T158C,-2.074436606,0.407126687,0
T158D,-2.857708937,0.216041159,0
T158E,-2.826795965,0.223582625,0
T158F,-1.662542725,0.507611483,0
T158G,-2.322613954,0.346581845,0
T158H,-3.153699717,0.143831849,0
T158I,-2.619117745,0.274247382,0
T158K,-2.657154096,0.264968111,0
T158L,-2.71824293,0.250065003,0
T158M,-2.83343683,0.221962533,0
T158N,-2.847588711,0.218510069,0
T158P,-2.693836426,0.256019164,0
T158Q,-2.561556551,0.288289894,0
T158R,-2.829050984,0.223032495,0
T158S,-0.018715579,0.908636217,0
T158V,-2.060039083,0.410639078,0
T158W,-2.855389113,0.216607099,0
T158Y,-2.632397259,0.271007739,0
R159A,-1.81998913,0.469201177,0
R159C,-1.598124144,0.523326909,0
R159D,-2.750766538,0.24213061,0
R159E,-1.826000916,0.467734554,0
R159F,-1.185971889,0.623874737,0
R159G,-2.09261947,0.402690833,0
R159H,-0.024222481,0.907292765,0
R159I,-1.415053588,0.56798843,0
R159K,-0.213063427,0.861223511,0
R159L,-1.899057722,0.449911764,0
R159M,-1.835369182,0.465449091,0
R159N,-1.158634112,0.630544005,0
R159P,-2.195801353,0.37751879,0
R159Q,-0.117895174,0.884440565,0
R159S,-0.476218612,0.797024706,0
R159T,-0.293486985,0.841603543,0
R159V,-1.502183898,0.546732297,0
R159W,-1.56451437,0.531526281,0
R159Y,-1.576523905,0.528596459,0
L160A,-0.20360832,0.863530159,0
L160C,-0.091992954,0.890759618,0
L160D,-2.836727602,0.221159723,0
L160E,-2.544298692,0.292500086,0
L160F,-0.571760779,0.773716433,0
L160G,-2.25622662,0.362777565,0
L160H,-1.822190357,0.46866417,0
L160I,-0.040497089,0.903322444,0
L160K,-2.626606882,0.272420347,0
L160M,-0.163127337,0.873405818,0
L160N,-1.906073603,0.448200184,0
L160P,-1.980249426,0.430104401,0
L160Q,-1.925638658,0.443427133,0
L160R,-3.392857023,0.085487518,0
L160S,-0.219697753,0.859605014,0
L160T,-0.27647592,0.845753528,0
L160V,-0.052868257,0.900304399,0
L160W,-3.154767154,0.143571439,0
L160Y,-2.876429349,0.211474165,0
D161A,-1.724239067,0.492560168,0
D161C,-1.714345305,0.49497383,0
D161E,-0.941199774,0.683588845,0
D161F,-2.746142513,0.243258678,0
D161G,-3.112543508,0.153872234,0
D161H,-1.928225329,0.442796094,0
D161I,-2.754888476,0.24112503,0
D161K,-2.460173728,0.313023042,0
D161L,-3.351206049,0.095648605,0
D161M,-1.926115503,0.443310803,0
D161N,-0.621962917,0.761469221,0
D161P,-3.45690128,0.069863411,0
D161Q,-1.87018021,0.456956663,0
D161R,-2.503933895,0.3023474,0
D161S,-1.313168234,0.592844175,0
D161T,-1.585055309,0.526515155,0
D161V,-1.579928924,0.527765778,0
D161W,-2.7815416,0.234622788,0
D161Y,-2.4218407,0.32237469,0
R162A,-2.052036726,0.412591317,0
R162C,-1.942558975,0.439299287,0
R162D,-1.797269994,0.474743692,0
R162E,-2.229220485,0.369365926,0
R162F,-2.763489649,0.239026705,0
R162G,-1.460298622,0.556950544,0
R162H,-0.454364178,0.802356269,0
R162I,-2.775293038,0.236147175,0
R162K,-1.553189418,0.534289094,0
R162L,-2.600935808,0.278683011,0
R162M,-2.409700729,0.325336332,0
R162N,-0.318084574,0.835602765,0
R162P,-2.432689628,0.319728007,0
R162Q,-0.955581138,0.680080397,0
R162S,-0.460633359,0.800826852,0
R162T,-1.077646983,0.650301461,0
R162V,-3.188958022,0.135230305,0
R162W,-3.042912059,0.170859381,0
R162Y,-2.86213516,0.214961347,0
W163A,-0.356231928,0.826296414,0
W163C,-0.266007872,0.848307291,0
W163D,-0.658121798,0.752647974,0
W163E,-0.325154719,0.833877947,0
W163F,-0.2044242,0.863331119,0
W163G,-0.720388025,0.737457631,0
W163H,-0.343938499,0.829295494,0
W163I,-0.058474829,0.898936631,0
W163K,-0.280734493,0.844714615,0
W163L,-0.240498541,0.854530496,0
W163M,-0.069283073,0.896299874,0
W163N,-0.20943181,0.862109473,0
W163P,-0.605318946,0.76552965,0
W163Q,-0.355667127,0.826434201,0
W163R,-0.275885436,0.845897581,0
W163S,-0.340141465,0.83022181,0
W163T,-0.192326549,0.866282437,0
W163V,-0.158162042,0.874617141,0
W163Y,-0.110791918,0.88617346,0
E164A,-3.221815216,0.12721453,0
E164C,-3.04428599,0.1705242,0
E164D,-2.074786307,0.407041375,0
E164F,-2.825797328,0.22382625,0
E164G,-3.057856319,0.16721361,0
E164H,-3.233787056,0.124293904,0
E164I,-2.868440257,0.213423168,0
E164K,-2.893938093,0.207202768,0
E164L,-3.357557094,0.094099217,0
E164M,-2.872379578,0.212462139,0
E164N,-2.321734186,0.346796472,0
E164P,-3.133019477,0.148876958,0
E164Q,-2.937308495,0.196622212,0
E164R,-3.21360509,0.129217456,0
E164S,-3.018665674,0.17677448,0
E164T,-2.932763667,0.19773096,0
E164V,-2.972760077,0.187973516,0
E164W,-3.386125481,0.087129731,0
E164Y,-2.888697228,0.208481319,0
P165A,-1.173297695,0.626966707,0
P165C,-1.21695688,0.616315701,0
P165D,-1.55610422,0.533578004,0
P165E,-1.695484262,0.499575132,0
P165F,-2.257956999,0.362355425,0
P165G,-1.984731055,0.429011072,0
P165H,-1.577464349,0.528367031,0
P165I,-0.527164154,0.784596135,0
P165K,-1.478979037,0.552393308,0
P165L,-0.353187674,0.827039084,0
P165M,-1.40629147,0.570126019,0
P165N,-0.771029889,0.725103145,0
P165Q,-1.401130168,0.57138516,0
P165R,-1.540979088,0.537267901,0
P165S,-1.27638993,0.601816535,0
P165T,-0.071925249,0.895655294,0
P165V,-0.337033627,0.830979992,0
P165W,-2.673980819,0.260863098,0
P165Y,-2.125045058,0.394780352,0
E166A,-0.011919645,0.910294139,0
E166C,-0.058989229,0.898811139,0
E166D,0.005592246,0.914566305,0
E166F,-0.047233269,0.901679099,0
E166G,-0.060012719,0.898561451,0
E166H,0.058182299,0.927396067,1
E166I,-0.122481056,0.883321802,0
E166K,-0.058571476,0.898913053,0
E166L,-0.040056982,0.903429812,0
E166M,0.003712481,0.914107721,0
E166N,-0.069317183,0.896291553,0
E166P,-1.836023503,0.465289464,0
E166Q,-0.021115558,0.908050723,0
E166R,-0.072704092,0.895465289,0
E166S,-0.030948467,0.905651907,0
E166T,-0.043164956,0.902671597,0
E166V,-0.109649546,0.886452151,0
E166W,-0.022417454,0.907733115,0
E166Y,0.067210162,0.929598487,1
L167A,-0.999179737,0.669444171,0
L167C,-0.017578103,0.908913714,0
L167D,-3.000815722,0.181129118,0
L167E,-2.415411747,0.323943084,0
L167F,-2.141151773,0.390850991,0
L167G,-2.585553084,0.282435749,0
L167H,-2.551329907,0.290784766,0
L167I,-0.034959373,0.904673414,0
L167K,-3.034945182,0.172802964,0
L167M,-0.095031072,0.890018444,0
L167N,-2.83505775,0.221567097,0
L167P,-2.538317973,0.293959131,0
L167Q,-2.735504061,0.245854013,0
L167R,-2.840588154,0.220217911,0
L167S,-2.66256831,0.26364727,0
L167T,-0.880212184,0.698467254,0
L167V,-0.015985525,0.909302236,0
L167W,-2.693164745,0.256183026,0
L167Y,-2.891833454,0.207716211,0
N168A,-1.359565393,0.581525218,0
N168C,-1.797003822,0.474808626,0
N168D,-2.229169042,0.369378476,0
N168E,-2.469443095,0.310761706,0
N168F,-3.154169562,0.143717227,0
N168G,-0.188527075,0.867209349,0
N168H,-2.696715137,0.25531688,0
N168I,-3.003262056,0.180532316,0
N168K,-2.398846159,0.327984391,0
N168L,-3.202224799,0.131993769,0
N168M,-3.190088049,0.134954625,0
N168P,-2.963152876,0.19031727,0
N168Q,-1.962057183,0.434542543,0
N168R,-2.367051715,0.335740899,0
N168S,-0.958670943,0.679326614,0
N168T,-1.293284521,0.597694965,0
N168V,-2.083815124,0.404838723,0
N168W,-2.558682303,0.28899109,0
N168Y,-2.451047803,0.315249384,0
E169A,0.011510119,0.916010017,1
E169C,-0.232860859,0.856393769,0
E169D,-0.048479077,0.901375175,0
E169F,-0.224830355,0.858352875,0
E169G,-0.020031157,0.908315271,0
E169H,-0.098948729,0.889062701,0
E169I,-0.251659858,0.851807604,0
E169K,-0.030407853,0.905783794,0
E169L,-0.084152104,0.892672455,0
E169M,0.021681985,0.918491525,1
E169N,-0.075607926,0.894756876,0
E169P,-2.145505745,0.389788804,0
E169Q,-0.038255577,0.903869279,0
E169R,-0.041936411,0.90297131,0
E169S,-0.016386099,0.909204512,0
E169T,-0.028245622,0.906311287,0
E169V,-0.136233654,0.879966746,0
E169W,-0.125559554,0.882570778,0
E169Y,-0.222237047,0.858985533,0
A170C,-0.095774798,0.889837007,0
A170D,-1.236433786,0.611564155,0
A170E,-1.638338553,0.513516283,0
A170F,-0.379657619,0.82058153,0
A170G,-0.062819829,0.897876634,0
A170H,-0.422100168,0.810227332,0
A170I,-0.499302942,0.791393099,0
A170K,-2.138205066,0.391569863,0
A170L,-1.003401435,0.668414254,0
A170M,-0.651438708,0.754278367,0
A170N,-0.314250249,0.836538179,0
A170P,-0.502327117,0.790655328,0
A170Q,-1.585160313,0.526489539,0
A170R,-0.900379702,0.693547227,0
A170S,-0.010849721,0.910555156,0
A170T,-0.720405673,0.737453326,0
A170V,-0.227165389,0.857783225,0
A170W,-0.213755331,0.861054715,0
A170Y,-0.152466172,0.876006694,0
I171A,0.019637073,0.917992652,1
I171C,-0.033828286,0.904949352,0
I171D,-0.095848309,0.889819073,0
I171E,0.014879679,0.916832048,1
I171F,0.072452323,0.930877354,1
I171G,-0.010270764,0.910696397,0
I171H,-0.076070341,0.894644066,0
I171K,-0.029810137,0.905929611,0
I171L,0.009850653,0.915605177,0
I171M,-0.084325251,0.892630215,0
I171N,-0.006277549,0.911670574,0
I171P,-0.622117062,0.761431616,0
I171Q,-0.016285196,0.909229129,0
I171R,0.007069097,0.914926594,0
I171S,0.007955541,0.91514285,0
I171T,-0.012082141,0.910254497,0
I171V,-0.011763924,0.910332129,0
I171W,0.011755136,0.916069791,1
I171Y,0.049878287,0.925370238,1
P172A,-0.054554334,0.899893067,0
P172C,-0.232375688,0.856512131,0
P172D,-0.162923428,0.873455563,0
P172E,0.013131383,0.916405537,1
P172F,-0.209981855,0.861975285,0
P172G,-0.2926104,0.841817393,0
P172H,-0.099280104,0.888981859,0
P172I,-0.179605393,0.869385865,0
P172K,-0.150293482,0.876536739,0
P172L,-0.088987201,0.891492895,0
P172M,-0.063852168,0.897624787,0
P172N,-0.170574422,0.871589042,0
P172Q,-0.064381216,0.897495721,0
P172R,-0.194723748,0.865697622,0
P172S,-0.142501876,0.878437563,0
P172T,-0.091111296,0.890974705,0
P172V,-0.097459968,0.889425896,0
P172W,-0.276195727,0.845821883,0
P172Y,-0.199544409,0.864521583,0
N173A,0.013932701,0.916601025,1
N173C,-0.014365242,0.909697517,0
N173D,-0.029921061,0.905902551,0
N173E,-0.008709017,0.911077398,0
N173F,-0.024432156,0.907241613,0
N173G,-0.001621661,0.912806415,0
N173H,0.002965655,0.913925527,0
N173I,-0.314117936,0.836570458,0
N173K,-0.014792412,0.909593305,0
N173L,-0.030604265,0.905735878,0
N173M,-0.054697622,0.899858111,0
N173P,-1.716187143,0.494524499,0
N173Q,0.023715874,0.918987708,1
N173R,-0.050087137,0.900982876,0
N173S,-0.000747787,0.913019603,0
N173T,-0.027061775,0.906600096,0
N173V,-0.25577747,0.850803079,0
N173W,-0.004127451,0.912195107,0
N173Y,0.017112284,0.91737671,1
D174A,-2.121400628,0.39566944,0
D174C,-1.457901578,0.557535322,0
D174E,-0.712773759,0.739315192,0
D174F,-2.899982662,0.205728147,0
D174G,-1.960745279,0.434862593,0
D174H,-2.623160767,0.273261055,0
D174I,-2.551690557,0.290696782,0
D174K,-2.962412655,0.190497853,0
D174L,-2.590402136,0.281252784,0
D174M,-2.842131669,0.219841358,0
D174N,-2.324862848,0.34603321,0
D174P,-3.314416907,0.10462361,0
D174Q,-2.490967542,0.305510646,0
D174R,-3.00426622,0.180287342,0
D174S,-1.527444943,0.540569663,0
D174T,-2.456080174,0.314021697,0
D174V,-2.717493608,0.250247806,0
D174W,-3.101784767,0.156496915,0
D174Y,-2.72555823,0.248280377,0
E175A,-0.050278436,0.900936207,0
E175C,-0.115690451,0.884978424,0
E175D,-0.100610422,0.888657318,0
E175F,-0.140403233,0.878949544,0
E175G,-0.280954368,0.844660974,0
E175H,-0.070252314,0.89606342,0
E175I,-0.070853734,0.895916699,0
E175K,-0.094820258,0.890069874,0
E175L,-0.077029978,0.894409955,0
E175M,-0.06534819,0.89725982,0
E175N,-0.118612428,0.884265585,0
E175P,-0.04213872,0.902921955,0
E175Q,-0.076423817,0.894557833,0
E175R,-0.167412478,0.872360424,0
E175S,-0.081985919,0.893200913,0
E175T,-0.106713349,0.88716846,0
E175V,-0.076902895,0.894440958,0
E175W,-0.094118681,0.890241029,0
E175Y,-0.109305065,0.88653619,0
R176A,-0.855971985,0.704380844,0
R176C,-0.592263614,0.768714603,0
R176D,-1.773480238,0.480547392,0
R176E,-1.282004161,0.600446899,0
R176F,-1.1687866,0.628067225,0
R176G,-1.789170972,0.476719513,0
R176H,-0.693165747,0.744098723,0
R176I,-2.562807203,0.287984788,0
R176K,-0.250014334,0.852209042,0
R176L,-0.760679487,0.727628208,0
R176M,-0.688151548,0.745321977,0
R176N,-0.755379623,0.728921152,0
R176P,-2.901193523,0.205432748,0
R176Q,-0.097072604,0.889520396,0
R176S,-0.660139414,0.75215576,0
R176T,-2.210755805,0.373870532,0
R176V,-2.112091665,0.397940436,0
R176W,-1.425390569,0.565466641,0
R176Y,-1.119486404,0.640094401,0
D177A,-2.777766007,0.235543874,0
D177C,-3.206833111,0.130869534,0
D177E,-2.887131973,0.208863175,0
D177F,-2.845422823,0.219038455,0
D177G,-3.096966536,0.157672361,0
D177H,-3.226945424,0.125962975,0
D177I,-2.978487084,0.186576367,0
D177K,-2.962464211,0.190485275,0
D177L,-3.036515649,0.172419837,0
D177M,-2.748824394,0.242604411,0
D177N,-3.039174838,0.171771106,0
D177P,-2.955764357,0.192119758,0
D177Q,-2.999547418,0.181438531,0
D177R,-3.254302042,0.11928911,0
D177S,-3.044305848,0.170519355,0
D177T,-3.24570132,0.121387325,0
D177V,-3.264237045,0.116865387,0
D177W,-3.193444419,0.134135812,0
D177Y,-2.381120951,0.332308597,0
T178A,-2.02239622,0.419822354,0
T178C,-1.675433092,0.504466775,0
T178D,-2.863717584,0.214575302,0
T178E,-2.343746274,0.341426447,0
T178F,-2.869121979,0.213256857,0
T178G,-2.549241462,0.291294258,0
T178H,-2.450143198,0.31547007,0
T178I,-2.042598116,0.414893941,0
T178K,-2.986548054,0.18460983,0
T178L,-2.776831022,0.235771971,0
T178M,-2.831918119,0.222333035,0
T178N,-2.261183373,0.361568325,0
T178P,-2.863903087,0.214530047,0
T178Q,-2.094211604,0.402302419,0
T178R,-3.014521567,0.177785468,0
T178S,-0.131550732,0.881109182,0
T178V,-2.349552164,0.340010054,0
T178W,-3.213571609,0.129225624,0
T178Y,-2.946532519,0.194371938,0
T179A,-1.6994956,0.498596534,0
T179C,-2.572330785,0.285661434,0
T179D,-2.704465567,0.253426101,0
T179E,-3.131540262,0.149237825,0
T179F,-2.330080687,0.344760276,0
T179G,-2.870286433,0.212972779,0
T179H,-2.505587334,0.301944031,0
T179I,-1.472474702,0.553980092,0
T179K,-2.108367291,0.398849026,0
T179L,-2.752004813,0.241828523,0
T179M,-1.436712696,0.562704518,0
T179N,-2.320141315,0.347185065,0
T179P,-1.894521109,0.451018507,0
T179Q,-2.717685824,0.250200914,0
T179R,-2.425682559,0.321437438,0
T179S,-0.230557033,0.856955806,0
T179V,-2.521490628,0.298064295,0
T179W,-2.981145452,0.185927837,0
T179Y,-2.36236514,0.336884227,0
M180A,-0.127120802,0.882189899,0
M180C,-0.117845373,0.884452714,0
M180D,-0.399340929,0.815779629,0
M180E,-0.043949873,0.90248011,0
M180F,-0.296461378,0.840877916,0
M180G,-0.192624745,0.86620969,0
M180H,-0.061344188,0.898236628,0
M180I,-0.224523194,0.858427809,0
M180K,-0.125447739,0.882598056,0
M180L,-0.369663227,0.823019741,0
M180N,-0.09782455,0.889336953,0
M180P,-1.07766428,0.650297241,0
M180Q,0.012836888,0.916333693,1
M180R,-0.145705402,0.877656038,0
M180S,-0.033144855,0.90511608,0
M180T,0.02379943,0.919008093,1
M180V,-0.080730722,0.893507129,0
M180W,-0.152728798,0.875942624,0
M180Y,-0.195293479,0.865558631,0
P181A,-1.419223264,0.566971205,0
P181C,-1.356029739,0.582387769,0
P181D,-3.181340254,0.13708872,0
P181E,-2.374074613,0.334027607,0
P181F,-3.177511691,0.138022728,0
P181G,-2.424367976,0.321758141,0
P181H,-3.034564588,0.172895813,0
P181I,-2.435086889,0.319143176,0
P181K,-3.084530684,0.160706186,0
P181L,-2.62413134,0.273024276,0
P181M,-2.428427535,0.320767779,0
P181N,-2.972155467,0.188121016,0
P181Q,-2.940623847,0.195813406,0
P181R,-3.555180769,0.045887346,0
P181S,-2.254049517,0.363308686,0
P181T,-2.108980881,0.398699336,0
P181V,-1.122286199,0.639411368,0
P181W,-2.912637008,0.202641018,0
P181Y,-3.051126408,0.168855425,0
A182C,-0.004182229,0.912181744,0
A182D,-0.421005079,0.810494487,0
A182E,-0.009028852,0.910999371,0
A182F,0.01557299,0.917001187,1
A182G,0.037299282,0.922301489,1
A182H,0.046813931,0.924622664,1
A182I,-0.029102077,0.906102348,0
A182K,0.071641012,0.930679428,1
A182L,0.023923761,0.919038424,1
A182M,0.02676237,0.919730925,1
A182N,-0.025473965,0.906987455,0
A182P,-1.656836061,0.509003669,0
A182Q,0.008577632,0.915294614,0
A182R,0.020417383,0.918183015,1
A182S,-0.006001543,0.911737908,0
A182T,-0.023171975,0.907549044,0
A182V,0.022611641,0.918718322,1
A182W,0.024065486,0.919072999,1
A182Y,0.039926567,0.922942436,1
A183C,-0.496674031,0.792034443,0
A183D,-1.46783653,0.555111611,0
A183E,-0.111302744,0.88604884,0
A183F,-0.294205693,0.841428208,0
A183G,-1.016716013,0.665166057,0
A183H,-0.054851679,0.899820528,0
A183I,-0.133558866,0.880619282,0
A183K,-0.204094409,0.863411574,0
A183L,-1.540338492,0.537424179,0
A183M,-0.051695839,0.90059042,0
A183N,-0.045816636,0.902024698,0
A183P,-1.311531959,0.593243357,0
A183Q,0.0216764,0.918490162,1
A183R,-0.231135679,0.856814641,0
A183S,0.021753514,0.918508975,1
A183T,-0.049025113,0.901241965,0
A183V,0.016607528,0.917253571,1
A183W,-0.652367159,0.754051864,0
A183Y,-0.110270561,0.88630065,0
M184A,-1.621073773,0.517728164,0
M184C,-1.715535122,0.494683565,0
M184D,-3.260115432,0.117870887,0
M184E,-3.163032745,0.141554983,0
M184F,-0.249223793,0.852401901,0
M184G,-2.794416557,0.23148184,0
M184H,-2.983621742,0.185323727,0
M184I,-0.030925581,0.90565749,0
M184K,-3.088453137,0.159749272,0
M184L,-1.189826061,0.622934481,0
M184N,-2.641933471,0.268681304,0
M184P,-3.030596748,0.1738638,0
M184Q,-2.403221462,0.326917001,0
M184R,-3.190159524,0.134937189,0
M184S,-2.663571843,0.263402451,0
M184T,-2.579511712,0.28390959,0
M184V,-0.284368235,0.843828134,0
M184W,-2.987315471,0.184422612,0
M184Y,-0.496208612,0.792147986,0
A185C,-1.555559949,0.533710784,0
A185D,-2.268067522,0.359888882,0
A185E,-2.788667675,0.232884325,0
A185F,-2.844278656,0.219317583,0
A185G,-0.050523955,0.90087631,0
A185H,-3.069942666,0.164265049,0
A185I,-2.614938872,0.275266851,0
A185K,-3.172889151,0.139150434,0
A185L,-3.00665791,0.17970387,0
A185M,-2.928513973,0.198767706,0
A185N,-2.973630882,0.187761077,0
A185P,-3.129075265,0.14983918,0
A185Q,-2.960545912,0.190953259,0
A185R,-2.414795069,0.324093527,0
A185S,-0.573427357,0.773309858,0
A185T,-2.386208395,0.331067474,0
A185V,-1.607457871,0.521049872,0
A185W,-2.866635331,0.213863494,0
A185Y,-3.131419231,0.149267351,0
T186A,0.049039139,0.925165521,1
T186C,0.066228188,0.929358926,1
T186D,0.127180098,0.944228631,1
T186E,0.062168248,0.928368472,1
T186F,0.038390943,0.922567808,1
T186G,0.057716959,0.927282544,1
T186H,0.078777167,0.93242035,1
T186I,0.064125918,0.928846061,1
T186K,0.063526439,0.928699813,1
T186L,0.04893101,0.925139142,1
T186M,0.079871209,0.93268725,1
T186N,0.079541488,0.932606812,1
T186P,-0.979858789,0.67415767,0
T186Q,0.070922127,0.93050405,1
T186R,0.069973766,0.93027269,1
T186S,0.026542245,0.919677224,1
T186V,0.055647605,0.926777709,1
T186W,0.043396619,0.923788983,1
T186Y,0.077859825,0.932196557,1
T187A,-0.499151566,0.791430029,0
T187C,-0.854236268,0.704804286,0
T187D,-0.085246589,0.892405447,0
T187E,-2.552683678,0.290454502,0
T187F,-1.822937331,0.46848194,0
T187G,-0.691341428,0.74454378,0
T187H,-2.217539756,0.372215533,0
T187I,-0.578642539,0.772037572,0
T187K,-1.628477245,0.515922028,0
T187L,-0.484891114,0.79490898,0
T187M,-0.56988453,0.774174158,0
T187N,-0.067171304,0.896815057,0
T187P,-2.552642805,0.290464474,0
T187Q,-1.690890002,0.500695939,0
T187R,-1.947472669,0.438100552,0
T187S,-0.072998046,0.895393577,0
T187V,-0.670291875,0.749678986,0
T187W,-2.333350456,0.34396259,0
T187Y,-2.430647818,0.320226123,0
L188A,-1.20747049,0.618629982,0
L188C,-1.090092962,0.647265165,0
L188D,-2.713809337,0.251146614,0
L188E,-3.037699413,0.172131048,0
L188F,-0.129732592,0.881552732,0
L188G,-2.153407982,0.387860991,0
L188H,-2.357136857,0.338159708,0
L188I,0.057770815,0.927295683,1
L188K,-2.552699689,0.290450596,0
L188M,0.013036622,0.91638242,1
L188N,-2.220947187,0.371384263,0
L188P,-2.85520948,0.216650922,0
L188Q,-2.796089769,0.231073646,0
L188R,-2.954465915,0.192436523,0
L188S,-1.805171884,0.472815963,0
L188T,-0.298301891,0.840428908,0
L188V,-0.081581386,0.893299603,0
L188W,-1.912952574,0.446522004,0
L188Y,-1.120273917,0.639902281,0
R189A,-0.017229055,0.908998867,0
R189C,-0.003296714,0.912397772,0
R189D,-1.147991782,0.633140287,0
R189E,-0.303910932,0.839060538,0
R189F,0.034164252,0.921536673,1
R189G,-0.047906629,0.901514828,0
R189H,0.028994949,0.920275581,1
R189I,-1.078739254,0.650034993,0
R189K,0.043095827,0.923715602,1
R189L,-0.020162665,0.908283189,0
R189M,0.023547909,0.918946732,1
R189N,-0.151627342,0.876211333,0
R189P,-2.171437555,0.383462533,0
R189Q,-0.002750311,0.912531072,0
R189S,-0.039930577,0.903460649,0
R189T,-0.145861112,0.877618051,0
R189V,-0.162167656,0.87363994,0
R189W,0.037155393,0.922266386,1
R189Y,-0.009767181,0.91081925,0
K190A,0.131802291,0.945356251,1
K190C,0.090686241,0.935325663,1
K190D,0.100962865,0.937832728,1
K190E,0.154985173,0.9510119,1
K190F,-0.217008298,0.860261128,0
K190G,0.077161286,0.932026143,1
K190H,0.11390722,0.940990606,1
K190I,0.108124379,0.939579836,1
K190L,0.09924628,0.937413953,1
K190M,0.064268569,0.928880862,1
K190N,0.116235186,0.941558532,1
K190P,-2.16444907,0.385167429,0
K190Q,0.17701405,0.95638602,1
K190R,0.134726194,0.946069561,1
K190S,0.101368661,0.937931725,1
K190T,0.142137028,0.947877493,1
K190V,0.094288889,0.936204558,1
K190W,-0.205482836,0.863072856,0
K190Y,0.110729703,0.940215426,1
L191A,-1.740208362,0.488664332,0
L191C,-1.540306586,0.537431963,0
L191D,-2.706935997,0.25282342,0
L191E,-3.091910494,0.158905823,0
L191F,-0.063981014,0.897593354,0
L191G,-2.8190959,0.225461117,0
L191H,-2.353865109,0.338957877,0
L191I,-0.07512295,0.894875189,0
L191K,-2.566725382,0.287028917,0
L191M,0.010860929,0.915851642,1
L191N,-2.564733321,0.287514896,0
L191P,-2.918265711,0.201267851,0
L191Q,-2.104050617,0.399902113,0
L191R,-2.845487107,0.219022772,0
L191S,-2.314900941,0.348463496,0
L191T,-1.584024861,0.526766541,0
L191V,-0.313009326,0.836840912,0
L191W,-1.752099142,0.485763481,0
L191Y,-1.555942535,0.533617449,0
L192A,-1.556554077,0.533468258,0
L192C,-1.063779785,0.653684474,0
L192D,-2.832883323,0.222097566,0
L192E,-2.829024756,0.223038894,0
L192F,-0.042845814,0.902749454,0
L192G,-2.784570413,0.233883885,0
L192H,-1.791421007,0.476170599,0
L192I,-0.063610451,0.897683755,0
L192K,-2.784299155,0.233950061,0
L192M,-0.01111662,0.910490044,0
L192N,-2.853349806,0.217104604,0
L192P,-2.830189853,0.222754659,0
L192Q,-1.901721304,0.449261962,0
L192R,-3.061556477,0.166310927,0
L192S,-2.098896634,0.401159469,0
L192T,-0.833308562,0.709909766,0
L192V,-0.100550592,0.888671914,0
L192W,-0.944648318,0.682747545,0
L192Y,-0.947878925,0.681959413,0
T193A,-0.014179751,0.909742769,0
T193C,-0.007992231,0.911252263,0
T193D,-0.07094539,0.895894339,0
T193E,-0.209827896,0.862012844,0
T193F,-0.019831781,0.908363911,0
T193G,-0.038139974,0.903897481,0
T193H,0.024926094,0.919282951,1
T193I,0.000771803,0.913390319,0
T193K,0.098222012,0.937164075,1
T193L,-0.064364734,0.897499742,0
T193M,0.031074253,0.920782844,1
T193N,-0.070475732,0.896008915,0
T193P,-2.585087471,0.282549339,0
T193Q,-0.027736966,0.906435378,0
T193R,0.040937953,0.923189172,1
T193S,-0.042009722,0.902953425,0
T193V,-0.000500627,0.9130799,0
T193W,-0.030497122,0.905762016,0
T193Y,-0.049908681,0.901026411,0
G194A,-0.033181735,0.905107083,0
G194C,-0.14188896,0.878587089,0
G194D,0.011114738,0.915913561,1
G194E,-0.00654365,0.911605656,0
G194F,-0.689851161,0.744907343,0
G194H,-0.086449922,0.892111884,0
G194I,-1.678925897,0.503614677,0
G194K,-0.08905312,0.891476813,0
G194L,-0.735460234,0.733780646,0
G194M,-0.109029556,0.886603403,0
G194N,-0.099271407,0.888983981,0
G194P,-0.198504302,0.864775325,0
G194Q,-0.031244144,0.905579774,0
G194R,-0.30361416,0.839132938,0
G194S,-0.004549402,0.912092169,0
G194T,0.01521688,0.916914311,1
G194V,-1.411238446,0.568919165,0
G194W,-1.17832734,0.625739685,0
G194Y,-0.707677084,0.740558567,0
E195A,-0.107819608,0.886898579,0
E195C,-0.253589731,0.851336796,0
E195D,0.014874203,0.916830712,1
E195F,-1.257844667,0.6063408,0
E195G,-0.014822187,0.909586041,0
E195H,0.041473635,0.923319856,1
E195I,-0.923341277,0.687945568,0
E195K,-0.015181175,0.909498463,0
E195L,-1.055149919,0.655789799,0
E195M,-0.869914941,0.700979348,0
E195N,-0.076250219,0.894600183,0
E195P,0.007968436,0.915145995,0
E195Q,-0.013494444,0.909909955,0
E195R,0.002125496,0.913720564,0
E195S,0.001405108,0.913544819,0
E195T,0.004035173,0.914186445,0
E195V,-0.774844864,0.724172451,0
E195W,-0.974195725,0.67553922,0
E195Y,-0.562971902,0.775860549,0
L196A,-0.014103408,0.909761393,0
L196C,0.029851427,0.920484525,1
L196D,-0.008341739,0.911166998,0
L196E,-0.008205434,0.911200251,0
L196F,0.026951397,0.91977704,1
L196G,-0.005089222,0.911960476,0
L196H,0.032170134,0.921050193,1
L196I,-0.000868318,0.912990199,0
L196K,-0.023462474,0.907478174,0
L196M,-0.005650777,0.91182348,0
L196N,-0.017572606,0.908915055,0
L196P,-0.0196861,0.908399451,0
L196Q,0.020486085,0.918199776,1
L196R,0.027352755,0.919874955,1
L196S,-0.009026136,0.911000034,0
L196T,0.005459075,0.914533817,0
L196V,0.02295313,0.918801631,1
L196W,-0.004021524,0.912220949,0
L196Y,-0.019370159,0.908476527,0
L197A,-1.697822122,0.499004793,0
L197C,-2.045410784,0.414207768,0
L197D,-2.265152025,0.360600141,0
L197E,-2.296573983,0.352934504,0
L197F,-1.641900013,0.512647437,0
L197G,-2.046874712,0.413850631,0
L197H,-1.660891852,0.508014226,0
L197I,-0.537680195,0.782030663,0
L197K,-1.710046227,0.496022625,0
L197M,-0.518598509,0.786685792,0
L197N,-2.089523292,0.40344617,0
L197P,-1.975856504,0.431176089,0
L197Q,-1.88757772,0.452712402,0
L197R,-1.824107048,0.468196578,0
L197S,-1.729367627,0.491309015,0
L197T,-1.970737178,0.432424989,0
L197V,-1.583193307,0.526969406,0
L197W,-2.253095968,0.363541312,0
L197Y,-1.821305888,0.468879944,0
T198A,-0.057169749,0.899255016,0
T198C,-0.095859568,0.889816326,0
T198D,-0.222104265,0.859017926,0
T198E,-0.0266382,0.906703431,0
T198F,-1.565430761,0.53130272,0
T198G,-0.073106841,0.895367035,0
T198H,-0.106646559,0.887184754,0
T198I,-1.705973767,0.497016134,0
T198K,-0.066967809,0.896864701,0
T198L,-0.607306196,0.765044845,0
T198M,-0.368987389,0.823184617,0
T198N,-0.088840844,0.8915286,0
T198P,-1.642965451,0.512387515,0
T198Q,-0.087078312,0.891958584,0
T198R,-0.130710025,0.881314279,0
T198S,0.034374676,0.921588008,1
T198V,-1.215136884,0.616759704,0
T198W,-1.982114442,0.429649415,0
T198Y,-1.536340092,0.538399621,0
L199A,0.015100529,0.916885926,1
L199C,0.012399982,0.916227106,1
L199D,-0.058771054,0.898864365,0
L199E,-0.004804214,0.912030006,0
L199F,0.063373193,0.928662427,1
L199G,-0.004201456,0.912177053,0
L199H,-0.004857553,0.912016993,0
L199I,0.062772634,0.928515916,1
L199K,0.048501146,0.925034273,1
L199M,0.041551904,0.92333895,1
L199N,-0.104307023,0.887755502,0
L199P,-0.013699019,0.909860047,0
L199Q,-0.02665737,0.906698754,0
L199R,-0.020615908,0.908172617,0
L199S,0.004816355,0.91437702,0
L199T,0.004982806,0.914417627,0
L199V,-0.018299501,0.908737723,0
L199W,-0.034159285,0.904868602,0
L199Y,-0.046826306,0.901778381,0
A200C,-0.053922218,0.900047277,0
A200D,-0.046943255,0.901749851,0
A200E,-0.011045613,0.910507367,0
A200F,-0.236304148,0.855553752,0
A200G,0.01257536,0.916269891,1
A200H,-0.037725565,0.90399858,0
A200I,-0.106340364,0.887259453,0
A200K,0.018088694,0.917614913,1
A200L,-0.124382732,0.882857873,0
A200M,-0.146867379,0.877372564,0
A200N,0.02956398,0.9204144,1
A200P,-0.031745665,0.905457424,0
A200Q,-0.005148779,0.911945946,0
A200R,0.02118416,0.918370077,1
A200S,-0.014845207,0.909580425,0
A200T,-0.004445483,0.912117521,0
A200V,-0.017479696,0.908937721,0
A200W,-1.124258477,0.638930215,0
A200Y,-0.116248878,0.884842192,0
S201A,-0.031490122,0.905519766,0
S201C,-0.840956088,0.708044091,0
S201D,-2.588748537,0.281656192,0
S201E,-2.764541722,0.238770044,0
S201F,-1.874663113,0.455863023,0
S201G,-0.066645768,0.896943266,0
S201H,-0.334359694,0.83163232,0
S201I,-2.544155728,0.292534964,0
S201K,-1.509409538,0.544969544,0
S201L,-1.396292631,0.572565315,0
S201M,-0.147038284,0.877330871,0
S201N,-0.239890997,0.854678711,0
S201P,-2.184156114,0.380359739,0
S201Q,-1.569776963,0.53024243,0
S201R,-1.398191684,0.572102026,0
S201T,-0.745591461,0.731309052,0
S201V,-1.946646683,0.438302058,0
S201W,-2.368502357,0.335387004,0
S201Y,-1.529393499,0.540094298,0
R202A,-0.089946034,0.89125898,0
R202C,-0.408126145,0.813636406,0
R202D,-2.503355296,0.302488554,0
R202E,-0.795980403,0.719016268,0
R202F,-2.154417167,0.387614792,0
R202G,-0.6735225,0.74889085,0
R202H,-1.331543416,0.588361402,0
R202I,-1.284960855,0.599725589,0
R202K,-0.042276034,0.902888456,0
R202L,-1.542524433,0.536890902,0
R202M,-0.858495436,0.703765228,0
R202N,-1.125712004,0.638575616,0
R202P,-2.418157231,0.323273301,0
R202Q,0.057127195,0.927138666,1
R202S,-0.014030268,0.909779236,0
R202T,0.00892554,0.915379489,0
R202V,-0.350332115,0.82773572,0
R202W,-1.819953653,0.469209832,0
R202Y,-1.688556108,0.501265311,0
Q203A,-0.133863722,0.88054491,0
Q203C,-0.363158022,0.824606738,0
Q203D,-0.137649047,0.87962145,0
Q203E,-0.111883842,0.885907077,0
Q203F,-0.636254504,0.757982674,0
Q203G,-0.131112702,0.881216043,0
Q203H,-0.104448934,0.887720882,0
Q203I,-0.143453602,0.878205382,0
Q203K,-0.062261928,0.898012738,0
Q203L,-0.16289009,0.873463696,0
Q203M,-0.063881636,0.897617598,0
Q203N,-0.171366942,0.871395701,0
Q203P,-3.002803861,0.180644096,0
Q203R,-0.093200958,0.890464915,0
Q203S,-0.125549632,0.882573198,0
Q203T,-0.08307937,0.892934157,0
Q203V,-0.13953731,0.879160793,0
Q203W,-0.56026314,0.776521373,0
Q203Y,-0.32455408,0.834024477,0
Q204A,-0.102016433,0.88831431,0
Q204C,-0.043050656,0.902699481,0
Q204D,-0.441077459,0.80559767,0
Q204E,-0.049271281,0.90118191,0
Q204F,-0.770665463,0.72519205,0
Q204G,-1.786870087,0.477280832,0
Q204H,-0.08535206,0.892379717,0
Q204I,0.012872342,0.916342342,1
Q204K,-0.271795291,0.846895404,0
Q204L,0.004851927,0.914385698,0
Q204M,-0.027101502,0.906590404,0
Q204N,-0.08281981,0.892997479,0
Q204P,-2.3246163,0.346093357,0
Q204R,-0.115500466,0.885024773,0
Q204S,-0.186846147,0.867619425,0
Q204T,-0.056559811,0.899403815,0
Q204V,-0.041599533,0.903053494,0
Q204W,-1.247783737,0.608795244,0
Q204Y,-0.310308743,0.837499741,0
L205A,-2.461863376,0.312610839,0
L205C,-2.875775708,0.211633626,0
L205D,-2.726957571,0.247938997,0
L205E,-2.785510896,0.233654447,0
L205F,-1.871064386,0.456740961,0
L205G,-2.949099701,0.193745654,0
L205H,-2.728694617,0.247515231,0
L205I,-0.249558421,0.852320266,0
L205K,-2.59346846,0.28050473,0
L205M,-0.083827632,0.892751613,0
L205N,-2.764074272,0.238884082,0
L205P,-2.968101119,0.189110106,0
L205Q,-2.736755349,0.245548751,0
L205R,-3.216264069,0.128568777,0
L205S,-3.040917185,0.171346047,0
L205T,-2.364069586,0.336468413,0
L205V,-1.660227839,0.508176218,0
L205W,-2.016528177,0.42125391,0
L205Y,-2.834558335,0.221688933,0
I206A,-0.095585021,0.889883304,0
I206C,-0.120373888,0.883835862,0
I206D,-2.292964036,0.353815179,0
I206E,-0.468149603,0.798993205,0
I206F,-0.115699013,0.884976335,0
I206G,-0.507712402,0.789341545,0
I206H,-0.490274334,0.7935957,0
I206K,-0.166908908,0.872483273,0
I206L,-0.062484206,0.897958512,0
I206M,-0.031823081,0.905438538,0
I206N,-0.545276258,0.780177543,0
I206P,-2.793581331,0.2316856,0
I206Q,-0.04368622,0.90254443,0
I206R,-0.096092213,0.889759571,0
I206S,-0.109283774,0.886541384,0
I206T,-0.09217043,0.890716321,0
I206V,-0.052187525,0.900470469,0
I206W,-0.059908443,0.89858689,0
I206Y,-0.100407788,0.888706752,0
D207A,-0.024022196,0.907341626,0
D207C,-0.08019127,0.893638732,0
D207E,0.004128036,0.914209099,0
D207F,-0.184123465,0.868283645,0
D207G,-0.016034947,0.909290179,0
D207H,-0.02671686,0.906684241,0
D207I,-0.18373332,0.868378824,0
D207K,-0.068487125,0.896494052,0
D207L,-0.064457659,0.897477072,0
D207M,-0.025048737,0.907091193,0
D207N,-0.010855562,0.910553731,0
D207P,-2.74751331,0.242924261,0
D207Q,-0.072254373,0.895575002,0
D207R,-0.013780093,0.909840268,0
D207S,0.010865086,0.915852656,1
D207T,-0.051384056,0.900666482,0
D207V,-0.155588699,0.875244929,0
D207W,-0.103181347,0.88803012,0
D207Y,-0.089946259,0.891258925,0
W208A,-1.916460922,0.445666115,0
W208C,-2.212615246,0.373416907,0
W208D,-1.792940807,0.475799831,0
W208E,-2.293189931,0.35376007,0
W208F,-0.969442853,0.676698721,0
W208G,-2.512143778,0.300344534,0
W208H,-2.123041474,0.395269142,0
W208I,-2.544678199,0.292407503,0
W208K,-2.266433854,0.360287428,0
W208L,-1.401179782,0.571373056,0
W208M,-0.953390179,0.680614899,0
W208N,-2.496360039,0.304195103,0
W208P,-3.079917716,0.161831556,0
W208Q,-2.720273121,0.249569722,0
W208R,-2.827959969,0.223298657,0
W208S,-2.154436131,0.387610166,0
W208T,-2.420402242,0.322725613,0
W208V,-2.66192783,0.263803521,0
W208Y,-1.429065287,0.564570165,0
M209A,-2.030565249,0.417829455,0
M209C,-1.152460298,0.632050156,0
M209D,-3.002742861,0.180658977,0
M209E,-2.921396058,0.200504178,0
M209F,-2.914586017,0.202165542,0
M209G,-2.678930153,0.259655668,0
M209H,-2.875308652,0.211747568,0
M209I,-2.834504952,0.221701956,0
M209K,-2.939565689,0.196071552,0
M209L,-0.620492383,0.761827969,0
M209N,-2.781298844,0.23468201,0
M209P,-2.830617872,0.22265024,0
M209Q,-2.48502129,0.306961281,0
M209R,-3.260522815,0.117771503,0
M209S,-2.819777634,0.225294803,0
M209T,-3.405201875,0.082475893,0
M209V,-2.529281553,0.296163637,0
M209W,-2.349063279,0.340129322,0
M209Y,-2.924973973,0.199631317,0
E210A,-0.372386731,0.822355321,0
E210C,0.150784067,0.949987007,1
E210D,-0.158082654,0.874636508,0
E210F,0.145238067,0.948634016,1
E210G,-0.326654622,0.833512033,0
E210H,0.153639001,0.950683491,1
E210I,0.348570842,0.998238667,1
E210K,0.232897995,0.970019354,1
E210L,-0.156003987,0.875143616,0
E210M,0.194174985,0.960572567,1
E210N,0.082515748,0.933332406,1
E210P,-1.742334732,0.488145587,0
E210Q,0.054612238,0.926525123,1
E210R,0.07051385,0.930404448,1
E210S,-0.423217187,0.809954826,0
E210T,-0.342551855,0.829633777,0
E210V,-0.1782236,0.869722964,0
E210W,0.104545319,0.938706696,1
E210Y,0.355790663,1,1
A211C,-0.286941361,0.8432004,0
A211D,0.149351808,0.949637596,1
A211E,-0.003246365,0.912410055,0
A211F,-0.547828864,0.779554814,0
A211G,0.047543236,0.924800583,1
A211H,0.106391861,0.939157174,1
A211I,-0.664675484,0.75104915,0
A211K,0.00473626,0.91435748,0
A211L,0.084351559,0.933780267,1
A211M,0.299713579,0.986319548,1
A211N,0.007469645,0.915024311,0
A211P,-1.62145947,0.51763407,0
A211Q,0.085666891,0.934101153,1
A211R,0.028937467,0.920261558,1
A211S,-0.057107731,0.899270146,0
A211T,-0.316316504,0.8360341,0
A211V,-0.649735281,0.754693931,0
A211W,-0.810289893,0.715525354,0
A211Y,-0.353034012,0.827076571,0
D212A,-1.450938142,0.559234107,0
D212C,-2.102952115,0.400170102,0
D212E,-1.56686785,0.530952131,0
D212F,-1.875844696,0.455574767,0
D212G,-1.068630147,0.65250119,0
D212H,-1.683158038,0.502582213,0
D212I,-1.565837542,0.531203483,0
D212K,-1.616297616,0.518893346,0
D212L,-2.467021641,0.311352439,0
D212M,-1.668718507,0.506104851,0
D212N,-0.990291815,0.67161245,0
D212P,-1.765575956,0.482475705,0
D212Q,-1.083375828,0.648903864,0
D212R,-2.395898308,0.328703543,0
D212S,-1.350442792,0.583750749,0
D212T,-1.432884767,0.563638372,0
D212V,-1.849024682,0.462117723,0
D212W,-1.970395551,0.432508332,0
D212Y,-1.978093856,0.430630269,0
K213A,-0.15013473,0.876575468,0
K213C,-0.407447461,0.813801976,0
K213D,-1.568932922,0.53044834,0
K213E,-0.926966111,0.687061261,0
K213F,-0.338193494,0.830697033,0
K213G,-0.72143042,0.737203331,0
K213H,-0.247090883,0.852922242,0
K213I,-0.181811979,0.86884755,0
K213L,-0.065453657,0.897234091,0
K213M,-0.081841881,0.893236053,0
K213N,-0.186996305,0.867582793,0
K213P,-1.688237659,0.501342999,0
K213Q,-0.025008601,0.907100984,0
K213R,-0.106634552,0.887187683,0
K213S,-0.210462363,0.861858061,0
K213T,-0.342567648,0.829629924,0
K213V,-0.120524299,0.883799169,0
K213W,-0.888566052,0.696429261,0
K213Y,-0.370230613,0.822881323,0
V214A,-0.908327702,0.691608249,0
V214C,-1.214542094,0.616904807,0
V214D,-2.437506033,0.318553007,0
V214E,-2.109988078,0.398453622,0
V214F,-1.659114328,0.508447867,0
V214G,-1.505191289,0.54599862,0
V214H,-1.462711156,0.556361987,0
V214I,-0.826021427,0.711687521,0
V214K,-1.159835975,0.630250801,0
V214L,-0.878103451,0.698981696,0
V214M,-0.464651373,0.799846626,0
V214N,-1.332146477,0.588214281,0
V214P,-1.822061875,0.468695515,0
V214Q,-1.324416662,0.590100031,0
V214R,-1.47282212,0.553895336,0
V214S,-0.858990682,0.703644408,0
V214T,-0.246635617,0.853033307,0
V214W,-1.630367752,0.515460824,0
V214Y,-1.394818299,0.57292499,0
A215C,-1.56256569,0.532001677,0
A215D,-2.091308436,0.40301067,0
A215E,-1.277329484,0.601587323,0
A215F,-1.90507016,0.448444982,0
A215G,-0.42454654,0.80963052,0
A215H,-1.550710905,0.534893747,0
A215I,-1.728916565,0.491419055,0
A215K,-1.870409311,0.456900772,0
A215L,-2.504267698,0.302265967,0
A215M,-1.50909235,0.545046925,0
A215N,-1.684866444,0.502165434,0
A215P,-1.5563334,0.533522094,0
A215Q,-2.01652056,0.421255768,0
A215R,-1.642443333,0.51251489,0
A215S,-0.430107826,0.8082738,0
A215T,-1.243536899,0.609831294,0
A215V,-1.789833856,0.476557797,0
A215W,-1.844041984,0.463333292,0
A215Y,-2.061001809,0.410404213,0
G216A,-0.310987193,0.837334227,0
G216C,-1.719736905,0.493658507,0
G216D,-1.101515398,0.644478571,0
G216E,-1.070069416,0.652150069,0
G216F,-1.497825789,0.547795492,0
G216H,-0.843535431,0.70741484,0
G216I,-1.730204233,0.491104919,0
G216K,-0.637357076,0.757713693,0
G216L,-0.765563344,0.726436752,0
G216M,-0.525735054,0.784944775,0
G216N,-0.171467298,0.871371218,0
G216P,-1.499187483,0.547463296,0
G216Q,-0.160168266,0.874127707,0
G216R,-0.917942436,0.689262658,0
G216S,-0.702568873,0.741804755,0
G216T,-0.657379514,0.75282906,0
G216V,-1.553889303,0.534118351,0
G216W,-0.921568061,0.688378158,0
G216Y,-1.219190914,0.615770691,0
P217A,-0.049668195,0.90108508,0
P217C,-0.943436839,0.683043095,0
P217D,-0.149352214,0.876766369,0
P217E,-0.294224133,0.84142371,0
P217F,-1.509183144,0.545024775,0
P217G,-0.494440348,0.792579368,0
P217H,-0.221030842,0.859279796,0
P217I,-1.350092088,0.583836306,0
P217K,-0.007076838,0.911475581,0
P217L,-0.541115992,0.781192473,0
P217M,-0.156304504,0.875070302,0
P217N,-0.131099891,0.881219169,0
P217Q,-0.143022173,0.878310633,0
P217R,-0.512200053,0.788246746,0
P217S,-0.300363106,0.839926058,0
P217T,-0.193910919,0.865895918,0
P217V,-0.281510655,0.844525264,0
P217W,-1.924774941,0.443637843,0
P217Y,-1.044703536,0.658338277,0
L218A,-2.157489669,0.386865231,0
L218C,-1.887985663,0.452612881,0
L218D,-1.649850489,0.510707855,0
L218E,-2.809141168,0.227889653,0
L218F,-2.233060674,0.368429082,0
L218G,-2.040364951,0.415438739,0
L218H,-2.623540895,0.273168319,0
L218I,-1.35057011,0.583719689,0
L218K,-2.560616507,0.288519225,0
L218M,-0.362441866,0.82478145,0
L218N,-2.612333266,0.27590251,0
L218P,-2.095105062,0.402084453,0
L218Q,-2.130320525,0.39349336,0
L218R,-2.751810874,0.241875836,0
L218S,-3.079750314,0.161872395,0
L218T,-2.242838135,0.366043792,0
L218V,-2.045548314,0.414174216,0
L218W,-2.414557623,0.324151454,0
L218Y,-2.606993533,0.27720518,0
L219A,-1.965542708,0.433692222,0
L219C,-2.727414578,0.247827507,0
L219D,-2.447858333,0.316027481,0
L219E,-2.438363166,0.318343902,0
L219F,-0.542806621,0.78078003,0
L219G,-2.710439912,0.251968612,0
L219H,-2.192562432,0.378308951,0
L219I,-0.341983997,0.82977231,0
L219K,-2.040645811,0.415370221,0
L219M,-0.595117345,0.768018412,0
L219N,-2.58579938,0.282375663,0
L219P,-1.848450852,0.462257713,0
L219Q,-2.141130018,0.390856298,0
L219R,-2.207771293,0.374598628,0
L219S,-2.416982133,0.323559976,0
L219T,-2.383980323,0.33161103,0
L219V,-0.227873442,0.857610489,0
L219W,-2.493348556,0.304929778,0
L219Y,-2.240510973,0.366611522,0
R220A,-2.198580773,0.376840728,0
R220C,-1.843028038,0.463580652,0
R220D,-2.689181867,0.257154681,0
R220E,-2.427769743,0.320928252,0
R220F,-2.505385353,0.301993306,0
R220G,-1.927532395,0.442965141,0
R220H,-1.476075347,0.553101686,0
R220I,-2.353178169,0.339125461,0
R220K,-1.795858879,0.475087944,0
R220L,-1.572457607,0.529588465,0
R220M,-2.584173075,0.282772413,0
R220N,-2.334290873,0.343733168,0
R220P,-2.097570762,0.401482926,0
R220Q,-1.836778509,0.465105274,0
R220S,-1.917546496,0.44540128,0
R220T,-2.091349898,0.403000555,0
R220V,-2.383732783,0.33167142,0
R220W,-2.373247326,0.334229431,0
R220Y,-2.470586539,0.310482754,0
S221A,0.015870591,0.917073789,1
S221C,-0.009742219,0.91082534,0
S221D,-0.568615666,0.774483708,0
S221E,-0.210797203,0.861776374,0
S221F,-0.342966042,0.829532732,0
S221G,-0.267536733,0.847934313,0
S221H,-0.000773092,0.91301343,0
S221I,-0.13567684,0.880102585,0
S221K,0.008597156,0.915299377,0
S221L,-0.169576546,0.871832482,0
S221M,-0.057603585,0.899149178,0
S221N,-0.058641551,0.898895958,0
S221P,-0.663132229,0.751425639,0
S221Q,0.106899351,0.939280981,1
S221R,0.03387427,0.92146593,1
S221T,0.009267262,0.915462854,0
S221V,-0.061467424,0.898206564,0
S221W,-0.625610278,0.760579418,0
S221Y,-0.107990138,0.886856977,0
A222C,-0.139486071,0.879173293,0
A222D,-1.188570578,0.623240766,0
A222E,-0.025283249,0.907033982,0
A222F,-0.604300295,0.765778158,0
A222G,-0.205126728,0.863159732,0
A222H,-0.080251334,0.893624079,0
A222I,-0.127924825,0.881993751,0
A222K,0.135756477,0.946320907,1
A222L,-1.220598653,0.615427262,0
A222M,-0.314588866,0.836455571,0
A222N,-0.165455814,0.872837767,0
A222P,-0.20669553,0.86277701,0
A222Q,-0.035363378,0.904574854,0
A222R,0.012398433,0.916226728,1
A222S,-0.084670226,0.892546055,0
A222T,-0.052968743,0.900279885,0
A222V,-0.038754442,0.903747577,0
A222W,-1.279806224,0.600983103,0
A222Y,-0.274795451,0.846163491,0
L223A,-0.244925713,0.853450452,0
L223C,-0.059013229,0.898805284,0
L223D,-2.442670861,0.317293006,0
L223E,-2.501219207,0.30300967,0
L223F,-1.850101858,0.461854937,0
L223G,-2.276690171,0.357785318,0
L223H,-2.545721245,0.292153043,0
L223I,0.039474144,0.922832064,1
L223K,-1.688448663,0.501291523,0
L223M,0.006047272,0.914677312,0
L223N,-1.938482333,0.440293816,0
L223P,-2.182385851,0.380791609,0
L223Q,-1.936262751,0.440835301,0
L223R,-1.700886798,0.49825714,0
L223S,-1.648996795,0.51091612,0
L223T,0.004756221,0.91436235,0
L223V,0.023457895,0.918924772,1
L223W,-2.59264695,0.280705144,0
L223Y,-2.1265148,0.394421797,0
P224A,-1.655145079,0.509416197,0
P224C,-2.236007119,0.367710273,0
P224D,-2.002474635,0.424682384,0
P224E,-1.914921366,0.446041702,0
P224F,-2.3177489,0.347768714,0
P224G,-1.271180378,0.603087447,0
P224H,-1.47636862,0.55303014,0
P224I,-2.345231646,0.341064079,0
P224K,-0.676098285,0.748262466,0
P224L,-1.96066277,0.434882722,0
P224M,-1.914560411,0.446129759,0
P224N,-1.789244766,0.47670151,0
P224Q,-1.537817744,0.538039136,0
P224R,-1.512772675,0.54414908,0
P224S,-1.439181992,0.562102114,0
P224T,-1.37993249,0.576556502,0
P224V,-2.505475291,0.301971365,0
P224W,-1.887302746,0.452779484,0
P224Y,-2.260381098,0.361764046,0
A225C,-0.100035783,0.888797505,0
A225D,-0.024881322,0.907132035,0
A225E,-0.084060168,0.892694884,0
A225F,-0.164486588,0.873074218,0
A225G,-0.082549558,0.893063409,0
A225H,-0.076997698,0.89441783,0
A225I,-0.067274635,0.896789848,0
A225K,-0.037823988,0.903974569,0
A225L,-0.130718286,0.881312264,0
A225M,-0.048778137,0.901302217,0
A225N,-0.054190921,0.899981725,0
A225P,-0.06631154,0.897024803,0
A225Q,-0.14648126,0.877466761,0
A225R,-0.074905372,0.894928269,0
A225S,-0.070292569,0.896053599,0
A225T,-0.144877326,0.877858053,0
A225V,-0.062278785,0.898008626,0
A225W,-0.178694792,0.869608013,0
A225Y,-0.111895308,0.88590428,0
G226A,-0.474043585,0.797555321,0
G226C,-0.89099476,0.695836758,0
G226D,0.012588811,0.916273173,1
G226E,-0.084602038,0.89256269,0
G226F,-1.399590085,0.571760875,0
G226H,-0.082656357,0.893037355,0
G226I,-2.322454726,0.34662069,0
G226K,-0.013250524,0.909969461,0
G226L,-1.89747051,0.450298977,0
G226M,-1.588387768,0.525702176,0
G226N,-0.127757168,0.882034652,0
G226P,-1.503568438,0.546394527,0
G226Q,-0.174763127,0.870567174,0
G226R,-0.160583026,0.874026523,0
G226S,-0.060375297,0.898472997,0
G226T,-0.033124861,0.905120958,0
G226V,-2.483838408,0.307249855,0
G226W,-1.645095743,0.511867813,0
G226Y,-1.292676546,0.597843285,0
W227A,-2.410115861,0.325235058,0
W227C,-2.601610509,0.278518412,0
W227D,-2.779304338,0.235168586,0
W227E,-2.874335284,0.211985029,0
W227F,-0.845939091,0.706828448,0
W227G,-2.958552134,0.191439657,0
W227H,-2.736922009,0.245508093,0
W227I,-2.474822962,0.309449245,0
W227K,-2.859977118,0.215487818,0
W227L,-3.214010768,0.129118488,0
W227M,-2.730242755,0.24713755,0
W227N,-2.471548492,0.310248078,0
W227P,-3.576892623,0.040590567,0
W227Q,-2.740541574,0.244625071,0
W227R,-2.587686552,0.281915272,0
W227S,-3.230124757,0.125187351,0
W227T,-2.947105996,0.194232034,0
W227V,-3.138425058,0.147558224,0
W227Y,-2.100840027,0.400685362,0
F228A,-0.705757337,0.741026904,0
F228C,-1.422719484,0.566118274,0
F228D,-2.364827307,0.336283561,0
F228E,-2.649739417,0.266776981,0
F228G,-2.117396431,0.396646296,0
F228H,-0.929733827,0.686386054,0
F228I,-1.514573075,0.543709858,0
F228K,-1.376374769,0.577424436,0
F228L,-1.38825315,0.574526611,0
F228M,-0.167753136,0.872277317,0
F228N,-2.058817623,0.410937063,0
F228P,-2.92933569,0.198567242,0
F228Q,-1.501144033,0.54698598,0
F228R,-1.14201242,0.634599,0
F228S,-1.232204024,0.612596039,0
F228T,-1.022036606,0.663868056,0
F228V,-0.947842669,0.681968258,0
F228W,-0.201357558,0.864079251,0
F228Y,0.082612214,0.93335594,1
I229A,-2.164150476,0.385240274,0
I229C,-0.262866813,0.849073578,0
I229D,-2.890113296,0.208135857,0
I229E,-2.863877939,0.214536182,0
I229F,-2.078295963,0.406185166,0
I229G,-2.758309934,0.240290338,0
I229H,-2.98210144,0.185694617,0
I229K,-3.030689638,0.173841138,0
I229L,-1.21647758,0.61643263,0
I229M,-0.607769943,0.76493171,0
I229N,-2.685684013,0.25800801,0
I229P,-2.979966506,0.186215451,0
I229Q,-2.90848727,0.20365338,0
I229R,-2.89429032,0.207116839,0
I229S,-3.095345961,0.158067713,0
I229T,-2.658762353,0.264575764,0
I229V,-0.30258486,0.839384044,0
I229W,-2.749148727,0.242525288,0
I229Y,-2.505668972,0.301924115,0
A230C,-0.216393001,0.860411235,0
A230D,-2.743561141,0.243888424,0
A230E,-2.644688341,0.268009231,0
A230F,-2.480813267,0.307987862,0
A230G,-0.023878032,0.907376796,0
A230H,-2.800238208,0.230061602,0
A230I,-1.518781792,0.542683108,0
A230K,-2.432901279,0.319676373,0
A230L,-1.893065637,0.451373581,0
A230M,-1.560654906,0.532467828,0
A230N,-2.741692622,0.244344264,0
A230P,-3.336932346,0.099130789,0
A230Q,-2.610909165,0.276249931,0
A230R,-2.621282413,0.273719294,0
A230S,-1.721756112,0.493165905,0
A230T,-2.911652176,0.202881276,0
A230V,-1.723396046,0.49276583,0
A230W,-2.481381369,0.307849269,0
A230Y,-2.714328109,0.251020055,0
D231A,-1.433155758,0.563572262,0
D231C,-1.72562924,0.492221025,0
D231E,-2.05105119,0.412831746,0
D231F,-2.555596064,0.289744003,0
D231G,-1.758466786,0.484210043,0
D231H,-2.069796252,0.408258739,0
D231I,-1.741440103,0.488363838,0
D231K,-2.095655881,0.401950076,0
D231L,-1.942197894,0.439387375,0
D231M,-2.377438798,0.333206888,0
D231N,-2.118517766,0.396372737,0
D231P,-2.134817462,0.392396296,0
D231Q,-1.815948013,0.47018704,0
D231R,-2.435618255,0.319013545,0
D231S,-1.52339746,0.541557079,0
D231T,-1.694874876,0.499723797,0
D231V,-2.121734009,0.395588109,0
D231W,-2.688892499,0.257225275,0
D231Y,-2.29251386,0.353925003,0
K232A,-2.767989533,0.237928923,0
K232C,-2.572818371,0.285542483,0
K232D,-2.425335817,0.321522028,0
K232E,-2.341107223,0.342070265,0
K232F,-2.317390591,0.347856126,0
K232G,-3.141039614,0.146920382,0
K232H,-2.819360412,0.225396587,0
K232I,-2.305710885,0.350705484,0
K232L,-3.171225127,0.139556386,0
K232M,-2.459171476,0.313267549,0
K232N,-2.312589106,0.349027487,0
K232P,-3.126311924,0.15051332,0
K232Q,-2.583917893,0.282834667,0
K232R,-1.610509631,0.520305371,0
K232S,-3.110410689,0.154392553,0
K232T,-2.748226991,0.242750152,0
K232V,-2.719604968,0.249732723,0
K232W,-2.753353303,0.241499548,0
K232Y,-2.409524166,0.325379406,0
S233A,-1.023786367,0.663441187,0
S233C,-1.777677999,0.479523315,0
S233D,-2.815419103,0.226358101,0
S233E,-2.908854686,0.203563746,0
S233F,-2.679054189,0.259625409,0
S233G,-0.302187877,0.839480891,0
S233H,-2.540929603,0.293322003,0
S233I,-2.583174452,0.283016035,0
S233K,-2.429145416,0.320592646,0
S233L,-2.653834687,0.265777907,0
S233M,-2.495404731,0.304428158,0
S233N,-2.837440603,0.220985781,0
S233P,-1.862269337,0.458886584,0
S233Q,-2.395784855,0.328731221,0
S233R,-3.079699599,0.161884768,0
S233T,-0.036772807,0.904231013,0
S233V,-2.819103335,0.225459303,0
S233W,-2.514866361,0.299680338,0
S233Y,-2.716712122,0.250438456,0
G234A,-0.451187718,0.803131192,0
G234C,-1.561572545,0.532243963,0
G234D,-2.715611985,0.250706843,0
G234E,-2.321554783,0.346840238,0
G234F,-2.606707788,0.27727489,0
G234H,-3.010996295,0.178645486,0
G234I,-2.648282174,0.267132487,0
G234K,-3.099599421,0.157030048,0
G234L,-2.699437057,0.254652846,0
G234M,-2.433627532,0.319499198,0
G234N,-2.983285859,0.185405668,0
G234P,-3.176723071,0.138215118,0
G234Q,-2.478982746,0.308434432,0
G234R,-2.901957822,0.205246291,0
G234S,-1.605763108,0.521463323,0
G234T,-3.329469366,0.100951442,0
G234V,-2.74767668,0.242884405,0
G234W,-2.90549311,0.204383829,0
G234Y,-2.784599127,0.23387688,0
A235C,-2.081419879,0.405423062,0
A235D,-2.115127014,0.397199938,0
A235E,-2.072320435,0.407642944,0
A235F,-2.7314868,0.246834056,0
A235G,-0.195906278,0.865409134,0
A235H,-2.923896147,0.199894262,0
A235I,-1.641532469,0.512737102,0
A235K,-2.459200878,0.313260376,0
A235L,-1.561597794,0.532237803,0
A235M,-1.508882021,0.545098236,0
A235N,-1.827750318,0.467307774,0
A235P,-2.189950192,0.378946227,0
A235Q,-1.865425273,0.458116668,0
A235R,-2.200683192,0.376327826,0
A235S,-0.510609574,0.788634756,0
A235T,-1.25967584,0.60589407,0
A235V,-1.726128457,0.492099237,0
A235W,-2.532248478,0.295439832,0
A235Y,-2.904926761,0.204521995,0
G236A,-0.236250409,0.855566862,0
G236C,-2.686057566,0.257916879,0
G236D,-2.180883299,0.381158168,0
G236E,-2.712110453,0.25156107,0
G236F,-2.955770327,0.192118301,0
G236H,-1.988734383,0.428034428,0
G236I,-2.956919109,0.191838047,0
G236K,-2.771155907,0.237156461,0
G236L,-2.99387687,0.182821907,0
G236M,-2.764673419,0.238737915,0
G236N,-1.208769178,0.618313156,0
G236P,-3.063569706,0.165819784,0
G236Q,-3.07324775,0.163458748,0
G236R,-2.615893721,0.275033908,0
G236S,-1.467128934,0.555284235,0
G236T,-1.740199748,0.488666433,0
G236V,-3.008813615,0.179177969,0
G236W,-2.740907806,0.244535726,0
G236Y,-2.977284681,0.186869703,0
E237A,0.004358278,0.914265269,0
E237C,0.011073096,0.915903402,1
E237D,0.066875465,0.929516835,1
E237F,0.022973874,0.918806692,1
E237G,0.008001971,0.915154177,0
E237H,0.017693319,0.917518458,1
E237I,-0.278604064,0.84523435,0
E237K,0.020351337,0.918166903,1
E237L,0.02178387,0.918516381,1
E237M,-0.01660617,0.909150824,0
E237N,0.028963159,0.920267825,1
E237P,0.01334188,0.91645689,1
E237Q,0.031464553,0.92087806,1
E237R,0.028908156,0.920254407,1
E237S,-0.047764577,0.901549483,0
E237T,-0.086835761,0.892017756,0
E237V,-0.232596251,0.856458323,0
E237W,-0.023706336,0.907418682,0
E237Y,0.005440546,0.914529296,0
R238A,-0.191382774,0.866512679,0
R238C,-0.055273876,0.899717529,0
R238D,-1.572605759,0.529552322,0
R238E,-0.540561517,0.781327741,0
R238F,-0.104102089,0.887805498,0
R238G,-0.100300886,0.888732831,0
R238H,0.039959499,0.92295047,1
R238I,-0.699698681,0.742504962,0
R238K,-0.166125883,0.872674299,0
R238L,-0.168120585,0.872187675,0
R238M,-0.112249205,0.885817944,0
R238N,0.034922646,0.92172169,1
R238P,-0.416091557,0.81169318,0
R238Q,0.025892083,0.919518612,1
R238S,-0.155113138,0.875360946,0
R238T,-0.338669016,0.830581026,0
R238V,-0.238486991,0.85502123,0
R238W,-0.043960948,0.902477408,0
R238Y,-0.015876186,0.90932891,0
G239A,-1.97959257,0.430264646,0
G239C,-2.428144581,0.320836808,0
G239D,-2.963216948,0.190301639,0
G239E,-2.076001008,0.406745039,0
G239F,-2.215813547,0.372636656,0
G239H,-2.583425034,0.282954903,0
G239I,-2.367720376,0.335577774,0
G239K,-2.852554194,0.2172987,0
G239L,-2.898614068,0.206062026,0
G239M,-2.866776187,0.213829131,0
G239N,-1.935226948,0.441087993,0
G239P,-3.013732414,0.177977988,0
G239Q,-2.958203478,0.191524715,0
G239R,-2.175100285,0.382568981,0
G239S,-2.061764239,0.410218212,0
G239T,-2.909216932,0.203475373,0
G239V,-2.429759452,0.320442847,0
G239W,-2.344991906,0.341122565,0
G239Y,-2.951931816,0.193054737,0
S240A,-0.022943869,0.907604692,0
S240C,-0.932433747,0.685727387,0
S240D,-1.862349445,0.458867041,0
S240E,-0.725830675,0.736129853,0
S240F,-2.178369208,0.381771501,0
S240G,-0.030204569,0.905833387,0
S240H,-1.796794282,0.474859745,0
S240I,-2.40603127,0.326231526,0
S240K,-2.27872131,0.357289806,0
S240L,-2.888226203,0.208596229,0
S240M,-2.600753429,0.278727503,0
S240N,-0.913859266,0.69025878,0
S240P,-2.754828369,0.241139694,0
S240Q,-1.606006605,0.52140392,0
S240R,-2.64806266,0.267186039,0
S240T,-1.164781074,0.629044405,0
S240V,-2.206336385,0.374948685,0
S240W,-2.353095748,0.339145569,0
S240Y,-2.128981685,0.393819981,0
R241A,-2.091627551,0.402932819,0
R241C,-1.452284211,0.558905723,0
R241D,-2.651565275,0.266331549,0
R241E,-2.959300657,0.191257049,0
R241F,-3.110670886,0.154329075,0
R241G,-1.73414137,0.490144423,0
R241H,-1.777018223,0.479684273,0
R241I,-2.126474784,0.394431559,0
R241K,-1.507817216,0.545358004,0
R241L,-2.011470748,0.42248771,0
R241M,-1.990657395,0.427565294,0
R241N,-1.992377845,0.427145576,0
R241P,-2.096688393,0.401698187,0
R241Q,-1.993369224,0.426903721,0
R241S,-1.359872404,0.58145032,0
R241T,-1.666129269,0.506736517,0
R241V,-2.026693096,0.418774097,0
R241W,-2.702348336,0.253942616,0
R241Y,-3.11782749,0.152583165,0
G242A,-0.296453177,0.840879916,0
G242C,-2.027301849,0.418625587,0
G242D,-2.669919713,0.261853837,0
G242E,-3.223613025,0.12677594,0
G242F,-3.052286547,0.1685724,0
G242H,-3.045159625,0.17031107,0
G242I,-2.832493646,0.22219263,0
G242K,-2.908114464,0.203744329,0
G242L,-3.304678281,0.106999425,0
G242M,-3.01903591,0.176684158,0
G242N,-2.883240141,0.209812618,0
G242P,-2.566195875,0.287158094,0
G242Q,-2.811114582,0.227408223,0
G242R,-2.698539213,0.254871882,0
G242S,-1.011533178,0.666430451,0
G242T,-2.879462548,0.210734192,0
G242V,-2.889362236,0.208319085,0
G242W,-2.934636865,0.197273978,0
G242Y,-2.983864588,0.185264483,0
I243A,-2.057418444,0.411278404,0
I243C,-1.059116701,0.654822071,0
I243D,-2.565342048,0.287366392,0
I243E,-2.438004616,0.318431374,0
I243F,-1.528532822,0.540304267,0
I243G,-2.751308632,0.241998362,0
I243H,-2.491182057,0.305458313,0
I243K,-2.704794873,0.253345764,0
I243L,-0.076638868,0.894505369,0
I243M,-1.109995239,0.642409846,0
I243N,-2.781042042,0.234744659,0
I243P,-2.686522532,0.257803447,0
I243Q,-2.610417763,0.276369812,0
I243R,-3.511946026,0.056434807,0
I243S,-2.777826527,0.23552911,0
I243T,-1.727102205,0.491861683,0
I243V,-0.035947544,0.904432342,0
I243W,-1.790956754,0.476283857,0
I243Y,-1.383647831,0.575650115,0
I244A,-1.073623609,0.651282995,0
I244C,-0.823006157,0.71242312,0
I244D,-2.745722954,0.243361032,0
I244E,-2.880303606,0.21052901,0
I244F,-2.435724969,0.318987512,0
I244G,-2.384993055,0.331363966,0
I244H,-2.599593888,0.279010383,0
I244K,-3.095259021,0.158088923,0
I244L,-0.235075165,0.855853572,0
I244M,-0.239541727,0.854763918,0
I244N,-3.333238167,0.100032013,0
I244P,-3.225329025,0.126357309,0
I244Q,-3.141498615,0.146808405,0
I244R,-2.637885627,0.269668808,0
I244S,-2.244336833,0.365678173,0
I244T,-1.26337091,0.604992629,0
I244V,0.041399423,0.923301751,1
I244W,-3.007136282,0.179587167,0
I244Y,-3.36554001,0.092151721,0
A245C,-0.13403704,0.880502628,0
A245D,-2.931523295,0.198033558,0
A245E,-2.425668011,0.321440987,0
A245F,-2.347673839,0.340468287,0
A245G,-0.150042618,0.876597939,0
A245H,-3.24953721,0.120451529,0
A245I,-2.672161134,0.261307025,0
A245K,-2.708386639,0.252469524,0
A245L,-2.375076616,0.333783161,0
A245M,-1.93600713,0.440897661,0
A245N,-2.405268093,0.326417709,0
A245P,-3.009359524,0.17904479,0
A245Q,-2.807218761,0.22835864,0
A245R,-2.617993368,0.274521683,0
A245S,-0.090878592,0.891031475,0
A245T,-1.716790486,0.494377309,0
A245V,-1.857539899,0.460040368,0
A245W,-2.025842414,0.418981628,0
A245Y,-2.698135226,0.254970438,0
A246C,-0.037628876,0.904022168,0
A246D,-2.604088009,0.277914006,0
A246E,-1.756558449,0.484675597,0
A246F,-0.031573143,0.905499512,0
A246G,-1.612438124,0.519834899,0
A246H,-2.532376938,0.295408493,0
A246I,-0.007062572,0.911479061,0
A246K,-2.372734847,0.334354454,0
A246L,0.050627818,0.925553092,1
A246M,-0.000321423,0.913123618,0
A246N,-2.121236943,0.395709372,0
A246P,-2.633705164,0.270688665,0
A246Q,-1.383312283,0.575731975,0
A246R,-2.565881715,0.287234736,0
A246S,-0.259356936,0.84992984,0
A246T,-0.031454708,0.905528405,0
A246V,-0.007765242,0.911307639,0
A246W,-1.733245878,0.490362885,0
A246Y,-0.043324547,0.902632663,0
L247A,-2.228504933,0.369540491,0
L247C,-1.472174001,0.55405345,0
L247D,-2.845870413,0.218929261,0
L247E,-2.477048234,0.308906372,0
L247F,-1.800568319,0.473939039,0
L247G,-2.816725354,0.226039431,0
L247H,-3.004103496,0.18032704,0
L247I,0.045515109,0.924305806,1
L247K,-2.091194156,0.40303855,0
L247M,0.046639438,0.924580095,1
L247N,-2.593126763,0.280588089,0
L247P,-2.202595062,0.375861411,0
L247Q,-2.566813759,0.287007356,0
L247R,-2.478849363,0.308466972,0
L247S,-3.157485965,0.142908164,0
L247T,-1.595811523,0.523891091,0
L247V,-0.031333963,0.905557862,0
L247W,-1.617789559,0.518529374,0
L247Y,-2.78760903,0.23314259,0
G248A,-2.338369499,0.342738154,0
G248C,-2.276509166,0.357829476,0
G248D,-2.467998155,0.311114211,0
G248E,-2.021764499,0.419976468,0
G248F,-2.962285868,0.190528783,0
G248H,-2.811644134,0.227279035,0
G248I,-2.274978115,0.358202988,0
G248K,-3.092234366,0.158826811,0
G248L,-3.208285772,0.130515146,0
G248M,-3.118625003,0.152388605,0
G248N,-2.968898199,0.188915652,0
G248P,-3.3193927,0.103409725,0
G248Q,-2.82691411,0.223553803,0
G248R,-2.405967508,0.326247081,0
G248S,-2.356738344,0.338256928,0
G248T,-3.06367362,0.165794433,0
G248V,-2.830067718,0.222784455,0
G248W,-2.515789864,0.299455042,0
G248Y,-2.840416148,0.220259873,0
P249A,-0.578324251,0.772115221,0
P249C,-1.200239393,0.620394065,0
P249D,-1.041499991,0.659119808,0
P249E,-0.668956032,0.750004876,0
P249F,-2.255329162,0.362996507,0
P249G,-1.611388635,0.520090931,0
P249H,-1.15544864,0.631321127,0
P249I,-1.80879002,0.471933289,0
P249K,-0.073359069,0.895305502,0
P249L,-1.682206154,0.502814432,0
P249M,-0.703567053,0.741561241,0
P249N,-0.450898064,0.803201855,0
P249Q,-0.29207837,0.841947186,0
P249R,-0.132884736,0.880783741,0
P249S,-0.658121898,0.752647949,0
P249T,-0.890274021,0.696012588,0
P249V,-1.348060741,0.584331869,0
P249W,-2.598471893,0.279284102,0
P249Y,-1.716285218,0.494500573,0
D250A,0.018321109,0.917671612,1
D250C,0.002043013,0.913700441,0
D250E,-0.040105619,0.903417946,0
D250F,0.002933979,0.913917799,0
D250G,-0.019975659,0.908328811,0
D250H,-0.008857985,0.911041056,0
D250I,-0.144254011,0.878010116,0
D250K,-0.064669502,0.897425391,0
D250L,-0.036004745,0.904418387,0
D250M,-0.003194611,0.912422681,0
D250N,0.052589912,0.92603176,1
D250P,-0.440746278,0.805678464,0
D250Q,0.040564806,0.92309814,1
D250R,0.02438855,0.919151813,1
D250S,0.024758953,0.919242176,1
D250T,-0.051200364,0.900711295,0
D250V,-0.065919361,0.897120478,0
D250W,-0.04440584,0.902368873,0
D250Y,-0.045429451,0.902119155,0
G251A,-0.064419059,0.897486489,0
G251C,-0.462420625,0.800390835,0
G251D,-0.083212315,0.892901724,0
G251E,-0.086343213,0.892137917,0
G251F,-0.36401895,0.824396708,0
G251H,-0.078903094,0.893952993,0
G251I,-1.282882225,0.600232688,0
G251K,0.085538885,0.934069925,1
G251L,-0.193315119,0.866041268,0
G251M,0.008838473,0.915358248,0
G251N,-0.086691939,0.892052842,0
G251P,-0.608712558,0.764701752,0
G251Q,-0.058285538,0.89898281,0
G251R,-0.056149079,0.899504017,0
G251S,-0.065623646,0.89719262,0
G251T,-0.214043801,0.860984341,0
G251V,-0.896273514,0.694548964,0
G251W,-0.899293473,0.693812221,0
G251Y,-0.181934202,0.868817733,0
K252A,-0.01678514,0.909107163,0
K252C,-0.082285745,0.893127769,0
K252D,-0.032738769,0.905215148,0
K252E,-0.006253245,0.911676503,0
K252F,-0.051141275,0.90072571,0
K252G,-0.029883316,0.905911759,0
K252H,0.020027393,0.918087874,1
K252I,-0.069459506,0.896256832,0
K252L,-0.011493641,0.910398067,0
K252M,0.003141287,0.913968374,0
K252N,-0.051558233,0.90062399,0
K252P,-1.765691743,0.482447458,0
K252Q,-0.035846092,0.904457092,0
K252R,-0.008504702,0.911127242,0
K252S,-0.00796242,0.911259536,0
K252T,0.019358697,0.91792474,1
K252V,0.018514735,0.917718849,1
K252W,-0.190188435,0.866804047,0
K252Y,-0.124149615,0.882914744,0
P253A,0.006098113,0.914689715,0
P253C,-0.305743969,0.838613354,0
P253D,-0.716142335,0.738493401,0
P253E,-0.717181861,0.738239801,0
P253F,-0.230654709,0.856931977,0
P253G,-0.466278219,0.799449744,0
P253H,-0.214422683,0.860891909,0
P253I,-0.22074127,0.85935044,0
P253K,-0.549782587,0.779078188,0
P253L,-0.198231324,0.86484192,0
P253M,0.013571917,0.916513009,1
P253N,-0.397417966,0.816248751,0
P253Q,-0.396652916,0.816435391,0
P253R,-0.565616356,0.775215414,0
P253S,-0.227414653,0.857722415,0
P253T,-0.715523995,0.73864425,0
P253V,-0.549257937,0.77920618,0
P253W,-1.079928286,0.649744919,0
P253Y,-0.295745856,0.841052473,0
S254A,-0.031046556,0.905627977,0
S254C,-0.036287842,0.904349324,0
S254D,-0.076712443,0.89448742,0
S254E,0.049921102,0.925380683,1
S254F,-0.852830984,0.705147116,0
S254G,-0.019009002,0.908564634,0
S254H,-0.085583908,0.892323155,0
S254I,-0.158424918,0.87455301,0
S254K,-0.020201976,0.908273599,0
S254L,-0.121766338,0.883496163,0
S254M,-0.089127927,0.891458564,0
S254N,-0.060392051,0.89846891,0
S254P,-1.092810178,0.646602279,0
S254Q,-0.011445584,0.91040979,0
S254R,-0.024967539,0.907111002,0
S254T,-0.00718497,0.911449201,0
S254V,-0.074877583,0.894935049,0
S254W,-0.424733032,0.809585023,0
S254Y,-0.647275314,0.75529406,0
R255A,-2.085895792,0.404331128,0
R255C,-2.442376616,0.317364789,0
R255D,-2.577336579,0.284440231,0
R255E,-2.826118507,0.223747896,0
R255F,-2.876353994,0.211492549,0
R255G,-2.607993028,0.276961345,0
R255H,-1.895191031,0.450855074,0
R255I,-1.681474147,0.502993011,0
R255K,-0.027408631,0.906515478,0
R255L,-1.841853145,0.463867277,0
R255M,-2.10091888,0.400666126,0
R255N,-2.618899902,0.274300527,0
R255P,-3.355304615,0.094648727,0
R255Q,-2.147603701,0.389276991,0
R255S,-2.797274372,0.230784653,0
R255T,-2.500235922,0.30324955,0
R255V,-1.555218977,0.533793966,0
R255W,-2.741784941,0.244321742,0
R255Y,-2.256511268,0.362708122,0
I256A,-1.780513258,0.478831631,0
I256C,-1.213999248,0.617037239,0
I256D,-2.347045757,0.340621512,0
I256E,-2.946681611,0.194335566,0
I256F,-1.443576474,0.561030045,0
I256G,-2.507533621,0.301469219,0
I256H,-2.978588299,0.186551675,0
I256K,-2.778477634,0.235370267,0
I256L,0.031781474,0.920955376,1
I256M,-0.857250367,0.704068972,0
I256N,-2.785153544,0.233741626,0
I256P,-2.864080437,0.214486781,0
I256Q,-3.321413976,0.102916619,0
I256R,-3.003933659,0.180368473,0
I256S,-2.721386963,0.249297991,0
I256T,-2.782825476,0.234309576,0
I256V,0.061372291,0.928174291,1
I256W,-2.886654143,0.208979745,0
I256Y,-2.204346671,0.375434092,0
V257A,-1.343045238,0.585555441,0
V257C,-0.455446834,0.802092147,0
V257D,-2.984401943,0.18513339,0
V257E,-2.441804656,0.317504323,0
V257F,-2.091013819,0.403082544,0
V257G,-3.164053131,0.141306051,0
V257H,-3.009053329,0.179119488,0
V257I,0.058652177,0.927510698,1
V257K,-2.792613017,0.231921828,0
V257L,-0.681760256,0.746881183,0
V257M,-1.704118252,0.497468802,0
V257N,-2.696352876,0.255405256,0
V257P,-2.898690574,0.206043362,0
V257Q,-2.905370818,0.204413663,0
V257R,-3.192118516,0.134459277,0
V257S,-2.146463024,0.389555269,0
V257T,-1.444969154,0.56069029,0
V257W,-3.09805193,0.15740757,0
V257Y,-2.144536152,0.390025344,0
V258A,-0.177366221,0.869932129,0
V258C,0.008712792,0.915327587,0
V258D,-2.373518918,0.334163174,0
V258E,-2.065323516,0.409349898,0
V258F,-2.973794655,0.187721123,0
V258G,-1.458193585,0.557464084,0
V258H,-2.84051266,0.220236328,0
V258I,0.08894501,0.934900876,1
V258K,-2.454188897,0.314483089,0
V258L,-1.794191325,0.475494757,0
V258M,-1.778547727,0.479311138,0
V258N,-1.857129211,0.460140558,0
V258P,-3.324957823,0.102052069,0
V258Q,-2.704153997,0.253502111,0
V258R,-3.037054817,0.172288302,0
V258S,-1.671132712,0.505515887,0
V258T,-1.145976647,0.633631895,0
V258W,-2.404658215,0.326566494,0
V258Y,-2.568797946,0.286523298,0
I259A,-2.396194248,0.328631346,0
I259C,-0.834334283,0.709659533,0
I259D,-2.877019385,0.211330221,0
I259E,-2.540625964,0.293396078,0
I259F,-1.458335429,0.55742948,0
I259G,-2.671910903,0.26136807,0
I259H,-2.845062191,0.219126434,0
I259K,-2.584464264,0.282701375,0
I259L,-0.088470575,0.89161893,0
I259M,-0.366921391,0.823688634,0
I259N,-2.660814929,0.264075022,0
I259P,-2.666364125,0.262721251,0
I259Q,-2.899387584,0.205873321,0
I259R,-2.495483678,0.304408898,0
I259S,-2.874239878,0.212008304,0
I259T,-1.997076674,0.425999259,0
I259V,-0.020923763,0.908097513,0
I259W,-2.428120809,0.320842607,0
I259Y,-2.403888321,0.326754316,0
Y260A,-2.509598382,0.300965504,0
Y260C,-2.041769272,0.415096144,0
Y260D,-3.17182605,0.139409786,0
Y260E,-2.560872172,0.288456854,0
Y260F,-0.06715326,0.896819459,0
Y260G,-2.596437133,0.279780498,0
Y260H,-2.685733682,0.257995893,0
Y260I,-0.888012502,0.696564304,0
Y260K,-2.964667211,0.189947836,0
Y260L,-0.046084325,0.901959393,0
Y260M,-0.00915987,0.910967409,0
Y260N,-2.781605528,0.234607192,0
Y260P,-2.515529048,0.29951867,0
Y260Q,-2.950520896,0.193398942,0
Y260R,-2.746634556,0.24313864,0
Y260S,-2.724576282,0.248519931,0
Y260T,-2.274308918,0.358366244,0
Y260V,-1.413474728,0.568373606,0
Y260W,-3.221421795,0.127310508,0
T261A,-0.117114405,0.884631039,0
T261C,-0.065010881,0.897342109,0
T261D,-1.133929995,0.636570772,0
T261E,-1.447797775,0.560000225,0
T261F,-0.069969718,0.896132361,0
T261G,-2.325524064,0.345871901,0
T261H,-1.388134769,0.574555491,0
T261I,0.027491917,0.919908904,1
T261K,-1.583893884,0.526798494,0
T261L,0.02007138,0.918098605,1
T261M,0.039460116,0.922828642,1
T261N,-2.063688368,0.409748806,0
T261P,-2.009491872,0.422970473,0
T261Q,-0.734585906,0.733993945,0
T261R,-2.221617153,0.37122082,0
T261S,-0.152342955,0.876036754,0
T261V,0.010115662,0.915669828,1
T261W,-2.401692131,0.327290094,0
T261Y,-1.629958203,0.515560737,0
T262A,-0.184603363,0.86816657,0
T262C,-0.499777363,0.791277361,0
T262D,-1.492670549,0.549053154,0
T262E,-0.342937208,0.829539767,0
T262F,-0.924486729,0.687666126,0
T262G,-1.73144799,0.490801494,0
T262H,-0.056949166,0.899308829,0
T262I,-0.328180078,0.833139886,0
T262K,-0.288236162,0.842884523,0
T262L,-1.271330923,0.60305072,0
T262M,-0.303880305,0.839068009,0
T262N,-0.252092626,0.851702026,0
T262P,-2.535717236,0.294593601,0
T262Q,-0.127158583,0.882180682,0
T262R,-0.770570643,0.725215182,0
T262S,-0.076728028,0.894483618,0
T262V,-0.078381564,0.894080225,0
T262W,-0.543352313,0.780646904,0
T262Y,-0.185138763,0.868035955,0
G263A,-0.974024595,0.675580968,0
G263C,-1.002343849,0.668672261,0
G263D,-0.225119598,0.858282312,0
G263E,-0.511025385,0.788533316,0
G263F,-1.960090391,0.435022358,0
G263H,-1.588938653,0.525567783,0
G263I,-2.225456764,0.370284116,0
G263K,-2.214016011,0.373075179,0
G263L,-1.341277354,0.585986731,0
G263M,-0.852062617,0.705334565,0
G263N,-0.200660416,0.864249324,0
G263P,-1.844063311,0.463328089,0
G263Q,-0.622310764,0.761384361,0
G263R,-1.505519016,0.545918668,0
G263S,-0.875088118,0.699717311,0
G263T,-1.717040963,0.494316203,0
G263V,-2.019069464,0.420633943,0
G263W,-1.774132716,0.480388215,0
G263Y,-1.992529607,0.427108553,0
S264A,-0.157365838,0.874811381,0
S264C,-0.83391204,0.709762543,0
S264D,-1.703690832,0.497573074,0
S264E,-1.884315762,0.453508183,0
S264F,-2.164877315,0.385062956,0
S264G,-0.061236873,0.898262809,0
S264H,-1.974231479,0.431572527,0
S264I,-2.164144857,0.385241645,0
S264K,-1.85399858,0.460904301,0
S264L,-2.185465744,0.380040244,0
S264M,-1.52296629,0.541662267,0
S264N,-1.146017061,0.633622035,0
S264P,-2.326807229,0.345558862,0
S264Q,-1.79312276,0.475755442,0
S264R,-1.654599756,0.509549233,0
S264T,-0.031791011,0.905446361,0
S264V,-1.869554148,0.457109396,0
S264W,-2.23411749,0.368171263,0
S264Y,-2.358967997,0.337712987,0
Q265A,0.007296149,0.914981986,0
Q265C,-0.045596656,0.902078364,0
Q265D,0.018464877,0.917706686,1
Q265E,0.027150639,0.919825647,1
Q265F,-0.072124116,0.895606779,0
Q265G,0.021784773,0.918516601,1
Q265H,-0.011547412,0.910384949,0
Q265I,0.013407067,0.916472793,1
Q265K,0.031578232,0.920905793,1
Q265L,0.00905,0.915409852,0
Q265M,0.012483782,0.91624755,1
Q265N,0.057900198,0.927327247,1
Q265P,-0.002765732,0.91252731,0
Q265R,0.011668405,0.916048632,1
Q265S,0.025386272,0.919395215,1
Q265T,0.016477115,0.917221755,1
Q265V,-0.015321831,0.909464149,0
Q265W,-0.033193385,0.905104241,0
Q265Y,0.036114718,0.922012505,1
T267A,-0.036951636,0.904187386,0
T267C,-0.121788153,0.883490841,0
T267D,-0.036252418,0.904357966,0
T267E,-0.065889989,0.897127644,0
T267F,-0.908640559,0.691531925,0
T267G,-0.024747956,0.907164571,0
T267H,-0.034456458,0.904796104,0
T267I,-0.288237618,0.842884168,0
T267K,-0.121983019,0.883443302,0
T267L,-0.154958829,0.87539859,0
T267M,-0.17274686,0.871059059,0
T267N,0.071822402,0.930723679,1
T267P,-0.002425347,0.912610349,0
T267Q,-0.078434605,0.894067285,0
T267R,-0.101628914,0.888408848,0
T267S,0.006278958,0.914733834,0
T267V,-0.110030803,0.886359141,0
T267W,-1.686777913,0.501699115,0
T267Y,-1.040756043,0.6593013,0
M268A,-0.68416902,0.746293546,0
M268C,-1.6200068,0.517988461,0
M268D,-1.304387473,0.594986311,0
M268E,-1.721577351,0.493209515,0
M268F,-0.117011117,0.884656237,0
M268G,-1.144386625,0.634019793,0
M268H,-0.644612417,0.755943695,0
M268I,-0.068482321,0.896495224,0
M268K,-1.519471323,0.542514892,0
M268L,-0.078608888,0.894024767,0
M268N,-0.97278755,0.675882755,0
M268P,-0.665290805,0.750899037,0
M268Q,-0.588147508,0.769718759,0
M268R,-1.426233086,0.565261103,0
M268S,-0.82397146,0.712187627,0
M268T,-0.601201793,0.766534063,0
M268V,-0.21220918,0.861431911,0
M268W,-0.249969002,0.852220101,0
M268Y,-0.670814771,0.749551422,0
D269A,-0.017503168,0.908931995,0
D269C,-0.248746875,0.852518249,0
D269E,-0.028764449,0.906184715,0
D269F,-0.127854174,0.882010987,0
D269G,-0.055161395,0.89974497,0
D269H,-0.075816019,0.89470611,0
D269I,-0.008056493,0.911236586,0
D269K,-0.127878216,0.882005122,0
D269L,-0.071407619,0.895781574,0
D269M,-0.063459542,0.897720571,0
D269N,-0.039656706,0.903527462,0
D269P,-0.097253951,0.889476155,0
D269Q,-0.07497792,0.894910571,0
D269R,-0.115253874,0.885084931,0
D269S,-0.041011648,0.903196913,0
D269T,-0.040370777,0.903353259,0
D269V,-0.059219047,0.898755073,0
D269W,-0.17828193,0.869708734,0
D269Y,-0.124998827,0.882707572,0
E270A,0.078759389,0.932416013,1
E270C,-0.24463376,0.853521676,0
E270D,0.111175353,0.940324145,1
E270F,-0.148212625,0.877044381,0
E270G,-0.592299057,0.768705956,0
E270H,-0.007309004,0.911418942,0
E270I,-0.067328252,0.896776768,0
E270K,-0.081976047,0.893203322,0
E270L,-0.017462942,0.908941808,0
E270M,-0.310200101,0.837526245,0
E270N,-0.065881175,0.897129794,0
E270P,-1.986815688,0.428502509,0
E270Q,0.067281052,0.929615781,1
E270R,-0.210595029,0.861825696,0
E270S,-0.039686684,0.903520149,0
E270T,0.004322527,0.914256547,0
E270V,-0.007478681,0.911377548,0
E270W,-0.625633446,0.760573766,0
E270Y,-0.157183129,0.874855955,0
R271A,-0.22663731,0.857912054,0
R271C,-0.162333769,0.873599415,0
R271D,-1.609124252,0.520643345,0
R271E,-2.389584216,0.330243916,0
R271F,-1.988937185,0.427984953,0
R271G,-0.999188349,0.66944207,0
R271H,-1.35059391,0.583713883,0
R271I,-0.15856105,0.8745198,0
R271K,-0.109377387,0.886518547,0
R271L,-0.001571258,0.912818711,0
R271M,-0.043271859,0.902645517,0
R271N,-0.209096776,0.862191207,0
R271P,-1.759579019,0.483938705,0
R271Q,-0.152919851,0.875896015,0
R271S,-0.48529,0.794811668,0
R271T,-0.219194194,0.859727861,0
R271V,-0.323375253,0.834312061,0
R271W,-1.8522165,0.461339053,0
R271Y,-1.895297567,0.450829084,0
N272A,-1.503449934,0.546423437,0
N272C,-2.535906828,0.294547349,0
N272D,-0.07933293,0.893848131,0
N272E,-1.593646034,0.52441938,0
N272F,-2.708675753,0.252398992,0
N272G,-1.639791387,0.513161853,0
N272H,-1.782516552,0.478342911,0
N272I,-2.488615886,0.306084351,0
N272K,-2.789976144,0.232565114,0
N272L,-2.585728821,0.282392876,0
N272M,-2.471224246,0.31032718,0
N272P,-2.718812164,0.249926134,0
N272Q,-1.972910606,0.431894764,0
N272R,-2.616846505,0.274801469,0
N272S,-0.347253846,0.828486688,0
N272T,-0.465793446,0.799568008,0
N272V,-2.225302873,0.370321659,0
N272W,-2.795166843,0.231298801,0
N272Y,-2.942456394,0.195366341,0
R273A,-0.007123175,0.911464277,0
R273C,-0.193968327,0.865881912,0
R273D,-0.138762232,0.879349879,0
R273E,-0.007542682,0.911361935,0
R273F,-0.126650445,0.882304646,0
R273G,-0.083012415,0.892950492,0
R273H,-0.019283043,0.90849778,0
R273I,-0.016893345,0.909080766,0
R273K,-0.048172532,0.901449959,0
R273L,-0.034706069,0.90473521,0
R273M,-0.104095374,0.887807136,0
R273N,-0.062109925,0.898049821,0
R273P,-2.463472371,0.312218312,0
R273Q,0.004298831,0.914250766,0
R273S,-0.030727434,0.905705829,0
R273T,-0.017076403,0.909036107,0
R273V,-0.039767452,0.903500445,0
R273W,-0.143334305,0.878234486,0
R273Y,-0.042931939,0.902728443,0
Q274A,0.021095373,0.918348416,1
Q274C,0.002516021,0.913815835,0
Q274D,-1.901776732,0.44924844,0
Q274E,-0.055053959,0.89977118,0
Q274F,-0.114884101,0.88517514,0
Q274G,-0.353408171,0.826985292,0
Q274H,0.015989086,0.917102697,1
Q274I,-0.035070981,0.904646187,0
Q274K,-0.067261017,0.896793171,0
Q274L,0.004304035,0.914252036,0
Q274M,-0.001628293,0.912804797,0
Q274N,-0.138912435,0.879313236,0
Q274P,-1.761989201,0.483350722,0
Q274R,-0.067524796,0.89672882,0
Q274S,-0.036141202,0.904385098,0
Q274T,-0.03952866,0.9035587,0
Q274V,0.017103224,0.9173745,1
Q274W,0.022395674,0.918665635,1
Q274Y,-0.092507325,0.890634133,0
I275A,-2.439738277,0.318008433,0
I275C,-1.816160071,0.470135307,0
I275D,-2.93899551,0.196210652,0
I275E,-2.747169622,0.243008106,0
I275F,0.08968222,0.935080724,1
I275G,-2.711967312,0.25159599,0
I275H,-2.541811455,0.293106868,0
I275K,-2.755343908,0.241013924,0
I275L,-0.126616109,0.882313023,0
I275M,-0.220181281,0.859487053,0
I275N,-2.476543528,0.309029499,0
I275P,-3.019296726,0.17662053,0
I275Q,-2.642484156,0.26854696,0
I275R,-2.93873551,0.196274081,0
I275S,-2.732310421,0.246633127,0
I275T,-2.361641829,0.337060684,0
I275V,-0.044125186,0.902437341,0
I275W,-2.362077217,0.336954468,0
I275Y,-1.614571656,0.519314407,0
A276C,-0.299150607,0.840221857,0
A276D,-1.550481093,0.534949811,0
A276E,-0.779277688,0.723091029,0
A276F,-0.088089711,0.891711845,0
A276G,-0.344260545,0.829216928,0
A276H,-0.0692059,0.896318701,0
A276I,-1.478838915,0.552427491,0
A276K,0.049749611,0.925338846,1
A276L,-0.60293422,0.766111423,0
A276M,-0.06703507,0.896848292,0
A276N,-0.616039404,0.762914309,0
A276P,-2.550635631,0.29095414,0
A276Q,-0.052753795,0.900332323,0
A276R,-0.022418982,0.907732743,0
A276S,-0.055652281,0.899625214,0
A276T,-0.662173388,0.751659556,0
A276V,-0.172800332,0.871046014,0
A276W,-0.913513532,0.690343125,0
A276Y,-0.088587526,0.891590399,0
E277A,-0.084317276,0.89263216,0
E277C,-0.615497463,0.76304652,0
E277D,-0.061959965,0.898086405,0
E277F,-0.970996006,0.676319817,0
E277G,-0.146375894,0.877492466,0
E277H,-0.333711472,0.831790458,0
E277I,-0.01757013,0.908915659,0
E277K,-0.144432722,0.877966518,0
E277L,-0.074407516,0.895049725,0
E277M,-0.253701899,0.851309431,0
E277N,-0.077807463,0.894220281,0
E277P,-2.62238387,0.273450585,0
E277Q,-0.046492211,0.901859886,0
E277R,-0.086642792,0.892064832,0
E277S,-0.123684104,0.883028309,0
E277T,-0.100850902,0.888598651,0
E277V,-0.169901523,0.871753201,0
E277W,-1.529771358,0.540002116,0
E277Y,-0.677625439,0.747889905,0
I278A,-2.410151919,0.325226261,0
I278C,-2.724411475,0.248560137,0
I278D,-2.718978081,0.249885657,0
I278E,-2.768557532,0.237790355,0
I278F,-2.779089453,0.235221009,0
I278G,-3.270264764,0.115394877,0
I278H,-2.801357298,0.229788591,0
I278K,-2.392231201,0.329598163,0
I278L,-0.61840592,0.762336979,0
I278M,-0.522765186,0.785669298,0
I278N,-2.518349116,0.298830692,0
I278P,-2.732630383,0.246555069,0
I278Q,-2.882117157,0.210086579,0
I278R,-2.68954879,0.257065167,0
I278S,-2.904324884,0.204668827,0
I278T,-2.232084642,0.368667192,0
I278V,-0.232038281,0.856594444,0
I278W,-2.958656634,0.191414164,0
I278Y,-2.574633133,0.285099758,0
G279A,-0.144679187,0.877906391,0
G279C,-1.062366435,0.654029272,0
G279D,-2.457716759,0.313622439,0
G279E,-2.340217753,0.342287258,0
G279F,-2.008497756,0.423212995,0
G279H,-2.631557034,0.271212718,0
G279I,-1.940218458,0.439870274,0
G279K,-2.47432449,0.309570851,0
G279L,-1.730182212,0.491110291,0
G279M,-1.713228,0.495246406,0
G279N,-2.428784255,0.320680754,0
G279P,-2.798225475,0.230552624,0
G279Q,-2.624825222,0.272854998,0
G279R,-2.726890745,0.2479553,0
G279S,-0.343477981,0.829407841,0
G279T,-1.678160555,0.503801389,0
G279V,-1.91550309,0.445899785,0
G279W,-2.295020434,0.353313504,0
G279Y,-2.126980804,0.394308111,0
A280C,-0.422953844,0.81001907,0
A280D,0.002623798,0.913842128,0
A280E,0.017609574,0.917498028,1
A280F,-0.02941169,0.906026816,0
A280G,-0.030074452,0.90586513,0
A280H,-0.00561883,0.911831274,0
A280I,-0.036654566,0.904259858,0
A280K,0.075160398,0.93153801,1
A280L,-0.032356585,0.905308385,0
A280M,0.037007801,0.92223038,1
A280N,0.01165047,0.916044257,1
A280P,-2.494082504,0.304750726,0
A280Q,0.001830592,0.913648619,0
A280R,0.030679469,0.920686533,1
A280S,-0.015325553,0.909463241,0
A280T,-0.043402807,0.902613571,0
A280V,0.001853804,0.913654282,0
A280W,-0.063529329,0.897703546,0
A280Y,-0.060442832,0.898456521,0
S281A,0.016871306,0.917317921,1
S281C,-0.239623182,0.854744047,0
S281D,-0.313969132,0.83660676,0
S281E,0.019996551,0.91808035,1
S281F,-0.310771785,0.837386778,0
S281G,-0.975169465,0.675301668,0
S281H,-0.001936764,0.912729543,0
S281I,0.005375411,0.914513406,0
S281K,0.039123013,0.922746403,1
S281L,-0.086506976,0.892097966,0
S281M,-0.060161433,0.898525171,0
S281N,0.131987915,0.945401536,1
S281P,-2.321086677,0.346954437,0
S281Q,0.020266376,0.918146176,1
S281R,-0.042061967,0.90294068,0
S281T,-0.000301299,0.913128528,0
S281V,0.013298684,0.916446352,1
S281W,-1.05525514,0.65576413,0
S281Y,-0.098156934,0.889255865,0
L282A,-0.103001042,0.888074107,0
L282C,-0.617685383,0.762512759,0
L282D,-2.529507891,0.29610842,0
L282E,-2.95431837,0.192472518,0
L282F,-0.663794413,0.751264094,0
L282G,-2.415650406,0.323884861,0
L282H,-3.011268547,0.178579068,0
L282I,0.078672159,0.932394732,1
L282K,-2.571033681,0.285977873,0
L282M,0.01266562,0.916291911,1
L282N,-2.321377818,0.34688341,0
L282P,-2.427915802,0.32089262,0
L282Q,-1.722284209,0.493037072,0
L282R,-2.703589801,0.253639751,0
L282S,-1.65506219,0.509436419,0
L282T,-0.231657908,0.856687239,0
L282V,-0.020573364,0.908182996,0
L282W,-2.781623897,0.234602711,0
L282Y,-2.60798928,0.27696226,0
I283A,-0.53763135,0.782042579,0
I283C,-0.657012279,0.75291865,0
I283D,-2.788857489,0.232838019,0
I283E,-2.601698129,0.278497036,0
I283F,-0.123745791,0.88301326,0
I283G,-2.247811139,0.364830588,0
I283H,-2.078123175,0.40622732,0
I283K,-2.249930577,0.364313534,0
I283L,-0.190349095,0.866764853,0
I283M,-0.088552239,0.891599007,0
I283N,-2.48528883,0.306896013,0
I283P,-2.613881608,0.275524779,0
I283Q,-1.955217641,0.436211104,0
I283R,-1.948248641,0.437911247,0
I283S,-1.487969518,0.550200008,0
I283T,-0.300995366,0.839771813,0
I283V,-0.030749035,0.90570056,0
I283W,-1.71314797,0.49526593,0
I283Y,-0.082166485,0.893156863,0
K284A,-0.038962119,0.903696912,0
K284C,-0.918670018,0.689085159,0
K284D,-0.061476141,0.898204437,0
K284E,-0.027480765,0.90649788,0
K284F,-0.286851229,0.843222388,0
K284G,-0.092461612,0.890645285,0
K284H,-0.005217661,0.911929142,0
K284I,-0.514835422,0.787603827,0
K284L,-0.044259464,0.902404583,0
K284M,-0.107795745,0.886904401,0
K284N,-0.074528787,0.89502014,0
K284P,-2.593265847,0.280554159,0
K284Q,-0.071555783,0.895745428,0
K284R,-0.041719978,0.903024111,0
K284S,-0.020231823,0.908266317,0
K284T,-0.090440961,0.891138239,0
K284V,-0.261296947,0.849456559,0
K284W,-0.449884673,0.80344908,0
K284Y,-0.111472262,0.886007485,0
H285A,-0.465274388,0.799694636,0
H285C,-0.251095353,0.851945319,0
H285D,-1.535460946,0.538614096,0
H285E,-0.338761708,0.830558413,0
H285F,-0.149276371,0.876784871,0
H285G,-0.50993699,0.788798839,0
H285I,-2.723116824,0.248875978,0
H285K,-0.271887231,0.846872975,0
H285L,-0.553995626,0.778050383,0
H285M,-0.226841047,0.85786235,0
H285N,0.024088321,0.91907857,1
H285P,-2.724870193,0.24844823,0
H285Q,-0.141955411,0.878570878,0
H285R,-0.157191089,0.874854013,0
H285S,-0.160348785,0.874083668,0
H285T,-0.113390602,0.885539491,0
H285V,-0.825731449,0.711758263,0
H285W,-0.076231453,0.894604761,0
H285Y,-0.094685852,0.890102664,0
W286A,-3.178798104,0.137708898,0
W286C,-2.983761814,0.185289555,0
W286D,-2.859106006,0.215700333,0
W286E,-2.545852462,0.292121032,0
W286F,-0.780425279,0.722811065,0
W286G,-3.228429174,0.125601002,0
W286H,-1.782739799,0.478288448,0
W286I,-2.429502334,0.320505573,0
W286K,-2.566351628,0.287120097,0
W286L,-2.244688274,0.365592436,0
W286M,-1.699781263,0.498526845,0
W286N,-2.584006676,0.282813007,0
W286P,-2.793520382,0.231700469,0
W286Q,-2.69939413,0.254663318,0
W286R,-2.707731258,0.252629409,0
W286S,-2.967712254,0.189204973,0
W286T,-2.806421743,0.228553079,0
W286V,-2.813837323,0.226743989,0
W286Y,-0.962360954,0.678426407,0
W286A,,,
W286C,,,
W286D,,,
W286E,,,
W286F,,,
W286G,,,
W286H,,,
W286I,,,
W286K,,,
W286L,,,
W286M,,,
W286N,,,
W286P,,,
W286Q,,,
W286R,,,
W286S,,,
W286T,,,
W286V,,,
W286Y,,,
