variant,activity,activity_scaled,activity_binary
E2A,-0.376597405,0.550768984,0
E2C,-0.068749828,0.598298412,0
E2D,0.180007316,0.636704707,0
E2F,0.285277377,0.652957639,0
E2G,-1.136267784,0.433481401,0
E2H,0.018801715,0.611815734,0
E2I,0.265437198,0.64989446,0
E2K,0.343821133,0.661996369,0
E2L,0.340882819,0.661542715,0
E2M,0.120026233,0.627444064,0
E2N,0.23736335,0.645560062,0
E2P,0.699332196,0.716884693,0
E2Q,0.121747095,0.627709752,0
E2R,0.314041762,0.657398651,0
E2S,-0.170066813,0.582655806,0
E2T,0.08349433,0.621803804,0
E2V,0.281563762,0.652384284,0
E2W,-0.355260308,0.554063277,0
E2Y,0.011813153,0.610736751,0
E3A,-0.178115542,0.581413141,0
E3C,0.335770332,0.660753384,0
E3D,0.223664731,0.643445094,0
E3F,-0.163860693,0.583613986,0
E3G,-1.23100886,0.418854067,0
E3H,0.166849117,0.634673177,0
E3I,-0.079066029,0.596705666,0
E3K,0.301952064,0.65553209,0
E3L,0.201617385,0.640041145,0
E3M,-0.104722064,0.592744561,0
E3N,0.24523285,0.646775055,0
E3P,0.345558656,0.66226463,0
E3Q,0.18851408,0.63801809,0
E3R,-0.780202522,0.488455289,0
E3S,0.025783406,0.612893656,0
E3T,0.358035354,0.664190942,0
E3V,-0.296231131,0.563176953,0
E3W,0.082103974,0.621589143,0
E3Y,0.300897686,0.655369301,0
P4A,-1.175946467,0.4273553,0
P4C,0.191526184,0.638483136,0
P4D,0.431286211,0.675500342,0
P4E,0.75206283,0.72502592,0
P4F,0.143955383,0.631138551,0
P4G,0.480629487,0.683118585,0
P4H,0.346323087,0.662382653,0
P4I,0.655922017,0.710182477,0
P4K,0.569600754,0.696855102,0
P4L,0.356359062,0.663932135,0
P4M,0.883484281,0.745316436,0
P4N,0.693067638,0.715917491,0
P4Q,0.537395583,0.691882857,0
P4R,0.416459366,0.673211185,0
P4S,0.254246779,0.64816674,0
P4T,0.338174743,0.661124608,0
P4V,0.204433634,0.640475953,0
P4W,0.250886688,0.647647967,0
P4Y,0.595865416,0.700910174,0
Q5A,-0.345753668,0.555531033,0
Q5C,0.249694287,0.647463869,0
Q5D,0.596058973,0.700940058,0
Q5E,0.154363293,0.632745456,0
Q5F,0.183432482,0.637233528,0
Q5G,0.672143798,0.712687002,0
Q5H,0.473019989,0.681943734,0
Q5I,0.443877951,0.677444415,0
Q5K,0.619942028,0.704627428,0
Q5L,0.572254411,0.697264807,0
Q5M,0.401457106,0.670894945,0
Q5N,0.291664614,0.653943782,0
Q5P,0.073229041,0.620218918,0
Q5R,-0.061830608,0.59936669,0
Q5S,0.50303595,0.68657798,0
Q5T,0.533692285,0.691311095,0
Q5V,0.192258285,0.638596168,0
Q5W,0.00045553,0.608983217,0
Q5Y,0.500314835,0.686157859,0
S6A,-0.733648212,0.495642936,0
S6C,0.218391804,0.642630993,0
S6D,0.364607086,0.665205569,0
S6E,0.45115911,0.678568573,0
S6F,0.02289484,0.612447683,0
S6G,0.618497801,0.70440445,0
S6H,0.351702826,0.663213246,0
S6I,0.504211772,0.686759518,0
S6K,0.570082492,0.696929478,0
S6L,0.083633072,0.621825224,0
S6M,0.208077519,0.641038542,0
S6N,0.41577416,0.673105394,0
S6P,0.390290672,0.669170928,0
S6Q,0.34265845,0.66181686,0
S6R,0.414448623,0.67290074,0
S6T,0.316212229,0.657733755,0
S6V,-0.691658792,0.502125797,0
S6W,-0.215730276,0.5756057,0
S6Y,0.231594045,0.644669323,0
D7A,0.577293983,0.69804288,0
D7C,0.325113032,0.659107975,0
D7E,0.437352994,0.676437009,0
D7F,0.630453499,0.706250323,0
D7G,0.042125319,0.615416729,0
D7H,0.512018265,0.687964784,0
D7I,0.192564405,0.63864343,0
D7K,0.490207592,0.684597375,0
D7L,0.316505021,0.65777896,0
D7M,0.495335612,0.685389104,0
D7N,0.16365217,0.634179591,0
D7P,0.093184232,0.623299854,0
D7Q,0.306027341,0.656161283,0
D7R,-0.25645605,0.569317936,0
D7S,0.21116602,0.641515384,0
D7T,0.332638236,0.660269811,0
D7V,0.247408753,0.647110999,0
D7W,0.215295583,0.642152959,0
D7Y,0.243800837,0.646553963,0
P8A,0.057061749,0.617722805,0
P8C,0.04635657,0.616070003,0
P8D,0.404817339,0.67141374,0
P8E,0.477275724,0.682600788,0
P8F,-0.113914285,0.591325349,0
P8G,0.322946421,0.658773466,0
P8H,0.386433535,0.668575415,0
P8I,0.0720209,0.620032389,0
P8K,0.576466983,0.697915197,0
P8L,-0.007909445,0.607691725,0
P8M,0.32065205,0.658419231,0
P8N,0.272173473,0.650934492,0
P8Q,0.622301687,0.704991742,0
P8R,0.516571421,0.688667758,0
P8S,-1.320230794,0.405078849,0
P8T,0.311746229,0.657044237,0
P8V,0.396168242,0.670078383,0
P8W,0.255149887,0.648306174,0
P8Y,0.376450452,0.667034099,0
S9A,0.110162138,0.625921119,0
S9C,0.059488688,0.618097507,0
S9D,0.079720038,0.62122108,0
S9E,-0.026962121,0.604750131,0
S9F,-0.032558666,0.603886065,0
S9G,0.149292511,0.631962564,0
S9H,0.168393346,0.634911594,0
S9I,0.306439226,0.656224875,0
S9K,0.640866138,0.707857959,0
S9L,0.127239243,0.6285577,0
S9M,0.481882586,0.683312054,0
S9N,0.476720268,0.68251503,0
S9P,0.38077646,0.667702003,0
S9Q,0.141090641,0.630696255,0
S9R,0.383002,0.66804561,0
S9T,-0.113803701,0.591342422,0
S9V,0.490469015,0.684637736,0
S9W,-0.099554684,0.593542367,0
S9Y,-0.732368704,0.495840482,0
V10A,0.505743846,0.686996059,0
V10C,0.879339625,0.744676531,0
V10D,0.951392791,0.755801017,0
V10E,0.843035419,0.739071426,0
V10F,0.63183882,0.706464206,0
V10G,0.477051645,0.682566192,0
V10H,0.618340598,0.704380179,0
V10I,0.494835294,0.685311858,0
V10K,0.845902709,0.739514115,0
V10L,0.158722141,0.633418431,0
V10M,0.420677759,0.673862474,0
V10N,1.062027789,0.772882256,1
V10P,0.539099536,0.692145935,0
V10Q,0.265496765,0.649903656,0
V10R,-1.150926427,0.431218213,0
V10S,0.592408983,0.700376526,0
V10T,0.626603231,0.70565587,0
V10W,0.359223259,0.664374346,0
V10Y,0.620154747,0.704660271,0
E11A,0.300128737,0.655250581,0
E11C,0.216094663,0.642276331,0
E11D,0.357223425,0.664065586,0
E11F,0.396674676,0.670156572,0
E11G,0.210819458,0.641461878,0
E11H,0.451489863,0.678619639,0
E11I,0.603040523,0.702017959,0
E11K,0.595908414,0.700916813,0
E11L,0.345798888,0.66230172,0
E11M,0.482914916,0.683471438,0
E11N,0.551741345,0.694097739,0
E11P,0.275969981,0.651520645,0
E11Q,0.148697571,0.63187071,0
E11R,-0.46356016,0.537342567,0
E11S,-0.667139083,0.505911462,0
E11T,0.405603921,0.671535183,0
E11V,0.758994812,0.726096167,0
E11W,0.260023696,0.649058654,0
E11Y,0.391351527,0.669334717,0
P12A,-0.548517874,0.524225714,0
P12C,0.395393418,0.669958755,0
P12D,0.527683416,0.690383369,0
P12E,0.407472641,0.6718237,0
P12F,0.651537564,0.709505549,0
P12G,0.611775939,0.703366644,0
P12H,0.789091919,0.730742942,0
P12I,0.578085941,0.698165153,0
P12K,0.499012155,0.685956735,0
P12L,0.338921421,0.66123989,0
P12M,0.461124326,0.68010713,0
P12N,0.718637187,0.719865243,0
P12Q,0.590463717,0.700076191,0
P12R,0.483895752,0.683622872,0
P12S,0.326872988,0.659379699,0
P12T,0.581354865,0.698669851,0
P12V,0.515669973,0.688528581,0
P12W,-0.259089975,0.568911277,0
P12Y,0.696935883,0.71651472,0
P13A,0.253603126,0.648067365,0
P13C,0.453009898,0.678854321,0
P13D,0.233967538,0.645035773,0
P13E,0.270454103,0.650669033,0
P13F,0.19083972,0.638377151,0
P13G,0.196406767,0.639236663,0
P13H,0.515452297,0.688494973,0
P13I,0.473510885,0.682019524,0
P13K,0.710901235,0.718670869,0
P13L,-0.481354185,0.534595299,0
P13M,0.354403119,0.663630151,0
P13N,0.482188447,0.683359277,0
P13Q,0.256164324,0.648462795,0
P13R,0.634769267,0.706916646,0
P13S,0.124669083,0.628160886,0
P13T,0.44075998,0.676963023,0
P13V,0.558758826,0.695181187,0
P13W,0.082704096,0.621681797,0
P13Y,0.241141991,0.646143456,0
L14A,0.558985381,0.695216165,0
L14C,0.45474826,0.679122711,0
L14D,0.446457353,0.677842656,0
L14E,0.24581274,0.646864586,0
L14F,0.284869653,0.652894689,0
L14G,0.577926391,0.698140519,0
L14H,0.638538392,0.707498572,0
L14I,0.419652097,0.673704119,0
L14K,0.498052416,0.685808558,0
L14M,0.609892747,0.703075892,0
L14N,0.446530775,0.677853991,0
L14P,0.327322241,0.65944906,0
L14Q,0.465670429,0.680809015,0
L14R,0.633169724,0.706669688,0
L14S,0.077922527,0.620943558,0
L14T,0.3527623,0.663376821,0
L14V,0.507416711,0.687254337,0
L14W,-0.096596526,0.593999085,0
L14Y,0.36008314,0.664507105,0
S15A,0.521072971,0.689362765,0
S15C,0.639886954,0.70770678,0
S15D,-0.666356407,0.506032301,0
S15E,-0.889279399,0.471614612,0
S15F,0.428811305,0.675118234,0
S15G,0.22597199,0.643801318,0
S15H,0.523593136,0.68975186,0
S15I,0.672582114,0.712754675,0
S15K,0.899925936,0.747854908,0
S15L,0.651094756,0.709437183,0
S15M,0.883252615,0.745280669,0
S15N,0.457631581,0.679567875,0
S15P,0.484228059,0.683674178,0
S15Q,0.588758609,0.699812935,0
S15R,0.668492103,0.712123207,0
S15T,0.84743402,0.739750538,0
S15V,0.197242555,0.639365703,0
S15W,0.242830004,0.646404073,0
S15Y,0.678227389,0.713626264,0
Q16A,0.314309958,0.657440059,0
Q16C,0.335699265,0.660742412,0
Q16D,-0.061950084,0.599348243,0
Q16E,-0.185557448,0.580264165,0
Q16F,0.646586426,0.70874113,0
Q16G,0.840316305,0.738651615,0
Q16H,0.917900408,0.750630036,0
Q16I,0.442365464,0.677210898,0
Q16K,0.825972652,0.736437059,0
Q16L,0.54803096,0.693524882,0
Q16M,0.660046299,0.710819236,0
Q16N,0.307716275,0.656422042,0
Q16P,-0.687598984,0.502752602,0
Q16R,0.292304264,0.654042539,0
Q16S,-0.441395083,0.540764694,0
Q16T,0.725977735,0.720998571,0
Q16V,0.144807171,0.63127006,0
Q16W,0.014715816,0.611184901,0
Q16Y,0.177521584,0.636320928,0
E17A,0.400156099,0.670694079,0
E17C,0.801759052,0.732698655,0
E17D,0.18995147,0.638240012,0
E17F,0.48231555,0.683378901,0
E17G,-0.934792415,0.464587733,0
E17H,0.123492466,0.627979225,0
E17I,0.503796657,0.686695427,0
E17K,0.062711579,0.618595098,0
E17L,0.727814833,0.721282205,0
E17M,0.836552112,0.738070451,0
E17N,0.378009206,0.667274759,0
E17P,0.815415352,0.734807088,0
E17Q,0.593720578,0.700579027,0
E17R,-0.237789369,0.572199936,0
E17S,0.326124343,0.659264114,0
E17T,0.389620657,0.669067483,0
E17V,0.455443055,0.679229983,0
E17W,0.574766851,0.697652709,0
E17Y,0.587272789,0.699583535,0
T18A,-0.312003051,0.560741883,0
T18C,0.332309717,0.66021909,0
T18D,-1.377638197,0.396215564,0
T18E,-1.289622736,0.409804511,0
T18F,-0.390315165,0.548651062,0
T18G,-0.778561714,0.488708617,0
T18H,-0.958035882,0.460999111,0
T18I,-0.332207221,0.557622506,0
T18K,0.598498093,0.701316641,0
T18L,0.24376107,0.646547823,0
T18M,-0.118391646,0.590634077,0
T18N,-1.132369446,0.434083276,0
T18P,-1.033335459,0.449373403,0
T18Q,0.043855649,0.615683879,0
T18R,0.576964671,0.697992037,0
T18S,0.258429123,0.648812464,0
T18V,-0.666914459,0.505946142,0
T18W,-0.724842916,0.497002409,0
T18Y,-0.037412216,0.603136712,0
F19A,-1.421253586,0.389481665,0
F19C,-1.169641396,0.428328758,0
F19D,-2.551210978,0.215024458,0
F19E,-1.439215891,0.386708415,0
F19G,-1.688825715,0.348170473,0
F19H,-1.806306206,0.330032339,0
F19I,-1.541703552,0.370885065,0
F19K,-1.835452234,0.325532404,0
F19L,-1.303593826,0.407647476,0
F19M,-1.246176088,0.416512357,0
F19N,-1.894918632,0.316351225,0
F19P,-1.611074031,0.360174768,0
F19Q,-1.900282299,0.315523114,0
F19R,-1.433419178,0.387603386,0
F19S,-1.034786478,0.449149377,0
F19T,-1.531992679,0.372384354,0
F19V,-1.476008838,0.381027852,0
F19W,-1.377481334,0.396239782,0
F19Y,-1.202252838,0.423293788,0
S20A,0.734823319,0.722364264,0
S20C,-0.025304496,0.605006056,0
S20D,-0.601287372,0.516078487,0
S20E,0.447967606,0.678075828,0
S20F,-1.036995517,0.448808317,0
S20G,0.303139626,0.655715441,0
S20H,0.342539962,0.661798566,0
S20I,0.683252558,0.714402114,0
S20K,0.097323661,0.623938952,0
S20L,0.332979791,0.660322545,0
S20M,0.496538359,0.685574799,0
S20N,-0.715749978,0.498406293,0
S20P,0.32924885,0.659746515,0
S20Q,-0.438642626,0.541189653,0
S20R,-0.286839328,0.564626979,0
S20T,0.061300842,0.61837729,0
S20V,0.182780359,0.637132845,0
S20W,0.83062867,0.737155914,0
S20Y,0.665489354,0.711659604,0
D21A,0.209691414,0.641287716,0
D21C,0.011465134,0.610683019,0
D21E,0.60642214,0.702540056,0
D21F,-0.037313611,0.603151936,0
D21G,-0.155834684,0.584853144,0
D21H,0.203896972,0.640393096,0
D21I,-0.34724547,0.55530071,0
D21K,0.183165356,0.637192285,0
D21L,-0.261698521,0.568508537,0
D21M,0.295033775,0.654463956,0
D21N,0.468994466,0.681322222,0
D21P,-1.69962609,0.346502974,0
D21Q,0.40293755,0.671123514,0
D21R,-0.939611576,0.463843689,0
D21S,-0.384044054,0.549619276,0
D21T,-0.566049565,0.521518948,0
D21V,0.288380038,0.653436667,0
D21W,-0.256076909,0.569376473,0
D21Y,0.565420525,0.696209705,0
L22A,-0.929344196,0.465428898,0
L22C,-0.495344395,0.532435312,0
L22D,-1.419348098,0.389775858,0
L22E,-1.661501895,0.352389072,0
L22F,1.011484778,0.765078782,1
L22G,-1.630014011,0.357250573,0
L22H,-0.367759352,0.552133516,0
L22I,0.105573594,0.625212681,0
L22K,-1.417564523,0.390051229,0
L22M,0.154253074,0.632728439,0
L22N,-1.55999327,0.368061266,0
L22P,-1.607914544,0.36066257,0
L22Q,-0.855609427,0.476813011,0
L22R,-1.378416851,0.396095345,0
L22S,-1.615875607,0.359433439,0
L22T,-1.993051598,0.301200208,0
L22V,-0.452977465,0.538976458,0
L22W,0.451023809,0.678547683,0
L22Y,0.058076805,0.617879522,0
W23A,-1.580257264,0.364932653,0
W23C,-0.726129744,0.496803732,0
W23D,-1.58712229,0.363872743,0
W23E,-1.604338611,0.361214668,0
W23F,-1.738150555,0.340555076,0
W23G,-1.724906018,0.342599937,0
W23H,-1.964717287,0.30557482,0
W23I,-1.703212008,0.345949334,0
W23K,-1.150018376,0.431358409,0
W23L,-1.104147328,0.438440566,0
W23M,-1.536748098,0.371650152,0
W23N,-1.767386786,0.336041215,0
W23P,-1.812257704,0.329113471,0
W23Q,-1.150148585,0.431338306,0
W23R,-1.025660977,0.450558288,0
W23S,-1.674608111,0.350365568,0
W23T,-2.11027493,0.283101778,0
W23V,-1.904235623,0.314912749,0
W23Y,-1.709014911,0.345053408,0
K24A,0.454503228,0.67908488,0
K24C,-0.230732062,0.573289533,0
K24D,-0.397127883,0.547599228,0
K24E,-1.443726621,0.386011991,0
K24F,-1.000059885,0.45451091,0
K24G,-0.947998306,0.462548839,0
K24H,-0.61034504,0.514680049,0
K24I,-0.538824366,0.525722321,0
K24L,0.0898095,0.62277882,0
K24M,-0.229875581,0.573421767,0
K24N,-0.939832706,0.463809549,0
K24P,-1.313757569,0.406078268,0
K24Q,-0.561627353,0.522201706,0
K24R,0.12898862,0.628827791,0
K24S,0.35728342,0.664074849,0
K24T,-0.85218839,0.477341194,0
K24V,-0.556021366,0.523067229,0
K24W,-1.517089627,0.374685277,0
K24Y,-1.019971653,0.451436678,0
L25A,0.431020798,0.675459364,0
L25C,0.583912702,0.699064762,0
L25D,-0.475421349,0.535511286,0
L25E,0.000363466,0.608969003,0
L25F,-0.651760304,0.508285833,0
L25G,-0.010320557,0.607319467,0
L25H,-0.1844196,0.58043984,0
L25I,-0.726884237,0.496687244,0
L25K,0.472135859,0.68180723,0
L25M,0.436492022,0.676304081,0
L25N,-0.372206542,0.551446902,0
L25P,-1.295915399,0.408832969,0
L25Q,1.12269502,0.782248835,1
L25R,0.836354702,0.738039972,0
L25S,0.367097762,0.665590112,0
L25T,-1.076875855,0.442651083,0
L25V,-0.473370054,0.535827991,0
L25W,-1.301041017,0.408041611,0
L25Y,-1.469134663,0.382089174,0
L26A,-1.7717075,0.335374128,0
L26C,-1.079016711,0.44232055,0
L26D,-1.505334434,0.376500193,0
L26E,-1.662663808,0.352209681,0
L26F,-1.195768317,0.424294951,0
L26G,-1.463726015,0.38292423,0
L26H,-1.070242758,0.443675185,0
L26I,0.098758558,0.624160489,0
L26K,-1.38002626,0.395846864,0
L26M,-0.573762561,0.520328118,0
L26N,-1.328423253,0.403813993,0
L26P,-1.103834644,0.438488842,0
L26Q,-1.413917719,0.390614269,0
L26R,-1.521691743,0.373974743,0
L26S,-1.846430749,0.323837402,0
L26T,-1.617106249,0.359243437,0
L26V,0.260522036,0.649135594,0
L26W,-1.242233133,0.417121121,0
L26Y,-1.736973554,0.340736797,0
P27A,0.269987889,0.650597053,0
P27C,0.785089628,0.730125017,0
P27D,0.521776027,0.689471311,0
P27E,0.855022453,0.740922137,0
P27F,-0.137837527,0.587631774,0
P27G,0.7378041,0.722824475,0
P27H,0.419576878,0.673692506,0
P27I,0.876024958,0.744164771,0
P27K,0.408157488,0.671929435,0
P27L,-0.783725692,0.487911337,0
P27M,0.531719092,0.691006448,0
P27N,0.522387324,0.689565691,0
P27Q,0.723979702,0.720690089,0
P27R,0.265620293,0.649922728,0
P27S,-1.348655582,0.400690269,0
P27T,0.325104643,0.659106679,0
P27V,0.704840832,0.717735186,0
P27W,0.667102164,0.71190861,0
P27Y,0.636516784,0.70718645,0
E28A,0.746910036,0.724230366,0
E28C,0.70298788,0.717449104,0
E28D,0.460107018,0.679950065,0
E28F,0.370510108,0.666116953,0
E28G,0.286064086,0.653079101,0
E28H,0.613528555,0.703637235,0
E28I,0.680266235,0.713941047,0
E28K,-0.021413787,0.605606753,0
E28L,-0.035152983,0.603485521,0
E28M,0.313865587,0.657371451,0
E28N,0.246158428,0.646917958,0
E28P,0.169557197,0.635091285,0
E28Q,0.399162662,0.670540699,0
E28R,-0.198262909,0.578302534,0
E28S,0.314072368,0.657403376,0
E28T,0.508051243,0.687352304,0
E28V,0.628897177,0.706010038,0
E28W,0.511118961,0.687825938,0
E28Y,0.301481964,0.65545951,0
N29A,0.939669463,0.75399102,0
N29C,0.686424173,0.714891788,0
N29D,0.158303217,0.633353752,0
N29E,-0.063993231,0.599032796,0
N29F,0.785828398,0.730239078,0
N29G,0.290838939,0.653816304,0
N29H,0.225507094,0.643729542,0
N29I,0.463240581,0.680433864,0
N29K,-0.915304631,0.467596505,0
N29L,0.87362948,0.743794927,0
N29M,0.755842542,0.72560948,0
N29P,0.985248363,0.761028071,0
N29Q,0.220754493,0.642995775,0
N29R,0.823476071,0.736051605,0
N29S,0.444417845,0.67752777,0
N29T,-0.371882576,0.55149692,0
N29V,0.7083154,0.718271634,0
N29W,0.914698217,0.750135641,0
N29Y,0.793990626,0.731499267,0
N30A,0.594647195,0.70072209,0
N30C,0.821523835,0.735750194,0
N30D,0.026992383,0.613080314,0
N30E,0.246282979,0.646937188,0
N30F,0.851622154,0.740397155,0
N30G,0.482297282,0.68337608,0
N30H,-0.981227814,0.457418445,0
N30I,0.919072201,0.750810952,0
N30K,0.366075269,0.665432246,0
N30L,0.479030283,0.682871679,0
N30M,0.637195586,0.707291252,0
N30P,0.851220534,0.740335148,0
N30Q,-1.197601697,0.42401189,0
N30R,0.10421084,0.625002282,0
N30S,0.236637406,0.645447981,0
N30T,-0.613761744,0.514152535,0
N30V,0.661354593,0.711021227,0
N30W,0.623214301,0.705132643,0
N30Y,0.970140502,0.758695527,0
V31A,0.423405968,0.674283689,0
V31C,0.02664238,0.613026276,0
V31D,0.315608561,0.657640553,0
V31E,0.396134183,0.670073124,0
V31F,-0.252617316,0.569910609,0
V31G,-0.140063657,0.587288076,0
V31H,-0.168610672,0.582880624,0
V31I,0.307859905,0.656444217,0
V31K,0.545650785,0.6931574,0
V31L,-0.450181493,0.539408136,0
V31M,0.661817205,0.711092651,0
V31N,0.282319884,0.652501024,0
V31P,-0.055359069,0.600365848,0
V31Q,0.30123399,0.655421224,0
V31R,-1.276518667,0.411827684,0
V31S,-0.203359311,0.577515687,0
V31T,-0.37166229,0.55153093,0
V31W,0.630936592,0.706324909,0
V31Y,0.484867203,0.683772857,0
L32A,-0.345361766,0.55559154,0
L32C,-1.234251799,0.418353381,0
L32D,0.767969079,0.727481729,0
L32E,-0.529851389,0.527107683,0
L32F,-0.486915388,0.53373669,0
L32G,0.255694514,0.64839026,0
L32H,0.51589018,0.688562579,0
L32I,0.870821411,0.743361381,0
L32K,1.102785658,0.779174975,1
L32M,0.513274656,0.688158761,0
L32N,-0.49863671,0.531927003,0
L32P,0.658132652,0.710523783,0
L32Q,0.245228996,0.64677446,0
L32R,0.022888571,0.612446715,0
L32S,-1.399505957,0.39283934,0
L32T,0.60697711,0.702625739,0
L32V,0.071953961,0.620022055,0
L32W,1.533235193,0.845633253,1
L32Y,0.468500088,0.681245894,0
S33A,-0.594467928,0.51713136,0
S33C,0.524085384,0.689827859,0
S33D,0.91809899,0.750660696,0
S33E,1.291305445,0.808281059,1
S33F,0.728220318,0.721344809,0
S33G,0.262937522,0.649508528,0
S33H,1.105275573,0.779559399,1
S33I,0.956632233,0.756609948,0
S33K,0.509064949,0.687508813,0
S33L,0.515241193,0.688462381,0
S33M,0.884201995,0.745427246,0
S33N,0.532661749,0.691151988,0
S33P,-0.517500935,0.529014504,0
S33Q,1.460459039,0.834397144,1
S33R,1.342435514,0.81617517,1
S33T,0.861885861,0.741981797,0
S33V,-1.014311389,0.452310581,0
S33W,1.224520211,0.797969905,1
S33Y,0.564607347,0.696084156,0
P34A,0.572414842,0.697289576,0
P34C,2.099894376,0.933121312,1
P34D,0.382077755,0.667902914,0
P34E,0.753704317,0.725279353,0
P34F,1.352971234,0.817801809,1
P34G,0.997585994,0.762932911,0
P34H,0.710715395,0.718642176,0
P34I,1.453501932,0.833323018,1
P34K,1.034170223,0.76858125,1
P34L,0.284309974,0.652808279,0
P34M,1.145519536,0.785772775,1
P34N,0.70888612,0.718359749,0
P34Q,1.233135731,0.799300078,1
P34R,1.00682481,0.764359317,1
P34S,0.772089253,0.728117854,0
P34T,0.67488765,0.713110633,0
P34V,0.718242747,0.719804345,0
P34W,1.649152979,0.863530117,1
P34Y,1.095358277,0.778028241,1
L35A,0.815376752,0.734801129,0
L35C,-1.076320972,0.442736753,0
L35D,1.135127428,0.784168309,1
L35E,0.480250612,0.683060089,0
L35F,0.542012719,0.692595709,0
L35G,0.282924494,0.652594371,0
L35H,0.630194137,0.706210279,0
L35I,0.792469805,0.731264463,0
L35K,1.240726871,0.800472095,1
L35M,0.844388087,0.739280268,0
L35N,1.18920257,0.792517118,1
L35P,0.631594369,0.706426465,0
L35Q,0.64676211,0.708768254,0
L35R,0.738726871,0.722966944,0
L35S,0.411687609,0.67247446,0
L35T,0.512911329,0.688102666,0
L35V,1.045328155,0.770303954,1
L35W,0.161393916,0.633830933,0
L35Y,0.230511055,0.644502117,0
P36A,-0.717353382,0.498158739,0
P36C,0.841444451,0.738825792,0
P36D,1.223794002,0.797857783,1
P36E,0.524408082,0.689877682,0
P36F,0.83673602,0.738098845,0
P36G,0.545947041,0.69320314,0
P36H,0.794227309,0.731535809,0
P36I,0.857719641,0.741338563,0
P36K,1.06003921,0.772575234,1
P36L,0.698845418,0.716809538,0
P36M,0.866363471,0.742673108,0
P36N,1.041485846,0.769710729,1
P36Q,0.650558139,0.709354333,0
P36R,-0.560003758,0.522452377,0
P36S,0.563257741,0.695875786,0
P36T,0.506803386,0.687159644,0
P36V,0.55914482,0.695240781,0
P36W,0.208722455,0.641138116,0
P36Y,1.430825106,0.829821881,1
S37A,0.084621373,0.621977811,0
S37C,0.905797198,0.748761388,0
S37D,0.638656723,0.707516841,0
S37E,1.165669791,0.788883828,1
S37F,0.427246893,0.6748767,0
S37G,0.912242992,0.749756572,0
S37H,1.47338766,0.836393229,1
S37I,0.865749545,0.742578322,0
S37K,1.127868647,0.783047606,1
S37L,0.89099682,0.746476318,0
S37M,0.597808015,0.701210098,0
S37N,1.096026936,0.778131477,1
S37P,-0.034921559,0.603521251,0
S37Q,1.031759283,0.768209019,1
S37R,0.018684506,0.611797638,0
S37T,0.749607419,0.724646822,0
S37V,-0.857681229,0.476493139,0
S37W,0.752195801,0.725046449,0
S37Y,0.768476992,0.727560147,0
Q38A,0.447473114,0.677999482,0
Q38C,0.677681752,0.713542022,0
Q38D,0.949140077,0.755453214,0
Q38E,0.51260199,0.688054907,0
Q38F,0.457729415,0.67958298,0
Q38G,0.945473778,0.754887164,0
Q38H,0.823664258,0.73608066,0
Q38I,0.692363725,0.715808812,0
Q38K,0.248881135,0.647338324,0
Q38L,0.242032831,0.646280996,0
Q38M,1.308223176,0.810893034,1
Q38N,1.279822336,0.806508151,1
Q38P,-0.687309672,0.502797269,0
Q38R,0.061365768,0.618387314,0
Q38S,0.488238214,0.684293317,0
Q38T,0.351111608,0.663121966,0
Q38V,1.09794269,0.778427256,1
Q38W,1.047157207,0.770586346,1
Q38Y,0.951449651,0.755809795,0
A39C,0.777496669,0.728952719,0
A39D,0.731682196,0.721879298,0
A39E,0.466086724,0.680873288,0
A39F,0.913761864,0.749991075,0
A39G,0.646876255,0.708785877,0
A39H,0.532146138,0.691072381,0
A39I,0.641153452,0.707902318,0
A39K,0.727014195,0.721158592,0
A39L,1.217872317,0.796943518,1
A39M,1.057502449,0.772183576,1
A39N,1.13643889,0.784370789,1
A39P,0.482718961,0.683441184,0
A39Q,-0.248040479,0.570617239,0
A39R,0.522882716,0.689642176,0
A39S,-0.069043069,0.598253138,0
A39T,0.324830048,0.659064284,0
A39V,0.488007271,0.684257661,0
A39W,0.910350745,0.749464423,0
A39Y,1.121382193,0.782046144,1
M40A,1.177685095,0.790738903,1
M40C,0.976971956,0.759750254,0
M40D,0.731514043,0.721853336,0
M40E,0.473813945,0.682066315,0
M40F,0.689532374,0.715371672,0
M40G,1.18241161,0.791468643,1
M40H,1.383936083,0.822582556,1
M40I,0.340994593,0.661559972,0
M40K,0.763045047,0.726721494,0
M40L,0.607017691,0.702632005,0
M40N,0.113200418,0.626390208,0
M40P,0.465425713,0.680771233,0
M40Q,-0.006350661,0.60793239,0
M40R,0.888738597,0.746127664,0
M40S,1.3383374,0.815542451,1
M40T,0.777987958,0.729028571,0
M40V,-0.076277049,0.597136264,0
M40W,-0.59448564,0.517128625,0
M40Y,0.727725961,0.721268484,0
D41A,1.297183169,0.809188537,1
D41C,1.012968018,0.765307784,1
D41E,0.802113081,0.732753315,0
D41F,0.918370658,0.750702639,0
D41G,0.096213127,0.623767493,0
D41H,0.643897068,0.708325912,0
D41I,0.727040546,0.721162661,0
D41K,0.945429685,0.754880356,0
D41L,0.947952588,0.755269874,0
D41M,0.086303746,0.622237557,0
D41N,0.371190553,0.666222009,0
D41P,0.542346025,0.69264717,0
D41Q,1.376025059,0.821361152,1
D41R,1.284874405,0.807288153,1
D41S,1.420773606,0.828270002,1
D41T,1.383830002,0.822566178,1
D41V,0.17052478,0.635240672,0
D41W,0.865637078,0.742560958,0
D41Y,0.382628145,0.66798789,0
D42A,0.391852547,0.669412071,0
D42C,0.550921089,0.693971097,0
D42E,0.562633336,0.695779383,0
D42F,0.431715114,0.675566561,0
D42G,0.348099131,0.662656861,0
D42H,0.92683671,0.752009736,0
D42I,0.677431819,0.713503434,0
D42K,1.194633462,0.793355608,1
D42L,0.963654151,0.757694081,0
D42M,1.084541399,0.776358194,1
D42N,0.364892685,0.665249664,0
D42P,0.489171345,0.684437386,0
D42Q,0.989966014,0.761756442,0
D42R,0.135119867,0.629774411,0
D42S,0.779010385,0.729186426,0
D42T,1.394271912,0.824178333,1
D42V,0.465429862,0.680771873,0
D42W,0.704578955,0.717694755,0
D42Y,0.862769957,0.742118295,0
L43A,1.247473525,0.801513729,1
L43C,0.792164262,0.731217289,0
L43D,1.057700047,0.772214084,1
L43E,0.980611802,0.760312219,0
L43F,0.039260422,0.61497441,0
L43G,0.675618679,0.713223498,0
L43H,0.565704233,0.696253507,0
L43I,1.082611326,0.776060204,1
L43K,0.637068463,0.707271625,0
L43M,0.325452148,0.659160332,0
L43N,1.02168998,0.766654391,1
L43P,1.302961191,0.810080622,1
L43Q,1.632981379,0.861033339,1
L43R,1.197181999,0.793749083,1
L43S,0.792981419,0.731343452,0
L43T,1.037748144,0.769133655,1
L43V,0.67831853,0.713640336,0
L43W,0.554494378,0.694522787,0
L43Y,1.185606836,0.791961962,1
M44A,-0.29274601,0.56371503,0
M44C,0.322714268,0.658737623,0
M44D,0.278979206,0.651985247,0
M44E,1.335234305,0.815063356,1
M44F,0.222318757,0.643237286,0
M44G,1.070648752,0.77421327,1
M44H,0.553159632,0.694316712,0
M44I,0.460639069,0.68003221,0
M44K,0.766058151,0.727186695,0
M44L,1.116824011,0.781342394,1
M44N,0.769019353,0.727643883,0
M44P,1.279064077,0.806391081,1
M44Q,0.911051321,0.749572587,0
M44R,1.502703051,0.840919313,1
M44S,1.3745382,0.821131591,1
M44T,0.652307267,0.709624386,0
M44V,0.385978867,0.668505217,0
M44W,0.158916635,0.633448459,0
M44Y,0.75697846,0.725784857,0
L45A,0.035228457,0.614351904,0
L45C,0.814994516,0.734742114,0
L45D,0.18533975,0.637527996,0
L45E,1.058750585,0.772376279,1
L45F,0.929004271,0.752344392,0
L45G,0.865418236,0.74252717,0
L45H,1.190703909,0.792748913,1
L45I,1.565095923,0.850552319,1
L45K,0.674933918,0.713117776,0
L45M,0.868960723,0.743074104,0
L45N,1.056331941,0.772002858,1
L45P,1.125146181,0.782627277,1
L45Q,0.879571335,0.744712306,0
L45R,1.004983467,0.764075027,1
L45S,0.79998465,0.7324247,0
L45T,1.097524847,0.778362744,1
L45V,0.706231819,0.717949945,0
L45W,0.967369466,0.758267699,0
L45Y,1.057722729,0.772217586,1
S46A,0.597209656,0.701117715,0
S46C,0.930943717,0.752643828,0
S46D,1.223914443,0.797876378,1
S46E,1.209546589,0.795658086,1
S46F,0.565922156,0.696287153,0
S46G,0.772803331,0.728228102,0
S46H,1.656938245,0.864732105,1
S46I,1.205910361,0.795096679,1
S46K,1.180199634,0.79112713,1
S46L,0.411527436,0.67244973,0
S46M,0.950829625,0.755714068,0
S46N,1.372865107,0.820873278,1
S46P,0.195075997,0.639031202,0
S46Q,1.370865374,0.820564534,1
S46R,1.498692531,0.840300118,1
S46T,0.8872081,0.745891367,0
S46V,-0.333204331,0.55746856,0
S46W,0.012982204,0.610917244,0
S46Y,0.567504352,0.696531432,0
P47A,1.215555505,0.796585819,1
P47C,0.781729431,0.729606227,0
P47D,1.581455725,0.853078153,1
P47E,0.64218095,0.708060956,0
P47F,0.518744901,0.689003328,0
P47G,0.435269049,0.676115263,0
P47H,1.155096072,0.787251322,1
P47I,0.618437826,0.70439519,0
P47K,1.660949323,0.865351387,1
P47L,0.356557274,0.663962737,0
P47M,1.025920706,0.767307585,1
P47N,0.795976566,0.731805881,0
P47Q,0.665289977,0.711628822,0
P47R,0.04194797,0.615389348,0
P47S,0.812108685,0.734296563,0
P47T,0.678459473,0.713662096,0
P47V,1.490829318,0.839086095,1
P47W,0.074189125,0.620367148,0
P47Y,0.837721937,0.738251063,0
D48A,0.582798196,0.698892691,0
D48C,1.195688494,0.793518497,1
D48E,0.785285923,0.730155324,0
D48F,0.60664048,0.702573766,0
D48G,0.258244268,0.648783924,0
D48H,1.228025788,0.79851114,1
D48I,0.819672333,0.735464335,0
D48K,1.302255058,0.8099716,1
D48L,0.581330557,0.698666098,0
D48M,0.641381889,0.707937587,0
D48N,0.650232083,0.709303993,0
D48P,1.422970515,0.828609189,1
D48Q,0.168577752,0.634940065,0
D48R,0.411366674,0.67242491,0
D48S,0.635773921,0.707071757,0
D48T,0.481230763,0.683211417,0
D48V,0.901499292,0.748097823,0
D48W,0.818938283,0.735351003,0
D48Y,0.541991786,0.692592478,0
D49A,0.731612095,0.721868475,0
D49C,1.589407079,0.854305784,1
D49E,0.53826734,0.69201745,0
D49F,0.972312358,0.759030846,0
D49G,0.825867709,0.736420856,0
D49H,0.592324113,0.700363423,0
D49I,-0.286411135,0.564693089,0
D49K,1.256765627,0.802948362,1
D49L,0.713924471,0.719137634,0
D49M,0.852442314,0.740523782,0
D49N,0.434102325,0.675935129,0
D49P,0.355367529,0.663779049,0
D49Q,0.988610884,0.761547219,0
D49R,-0.542833127,0.525103397,0
D49S,0.748454487,0.724468818,0
D49T,0.726045593,0.721009047,0
D49V,0.394304165,0.669790583,0
D49W,1.497290414,0.840083641,1
D49Y,0.650851751,0.709399665,0
I50A,0.422078821,0.674078788,0
I50C,1.386984195,0.823053163,1
I50D,0.615261242,0.703904749,0
I50E,1.023562448,0.766943487,1
I50F,0.303849217,0.655824996,0
I50G,1.759106442,0.880506132,1
I50H,0.669036031,0.712207185,0
I50K,1.141522222,0.785155618,1
I50L,0.111291222,0.626095442,0
I50M,0.155885274,0.632980439,0
I50N,1.173884616,0.790152137,1
I50P,1.881919583,0.899467588,1
I50Q,0.601663479,0.701805353,0
I50R,1.075477571,0.774958804,1
I50S,1.144616718,0.785633386,1
I50T,0.76091878,0.726393214,0
I50V,0.07634195,0.620699528,0
I50W,0.66717567,0.711919959,0
I50Y,-0.278527128,0.565910322,0
E51A,1.107801415,0.779949371,1
E51C,0.94068644,0.754148034,0
E51D,0.106552796,0.625363863,0
E51F,0.130321203,0.629033532,0
E51G,0.56615025,0.696322369,0
E51H,1.484495718,0.838108233,1
E51I,0.97926564,0.760104382,0
E51K,0.436400023,0.676289877,0
E51L,0.347598628,0.662579587,0
E51M,0.563565066,0.695923235,0
E51N,-0.693045116,0.501911758,0
E51P,1.237219779,0.799930626,1
E51Q,0.994199006,0.762409985,0
E51R,0.493566613,0.685115983,0
E51S,0.634550438,0.706882861,0
E51T,0.32150473,0.658550879,0
E51V,0.320783938,0.658439594,0
E51W,1.316745368,0.812208798,1
E51Y,1.032995517,0.768399884,1
Q52A,0.5786358,0.698250047,0
Q52C,0.569969077,0.696911968,0
Q52D,0.765151491,0.727046714,0
Q52E,1.185181033,0.791896221,1
Q52F,0.910508198,0.749488733,0
Q52G,0.233407131,0.64494925,0
Q52H,0.591849485,0.700290144,0
Q52I,1.249232386,0.801785285,1
Q52K,0.618928316,0.704470919,0
Q52L,0.615859069,0.703997049,0
Q52M,0.948281752,0.755320695,0
Q52N,-0.497742109,0.532065123,0
Q52P,0.853353527,0.740664467,0
Q52R,-0.408454998,0.545850404,0
Q52S,0.139997858,0.630527538,0
Q52T,-0.801539279,0.485161048,0
Q52V,0.91409679,0.750042785,0
Q52W,1.019628296,0.766336082,1
Q52Y,1.191144064,0.79281687,1
W53A,1.013903835,0.765452267,1
W53C,0.440776419,0.676965561,0
W53D,0.65214553,0.709599415,0
W53E,0.939108743,0.753904449,0
W53F,0.415973919,0.673136235,0
W53G,-0.080621068,0.596465579,0
W53H,1.106909726,0.779811701,1
W53I,0.622640938,0.70504412,0
W53K,-0.502594695,0.531315919,0
W53L,0.546939454,0.693356362,0
W53M,-0.642906383,0.509652814,0
W53N,0.075185085,0.620520917,0
W53P,0.048600987,0.616416525,0
W53Q,0.652186668,0.709605766,0
W53R,0.549944071,0.693820253,0
W53S,0.749227617,0.724588183,0
W53T,1.033207403,0.768432598,1
W53V,1.042801958,0.769913927,1
W53Y,1.001743294,0.763574768,1
F54A,0.949210599,0.755464102,0
F54C,0.801967286,0.732730805,0
F54D,0.539119251,0.692148979,0
F54E,0.82492257,0.736274934,0
F54G,0.957581458,0.756756502,0
F54H,1.092883902,0.777646215,1
F54I,0.160933122,0.63375979,0
F54K,0.057991117,0.617866293,0
F54L,0.647422071,0.708870147,0
F54M,0.583373444,0.698981505,0
F54N,1.321054166,0.812874045,1
F54P,1.172178959,0.789888796,1
F54Q,1.418973518,0.827992082,1
F54R,0.792505327,0.731269947,0
F54S,-0.063272627,0.599144052,0
F54T,0.784716318,0.730067381,0
F54V,-0.220600852,0.574853718,0
F54W,0.975054387,0.759454195,0
F54Y,0.889216935,0.746201516,0
T55A,0.298274704,0.654964332,0
T55C,0.784078622,0.729968925,0
T55D,1.098891969,0.778573817,1
T55E,0.726199961,0.721032881,0
T55F,0.529115124,0.690604415,0
T55G,1.183852927,0.791691172,1
T55H,-0.111425397,0.591709615,0
T55I,0.46698997,0.681012742,0
T55K,1.163090062,0.788485536,1
T55L,-0.412844125,0.545172754,0
T55M,0.681694516,0.714161563,0
T55N,0.649152379,0.709137294,0
T55P,0.177109021,0.636257231,0
T55Q,0.082437925,0.621640702,0
T55R,0.277404252,0.651742086,0
T55S,0.53572865,0.691625495,0
T55V,0.431218434,0.675489877,0
T55W,1.17588029,0.790460254,1
T55Y,0.778081325,0.729042986,0
E56A,0.923555327,0.751503114,0
E56C,0.653042891,0.709737961,0
E56D,0.800618028,0.732522489,0
E56F,1.325667696,0.813586341,1
E56G,0.380737013,0.667695913,0
E56H,0.947310013,0.755170665,0
E56I,1.080410834,0.775720464,1
E56K,0.603961847,0.702160205,0
E56L,0.383641141,0.668144289,0
E56M,0.646364277,0.708706831,0
E56N,0.748033158,0.724403768,0
E56P,1.008005167,0.764541556,1
E56Q,1.001381125,0.763518852,1
E56R,0.96056485,0.757217116,0
E56S,0.721702064,0.720338438,0
E56T,0.577187851,0.698026494,0
E56V,1.002795196,0.763737174,1
E56W,0.956525966,0.756593541,0
E56Y,0.839411623,0.738511938,0
D57A,0.924703161,0.751680332,0
D57C,0.51239163,0.688022429,0
D57E,0.715708715,0.719413109,0
D57F,1.052071851,0.771345131,1
D57G,0.455534978,0.679244175,0
D57H,0.582019336,0.69877244,0
D57I,1.071073321,0.77427882,1
D57K,0.000488009,0.608988231,0
D57L,1.089471857,0.77711942,1
D57M,0.621331735,0.704841989,0
D57N,0.353058141,0.663422496,0
D57P,1.23051541,0.79889552,1
D57Q,1.096321759,0.778176996,1
D57R,-0.551350988,0.523788302,0
D57S,0.596960317,0.701079219,0
D57T,0.243754148,0.646546754,0
D57V,1.190272156,0.792682254,1
D57W,0.261594148,0.649301121,0
D57Y,0.672813448,0.712790391,0
P58A,1.018949087,0.766231217,1
P58C,0.863984858,0.742305867,0
P58D,1.300164292,0.809648801,1
P58E,0.945129461,0.754834004,0
P58F,1.13543382,0.784215613,1
P58G,0.733099075,0.722098054,0
P58H,0.890169304,0.746348555,0
P58I,0.605819589,0.702447026,0
P58K,1.238997837,0.800205145,1
P58L,0.433386297,0.67582458,0
P58M,0.41839344,0.673509792,0
P58N,1.393549399,0.824066782,1
P58Q,0.452188103,0.678727442,0
P58R,-0.019194032,0.605949467,0
P58S,0.819758221,0.735477596,0
P58T,0.660174991,0.710839105,0
P58V,0.642873095,0.708167818,0
P58W,0.974964232,0.759440276,0
P58Y,0.629492264,0.706101915,0
G59A,0.606947601,0.702621183,0
G59C,0.612382861,0.703460348,0
G59D,0.721950904,0.720376857,0
G59E,0.760677495,0.726355961,0
G59F,0.590330512,0.700055625,0
G59H,1.275738696,0.805877666,1
G59I,0.780985195,0.729491323,0
G59K,1.045261064,0.770293595,1
G59L,1.013518939,0.765392842,1
G59M,0.766355341,0.727232579,0
G59N,0.356582258,0.663966594,0
G59P,1.148698869,0.786263641,1
G59Q,0.992959453,0.762218607,0
G59R,-0.240743192,0.571743887,0
G59S,0.573262896,0.69742051,0
G59T,0.467385609,0.681073826,0
G59V,0.39459746,0.669835865,0
G59W,0.796441649,0.731877687,0
G59Y,0.875927364,0.744149703,0
P60A,0.009726501,0.610414587,0
P60C,1.107569333,0.779913539,1
P60D,0.172922334,0.635610837,0
P60E,1.512939158,0.842499693,1
P60F,1.047697199,0.770669717,1
P60G,0.743026944,0.723630845,0
P60H,0.667098607,0.711908061,0
P60I,0.934844824,0.753246131,0
P60K,1.2038745,0.794782357,1
P60L,0.2712722,0.650795342,0
P60M,1.10640677,0.779734048,1
P60N,0.811563275,0.734212356,0
P60Q,0.512163681,0.687987235,0
P60R,0.309222537,0.656654598,0
P60S,-0.223198435,0.57445267,0
P60T,0.531587634,0.690986152,0
P60V,0.510711678,0.687763056,0
P60W,-0.302767099,0.562167847,0
P60Y,1.02872717,0.767740882,1
D61A,0.954266273,0.756244661,0
D61C,1.386361153,0.822956969,1
D61E,0.503796398,0.686695387,0
D61F,0.534035947,0.691364154,0
D61G,0.531016107,0.690897913,0
D61H,0.201139071,0.639967296,0
D61I,0.877122431,0.744334213,0
D61K,0.32011816,0.658336803,0
D61L,1.048888797,0.770853691,1
D61M,-0.098764612,0.593664348,0
D61N,0.582915078,0.698910736,0
D61P,1.189698951,0.792593755,1
D61Q,0.780162931,0.729364371,0
D61R,0.04910711,0.616494667,0
D61S,-0.389800868,0.548730466,0
D61T,0.784745756,0.730071926,0
D61V,0.123196105,0.627933469,0
D61W,0.517180501,0.688761796,0
D61Y,0.498927833,0.685943716,0
E62A,0.391547387,0.669364956,0
E62C,0.238258064,0.645698199,0
E62D,0.507285669,0.687234105,0
E62F,0.477156492,0.68258238,0
E62G,0.099821002,0.624324523,0
E62H,0.278383985,0.65189335,0
E62I,0.671907972,0.712650592,0
E62K,0.373508283,0.66657985,0
E62L,0.668376192,0.712105311,0
E62M,0.534546658,0.691443004,0
E62N,0.493011189,0.685030229,0
E62P,0.328546972,0.65963815,0
E62Q,0.022822874,0.612436572,0
E62R,0.569645067,0.696861943,0
E62S,0.571476023,0.697144629,0
E62T,0.820248553,0.7355533,0
E62V,0.599427424,0.701460123,0
E62W,0.050097991,0.616647652,0
E62Y,-0.068385503,0.598354662,0
A63C,0.149644535,0.632016914,0
A63D,0.712695497,0.71894789,0
A63E,1.472121193,0.836197696,1
A63F,0.142276821,0.630879393,0
A63G,0.456671067,0.679419579,0
A63H,1.324266098,0.813369944,1
A63I,0.43591378,0.676214805,0
A63K,-0.257363224,0.569177875,0
A63L,-0.492670416,0.532848155,0
A63M,0.726982026,0.721153626,0
A63N,-0.450656754,0.539334759,0
A63P,0.389478186,0.669045487,0
A63Q,0.047649648,0.616269645,0
A63R,0.280433211,0.652209735,0
A63S,0.263349189,0.649572086,0
A63T,0.45016602,0.678415247,0
A63V,0.425104211,0.674545886,0
A63W,0.439957311,0.676839096,0
A63Y,-0.001809175,0.608633563,0
P64A,0.242697825,0.646383666,0
P64C,0.659524407,0.71073866,0
P64D,1.038396444,0.769233748,1
P64E,-0.529112829,0.527221712,0
P64F,0.332560975,0.660257883,0
P64G,0.818211741,0.735238831,0
P64H,0.567396333,0.696514755,0
P64I,-0.311373789,0.560839037,0
P64K,0.14521055,0.631332339,0
P64L,0.577572494,0.69808588,0
P64M,0.872644001,0.743642776,0
P64N,0.389555301,0.669057392,0
P64Q,0.201642133,0.640044965,0
P64R,0.594920139,0.700764231,0
P64S,0.218496357,0.642647135,0
P64T,0.509918552,0.687640603,0
P64V,0.292920769,0.654137723,0
P64W,0.280201041,0.65217389,0
P64Y,0.132165581,0.629318291,0
R65A,0.336677714,0.660893477,0
R65C,-0.151815195,0.585473724,0
R65D,0.075636136,0.620590556,0
R65E,-0.248186843,0.570594642,0
R65F,0.908505179,0.749179481,0
R65G,0.443939007,0.677453841,0
R65H,-0.069440082,0.598191842,0
R65I,0.448246674,0.678118914,0
R65K,0.357170191,0.664057367,0
R65L,0.246427078,0.646959435,0
R65M,0.303331335,0.655745039,0
R65N,0.658606325,0.710596915,0
R65P,-0.185812001,0.580224864,0
R65Q,-0.033571821,0.603729641,0
R65S,0.702514085,0.717375954,0
R65T,0.27838186,0.651893021,0
R65V,0.301913929,0.655526202,0
R65W,0.39393236,0.669733179,0
R65Y,0.405331178,0.671493073,0
M66A,0.092350162,0.62317108,0
M66C,0.114141098,0.626535442,0
M66D,-0.175744946,0.581779144,0
M66E,0.340013233,0.661408457,0
M66F,0.73838973,0.722914892,0
M66G,0.742531935,0.723554419,0
M66H,0.260584711,0.649145271,0
M66I,0.452887253,0.678835385,0
M66K,0.494070528,0.685193784,0
M66L,0.719985852,0.720073467,0
M66N,-0.162605387,0.583807796,0
M66P,0.066114645,0.619120507,0
M66Q,0.638801345,0.70753917,0
M66R,0.170017747,0.63516239,0
M66S,0.021721912,0.612266591,0
M66T,0.308630269,0.656563156,0
M66V,-0.153890403,0.585153327,0
M66W,0.357945766,0.66417711,0
M66Y,0.365408211,0.665329257,0
P67A,-0.487795927,0.533600741,0
P67C,0.562948887,0.695828102,0
P67D,0.292431784,0.654062228,0
P67E,0.446810123,0.677897121,0
P67F,0.753406415,0.725233359,0
P67G,0.377001028,0.667119104,0
P67H,0.32428416,0.658980003,0
P67I,1.291364992,0.808290253,1
P67K,0.456272062,0.679357975,0
P67L,0.494178596,0.685210469,0
P67M,0.120955719,0.62758757,0
P67N,0.707285834,0.718112677,0
P67Q,0.350251774,0.662989214,0
P67R,0.27495939,0.651364617,0
P67S,0.618445355,0.704396353,0
P67T,0.784312932,0.730005101,0
P67V,0.502873033,0.686552827,0
P67W,0.405629221,0.671539089,0
P67Y,0.26113398,0.649230074,0
E68A,0.337532268,0.661025414,0
E68C,0.219471381,0.642797672,0
E68D,0.596750715,0.701046858,0
E68F,-0.139184646,0.587423789,0
E68G,-0.212476412,0.576108073,0
E68H,0.576951289,0.697989971,0
E68I,0.079516889,0.621189716,0
E68K,0.480081954,0.68303405,0
E68L,0.003570348,0.609464122,0
E68M,0.780200064,0.729370104,0
E68N,0.601887567,0.701839951,0
E68P,0.362928147,0.664946353,0
E68Q,0.63040294,0.706242517,0
E68R,-0.553464066,0.523462058,0
E68S,0.650616298,0.709363313,0
E68T,0.217143408,0.64243825,0
E68V,0.634283115,0.706841588,0
E68W,-0.082520246,0.59617236,0
E68Y,0.093038305,0.623277324,0
A69C,0.772821781,0.728230951,0
A69D,0.491182155,0.68474784,0
A69E,0.228042791,0.644121035,0
A69F,0.649443592,0.709182255,0
A69G,-0.615473004,0.513888329,0
A69H,0.475397624,0.682310823,0
A69I,1.343490925,0.816338118,1
A69K,0.548616232,0.693615244,0
A69L,-0.018075701,0.606122129,0
A69M,1.377173417,0.82153845,1
A69N,0.68527082,0.714713719,0
A69P,-0.13495401,0.588076968,0
A69Q,0.229815879,0.644394787,0
A69R,0.110889453,0.626033411,0
A69S,0.333491614,0.660401567,0
A69T,0.674756007,0.713090308,0
A69V,0.213362783,0.641854549,0
A69W,-0.022978982,0.605365098,0
A69Y,0.216245859,0.642299675,0
A70C,-0.370753604,0.551671225,0
A70D,0.708606918,0.718316643,0
A70E,0.611799775,0.703370324,0
A70F,-0.332087376,0.557641009,0
A70G,0.285574533,0.653003518,0
A70H,0.28675034,0.653185054,0
A70I,0.544325138,0.69295273,0
A70K,0.778288594,0.729074987,0
A70L,-0.927761425,0.465673267,0
A70M,0.254089348,0.648142434,0
A70N,0.226322601,0.64385545,0
A70P,0.238023804,0.645662031,0
A70Q,0.820907846,0.73565509,0
A70R,-0.004968616,0.608145768,0
A70S,0.124236601,0.628094114,0
A70T,0.655869626,0.710174388,0
A70V,0.229573982,0.64435744,0
A70W,0.247997515,0.647201899,0
A70Y,0.742914663,0.723613509,0
P71A,0.27709241,0.65169394,0
P71C,-0.177228578,0.581550082,0
P71D,0.216661259,0.642363809,0
P71E,1.342115643,0.816125784,1
P71F,0.300522843,0.655311428,0
P71G,0.598235736,0.701276135,0
P71H,0.761140329,0.726427419,0
P71I,0.943487806,0.754580544,0
P71K,0.816254586,0.73493666,0
P71L,0.489825764,0.684538423,0
P71M,1.208820893,0.795546044,1
P71N,0.560208779,0.695405049,0
P71Q,0.204780561,0.640529516,0
P71R,0.852999869,0.740609865,0
P71S,-0.045665011,0.60186254,0
P71T,0.590650212,0.700104985,0
P71V,0.621963009,0.704939453,0
P71W,-0.037988627,0.603047718,0
P71Y,0.835064786,0.737840818,0
V73A,0.301657448,0.655486603,0
V73C,-0.032584735,0.60388204,0
V73D,-0.193719195,0.579004051,0
V73E,0.615162716,0.703889537,0
V73F,0.691065048,0.715608306,0
V73G,0.245179121,0.64676676,0
V73H,0.315159111,0.657571162,0
V73I,0.341610425,0.661655052,0
V73K,0.395269737,0.66993966,0
V73L,0.38096867,0.667731679,0
V73M,0.662070329,0.711131732,0
V73N,0.635435977,0.707019581,0
V73P,-0.26735037,0.567635932,0
V73Q,0.985495716,0.76106626,0
V73R,-0.688001763,0.502690415,0
V73S,0.495030818,0.685342046,0
V73T,0.383058478,0.66805433,0
V73W,-0.69288685,0.501936194,0
V73Y,0.769375351,0.727698847,0
A74C,-0.341115505,0.556247132,0
A74D,0.598967189,0.701389066,0
A74E,0.964100626,0.757763014,0
A74F,0.821743183,0.73578406,0
A74G,0.099282347,0.624241359,0
A74H,0.08051841,0.621344343,0
A74I,1.173799215,0.790138952,1
A74K,0.812301039,0.734326261,0
A74L,-0.000703351,0.608804294,0
A74M,0.599222008,0.701428408,0
A74N,0.172068683,0.63547904,0
A74P,-0.267434174,0.567622994,0
A74Q,0.839988339,0.738600979,0
A74R,0.144681146,0.631250603,0
A74S,0.353319377,0.663462829,0
A74T,0.613282354,0.703599223,0
A74V,0.700463717,0.717059392,0
A74W,0.360832498,0.664622801,0
A74Y,0.870523508,0.743315387,0
P75A,-0.039088449,0.602877914,0
P75C,0.669367005,0.712258285,0
P75D,0.307698635,0.656419318,0
P75E,0.304806084,0.65597273,0
P75F,0.844826088,0.739347892,0
P75G,0.210218105,0.641369033,0
P75H,0.44006444,0.676855636,0
P75I,0.370217873,0.666071834,0
P75K,0.56656787,0.696386846,0
P75L,-0.402879724,0.546711185,0
P75M,0.981667366,0.760475191,0
P75N,0.583496162,0.699000452,0
P75Q,0.261688469,0.649315683,0
P75R,0.292440397,0.654063557,0
P75S,0.61298109,0.70355271,0
P75T,0.729780933,0.721585757,0
P75V,0.307592393,0.656402915,0
P75W,0.995058756,0.762542724,0
P75Y,1.079942633,0.775648178,1
A76C,-0.2851111,0.564893805,0
A76D,0.646082735,0.708663363,0
A76E,0.514452265,0.688340576,0
A76F,0.483912627,0.683625478,0
A76G,0.283563817,0.652693078,0
A76H,-0.74350547,0.494121047,0
A76I,0.716602329,0.719551076,0
A76K,0.947222664,0.755157179,0
A76L,0.457474193,0.679543576,0
A76M,0.49981392,0.686080522,0
A76N,0.30414379,0.655870476,0
A76P,0.04951062,0.616556966,0
A76Q,0.634509243,0.7068765,0
A76R,0.706536106,0.717996924,0
A76S,0.198244354,0.639520373,0
A76T,0.434689869,0.676025842,0
A76V,0.362539672,0.664886376,0
A76W,0.598066299,0.701249975,0
A76Y,-0.103005856,0.593009531,0
P77A,-0.095743459,0.594130792,0
P77C,0.375995827,0.666963908,0
P77D,0.717209313,0.71964479,0
P77E,0.407514269,0.671830127,0
P77F,0.641637149,0.707976997,0
P77G,1.302071766,0.809943301,1
P77H,0.067141151,0.619278992,0
P77I,0.647205071,0.708836644,0
P77K,0.996408848,0.762751168,0
P77L,0.492260634,0.684914349,0
P77M,0.733964515,0.722231671,0
P77N,0.823028361,0.735982482,0
P77Q,0.274866449,0.651350268,0
P77R,0.168358396,0.634906198,0
P77S,0.376562214,0.667051354,0
P77T,-0.187896583,0.57990302,0
P77V,0.894064934,0.746950012,0
P77W,0.823475042,0.736051446,0
P77Y,0.51884757,0.689019179,0
A78C,0.632689472,0.706595541,0
A78D,0.468859317,0.681301356,0
A78E,0.512460302,0.688033031,0
A78F,0.500144419,0.686131548,0
A78G,0.461795943,0.680210822,0
A78H,0.014895824,0.611212693,0
A78I,0.094788722,0.623547576,0
A78K,0.643465052,0.708259212,0
A78L,-0.251170426,0.570133998,0
A78M,0.535568965,0.691600841,0
A78N,0.396664519,0.670155004,0
A78P,0.33582854,0.660762371,0
A78Q,0.002210461,0.609254165,0
A78R,0.413965099,0.672826088,0
A78S,0.252635292,0.647917938,0
A78T,0.293291868,0.654195018,0
A78V,0.548657815,0.693621664,0
A78W,0.103179217,0.624843007,0
A78Y,1.197514836,0.793800471,1
A79C,0.606463652,0.702546465,0
A79D,0.672600619,0.712757532,0
A79E,0.908503702,0.749179253,0
A79F,0.118460057,0.627202258,0
A79G,0.570175668,0.696943864,0
A79H,0.272313633,0.650956131,0
A79I,0.305241728,0.65603999,0
A79K,0.468071527,0.681179727,0
A79L,-0.307544862,0.561430195,0
A79M,-0.12571634,0.589503197,0
A79N,0.602869219,0.701991511,0
A79P,0.454069533,0.679017921,0
A79Q,0.762599893,0.726652766,0
A79R,0.425598752,0.674622239,0
A79S,0.172610109,0.635562632,0
A79T,0.044128238,0.615725965,0
A79V,0.142759204,0.630953869,0
A79W,0.242113884,0.64629351,0
A79Y,0.053245806,0.617133651,0
P80A,0.413516265,0.672756791,0
P80C,0.804979413,0.733195855,0
P80D,0.302830159,0.655667661,0
P80E,0.541968811,0.69258893,0
P80F,0.340947888,0.661552761,0
P80G,0.441217319,0.677033633,0
P80H,0.535443699,0.691581501,0
P80I,0.056294699,0.617604378,0
P80K,0.7272038,0.721187866,0
P80L,-0.591904564,0.517527124,0
P80M,0.543414073,0.692812068,0
P80N,0.111808021,0.626175232,0
P80Q,0.382532615,0.667973141,0
P80R,0.247007894,0.647049109,0
P80S,-0.232151364,0.573070403,0
P80T,0.339453808,0.661322086,0
P80V,-0.049892241,0.601209887,0
P80W,0.275638747,0.651469505,0
P80Y,0.336500092,0.660866054,0
T81A,-0.080908804,0.596421155,0
T81C,0.492017548,0.684876819,0
T81D,0.919210472,0.7508323,0
T81E,0.432959639,0.675758707,0
T81F,0.425690211,0.67463636,0
T81G,0.151388568,0.63228618,0
T81H,-0.927362298,0.465734889,0
T81I,0.450330945,0.67844071,0
T81K,0.640164135,0.707749575,0
T81L,-0.315826703,0.560151539,0
T81M,0.481335456,0.683227581,0
T81N,0.055261673,0.617444887,0
T81P,0.343117929,0.6618878,0
T81Q,0.792631301,0.731289397,0
T81R,0.708296318,0.718268688,0
T81S,-0.417463606,0.54445954,0
T81V,0.90108849,0.748034398,0
T81W,0.406769626,0.671715159,0
T81Y,-0.212281399,0.576138181,0
P82A,-0.053761395,0.600612517,0
P82C,0.427543819,0.674922544,0
P82D,0.69345157,0.715976767,0
P82E,0.515741932,0.688539691,0
P82F,0.99094032,0.761906867,0
P82G,0.172968857,0.63561802,0
P82H,0.383135195,0.668066175,0
P82I,0.319691088,0.658270866,0
P82K,0.524772019,0.689933871,0
P82L,0.508266009,0.687385463,0
P82M,0.369705411,0.665992714,0
P82N,1.280498646,0.806612568,1
P82Q,0.490647414,0.68466528,0
P82R,-0.183669458,0.580555657,0
P82S,0.63085283,0.706311977,0
P82T,-0.116526667,0.590922016,0
P82V,0.115735142,0.626781551,0
P82W,0.778830589,0.729158667,0
P82Y,0.696557967,0.716456372,0
A83C,-0.210714413,0.576380113,0
A83D,0.521444644,0.689420148,0
A83E,0.515616483,0.688520323,0
A83F,0.566646563,0.696398996,0
A83G,-0.634092625,0.511013594,0
A83H,1.052005243,0.771334848,1
A83I,0.959015809,0.756977955,0
A83K,0.537565904,0.691909154,0
A83L,0.565448561,0.696214033,0
A83M,0.538486687,0.692051316,0
A83N,0.698113725,0.71669657,0
A83P,0.432245245,0.67564841,0
A83Q,0.480223402,0.683055888,0
A83R,-0.486528882,0.533796364,0
A83S,0.537212877,0.691854649,0
A83T,0.609712209,0.703048019,0
A83V,0.529894528,0.690724749,0
A83W,0.500023609,0.686112896,0
A83Y,1.342235885,0.816144349,1
A84C,0.483381551,0.683543483,0
A84D,0.706128835,0.717934045,0
A84E,1.125533028,0.782687003,1
A84F,1.045198778,0.770283979,1
A84G,-0.370193838,0.551757649,0
A84H,0.523143218,0.689682396,0
A84I,0.755050043,0.725487124,0
A84K,0.254094809,0.648143277,0
A84L,0.446426918,0.677837957,0
A84M,0.787998258,0.730574088,0
A84N,0.888000142,0.746013652,0
A84P,-0.425575356,0.543207145,0
A84Q,-0.094900052,0.594261008,0
A84R,0.698410051,0.716742321,0
A84S,0.534911346,0.691499309,0
A84T,0.58330731,0.698971294,0
A84V,0.787252987,0.730459024,0
A84W,0.224623719,0.643593155,0
A84Y,0.623017029,0.705102186,0
P85A,0.301128087,0.655404874,0
P85C,0.396623786,0.670148715,0
P85D,0.99910394,0.763167271,0
P85E,1.329928088,0.814244114,1
P85F,0.261477291,0.649283079,0
P85G,0.359302921,0.664386645,0
P85H,0.4690108,0.681324744,0
P85I,0.513388185,0.68817629,0
P85K,0.51135871,0.687862953,0
P85L,-0.440980308,0.540828732,0
P85M,0.588480531,0.699770002,0
P85N,0.144066967,0.631155778,0
P85Q,0.997236499,0.762878952,0
P85R,0.395881991,0.670034187,0
P85S,0.387622014,0.668758907,0
P85T,0.328121521,0.659572463,0
P85V,0.247406862,0.647110707,0
P85W,0.260547136,0.64913947,0
P85Y,-0.080064634,0.596551489,0
A86C,-0.568000379,0.521217757,0
A86D,0.606535113,0.702557498,0
A86E,0.613301917,0.703602243,0
A86F,0.460600665,0.68002628,0
A86G,0.019140465,0.611868035,0
A86H,-1.130676206,0.4343447,0
A86I,0.25924981,0.648939172,0
A86K,0.629172516,0.706052549,0
A86L,-0.245931373,0.57094287,0
A86M,-0.115863985,0.591024329,0
A86N,0.263741831,0.649632707,0
A86P,-0.154327694,0.585085812,0
A86Q,-0.303332977,0.56208048,0
A86R,-0.353560249,0.554325754,0
A86S,-0.170387466,0.5826063,0
A86T,0.316752884,0.657817229,0
A86V,0.483341015,0.683537225,0
A86W,0.75923736,0.726133615,0
A86Y,0.812845381,0.734410304,0
P87A,-0.087897813,0.595342103,0
P87C,0.29570708,0.654567909,0
P87D,0.682904673,0.714348403,0
P87E,0.362036791,0.664808735,0
P87F,0.55605476,0.694763699,0
P87G,0.522623596,0.68960217,0
P87H,-0.216124876,0.575544776,0
P87I,0.083283812,0.621771301,0
P87K,0.748885746,0.724535401,0
P87L,0.42503394,0.674535036,0
P87M,0.572336451,0.697277473,0
P87N,0.238670719,0.64576191,0
P87Q,-0.121401731,0.590169341,0
P87R,0.003412618,0.609439769,0
P87S,0.168565261,0.634938137,0
P87T,-0.505493996,0.530868288,0
P87V,0.596655347,0.701032134,0
P87W,0.008927739,0.610291264,0
P87Y,0.210401601,0.641397364,0
A88C,0.354161118,0.663592788,0
A88D,0.716823456,0.719585216,0
A88E,1.098467884,0.778508342,1
A88F,1.015350531,0.765675627,1
A88G,-0.127814915,0.589179192,0
A88H,-0.042346953,0.602374824,0
A88I,0.434414713,0.67598336,0
A88K,-0.645706968,0.509220424,0
A88L,0.64438219,0.708400812,0
A88M,-0.060056846,0.599640546,0
A88N,0.660667367,0.710915125,0
A88P,-0.592185623,0.517483731,0
A88Q,0.305356698,0.65605774,0
A88R,0.044390963,0.615766528,0
A88S,-0.53678248,0.526037573,0
A88T,0.22809738,0.644129463,0
A88V,0.610952439,0.703239501,0
A88W,0.297695885,0.654874966,0
A88Y,0.644712757,0.708451849,0
P89A,-0.157179936,0.584645447,0
P89C,0.438012567,0.676538842,0
P89D,0.469102477,0.681338898,0
P89E,1.219024259,0.79712137,1
P89F,-0.450346919,0.539382596,0
P89G,0.665872266,0.711718723,0
P89H,0.398325164,0.670411396,0
P89I,1.160235013,0.788044737,1
P89K,0.601627198,0.701799752,0
P89L,-0.054030934,0.600570903,0
P89M,-0.373158182,0.551299976,0
P89N,0.927532132,0.752117104,0
P89Q,-0.116149707,0.590980216,0
P89R,0.199221281,0.639671204,0
P89S,0.71744651,0.719681411,0
P89T,0.520413621,0.689260966,0
P89V,0.827567931,0.736683358,0
P89W,0.224100055,0.643512305,0
P89Y,1.39801906,0.824756866,1
S90A,0.196425774,0.639239598,0
S90C,0.217713683,0.642526296,0
S90D,1.230759063,0.798933138,1
S90E,0.813407276,0.734497056,0
S90F,0.162077661,0.633936499,0
S90G,0.665659481,0.711685871,0
S90H,-0.417453948,0.544461031,0
S90I,-0.00759538,0.607740215,0
S90K,-0.089245133,0.595134086,0
S90L,-0.859869221,0.476155329,0
S90M,0.698513358,0.71675827,0
S90N,1.147658303,0.786102985,1
S90P,-0.403092622,0.546678316,0
S90Q,0.183149291,0.637189805,0
S90R,0.030582662,0.613634627,0
S90T,0.195920991,0.639161663,0
S90V,0.230849865,0.644554427,0
S90W,0.855612358,0.741013214,0
S90Y,0.373104587,0.666517522,0
W91A,0.019137763,0.611867617,0
W91C,-0.078324294,0.596820184,0
W91D,1.244413586,0.801041297,1
W91E,-0.216326429,0.575513658,0
W91F,-0.181206822,0.58093587,0
W91G,-0.946965731,0.462708261,0
W91H,0.078043225,0.620962193,0
W91I,-0.426777731,0.543021507,0
W91K,0.036396119,0.614532182,0
W91L,-0.617698879,0.51354467,0
W91M,0.533738183,0.691318181,0
W91N,0.405284685,0.671485895,0
W91P,-0.616142813,0.513784915,0
W91Q,0.27162601,0.650849967,0
W91R,-0.230852195,0.573270985,0
W91S,-0.01194633,0.60706846,0
W91T,0.447668911,0.678029711,0
W91V,0.813255878,0.734473681,0
W91Y,-0.121534224,0.590148885,0
P92A,-0.928063803,0.465626582,0
P92C,0.938244215,0.753770972,0
P92D,0.937026785,0.75358301,0
P92E,0.618292708,0.704372785,0
P92F,0.604061003,0.702175513,0
P92G,0.383964864,0.66819427,0
P92H,0.503787325,0.686693987,0
P92I,0.413975655,0.672827718,0
P92K,-0.028047656,0.604582532,0
P92L,0.447975428,0.678077035,0
P92M,-0.177642747,0.581486137,0
P92N,-0.528880524,0.527257578,0
P92Q,0.348795939,0.662764443,0
P92R,0.689843754,0.715419747,0
P92S,0.368781813,0.665850117,0
P92T,0.29429662,0.654350145,0
P92V,0.632402927,0.7065513,0
P92W,0.559031732,0.695223321,0
P92Y,1.15547737,0.787310192,1
L93A,0.257436133,0.648659153,0
L93C,-0.895495468,0.470654896,0
L93D,0.69254152,0.715836262,0
L93E,0.820664991,0.735617595,0
L93F,0.594630402,0.700719497,0
L93G,-0.035174712,0.603482166,0
L93H,0.296576508,0.654702143,0
L93I,1.210894978,0.795866268,1
L93K,-0.330038328,0.557957367,0
L93M,0.48109355,0.683190233,0
L93N,1.31733934,0.812300503,1
L93P,-0.087855769,0.595348594,0
L93Q,0.59347999,0.700541882,0
L93R,0.249493901,0.647432931,0
L93S,0.492592282,0.684965553,0
L93T,0.436997896,0.676382184,0
L93V,0.116570906,0.626910586,0
L93W,1.238520627,0.800131467,1
L93Y,0.766786856,0.727299202,0
S94A,0.217989153,0.642568826,0
S94C,0.288538367,0.653461112,0
S94D,0.035518812,0.614396732,0
S94E,0.321995593,0.658626665,0
S94F,0.685129499,0.7146919,0
S94G,0.130288956,0.629028554,0
S94H,-0.518689475,0.528831002,0
S94I,-0.172191902,0.582327708,0
S94K,0.653122456,0.709750245,0
S94L,0.74378334,0.723747627,0
S94M,0.356022028,0.663880099,0
S94N,1.007211559,0.764419028,1
S94P,0.845885185,0.739511409,0
S94Q,0.010786065,0.610578176,0
S94R,0.057578401,0.617802573,0
S94T,0.341550216,0.661645756,0
S94V,-1.175560418,0.427414904,0
S94W,1.004099894,0.76393861,1
S94Y,0.183926342,0.637309776,0
S95A,0.117405133,0.627039385,0
S95C,0.757727128,0.725900446,0
S95D,1.292035393,0.808393758,1
S95E,1.073342831,0.774629216,1
S95F,0.082022923,0.621576629,0
S95G,0.610915241,0.703233758,0
S95H,-0.327658852,0.558324741,0
S95I,-0.95792763,0.461015824,0
S95K,-0.09616605,0.594065547,0
S95L,-0.839993816,0.479223947,0
S95M,0.83687068,0.738119635,0
S95N,0.738345602,0.722908079,0
S95P,0.271031075,0.650758114,0
S95Q,0.747641778,0.724343341,0
S95R,0.436261399,0.676268474,0
S95T,-0.202386025,0.577665955,0
S95V,0.715802411,0.719427575,0
S95W,-0.192530754,0.579187537,0
S95Y,0.564122148,0.696009245,0
S96A,0.66371859,0.711386211,0
S96C,0.466413204,0.680923694,0
S96D,1.229363342,0.798717649,1
S96E,0.716584387,0.719548306,0
S96F,0.146926642,0.631597291,0
S96G,1.290953429,0.80822671,1
S96H,0.321402048,0.658535026,0
S96I,0.800272217,0.732469098,0
S96K,0.555137496,0.69462208,0
S96L,-1.237636797,0.417830762,0
S96M,0.902639027,0.74827379,0
S96N,1.004191737,0.76395279,1
S96P,0.501851197,0.686395062,0
S96Q,0.962919259,0.757580619,0
S96R,0.290113205,0.653704256,0
S96T,0.420079256,0.673770069,0
S96V,0.330145027,0.659884878,0
S96W,0.866392023,0.742677516,0
S96Y,0.580840999,0.698590514,0
V97A,0.416050012,0.673147983,0
V97C,-0.878208787,0.473323834,0
V97D,0.200785875,0.639912765,0
V97E,0.410522319,0.672294548,0
V97F,0.348441308,0.662709691,0
V97G,0.764082779,0.726881712,0
V97H,1.549828548,0.848195147,1
V97I,0.593228158,0.700503001,0
V97K,-0.033028097,0.603813588,0
V97L,0.395056536,0.669906743,0
V97M,0.157066781,0.633162855,0
V97N,0.888913228,0.746154626,0
V97P,-0.679166481,0.504054519,0
V97Q,1.080562221,0.775743837,1
V97R,0.57743042,0.698063945,0
V97S,-0.86418991,0.475488246,0
V97T,-0.262904075,0.568322408,0
V97W,0.880037672,0.744784305,0
V97Y,0.438604147,0.676630178,0
P98A,0.73316954,0.722108933,0
P98C,0.179774128,0.636668704,0
P98D,0.436288105,0.676272598,0
P98E,0.383524648,0.668126304,0
P98F,0.538646217,0.692075946,0
P98G,-0.038356022,0.602990995,0
P98H,0.510703879,0.687761852,0
P98I,0.195582795,0.639109448,0
P98K,-0.099561376,0.593541333,0
P98L,0.002679522,0.609326585,0
P98M,0.391826657,0.669408073,0
P98N,1.255299231,0.802721961,1
P98Q,0.943717979,0.754616081,0
P98R,-0.150837123,0.585624731,0
P98S,0.379714642,0.667538066,0
P98T,0.559834615,0.695347281,0
P98V,1.202423698,0.794558364,1
P98W,0.882783055,0.745208172,0
P98Y,1.764176168,0.881288861,1
S99A,0.235244552,0.645232935,0
S99C,0.579930923,0.698450005,0
S99D,0.109295932,0.625787383,0
S99E,0.958380103,0.756879807,0
S99F,0.289342976,0.653585338,0
S99G,1.032265644,0.768287197,1
S99H,1.229701409,0.798769844,1
S99I,0.48060009,0.683114046,0
S99K,0.253543641,0.648058181,0
S99L,-0.260026889,0.568766625,0
S99M,0.555989239,0.694753583,0
S99N,-0.068748343,0.598298642,0
S99P,-0.044203973,0.602088114,0
S99Q,0.770498053,0.727872184,0
S99R,0.681792104,0.71417663,0
S99T,0.399933521,0.670659714,0
S99V,0.43573282,0.676186866,0
S99W,1.225791438,0.798166173,1
S99Y,0.754461369,0.725396237,0
Q100A,-0.257337335,0.569181872,0
Q100C,0.578031456,0.698156741,0
Q100D,0.742574801,0.723561037,0
Q100E,0.368769189,0.665848168,0
Q100F,0.828950992,0.736896893,0
Q100G,0.428946978,0.675139181,0
Q100H,0.694395759,0.716122543,0
Q100I,0.252114528,0.647837536,0
Q100K,0.600151484,0.701571912,0
Q100L,0.485208731,0.683825587,0
Q100M,0.178048407,0.636402266,0
Q100N,1.304410144,0.810304329,1
Q100P,0.116975557,0.626973062,0
Q100R,-0.038916294,0.602904493,0
Q100S,0.954850809,0.756334909,0
Q100T,0.405630324,0.671539259,0
Q100V,0.826994286,0.736594792,0
Q100W,0.592447968,0.700382545,0
Q100Y,1.040558057,0.769567485,1
K101A,0.151495075,0.632302624,0
K101C,1.132830543,0.783813686,1
K101D,0.326265316,0.659285879,0
K101E,-0.383085026,0.549767343,0
K101F,-0.009554692,0.607437711,0
K101G,-0.349539822,0.554946479,0
K101H,0.207986027,0.641024417,0
K101I,0.583513354,0.699003106,0
K101L,0.478900569,0.682851652,0
K101M,0.87417418,0.743879024,0
K101N,0.550652583,0.693929642,0
K101P,0.619757414,0.704598925,0
K101Q,0.322534215,0.658709824,0
K101R,-0.353456017,0.554341847,0
K101S,0.599749806,0.701509896,0
K101T,0.827234699,0.73663191,0
K101V,0.291815032,0.653967006,0
K101W,0.872680752,0.74364845,0
K101Y,0.873818032,0.743824038,0
T102A,-0.099292569,0.593582835,0
T102C,1.334269693,0.814914427,1
T102D,-0.100432515,0.593406836,0
T102E,0.901530912,0.748102705,0
T102F,1.163997051,0.788625569,1
T102G,0.805986355,0.73335132,0
T102H,0.391922017,0.669422796,0
T102I,0.852673332,0.74055945,0
T102K,-0.177086641,0.581571996,0
T102L,0.332791687,0.660293503,0
T102M,0.303275791,0.655736463,0
T102N,0.323447947,0.658850898,0
T102P,0.408718912,0.672016115,0
T102Q,0.968780791,0.758485597,0
T102R,0.02028224,0.612044316,0
T102S,0.184679318,0.63742603,0
T102V,0.112440659,0.626272906,0
T102W,0.739693175,0.723116135,0
T102Y,0.479630762,0.682964389,0
Y103A,0.819986191,0.735512793,0
Y103C,0.140202512,0.630559135,0
Y103D,0.564161823,0.69601537,0
Y103E,0.503333601,0.686623935,0
Y103F,0.917148968,0.750514019,0
Y103G,-0.11113408,0.591754592,0
Y103H,0.498559387,0.685886831,0
Y103I,0.065464663,0.619020154,0
Y103K,0.488829056,0.684384539,0
Y103L,-0.8631929,0.475642178,0
Y103M,-0.385633747,0.549373839,0
Y103N,0.306779494,0.65627741,0
Y103P,-1.025907624,0.450520207,0
Y103Q,0.750811705,0.724832755,0
Y103R,0.92961044,0.75243798,0
Y103S,0.395943279,0.67004365,0
Y103T,-0.708735612,0.49948926,0
Y103V,0.55403403,0.694451713,0
Y103W,-0.627531841,0.512026532,0
Q104A,0.387462787,0.668734324,0
Q104C,1.090645932,0.777300689,1
Q104D,0.253646493,0.648074061,0
Q104E,0.739792243,0.72313143,0
Q104F,0.908912689,0.749242398,0
Q104G,0.166957046,0.63468984,0
Q104H,0.691402171,0.715660355,0
Q104I,0.796349557,0.731863468,0
Q104K,0.542043471,0.692600457,0
Q104L,0.678027342,0.713595378,0
Q104M,0.731021376,0.721777272,0
Q104N,1.812905586,0.888812329,1
Q104P,-0.050899775,0.601054331,0
Q104R,-0.097332708,0.593885423,0
Q104S,0.116140486,0.626844133,0
Q104T,0.743376499,0.723684813,0
Q104V,0.382781981,0.668011641,0
Q104W,1.173278705,0.790058589,1
Q104Y,1.830376173,0.891509661,1
G105A,-0.801246056,0.48520632,0
G105C,-0.084749791,0.595828134,0
G105D,-0.294065408,0.563511325,0
G105E,-1.413601157,0.390663144,0
G105F,-1.661398774,0.352404993,0
G105H,-1.803854678,0.330410837,0
G105I,-1.407632358,0.391584683,0
G105K,-2.535492266,0.217451313,0
G105L,-1.929599738,0.310996714,0
G105M,-1.014839241,0.452229085,0
G105N,0.22142345,0.643099057,0
G105P,-1.574919677,0.365756737,0
G105Q,-1.313605848,0.406101693,0
G105R,-1.087422076,0.441022823,0
G105S,0.014440428,0.611142383,0
G105T,-0.053703822,0.600621406,0
G105V,0.162386568,0.633984192,0
G105W,-1.895971733,0.316188634,0
G105Y,-2.854035604,0.168270537,0
S106A,-0.469341778,0.536449928,0
S106C,0.750504869,0.724785382,0
S106D,-0.211769894,0.576217154,0
S106E,-0.138312127,0.587558499,0
S106F,0.423473993,0.674294192,0
S106G,0.324756502,0.659052929,0
S106H,-0.452979331,0.53897617,0
S106I,0.381148404,0.667759429,0
S106K,-0.408940705,0.545775414,0
S106L,0.694004053,0.716062067,0
S106M,1.012923331,0.765300885,1
S106N,0.687812206,0.71510609,0
S106P,-0.199685998,0.57808282,0
S106Q,-0.961104789,0.460525294,0
S106R,0.757731756,0.725901161,0
S106T,0.131352955,0.629192827,0
S106V,0.675266446,0.713169116,0
S106W,0.46801426,0.681170885,0
S106Y,-0.060901375,0.599510156,0
Y107A,-0.810479647,0.483780721,0
Y107C,-0.272863871,0.566784688,0
Y107D,-0.453581108,0.53888326,0
Y107E,-1.012276407,0.452624768,0
Y107F,0.5135398,0.688199698,0
Y107G,-1.740571328,0.340181327,0
Y107H,0.545369306,0.693113942,0
Y107I,0.920397441,0.75101556,0
Y107K,-0.468912682,0.536516177,0
Y107L,-0.370458877,0.551716729,0
Y107M,-0.314617981,0.560338157,0
Y107N,-0.02818429,0.604561437,0
Y107P,-1.438948135,0.386749755,0
Y107Q,-2.343724942,0.247058793,0
Y107R,-1.743591566,0.339715024,0
Y107S,0.086359651,0.622246188,0
Y107T,-0.142471603,0.586916306,0
Y107V,0.577135531,0.698018416,0
Y107W,0.888049436,0.746021263,0
G108A,1.028023785,0.767632285,1
G108C,0.577200395,0.698028431,0
G108D,0.267451882,0.650205512,0
G108E,-0.384254974,0.549586711,0
G108F,0.976231438,0.759635923,0
G108H,0.896160357,0.74727353,0
G108I,0.936864767,0.753557995,0
G108K,0.614701117,0.70381827,0
G108L,-0.577108864,0.519811473,0
G108M,0.586486391,0.699462121,0
G108N,0.467886862,0.681151216,0
G108P,-1.832902605,0.325926049,0
G108Q,1.154206258,0.787113941,1
G108R,-0.70495679,0.500072683,0
G108S,0.426762309,0.674801884,0
G108T,0.26083723,0.649184258,0
G108V,0.558325586,0.695114298,0
G108W,-1.195616637,0.424318369,0
G108Y,0.106952974,0.625425648,0
F109A,-1.843478806,0.32429316,0
F109C,-1.098630902,0.439292262,0
F109D,-2.998811418,0.145918204,0
F109E,-2.060143049,0.290841776,0
F109G,-0.733053524,0.495734751,0
F109H,-1.962690779,0.305887698,0
F109I,-0.576566213,0.519895254,0
F109K,-2.40932615,0.236930444,0
F109L,0.321614155,0.658567773,0
F109M,0.794920364,0.731642811,0
F109N,-2.088902512,0.286401524,0
F109P,-1.399307517,0.392869978,0
F109Q,-1.179688744,0.42677752,0
F109R,-2.589738371,0.209076108,0
F109S,-0.726199083,0.496793027,0
F109T,-2.8947538,0.161983944,0
F109V,-0.971239926,0.458960502,0
F109W,-0.832218759,0.48042436,0
F109Y,-0.668905203,0.505638785,0
R110A,0.18786579,0.637917998,0
R110C,0.323767765,0.658900275,0
R110D,-1.473060829,0.381483003,0
R110E,0.237716901,0.645614647,0
R110F,-0.920268006,0.466830196,0
R110G,-0.291531286,0.563902575,0
R110H,0.513217906,0.68815,0
R110I,-1.361678095,0.398679687,0
R110K,0.164815564,0.634359211,0
R110L,0.02162052,0.612250937,0
R110M,0.625967899,0.705557779,0
R110N,0.705612148,0.717854272,0
R110P,-1.520804158,0.37411178,0
R110Q,1.233471807,0.799351966,1
R110S,0.465153655,0.680729229,0
R110T,0.099471906,0.624270625,0
R110V,-1.110526145,0.437455723,0
R110W,-2.151663225,0.276711726,0
R110Y,-0.055540252,0.600337875,0
L111A,-1.490653414,0.378766836,0
L111C,-0.289522153,0.56421277,0
L111D,-1.790330664,0.332498847,0
L111E,-1.307413401,0.407057762,0
L111F,-2.600631169,0.20739434,0
L111G,-3.010790383,0.144068739,0
L111H,-1.33892904,0.402191976,0
L111I,0.630266864,0.706221508,0
L111K,-0.771707378,0.489766877,0
L111M,0.114473939,0.62658683,0
L111N,-1.33803294,0.402330327,0
L111P,-0.663917079,0.506408916,0
L111Q,-1.091156389,0.440446272,0
L111R,-1.14526385,0.432092473,0
L111S,-1.750175064,0.33869858,0
L111T,-0.804187422,0.484752194,0
L111V,0.861037879,0.741850875,0
L111W,-1.695765646,0.347098998,0
L111Y,-1.253471562,0.415385989,0
G112A,0.039279193,0.614977308,0
G112C,0.641598457,0.707971023,0
G112D,0.454156825,0.679031398,0
G112E,0.902930567,0.748318801,0
G112F,-0.118949264,0.590547984,0
G112H,-0.099777512,0.593507964,0
G112I,-0.810156697,0.483830582,0
G112K,0.840726303,0.738714915,0
G112L,-0.268464258,0.567463956,0
G112M,-0.27939922,0.565775678,0
G112N,1.152055353,0.786781857,1
G112P,-1.998282167,0.300392647,0
G112Q,1.098652618,0.778536863,1
G112R,0.556802486,0.694879142,0
G112S,0.582397884,0.698830885,0
G112T,0.390266674,0.669167223,0
G112V,0.466802834,0.68098385,0
G112W,-1.834856552,0.325624373,0
G112Y,0.069168177,0.61959195,0
F113A,-1.549532203,0.369676379,0
F113C,-1.203303908,0.42313151,0
F113D,-2.525505223,0.21899324,0
F113E,-1.6590743,0.352763875,0
F113G,-2.341936677,0.247334889,0
F113H,0.422797818,0.674189795,0
F113I,0.071200031,0.619905653,0
F113K,-1.362298938,0.398583834,0
F113L,0.269896047,0.650582874,0
F113M,-0.424539042,0.543367144,0
F113N,-1.143398607,0.432380453,0
F113P,-1.012265858,0.452626397,0
F113Q,-1.253414826,0.415394749,0
F113R,-1.870968841,0.320048899,0
F113S,-0.732208243,0.495865256,0
F113T,-1.321417872,0.404895573,0
F113V,-0.844281856,0.478561905,0
F113W,0.244621382,0.646680649,0
F113Y,0.72972158,0.721576593,0
L114A,1.901524915,0.902494509,1
L114C,-0.363034821,0.552862949,0
L114D,0.797224796,0.731998599,0
L114E,1.052818182,0.77146036,1
L114F,0.201254439,0.639985108,0
L114G,1.361116703,0.81905941,1
L114H,1.672785205,0.867178761,1
L114I,0.467524525,0.681095274,0
L114K,0.67831328,0.713639525,0
L114M,0.512513721,0.688041279,0
L114N,-0.318389744,0.559755824,0
L114P,0.300701559,0.655339021,0
L114Q,0.743308807,0.723674362,0
L114R,0.848490015,0.739913576,0
L114S,0.443095024,0.677323537,0
L114T,0.203905816,0.640394462,0
L114V,0.656087188,0.710207978,0
L114W,0.395371881,0.66995543,0
L114Y,1.142414707,0.785293412,1
H115A,-0.860069854,0.476124353,0
H115C,0.525346652,0.69002259,0
H115D,0.621123906,0.704809902,0
H115E,1.196018741,0.793569485,1
H115F,0.164016918,0.634235906,0
H115G,0.204415427,0.640473142,0
H115I,-1.268287819,0.413098467,0
H115K,0.996931696,0.762831892,0
H115L,0.235610288,0.645289402,0
H115M,0.869998669,0.743234356,0
H115N,0.528652221,0.690532946,0
H115P,0.268581817,0.650379966,0
H115Q,0.475444382,0.682318042,0
H115R,0.60947592,0.703011537,0
H115S,-0.40004762,0.547148442,0
H115T,-0.260212923,0.568737902,0
H115V,0.833355256,0.737576879,0
H115W,0.69440334,0.716123714,0
H115Y,0.816226599,0.734932339,0
S116A,-0.001943198,0.60861287,0
S116C,0.67604595,0.713289466,0
S116D,0.565020669,0.69614797,0
S116E,0.742645453,0.723571945,0
S116F,-0.521812437,0.528348839,0
S116G,0.591244383,0.700196721,0
S116H,0.946675479,0.755072698,0
S116I,-0.054896027,0.600437339,0
S116K,0.339021777,0.661255384,0
S116L,-1.031802903,0.449610019,0
S116M,-1.780853169,0.333962103,0
S116N,0.345143547,0.662200541,0
S116P,0.687645769,0.715080394,0
S116Q,0.098680902,0.6241485,0
S116R,-0.564865529,0.521701755,0
S116T,0.719085974,0.719934533,0
S116V,-1.070826225,0.443585102,0
S116W,0.328348112,0.659607447,0
S116Y,0.578014776,0.698154165,0
G117A,-0.159462321,0.584293063,0
G117C,0.938731432,0.753846195,0
G117D,0.353290517,0.663458373,0
G117E,0.143782274,0.631111824,0
G117F,0.97141259,0.758891928,0
G117H,0.424071794,0.674386488,0
G117I,0.452589156,0.678789361,0
G117K,-0.453899055,0.538834172,0
G117L,-0.102465274,0.593092993,0
G117M,0.641330144,0.707929598,0
G117N,1.448809562,0.83259855,1
G117P,0.801358479,0.732636809,0
G117Q,0.630470847,0.706253001,0
G117R,-0.05098387,0.601041347,0
G117S,0.239999834,0.645967116,0
G117T,0.173418326,0.635687415,0
G117V,0.501626476,0.686360367,0
G117W,0.009631787,0.610399964,0
G117Y,0.07494974,0.620484581,0
T118A,0.368266577,0.665770568,0
T118C,0.300253004,0.655269767,0
T118D,-1.225967064,0.419632484,0
T118E,-0.462717198,0.537472715,0
T118F,0.27848506,0.651908955,0
T118G,-0.554538884,0.523296114,0
T118H,-1.22765149,0.419372421,0
T118I,0.373000483,0.666501449,0
T118K,0.447703824,0.678035102,0
T118L,-0.150792856,0.585631565,0
T118M,0.386235291,0.668544807,0
T118N,0.14656793,0.631541909,0
T118P,0.850525149,0.740227786,0
T118Q,0.167549288,0.634781278,0
T118R,0.464427226,0.680617073,0
T118S,0.184146069,0.6373437,0
T118V,0.256888776,0.648574645,0
T118W,1.176175617,0.790505851,1
T118Y,0.223987755,0.643494967,0
A119C,0.815173318,0.73476972,0
A119D,0.464727552,0.680663442,0
A119E,2.533066897,1,1
A119F,0.421695086,0.674019542,0
A119G,0.49377626,0.685148351,0
A119H,0.324720593,0.659047385,0
A119I,0.829638435,0.737003029,0
A119K,0.484243809,0.68367661,0
A119L,1.226830619,0.798326615,1
A119M,-0.308366778,0.561303297,0
A119N,0.524104291,0.689830778,0
A119P,-0.004556817,0.608209347,0
A119Q,-0.019726689,0.605867229,0
A119R,0.98904043,0.761613538,0
A119S,-0.028738871,0.604475813,0
A119T,0.446450549,0.677841605,0
A119V,0.804153474,0.733068336,0
A119W,1.335483713,0.815101863,1
A119Y,0.763378241,0.726772937,0
K120A,-0.718933019,0.497914854,0
K120C,0.503713019,0.686682514,0
K120D,-3.624907664,0.049253495,0
K120E,-0.474152624,0.535707168,0
K120F,-0.639938814,0.510110985,0
K120G,-0.18474195,0.580390072,0
K120H,0.459841261,0.679909034,0
K120I,-1.153696675,0.430790507,0
K120L,-0.064891749,0.598894072,0
K120M,-0.075121295,0.597314704,0
K120N,0.333396616,0.6603869,0
K120P,-1.434566561,0.387426238,0
K120Q,-0.565439617,0.52161312,0
K120R,0.38850891,0.668895837,0
K120S,-0.305207115,0.561791126,0
K120T,0.079572454,0.621198294,0
K120V,0.687127819,0.715000426,0
K120W,-0.222221307,0.574603532,0
K120Y,-0.215728071,0.57560604,0
S121A,-0.411885959,0.545320688,0
S121C,-0.036700929,0.603246529,0
S121D,-2.090429201,0.286165814,0
S121E,-1.180464332,0.426657775,0
S121F,-0.446357819,0.539998484,0
S121G,0.121763578,0.627712297,0
S121H,-0.194359991,0.578905116,0
S121I,-1.445729985,0.385702687,0
S121K,1.544723528,0.847406969,1
S121L,-1.217325642,0.420966657,0
S121M,-1.745276318,0.33945491,0
S121N,0.676203536,0.713313796,0
S121P,0.091323645,0.623012593,0
S121Q,1.376810837,0.82148247,1
S121R,-0.025280816,0.605009712,0
S121T,-0.040372089,0.602679729,0
S121V,-0.939521891,0.463857536,0
S121W,-0.807212619,0.484285126,0
S121Y,0.327733719,0.65951259,0
V122A,0.202401067,0.640162139,0
V122C,-0.485806497,0.533907895,0
V122D,0.254967325,0.648277987,0
V122E,0.598374232,0.701297517,0
V122F,-0.028280221,0.604546625,0
V122G,-0.614833736,0.513987027,0
V122H,0.481377194,0.683234025,0
V122I,0.471208067,0.681663986,0
V122K,0.233155477,0.644910397,0
V122L,0.239864763,0.645946262,0
V122M,0.576785631,0.697964394,0
V122N,-0.457370294,0.538298238,0
V122P,-0.864505452,0.475439529,0
V122Q,0.402877154,0.67111419,0
V122R,0.029902532,0.61352962,0
V122S,0.424771857,0.674494573,0
V122T,-0.481191285,0.53462045,0
V122W,0.362374102,0.664860813,0
V122Y,0.380958706,0.667730141,0
T123A,-0.275215498,0.566421614,0
T123C,-0.100492468,0.59339758,0
T123D,-0.648020249,0.508863271,0
T123E,-0.000815327,0.608787005,0
T123F,0.681048565,0.714061833,0
T123G,-0.108327045,0.592187978,0
T123H,-0.590411044,0.517757713,0
T123I,0.083028271,0.621731847,0
T123K,0.161203041,0.633801464,0
T123L,-0.008018947,0.607674819,0
T123M,0.744365821,0.723837557,0
T123N,0.375828328,0.666938048,0
T123P,-0.624359582,0.512516306,0
T123Q,0.135228688,0.629791212,0
T123R,-0.630351401,0.511591212,0
T123S,0.423165912,0.674246626,0
T123V,-0.028352134,0.604535523,0
T123W,0.142092615,0.630850953,0
T123Y,0.435040006,0.6760799,0
C124A,-0.677195701,0.504358793,0
C124D,-1.275283082,0.412018449,0
C124E,-1.313947618,0.406048926,0
C124F,0.01237097,0.610822874,0
C124G,-1.002882508,0.454075118,0
C124H,0.419256412,0.673643028,0
C124I,-1.407368086,0.391625485,0
C124K,-1.94517715,0.308591675,0
C124L,-1.338748386,0.402219868,0
C124M,0.018481824,0.611766345,0
C124N,0.216862394,0.642394863,0
C124P,-1.5728327,0.366078951,0
C124Q,0.300286553,0.655274947,0
C124R,-0.908172119,0.468697713,0
C124S,0.017753384,0.611653879,0
C124T,0.402424481,0.6710443,0
C124V,0.512721681,0.688073386,0
C124W,0.150577382,0.632160939,0
C124Y,0.409876712,0.672194871,0
T125A,0.141696083,0.630789731,0
T125C,-0.144538115,0.586597252,0
T125D,-0.947088424,0.462689319,0
T125E,-0.125360008,0.589558212,0
T125F,-1.798942994,0.331169166,0
T125G,-1.619031546,0.358946185,0
T125H,-0.519356417,0.528728031,0
T125I,0.376749228,0.667080228,0
T125K,-0.331624577,0.557712462,0
T125L,0.217502589,0.642493705,0
T125M,0.267164197,0.650161096,0
T125N,-0.405246279,0.546345807,0
T125P,-1.190161552,0.425160595,0
T125Q,-0.67164104,0.505216392,0
T125R,-1.775238746,0.334828929,0
T125S,0.257486387,0.648666912,0
T125V,-0.096344146,0.59403805,0
T125W,-1.781952566,0.333792364,0
T125Y,-1.608217825,0.360615745,0
Y126A,-1.357564102,0.399314858,0
Y126C,-1.212197001,0.421758482,0
Y126D,-1.036175747,0.448934883,0
Y126E,-2.216647693,0.266678597,0
Y126F,-0.190385691,0.579518719,0
Y126G,-1.221117389,0.420381238,0
Y126H,-0.762308559,0.491217986,0
Y126I,-1.406293024,0.391791467,0
Y126K,-1.967641492,0.305123344,0
Y126L,-1.516075486,0.374841853,0
Y126M,-1.291122337,0.409572983,0
Y126N,-0.566841536,0.521396674,0
Y126P,-2.380533388,0.241375837,0
Y126Q,-1.562976698,0.367600646,0
Y126R,-1.855230556,0.322478775,0
Y126S,-1.225385652,0.41972225,0
Y126T,-1.640296728,0.355662996,0
Y126V,-1.773810228,0.335049482,0
Y126W,0.40013245,0.670690427,0
S127A,0.457607247,0.679564118,0
S127C,-0.797275466,0.48581935,0
S127D,-1.782014206,0.333782848,0
S127E,-1.945004437,0.308618341,0
S127F,-1.274568599,0.41212876,0
S127G,-2.30987943,0.252284294,0
S127H,-1.69371087,0.347416241,0
S127I,-2.447104497,0.231097742,0
S127K,-1.550297505,0.369558222,0
S127L,-1.75478929,0.337986177,0
S127M,-2.150464518,0.276896798,0
S127N,-1.390493949,0.394230729,0
S127P,-1.161141424,0.429641091,0
S127Q,-1.418132613,0.38996352,0
S127R,-1.911772556,0.313749102,0
S127T,-1.22216033,0.420220216,0
S127V,-1.345292955,0.401209434,0
S127W,-1.272322061,0.412475609,0
S127Y,-0.200236293,0.577997858,0
P128A,-0.045470531,0.601892567,0
P128C,-0.019959331,0.60583131,0
P128D,0.58759798,0.699633742,0
P128E,0.626148186,0.705585614,0
P128F,0.044463534,0.615777732,0
P128G,0.212797193,0.641767226,0
P128H,0.465238513,0.68074233,0
P128I,0.79825173,0.73215715,0
P128K,0.738492765,0.7229308,0
P128L,-0.572307907,0.520552706,0
P128M,0.657265695,0.710389931,0
P128N,1.192703094,0.793057573,1
P128Q,0.518304337,0.688935308,0
P128R,0.207792245,0.640994498,0
P128S,0.146086454,0.631467572,0
P128T,0.46311568,0.68041458,0
P128V,-0.259534828,0.568842595,0
P128W,-0.019512531,0.605900293,0
P128Y,0.645404107,0.708558588,0
A129C,-0.687581849,0.502755247,0
A129D,0.477053163,0.682566426,0
A129E,-0.121911549,0.590090629,0
A129F,-0.143250207,0.586796095,0
A129G,0.355438905,0.663790069,0
A129H,0.812191255,0.734309311,0
A129I,0.41916721,0.673629256,0
A129K,0.855916642,0.741060193,0
A129L,0.073937222,0.620328256,0
A129M,0.071975683,0.620025408,0
A129N,0.607920893,0.702771452,0
A129P,-1.099783061,0.439114377,0
A129Q,0.199465411,0.639708895,0
A129R,0.345416361,0.662242661,0
A129S,-0.04585065,0.601833879,0
A129T,0.57322745,0.697415037,0
A129V,0.484207525,0.683671008,0
A129W,0.234548551,0.645125477,0
A129Y,0.150975024,0.632222332,0
L130A,-0.894247497,0.470847573,0
L130C,-1.282972249,0.410831298,0
L130D,-1.609000235,0.360494947,0
L130E,-1.757363261,0.337588774,0
L130F,-0.747267979,0.493540143,0
L130G,-1.691473598,0.347761659,0
L130H,-0.532283235,0.526732224,0
L130I,0.345197716,0.662208904,0
L130K,-0.945238946,0.462974864,0
L130M,0.683855924,0.714495269,0
L130N,-1.96638112,0.305317936,0
L130P,-1.261409831,0.414160378,0
L130Q,-1.794515298,0.33185277,0
L130R,-1.36154721,0.398699895,0
L130S,-1.812602138,0.329060293,0
L130T,-1.904361751,0.314893276,0
L130V,-1.754842073,0.337978027,0
L130W,-2.173073331,0.273406162,0
L130Y,-2.388336066,0.24017116,0
N131A,-0.776430182,0.48903771,0
N131C,-0.373346587,0.551270887,0
N131D,0.377723499,0.667230648,0
N131E,-0.561706871,0.522189429,0
N131F,-1.530688916,0.372585645,0
N131G,1.002554439,0.763700003,1
N131H,-0.05954109,0.599720175,0
N131I,-1.138372926,0.433156382,0
N131K,0.484355607,0.683693871,0
N131L,-1.504588172,0.37661541,0
N131M,-1.083599924,0.441612935,0
N131P,-1.44386728,0.385990275,0
N131Q,-0.361086242,0.553163795,0
N131R,0.266998383,0.650135495,0
N131S,0.257803823,0.648715922,0
N131T,-1.30709851,0.407106378,0
N131V,-1.738211245,0.340545706,0
N131W,-1.840141855,0.324808361,0
N131Y,-0.859618249,0.476194078,0
K132A,-2.018359566,0.297292842,0
K132C,-1.630140847,0.35723099,0
K132D,-1.555965099,0.368683186,0
K132E,-0.507029011,0.530631293,0
K132F,-2.144363856,0.277838696,0
K132G,-1.660439976,0.352553025,0
K132H,-2.122810018,0.281166452,0
K132I,-1.950090735,0.307833053,0
K132L,-1.415368877,0.390390221,0
K132M,-0.716372582,0.498310167,0
K132N,-0.582516621,0.518976555,0
K132P,-1.227035818,0.419467476,0
K132Q,-1.41757777,0.390049184,0
K132R,-1.199130023,0.423775928,0
K132S,-1.926629875,0.31145524,0
K132T,-1.701417944,0.346226324,0
K132V,-1.354917358,0.399723496,0
K132W,-1.443877756,0.385988657,0
K132Y,-2.099114686,0.284824839,0
M133A,0.265261668,0.649867359,0
M133C,-0.811582768,0.483610407,0
M133D,-1.721564724,0.343115808,0
M133E,-1.95735244,0.306711899,0
M133F,-0.633591945,0.511090896,0
M133G,-2.078121671,0.288066008,0
M133H,-1.929102095,0.311073547,0
M133I,0.486337682,0.683999889,0
M133K,-0.693705978,0.501809726,0
M133L,0.573844205,0.69751026,0
M133N,-1.674946161,0.350313375,0
M133P,-1.794634677,0.331834339,0
M133Q,-2.047514716,0.292791499,0
M133R,-1.097452726,0.439474163,0
M133S,-1.928552581,0.311158388,0
M133T,-0.605099693,0.515489892,0
M133V,0.487878392,0.684237763,0
M133W,-1.743908317,0.33966612,0
M133Y,0.296904109,0.654752722,0
F134A,-1.920631448,0.312381353,0
F134C,-1.006369558,0.453536742,0
F134D,-2.417358228,0.235690349,0
F134E,-1.752108235,0.338400112,0
F134G,-1.533742168,0.372114245,0
F134H,-1.91947544,0.312559832,0
F134I,-1.075165787,0.442915105,0
F134K,-1.983794924,0.302629372,0
F134L,-0.79727195,0.485819893,0
F134M,-1.99702187,0.300587227,0
F134N,-1.919724947,0.31252131,0
F134P,-1.775785513,0.334744512,0
F134Q,-1.626260054,0.357830156,0
F134R,-1.760763042,0.337063873,0
F134S,-1.128709643,0.434648323,0
F134T,-2.685179731,0.194340656,0
F134V,-1.338555693,0.402249618,0
F134W,-0.583165927,0.518876306,0
F134Y,0.69481282,0.716186934,0
C135A,-0.432317585,0.542166194,0
C135D,-1.865124589,0.320951209,0
C135E,-1.068744256,0.443906542,0
C135F,-0.488730746,0.533456412,0
C135G,-1.515428228,0.374941784,0
C135H,-2.002551024,0.299733566,0
C135I,0.985011766,0.760991542,0
C135K,-1.139901558,0.432920372,0
C135L,-0.884217924,0.472396067,0
C135M,-1.527232168,0.373119342,0
C135N,-1.625528366,0.357943124,0
C135P,-2.071609971,0.289071367,0
C135Q,-1.34775254,0.400829692,0
C135R,-0.505985891,0.530792343,0
C135S,-0.975826873,0.458252311,0
C135T,0.632670654,0.706592636,0
C135V,0.57649751,0.697919911,0
C135W,-1.022339538,0.451071094,0
C135Y,-0.812133407,0.483525392,0
Q136A,0.886210141,0.745737289,0
Q136C,1.157702481,0.787653733,1
Q136D,-1.459092158,0.383639664,0
Q136E,-1.315933151,0.405742374,0
Q136F,-0.894107502,0.470869188,0
Q136G,0.799575066,0.732361463,0
Q136H,0.214550516,0.642037926,0
Q136I,0.74787726,0.724379698,0
Q136K,0.510702251,0.687761601,0
Q136L,0.82293712,0.735968395,0
Q136M,1.545121082,0.847468348,1
Q136N,-0.651438727,0.508335482,0
Q136P,-1.379482279,0.395930851,0
Q136R,0.064447144,0.618863057,0
Q136S,1.298684717,0.809420365,1
Q136T,0.831956341,0.737360897,0
Q136V,0.50426128,0.686767162,0
Q136W,-2.104663269,0.283968178,0
Q136Y,-0.107130903,0.592372653,0
L137A,0.22288868,0.643325278,0
L137C,0.495778471,0.685457478,0
L137D,-1.752397266,0.338355488,0
L137E,-2.408497762,0.237058341,0
L137F,0.746578701,0.72417921,0
L137G,-1.3931061,0.393827432,0
L137H,0.747492251,0.724320255,0
L137I,1.132270786,0.783727264,1
L137K,-0.059778997,0.599683443,0
L137M,0.459889457,0.679916475,0
L137N,1.057799014,0.772229364,1
L137P,0.660581294,0.710901836,0
L137Q,0.742217241,0.723505832,0
L137R,0.503091385,0.686586538,0
L137S,0.903950153,0.748476218,0
L137T,-0.221100476,0.57477658,0
L137V,0.72715823,0.72118083,0
L137W,-0.836472623,0.479767594,0
L137Y,0.974073,0.759302676,0
A138C,-0.045176588,0.601937949,0
A138D,0.635051737,0.706960258,0
A138E,0.635548562,0.707036964,0
A138F,0.880679815,0.744883447,0
A138G,-1.166746756,0.428775669,0
A138H,0.298109161,0.654938773,0
A138I,-1.713782063,0.344317394,0
A138K,-0.161597341,0.583963431,0
A138L,-1.398514365,0.392992435,0
A138M,0.702199132,0.717327327,0
A138N,0.401828678,0.670952313,0
A138P,-1.471983169,0.381649386,0
A138Q,0.441816411,0.677126128,0
A138R,0.281496605,0.652373915,0
A138S,0.187929272,0.637927799,0
A138T,0.570404528,0.696979198,0
A138V,-0.446004326,0.54005306,0
A138W,0.322864239,0.658760777,0
A138Y,0.815892093,0.734880694,0
K139A,0.245187455,0.646768047,0
K139C,0.155070779,0.632854687,0
K139D,-1.556758602,0.368560675,0
K139E,-0.016019955,0.606439521,0
K139F,-1.505263022,0.376511218,0
K139G,-0.128490384,0.589074905,0
K139H,0.0985703,0.624131424,0
K139I,-0.021687948,0.605564425,0
K139L,-1.911570634,0.313780277,0
K139M,0.461986511,0.680240245,0
K139N,0.0787475,0.621070928,0
K139P,-1.911733918,0.313755067,0
K139Q,-0.462152368,0.53755992,0
K139R,-0.457868612,0.538221301,0
K139S,0.55752488,0.694990674,0
K139T,0.561592622,0.695618704,0
K139V,0.214836213,0.642082035,0
K139W,-1.900881208,0.315430647,0
K139Y,-1.398371364,0.393014513,0
T140A,-0.109247475,0.59204587,0
T140C,0.282345905,0.652505041,0
T140D,-1.162407288,0.429445651,0
T140E,-0.571132892,0.52073412,0
T140F,-0.405412021,0.546320217,0
T140G,0.449591508,0.678326546,0
T140H,-0.230111306,0.573385373,0
T140I,0.670403378,0.712418294,0
T140K,-0.216801006,0.575440387,0
T140L,0.580816812,0.698586779,0
T140M,0.02385165,0.612595407,0
T140N,0.619713844,0.704592198,0
T140P,-0.33170941,0.557699365,0
T140Q,0.228923147,0.644256956,0
T140R,-0.238988375,0.572014818,0
T140S,0.29715228,0.654791038,0
T140V,0.670924369,0.712498731,0
T140W,-0.877710003,0.473400842,0
T140Y,-0.530925214,0.526941893,0
C141A,-1.133855699,0.433853809,0
C141D,-1.967172629,0.305195733,0
C141E,-1.733224552,0.341315615,0
C141F,0.169796693,0.635128261,0
C141G,-1.565753981,0.367171854,0
C141H,-1.446065242,0.385650925,0
C141I,0.582847852,0.698900357,0
C141K,-2.515519699,0.220534932,0
C141L,-1.662460057,0.352241139,0
C141M,0.161008431,0.633771417,0
C141N,-1.660161964,0.352595948,0
C141P,-1.638604482,0.355924266,0
C141Q,-1.317070688,0.405566747,0
C141R,-0.85509889,0.476891834,0
C141S,0.053309414,0.617143472,0
C141T,0.071544137,0.619958781,0
C141V,-0.331361338,0.557753104,0
C141W,-1.209194813,0.422221998,0
C141Y,-0.718908533,0.497918635,0
P142A,0.106005862,0.62527942,0
P142C,0.224791819,0.643619109,0
P142D,-0.113548761,0.591381783,0
P142E,1.488171696,0.838675777,1
P142F,-0.67387826,0.504870982,0
P142G,0.510034304,0.687658475,0
P142H,0.222353373,0.64324263,0
P142I,0.615012004,0.703866268,0
P142K,0.255876071,0.648418291,0
P142L,-0.542915726,0.525090645,0
P142M,0.350709857,0.663059938,0
P142N,-0.075728811,0.597220908,0
P142Q,0.168856264,0.634983066,0
P142R,-0.780655736,0.488385316,0
P142S,0.088665808,0.622602242,0
P142T,0.605407467,0.702383398,0
P142V,-0.299066914,0.562739129,0
P142W,-1.625517727,0.357944766,0
P142Y,-0.004624444,0.608198905,0
V143A,-0.953033174,0.461771492,0
V143C,-1.915806231,0.313126331,0
V143D,-2.160244056,0.275386908,0
V143E,-0.291561872,0.563897853,0
V143F,-1.825043756,0.327139398,0
V143G,-1.167948349,0.428590152,0
V143H,-2.09522885,0.285424783,0
V143I,0.959564825,0.757062719,0
V143K,-1.603733191,0.36130814,0
V143L,0.274974148,0.651366895,0
V143M,-0.97028648,0.459107707,0
V143N,-1.845869868,0.323923998,0
V143P,-1.737839294,0.340603133,0
V143Q,-1.409326417,0.391323133,0
V143R,-1.412599209,0.390817837,0
V143S,-1.905195932,0.314764485,0
V143T,-1.578656116,0.365179858,0
V143W,-1.316138291,0.405710702,0
V143Y,-2.217276077,0.266581579,0
Q144A,-0.786806774,0.48743564,0
Q144C,-0.160967208,0.584060719,0
Q144D,0.428046191,0.675000106,0
Q144E,0.15151869,0.63230627,0
Q144F,0.963942414,0.757738587,0
Q144G,0.333233051,0.660361647,0
Q144H,0.019390441,0.611906629,0
Q144I,-0.613313994,0.514221664,0
Q144K,0.589869659,0.699984473,0
Q144L,0.49358565,0.685118922,0
Q144M,-0.016760068,0.606325253,0
Q144N,0.701665755,0.717244978,0
Q144P,-1.345959549,0.401106517,0
Q144R,0.522668504,0.689609103,0
Q144S,-0.09945641,0.593557539,0
Q144T,0.27536731,0.651427597,0
Q144V,-0.162832066,0.583772799,0
Q144W,-1.382702783,0.395433628,0
Q144Y,0.226173514,0.643832432,0
L145A,-1.502816828,0.376888893,0
L145C,-0.183436766,0.580591583,0
L145D,-2.229040329,0.264765264,0
L145E,-1.641170337,0.355528117,0
L145F,0.34505805,0.66218734,0
L145G,-1.529982685,0.372694682,0
L145H,-2.255929771,0.26061373,0
L145I,-0.008483848,0.607603042,0
L145K,-1.574057727,0.365889816,0
L145M,0.656377602,0.710252816,0
L145N,-1.359662824,0.39899083,0
L145P,-1.247851934,0.416253619,0
L145Q,-1.091962718,0.440321781,0
L145R,-1.403663986,0.392197371,0
L145S,-1.93707377,0.309842778,0
L145T,-1.038783701,0.448532234,0
L145V,-0.229227699,0.573521796,0
L145W,-1.559306359,0.36816732,0
L145Y,0.163488768,0.634154363,0
W146A,-0.067745573,0.598453462,0
W146C,0.157378039,0.633210911,0
W146D,-1.966997428,0.305222783,0
W146E,-0.351127064,0.55470142,0
W146F,0.704119048,0.717623748,0
W146G,-1.406806254,0.391712228,0
W146H,0.623706313,0.705208607,0
W146I,1.023287535,0.766901042,1
W146K,0.359960496,0.66448817,0
W146L,0.165267139,0.634428931,0
W146M,-0.071056795,0.597942233,0
W146N,-0.020950927,0.605678215,0
W146P,-1.963316812,0.305791043,0
W146Q,0.119787042,0.627407134,0
W146R,0.397330742,0.670257864,0
W146S,0.51761324,0.688828607,0
W146T,0.026136662,0.612948197,0
W146V,-1.432672114,0.387718727,0
W146Y,-0.073376071,0.597584154,0
V147A,0.179251583,0.636588027,0
V147C,-0.247900974,0.570638778,0
V147D,-0.818500433,0.48254237,0
V147E,-2.478110868,0.226310583,0
V147F,0.290025891,0.653690775,0
V147G,-1.570465455,0.366444437,0
V147H,-1.736201862,0.34085594,0
V147I,0.185007683,0.637476727,0
V147K,-2.310007607,0.252264505,0
V147L,-0.858076553,0.476432104,0
V147M,-0.065190417,0.59884796,0
V147N,-1.653019922,0.353698627,0
V147P,-1.962677771,0.305889706,0
V147Q,-2.031567624,0.295253614,0
V147R,-1.866073333,0.320804729,0
V147S,-0.50296701,0.531258436,0
V147T,-0.141892085,0.58700578,0
V147W,-1.274879133,0.412080816,0
V147Y,-1.526903886,0.373170026,0
D148A,-0.224568149,0.574241196,0
D148C,-0.689709539,0.502426747,0
D148E,0.726306938,0.721049397,0
D148F,-0.591896617,0.517528351,0
D148G,0.021096169,0.612169981,0
D148H,0.593969254,0.700617421,0
D148I,-0.701253655,0.50064442,0
D148K,0.437323534,0.67643246,0
D148L,-0.310857962,0.560918677,0
D148M,-0.170243745,0.582628489,0
D148N,0.103893263,0.624953251,0
D148P,-1.813658985,0.328897124,0
D148Q,-0.100259754,0.593433509,0
D148R,-0.008466859,0.607605665,0
D148S,-0.226778173,0.573899985,0
D148T,-0.247198441,0.570747244,0
D148V,-0.559927691,0.522464121,0
D148W,0.382553185,0.667976317,0
D148Y,0.251412748,0.647729187,0
S149A,0.196605151,0.639267292,0
S149C,0.506088275,0.687049237,0
S149D,-0.37711459,0.550689135,0
S149E,-0.102863669,0.593031483,0
S149F,-0.968255233,0.459421317,0
S149G,0.398780736,0.670481733,0
S149H,0.355688044,0.663828534,0
S149I,-0.753950999,0.492508333,0
S149K,0.04322283,0.615586177,0
S149L,-0.337693485,0.556775467,0
S149M,0.245873605,0.646873983,0
S149N,-0.02743722,0.604676779,0
S149P,-0.090368435,0.594960657,0
S149Q,0.631037082,0.706340424,0
S149R,-0.927641381,0.465691801,0
S149T,0.474769045,0.682213775,0
S149V,-0.235442587,0.572562262,0
S149W,0.331103226,0.660032817,0
S149Y,0.416594804,0.673232095,0
T150A,0.175246106,0.635969611,0
T150C,0.137032444,0.630069699,0
T150D,-0.108179464,0.592210763,0
T150E,0.029530567,0.613472191,0
T150F,0.242082322,0.646288637,0
T150G,0.014672165,0.611178162,0
T150H,-1.484116305,0.379776118,0
T150I,0.364461556,0.665183101,0
T150K,0.323765707,0.658899957,0
T150L,-0.356248266,0.553910744,0
T150M,0.910267533,0.749451576,0
T150N,-0.386104363,0.549301179,0
T150P,-1.193667311,0.424619331,0
T150Q,-0.339715194,0.55646333,0
T150R,0.245552235,0.646824366,0
T150S,-0.526281603,0.527658832,0
T150V,0.206776933,0.640837741,0
T150W,-0.054859086,0.600443042,0
T150Y,-0.173290671,0.582158066,0
P151A,-1.257323346,0.414791302,0
P151C,-0.18096981,0.580972463,0
P151D,-1.476028032,0.381024888,0
P151E,-1.910193111,0.313992956,0
P151F,-2.000562048,0.30004065,0
P151G,-2.010668286,0.29848032,0
P151H,-0.039170374,0.602865265,0
P151I,-0.347572803,0.555250172,0
P151K,-2.7274486,0.18781465,0
P151L,0.23623437,0.645385755,0
P151M,-1.955099435,0.307059746,0
P151N,-1.367937963,0.397713209,0
P151Q,-2.215656889,0.26683157,0
P151R,-1.69264906,0.347580176,0
P151S,-0.916827403,0.4673614,0
P151T,-0.944517885,0.463086191,0
P151V,-0.519980569,0.528631666,0
P151W,-2.037816351,0.294288856,0
P151Y,-1.975437606,0.303919681,0
P152A,-0.168683921,0.582869315,0
P152C,-1.6259938,0.357871264,0
P152D,-1.454124111,0.384406694,0
P152E,-0.514882691,0.529418742,0
P152F,-1.614748401,0.359607472,0
P152G,-1.060781721,0.4451359,0
P152H,-1.867730656,0.320548851,0
P152I,-2.347273405,0.246510937,0
P152K,-1.048372128,0.447051851,0
P152L,-0.811601809,0.483607467,0
P152M,-1.328903031,0.403739919,0
P152N,-1.672607608,0.350674431,0
P152Q,0.025157115,0.612796962,0
P152R,-1.45797379,0.383812332,0
P152S,-0.637404228,0.510502307,0
P152T,-0.072295422,0.597750998,0
P152V,-1.889021177,0.317261749,0
P152W,-1.823255709,0.327415459,0
P152Y,-1.178437136,0.426970759,0
P153A,-0.926697536,0.465837523,0
P153C,1.652080476,0.863982101,1
P153D,-0.123221033,0.589888454,0
P153E,0.720755267,0.720192259,0
P153F,0.731378594,0.721832424,0
P153G,-0.902032188,0.469645674,0
P153H,0.411350319,0.672422385,0
P153I,0.445153734,0.677641386,0
P153K,-1.188533751,0.425411915,0
P153L,0.517452916,0.688803854,0
P153M,-0.783713333,0.487913245,0
P153N,-0.488862156,0.533436123,0
P153Q,1.158532288,0.787781849,1
P153R,0.626326626,0.705613164,0
P153S,0.611373844,0.703304563,0
P153T,0.620985914,0.704788597,0
P153V,0.081898601,0.621557435,0
P153W,1.195768856,0.793530904,1
P153Y,0.800016913,0.732429681,0
G154A,-0.106726887,0.592435031,0
G154C,0.888099972,0.746029065,0
G154D,0.508477758,0.687418155,0
G154E,0.990476893,0.761835318,0
G154F,0.717656066,0.719713765,0
G154H,0.891108742,0.746493598,0
G154I,-1.400167689,0.392737174,0
G154K,0.160855529,0.63374781,0
G154L,0.405225409,0.671476743,0
G154M,0.036527958,0.614552537,0
G154N,-0.878486789,0.473280912,0
G154P,-1.750183417,0.33869729,0
G154Q,-0.771561201,0.489789446,0
G154R,-0.494740882,0.532528491,0
G154S,0.129238349,0.628866348,0
G154T,-0.289288366,0.564248865,0
G154V,-0.809887448,0.483872152,0
G154W,0.31737635,0.657913487,0
G154Y,1.274101893,0.805624956,1
T155A,0.093909656,0.623411854,0
T155C,1.158423027,0.78776498,1
T155D,-1.197882854,0.423968482,0
T155E,-1.00734885,0.453385547,0
T155F,-1.858929472,0.32190769,0
T155G,-1.457719374,0.383851612,0
T155H,-1.637744752,0.356057002,0
T155I,-0.712653968,0.498884294,0
T155K,-1.615529776,0.359486833,0
T155L,-0.09646248,0.59401978,0
T155M,-2.254764947,0.26079357,0
T155N,-0.025623059,0.604956872,0
T155P,-1.168880762,0.428446194,0
T155Q,-1.73223276,0.341468741,0
T155R,-1.179012884,0.426881868,0
T155S,0.833224069,0.737556625,0
T155V,0.318723174,0.658121427,0
T155W,-1.599630658,0.361941541,0
T155Y,-1.406263876,0.391795967,0
R156A,-0.749300272,0.493226371,0
R156C,0.761596249,0.72649781,0
R156D,-1.219882415,0.420571909,0
R156E,-1.562509637,0.367672757,0
R156F,0.868925814,0.743068715,0
R156G,-0.228798825,0.573588011,0
R156H,0.178743405,0.636509568,0
R156I,0.041861009,0.615375921,0
R156K,0.085875201,0.622171393,0
R156L,1.104651271,0.779463012,1
R156M,1.129117057,0.783240351,1
R156N,0.658601056,0.710596101,0
R156P,-0.943081398,0.463307974,0
R156Q,-0.574951371,0.520144574,0
R156S,0.887681136,0.7459644,0
R156T,-0.559536115,0.522524578,0
R156V,0.846250897,0.739567872,0
R156W,-0.108241106,0.592201246,0
R156Y,-0.800488622,0.485323262,0
V157A,-0.820033327,0.482305702,0
V157C,0.873554949,0.74378342,0
V157D,-0.351814633,0.554595264,0
V157E,-0.919918871,0.4668841,0
V157F,0.013701171,0.611028247,0
V157G,-0.534662896,0.526364822,0
V157H,-1.899217411,0.315687525,0
V157I,0.438765687,0.676655118,0
V157K,-1.270698182,0.412726324,0
V157L,-0.775643731,0.489159133,0
V157M,-1.401498593,0.392531692,0
V157N,-1.691768788,0.347716084,0
V157P,-1.813891301,0.328861256,0
V157Q,-0.616075637,0.513795286,0
V157R,-2.088914261,0.28639971,0
V157S,-1.349389624,0.400576938,0
V157T,-2.082382516,0.287408164,0
V157W,-1.25586919,0.415015813,0
V157Y,-1.98716418,0.302109183,0
R158A,0.090678224,0.622912945,0
R158C,0.105301401,0.625170657,0
R158D,-2.295044026,0.254574773,0
R158E,-2.282680957,0.256483541,0
R158F,-0.42724091,0.542949995,0
R158G,-1.649396203,0.354258103,0
R158H,-0.359973067,0.553335661,0
R158I,0.127324493,0.628570862,0
R158K,1.357155861,0.818447885,1
R158L,-0.828346473,0.481022213,0
R158M,-1.025731805,0.450547352,0
R158N,-1.056011078,0.445872453,0
R158P,-1.257794022,0.414718633,0
R158Q,-1.650948383,0.354018458,0
R158S,0.253373298,0.648031881,0
R158T,-0.740053666,0.49465398,0
R158V,0.791544466,0.731121597,0
R158W,-2.438405184,0.232440852,0
R158Y,-1.426851136,0.388617444,0
A159C,1.433406201,0.830220383,1
A159D,0.115511358,0.626747,0
A159E,-2.326540479,0.24971195,0
A159F,-0.971753554,0.458881202,0
A159G,-0.895935661,0.470586933,0
A159H,-1.640553024,0.355623426,0
A159I,-1.171646086,0.428019248,0
A159K,-2.034269959,0.294836393,0
A159L,-2.074217702,0.288668752,0
A159M,-1.706212956,0.345486009,0
A159N,-1.189305279,0.425292797,0
A159P,-1.224682556,0.419830803,0
A159Q,-2.695698016,0.19271671,0
A159R,-1.622678253,0.35838316,0
A159S,0.500243232,0.686146804,0
A159T,0.557873466,0.695044494,0
A159V,-1.051958412,0.446498155,0
A159W,-2.107787432,0.28348583,0
A159Y,-1.982118093,0.302888262,0
M160A,0.875988244,0.744159103,0
M160C,-0.391450141,0.54847583,0
M160D,-1.83212774,0.326045682,0
M160E,0.351640456,0.663203616,0
M160F,1.272546355,0.805384792,1
M160G,-1.848641482,0.32349608,0
M160H,-1.359150098,0.399069992,0
M160I,0.385571842,0.668442375,0
M160K,-0.616899458,0.513668094,0
M160L,0.745636724,0.724033776,0
M160N,-1.970963567,0.30461044,0
M160P,-1.969906823,0.304773593,0
M160Q,0.181515219,0.636937516,0
M160R,0.252382886,0.647878969,0
M160S,-0.62094171,0.513044,0
M160T,0.456327837,0.679366587,0
M160V,0.218184597,0.642599002,0
M160W,-2.193591983,0.270238231,0
M160Y,-0.037464382,0.603128658,0
A161C,1.016608513,0.76586985,1
A161D,0.077028827,0.620805577,0
A161E,-1.085157594,0.441372442,0
A161F,-1.500028706,0.377319359,0
A161G,-0.268881723,0.567399503,0
A161H,-1.602644305,0.361476256,0
A161I,-2.490798085,0.224351769,0
A161K,-1.835127145,0.325582596,0
A161L,-0.834585579,0.48005894,0
A161M,-1.358191588,0.399217979,0
A161N,-2.581214323,0.210392159,0
A161P,0.825701811,0.736395243,0
A161Q,-1.399545156,0.392833288,0
A161R,-1.827440086,0.326769422,0
A161S,0.488416266,0.684320807,0
A161T,-0.478527052,0.535031788,0
A161V,0.933459218,0.753032203,0
A161W,-2.135929386,0.279140917,0
A161Y,-2.086382814,0.286790547,0
I162A,-1.488521977,0.379095914,0
I162C,1.402940001,0.825516623,1
I162D,-1.972391546,0.30438997,0
I162E,-1.907595594,0.314393994,0
I162F,-0.293592271,0.563584374,0
I162G,-2.035231375,0.294687957,0
I162H,-1.87324563,0.319697379,0
I162K,-0.426434199,0.543074546,0
I162L,0.375285429,0.666854228,0
I162M,0.527938657,0.690422777,0
I162N,-0.88591394,0.472134214,0
I162P,-1.966899422,0.305237914,0
I162Q,-1.380936761,0.395706289,0
I162R,-0.360979786,0.553180231,0
I162S,-0.756188675,0.492162852,0
I162T,0.263322751,0.649568004,0
I162V,0.8348629,0.737809648,0
I162W,-1.547010839,0.370065659,0
I162Y,-1.257530998,0.414759242,0
Y163A,-0.829729459,0.48080869,0
Y163C,-1.002455118,0.454141103,0
Y163D,-1.152352118,0.430998096,0
Y163E,-2.328590397,0.249395457,0
Y163F,0.637184519,0.707289544,0
Y163G,-2.371585262,0.242757363,0
Y163H,-0.715199171,0.498491333,0
Y163I,-1.693894213,0.347387934,0
Y163K,-2.938449904,0.155237583,0
Y163L,-1.772822511,0.335201978,0
Y163M,-1.504663328,0.376603807,0
Y163N,-1.000990583,0.454367217,0
Y163P,-1.318683749,0.405317702,0
Y163Q,-0.909976856,0.468419075,0
Y163R,-1.971583963,0.304514655,0
Y163S,-1.091711291,0.440360599,0
Y163T,-1.465497814,0.382650677,0
Y163V,-1.620250665,0.358757962,0
Y163W,-1.434001035,0.387513551,0
K164A,0.648188049,0.708988409,0
K164C,0.740328559,0.723214233,0
K164D,-1.17936549,0.426827428,0
K164E,-0.488441716,0.533501036,0
K164F,-1.958536963,0.306529017,0
K164G,-1.336104082,0.402628129,0
K164H,-1.535238142,0.371883278,0
K164I,0.804294139,0.733090054,0
K164L,0.301030854,0.655389861,0
K164M,0.411152851,0.672391897,0
K164N,-0.003270331,0.608407971,0
K164P,0.241677832,0.646226186,0
K164Q,0.494477244,0.685256578,0
K164R,0.095123923,0.623599328,0
K164S,-0.34051248,0.556340235,0
K164T,0.399639252,0.670614281,0
K164V,0.583257233,0.698963563,0
K164W,-1.709672248,0.34495192,0
K164Y,-1.82993054,0.326384914,0
Q165A,0.328410957,0.65961715,0
Q165C,1.55352861,0.84876641,1
Q165D,0.913990705,0.750026406,0
Q165E,0.760802917,0.726375326,0
Q165F,1.473603731,0.836426589,1
Q165G,0.987897326,0.761437051,0
Q165H,0.548639941,0.693618904,0
Q165I,-0.499701177,0.531762657,0
Q165K,0.702058776,0.717305657,0
Q165L,0.047098788,0.616184596,0
Q165M,0.776991324,0.728874698,0
Q165N,1.405134404,0.825855423,1
Q165P,0.269661912,0.650546725,0
Q165R,0.066095612,0.619117568,0
Q165S,-0.542799567,0.525108579,0
Q165T,-0.500596684,0.531624397,0
Q165V,0.62002733,0.704640598,0
Q165W,1.371144481,0.820607626,1
Q165Y,1.180944962,0.791242203,1
S166A,-0.131750536,0.588571561,0
S166C,1.042869795,0.769924401,1
S166D,0.9884092,0.761516081,0
S166E,0.336668832,0.660892106,0
S166F,1.554050567,0.848846996,1
S166G,0.184213435,0.637354101,0
S166H,-0.590179569,0.517793451,0
S166I,1.708834176,0.87274446,1
S166K,0.122517861,0.627828753,0
S166L,-0.200947598,0.577888038,0
S166M,1.612322956,0.857843829,1
S166N,1.612013443,0.857796043,1
S166P,0.581586916,0.698705678,0
S166Q,0.446845447,0.677902575,0
S166R,-0.080025452,0.596557538,0
S166T,0.794229447,0.731536139,0
S166V,0.876862033,0.744294009,0
S166W,-0.724713485,0.497022392,0
S166Y,1.055199304,0.771827987,1
Q167A,0.662217533,0.711154459,0
Q167C,0.92282658,0.751390601,0
Q167D,0.49013587,0.684586301,0
Q167E,0.190409681,0.638310757,0
Q167F,-0.576813572,0.519857064,0
Q167G,0.437838192,0.67651192,0
Q167H,0.159574177,0.633549979,0
Q167I,-0.903582272,0.469406352,0
Q167K,0.483652217,0.683585272,0
Q167L,0.305345831,0.656056063,0
Q167M,0.942719543,0.75446193,0
Q167N,0.383838022,0.668174686,0
Q167P,0.336793841,0.660911407,0
Q167R,0.244752334,0.646700867,0
Q167S,0.357473858,0.664104251,0
Q167T,-0.080676803,0.596456974,0
Q167V,-0.707589561,0.499666202,0
Q167W,0.531251906,0.690934318,0
Q167Y,-0.279043747,0.56583056,0
H168A,0.51209111,0.687976031,0
H168C,1.38148301,0.82220382,1
H168D,0.133795674,0.629569965,0
H168E,-0.111431597,0.591708658,0
H168F,0.645434523,0.708563284,0
H168G,-3.088137238,0.132126947,0
H168I,-1.854887034,0.322531813,0
H168K,-1.797178324,0.331441618,0
H168L,-0.671617132,0.505220083,0
H168M,-0.316321349,0.560075169,0
H168N,0.623680131,0.705204564,0
H168P,-1.280540701,0.411206711,0
H168Q,-0.114561303,0.591225454,0
H168R,-1.223770177,0.419971667,0
H168S,-0.048543176,0.601418173,0
H168T,-1.412500577,0.390833066,0
H168V,-1.218620964,0.420766668,0
H168W,0.690436002,0.715511185,0
H168Y,0.775750261,0.728683087,0
M169A,0.786301653,0.730312145,0
M169C,1.179270563,0.790983688,1
M169D,-0.160269622,0.584168422,0
M169E,-0.988710428,0.456263184,0
M169F,-0.587771657,0.518165215,0
M169G,0.129272832,0.628871671,0
M169H,-0.150391506,0.585693531,0
M169I,0.367909403,0.665715423,0
M169K,0.352024151,0.663262856,0
M169L,0.790975167,0.731033702,0
M169N,-0.559405267,0.52254478,0
M169P,-1.945154734,0.308595136,0
M169Q,0.952168382,0.755920762,0
M169R,0.734914413,0.722378329,0
M169S,0.682990629,0.714361674,0
M169T,0.775679632,0.728672182,0
M169V,0.679964407,0.713894447,0
M169W,1.106422347,0.779736453,1
M169Y,-0.027666306,0.604641409,0
T170A,0.413477637,0.672750827,0
T170C,0.362216684,0.664836509,0
T170D,-0.041351936,0.602528448,0
T170E,-0.116423833,0.590937893,0
T170F,-1.143283414,0.432398238,0
T170G,0.842671212,0.739015195,0
T170H,1.597114311,0.855495725,1
T170I,-0.445652407,0.540107394,0
T170K,0.517202225,0.68876515,0
T170L,1.757137659,0.880202167,1
T170M,1.068466067,0.773876279,1
T170N,1.148141643,0.786177609,1
T170P,-0.634977325,0.510877003,0
T170Q,0.905354596,0.748693054,0
T170R,-0.42242154,0.543694071,0
T170S,0.818554242,0.73529171,0
T170V,1.375674124,0.82130697,1
T170W,-0.261291499,0.568571378,0
T170Y,1.55830246,0.849503457,1
E171A,1.075556425,0.774970979,1
E171C,-0.113826393,0.591338918,0
E171D,0.422958594,0.674214618,0
E171F,-1.810530818,0.32938009,0
E171G,-0.309760536,0.561088111,0
E171H,1.383138727,0.82245945,1
E171I,-0.48375638,0.534224418,0
E171K,0.695255249,0.716255242,0
E171L,-1.32437873,0.404438438,0
E171M,-0.447548219,0.539814695,0
E171N,0.362915517,0.664944404,0
E171P,-1.74409298,0.339637609,0
E171Q,0.421016981,0.673914847,0
E171R,-0.631733587,0.511377813,0
E171S,0.580955026,0.698608119,0
E171T,0.406408419,0.671659391,0
E171V,0.262525006,0.649444838,0
E171W,-1.02847285,0.450124155,0
E171Y,-0.644523353,0.509403166,0
V172A,0.987979375,0.761449719,0
V172C,0.280564387,0.652229988,0
V172D,-0.801508565,0.48516579,0
V172E,-1.270460115,0.41276308,0
V172F,-0.008718997,0.607566736,0
V172G,-1.255991829,0.414996878,0
V172H,0.055107511,0.617421085,0
V172I,0.430321587,0.675351411,0
V172K,-1.984880765,0.302461726,0
V172L,-0.063606725,0.59909247,0
V172M,0.605665838,0.702423288,0
V172N,0.724917901,0.72083494,0
V172P,1.284322768,0.807202985,1
V172Q,0.64490438,0.708481434,0
V172R,-1.647716244,0.354517477,0
V172S,0.15495109,0.632836208,0
V172T,1.186688686,0.792128992,1
V172W,-1.192706238,0.424767714,0
V172Y,-2.125545605,0.280744097,0
V173A,-0.902125351,0.46963129,0
V173C,-1.302954329,0.40774621,0
V173D,-1.884572171,0.317948643,0
V173E,-0.308652899,0.561259122,0
V173F,-2.047920818,0.2927288,0
V173G,-1.760340694,0.33712908,0
V173H,-1.9059576,0.314646889,0
V173I,-1.475785839,0.381062281,0
V173K,-1.624769723,0.358060253,0
V173L,0.050255544,0.616671977,0
V173M,-1.201488396,0.423411812,0
V173N,-1.22216895,0.420218885,0
V173P,-0.365495552,0.55248303,0
V173Q,-2.27294429,0.257986812,0
V173R,-2.471385206,0.227348977,0
V173S,-2.24984253,0.261553555,0
V173T,-2.555324131,0.214389417,0
V173W,-1.408573127,0.391439435,0
V173Y,-1.688574406,0.348209273,0
R174A,0.221010469,0.643035296,0
R174C,0.058912614,0.618008565,0
R174D,-1.836145313,0.325425398,0
R174E,-1.693828798,0.347398033,0
R174F,-0.487606155,0.53363004,0
R174G,0.145237939,0.631336568,0
R174H,-0.582262725,0.519015754,0
R174I,-1.013248747,0.452474646,0
R174K,0.40093284,0.670814002,0
R174L,1.221592254,0.797517849,1
R174M,0.790948308,0.731029555,0
R174N,-0.960083138,0.460683029,0
R174P,-2.183365401,0.271817141,0
R174Q,-0.319313,0.55961328,0
R174S,0.745030424,0.723940167,0
R174T,0.958555006,0.75690681,0
R174V,-0.369885626,0.551805234,0
R174W,-0.938283178,0.464048784,0
R174Y,0.394875551,0.6698788,0
R175A,-0.790089532,0.486928806,0
R175C,0.814890117,0.734725996,0
R175D,-1.406853579,0.391704921,0
R175E,-1.642395281,0.355338995,0
R175F,-1.163962068,0.429205604,0
R175G,-1.029278833,0.449999717,0
R175H,-0.744765414,0.49392652,0
R175I,0.709107132,0.718393872,0
R175K,-0.388031228,0.549003685,0
R175L,0.20739737,0.640933532,0
R175M,1.319954428,0.812704254,1
R175N,-0.453934666,0.538828674,0
R175P,0.131602819,0.629231405,0
R175Q,-0.80945838,0.483938397,0
R175S,0.174018939,0.635780145,0
R175T,1.369683698,0.820382092,1
R175V,0.0677762,0.619377039,0
R175W,-1.730403197,0.341751212,0
R175Y,-1.687198562,0.348421694,0
C176A,-1.603504732,0.361343413,0
C176D,-1.934542728,0.310233553,0
C176E,-2.403702723,0.23779866,0
C176F,-0.345565805,0.555560038,0
C176G,-0.917131861,0.467314394,0
C176H,-1.680757503,0.349416146,0
C176I,-1.278172558,0.411572335,0
C176K,-1.868802013,0.320383441,0
C176L,-1.501002369,0.377169032,0
C176M,-1.246647085,0.416439639,0
C176N,-0.953126076,0.461757149,0
C176P,-1.820427974,0.327852041,0
C176Q,-2.348314929,0.246350133,0
C176R,-0.782074163,0.488166321,0
C176S,-1.368099106,0.39768833,0
C176T,-1.52121977,0.374047613,0
C176V,-1.083013456,0.441703482,0
C176W,-1.328877001,0.403743938,0
C176Y,-0.877360068,0.47345487,0
P177A,-0.146903202,0.5862321,0
P177C,-0.256752925,0.569272101,0
P177D,-1.609046482,0.360487807,0
P177E,-1.890879029,0.31697491,0
P177F,-0.356926183,0.553806078,0
P177G,-0.842711797,0.478804311,0
P177H,0.096453535,0.623804611,0
P177I,0.075725155,0.620604299,0
P177K,-1.855701722,0.322406031,0
P177L,0.055165884,0.617430097,0
P177M,-0.645439923,0.509261654,0
P177N,-1.600797011,0.361761465,0
P177Q,-1.389105857,0.39444504,0
P177R,-1.514334885,0.375110589,0
P177S,0.598679732,0.701344684,0
P177T,0.100213329,0.624385095,0
P177V,1.024564925,0.767098262,1
P177W,0.186471257,0.637702692,0
P177Y,0.743280499,0.723669992,0
H178A,-0.966008141,0.459768252,0
H178C,0.724186156,0.720721964,0
H178D,-1.314063014,0.40603111,0
H178E,-1.794230202,0.331896787,0
H178F,0.583061103,0.698933282,0
H178G,-0.990441527,0.455995915,0
H178I,1.496496116,0.839961007,1
H178K,-1.444303736,0.385922889,0
H178L,0.126806536,0.628490893,0
H178M,-1.127615024,0.434817324,0
H178N,0.209479872,0.641255055,0
H178P,-1.536139015,0.37174419,0
H178Q,0.032229042,0.613888816,0
H178R,-0.16225592,0.583861752,0
H178S,-1.314244184,0.406003138,0
H178T,-1.346852813,0.400968603,0
H178V,0.001472467,0.609140224,0
H178W,1.286524953,0.807542986,1
H178Y,0.470307423,0.681524933,0
H179A,-1.750797998,0.338602403,0
H179C,-2.259099884,0.260124287,0
H179D,-0.689609567,0.502442182,0
H179E,-1.878145429,0.318940886,0
H179F,-1.53613652,0.371744575,0
H179G,-1.459522322,0.38357325,0
H179I,-1.946939058,0.308319649,0
H179K,-2.240410442,0.263009801,0
H179L,-1.865149849,0.320947309,0
H179M,-1.287214466,0.41017633,0
H179N,0.073929021,0.620326989,0
H179P,-1.401194309,0.392578671,0
H179Q,-0.86470158,0.475409248,0
H179R,-0.393817808,0.548110279,0
H179S,-1.462588989,0.383099779,0
H179T,-2.151414044,0.276750198,0
H179V,-1.391802488,0.3940287,0
H179W,-1.515659388,0.374906095,0
H179Y,-0.375754243,0.550899163,0
E180A,-0.384931684,0.549482232,0
E180C,-0.712234644,0.498949035,0
E180D,-0.098946368,0.593636286,0
E180F,0.497152013,0.685669543,0
E180G,0.234018542,0.645043648,0
E180H,-1.438255527,0.386856688,0
E180I,-0.489175453,0.533387752,0
E180K,-0.837789327,0.479564304,0
E180L,-1.347930074,0.400802282,0
E180M,-1.432042612,0.387815917,0
E180N,1.011724046,0.765115724,1
E180P,-2.229111286,0.264754309,0
E180Q,-0.551677014,0.523737966,0
E180R,-0.845424634,0.478385469,0
E180S,0.196856159,0.639306046,0
E180T,0.64795314,0.70895214,0
E180V,-0.362744816,0.552907724,0
E180W,-0.518827334,0.528809717,0
E180Y,0.204207448,0.640441031,0
R181A,-1.124608305,0.435281539,0
R181C,0.409841536,0.67218944,0
R181D,-2.021450876,0.296815566,0
R181E,-1.074283781,0.44305128,0
R181F,0.210976419,0.641486111,0
R181G,0.051523473,0.616867736,0
R181H,0.331824546,0.660144184,0
R181I,1.020796433,0.766516434,1
R181K,-0.298668681,0.562800613,0
R181L,0.097470828,0.623961673,0
R181M,1.244973342,0.801127719,1
R181N,-1.123285371,0.435485791,0
R181P,-1.583824397,0.364381913,0
R181Q,1.252796525,0.802335562,1
R181S,0.017538881,0.611620762,0
R181T,0.260426154,0.649120791,0
R181V,-0.32247501,0.559125089,0
R181W,-0.399381855,0.547251231,0
R181Y,-1.785719651,0.333210754,0
C182A,-0.867353528,0.474999807,0
C182D,0.375317427,0.666859168,0
C182E,0.378785713,0.667394646,0
C182F,0.51849993,0.688965506,0
C182G,0.221346341,0.643087152,0
C182H,-0.36588903,0.55242228,0
C182I,0.452831692,0.678826807,0
C182K,-0.006243413,0.607948948,0
C182L,-1.557650532,0.368422968,0
C182M,0.36779729,0.665698114,0
C182N,-0.001230773,0.608722864,0
C182P,0.519294581,0.689088194,0
C182Q,0.08780281,0.622469002,0
C182R,-0.024270514,0.605165695,0
C182S,-0.383254169,0.549741229,0
C182T,0.30281836,0.655665839,0
C182V,0.185817054,0.637601688,0
C182W,0.164017505,0.634235996,0
C182Y,0.523595602,0.689752241,0
S183A,0.080327193,0.621314821,0
S183C,0.353441564,0.663481694,0
S183D,0.56027653,0.695415509,0
S183E,0.694309561,0.716109235,0
S183F,0.246182584,0.646921687,0
S183G,0.586193849,0.699416955,0
S183H,0.166373235,0.634599704,0
S183I,0.499009563,0.685956335,0
S183K,0.380313286,0.667630493,0
S183L,-0.233019403,0.572936384,0
S183M,0.545272113,0.693098936,0
S183N,0.134643339,0.629700839,0
S183P,-0.323523496,0.55896321,0
S183Q,-0.570933395,0.52076492,0
S183R,0.058709246,0.617977167,0
S183T,0.293838268,0.654279378,0
S183V,0.303723165,0.655805535,0
S183W,-0.048859368,0.601369355,0
S183Y,-0.278418567,0.565927083,0
D184A,-0.098155525,0.593758387,0
D184C,-1.201039846,0.423481065,0
D184E,0.254868462,0.648262724,0
D184F,0.517887855,0.688871006,0
D184G,-0.001321067,0.608708923,0
D184H,0.326749115,0.659360574,0
D184I,-1.142559464,0.432510011,0
D184K,-0.095353218,0.594191042,0
D184L,0.389929786,0.66911521,0
D184M,-1.051705942,0.446537134,0
D184N,-0.213084868,0.576014131,0
D184P,-0.303820218,0.562005253,0
D184Q,-0.675577261,0.504608668,0
D184R,-0.368475238,0.552022988,0
D184S,-1.196551238,0.424174074,0
D184T,-0.211393487,0.576275268,0
D184V,-0.666734069,0.505973993,0
D184W,0.372904425,0.666486618,0
D184Y,0.414937731,0.672976255,0
S185A,-1.100095591,0.439066124,0
S185C,0.326234858,0.659281176,0
S185D,0.201842663,0.640075926,0
S185E,0.869808716,0.743205028,0
S185F,0.47945542,0.682937317,0
S185G,0.061147144,0.618353561,0
S185H,-0.00367878,0.608344909,0
S185I,0.502629433,0.686515216,0
S185K,0.076040546,0.620652994,0
S185L,0.232430876,0.644798524,0
S185M,0.624295622,0.705299592,0
S185N,0.210866534,0.641469146,0
S185P,0.120277131,0.627482801,0
S185Q,0.343710361,0.661979267,0
S185R,0.016206634,0.611415072,0
S185T,-0.293862873,0.563542595,0
S185V,0.390262504,0.669166579,0
S185W,0.294609608,0.654398468,0
S185Y,-0.020830731,0.605696773,0
D186A,-0.207791795,0.576831343,0
D186C,0.336287346,0.660833207,0
D186E,0.577624427,0.698093898,0
D186F,0.415704221,0.673094596,0
D186G,0.254206037,0.64816045,0
D186H,0.350550494,0.663035334,0
D186I,-0.279825087,0.565709927,0
D186K,0.437189018,0.676411692,0
D186L,-0.120794831,0.590263042,0
D186M,-0.44922993,0.539555051,0
D186N,0.307883038,0.656447789,0
D186P,0.249016598,0.647359238,0
D186Q,-0.369210979,0.551909395,0
D186R,-0.532497808,0.526699096,0
D186S,0.239874677,0.645947792,0
D186T,0.482299504,0.683376423,0
D186V,0.204103508,0.640424984,0
D186W,0.135724178,0.629867712,0
D186Y,0.376312612,0.667012818,0
G187A,0.422081569,0.674079212,0
G187C,0.564327868,0.696041006,0
G187D,0.541877628,0.692574852,0
G187E,0.392277845,0.669477733,0
G187F,0.423524711,0.674302022,0
G187H,0.528436982,0.690499714,0
G187I,0.229238534,0.644305649,0
G187K,0.591891435,0.700296621,0
G187L,0.210466679,0.641407411,0
G187M,0.468716584,0.681279319,0
G187N,1.018611138,0.766179041,1
G187P,0.499846672,0.686085578,0
G187Q,0.004972232,0.609680562,0
G187R,-0.165099043,0.583422794,0
G187S,0.105700318,0.625232247,0
G187T,0.699679638,0.716938336,0
G187V,-0.282185715,0.565345463,0
G187W,-0.45027587,0.539393565,0
G187Y,0.448190215,0.678110197,0
L188A,0.364405434,0.665174436,0
L188C,0.159625786,0.633557947,0
L188D,0.651579672,0.709512051,0
L188E,0.741809615,0.723442898,0
L188F,0.467327731,0.68106489,0
L188G,-0.357791909,0.553672416,0
L188H,0.805866134,0.733332759,0
L188I,0.39585242,0.670029622,0
L188K,0.692858772,0.715885243,0
L188M,0.685805748,0.714796308,0
L188N,0.930024368,0.752501887,0
L188P,0.05016513,0.616658017,0
L188Q,0.470629313,0.681574631,0
L188R,0.401390432,0.670884651,0
L188S,-0.873614763,0.474033118,0
L188T,0.472030271,0.681790928,0
L188V,0.057508405,0.617791766,0
L188W,-0.603522374,0.515733419,0
L188Y,0.151756139,0.632342931,0
A189C,-0.050333427,0.601141771,0
A189D,-0.011847711,0.607083686,0
A189E,0.850373281,0.740204339,0
A189F,0.546919288,0.693353248,0
A189G,-0.632035251,0.511331238,0
A189H,-0.226858769,0.573887541,0
A189I,0.610148667,0.703115405,0
A189K,-1.671183047,0.350894373,0
A189L,0.295467475,0.654530916,0
A189M,0.745907914,0.724075645,0
A189N,-0.704258401,0.500180509,0
A189P,-0.692751779,0.501957048,0
A189Q,0.801588455,0.732672316,0
A189R,-1.320229711,0.405079016,0
A189S,0.549936626,0.693819103,0
A189T,0.695920881,0.716358011,0
A189V,0.762345938,0.726613557,0
A189W,-0.05773912,0.599998386,0
A189Y,-0.312470771,0.560669671,0
P190A,0.139076602,0.630385302,0
P190C,-1.517353674,0.37464451,0
P190D,-0.863698565,0.475564107,0
P190E,-1.839072302,0.324973492,0
P190F,0.160601846,0.633708643,0
P190G,-0.839294093,0.47933198,0
P190H,0.599842109,0.701524147,0
P190I,-2.034509475,0.294799414,0
P190K,0.373189629,0.666530652,0
P190L,-1.434909745,0.387373253,0
P190M,-1.339257072,0.40214133,0
P190N,0.570629522,0.697013936,0
P190Q,-1.032608753,0.449485601,0
P190R,-1.320688786,0.405008139,0
P190S,-0.182804368,0.580689221,0
P190T,-0.340778727,0.556299128,0
P190V,-1.981360084,0.303005293,0
P190W,-0.786017836,0.487557446,0
P190Y,0.672354902,0.712719595,0
P191A,-0.197108601,0.578480751,0
P191C,0.778504869,0.729108378,0
P191D,0.557721785,0.695021075,0
P191E,0.307380262,0.656370164,0
P191F,0.425236889,0.67456637,0
P191G,0.197855964,0.639460408,0
P191H,0.59080794,0.700129337,0
P191I,0.596111185,0.700948119,0
P191K,0.80456954,0.733132574,0
P191L,-0.897303227,0.470375791,0
P191M,1.010492506,0.764925583,1
P191N,0.093380136,0.6233301,0
P191Q,-0.154025399,0.585132484,0
P191R,0.520541303,0.689280679,0
P191S,-0.602071448,0.515957431,0
P191T,0.322030429,0.658632043,0
P191V,0.795727847,0.731767481,0
P191W,-1.279400428,0.411382761,0
P191Y,0.253190661,0.648003683,0
Q192A,0.055634694,0.617502478,0
Q192C,0.344130261,0.662044097,0
Q192D,0.47913134,0.682887282,0
Q192E,1.016602922,0.765868987,1
Q192F,0.661463713,0.711038075,0
Q192G,0.373969958,0.666651129,0
Q192H,0.024704401,0.612727066,0
Q192I,0.725123667,0.720866709,0
Q192K,0.504547154,0.686811299,0
Q192L,0.375668881,0.66691343,0
Q192M,0.856428595,0.741139235,0
Q192N,0.609846129,0.703068695,0
Q192P,0.069028948,0.619570454,0
Q192R,0.079697026,0.621217527,0
Q192S,-1.032066562,0.449569312,0
Q192T,0.22905857,0.644277864,0
Q192V,0.720204544,0.720107232,0
Q192W,0.446103748,0.677788062,0
Q192Y,0.47404721,0.682102329,0
H193A,-1.207695893,0.42245342,0
H193C,-1.571914065,0.366220782,0
H193D,-1.488078804,0.379164337,0
H193E,-2.019096824,0.297179015,0
H193F,-0.28309796,0.565204619,0
H193G,-1.766364719,0.336199015,0
H193I,-1.57813569,0.365260208,0
H193K,-1.388675377,0.394511503,0
H193L,-1.050249113,0.446762058,0
H193M,0.646769957,0.708769465,0
H193N,-0.658397182,0.507261148,0
H193P,-1.264402659,0.413698307,0
H193Q,0.051900712,0.616925979,0
H193R,-1.178291782,0.426993201,0
H193S,-1.668271738,0.351343858,0
H193T,-2.068905403,0.289488932,0
H193V,-1.51897235,0.374394598,0
H193W,-1.699885251,0.346462961,0
H193Y,-0.953067563,0.461766183,0
L194A,-1.597871558,0.362213134,0
L194C,-1.488207117,0.379144526,0
L194D,-2.196989493,0.26971368,0
L194E,-1.465562909,0.382640627,0
L194F,-1.305315529,0.407381658,0
L194G,-2.199391415,0.269342841,0
L194H,-1.42669623,0.38864136,0
L194I,0.192509961,0.638635024,0
L194K,-2.035286395,0.294679463,0
L194M,-2.491844798,0.224190164,0
L194N,-1.850240497,0.323249204,0
L194P,-1.441905227,0.386293201,0
L194Q,-1.977360619,0.303622781,0
L194R,-1.240194753,0.417435832,0
L194S,-1.717878415,0.343684947,0
L194T,-1.862453943,0.321363537,0
L194V,0.238035433,0.645663826,0
L194W,-1.66245566,0.352241818,0
L194Y,-2.028485515,0.295729469,0
I195A,-1.790044106,0.332543089,0
I195C,-1.623847953,0.358202567,0
I195D,-2.256485742,0.260527892,0
I195E,-1.875984283,0.319274551,0
I195F,-1.231068357,0.418844881,0
I195G,-1.686886875,0.348469816,0
I195H,-1.613944754,0.359731549,0
I195K,-1.420408834,0.389612088,0
I195L,0.640894317,0.707862309,0
I195M,0.682091167,0.714222804,0
I195N,-1.014576282,0.452269684,0
I195P,-1.732360803,0.341448972,0
I195Q,-2.200442575,0.269180549,0
I195R,-1.609200875,0.360463969,0
I195S,-1.328365436,0.40382292,0
I195T,-1.09230825,0.440268433,0
I195V,0.07071155,0.619830235,0
I195W,-2.083504321,0.287234966,0
I195Y,-1.817513428,0.328302026,0
R196A,0.736806297,0.722670422,0
R196C,0.864829093,0.742436211,0
R196D,-1.492004787,0.378558193,0
R196E,-1.681789576,0.349256802,0
R196F,-1.571019339,0.366358921,0
R196G,-0.090528966,0.594935872,0
R196H,0.818521764,0.735286696,0
R196I,0.714462819,0.719220751,0
R196K,0.703817499,0.717577191,0
R196L,0.473108956,0.681957469,0
R196M,0.659498582,0.710734673,0
R196N,0.315310104,0.657594474,0
R196P,-1.56154866,0.367821125,0
R196Q,0.238369904,0.645715466,0
R196S,0.215981459,0.642258853,0
R196T,1.345636008,0.816669303,1
R196V,0.711267433,0.718727407,0
R196W,-0.257144568,0.569211634,0
R196Y,-1.91860382,0.312694404,0
V197A,0.809312998,0.733864929,0
V197C,0.923499016,0.75149442,0
V197D,-1.489967333,0.378872762,0
V197E,-1.003155748,0.454032931,0
V197F,-0.376388638,0.550801217,0
V197G,-1.032120425,0.449560996,0
V197H,-1.640640875,0.355609862,0
V197I,1.037613169,0.769112816,1
V197K,-0.957246236,0.461121026,0
V197L,0.005152767,0.609708436,0
V197M,-1.161474953,0.429589597,0
V197N,-2.571784592,0.211848041,0
V197P,-1.535493174,0.371843903,0
V197Q,-1.927683449,0.311292575,0
V197R,-1.635969532,0.356331083,0
V197S,-1.39903188,0.392912534,0
V197T,0.251298073,0.647711482,0
V197W,-1.604658448,0.361165287,0
V197Y,1.476801613,0.836920319,1
E198A,0.404085051,0.67130068,0
E198C,0.922095894,0.751277789,0
E198D,1.038215583,0.769205824,1
E198F,0.895592956,0.747185928,0
E198G,0.06169502,0.618438149,0
E198H,0.605143787,0.702342687,0
E198I,0.599046657,0.701401335,0
E198K,0.313672951,0.657341709,0
E198L,0.767099644,0.727347494,0
E198M,0.9263707,0.751937788,0
E198N,0.916477913,0.750410413,0
E198P,0.651411039,0.709486015,0
E198Q,0.223209852,0.643374864,0
E198R,0.636400608,0.707168513,0
E198S,1.105111153,0.779534014,1
E198T,0.711055842,0.718694739,0
E198V,0.224521757,0.643577413,0
E198W,0.443172271,0.677335463,0
E198Y,0.782454377,0.729718154,0
G199A,0.50463625,0.686825054,0
G199C,0.660378161,0.710870473,0
G199D,0.336631538,0.660886348,0
G199E,-0.031089993,0.604112817,0
G199F,-1.205999698,0.4227153,0
G199H,0.640514474,0.707803664,0
G199I,-1.446434631,0.385593894,0
G199K,-0.023813499,0.605236255,0
G199L,-1.911460438,0.31379729,0
G199M,0.096396715,0.623795838,0
G199N,0.562452356,0.695751441,0
G199P,0.796703605,0.731918131,0
G199Q,0.30903112,0.656625044,0
G199R,0.020199693,0.612031572,0
G199S,0.685154466,0.714695755,0
G199T,0.436926393,0.676371145,0
G199V,-0.553056051,0.523525052,0
G199W,-1.843908261,0.324226855,0
G199Y,0.199400339,0.639698849,0
N200A,0.610681007,0.703197594,0
N200C,0.960999118,0.757284164,0
N200D,0.561895462,0.69566546,0
N200E,0.443122502,0.677327779,0
N200F,0.234972136,0.645190876,0
N200G,0.648771047,0.709078419,0
N200H,0.299316432,0.655125167,0
N200I,-0.222808223,0.574512916,0
N200K,-0.336178143,0.557009425,0
N200L,1.092753062,0.777626015,1
N200M,0.771383051,0.728008821,0
N200P,1.154127936,0.787101849,1
N200Q,0.987601507,0.761391379,0
N200R,0.521501601,0.689428942,0
N200S,0.367030406,0.665579712,0
N200T,0.374372413,0.666713265,0
N200V,1.245353425,0.801186401,1
N200W,-0.956422552,0.461248197,0
N200Y,0.555343341,0.694653861,0
L201A,0.151598537,0.632318598,0
L201C,-0.479892308,0.534821002,0
L201D,0.214769633,0.642071756,0
L201E,0.115820998,0.626794806,0
L201F,0.005533211,0.609767174,0
L201G,0.337383526,0.66100245,0
L201H,0.67487742,0.713109053,0
L201I,0.676230091,0.713317896,0
L201K,0.518945887,0.689034358,0
L201M,0.360217374,0.66452783,0
L201N,0.750345304,0.724760746,0
L201P,0.298979966,0.655073219,0
L201Q,0.675802823,0.713251929,0
L201R,1.027749003,0.767589861,1
L201S,0.508033734,0.687349601,0
L201T,0.665531048,0.711666042,0
L201V,0.488835581,0.684385546,0
L201W,0.647888796,0.708942206,0
L201Y,0.682364646,0.714265027,0
R202A,-0.381641008,0.549990289,0
R202C,0.702203077,0.717327936,0
R202D,0.758867555,0.72607652,0
R202E,0.36619224,0.665450306,0
R202F,0.754932047,0.725468906,0
R202G,1.11168799,0.78054943,1
R202H,0.525926493,0.690112113,0
R202I,0.472944919,0.681932143,0
R202K,0.647370869,0.708862242,0
R202L,0.479748822,0.682982616,0
R202M,0.809796748,0.733939617,0
R202N,0.975091523,0.759459928,0
R202P,0.960311975,0.757178074,0
R202Q,0.945655571,0.754915231,0
R202S,0.470810253,0.681602566,0
R202T,0.414904791,0.672971169,0
R202V,-0.270853572,0.567095064,0
R202W,1.012748071,0.765273826,1
R202Y,0.608762872,0.702901448,0
V203A,0.692516567,0.715832409,0
V203C,-0.272382328,0.566859035,0
V203D,-1.971984101,0.304452877,0
V203E,-0.579017756,0.519516754,0
V203F,-1.618976604,0.358954668,0
V203G,0.782179772,0.729675757,0
V203H,-0.273025415,0.566759747,0
V203I,0.718390828,0.719827207,0
V203K,0.652263457,0.709617622,0
V203L,-0.291994639,0.563831036,0
V203M,0.116621286,0.626918365,0
V203N,-1.135218378,0.433643421,0
V203P,0.799129592,0.732292686,0
V203Q,0.956856978,0.756644647,0
V203R,0.097130949,0.623909198,0
V203S,0.728705865,0.721419774,0
V203T,0.884210569,0.74542857,0
V203W,-1.775625702,0.334769186,0
V203Y,-1.735345788,0.340988112,0
E204A,0.540290523,0.692329815,0
E204C,0.390629856,0.669223296,0
E204D,0.408385554,0.671964647,0
E204F,1.061139917,0.772745175,1
E204G,-0.443303882,0.540469989,0
E204H,1.034309985,0.768602828,1
E204I,0.752838794,0.725145723,0
E204K,0.275048001,0.651378298,0
E204L,1.127105697,0.782929812,1
E204M,0.798399383,0.732179947,0
E204N,1.373049185,0.820901698,1
E204P,-1.715168045,0.344103409,0
E204Q,0.500088048,0.686122845,0
E204R,0.504511662,0.686805819,0
E204S,-0.308110922,0.5613428,0
E204T,0.288382751,0.653437086,0
E204V,0.190968266,0.638396998,0
E204W,0.654670585,0.709989265,0
E204Y,0.353267953,0.66345489,0
Y205A,-1.513870608,0.37518227,0
Y205C,-1.638961258,0.355869183,0
Y205D,-1.136410571,0.433459355,0
Y205E,-1.535839256,0.37179047,0
Y205F,-1.488014217,0.379174308,0
Y205G,-1.759475563,0.33726265,0
Y205H,-1.022464523,0.451051797,0
Y205I,-1.59275219,0.363003527,0
Y205K,-1.892107062,0.316785311,0
Y205L,-1.667493324,0.351464039,0
Y205M,-1.997963045,0.300441917,0
Y205N,-1.64808628,0.354460346,0
Y205P,-1.788652064,0.33275801,0
Y205Q,-2.069154911,0.28945041,0
Y205R,-2.030592415,0.295404179,0
Y205S,-1.543895552,0.370546637,0
Y205T,-1.91007649,0.314010962,0
Y205V,-1.589092725,0.363568522,0
Y205W,-1.980099807,0.303199871,0
L206A,0.622900314,0.705084166,0
L206C,0.599142686,0.701416161,0
L206D,0.801886303,0.732718302,0
L206E,1.10948087,0.780208667,1
L206F,-0.082772767,0.596133373,0
L206G,0.408223363,0.671939606,0
L206H,0.98443418,0.760902367,0
L206I,-0.006733777,0.60787324,0
L206K,0.503670775,0.686675992,0
L206M,0.35425415,0.663607151,0
L206N,0.329448636,0.65977736,0
L206P,0.12737237,0.628578254,0
L206Q,0.673914247,0.712960347,0
L206R,1.165335636,0.788832236,1
L206S,0.526369486,0.690180508,0
L206T,0.251031319,0.647670297,0
L206V,0.468444794,0.681237357,0
L206W,-0.554890961,0.523241756,0
L206Y,-0.638572576,0.510321923,0
D207A,0.481681512,0.68328101,0
D207C,0.630256275,0.706219873,0
D207E,0.334326052,0.660530398,0
D207F,0.336094228,0.660803391,0
D207G,-0.378522167,0.550471815,0
D207H,0.570776773,0.69703667,0
D207I,0.46996194,0.681471593,0
D207K,1.254277076,0.802564148,1
D207L,0.367907324,0.665715102,0
D207M,0.194394851,0.638926038,0
D207N,0.373154811,0.666525276,0
D207P,-1.815580373,0.328600475,0
D207Q,1.063884233,0.773168877,1
D207R,0.713252686,0.719033916,0
D207S,0.435479228,0.676147713,0
D207T,0.318980576,0.658161168,0
D207V,0.546884628,0.693347897,0
D207W,-0.064990702,0.598878794,0
D207Y,0.384641111,0.668298677,0
D208A,-1.148023788,0.431666359,0
D208C,0.116699247,0.626930401,0
D208E,0.714380746,0.71920808,0
D208F,-0.744898356,0.493905995,0
D208G,0.276860959,0.651658205,0
D208H,0.393705454,0.669698146,0
D208I,-1.810592578,0.329370555,0
D208K,-2.037048127,0.294407464,0
D208L,-1.923412401,0.311951994,0
D208M,-1.483817691,0.379822222,0
D208N,0.290429399,0.653753074,0
D208P,-2.099782994,0.284721657,0
D208Q,-1.360047312,0.398931468,0
D208R,-1.736463106,0.340815606,0
D208S,0.402670497,0.671082283,0
D208T,-1.381238761,0.395659663,0
D208V,-1.002950219,0.454064663,0
D208W,0.699173086,0.716860128,0
D208Y,0.438031508,0.676541766,0
R209A,0.492723292,0.68498578,0
R209C,0.288715245,0.653488421,0
R209D,0.75089261,0.724845246,0
R209E,0.14032261,0.630577677,0
R209F,0.703606706,0.717544646,0
R209G,0.230780707,0.644543749,0
R209H,0.625858194,0.705540841,0
R209I,0.650660876,0.709370195,0
R209K,0.266839019,0.650110891,0
R209L,0.306652477,0.656257799,0
R209M,0.760546334,0.726335711,0
R209N,0.585075929,0.699244356,0
R209P,-0.023085525,0.605348649,0
R209Q,-1.034708117,0.449161475,0
R209S,0.443757117,0.677425759,0
R209T,0.199126203,0.639656524,0
R209V,0.853044923,0.740616821,0
R209W,0.602753447,0.701973636,0
R209Y,0.254257982,0.64816847,0
N210A,0.808294112,0.733707621,0
N210C,0.515342596,0.688478036,0
N210D,0.144872223,0.631280104,0
N210E,-0.192416768,0.579205136,0
N210F,0.77859263,0.729121928,0
N210G,0.51468409,0.688376368,0
N210H,0.405164304,0.671467309,0
N210I,0.491818491,0.684846086,0
N210K,-0.278448208,0.565922507,0
N210L,0.620285999,0.704680535,0
N210M,0.18326209,0.63720722,0
N210P,0.275396538,0.651432109,0
N210Q,-0.028400321,0.604528083,0
N210R,-0.100237104,0.593437006,0
N210S,0.497380534,0.685704825,0
N210T,-0.696125433,0.50143618,0
N210V,0.605251645,0.70235934,0
N210W,0.55342135,0.694357119,0
N210Y,0.898547278,0.747642053,0
T211A,-0.190322255,0.579528513,0
T211C,0.792343948,0.731245031,0
T211D,0.600453433,0.701618531,0
T211E,-0.214583234,0.575782795,0
T211F,0.464460756,0.68062225,0
T211G,0.443170812,0.677335238,0
T211H,-0.97140918,0.458934371,0
T211I,-1.056246175,0.445836155,0
T211K,-1.420513751,0.38959589,0
T211L,-1.289030789,0.409895903,0
T211M,-0.410041405,0.545605474,0
T211N,0.493757668,0.68514548,0
T211P,-1.270046488,0.412826941,0
T211Q,-0.248212534,0.570590675,0
T211R,-1.246022251,0.416536109,0
T211S,0.466821973,0.680986805,0
T211V,-1.549966059,0.369609394,0
T211W,-0.125287473,0.589569411,0
T211Y,0.393201467,0.669620334,0
F212A,0.099291507,0.624242773,0
F212C,0.325628252,0.659187521,0
F212D,0.2186816,0.642675735,0
F212E,0.328999673,0.659708044,0
F212G,0.314944361,0.657538006,0
F212H,-0.030602819,0.604188033,0
F212I,-0.12298238,0.589925301,0
F212K,0.447792433,0.678048782,0
F212L,0.000673086,0.609016806,0
F212M,0.316810943,0.657826192,0
F212N,0.593290971,0.700512699,0
F212P,0.173228675,0.635658134,0
F212Q,0.453906918,0.678992814,0
F212R,-0.062966828,0.599191266,0
F212S,0.024304847,0.612665378,0
F212T,0.30313326,0.655714458,0
F212V,-0.695102652,0.50159409,0
F212W,-0.389377993,0.548795755,0
F212Y,0.03019569,0.613574881,0
R213A,-0.646815163,0.509049327,0
R213C,-1.362663365,0.398527569,0
R213D,-1.699951705,0.346452701,0
R213E,-1.577829454,0.365307489,0
R213F,-1.382204375,0.395510579,0
R213G,-0.958998448,0.460850497,0
R213H,0.295004798,0.654459482,0
R213I,-2.615271159,0.205134032,0
R213K,-3.231805256,0.109945649,0
R213L,-0.338151122,0.556704811,0
R213M,-0.928753493,0.465520099,0
R213N,-2.002590607,0.299727455,0
R213P,-0.515648016,0.529300581,0
R213Q,-0.635715681,0.510763006,0
R213S,-1.484391856,0.379733575,0
R213T,-1.749998019,0.338725914,0
R213V,-1.518346599,0.374491209,0
R213W,-1.511843882,0.375495181,0
R213Y,-1.59816877,0.362167246,0
H214A,-0.443919739,0.540374906,0
H214C,-1.071795479,0.443435456,0
H214D,-1.425096523,0.388888343,0
H214E,-0.266188316,0.567815345,0
H214F,-1.637736758,0.356058237,0
H214G,-1.579424254,0.365061263,0
H214I,-1.804639415,0.33028968,0
H214K,-1.540885402,0.371011382,0
H214L,-0.621422784,0.512969726,0
H214M,-0.223686767,0.574377275,0
H214N,0.451591086,0.678635267,0
H214P,-1.078645328,0.442377889,0
H214Q,0.536439341,0.69173522,0
H214R,-0.883746059,0.472468919,0
H214S,-0.440882882,0.540843774,0
H214T,-0.808306079,0.484116304,0
H214V,-1.177495491,0.427116142,0
H214W,-1.652165509,0.353830542,0
H214Y,0.033277243,0.61405065,0
S215A,0.127706814,0.62862989,0
S215C,-0.034482183,0.603589088,0
S215D,-1.720744142,0.3432425,0
S215E,-1.970363234,0.304703127,0
S215F,-2.253634277,0.260968137,0
S215G,-1.189212996,0.425307045,0
S215H,-1.125902157,0.435081778,0
S215I,-0.55723925,0.522879197,0
S215K,-1.822209726,0.327576951,0
S215L,-1.727586606,0.342186073,0
S215M,-1.438991441,0.386743069,0
S215N,-0.950272036,0.462197792,0
S215P,-1.795797259,0.331654844,0
S215Q,-1.555579619,0.368742702,0
S215R,-0.860658688,0.476033441,0
S215T,-0.854048193,0.477054054,0
S215V,-1.643560769,0.355159052,0
S215W,-1.05676234,0.445756463,0
S215Y,0.45911153,0.679796369,0
V216A,0.216020716,0.642264914,0
V216C,-0.512431907,0.529797125,0
V216D,-2.384611329,0.240746232,0
V216E,-0.767836551,0.490364505,0
V216F,-1.09579462,0.439730163,0
V216G,-1.65044808,0.354095701,0
V216H,-1.666398287,0.351633105,0
V216I,-1.379485154,0.395930407,0
V216K,-2.653697748,0.199201246,0
V216L,-0.336674692,0.556932761,0
V216M,-1.133720273,0.433874718,0
V216N,-0.526735241,0.527588794,0
V216P,-2.319645394,0.250776501,0
V216Q,-2.666518504,0.197221814,0
V216R,-2.235965752,0.263696029,0
V216S,-1.186462876,0.425731643,0
V216T,0.037008189,0.614626681,0
V216W,-1.737860192,0.340599906,0
V216Y,-1.879132326,0.318788516,0
V217A,0.590504344,0.700082464,0
V217C,-0.566390311,0.52146634,0
V217D,-2.078208561,0.288052592,0
V217E,-0.537159375,0.525979384,0
V217F,0.422657271,0.674168096,0
V217G,-1.516094448,0.374838925,0
V217H,-0.860855943,0.476002987,0
V217I,-0.138561902,0.587519936,0
V217K,-1.23157172,0.418767166,0
V217L,0.212924337,0.641786856,0
V217M,0.335078336,0.660646545,0
V217N,-0.811717838,0.483589553,0
V217P,-1.822244995,0.327571506,0
V217Q,0.254422786,0.648193915,0
V217R,0.317192753,0.657885141,0
V217S,0.33828703,0.661141944,0
V217T,0.472346396,0.681839736,0
V217W,-0.826923991,0.481241833,0
V217Y,0.105026072,0.625128148,0
V218A,0.27114541,0.650775766,0
V218C,-0.391249692,0.548506778,0
V218D,-1.216559283,0.421084977,0
V218E,-0.578737313,0.519560052,0
V218F,-0.359775106,0.553366225,0
V218G,-1.579863939,0.364993379,0
V218H,-2.320833979,0.250592992,0
V218I,0.865251185,0.742501379,0
V218K,-0.717946913,0.498067102,0
V218L,0.483505722,0.683562654,0
V218M,-0.126166429,0.589433707,0
V218N,-1.08042065,0.442103792,0
V218P,-2.084217679,0.287124828,0
V218Q,-1.825202294,0.327114921,0
V218R,-1.31622591,0.405697174,0
V218S,-1.756523347,0.337718451,0
V218T,0.370389498,0.666098332,0
V218W,-1.640175952,0.355681643,0
V218Y,-1.946594718,0.308372813,0
P219A,-0.876321467,0.473615222,0
P219C,-0.703732986,0.500261629,0
P219D,0.105810348,0.625249235,0
P219E,-0.011684263,0.607108921,0
P219F,-0.943779282,0.463200226,0
P219G,0.405095479,0.671456683,0
P219H,0.426895527,0.674822452,0
P219I,-1.011367611,0.452765079,0
P219K,-0.642788334,0.50967104,0
P219L,0.324871357,0.659070662,0
P219M,0.573083975,0.697392886,0
P219N,0.542270655,0.692635533,0
P219Q,0.193601619,0.638803569,0
P219R,-0.143104984,0.586818517,0
P219S,0.249273547,0.64739891,0
P219T,0.4242376,0.674412087,0
P219V,-0.13204207,0.58852655,0
P219W,0.183181592,0.637194792,0
P219Y,0.322937037,0.658772017,0
Y220A,-1.8716221,0.31994804,0
Y220C,-1.146324281,0.431928751,0
Y220D,-1.396189654,0.393351353,0
Y220E,-1.680535503,0.349450422,0
Y220F,0.245045995,0.646746206,0
Y220G,-1.965183897,0.305502779,0
Y220H,-0.732117212,0.495879311,0
Y220I,-1.51063581,0.375681699,0
Y220K,-1.88293689,0.318201119,0
Y220L,-0.67103363,0.505310172,0
Y220M,-1.626857753,0.357737876,0
Y220N,-1.292837231,0.409308216,0
Y220P,-1.721421153,0.343137974,0
Y220Q,-2.239807738,0.263102854,0
Y220R,-1.924751442,0.311745256,0
Y220S,-1.410579328,0.391129692,0
Y220T,-1.939353872,0.309490747,0
Y220V,-1.408936961,0.391383262,0
Y220W,0.053675548,0.6172,0
E221A,0.33178941,0.660138759,0
E221C,-0.354059604,0.554248657,0
E221D,0.349676865,0.662900452,0
E221F,0.171156098,0.635338143,0
E221G,0.197054569,0.639336679,0
E221H,0.75216933,0.725042362,0
E221I,0.657161333,0.710373818,0
E221K,0.192616461,0.638651467,0
E221L,0.077872892,0.620935894,0
E221M,0.657799795,0.710472392,0
E221N,0.260402185,0.64911709,0
E221P,-0.039527336,0.602810153,0
E221Q,0.144734719,0.631258874,0
E221R,-0.043925553,0.6021311,0
E221S,-0.627408861,0.512045519,0
E221T,0.276358323,0.651580602,0
E221V,0.743013795,0.723628814,0
E221W,0.219584437,0.642815127,0
E221Y,0.472304548,0.681833275,0
P222A,-0.344140086,0.555780159,0
P222C,1.005968303,0.764227079,1
P222D,0.354332953,0.663619318,0
P222E,0.230246646,0.644461294,0
P222F,0.398841285,0.670491081,0
P222G,0.418456106,0.673519467,0
P222H,0.587317991,0.699590514,0
P222I,0.827114738,0.736613389,0
P222K,0.40763648,0.671848995,0
P222L,0.539745758,0.692245707,0
P222M,0.979810701,0.760188535,0
P222N,0.823966801,0.73612737,0
P222Q,0.662571394,0.711209092,0
P222R,0.347906011,0.662627045,0
P222S,0.737757115,0.722817221,0
P222T,0.444962478,0.677611858,0
P222V,0.813926139,0.734577165,0
P222W,0.705643136,0.717859056,0
P222Y,1.12811913,0.783086278,1
P223A,-0.461649971,0.537637487,0
P223C,0.41867405,0.673553116,0
P223D,1.13083939,0.783506267,1
P223E,-0.481257779,0.534610184,0
P223F,-2.162855308,0.27498375,0
P223G,0.585062406,0.699242268,0
P223H,0.460222152,0.679967841,0
P223I,0.196583596,0.639263964,0
P223K,0.482763682,0.683448089,0
P223L,-0.320254381,0.559467938,0
P223M,0.248972484,0.647352428,0
P223N,0.545138928,0.693078373,0
P223Q,0.292209695,0.654027939,0
P223R,0.435435196,0.676140915,0
P223S,0.574440726,0.697602358,0
P223T,0.653560694,0.709817906,0
P223V,0.364968967,0.665261441,0
P223W,-1.783688269,0.333524384,0
P223Y,-0.88769295,0.471859548,0
E224A,-0.232345048,0.5730405,0
E224C,0.025499573,0.612849835,0
E224D,0.558218579,0.695097776,0
E224F,0.156795263,0.633120935,0
E224G,0.045004506,0.615861255,0
E224H,0.259261132,0.64894092,0
E224I,0.170538778,0.635242834,0
E224K,-0.057381226,0.600053642,0
E224L,0.467817882,0.681140566,0
E224M,-0.497191396,0.532150149,0
E224N,-0.018112199,0.606116494,0
E224P,-0.051329818,0.600987935,0
E224Q,0.524024836,0.689818511,0
E224R,-0.179062494,0.581266939,0
E224S,0.670118814,0.712374359,0
E224T,0.22215145,0.643211455,0
E224V,0.534241588,0.691395903,0
E224W,0.390079165,0.669138273,0
E224Y,0.549805655,0.693798882,0
V225A,0.238500432,0.645735619,0
V225C,0.025799545,0.612896148,0
V225D,0.429032471,0.675152381,0
V225E,-0.040001114,0.602737005,0
V225F,0.499009695,0.685956355,0
V225G,-0.728533508,0.496432609,0
V225H,0.264894255,0.649810633,0
V225I,0.388745111,0.668932305,0
V225K,0.475271771,0.682291392,0
V225L,-0.663198296,0.50651989,0
V225M,-0.774319136,0.489363641,0
V225N,-0.455102678,0.538648341,0
V225P,0.240381689,0.646026071,0
V225Q,-0.093180168,0.594526545,0
V225R,0.222790289,0.643310087,0
V225S,0.469174948,0.681350087,0
V225T,0.453462349,0.678924176,0
V225W,-0.695187734,0.501580954,0
V225Y,0.177250085,0.636279011,0
G226A,-0.499694594,0.531763673,0
G226C,0.132552722,0.629378063,0
G226D,0.395112545,0.669915391,0
G226E,0.53193182,0.691039292,0
G226F,-0.332673573,0.557550505,0
G226H,0.069025509,0.619569923,0
G226I,0.054881168,0.617386139,0
G226K,0.811725024,0.734237329,0
G226L,0.210212123,0.64136811,0
G226M,0.157070785,0.633163473,0
G226N,0.813371382,0.734491514,0
G226P,0.43694927,0.676374677,0
G226Q,-0.020168208,0.605799061,0
G226R,0.43198257,0.675607854,0
G226S,0.211977876,0.641640729,0
G226T,0.418112381,0.673466398,0
G226V,0.550475353,0.693902279,0
G226W,-0.217451903,0.575339893,0
G226Y,-0.4121384,0.545281713,0
S227A,-0.090140062,0.594995916,0
S227C,0.685481246,0.714746207,0
S227D,0.954497293,0.756280329,0
S227E,1.000570947,0.763393766,1
S227F,0.375231864,0.666845958,0
S227G,0.805070717,0.733209952,0
S227H,0.304964112,0.655997128,0
S227I,0.858328607,0.741432583,0
S227K,-0.418325527,0.544326466,0
S227L,-0.931782002,0.465052519,0
S227M,0.441926578,0.677143137,0
S227N,0.45412126,0.679025907,0
S227P,0.026836128,0.613056189,0
S227Q,-0.031071308,0.604115702,0
S227R,0.193199177,0.638741434,0
S227T,0.488308199,0.684304122,0
S227V,0.185469412,0.637548015,0
S227W,0.702805264,0.71742091,0
S227Y,0.524363507,0.689870799,0
D228A,-0.015232766,0.606561058,0
D228C,-0.152030495,0.585440483,0
D228E,0.229169044,0.64429492,0
D228F,0.401670019,0.670927817,0
D228G,0.281115002,0.652314999,0
D228H,0.619047726,0.704489355,0
D228I,0.608234284,0.702819838,0
D228K,0.172922916,0.635610927,0
D228L,-0.288055101,0.564439273,0
D228M,-0.102398471,0.593103307,0
D228N,0.174437848,0.635844822,0
D228P,0.476211957,0.68243655,0
D228Q,0.343937026,0.662014262,0
D228R,-1.16684674,0.428760232,0
D228S,-0.135785814,0.587948543,0
D228T,-0.828311684,0.481027584,0
D228V,0.439019836,0.676694357,0
D228W,0.052113011,0.616958756,0
D228Y,0.329777727,0.65982817,0
C229A,-0.401534646,0.546918856,0
C229D,-1.802097971,0.33068206,0
C229E,-0.136276124,0.587872843,0
C229F,0.355219539,0.6637562,0
C229G,0.053609559,0.617189812,0
C229H,0.259748993,0.649016242,0
C229I,0.861400605,0.741906877,0
C229K,0.418887709,0.673586103,0
C229L,-1.263461227,0.413843658,0
C229M,0.641000283,0.70787867,0
C229N,0.353922253,0.663555909,0
C229P,0.399543373,0.670599478,0
C229Q,0.265099516,0.649842324,0
C229R,0.489256814,0.684450581,0
C229S,0.371403862,0.666254942,0
C229T,0.02120284,0.61218645,0
C229V,-0.777165944,0.488924114,0
C229W,0.109457097,0.625812266,0
C229Y,0.250974564,0.647661534,0
T230A,0.297117816,0.654785717,0
T230C,-0.005508608,0.608062397,0
T230D,-2.260077117,0.259973409,0
T230E,-1.655065871,0.353382748,0
T230F,0.63386842,0.706777562,0
T230G,-1.140510096,0.432826418,0
T230H,0.2529216,0.647962142,0
T230I,0.109700201,0.6258498,0
T230K,0.506198618,0.687066273,0
T230L,0.471130204,0.681651964,0
T230M,0.728618214,0.721406241,0
T230N,0.499499897,0.686032039,0
T230P,-1.262140639,0.414047547,0
T230Q,0.765336031,0.727075205,0
T230R,0.546123154,0.693230331,0
T230S,-0.178738021,0.581317035,0
T230V,0.61121731,0.703280395,0
T230W,0.533237112,0.69124082,0
T230Y,-0.888116012,0.47179423,0
T231A,0.3498291,0.662923956,0
T231C,0.121927476,0.627737602,0
T231D,-1.134871048,0.433697046,0
T231E,0.279210105,0.652020896,0
T231F,-1.442742026,0.386164006,0
T231G,-2.007019889,0.299043606,0
T231H,-1.085972785,0.441246583,0
T231I,0.091603037,0.623055729,0
T231K,0.616956052,0.704166415,0
T231L,0.793394944,0.731407298,0
T231M,-0.017142556,0.6062662,0
T231N,0.470189944,0.681506795,0
T231P,-1.043594259,0.447789519,0
T231Q,-0.229349062,0.573503058,0
T231R,0.219016889,0.642727501,0
T231S,0.318368005,0.658066592,0
T231V,-0.294793706,0.563398881,0
T231W,-2.696147579,0.1926473,0
T231Y,-2.252558293,0.261134261,0
I232A,-1.862963579,0.321284853,0
I232C,-1.167011286,0.428734827,0
I232D,-2.837390732,0.170840384,0
I232E,-2.385023287,0.240682629,0
I232F,-0.180276965,0.581079433,0
I232G,-2.198173461,0.269530884,0
I232H,-1.876594502,0.319180337,0
I232K,-2.329848094,0.249201278,0
I232L,0.050161532,0.616657462,0
I232M,0.331204457,0.660048446,0
I232N,-0.799914224,0.485411945,0
I232P,-1.271232648,0.412643807,0
I232Q,-1.715609478,0.344035255,0
I232R,-1.729919156,0.341825945,0
I232S,-1.391751982,0.394036498,0
I232T,-0.952886729,0.461794102,0
I232V,0.417364584,0.673350944,0
I232W,-1.506095228,0.376382732,0
I232Y,-0.433834491,0.541931994,0
H233A,0.225023025,0.643654805,0
H233C,0.711864762,0.71881963,0
H233D,-0.435285227,0.541708011,0
H233E,-0.031804029,0.604002575,0
H233F,0.921172063,0.751135156,0
H233G,0.419835578,0.673732447,0
H233I,-0.015736383,0.606483303,0
H233K,-0.715972878,0.498371879,0
H233L,0.465799687,0.680828971,0
H233M,0.580188023,0.698489699,0
H233N,0.502309989,0.686465897,0
H233P,-1.076195293,0.442756157,0
H233Q,0.473674396,0.682044769,0
H233R,0.759726812,0.726209183,0
H233S,0.076078485,0.620658851,0
H233T,-0.893108789,0.471023382,0
H233V,-0.007402382,0.607770012,0
H233W,0.685438811,0.714739655,0
H233Y,0.811535477,0.734208064,0
Y234A,-1.583721678,0.364397772,0
Y234C,-1.091143978,0.440448188,0
Y234D,-1.191916049,0.424889713,0
Y234E,-1.88748861,0.317498366,0
Y234F,0.397949078,0.670353331,0
Y234G,-1.361857525,0.398651985,0
Y234H,-0.96937242,0.459248832,0
Y234I,0.06239675,0.618546491,0
Y234K,-1.126893039,0.434928793,0
Y234L,-1.145585829,0.432042762,0
Y234M,0.050408704,0.616695623,0
Y234N,-0.884399823,0.472367983,0
Y234P,-2.105872183,0.28378153,0
Y234Q,-1.858123308,0.322032155,0
Y234R,-1.943096991,0.308912837,0
Y234S,-1.590755304,0.363311832,0
Y234T,-1.517883371,0.374562728,0
Y234V,-0.296603885,0.563119402,0
Y234W,-1.700826768,0.346317598,0
N235A,0.185703906,0.637584219,0
N235C,0.91384097,0.750003288,0
N235D,-1.000719779,0.454409027,0
N235E,1.320972031,0.812861364,1
N235F,0.444947174,0.677609495,0
N235G,1.115398434,0.781122295,1
N235H,-0.308266165,0.561318831,0
N235I,0.374156092,0.666679867,0
N235K,0.349287151,0.662840283,0
N235L,0.627176384,0.70574436,0
N235M,0.669831801,0.712330047,0
N235P,-2.09367446,0.28566477,0
N235Q,-0.821809034,0.482031546,0
N235R,0.038640647,0.614878721,0
N235S,0.297665852,0.65487033,0
N235T,-0.503268036,0.53121196,0
N235V,0.467857027,0.68114661,0
N235W,0.534359682,0.691414136,0
N235Y,0.380901755,0.667721348,0
Y236A,-1.429361994,0.388229785,0
Y236C,-1.005376493,0.453690064,0
Y236D,-1.280425568,0.411224487,0
Y236E,-1.742126364,0.33994124,0
Y236F,0.915299383,0.750228457,0
Y236G,-2.227817643,0.264954038,0
Y236H,-0.621554736,0.512949353,0
Y236I,-2.111981984,0.282838221,0
Y236K,-2.21532698,0.266882505,0
Y236L,-1.716923714,0.343832346,0
Y236M,-1.943799007,0.30880445,0
Y236N,-1.265366215,0.413549541,0
Y236P,-1.817003531,0.32838075,0
Y236Q,-1.662676845,0.352207668,0
Y236R,-1.336034476,0.402638876,0
Y236S,-1.291847252,0.409461062,0
Y236T,-1.997693359,0.300483554,0
Y236V,-1.761166073,0.337001648,0
Y236W,0.38999215,0.669124839,0
M237A,0.74924137,0.724590307,0
M237C,-0.310196888,0.561020742,0
M237D,-1.405018791,0.391988199,0
M237E,-1.437987265,0.386898106,0
M237F,-1.398942364,0.392926355,0
M237G,0.6871554,0.715004684,0
M237H,-0.844606941,0.478511714,0
M237I,-0.669911542,0.505483414,0
M237K,-1.151181407,0.431178846,0
M237L,0.266225859,0.650016223,0
M237N,1.17657868,0.790568081,1
M237P,-2.041764416,0.293679303,0
M237Q,0.328587269,0.659644372,0
M237R,0.628626508,0.705968249,0
M237S,0.732886347,0.72206521,0
M237T,0.190991358,0.638400563,0
M237V,-0.501626725,0.531465366,0
M237W,1.027149006,0.767497225,1
M237Y,-0.544748856,0.524807623,0
C238A,-2.703135494,0.191568417,0
C238D,-1.832062506,0.326055754,0
C238E,-1.726677861,0.342326377,0
C238F,-0.320878716,0.559371545,0
C238G,-0.922756364,0.466446012,0
C238H,-2.197527422,0.269630628,0
C238I,-1.213878243,0.42149891,0
C238K,-1.702350663,0.346082319,0
C238L,-1.710705961,0.344792322,0
C238M,-2.341601426,0.247386649,0
C238N,-2.234983537,0.263847676,0
C238P,-1.799140912,0.331138609,0
C238Q,-2.365184336,0.243745619,0
C238R,-0.820923554,0.482168257,0
C238S,-0.721313871,0.497547268,0
C238T,-1.562291279,0.36770647,0
C238V,-1.499581015,0.377388479,0
C238W,-1.211970639,0.42179343,0
C238Y,-1.508380745,0.376029865,0
N239A,-0.241146766,0.571681578,0
N239C,-1.45044349,0.384974956,0
N239D,-0.905192643,0.469157723,0
N239E,-0.960888816,0.460558638,0
N239F,-0.577206631,0.519796378,0
N239G,-0.942120767,0.463456289,0
N239H,0.264071586,0.649683619,0
N239I,-0.600469822,0.516204711,0
N239K,0.051481372,0.616861236,0
N239L,0.493297517,0.685074436,0
N239M,0.551364251,0.694039518,0
N239P,-1.754201138,0.338076983,0
N239Q,-0.069092645,0.598245484,0
N239R,0.265912628,0.649967863,0
N239S,-0.672217772,0.505127349,0
N239T,-1.331321678,0.403366497,0
N239V,-0.704317188,0.500171432,0
N239W,0.471160093,0.681656579,0
N239Y,-1.189054442,0.425331524,0
S240A,-1.985794444,0.30232066,0
S240C,-0.50383264,0.531124789,0
S240D,-1.727713607,0.342166465,0
S240E,-1.675954758,0.350157655,0
S240F,-2.238709546,0.263272407,0
S240G,-0.488413821,0.533505343,0
S240H,-1.809702634,0.329507956,0
S240I,0.342624134,0.661811561,0
S240K,-1.703379127,0.345923532,0
S240L,0.159008893,0.633462703,0
S240M,0.737566213,0.722787747,0
S240N,0.242533472,0.646358291,0
S240P,-1.995132685,0.300878904,0
S240Q,-0.58897483,0.517979454,0
S240R,-0.315422638,0.560213924,0
S240T,0.384052691,0.66820783,0
S240V,-0.616696881,0.513699371,0
S240W,-2.437393876,0.232596991,0
S240Y,-1.695824792,0.347089866,0
S241A,-1.07240193,0.443341824,0
S241C,-1.573566139,0.365965714,0
S241D,-1.913093285,0.313545191,0
S241E,-2.087149749,0.286672138,0
S241F,-1.462822198,0.383063773,0
S241G,-1.963153974,0.305816184,0
S241H,-2.204053719,0.268623015,0
S241I,-1.613564421,0.35979027,0
S241K,-1.797674003,0.331365089,0
S241L,-1.53323515,0.372192525,0
S241M,-1.886833576,0.317599499,0
S241N,-1.917728804,0.3128295,0
S241P,-0.874723021,0.473862011,0
S241Q,-0.895407795,0.470668432,0
S241R,-1.948715615,0.308045362,0
S241T,-0.850833692,0.477550349,0
S241V,-1.611982525,0.360034503,0
S241W,-2.158724025,0.27562159,0
S241Y,-0.164174545,0.58356553,0
C242A,-1.6602188,0.352587173,0
C242D,-1.340856905,0.401894328,0
C242E,-1.993693925,0.301101038,0
C242F,-0.083471368,0.596025514,0
C242G,-1.01422818,0.452323428,0
C242H,-1.318327591,0.40537269,0
C242I,-1.602167869,0.361549814,0
C242K,-2.074653959,0.288601397,0
C242L,-1.371270619,0.397198671,0
C242M,-2.317148316,0.251162031,0
C242N,-2.370256229,0.242962556,0
C242P,-2.179218406,0.272457407,0
C242Q,-1.264403457,0.413698184,0
C242R,-0.558821769,0.522634867,0
C242S,-1.034280073,0.449227562,0
C242T,-1.882607568,0.318251964,0
C242V,-1.387388664,0.394710162,0
C242W,-0.80393489,0.484791183,0
C242Y,-0.925361363,0.466043819,0
M243A,0.854942747,0.740909831,0
M243C,0.402125395,0.670998124,0
M243D,-1.107922197,0.437857753,0
M243E,-2.34354846,0.247086041,0
M243F,-0.900532044,0.469877285,0
M243G,-1.267365752,0.413240827,0
M243H,-0.424442951,0.54338198,0
M243I,0.008587905,0.610238796,0
M243K,-0.011874599,0.607079534,0
M243L,0.215641968,0.642206438,0
M243N,0.584412317,0.699141899,0
M243P,0.088326362,0.622549834,0
M243Q,0.852157971,0.740479882,0
M243R,-1.055750913,0.44591262,0
M243S,0.342211947,0.661747923,0
M243T,0.234471927,0.645113647,0
M243V,0.058840373,0.617997412,0
M243W,-1.726922313,0.342288635,0
M243Y,-0.895633581,0.470633572,0
G244A,-1.391268728,0.394111109,0
G244C,-0.1977226,0.578385954,0
G244D,-1.082347956,0.44180623,0
G244E,-2.129376059,0.280152703,0
G244F,-1.311544198,0.406419997,0
G244H,-1.555957135,0.368684416,0
G244I,-1.240063773,0.417456054,0
G244K,-1.80078219,0.330885207,0
G244L,-1.494557042,0.378164144,0
G244M,-1.72730168,0.342230064,0
G244N,-1.838922038,0.324996692,0
G244P,-1.899374564,0.315663261,0
G244Q,-1.211381626,0.421884369,0
G244R,-1.21148389,0.421868581,0
G244S,-0.98943069,0.45615198,0
G244T,-2.189064748,0.270937203,0
G244V,-0.366355896,0.552350199,0
G244W,-1.63430944,0.35658739,0
G244Y,-2.055260755,0.291595567,0
G245A,-1.113667024,0.436970794,0
G245C,0.044244468,0.61574391,0
G245D,0.312981567,0.657234965,0
G245E,-1.642822796,0.355272989,0
G245F,-1.816523517,0.328454861,0
G245H,-1.943258015,0.308887976,0
G245I,-1.311653693,0.406403091,0
G245K,-1.591499256,0.363196971,0
G245L,-1.848399354,0.323533463,0
G245M,-1.149205024,0.431483985,0
G245N,-1.962798048,0.305871137,0
G245P,-1.680340919,0.349480464,0
G245Q,-0.887952022,0.471819549,0
G245R,-1.418708166,0.389874659,0
G245S,-0.710639579,0.499195301,0
G245T,-1.622907833,0.358347715,0
G245V,-0.326075456,0.558569206,0
G245W,-1.543942232,0.37053943,0
G245Y,-1.77681579,0.334585445,0
M246A,-1.810857239,0.329329693,0
M246C,-1.316469203,0.405659612,0
M246D,-0.789796514,0.486974046,0
M246E,-1.725718764,0.342474454,0
M246F,-1.503280341,0.37681733,0
M246G,-1.722501484,0.342971179,0
M246H,-2.076614213,0.288298748,0
M246I,-0.15165657,0.585498214,0
M246K,-1.110200344,0.437506024,0
M246L,-0.444974267,0.540212094,0
M246N,-1.343701048,0.401455213,0
M246P,0.546017924,0.693214084,0
M246Q,-1.509233392,0.375898222,0
M246R,-1.369558859,0.397462955,0
M246S,-1.772767517,0.335210469,0
M246T,-1.071512224,0.443479188,0
M246V,-0.569898535,0.520924695,0
M246W,-1.234429226,0.418325988,0
M246Y,-1.884697574,0.317929282,0
N247A,1.049254768,0.770910194,1
N247C,0.572402088,0.697287607,0
N247D,0.671886169,0.712647226,0
N247E,0.861706127,0.741954048,0
N247F,-0.082192279,0.596222996,0
N247G,1.254010273,0.802522956,1
N247H,0.6560502,0.710202268,0
N247I,-0.992861406,0.455622303,0
N247K,0.273657849,0.651163668,0
N247L,-1.29009328,0.409731862,0
N247M,0.779285267,0.729228866,0
N247P,-1.013384023,0.45245376,0
N247Q,0.256832751,0.648565996,0
N247R,0.197075643,0.639339933,0
N247S,0.426833721,0.67481291,0
N247T,-0.581361413,0.51915491,0
N247V,-1.769046746,0.335784929,0
N247W,-0.017577108,0.606199108,0
N247Y,0.637633055,0.707358794,0
R248A,-1.92649379,0.31147625,0
R248C,-0.913468087,0.467880054,0
R248D,-1.715783966,0.344008315,0
R248E,-1.302548071,0.407808933,0
R248F,-2.033779998,0.29491204,0
R248G,-1.448878124,0.385216637,0
R248H,-1.155559972,0.430502827,0
R248I,-1.978586059,0.303433582,0
R248K,-0.560897886,0.52231433,0
R248L,-0.394104588,0.548066003,0
R248M,-1.72548957,0.34250984,0
R248N,-1.546387264,0.370161934,0
R248P,-1.743365156,0.33974998,0
R248Q,-0.985384825,0.456776633,0
R248S,-1.740222263,0.34023522,0
R248T,-1.433104412,0.387651983,0
R248V,-2.025439943,0.296199683,0
R248W,-0.689231246,0.502500592,0
R248Y,-1.345465909,0.401182731,0
R249A,-1.886752724,0.317611982,0
R249C,-1.344630604,0.401311696,0
R249D,-1.537541917,0.371527592,0
R249E,-1.539084035,0.3712895,0
R249F,-1.537100193,0.371595791,0
R249G,-0.816669649,0.482825029,0
R249H,-1.882551986,0.318260545,0
R249I,-1.798494094,0.331238473,0
R249K,0.105510807,0.625202988,0
R249L,-1.682674026,0.349120249,0
R249M,-0.129990455,0.588843305,0
R249N,-1.1282491,0.434719427,0
R249P,-1.472725278,0.38153481,0
R249Q,-1.702147976,0.346113613,0
R249S,-0.315549385,0.560194355,0
R249T,-1.245017184,0.416691284,0
R249V,-1.654525555,0.353466168,0
R249W,-1.106477322,0.438080831,0
R249Y,-1.857526318,0.322124326,0
P250A,-0.729956285,0.496212942,0
P250C,0.195563574,0.63910648,0
P250D,-2.026842057,0.295983207,0
P250E,-0.4147756,0.544874549,0
P250F,-2.402965072,0.237912548,0
P250G,0.396696919,0.670160006,0
P250H,0.296527225,0.654694534,0
P250I,-1.738064124,0.340568421,0
P250K,1.288757253,0.807887637,1
P250L,-0.637740215,0.510450433,0
P250M,-0.68628583,0.502955343,0
P250N,0.771313612,0.7279981,0
P250Q,-0.105955823,0.592554077,0
P250R,0.53785503,0.691953793,0
P250S,0.591159712,0.700183648,0
P250T,0.696527184,0.71645162,0
P250V,0.76427476,0.726911353,0
P250W,-1.937699496,0.309746171,0
P250Y,-1.629726109,0.357295023,0
I251A,-1.537310816,0.371563272,0
I251C,-1.193075533,0.424710697,0
I251D,-1.68533318,0.348709695,0
I251E,-2.097746055,0.285036145,0
I251F,-0.750517005,0.493038517,0
I251G,-1.629565598,0.357319804,0
I251H,-1.725516373,0.342505702,0
I251K,-2.729396587,0.187513895,0
I251L,-1.380967467,0.395701548,0
I251M,0.777895784,0.72901434,0
I251N,-1.168578303,0.428492891,0
I251P,-1.558034948,0.368363617,0
I251Q,-2.817168884,0.173962491,0
I251R,-1.98817535,0.301953066,0
I251S,-1.35346504,0.399947723,0
I251T,-0.154247214,0.585098238,0
I251V,0.489771608,0.684530062,0
I251W,-1.670474929,0.351003701,0
I251Y,-2.352991368,0.245628125,0
L252A,0.478957782,0.682860486,0
L252C,-0.134509275,0.588145632,0
L252D,1.121469271,0.782059589,1
L252E,1.367205361,0.819999454,1
L252F,0.363593057,0.665049011,0
L252G,-1.91356635,0.313472153,0
L252H,0.205428649,0.640629576,0
L252I,0.5871052,0.699557661,0
L252K,0.581295126,0.698660628,0
L252M,1.044457615,0.770169549,1
L252N,0.443747011,0.677424199,0
L252P,-0.871803698,0.474312733,0
L252Q,0.369285842,0.665927935,0
L252R,0.714588431,0.719240145,0
L252S,-0.845507548,0.478372667,0
L252T,0.304537248,0.655931223,0
L252V,0.651812257,0.70954796,0
L252W,0.720706938,0.720184798,0
L252Y,0.083942337,0.621872973,0
T253A,-0.484877549,0.534051317,0
T253C,0.460817334,0.680059732,0
T253D,-2.517268058,0.220264998,0
T253E,-0.955580664,0.461378178,0
T253F,-2.219214151,0.266282354,0
T253G,-2.182022987,0.2720244,0
T253H,-0.381010179,0.550087684,0
T253I,0.250836868,0.647640275,0
T253K,-1.514939538,0.375017235,0
T253L,-1.790033344,0.332544751,0
T253M,0.561340883,0.695579838,0
T253N,0.331282207,0.66006045,0
T253P,-1.216974123,0.421020929,0
T253Q,0.899968291,0.747861448,0
T253R,-1.649633991,0.35422139,0
T253S,0.328910226,0.659694234,0
T253V,0.61494608,0.70385609,0
T253W,-1.315734086,0.405773108,0
T253Y,-1.647627868,0.354531121,0
I254A,-1.880349891,0.318600533,0
I254C,-0.451732389,0.539168689,0
I254D,-1.370952273,0.397247822,0
I254E,-1.715244543,0.344091598,0
I254F,0.098045378,0.62405038,0
I254G,-1.723827824,0.342766402,0
I254H,-1.642194628,0.355369974,0
I254K,-1.85428837,0.322624242,0
I254L,0.211111839,0.641507019,0
I254M,0.966405676,0.758118897,0
I254N,-1.589521859,0.363502267,0
I254P,-2.058553356,0.291087213,0
I254Q,-1.627775743,0.357596145,0
I254R,-1.106289008,0.438109906,0
I254S,-1.200558825,0.423555331,0
I254T,-0.861905441,0.475840952,0
I254V,0.369348171,0.665937559,0
I254W,-1.522155477,0.373903146,0
I254Y,-0.594367967,0.517146793,0
I255A,-1.140733133,0.432791983,0
I255C,-1.700987365,0.346292803,0
I255D,-1.626543326,0.357786421,0
I255E,-2.140953103,0.278365291,0
I255F,-0.388236111,0.548972053,0
I255G,-1.496035376,0.3779359,0
I255H,-1.487338228,0.379278676,0
I255K,-1.319008153,0.405267616,0
I255L,0.44896214,0.678229377,0
I255M,0.599730633,0.701506936,0
I255N,-1.295732323,0.408861235,0
I255P,-1.527257273,0.373115466,0
I255Q,-1.165824851,0.428918004,0
I255R,-2.289411971,0.255444321,0
I255S,-1.328251779,0.403840467,0
I255T,-0.808822137,0.484036628,0
I255V,0.443664415,0.677411446,0
I255W,-2.116878368,0.282082255,0
I255Y,-2.249782026,0.261562897,0
T256A,0.31867699,0.658114297,0
T256C,1.356393204,0.818330136,1
T256D,0.948140465,0.755298881,0
T256E,0.228889037,0.644251689,0
T256F,-0.284419814,0.565000534,0
T256G,-2.379030139,0.241607928,0
T256H,-0.609536382,0.5148049,0
T256I,0.303255905,0.655733393,0
T256K,0.029321839,0.613439965,0
T256L,0.230431176,0.644489784,0
T256M,1.051520913,0.771260071,1
T256N,0.538936735,0.6921208,0
T256P,-0.310277041,0.561008367,0
T256Q,0.916924688,0.750479392,0
T256R,0.584938105,0.699223077,0
T256S,0.654316883,0.709934656,0
T256V,0.199697446,0.63974472,0
T256W,-1.51710077,0.374683556,0
T256Y,0.785285311,0.730155229,0
L257A,-2.533206976,0.217804145,0
L257C,-1.949535411,0.307918791,0
L257D,-2.618939926,0.204567601,0
L257E,-1.413835046,0.390627033,0
L257F,-1.432130823,0.387802298,0
L257G,-2.17318909,0.273388289,0
L257H,-1.593077951,0.362953232,0
L257I,1.021987215,0.766700282,1
L257K,-2.376601718,0.241982858,0
L257M,0.490358823,0.684620723,0
L257N,-2.248960133,0.261689791,0
L257P,-1.251508541,0.415689066,0
L257Q,-0.752536792,0.492726676,0
L257R,-1.199471793,0.423723161,0
L257S,-1.57957172,0.365038496,0
L257T,-1.700013749,0.346443122,0
L257V,-0.858445776,0.476375099,0
L257W,-1.665422411,0.351783773,0
L257Y,-1.779759477,0.334130961,0
E258A,-1.189364922,0.425283589,0
E258C,-2.205938399,0.268332034,0
E258D,-0.678880001,0.504098749,0
E258F,-1.208601854,0.422313546,0
E258G,-1.053651161,0.446236807,0
E258H,-1.443924711,0.385981408,0
E258I,-1.218409526,0.420799313,0
E258K,-1.286815173,0.410237978,0
E258L,-1.300577724,0.40811314,0
E258M,-1.72172211,0.343091509,0
E258N,-1.098355281,0.439334815,0
E258P,-1.644760461,0.354973828,0
E258Q,-1.385773707,0.3949595,0
E258R,-2.159270147,0.275537273,0
E258S,-1.922794207,0.312047439,0
E258T,-0.992897471,0.455616735,0
E258V,-0.689035224,0.502530857,0
E258W,-1.827902773,0.326697986,0
E258Y,-1.596507738,0.362423698,0
D259A,0.063046633,0.618646828,0
D259C,-0.203997554,0.577417147,0
D259E,0.445606988,0.677711365,0
D259F,-1.730941761,0.341668062,0
D259G,0.300014698,0.655232974,0
D259H,0.272836759,0.651036898,0
D259I,-1.644493557,0.355015036,0
D259K,-1.502776135,0.376895176,0
D259L,-2.239063486,0.263217761,0
D259M,-2.059507453,0.290939907,0
D259N,0.15835195,0.633361276,0
D259P,-1.830320851,0.326324653,0
D259Q,-1.5587377,0.368255117,0
D259R,-1.471568274,0.381713443,0
D259S,0.533112718,0.691221614,0
D259T,-0.072391117,0.597736224,0
D259V,-1.397750225,0.393110413,0
D259W,-1.513270579,0.37527491,0
D259Y,-0.733824683,0.49561569,0
S260A,0.314025072,0.657396074,0
S260C,0.128435195,0.628742346,0
S260D,0.434147653,0.675942127,0
S260E,0.236084815,0.645362665,0
S260F,0.171447895,0.635383195,0
S260G,0.168101091,0.634866472,0
S260H,0.606657858,0.702576449,0
S260I,0.831839463,0.737342852,0
S260K,0.108557737,0.625673411,0
S260L,-0.2292516,0.573518106,0
S260M,0.32070199,0.658426942,0
S260N,1.074893091,0.774868565,1
S260P,0.109473925,0.625814864,0
S260Q,0.606463977,0.702546515,0
S260R,0.488043913,0.684263318,0
S260T,0.566065201,0.696309238,0
S260V,0.785150059,0.730134347,0
S260W,0.34631788,0.662381849,0
S260Y,0.502524229,0.686498974,0
S261A,0.89488298,0.747076312,0
S261C,0.902168079,0.748201079,0
S261D,0.269597922,0.650536845,0
S261E,0.224681574,0.643602088,0
S261F,0.432207724,0.675642617,0
S261G,0.270863046,0.650732171,0
S261H,0.440173855,0.676872529,0
S261I,0.440647663,0.676945682,0
S261K,0.321585684,0.658563378,0
S261L,0.530502265,0.690818579,0
S261M,-0.227646615,0.573765904,0
S261N,0.409960596,0.672207822,0
S261P,-0.736235973,0.495243404,0
S261Q,-0.429626644,0.542581655,0
S261R,0.455579279,0.679251015,0
S261T,0.574913256,0.697675313,0
S261V,-0.486162458,0.533852937,0
S261W,0.617876462,0.70430852,0
S261Y,0.192259936,0.638596422,0
G262A,0.54465036,0.693002942,0
G262C,0.481148243,0.683198677,0
G262D,0.120890143,0.627577445,0
G262E,-0.28115252,0.565504981,0
G262F,0.064290634,0.618838893,0
G262H,0.362718551,0.664913993,0
G262I,-1.423482923,0.389137471,0
G262K,0.532069478,0.691060545,0
G262L,0.24524468,0.646776882,0
G262M,0.585955978,0.699380229,0
G262N,0.153046807,0.6325422,0
G262P,-1.922550776,0.312085023,0
G262Q,0.369197626,0.665914315,0
G262R,0.042394902,0.615458351,0
G262S,0.171301716,0.635360626,0
G262T,-0.773661344,0.489465199,0
G262V,-0.639838653,0.510126449,0
G262W,-0.64365454,0.509537304,0
G262Y,0.574107581,0.697550923,0
N263A,0.876738095,0.744274874,0
N263C,0.375852867,0.666941836,0
N263D,0.307429787,0.65637781,0
N263E,-0.05725997,0.600072363,0
N263F,0.45694416,0.679461742,0
N263G,0.394890834,0.66988116,0
N263H,0.628564758,0.705958715,0
N263I,-0.244132493,0.571220604,0
N263K,0.380629312,0.667679285,0
N263L,0.751057283,0.72487067,0
N263M,-0.004935663,0.608150856,0
N263P,-1.696501151,0.346985442,0
N263Q,0.479508818,0.682945562,0
N263R,0.979344343,0.760116533,0
N263S,0.474979064,0.6822462,0
N263T,-0.111408615,0.591712206,0
N263V,-0.054896085,0.60043733,0
N263W,0.156533622,0.633080539,0
N263Y,-0.151914137,0.585458448,0
L264A,0.271167001,0.6507791,0
L264C,-0.217060704,0.575400291,0
L264D,0.843998613,0.739220136,0
L264E,0.123267234,0.627944451,0
L264F,-0.149495206,0.585831913,0
L264G,-0.710477452,0.499220332,0
L264H,0.499151235,0.685978208,0
L264I,0.684426942,0.71458343,0
L264K,0.096761177,0.623852108,0
L264M,0.723968109,0.720688299,0
L264N,0.443006906,0.677309932,0
L264P,0.061840361,0.618460588,0
L264Q,0.519551363,0.689127839,0
L264R,-0.248581642,0.570533688,0
L264S,-0.698717636,0.501035963,0
L264T,-0.260279611,0.568727606,0
L264V,0.076118433,0.620665019,0
L264W,-0.694002203,0.501763991,0
L264Y,-0.646515939,0.509095525,0
L265A,-2.357136269,0.244988182,0
L265C,-0.336489218,0.556961397,0
L265D,-0.718392058,0.497998375,0
L265E,-1.764351334,0.336509867,0
L265F,0.781258459,0.729533512,0
L265G,-2.44548818,0.231347289,0
L265H,-0.339576122,0.556484801,0
L265I,0.22477578,0.643616632,0
L265K,-0.977100014,0.458055747,0
L265M,0.478084961,0.682725728,0
L265N,-2.129545944,0.280126474,0
L265P,-0.79935759,0.485497885,0
L265Q,-0.822501401,0.481924649,0
L265R,-1.398830683,0.392943598,0
L265S,-2.266158935,0.259034421,0
L265T,-1.894266006,0.316451986,0
L265V,0.391390925,0.669340799,0
L265W,-1.559770516,0.368095658,0
L265Y,0.504193625,0.686756716,0
G266A,0.256810563,0.64856257,0
G266C,-1.304719995,0.407473604,0
G266D,-1.645486476,0.354861736,0
G266E,-1.023014919,0.45096682,0
G266F,-1.672498031,0.350691349,0
G266H,-1.877373987,0.319059991,0
G266I,-1.698303306,0.346707202,0
G266K,-1.624415603,0.358114926,0
G266L,-1.491068305,0.37870278,0
G266M,-2.018718633,0.297237405,0
G266N,-1.336744653,0.402529229,0
G266P,-1.629473971,0.357333951,0
G266Q,-1.880338719,0.318602258,0
G266R,-1.220048267,0.420546303,0
G266S,-1.687296222,0.348406616,0
G266T,-1.800189534,0.330976709,0
G266V,-0.302197968,0.562255717,0
G266W,-1.631815517,0.356972433,0
G266Y,-1.999295266,0.300236231,0
R267A,0.921023903,0.751112281,0
R267C,0.840059013,0.738611891,0
R267D,-1.970046767,0.304751987,0
R267E,-1.319578136,0.405179615,0
R267F,-0.796992507,0.485863037,0
R267G,-1.403982265,0.392148231,0
R267H,-1.808349588,0.329716856,0
R267I,-0.053390136,0.600669837,0
R267K,-0.010563669,0.607281932,0
R267L,0.457689559,0.679576827,0
R267M,0.615903703,0.70400394,0
R267N,-1.289200714,0.409869668,0
R267P,-1.369010477,0.397547621,0
R267Q,-0.011732103,0.607101535,0
R267S,0.175033446,0.635936778,0
R267T,-0.641137428,0.509925928,0
R267V,0.674540516,0.713057038,0
R267W,0.070845463,0.61985091,0
R267Y,0.39031128,0.66917411,0
N268A,0.299289745,0.655121047,0
N268C,0.88177917,0.745053179,0
N268D,0.082109809,0.621590044,0
N268E,-0.87122103,0.474402693,0
N268F,0.449282016,0.678278763,0
N268G,0.212179215,0.641671814,0
N268H,0.434283246,0.675963062,0
N268I,-0.573774074,0.52032634,0
N268K,0.392613377,0.669529537,0
N268L,-1.1883896,0.425434171,0
N268M,0.264191486,0.649702131,0
N268P,-1.427842965,0.388464312,0
N268Q,-0.287534524,0.564519646,0
N268R,-0.147433251,0.586150264,0
N268S,0.522777389,0.689625914,0
N268T,-0.447264184,0.539858548,0
N268V,0.36242419,0.664868546,0
N268W,-0.619461843,0.513272481,0
N268Y,0.432371343,0.675667878,0
S269A,-0.52333415,0.528113898,0
S269C,0.620166929,0.704662151,0
S269D,-0.990000923,0.456063941,0
S269E,0.389308434,0.669019278,0
S269F,0.836281724,0.738028705,0
S269G,0.037634009,0.614723303,0
S269H,0.255754654,0.648399545,0
S269I,0.556501654,0.694832696,0
S269K,0.635783054,0.707073168,0
S269L,-0.214792167,0.575750537,0
S269M,0.453704951,0.678961632,0
S269N,0.151452561,0.63229606,0
S269P,-1.468567298,0.382176771,0
S269Q,-1.19479238,0.424445628,0
S269R,0.425283283,0.674573533,0
S269T,0.179471275,0.636621946,0
S269V,0.156474182,0.633071362,0
S269W,0.066554192,0.619188369,0
S269Y,0.054636489,0.617348363,0
F270A,-1.624728307,0.358066647,0
F270C,-1.227446351,0.419404093,0
F270D,-2.665005738,0.197455374,0
F270E,-1.318925184,0.405280426,0
F270G,-0.936133089,0.464380743,0
F270H,-2.041493974,0.293721058,0
F270I,-1.242127657,0.417137406,0
F270K,-1.981401178,0.302998949,0
F270L,-1.203994506,0.423024887,0
F270M,-1.59427401,0.362768569,0
F270N,-2.844628392,0.169722942,0
F270P,-1.826990299,0.326838866,0
F270Q,-1.273382075,0.412311951,0
F270R,-1.633470707,0.356716884,0
F270S,-1.053218623,0.446303587,0
F270T,-2.038230224,0.294224957,0
F270V,-0.79542789,0.486104602,0
F270W,-0.39477855,0.547961948,0
F270Y,-0.108719064,0.592127453,0
E271A,0.292067297,0.654005953,0
E271C,-0.03314139,0.603796096,0
E271D,0.211206588,0.641521648,0
E271F,-1.460637811,0.383401027,0
E271G,0.278785468,0.651955336,0
E271H,0.156271116,0.63304001,0
E271I,-1.477159079,0.380850263,0
E271K,-1.313654653,0.406094158,0
E271L,0.052140255,0.616962962,0
E271M,-1.474555928,0.38125217,0
E271N,0.341650731,0.661661275,0
E271P,-1.751652003,0.338470551,0
E271Q,-0.204196365,0.577386452,0
E271R,-1.626719504,0.357759221,0
E271S,0.350712342,0.663060322,0
E271T,0.480470284,0.683094005,0
E271V,-0.759760708,0.491611356,0
E271W,-1.982280359,0.302863209,0
E271Y,-0.528223437,0.527359027,0
V272A,0.046038269,0.61602086,0
V272C,0.852434647,0.740522598,0
V272D,-1.910877152,0.313887345,0
V272E,-1.15325032,0.430859421,0
V272F,-1.58901345,0.363580761,0
V272G,-1.280324441,0.4112401,0
V272H,-1.709465766,0.344983799,0
V272I,0.706907106,0.718054204,0
V272K,-1.556979064,0.368526637,0
V272L,-0.819095044,0.482450566,0
V272M,-1.20047192,0.423568749,0
V272N,-1.63796705,0.356022681,0
V272P,-1.659782879,0.352654476,0
V272Q,-1.797436663,0.331401732,0
V272R,-1.486527608,0.37940383,0
V272S,-1.250196306,0.415891665,0
V272T,1.026484426,0.767394619,1
V272W,-1.504429328,0.376639935,0
V272Y,-1.858890435,0.321913717,0
R273A,-1.893123982,0.316628306,0
R273C,-0.930398222,0.465266164,0
R273D,-1.991381537,0.301458054,0
R273E,-1.59122145,0.363239862,0
R273F,-1.99502548,0.300895455,0
R273G,-1.583272213,0.364467166,0
R273H,-1.438387094,0.386836375,0
R273I,-1.812746798,0.329037959,0
R273K,0.393371803,0.669646633,0
R273L,-0.891221137,0.471314821,0
R273M,-2.036875192,0.294434164,0
R273N,-2.110335692,0.283092397,0
R273P,-1.335750052,0.402682789,0
R273Q,-1.57952911,0.365045074,0
R273S,-1.164742842,0.429085059,0
R273T,-1.68946992,0.348071012,0
R273V,-1.851444446,0.323063323,0
R273W,-1.610396485,0.360279376,0
R273Y,-2.050783466,0.292286828,0
V274A,-0.996061277,0.455128266,0
V274C,-0.643321945,0.509588655,0
V274D,-1.555066321,0.368821951,0
V274E,-2.318998472,0.250876381,0
V274F,-1.004496031,0.453826001,0
V274G,-1.142235096,0.432560091,0
V274H,-1.576163129,0.365564757,0
V274I,0.59497082,0.700772055,0
V274K,-1.704901106,0.34568855,0
V274L,-1.525298544,0.373417879,0
V274M,-1.449475381,0.385124425,0
V274N,-2.097047406,0.285144012,0
V274P,-2.240962562,0.262924558,0
V274Q,-1.748558783,0.338948122,0
V274R,-2.087185892,0.286666558,0
V274S,-1.647620465,0.354532264,0
V274T,-1.891755811,0.316839541,0
V274W,-1.771558536,0.335397127,0
V274Y,-1.919911694,0.312492478,0
C275A,-1.865396071,0.320909294,0
C275D,-1.658941608,0.352784362,0
C275E,-1.848590107,0.323504012,0
C275F,-0.996383434,0.455078527,0
C275G,-1.566749568,0.367018143,0
C275H,-2.092195817,0.285893062,0
C275I,-1.776914282,0.334570239,0
C275K,-1.885915625,0.317741224,0
C275L,-1.707614821,0.345269572,0
C275M,-1.866200286,0.320785129,0
C275N,-1.79249814,0.332164204,0
C275P,-1.853168321,0.322797169,0
C275Q,-1.778500374,0.334325358,0
C275R,-1.401855455,0.392476595,0
C275S,-0.159531445,0.584282391,0
C275T,-2.119088632,0.281741007,0
C275V,-1.857562773,0.322118698,0
C275W,-1.585736657,0.364086674,0
C275Y,-1.439901062,0.38660263,0
A276C,-0.526684337,0.527596653,0
A276D,-0.447955625,0.539751794,0
A276E,-1.982434273,0.302839446,0
A276F,-2.080791038,0.287653877,0
A276G,-1.024980069,0.450663415,0
A276H,-1.964326741,0.305635117,0
A276I,-2.144675294,0.277790612,0
A276K,-1.633811831,0.356664217,0
A276L,-1.749162395,0.338854928,0
A276M,-1.845586254,0.323967785,0
A276N,-1.78449249,0.333400218,0
A276P,-1.63724949,0.356133467,0
A276Q,-1.763094098,0.336703975,0
A276R,-1.810985974,0.329309817,0
A276S,0.19015749,0.63827182,0
A276T,0.611822297,0.703373801,0
A276V,0.377001552,0.667119185,0
A276W,-2.048187606,0.29268761,0
A276Y,-1.854352913,0.322614277,0
C277A,1.500900058,0.840640944,1
C277D,-1.803091909,0.330528603,0
C277E,-2.317180693,0.251157032,0
C277F,-0.732398017,0.495835957,0
C277G,-1.199551738,0.423710818,0
C277H,-1.189429586,0.425273605,0
C277I,1.298893579,0.809452612,1
C277K,-0.77469653,0.489305374,0
C277L,0.063427515,0.618705633,0
C277M,0.755882083,0.725615585,0
C277N,1.349691855,0.817295496,1
C277P,-1.744773877,0.339532484,0
C277Q,0.92815206,0.752212817,0
C277R,0.225987207,0.643803668,0
C277S,-0.271592955,0.566980908,0
C277T,-1.873674467,0.31963117,0
C277V,0.047998699,0.616323536,0
C277W,-0.050232063,0.601157421,0
C277Y,-0.778681963,0.488690052,0
P278A,-1.747799176,0.339065399,0
P278C,-1.658385024,0.352870294,0
P278D,-1.925475392,0.311633483,0
P278E,-1.780378469,0.334035393,0
P278F,-1.771790967,0.335361241,0
P278G,-1.948083951,0.308142886,0
P278H,-0.816542174,0.48284471,0
P278I,-1.663746524,0.352042518,0
P278K,-2.160579474,0.275335122,0
P278L,-1.436664526,0.387102327,0
P278M,-1.565676472,0.367183821,0
P278N,-1.799827149,0.331032659,0
P278Q,-1.574891007,0.365761164,0
P278R,-1.511495099,0.375549031,0
P278S,-1.472913638,0.381505728,0
P278T,-0.830113957,0.480749326,0
P278V,-2.048088483,0.292702913,0
P278W,-1.872179072,0.319862048,0
P278Y,-2.443975226,0.231580878,0
G279A,0.743071115,0.723637664,0
G279C,0.735440017,0.722459478,0
G279D,-1.554003714,0.36898601,0
G279E,-1.087705362,0.440979086,0
G279F,0.897710637,0.747512882,0
G279H,1.018043698,0.766091432,1
G279I,0.996140952,0.762709807,0
G279K,0.095274462,0.62362257,0
G279L,0.711222977,0.718720543,0
G279M,0.507050534,0.687197802,0
G279N,0.776017608,0.728724363,0
G279P,-0.309523241,0.561124748,0
G279Q,0.926180847,0.751908476,0
G279R,0.287892095,0.653361333,0
G279S,0.593944669,0.700613625,0
G279T,0.558855363,0.695196091,0
G279V,0.519341925,0.689095504,0
G279W,0.014454088,0.611144492,0
G279Y,0.450588804,0.678480522,0
R280A,-1.990873571,0.30153648,0
R280C,-1.552652676,0.3691946,0
R280D,-1.971579889,0.304515284,0
R280E,-1.715920269,0.343987271,0
R280F,-1.797128296,0.331449342,0
R280G,-1.214313409,0.421431723,0
R280H,-1.934054052,0.310309001,0
R280I,-1.001484222,0.454291003,0
R280K,-1.568810621,0.366699931,0
R280L,-1.882167828,0.318319856,0
R280M,-1.781006158,0.333938483,0
R280N,-1.615423,0.359503319,0
R280P,-2.427520265,0.234121405,0
R280Q,-2.265491292,0.2591375,0
R280S,-1.180829988,0.42660132,0
R280T,-1.70601817,0.345516083,0
R280V,-1.882458046,0.318275049,0
R280W,-1.933446544,0.310402795,0
R280Y,-2.029161118,0.295625161,0
D281A,-1.753636022,0.338164233,0
D281C,-1.987246255,0.302096511,0
D281E,-0.558087183,0.522748282,0
D281F,-2.143896736,0.277910816,0
D281G,-1.010384274,0.452916899,0
D281H,-1.833124417,0.325891802,0
D281I,-2.068048689,0.289621203,0
D281K,-1.848028774,0.323590678,0
D281L,-1.784449982,0.333406781,0
D281M,-1.924202277,0.311830043,0
D281N,-1.605116557,0.361094559,0
D281P,-1.934989443,0.310164583,0
D281Q,-2.395275622,0.239099743,0
D281R,-1.923321421,0.311966041,0
D281S,-1.799055095,0.331151858,0
D281T,-2.139328862,0.278616062,0
D281V,-1.530184123,0.372663582,0
D281W,-2.04510444,0.293163628,0
D281Y,-1.162746467,0.429393284,0
R282A,0.680594687,0.713991758,0
R282C,0.834995289,0.737830088,0
R282D,-1.873820847,0.31960857,0
R282E,-1.482160849,0.380078026,0
R282F,-1.594126582,0.362791331,0
R282G,-1.170082358,0.428260676,0
R282H,-1.766744154,0.336140433,0
R282I,0.9657061,0.758010887,0
R282K,0.748648352,0.724498749,0
R282L,0.566605581,0.696392669,0
R282M,0.684064354,0.714527449,0
R282N,-1.693610132,0.347431794,0
R282P,-1.819235875,0.328036092,0
R282Q,0.206105804,0.640734124,0
R282S,-0.818676007,0.482515262,0
R282T,-1.80869737,0.329663161,0
R282V,0.101968714,0.624656114,0
R282W,-0.757141577,0.492015731,0
R282Y,-1.49407113,0.378239165,0
R283A,-0.902657925,0.469549065,0
R283C,0.432713713,0.675720738,0
R283D,-0.261218873,0.568582591,0
R283E,-0.552326983,0.523637615,0
R283F,0.644176078,0.708368989,0
R283G,0.517089387,0.688747728,0
R283H,0.108159359,0.625611905,0
R283I,0.875181573,0.744034558,0
R283K,0.811611563,0.734219811,0
R283L,0.326529683,0.659326695,0
R283M,-0.009049228,0.607515751,0
R283N,0.34080546,0.661530771,0
R283P,-1.419456099,0.389759184,0
R283Q,0.448501583,0.67815827,0
R283S,0.194023534,0.638868709,0
R283T,0.24881298,0.647327801,0
R283V,0.364354887,0.665166632,0
R283W,0.415681645,0.67309111,0
R283Y,0.756773185,0.725753164,0
T284A,0.62147956,0.704864812,0
T284C,1.163086666,0.788485012,1
T284D,-1.576482319,0.365515477,0
T284E,-2.053962435,0.291796018,0
T284F,0.955741745,0.756472463,0
T284G,1.281816341,0.806816011,1
T284H,0.852744674,0.740570464,0
T284I,0.562611781,0.695776055,0
T284K,0.256396248,0.648498603,0
T284L,0.72957659,0.721554208,0
T284M,1.099598372,0.778682881,1
T284N,1.241950722,0.800661049,1
T284P,-1.868879243,0.320371517,0
T284Q,-0.430519711,0.542443772,0
T284R,0.514463362,0.688342289,0
T284S,0.876195283,0.744191068,0
T284V,1.377642621,0.821610891,1
T284W,1.374848996,0.821179576,1
T284Y,1.147490955,0.786077147,1
E285A,0.723126558,0.72055837,0
E285C,1.112760337,0.780714992,1
E285D,0.58120404,0.698646565,0
E285F,0.331915667,0.660158252,0
E285G,0.257242045,0.648629188,0
E285H,1.284698165,0.807260943,1
E285I,-1.384184199,0.395204908,0
E285K,-1.494882732,0.37811386,0
E285L,-0.33028503,0.557919278,0
E285M,1.135229625,0.784184087,1
E285N,-0.465910315,0.53697972,0
E285P,-1.40029737,0.392717152,0
E285Q,0.825529206,0.736368594,0
E285R,-1.616154114,0.35939044,0
E285S,1.330093075,0.814269587,1
E285T,-1.241990421,0.417158594,0
E285V,-1.235334435,0.41818623,0
E285W,-1.688415198,0.348233854,0
E285Y,-1.361418517,0.398719764,0
E286A,-1.92717639,0.311370862,0
E286C,-1.637043287,0.356165303,0
E286D,-0.727780137,0.496548924,0
E286F,-1.672521053,0.350687794,0
E286G,-1.561467623,0.367833637,0
E286H,-1.503570859,0.376772476,0
E286I,-1.678580092,0.349752323,0
E286K,-1.402626374,0.392357571,0
E286L,-1.576770547,0.365470976,0
E286M,-1.681136337,0.349357657,0
E286N,-1.752188669,0.338387694,0
E286P,-1.451763585,0.384771143,0
E286Q,-1.695396303,0.347156022,0
E286R,-1.917318036,0.31289292,0
E286S,-1.685880333,0.348625219,0
E286T,-1.614413573,0.359659167,0
E286V,-1.413154233,0.390732146,0
E286W,-1.751413728,0.338507339,0
E286Y,-1.47197909,0.381650016,0
E287A,0.961097185,0.757299304,0
E287C,0.847322653,0.739733344,0
E287D,0.558394508,0.695124939,0
E287F,0.949842114,0.755561603,0
E287G,0.817146174,0.735074315,0
E287H,0.861217765,0.741878648,0
E287I,0.962167493,0.757464552,0
E287K,0.32677558,0.65936466,0
E287L,1.258926528,0.80328199,1
E287M,1.327299596,0.813838294,1
E287N,0.598673266,0.701343686,0
E287P,-1.741265296,0.340074183,0
E287Q,0.990939194,0.761906694,0
E287R,-0.029253601,0.604396343,0
E287S,0.900748098,0.747981844,0
E287T,1.013695181,0.765420053,1
E287V,0.585558637,0.699318883,0
E287W,1.151239143,0.78665584,1
E287Y,1.068380184,0.77386302,1
N288A,0.719674103,0.720025336,0
N288C,0.983021603,0.760684275,0
N288D,0.183278718,0.637209788,0
N288E,-0.624218549,0.51253808,0
N288F,0.873028341,0.743702115,0
N288G,0.804657184,0.733146106,0
N288H,0.322289823,0.658672092,0
N288I,0.361760775,0.66476612,0
N288K,0.68334164,0.714415867,0
N288L,0.907795092,0.749069849,0
N288M,0.792227586,0.731227066,0
N288P,1.123873867,0.782430841,1
N288Q,0.447611534,0.678020853,0
N288R,0.523789541,0.689782183,0
N288S,0.451541147,0.678627556,0
N288T,0.781034155,0.729498882,0
N288V,0.604139672,0.702187659,0
N288W,0.68719289,0.715010472,0
N288Y,0.506691572,0.687142381,0
L289A,0.826513236,0.736520521,0
L289C,0.718016206,0.719769368,0
L289D,0.567811963,0.696578925,0
L289E,0.747552969,0.72432963,0
L289F,0.400362928,0.670726012,0
L289G,0.91736383,0.750547192,0
L289H,0.643128341,0.708207226,0
L289I,0.635773407,0.707071678,0
L289K,0.313152603,0.657261371,0
L289M,0.874522651,0.743932826,0
L289N,0.752721306,0.725127584,0
L289P,0.644746599,0.708457074,0
L289Q,1.151552508,0.786704222,1
L289R,0.753570108,0.725258632,0
L289S,-0.151707613,0.585490333,0
L289T,1.015150673,0.76564477,1
L289V,0.40787273,0.67188547,0
L289W,0.77103751,0.727955472,0
L289Y,0.99057735,0.761850828,0
R290A,0.144837025,0.63127467,0
R290C,0.537298278,0.691867834,0
R290D,1.165413256,0.78884422,1
R290E,0.531171989,0.69092198,0
R290F,0.88575468,0.745666969,0
R290G,1.015944997,0.765767408,1
R290H,0.373659226,0.666603154,0
R290I,0.452021117,0.67870166,0
R290K,0.588776744,0.699815735,0
R290L,0.293541056,0.654233491,0
R290M,0.447857386,0.678058811,0
R290N,0.348136737,0.662662667,0
R290P,-0.010779925,0.607248544,0
R290Q,0.185247293,0.637513721,0
R290S,0.547043363,0.693372404,0
R290T,0.281637687,0.652395697,0
R290V,0.895904684,0.747234056,0
R290W,0.772524743,0.72818509,0
R290Y,0.952465751,0.755966674,0
K291A,0.667224772,0.71192754,0
K291C,0.53039676,0.69080229,0
K291D,0.706227671,0.717949304,0
K291E,0.666350819,0.711792608,0
K291F,0.752150354,0.725039433,0
K291G,0.950167273,0.755611805,0
K291H,1.141187817,0.785103989,1
K291I,0.594040382,0.700628402,0
K291L,0.796153879,0.731833257,0
K291M,0.676598566,0.713374786,0
K291N,0.549563851,0.693761549,0
K291P,0.962351675,0.757492989,0
K291Q,0.20639423,0.640778655,0
K291R,0.169777533,0.635125303,0
K291S,0.606338056,0.702527074,0
K291T,0.772230395,0.728139645,0
K291V,0.727008318,0.721157685,0
K291W,0.906028512,0.748797102,0
K291Y,1.158099624,0.787715049,1
K292A,0.655652788,0.71014091,0
K292C,0.847524509,0.739764509,0
K292D,0.875779375,0.744126855,0
K292E,-0.021127244,0.605650993,0
K292F,0.895335789,0.747146223,0
K292G,0.502949839,0.686564685,0
K292H,1.057441559,0.772174175,1
K292I,0.637678799,0.707365857,0
K292L,1.008298201,0.764586798,1
K292M,0.452628097,0.678795374,0
K292N,0.284768411,0.652879058,0
K292P,0.809422031,0.733881763,0
K292Q,0.59270211,0.700421783,0
K292R,0.223009859,0.643343987,0
K292S,0.645974636,0.708646674,0
K292T,0.573388812,0.69743995,0
K292V,0.397526739,0.670288125,0
K292W,1.039990706,0.76947989,1
K292Y,0.951015191,0.755742718,0
G293A,0.40267593,0.671083122,0
G293C,0.719099637,0.719936642,0
G293D,0.527232749,0.69031379,0
G293E,0.214010732,0.641954587,0
G293F,0.963776787,0.757713015,0
G293H,0.90984163,0.749385819,0
G293I,0.555176266,0.694628065,0
G293K,-0.087289067,0.595436089,0
G293L,0.726489626,0.721077603,0
G293M,0.809932531,0.733960581,0
G293N,0.338602927,0.661190716,0
G293P,0.408079793,0.671917439,0
G293Q,0.720361074,0.720131399,0
G293R,-0.14088542,0.587161201,0
G293S,0.464501053,0.680628472,0
G293T,0.47064346,0.681576815,0
G293V,0.582191879,0.69879908,0
G293W,0.517707607,0.688843177,0
G293Y,0.474984216,0.682246996,0
E294A,0.326959421,0.659393044,0
E294C,0.985164362,0.761015102,0
E294D,0.119913914,0.627426723,0
E294F,0.795402674,0.731717276,0
E294G,-0.392601309,0.548298098,0
E294H,0.414370468,0.672888674,0
E294I,0.447932471,0.678070403,0
E294K,0.256753174,0.64855371,0
E294L,0.717729247,0.719725064,0
E294M,1.166594201,0.78902655,1
E294N,0.143041335,0.630997428,0
E294P,0.48101581,0.68317823,0
E294Q,0.521528033,0.689433023,0
E294R,0.658673833,0.710607337,0
E294S,0.139745604,0.630488591,0
E294T,0.734539518,0.722320448,0
E294V,0.585303985,0.699279566,0
E294W,0.656369159,0.710251512,0
E294Y,0.490641386,0.684664349,0
P295A,-0.736207797,0.495247754,0
P295C,0.703584995,0.717541294,0
P295D,0.117169215,0.627002961,0
P295E,0.665102563,0.711599887,0
P295F,0.578071753,0.698162962,0
P295G,0.462864089,0.680375736,0
P295H,0.407981087,0.6719022,0
P295I,0.70143423,0.717209232,0
P295K,0.301822416,0.655512073,0
P295L,-0.213272426,0.575985174,0
P295M,0.509062351,0.687508412,0
P295N,0.299874953,0.655211399,0
P295Q,0.379853858,0.66755956,0
P295R,0.410594838,0.672305744,0
P295S,0.364979755,0.665263107,0
P295T,0.459074481,0.679790648,0
P295V,0.377094433,0.667133525,0
P295W,1.119066451,0.781688611,1
P295Y,0.264453903,0.649742646,0
H296A,0.961439958,0.757352226,0
H296C,0.336194011,0.660818797,0
H296D,0.497146901,0.685668753,0
H296E,0.204120018,0.640427533,0
H296F,0.3559696,0.663872004,0
H296G,0.370500052,0.666115401,0
H296I,0.203824824,0.640381957,0
H296K,0.633831554,0.70677187,0
H296L,0.355709118,0.663831788,0
H296M,0.234141879,0.64506269,0
H296N,0.483198879,0.68351528,0
H296P,-0.092229431,0.594673332,0
H296Q,0.474033578,0.682100224,0
H296R,0.385280648,0.668397417,0
H296S,-0.572944105,0.520454481,0
H296T,-0.228714912,0.573600966,0
H296V,0.660422332,0.710877293,0
H296W,0.712986073,0.718992752,0
H296Y,0.336706844,0.660897975,0
H297A,0.543550507,0.692833133,0
H297C,0.284606155,0.652854007,0
H297D,0.086051131,0.622198555,0
H297E,0.296836036,0.654742212,0
H297F,0.560465375,0.695444665,0
H297G,0.578927229,0.698295041,0
H297I,0.728861376,0.721443784,0
H297K,0.677446297,0.713505669,0
H297L,0.398073531,0.670372545,0
H297M,0.593565745,0.700555122,0
H297N,0.519937958,0.689187527,0
H297P,-0.697391463,0.501240714,0
H297Q,0.238139351,0.645679871,0
H297R,0.242014375,0.646278146,0
H297S,0.38029469,0.667627621,0
H297T,-0.590564236,0.517734061,0
H297V,0.605830984,0.702448786,0
H297W,0.593237574,0.700504455,0
H297Y,0.232011128,0.644733718,0
E298A,0.694291298,0.716106415,0
E298C,0.345124241,0.66219756,0
E298D,0.128237396,0.628711808,0
E298F,0.566128953,0.696319081,0
E298G,0.50489831,0.686865515,0
E298H,-0.191868873,0.579289727,0
E298I,0.67285252,0.712796424,0
E298K,0.359961617,0.664488343,0
E298L,0.126438686,0.6284341,0
E298M,0.752442607,0.725084554,0
E298N,0.492930893,0.685017832,0
E298P,0.721025032,0.720233909,0
E298Q,0.483284892,0.68352856,0
E298R,-0.26531356,0.567950401,0
E298S,-0.525357859,0.527801452,0
E298T,0.303448152,0.655763075,0
E298V,0.570029725,0.696921332,0
E298W,0.564008217,0.695991654,0
E298Y,0.402871023,0.671113243,0
L299A,-0.366211991,0.552372417,0
L299C,-0.683639762,0.503363877,0
L299D,0.010170362,0.610483116,0
L299E,0.109846324,0.62587236,0
L299F,0.480288298,0.683065908,0
L299G,-0.059221486,0.599769519,0
L299H,0.163356656,0.634133966,0
L299I,0.62246355,0.705016733,0
L299K,-0.491814324,0.53298033,0
L299M,0.442517412,0.677234357,0
L299N,-0.201374453,0.577822134,0
L299P,-0.018766818,0.606015426,0
L299Q,0.172464187,0.635540103,0
L299R,0.340218013,0.661440074,0
L299S,-0.288748211,0.564332261,0
L299T,-0.025807645,0.604928373,0
L299V,0.137024115,0.630068413,0
L299W,0.395130672,0.669918189,0
L299Y,0.058174367,0.617894585,0
P300A,-0.92711168,0.465773583,0
P300C,0.094781292,0.623546428,0
P300D,-0.061509131,0.599416323,0
P300E,0.241312621,0.6461698,0
P300F,0.292272531,0.65403764,0
P300G,0.749327563,0.724603614,0
P300H,0.352496154,0.66333573,0
P300I,0.282346995,0.652505209,0
P300K,0.04622633,0.616049895,0
P300L,0.197428009,0.639394335,0
P300M,0.268540232,0.650373546,0
P300N,0.136626168,0.630006973,0
P300Q,-0.196524524,0.578570928,0
P300R,-0.216904813,0.57542436,0
P300S,0.340332742,0.661457787,0
P300T,0.352735343,0.663372659,0
P300V,0.128129893,0.62869521,0
P300W,0.23594389,0.645340907,0
P300Y,0.247101253,0.647063523,0
P301A,-0.049895413,0.601209397,0
P301C,-0.106452532,0.592477389,0
P301D,0.0906256,0.62290482,0
P301E,-0.582564225,0.518969205,0
P301F,0.211840304,0.641619489,0
P301G,-0.126795407,0.589336597,0
P301H,0.016782846,0.611504035,0
P301I,0.366011392,0.665422384,0
P301K,-0.50016472,0.531691089,0
P301L,-0.024681435,0.605102252,0
P301M,-0.012133115,0.607039621,0
P301N,0.060711531,0.618286305,0
P301Q,-0.898486289,0.470193135,0
P301R,-0.446715465,0.539943266,0
P301S,-0.093818069,0.594428058,0
P301T,0.248398296,0.647263777,0
P301V,-0.080879437,0.596425689,0
P301W,-0.075863221,0.597200156,0
P301Y,-0.049208779,0.601315408,0
G302A,0.399871746,0.670650177,0
G302C,0.640053227,0.707732451,0
G302D,0.097537443,0.623971958,0
G302E,0.187269842,0.637825988,0
G302F,0.881972051,0.745082959,0
G302H,0.314212093,0.657424949,0
G302I,0.867331221,0.742822521,0
G302K,0.068465009,0.619483386,0
G302L,0.584114028,0.699095846,0
G302M,0.540936139,0.692429493,0
G302N,1.315309928,0.811987177,1
G302P,1.125045067,0.782611665,1
G302Q,0.244998973,0.646738946,0
G302R,0.003836368,0.609505193,0
G302S,0.1461666,0.631479946,0
G302T,0.436724071,0.676339908,0
G302V,0.575205169,0.697720382,0
G302W,0.583370881,0.698981109,0
G302Y,0.766082931,0.727190521,0
S303A,-1.142276405,0.432553713,0
S303C,0.848742186,0.739952509,0
S303D,0.119040693,0.627291904,0
S303E,-0.702475631,0.500455755,0
S303F,0.594023044,0.700625726,0
S303G,0.344957862,0.662171872,0
S303H,0.274631349,0.65131397,0
S303I,0.601357933,0.701758179,0
S303K,0.824668265,0.736235671,0
S303L,0.497605244,0.685739518,0
S303M,-0.158598398,0.584426446,0
S303N,0.545947254,0.693203173,0
S303P,0.183389117,0.637226832,0
S303Q,0.742224667,0.723506979,0
S303R,0.530081261,0.690753579,0
S303T,-0.298173317,0.562877094,0
S303V,0.555929206,0.694744314,0
S303W,0.899956893,0.747859688,0
S303Y,0.558543025,0.695147869,0
T304A,0.206888392,0.64085495,0
T304C,0.204338183,0.640461216,0
T304D,0.555383595,0.694660076,0
T304E,0.066832311,0.619231309,0
T304F,0.937576049,0.753667812,0
T304G,0.770234344,0.727831469,0
T304H,-0.29799733,0.562904265,0
T304I,0.197228484,0.63936353,0
T304K,0.491999357,0.68487401,0
T304L,-0.585476796,0.518519525,0
T304M,-0.203881888,0.577435005,0
T304N,0.327053039,0.659407498,0
T304P,-0.152645782,0.585345487,0
T304Q,0.535234669,0.691549228,0
T304R,0.493631548,0.685126008,0
T304S,0.445190841,0.677647115,0
T304V,0.775070784,0.72857818,0
T304W,-0.054401504,0.600513689,0
T304Y,0.642378767,0.708091498,0
K305A,0.510818274,0.687779514,0
K305C,0.511590633,0.687898761,0
K305D,1.049138431,0.770892233,1
K305E,0.361457603,0.664719312,0
K305F,0.584174697,0.699105212,0
K305G,0.426519171,0.674764345,0
K305H,1.393224295,0.824016589,1
K305I,0.556739579,0.69486943,0
K305L,0.798948595,0.732264741,0
K305M,0.50499038,0.68687973,0
K305N,0.200917372,0.639933068,0
K305P,0.648155935,0.70898345,0
K305Q,-0.369762669,0.551824218,0
K305R,0.483990752,0.68363754,0
K305S,-0.626394546,0.512202122,0
K305T,-0.313836092,0.560458875,0
K305V,1.123375712,0.782353929,1
K305W,0.854634332,0.740862214,0
K305Y,0.682158729,0.714233235,0
R306A,-0.077257206,0.596984935,0
R306C,1.35509115,0.818129108,1
R306D,0.70943589,0.71844463,0
R306E,-0.378537827,0.550469397,0
R306F,1.373068665,0.820904706,1
R306G,0.020976578,0.612151517,0
R306H,0.619869303,0.7046162,0
R306I,1.07739608,0.775255008,1
R306K,1.119259657,0.78171844,1
R306L,0.743025833,0.723630673,0
R306M,0.724585462,0.720783614,0
R306N,1.208224253,0.795453927,1
R306P,0.681459929,0.714125345,0
R306Q,0.441513606,0.677079377,0
R306S,0.404686867,0.671393596,0
R306T,0.748519099,0.724478793,0
R306V,1.00819331,0.764570604,1
R306W,0.332080591,0.660183715,0
R306Y,1.289263086,0.807965734,1
A307C,0.569620899,0.696858212,0
A307D,0.327340272,0.659451844,0
A307E,0.371254794,0.666231927,0
A307F,0.775022688,0.728570755,0
A307G,0.101243822,0.624544196,0
A307H,-0.622196016,0.512850344,0
A307I,1.221483245,0.797501019,1
A307K,0.630237555,0.706216983,0
A307L,-0.027270854,0.604702464,0
A307M,0.651438151,0.709490201,0
A307N,0.241868087,0.64625556,0
A307P,0.820189508,0.735544183,0
A307Q,0.408374938,0.671963008,0
A307R,0.523719096,0.689771307,0
A307S,0.321636271,0.658571188,0
A307T,0.4501509,0.678412912,0
A307V,0.631279785,0.706377896,0
A307W,0.851474336,0.740374333,0
A307Y,1.04729935,0.770608292,1
L308A,0.40849905,0.67198217,0
L308C,-0.433173451,0.542034054,0
L308D,0.517154208,0.688757736,0
L308E,0.371804704,0.666316829,0
L308F,0.202626072,0.640196878,0
L308G,0.018070119,0.611702781,0
L308H,0.4519906,0.678696949,0
L308I,0.843962014,0.739214486,0
L308K,0.545825341,0.693184351,0
L308M,0.444927649,0.67760648,0
L308N,0.79839094,0.732178643,0
L308P,0.646082699,0.708663358,0
L308Q,0.818876504,0.735341465,0
L308R,0.848213883,0.739870943,0
L308S,0.652731535,0.70968989,0
L308T,-0.01114787,0.607191736,0
L308V,0.529659002,0.690688385,0
L308W,0.633491125,0.70671931,0
L308Y,0.087868179,0.622479094,0
P309A,-0.370377561,0.551729283,0
P309C,0.159393667,0.633522109,0
P309D,0.304929279,0.65599175,0
P309E,0.926313462,0.75192895,0
P309F,0.800117296,0.73244518,0
P309G,1.025347906,0.767219149,1
P309H,0.583846982,0.699054616,0
P309I,1.049287685,0.770915276,1
P309K,0.663683859,0.711380849,0
P309L,0.665764397,0.711702069,0
P309M,0.173280626,0.635666155,0
P309N,1.022102443,0.766718073,1
P309Q,-0.049404158,0.601285243,0
P309R,0.493150617,0.685051756,0
P309S,0.773509045,0.728337059,0
P309T,0.546509444,0.693289971,0
P309V,1.021006267,0.766548831,1
P309W,0.676689772,0.713388867,0
P309Y,0.244128227,0.646604509,0
N310A,0.232237534,0.644768673,0
N310C,0.53877296,0.692095514,0
N310D,0.923811077,0.7515426,0
N310E,0.55330238,0.694338751,0
N310F,0.069605546,0.619659476,0
N310G,-0.090599947,0.594924913,0
N310H,-0.049125344,0.60132829,0
N310I,0.934365868,0.753172183,0
N310K,0.49044866,0.684634594,0
N310L,0.540226008,0.692319854,0
N310M,0.08140187,0.621480743,0
N310P,0.081022326,0.621422144,0
N310Q,-0.926345592,0.465891861,0
N310R,0.164711432,0.634343134,0
N310S,0.416624931,0.673236747,0
N310T,-0.821053246,0.482148234,0
N310V,0.991908085,0.762056283,0
N310W,0.426298282,0.674730242,0
N310Y,0.442774576,0.677274062,0
N311A,0.841073131,0.738768463,0
N311C,1.091162416,0.777380431,1
N311D,0.361739399,0.664762819,0
N311E,0.153123004,0.632553965,0
N311F,0.875750487,0.744122395,0
N311G,0.463135297,0.680417609,0
N311H,-0.529050776,0.527231292,0
N311I,0.754382618,0.725384078,0
N311K,0.504820938,0.686853569,0
N311L,0.732605121,0.722021791,0
N311M,0.377605514,0.667212432,0
N311P,0.238102469,0.645674176,0
N311Q,-0.118564054,0.590607458,0
N311R,0.280336628,0.652194823,0
N311S,0.473803463,0.682064696,0
N311T,-0.472169806,0.536013301,0
N311V,-0.001159204,0.608733913,0
N311W,0.93831591,0.753782041,0
N311Y,1.020629212,0.766490617,1
T312A,0.244541281,0.646668282,0
T312C,0.53367787,0.691308869,0
T312D,0.260280554,0.649098311,0
T312E,0.233124572,0.644905625,0
T312F,1.128808506,0.783192713,1
T312G,0.395768029,0.670016593,0
T312H,-0.159499971,0.58428725,0
T312I,0.884496123,0.745472657,0
T312K,0.055207621,0.617436541,0
T312L,-0.024302612,0.605160739,0
T312M,0.80448307,0.733119224,0
T312N,0.664915394,0.711570989,0
T312P,-0.206965968,0.576958845,0
T312Q,0.284440209,0.652828386,0
T312R,-0.259727012,0.568812924,0
T312S,0.664299503,0.7114759,0
T312V,1.051356953,0.771234756,1
T312W,0.815696231,0.734850454,0
T312Y,0.858995339,0.741535522,0
S313A,-0.65677848,0.507511063,0
S313C,0.773101207,0.728274092,0
S313D,0.594642761,0.700721405,0
S313E,0.678548565,0.713675852,0
S313F,0.767650045,0.727432472,0
S313G,0.525535096,0.690051684,0
S313H,-0.085542337,0.595705771,0
S313I,0.64348833,0.708262806,0
S313K,0.329868953,0.659842254,0
S313L,0.206003524,0.640718333,0
S313M,1.047602377,0.770655077,1
S313N,0.570503302,0.696994448,0
S313P,0.340322029,0.661456133,0
S313Q,-0.379346639,0.550344523,0
S313R,0.508391682,0.687404866,0
S313T,-0.026973619,0.604748355,0
S313V,1.044223327,0.770133376,1
S313W,0.919598017,0.750892135,0
S313Y,0.957037747,0.756672557,0
S314A,0.257632285,0.648689438,0
S314C,0.241507104,0.646199827,0
S314D,0.494342071,0.685235708,0
S314E,0.56305404,0.695844336,0
S314F,0.331681005,0.660122022,0
S314G,0.935060226,0.753279387,0
S314H,0.727083731,0.721169328,0
S314I,0.377708349,0.667228309,0
S314K,0.848784139,0.739958987,0
S314L,-0.560443323,0.522384511,0
S314M,0.311177882,0.656956489,0
S314N,0.86984654,0.743210868,0
S314P,-0.119693802,0.590433033,0
S314Q,0.538306654,0.69202352,0
S314R,-0.042651271,0.60232784,0
S314T,0.538281844,0.69201969,0
S314V,0.588392055,0.699756342,0
S314W,0.57249615,0.69730213,0
S314Y,0.589499826,0.699927374,0
S315A,0.479992763,0.683020279,0
S315C,0.947613068,0.755217455,0
S315D,1.100228227,0.778780126,1
S315E,0.505754367,0.686997684,0
S315F,0.279729016,0.652101013,0
S315G,0.496219723,0.685525604,0
S315H,-0.214787685,0.575751229,0
S315I,0.304940424,0.655993471,0
S315K,0.997156057,0.762866532,0
S315L,-0.853790845,0.477093786,0
S315M,0.279137073,0.652009621,0
S315N,1.159619033,0.787949635,1
S315P,0.137484595,0.630139508,0
S315Q,0.819993783,0.735513965,0
S315R,0.944189641,0.754688903,0
S315T,0.44466571,0.677566039,0
S315V,0.461051194,0.680095839,0
S315W,0.413104658,0.672693242,0
S315Y,0.542644817,0.692693301,0
P316A,0.408491204,0.671980958,0
P316C,0.714869787,0.719283584,0
P316D,1.404825828,0.825807781,1
P316E,0.391849953,0.66941167,0
P316F,0.459433155,0.679846025,0
P316G,0.693376399,0.715965161,0
P316H,0.539751826,0.692246644,0
P316I,0.903750852,0.748445447,0
P316K,0.803697047,0.732997867,0
P316L,0.475363116,0.682305495,0
P316M,0.634285667,0.706841982,0
P316N,0.915350048,0.750236279,0
P316Q,0.813508801,0.734512731,0
P316R,0.430806861,0.675426333,0
P316S,-0.034010369,0.603661932,0
P316T,0.545706793,0.693166048,0
P316V,0.84189872,0.738895928,0
P316W,0.308231557,0.656501598,0
P316Y,0.186559405,0.637716302,0
Q317A,0.598451428,0.701309436,0
Q317C,0.83910975,0.738465331,0
Q317D,1.010035583,0.764855037,1
Q317E,1.031333454,0.768143274,1
Q317F,0.982856009,0.760658709,0
Q317G,0.918075293,0.750657037,0
Q317H,0.453206766,0.678884716,0
Q317I,0.593421023,0.700532778,0
Q317K,0.552696929,0.694245274,0
Q317L,0.488132364,0.684276974,0
Q317M,1.140114812,0.784938325,1
Q317N,1.003295808,0.763814465,1
Q317P,0.214335361,0.642004708,0
Q317R,0.401626983,0.670921172,0
Q317S,-0.691407941,0.502164526,0
Q317T,0.54595285,0.693204037,0
Q317V,0.431678641,0.67556093,0
Q317W,1.298773479,0.809434069,1
Q317Y,0.820576039,0.735603861,0
P318A,-0.324893704,0.55875166,0
P318C,1.070454099,0.774183217,1
P318D,1.0925542,0.777595312,1
P318E,0.578905623,0.698291706,0
P318F,1.155665845,0.787339291,1
P318G,1.03819237,0.76920224,1
P318H,-0.012705675,0.606951222,0
P318I,0.546598802,0.693303767,0
P318K,0.514140597,0.688292456,0
P318L,0.582503524,0.698847195,0
P318M,0.752914178,0.725157362,0
P318N,0.850461762,0.740217999,0
P318Q,-0.020132828,0.605804524,0
P318R,0.678916696,0.713732688,0
P318S,0.717036757,0.719618149,0
P318T,0.673166734,0.712844936,0
P318V,0.914295592,0.750073479,0
P318W,0.891662229,0.746579052,0
P318Y,0.98812356,0.76147198,0
K319A,1.007102724,0.764402225,1
K319C,0.686176729,0.714853585,0
K319D,0.737230164,0.722735864,0
K319E,0.591942716,0.700304538,0
K319F,0.574584348,0.697624532,0
K319G,0.818866152,0.735339867,0
K319H,0.682727244,0.714321009,0
K319I,0.840545407,0.738686986,0
K319L,0.383457326,0.668115909,0
K319M,0.501270954,0.686305477,0
K319N,0.519633323,0.689140493,0
K319P,0.775629141,0.728664387,0
K319Q,0.742509385,0.723550937,0
K319R,0.08868074,0.622604548,0
K319S,0.452848669,0.678829428,0
K319T,0.652639618,0.709675698,0
K319V,0.773853335,0.728390215,0
K319W,0.990533491,0.761844056,0
K319Y,1.034189786,0.768584271,1
K320A,0.709356835,0.718432424,0
K320C,1.017621398,0.766026232,1
K320D,0.728605306,0.721404248,0
K320E,-0.081853101,0.596275362,0
K320F,0.794209014,0.731532984,0
K320G,0.649489836,0.709189395,0
K320H,0.69828883,0.716723605,0
K320I,0.343827985,0.661997427,0
K320L,0.973167306,0.759162843,0
K320M,0.820503632,0.735592682,0
K320N,0.538127448,0.691995852,0
K320P,0.853486943,0.740685065,0
K320Q,0.42299304,0.674219936,0
K320R,-0.291247782,0.563946346,0
K320S,0.436945633,0.676374115,0
K320T,0.685299179,0.714718097,0
K320V,1.107482171,0.779900082,1
K320W,0.74918744,0.72458198,0
K320Y,1.171421017,0.789771775,1
K321A,0.656232827,0.710230464,0
K321C,0.532179021,0.691077458,0
K321D,1.178920943,0.790929709,1
K321E,0.19489958,0.639003964,0
K321F,1.228316691,0.798556053,1
K321G,0.398300146,0.670407533,0
K321H,0.620787255,0.704757925,0
K321I,0.774697882,0.728520607,0
K321L,1.225783299,0.798164916,1
K321M,0.841182637,0.73878537,0
K321N,-0.301892619,0.56230286,0
K321P,0.998127126,0.763016458,0
K321Q,0.512155574,0.687985983,0
K321R,0.312040632,0.657089691,0
K321S,0.801377645,0.732639769,0
K321T,0.636281129,0.707150067,0
K321V,0.735347273,0.722445159,0
K321W,0.966236983,0.758092852,0
K321Y,0.790070573,0.730894039,0
P322A,0.55586454,0.69473433,0
P322C,0.18316144,0.637191681,0
P322D,1.341347351,0.816007166,1
P322E,0.816546812,0.734981778,0
P322F,0.997110183,0.762859449,0
P322G,0.567373846,0.696511283,0
P322H,-0.261695115,0.568509063,0
P322I,0.788957083,0.730722124,0
P322K,0.255748528,0.648398599,0
P322L,0.628653774,0.705972459,0
P322M,0.903355494,0.748384407,0
P322N,0.826447863,0.736510428,0
P322Q,0.470606122,0.68157105,0
P322R,0.596422617,0.700996202,0
P322S,0.527588381,0.690368697,0
P322T,0.242360531,0.64633159,0
P322V,1.19997836,0.794180821,1
P322W,1.094671728,0.777922243,1
P322Y,0.710673244,0.718635668,0
L323A,0.799844341,0.732403038,0
L323C,0.744760063,0.723898425,0
L323D,0.149229365,0.631952815,0
L323E,0.605646793,0.702420348,0
L323F,0.864319757,0.742357573,0
L323G,0.712780405,0.718960999,0
L323H,0.956830486,0.756640557,0
L323I,0.982070948,0.760537501,0
L323K,0.483054233,0.683492948,0
L323M,0.877584484,0.74440555,0
L323N,0.455400429,0.679223402,0
L323P,0.377426658,0.667184818,0
L323Q,0.444239089,0.677500172,0
L323R,0.591302603,0.700205709,0
L323S,0.529835619,0.690715654,0
L323T,-0.171435522,0.582444488,0
L323V,0.915655718,0.750283472,0
L323W,-0.380870447,0.550109258,0
L323Y,1.045246569,0.770291358,1
D324A,0.88941199,0.746231631,0
D324C,0.923337946,0.751469552,0
D324E,0.582869054,0.698903631,0
D324F,0.971139829,0.758849816,0
D324G,-0.099201501,0.593596895,0
D324H,0.827362375,0.736651622,0
D324I,0.897172402,0.747429783,0
D324K,0.584360865,0.699133955,0
D324L,0.485432021,0.683860061,0
D324M,0.102202018,0.624692135,0
D324N,0.365695114,0.665373553,0
D324P,0.47043625,0.681544823,0
D324Q,0.408460824,0.671976268,0
D324R,0.176042082,0.636092504,0
D324S,1.210588235,0.795818909,1
D324T,0.968693555,0.758472129,0
D324V,0.584624906,0.699174721,0
D324W,0.725265938,0.720888674,0
D324Y,0.645757724,0.708613184,0
G325A,0.686565673,0.714913635,0
G325C,0.844005414,0.739221186,0
G325D,0.176317439,0.636135017,0
G325E,0.166421893,0.634607216,0
G325F,0.789594719,0.73082057,0
G325H,1.333597377,0.814810626,1
G325I,0.920345854,0.751007595,0
G325K,0.286547476,0.653153733,0
G325L,0.46402818,0.680555464,0
G325M,0.580807592,0.698585356,0
G325N,0.544398265,0.69296402,0
G325P,0.718497777,0.719843719,0
G325Q,0.990584126,0.761851874,0
G325R,0.28131202,0.652345417,0
G325S,0.167910622,0.634837065,0
G325T,0.587924757,0.699684194,0
G325V,0.61158514,0.703337186,0
G325W,-0.165307028,0.583390683,0
G325Y,0.709856385,0.718509551,0
E326A,0.49607683,0.685503542,0
E326C,0.798876756,0.732253649,0
E326D,0.003489604,0.609451656,0
E326F,0.14822001,0.631796978,0
E326G,0.561709064,0.695636682,0
E326H,1.181984226,0.791402658,1
E326I,0.836340899,0.738037841,0
E326K,0.341233708,0.66159689,0
E326L,0.834875883,0.737811653,0
E326M,0.26690301,0.65012077,0
E326N,0.214677226,0.642057489,0
E326P,0.907696854,0.749054681,0
E326Q,1.105509424,0.779595504,1
E326R,-0.548968465,0.524156146,0
E326S,0.754883501,0.725461411,0
E326T,0.739356916,0.723064219,0
E326V,0.651482813,0.709497096,0
E326W,0.727746674,0.721271682,0
E326Y,1.012259639,0.765198415,1
Y327A,0.778483674,0.729105106,0
Y327C,0.659340783,0.71071031,0
Y327D,0.228314856,0.64416304,0
Y327E,0.469630687,0.68142045,0
Y327F,-0.304351353,0.56192325,0
Y327G,1.103338901,0.779260391,1
Y327H,1.068460108,0.773875359,1
Y327I,-0.995320434,0.455242647,0
Y327K,-0.081169716,0.596380872,0
Y327L,0.176033683,0.636091207,0
Y327M,1.002227888,0.763649586,1
Y327N,-0.004354657,0.608240559,0
Y327P,0.031702828,0.613807572,0
Y327Q,0.796933966,0.731953697,0
Y327R,0.700543351,0.717071687,0
Y327S,0.628354017,0.705926178,0
Y327T,0.806489153,0.733428948,0
Y327V,0.7417722,0.723437121,0
Y327W,0.608716307,0.702894259,0
F328A,0.454682301,0.679112528,0
F328C,0.442167961,0.677180405,0
F328D,0.175316062,0.635980411,0
F328E,0.693696578,0.716014595,0
F328G,0.528202412,0.690463498,0
F328H,-0.076234695,0.597142803,0
F328I,-0.031858064,0.603994233,0
F328K,0.957471515,0.756739527,0
F328L,0.52190772,0.689491644,0
F328M,0.981518428,0.760452196,0
F328N,0.787576998,0.730509049,0
F328P,-0.104730959,0.592743187,0
F328Q,0.794762705,0.73161847,0
F328R,1.04608159,0.770420279,1
F328S,-0.609930745,0.514744013,0
F328T,0.56245709,0.695752172,0
F328V,0.759724533,0.726208831,0
F328W,0.892478974,0.746705151,0
F328Y,0.633581814,0.706733312,0
T329A,0.37965425,0.667528742,0
T329C,0.676751235,0.713398357,0
T329D,0.751389043,0.724921892,0
T329E,1.138894817,0.784749966,1
T329F,0.380915981,0.667723544,0
T329G,0.365227357,0.665301335,0
T329H,-1.098051923,0.439381652,0
T329I,0.740923273,0.723306053,0
T329K,0.38620632,0.668540334,0
T329L,0.659029494,0.710662249,0
T329M,0.602025367,0.701861226,0
T329N,0.724177459,0.720720621,0
T329P,-0.994333164,0.455395074,0
T329Q,1.049626169,0.770967536,1
T329R,0.654771609,0.710004862,0
T329S,0.143116248,0.631008994,0
T329V,1.093432298,0.777730884,1
T329W,1.071164661,0.774292923,1
T329Y,0.511966668,0.687956818,0
L330A,-1.045169502,0.447546313,0
L330C,0.717723969,0.719724249,0
L330D,-1.606052701,0.360950025,0
L330E,-1.415248284,0.39040884,0
L330F,-0.717902212,0.498074003,0
L330G,-2.331323758,0.248973446,0
L330H,-0.16114191,0.584033747,0
L330I,0.566035765,0.696304693,0
L330K,-3.943922005,0,0
L330M,0.636952567,0.707253732,0
L330N,-1.730096874,0.341798506,0
L330P,-1.248011124,0.416229041,0
L330Q,0.083930663,0.62187117,0
L330R,-0.541174065,0.525359545,0
L330S,-2.000260213,0.300087251,0
L330T,-2.347932629,0.246409157,0
L330V,0.702308076,0.717344147,0
L330W,-1.413308688,0.390708299,0
L330Y,0.480299431,0.683067626,0
Q331A,0.646124795,0.708669857,0
Q331C,0.514201225,0.688301817,0
Q331D,-0.405959385,0.546235708,0
Q331E,0.510411011,0.687716636,0
Q331F,0.55743479,0.694976765,0
Q331G,0.924133684,0.751592409,0
Q331H,0.553279697,0.694335249,0
Q331I,0.535006866,0.691514057,0
Q331K,0.540499341,0.692362055,0
Q331L,0.323278178,0.658824687,0
Q331M,0.433237204,0.675801561,0
Q331N,0.687582772,0.715070667,0
Q331P,-0.306524337,0.561587757,0
Q331R,-0.555097436,0.523209877,0
Q331S,-0.869441981,0.474677365,0
Q331T,0.29396431,0.654298838,0
Q331V,0.755656089,0.725580693,0
Q331W,1.0495945,0.770962646,1
Q331Y,0.308794039,0.656588441,0
I332A,-1.133010591,0.433984288,0
I332C,0.781075305,0.729505235,0
I332D,-2.119245708,0.281716755,0
I332E,-1.955226993,0.307040052,0
I332F,0.589133602,0.699870831,0
I332G,-1.930412341,0.310871254,0
I332H,-2.002406012,0.299755955,0
I332K,-2.504019388,0.222310496,0
I332L,0.059341567,0.618074793,0
I332M,0.815792511,0.734865319,0
I332N,-1.805857133,0.330101673,0
I332P,-2.242330563,0.262713348,0
I332Q,-2.09758224,0.285061437,0
I332R,-2.279284983,0.257007855,0
I332S,-1.677543115,0.349912424,0
I332T,-0.488438648,0.53350151,0
I332V,0.60878864,0.702905426,0
I332W,-1.833731327,0.3257981,0
I332Y,-1.682566524,0.349136847,0
R333A,0.406288516,0.671640879,0
R333C,0.577687597,0.698103651,0
R333D,0.027783353,0.613202434,0
R333E,0.500408638,0.686172342,0
R333F,0.655480173,0.71011426,0
R333G,0.200544058,0.639875431,0
R333H,0.773129831,0.728278511,0
R333I,0.176369751,0.636143093,0
R333K,1.281709181,0.806799466,1
R333L,0.505168188,0.686907182,0
R333M,0.843379591,0.739124564,0
R333N,0.831172417,0.737239865,0
R333P,-0.081295457,0.596361458,0
R333Q,0.527062305,0.690287474,0
R333S,0.491938844,0.684864667,0
R333T,0.688745581,0.715250197,0
R333V,-0.031531745,0.604044614,0
R333W,0.520296485,0.689242881,0
R333Y,0.447043336,0.677933127,0
G334A,-0.260257901,0.568730958,0
G334C,0.486465143,0.684019568,0
G334D,0.803463383,0.732961791,0
G334E,0.413299952,0.672723394,0
G334F,0.739819446,0.72313563,0
G334H,0.606379276,0.702533438,0
G334I,-1.690918512,0.34784736,0
G334K,1.004531896,0.764005308,1
G334L,-0.021284843,0.605626661,0
G334M,0.305033812,0.656007889,0
G334N,0.644214891,0.708374982,0
G334P,0.059290826,0.618066959,0
G334Q,1.32393472,0.813318782,1
G334R,0.078179571,0.620983243,0
G334S,0.433917356,0.675906571,0
G334T,0.818426738,0.735272025,0
G334V,-0.265302666,0.567952083,0
G334W,-0.088527539,0.595244878,0
G334Y,0.64686206,0.708783686,0
R335A,-0.052752425,0.600768295,0
R335C,0.490027295,0.684569538,0
R335D,0.35682658,0.664004316,0
R335E,0.57984131,0.698436169,0
R335F,1.160814116,0.788134147,1
R335G,0.135125036,0.629775209,0
R335H,0.229860226,0.644401634,0
R335I,0.902495278,0.748251596,0
R335K,0.870146953,0.74325725,0
R335L,0.391047155,0.669287724,0
R335M,0.507713427,0.687300148,0
R335N,0.463224853,0.680431436,0
R335P,0.322738588,0.658741378,0
R335Q,0.706579168,0.718003573,0
R335S,0.578835022,0.698280805,0
R335T,0.417887136,0.673431622,0
R335V,0.15287964,0.632516391,0
R335W,0.980899384,0.76035662,0
R335Y,1.070703184,0.774221674,1
E336A,1.187298769,0.792223185,1
E336C,0.979335984,0.760115242,0
E336D,0.707519627,0.718148773,0
E336F,1.232573466,0.799213269,1
E336G,0.834013135,0.737678451,0
E336H,1.151356469,0.786673955,1
E336I,0.735152643,0.72241511,0
E336K,0.501705517,0.686372571,0
E336L,0.944317356,0.754708621,0
E336M,1.07841018,0.775411578,1
E336N,1.00406439,0.763933128,1
E336P,1.016583672,0.765866015,1
E336Q,0.816818794,0.73502377,0
E336R,1.070346419,0.774166592,1
E336S,0.250993578,0.64766447,0
E336T,1.134766199,0.784112538,1
E336V,0.967584853,0.758300953,0
E336W,1.121769711,0.782105974,1
E336Y,1.385103615,0.822762815,1
R337A,-0.887447675,0.471897417,0
R337C,-1.109334997,0.437639627,0
R337D,-1.875984209,0.319274562,0
R337E,-2.114468911,0.282454258,0
R337F,-1.79435048,0.331878216,0
R337G,-1.214080799,0.421467637,0
R337H,0.200402324,0.639853548,0
R337I,-1.338744442,0.402220477,0
R337K,1.376949046,0.821503809,1
R337L,-0.796750464,0.485900407,0
R337M,-1.21164442,0.421843796,0
R337N,0.468839802,0.681298343,0
R337P,-1.747493006,0.33911267,0
R337Q,-1.482908117,0.379962653,0
R337S,-1.009823217,0.453003523,0
R337T,-0.605969781,0.515355557,0
R337V,-1.247305274,0.416338019,0
R337W,0.401265051,0.670865293,0
R337Y,0.110136427,0.62591715,0
F338A,0.56800458,0.696608664,0
F338C,0.541423961,0.69250481,0
F338D,-2.204837844,0.268501952,0
F338E,-1.896705836,0.316075294,0
F338G,-1.184508183,0.426033434,0
F338H,0.99170982,0.762025673,0
F338I,0.787043026,0.730426608,0
F338K,0.12751913,0.628600913,0
F338L,0.108986492,0.625739608,0
F338M,0.602468745,0.70192968,0
F338N,-0.537752096,0.525887872,0
F338P,-2.076140184,0.288371935,0
F338Q,0.229207656,0.644300882,0
F338R,0.350197568,0.662980845,0
F338S,-0.508230339,0.530445816,0
F338T,0.781585271,0.72958397,0
F338V,0.695179475,0.716243543,0
F338W,0.979438116,0.760131011,0
F338Y,1.152194654,0.786803364,1
E339A,1.038075429,0.769184186,1
E339C,0.943006515,0.754506236,0
E339D,0.532858256,0.691182327,0
E339F,1.013990993,0.765465724,1
E339G,0.840459542,0.738673729,0
E339H,0.809850876,0.733947974,0
E339I,1.175475596,0.790397773,1
E339K,0.428339934,0.675045458,0
E339L,0.723516705,0.720618605,0
E339M,0.884133817,0.74541672,0
E339N,0.922919964,0.751405019,0
E339P,-1.708321509,0.345160464,0
E339Q,0.936237228,0.753461108,0
E339R,0.042924165,0.615540065,0
E339S,0.375498353,0.666887102,0
E339T,1.255570192,0.802763796,1
E339V,1.038635679,0.769270684,1
E339W,1.137961745,0.784605907,1
E339Y,1.275336555,0.805815579,1
M340A,1.405443955,0.825903215,1
M340C,0.45281748,0.678824613,0
M340D,-1.367354941,0.397803224,0
M340E,0.176527123,0.63616739,0
M340F,1.406213357,0.826022005,1
M340G,-0.2308863,0.57326572,0
M340H,1.054237061,0.771679424,1
M340I,0.681911832,0.714195116,0
M340K,1.046974457,0.770558131,1
M340L,1.143983235,0.785535581,1
M340N,0.991089026,0.761929827,0
M340P,-2.085706676,0.286894938,0
M340Q,0.909299521,0.749302122,0
M340R,1.067406391,0.773712673,1
M340S,0.78380346,0.729926442,0
M340T,0.524596496,0.689906771,0
M340V,0.432455262,0.675680835,0
M340W,1.252455568,0.802282921,1
M340Y,1.213179526,0.796218985,1
F341A,-1.885482584,0.317808082,0
F341C,-1.577018108,0.365432755,0
F341D,-1.865981313,0.320818937,0
F341E,-2.190478155,0.270718983,0
F341G,-2.007834855,0.298917781,0
F341H,-1.882145432,0.318323314,0
F341I,1.065975974,0.773491827,1
F341K,-1.982445551,0.302837705,0
F341L,0.846775315,0.739648839,0
F341M,0.895209931,0.747126791,0
F341N,-1.98179549,0.30293807,0
F341P,-2.123163765,0.281111836,0
F341Q,-2.335165617,0.248380291,0
F341R,-1.994055984,0.301045138,0
F341S,-1.534326518,0.372024026,0
F341T,-1.85477965,0.322548392,0
F341V,-0.295796621,0.563244038,0
F341W,-1.960388214,0.306243197,0
F341Y,-1.124698235,0.435267655,0
R342A,0.940157061,0.754066301,0
R342C,0.822767571,0.735942218,0
R342D,0.758219202,0.725976419,0
R342E,-0.275361531,0.566399067,0
R342F,0.836131826,0.738005561,0
R342G,0.787162389,0.730445036,0
R342H,0.803117229,0.732908348,0
R342I,0.736204588,0.722577522,0
R342K,1.000398108,0.763367081,1
R342L,0.666083233,0.711751295,0
R342M,0.962811749,0.757564021,0
R342N,0.68968145,0.715394688,0
R342P,-1.749599346,0.338787466,0
R342Q,0.277056574,0.651688407,0
R342S,0.191446782,0.638470877,0
R342T,0.758869595,0.726076835,0
R342V,0.766062715,0.7271874,0
R342W,1.107956026,0.779973242,1
R342Y,0.737739229,0.72281446,0
E343A,1.331429198,0.814475875,1
E343C,1.260435734,0.803515,1
E343D,0.580549657,0.698545533,0
E343F,1.832313398,0.891808754,1
E343G,0.957754615,0.756783236,0
E343H,1.233738089,0.799393078,1
E343I,1.447356938,0.832374275,1
E343K,0.803625656,0.732986845,0
E343L,1.202249515,0.794531471,1
E343M,1.42836334,0.829441802,1
E343N,1.256242958,0.802867666,1
E343P,-2.197316168,0.269663244,0
E343Q,1.362856392,0.819328005,1
E343R,0.681442764,0.714122695,0
E343S,0.702491619,0.717372485,0
E343T,0.999330635,0.763202271,0
E343V,1.275802596,0.805887532,1
E343W,1.181285328,0.791294753,1
E343Y,1.417247813,0.827725645,1
L344A,0.309067438,0.656630652,0
L344C,0.858945812,0.741527875,0
L344D,-2.145290243,0.277695668,0
L344E,-1.893643305,0.316548126,0
L344F,1.273472623,0.805527801,1
L344G,-2.356119398,0.245145179,0
L344H,-0.405927498,0.546240631,0
L344I,1.183490339,0.791635191,1
L344K,-0.868317796,0.474850931,0
L344M,0.93599433,0.753423606,0
L344N,-1.991460841,0.30144581,0
L344P,-1.398010989,0.393070153,0
L344Q,0.501656227,0.686364961,0
L344R,-1.338356904,0.40228031,0
L344S,-2.201431763,0.269027826,0
L344T,-0.407431083,0.546008489,0
L344V,1.196469376,0.79363906,1
L344W,1.005746118,0.764192775,1
L344Y,1.114492671,0.780982452,1
N345A,1.215503969,0.796577862,1
N345C,0.835372159,0.737888274,0
N345D,-0.067845233,0.598438075,0
N345E,0.003997307,0.609530041,0
N345F,-0.692111625,0.502055883,0
N345G,0.360254028,0.664533489,0
N345H,0.90531175,0.748686439,0
N345I,0.845908065,0.739514942,0
N345K,0.469047373,0.681330391,0
N345L,1.17895386,0.790934791,1
N345M,0.341098847,0.661576068,0
N345P,-2.029031874,0.295645115,0
N345Q,0.988752647,0.761569107,0
N345R,-0.121720511,0.590120124,0
N345S,0.874440574,0.743920154,0
N345T,0.740616985,0.723258764,0
N345V,1.018637222,0.766183068,1
N345W,0.749009632,0.724554528,0
N345Y,0.816531838,0.734979466,0
E346A,1.159143957,0.787876286,1
E346C,0.976419849,0.759665012,0
E346D,0.863244751,0.7421916,0
E346F,0.912234226,0.749755219,0
E346G,0.631660767,0.706436716,0
E346H,1.139193144,0.784796026,1
E346I,1.32312129,0.813193194,1
E346K,0.623076137,0.705111312,0
E346L,1.073230865,0.774611929,1
E346M,0.843493642,0.739142172,0
E346N,0.762408982,0.72662329,0
E346P,-2.087030377,0.286690568,0
E346Q,1.095368447,0.778029811,1
E346R,0.841391495,0.738817616,0
E346S,0.716874648,0.71959312,0
E346T,0.682775406,0.714328445,0
E346V,0.957835537,0.75679573,0
E346W,0.733692694,0.722189704,0
E346Y,1.12057202,0.78192106,1
A347C,1.295665361,0.808954199,1
A347D,0.513567312,0.688203945,0
A347E,0.727599222,0.721248916,0
A347F,1.701894706,0.871673056,1
A347G,-0.061071556,0.599483882,0
A347H,1.310461164,0.811238563,1
A347I,1.573295156,0.851818221,1
A347K,1.238843506,0.800181317,1
A347L,1.44004191,0.831244888,1
A347M,1.067048224,0.773657375,1
A347N,1.020532828,0.766475736,1
A347P,-1.919273224,0.312591053,0
A347Q,1.378318524,0.821715246,1
A347R,1.114870181,0.781040737,1
A347S,0.823702385,0.736086546,0
A347T,0.608656604,0.702885041,0
A347V,1.249251019,0.801788162,1
A347W,1.592489511,0.854781689,1
A347Y,1.751621222,0.879350469,1
L348A,0.399915866,0.670656988,0
L348C,1.126321171,0.782808687,1
L348D,-1.981827538,0.302933122,0
L348E,-0.792418891,0.48656917,0
L348F,0.856950782,0.741219857,0
L348G,-2.071112505,0.289148172,0
L348H,-0.185079433,0.580337967,0
L348I,0.919981951,0.750951411,0
L348K,-1.886489116,0.317652681,0
L348M,1.077697143,0.77530149,1
L348N,-2.418752961,0.235475013,0
L348P,-2.205089223,0.268463141,0
L348Q,-0.01075653,0.607252156,0
L348R,-2.468997158,0.227717674,0
L348S,0.110273433,0.625938302,0
L348T,0.284285984,0.652804575,0
L348V,0.636198848,0.707137363,0
L348W,-0.248693658,0.570516393,0
L348Y,1.153730337,0.787040463,1
E349A,0.324520312,0.659016463,0
E349C,0.810989533,0.734123774,0
E349D,0.679983669,0.713897421,0
E349F,0.71732909,0.719663283,0
E349G,0.103964365,0.624964228,0
E349H,0.664339577,0.711482087,0
E349I,0.682224626,0.714243409,0
E349K,0.185898431,0.637614252,0
E349L,0.713354738,0.719049672,0
E349M,0.845380666,0.739433515,0
E349N,-0.497251494,0.53214087,0
E349P,-1.625905061,0.357884965,0
E349Q,0.862389045,0.742059485,0
E349R,0.420962654,0.673906459,0
E349S,0.745118686,0.723953794,0
E349T,0.743004579,0.723627392,0
E349V,0.57853202,0.698234024,0
E349W,0.719081432,0.719933832,0
E349Y,0.415414479,0.673049862,0
L350A,1.120685589,0.781938594,1
L350C,1.104153646,0.779386182,1
L350D,1.173682015,0.790120857,1
L350E,1.075862417,0.775018222,1
L350F,0.796089903,0.73182338,0
L350G,0.694259554,0.716101514,0
L350H,1.254253814,0.802560557,1
L350I,0.377533602,0.66720133,0
L350K,0.85084971,0.740277896,0
L350M,0.888126947,0.74603323,0
L350N,0.966756667,0.758173087,0
L350P,-0.988606604,0.456279213,0
L350Q,0.695871444,0.716350378,0
L350R,1.29165391,0.80833486,1
L350S,0.187802479,0.637908223,0
L350T,0.42276406,0.674184583,0
L350V,0.676646776,0.713382229,0
L350W,1.105139414,0.779538377,1
L350Y,0.963898789,0.757731852,0
K351A,1.129218936,0.783256081,1
K351C,1.242366498,0.800725242,1
K351D,0.268281123,0.650333541,0
K351E,0.301351744,0.655439405,0
K351F,1.234066858,0.799443837,1
K351G,1.177431613,0.790699767,1
K351H,1.637643394,0.861753121,1
K351I,1.422262844,0.82849993,1
K351L,1.339301169,0.81569125,1
K351M,1.13140811,0.783594073,1
K351N,0.936274741,0.753466899,0
K351P,-0.684075047,0.503296672,0
K351Q,0.878384678,0.744529095,0
K351R,0.218452743,0.642640401,0
K351S,1.258643492,0.803238291,1
K351T,1.319412063,0.812620517,1
K351V,0.922974996,0.751413516,0
K351W,1.148947709,0.78630206,1
K351Y,1.058050609,0.772268208,1
D352A,0.903109193,0.74834638,0
D352C,1.271967844,0.805295474,1
D352E,0.745750972,0.724051415,0
D352F,1.014114712,0.765484825,1
D352G,0.33410408,0.660496127,0
D352H,0.729233471,0.721501233,0
D352I,0.467372316,0.681071774,0
D352K,1.038389067,0.769232609,1
D352L,0.661144274,0.710988756,0
D352M,0.719954995,0.720068703,0
D352N,0.395522537,0.66997869,0
D352P,0.579999925,0.698460658,0
D352Q,0.919786103,0.750921174,0
D352R,0.915750696,0.750298136,0
D352S,0.764780639,0.726989457,0
D352T,0.870844401,0.743364931,0
D352V,0.625496582,0.705485011,0
D352W,0.760374538,0.726309187,0
D352Y,0.799393135,0.732333375,0
A353C,0.834925449,0.737819306,0
A353D,0.890153981,0.746346189,0
A353E,0.869913662,0.743221231,0
A353F,0.910110346,0.749427307,0
A353G,0.719565176,0.720008518,0
A353H,1.029274689,0.767825415,1
A353I,0.985303754,0.761036623,0
A353K,0.824184254,0.736160943,0
A353L,0.701138502,0.717163574,0
A353M,1.16778123,0.789209818,1
A353N,1.09787759,0.778417205,1
A353P,0.672212031,0.712697537,0
A353Q,0.779308617,0.729232471,0
A353R,1.054842793,0.771772945,1
A353S,0.576330873,0.697894183,0
A353T,0.749138255,0.724574386,0
A353V,0.630584357,0.706270527,0
A353W,0.620294973,0.70468192,0
A353Y,0.973619253,0.759232621,0
Q354A,0.567706077,0.696562577,0
Q354C,0.855585715,0.7410091,0
Q354D,0.633622685,0.706739622,0
Q354E,0.604700376,0.702274228,0
Q354F,1.054607997,0.771736694,1
Q354G,0.796161458,0.731834427,0
Q354H,0.844156793,0.739244558,0
Q354I,1.249802925,0.801873372,1
Q354K,0.863742646,0.742268471,0
Q354L,0.765152187,0.727046821,0
Q354M,0.897979835,0.747554444,0
Q354N,1.006747566,0.764347391,1
Q354P,0.574903791,0.697673852,0
Q354R,0.806573395,0.733441955,0
Q354S,0.65267652,0.709681396,0
Q354T,0.947063811,0.755132653,0
Q354V,1.145242202,0.785729956,1
Q354W,0.895047789,0.747101758,0
Q354Y,0.987288991,0.761343129,0
A355C,1.163921676,0.788613931,1
A355D,0.869930565,0.743223841,0
A355E,0.586375694,0.69944503,0
A355F,0.698631603,0.716776527,0
A355G,0.659424331,0.710723209,0
A355H,0.999345659,0.763204591,0
A355I,1.01315458,0.765336588,1
A355K,1.063653139,0.773133198,1
A355L,0.540166152,0.692310613,0
A355M,0.877141648,0.74433718,0
A355N,1.310165522,0.811192918,1
A355P,1.010835091,0.764978475,1
A355Q,0.597523846,0.701166224,0
A355R,0.848628003,0.73993488,0
A355S,0.50935246,0.687553203,0
A355T,0.717656819,0.719713882,0
A355V,0.775337267,0.728619323,0
A355W,1.04979009,0.770992844,1
A355Y,1.059245485,0.772452688,1
G356A,1.015499704,0.765698658,1
G356C,1.036758536,0.768980867,1
G356D,0.397603073,0.67029991,0
G356E,0.402604961,0.671072165,0
G356F,0.904299491,0.748530153,0
G356H,0.910995841,0.749564021,0
G356I,0.796398769,0.731871066,0
G356K,0.548692679,0.693627047,0
G356L,0.972578943,0.759072004,0
G356M,0.72855206,0.721396028,0
G356N,0.767754585,0.727448613,0
G356P,0.784666715,0.730059722,0
G356Q,0.825312331,0.73633511,0
G356R,0.346920491,0.662474888,0
G356S,0.979963697,0.760212157,0
G356T,0.425890056,0.674667215,0
G356V,0.80933078,0.733867675,0
G356W,0.592842373,0.700443439,0
G356Y,1.058747118,0.772375744,1
K357A,0.388800527,0.668940861,0
K357C,0.785017593,0.730113895,0
K357D,0.589318935,0.699899445,0
K357E,0.392970903,0.669584737,0
K357F,0.946661041,0.755070469,0
K357G,0.456466884,0.679388054,0
K357H,0.449362567,0.6782912,0
K357I,0.815954508,0.73489033,0
K357L,0.947318198,0.755171929,0
K357M,0.881016505,0.74493543,0
K357N,0.639215129,0.707603055,0
K357P,0.81463288,0.73468628,0
K357Q,0.655275107,0.710082599,0
K357R,0.777940771,0.729021286,0
K357S,0.509418439,0.68756339,0
K357T,0.563308891,0.695883684,0
K357V,0.598510416,0.701318543,0
K357W,0.709586715,0.718467916,0
K357Y,0.792996415,0.731345768,0
E358A,1.139710871,0.784875959,1
E358C,0.997037175,0.762848178,0
E358D,0.608986313,0.702935946,0
E358F,0.79691186,0.731950284,0
E358G,0.528971269,0.690582204,0
E358H,0.74666657,0.724192776,0
E358I,1.044492657,0.770174959,1
E358K,0.565179301,0.696172461,0
E358L,0.814105691,0.734604886,0
E358M,1.08176658,0.775929782,1
E358N,0.676465807,0.713354289,0
E358P,1.083050856,0.776128065,1
E358Q,1.092821613,0.777636598,1
E358R,0.920580763,0.751043863,0
E358S,0.706138251,0.717935498,0
E358T,1.034676804,0.768659463,1
E358V,1.105107447,0.779533442,1
E358W,0.935243812,0.753307732,0
E358Y,0.936959046,0.753572551,0
P359A,0.564189985,0.696019718,0
P359C,1.137637915,0.78455591,1
P359D,0.758764058,0.726060541,0
P359E,0.815965501,0.734892027,0
P359F,0.747496681,0.724320939,0
P359G,0.808986918,0.733814585,0
P359H,0.539355728,0.692185489,0
P359I,0.629227407,0.706061023,0
P359K,0.911746441,0.749679908,0
P359L,0.798684208,0.732223921,0
P359M,0.801925748,0.732724392,0
P359N,1.126914718,0.782900326,1
P359Q,0.37996268,0.667576362,0
P359R,0.970713583,0.758784006,0
P359S,0.749176848,0.724580345,0
P359T,0.851144402,0.740323394,0
P359V,0.762413109,0.726623927,0
P359W,0.565452763,0.696214682,0
P359Y,1.063791618,0.773154578,1
G360A,0.882683633,0.745192822,0
G360C,0.88472045,0.745507292,0
G360D,0.930854514,0.752630056,0
G360E,0.669220347,0.712235642,0
G360F,0.780682484,0.729444586,0
G360H,0.531054004,0.690903764,0
G360I,0.801559048,0.732667776,0
G360K,0.691697379,0.715705933,0
G360L,0.722790733,0.720506521,0
G360M,1.049351992,0.770925205,1
G360N,0.202003626,0.640100777,0
G360P,0.46264431,0.680341804,0
G360Q,0.541921758,0.692581666,0
G360R,0.509681035,0.687603933,0
G360S,0.481288783,0.683220375,0
G360T,0.564454931,0.696060624,0
G360V,0.747300283,0.724290617,0
G360W,0.79250043,0.731269191,0
G360Y,0.770803191,0.727919295,0
G361A,0.531058987,0.690904533,0
G361C,0.673999146,0.712973454,0
G361D,0.990043954,0.761768475,0
G361E,0.439899388,0.676830154,0
G361F,0.923836651,0.751546549,0
G361H,0.694615154,0.716156416,0
G361I,0.989395374,0.761668339,0
G361K,0.81539766,0.734804357,0
G361L,0.961724808,0.757396205,0
G361M,0.903981529,0.748481062,0
G361N,0.72827981,0.721353994,0
G361P,0.4214942,0.673988526,0
G361Q,0.37900257,0.667428128,0
G361R,0.681560862,0.714140928,0
G361S,0.802695046,0.732843166,0
G361T,0.533363188,0.691260285,0
G361V,0.764612908,0.72696356,0
G361W,0.772649462,0.728204346,0
G361Y,0.957376326,0.756724831,0
S362A,0.947600286,0.755215481,0
S362C,1.049442807,0.770939226,1
S362D,0.701365162,0.717198568,0
S362E,0.826291326,0.73648626,0
S362F,1.23380385,0.799403231,1
S362G,0.602964223,0.702006179,0
S362H,1.601447463,0.856164732,1
S362I,0.751182765,0.724890044,0
S362K,1.339241731,0.815682073,1
S362L,1.074183342,0.774758985,1
S362M,1.202214061,0.794525997,1
S362N,0.764388082,0.726928849,0
S362P,1.132607522,0.783779254,1
S362Q,1.225382705,0.798103067,1
S362R,0.934121472,0.75313445,0
S362T,1.222191061,0.797610301,1
S362V,1.226106972,0.798214889,1
S362W,1.588953919,0.85423582,1
S362Y,1.361102913,0.819057281,1
R363A,0.778323651,0.729080399,0
R363C,1.310514105,0.811246737,1
R363D,0.349591094,0.662887209,0
R363E,0.927528662,0.752116568,0
R363F,1.018802869,0.766208642,1
R363G,0.803219407,0.732924123,0
R363H,0.837261844,0.738180028,0
R363I,1.282814948,0.806970188,1
R363K,0.23199746,0.644731607,0
R363L,0.95444523,0.756272291,0
R363M,0.909768477,0.749374525,0
R363N,1.208394827,0.795480263,1
R363P,1.297917119,0.809301854,1
R363Q,0.630193134,0.706210125,0
R363S,0.633529744,0.706725273,0
R363T,1.088219478,0.776926062,1
R363V,1.14892214,0.786298112,1
R363W,1.041453712,0.769705768,1
R363Y,0.696579072,0.716459631,0
A364C,1.748980993,0.878942837,1
A364D,0.870245766,0.743272506,0
A364E,0.882647036,0.745187172,0
A364F,1.535538077,0.845988802,1
A364G,0.936335795,0.753476326,0
A364H,1.207487863,0.795340234,1
A364I,0.956406868,0.756575154,0
A364K,1.144227348,0.78557327,1
A364L,0.962584811,0.757528983,0
A364M,0.842258592,0.73895149,0
A364N,1.309624972,0.811109461,1
A364P,1.080299794,0.775703321,1
A364Q,0.789210384,0.730761232,0
A364R,1.709757832,0.872887066,1
A364S,0.661026693,0.710970602,0
A364T,0.705432179,0.717826486,0
A364V,1.006280402,0.764275265,1
A364W,1.047312095,0.77061026,1
A364Y,1.056533169,0.772033927,1
H365A,1.069958304,0.77410667,1
H365C,1.093601178,0.777756958,1
H365D,1.150808134,0.786589296,1
H365E,0.861424644,0.741910589,0
H365F,1.047164317,0.770587444,1
H365G,1.140641735,0.785019678,1
H365I,1.342151448,0.816131312,1
H365K,1.071539792,0.77435084,1
H365L,0.968174718,0.758392024,0
H365M,0.938526423,0.753814543,0
H365N,0.853771656,0.740729023,0
H365P,0.972209378,0.759014946,0
H365Q,0.778029058,0.729034916,0
H365R,0.974460892,0.759362564,0
H365S,1.260699722,0.803555758,1
H365T,0.888729097,0.746126198,0
H365V,1.045280377,0.770296577,1
H365W,1.295694516,0.8089587,1
H365Y,0.599972702,0.70154431,0
S366A,1.026296812,0.767365653,1
S366C,0.756237328,0.725670432,0
S366D,1.225915232,0.798185286,1
S366E,1.225609133,0.798138026,1
S366F,0.870878522,0.743370199,0
S366G,1.026425732,0.767385557,1
S366H,0.720889948,0.720213053,0
S366I,1.877318843,0.898757268,1
S366K,1.161277075,0.788205624,1
S366L,0.912552201,0.749804312,0
S366M,1.022554581,0.76678788,1
S366N,1.33057388,0.81434382,1
S366P,0.781833924,0.72962236,0
S366Q,1.323639925,0.813273268,1
S366R,1.271955102,0.805293507,1
S366T,1.011147454,0.765026702,1
S366V,0.965371873,0.757959285,0
S366W,0.80075022,0.732542899,0
S366Y,0.617775935,0.704292999,0
S367A,1.079001688,0.775502903,1
S367C,0.806610261,0.733447646,0
S367D,1.541683109,0.84693755,1
S367E,1.314859266,0.811917598,1
S367F,1.690890444,0.869974078,1
S367G,0.835318509,0.737879991,0
S367H,1.183768277,0.791678102,1
S367I,0.925148857,0.751749144,0
S367K,0.89411949,0.746958435,0
S367L,0.861066889,0.741855354,0
S367M,1.341405265,0.816016107,1
S367N,0.679679012,0.713850384,0
S367P,1.215762419,0.796617765,1
S367Q,1.361362338,0.819097334,1
S367R,0.618386246,0.704387227,0
S367T,0.985920148,0.761131789,0
S367V,1.320261878,0.812751722,1
S367W,1.256072553,0.802841357,1
S367Y,0.960931818,0.757273773,0
H368A,1.34808275,0.817047062,1
H368C,1.411358372,0.826816358,1
H368D,1.034644012,0.7686544,1
H368E,1.199235879,0.794066188,1
H368F,1.68146902,0.868519479,1
H368G,1.293356335,0.808597702,1
H368I,1.117034046,0.781374822,1
H368K,1.181932321,0.791394644,1
H368L,0.917759368,0.75060826,0
H368M,1.821861366,0.890195036,1
H368N,0.978663864,0.760011472,0
H368P,0.97318227,0.759165154,0
H368Q,0.6467108,0.708760332,0
H368R,0.644642454,0.708440994,0
H368S,1.192230426,0.792984597,1
H368T,1.006184686,0.764260487,1
H368V,0.89405856,0.746949028,0
H368W,0.892989567,0.746783983,0
H368Y,1.224364321,0.797945836,1
L369A,1.144807636,0.785662862,1
L369C,0.775772021,0.728686446,0
L369D,1.173465684,0.790087457,1
L369E,1.045267229,0.770294547,1
L369F,1.471921765,0.836166906,1
L369G,1.459392167,0.834232427,1
L369H,0.752281643,0.725059703,0
L369I,1.51641348,0.843036103,1
L369K,1.167107432,0.789105789,1
L369M,0.933976173,0.753112017,0
L369N,1.221081901,0.797439054,1
L369P,0.67809768,0.713606238,0
L369Q,0.959228542,0.757010799,0
L369R,0.663990138,0.711428136,0
L369S,1.318130358,0.812422631,1
L369T,1.114630938,0.7810038,1
L369V,1.30265388,0.810033175,1
L369W,1.040715129,0.769591736,1
L369Y,1.186490323,0.792098366,1
K370A,1.178342952,0.790840471,1
K370C,1.249843763,0.801879677,1
K370D,1.078518125,0.775428244,1
K370E,0.691966593,0.715747498,0
K370F,0.922704252,0.751371715,0
K370G,1.120473717,0.781905882,1
K370H,1.130401236,0.783438619,1
K370I,1.299176933,0.80949636,1
K370L,1.135458446,0.784219416,1
K370M,0.911442174,0.749632932,0
K370N,0.707938782,0.718213487,0
K370P,1.174769502,0.790288757,1
K370Q,0.698118826,0.716697358,0
K370R,0.90598385,0.748790206,0
K370S,0.991642958,0.76201535,0
K370T,1.116259661,0.781255263,1
K370V,0.881218207,0.744966571,0
K370W,1.155661354,0.787338598,1
K370Y,1.401841119,0.825346964,1
S371A,0.981555168,0.760457868,0
S371C,1.263028389,0.803915287,1
S371D,1.419462779,0.82806762,1
S371E,1.875403112,0.898461493,1
S371F,1.032888723,0.768383396,1
S371G,0.799292201,0.732317791,0
S371H,1.971965374,0.913370004,1
S371I,1.120548506,0.781917429,1
S371K,0.53434248,0.69141148,0
S371L,1.23290242,0.799264057,1
S371M,0.98767707,0.761403045,0
S371N,1.414412623,0.827287912,1
S371P,0.901472457,0.74809368,0
S371Q,1.242041498,0.800675064,1
S371R,1.190027091,0.792644418,1
S371T,1.228788084,0.798628833,1
S371V,0.988631205,0.761550357,0
S371W,1.209402543,0.795635847,1
S371Y,0.753924575,0.72531336,0
K372A,0.979818934,0.760189806,0
K372C,0.871036912,0.743394653,0
K372D,0.746242375,0.724127284,0
K372E,0.693992189,0.716060235,0
K372F,1.245655004,0.801232963,1
K372G,1.039779912,0.769447345,1
K372H,1.343662169,0.816364557,1
K372I,0.903992523,0.74848276,0
K372L,1.246150757,0.801309504,1
K372M,0.781757992,0.729610637,0
K372N,1.030124989,0.767956696,1
K372P,1.127109151,0.782930345,1
K372Q,0.737170889,0.722726712,0
K372R,0.644647977,0.708441847,0
K372S,0.931802423,0.752776406,0
K372T,1.386386455,0.822960876,1
K372V,0.873441739,0.743765941,0
K372W,0.977548526,0.759839272,0
K372Y,1.314302943,0.811831706,1
K373A,0.955258915,0.756397918,0
K373C,0.692130655,0.715772827,0
K373D,0.87216295,0.743568505,0
K373E,0.486338451,0.684000007,0
K373F,1.28516772,0.807333439,1
K373G,1.342825287,0.816235348,1
K373H,1.126653927,0.782860062,1
K373I,1.224398541,0.79795112,1
K373L,1.005513005,0.764156784,1
K373M,1.128440446,0.783135887,1
K373N,0.714649613,0.719249591,0
K373P,1.202790218,0.794614952,1
K373Q,1.290219495,0.808113396,1
K373R,0.705672911,0.717863653,0
K373S,1.156668001,0.787494017,1
K373T,1.265532725,0.804301939,1
K373V,1.020026448,0.766397554,1
K373W,0.820826786,0.735642575,0
K373Y,1.013766208,0.765431019,1
G374A,1.309103921,0.811029014,1
G374C,0.680261847,0.71394037,0
G374D,0.613472117,0.703628521,0
G374E,1.684203806,0.86894171,1
G374F,1.402410095,0.825434809,1
G374H,1.425541417,0.829006117,1
G374I,1.18016646,0.791122008,1
G374K,0.948694193,0.755384373,0
G374L,1.354088756,0.817974346,1
G374M,1.200460995,0.794255337,1
G374N,1.49327933,0.839464359,1
G374P,1.452597484,0.833183377,1
G374Q,1.534219744,0.845785261,1
G374R,0.985471191,0.761062474,0
G374S,0.469219157,0.681356913,0
G374T,1.333306601,0.814765732,1
G374V,0.819451762,0.735430281,0
G374W,1.380802227,0.822098712,1
G374Y,1.45218752,0.833120082,1
Q375A,0.816480486,0.734971537,0
Q375C,1.202130122,0.794513038,1
Q375D,1.095574062,0.778061557,1
Q375E,0.552237069,0.694174275,0
Q375F,1.251923285,0.80220074,1
Q375G,1.070944051,0.774258862,1
Q375H,0.77136643,0.728006255,0
Q375I,1.064229062,0.773222116,1
Q375K,0.738620119,0.722950463,0
Q375L,1.116587794,0.781305924,1
Q375M,1.335451661,0.815096914,1
Q375N,1.011664456,0.765106523,1
Q375P,1.288033277,0.80777586,1
Q375R,0.716555777,0.719543889,0
Q375S,1.001675731,0.763564337,1
Q375T,1.485655131,0.838287238,1
Q375V,1.249202109,0.80178061,1
Q375W,0.979644509,0.760162876,0
Q375Y,1.084311077,0.776322634,1
S376A,0.94127453,0.754238831,0
S376C,0.999480637,0.76322543,0
S376D,1.144435175,0.785605357,1
S376E,1.23581759,0.799714138,1
S376F,0.702734533,0.717409989,0
S376G,1.472149426,0.836202055,1
S376H,1.135134441,0.784169391,1
S376I,0.980022229,0.760221194,0
S376K,0.247273133,0.64709006,0
S376L,1.078214349,0.775381343,1
S376M,1.329756423,0.814217611,1
S376N,0.99403114,0.762384068,0
S376P,0.803026007,0.732894264,0
S376Q,1.20801743,0.795421995,1
S376R,0.657658044,0.710450507,0
S376T,0.980820442,0.760344432,0
S376V,0.950570699,0.755674091,0
S376W,0.889095204,0.746182722,0
S376Y,0.905896563,0.74877673,0
T377A,0.72926092,0.72150547,0
T377C,1.264009845,0.804066817,1
T377D,0.952130577,0.755914925,0
T377E,1.53166727,0.845391178,1
T377F,1.513113277,0.842526576,1
T377G,0.688799214,0.715258477,0
T377H,1.045454945,0.770323529,1
T377I,0.856480495,0.741147248,0
T377K,1.399019004,0.82491125,1
T377L,1.006894352,0.764370054,1
T377M,0.954593525,0.756295187,0
T377N,0.399756206,0.670632338,0
T377P,1.013020439,0.765315877,1
T377Q,1.30986155,0.811145987,1
T377R,0.77449503,0.728489288,0
T377S,0.74133708,0.723369942,0
T377V,0.963895674,0.757731371,0
T377W,1.073605006,0.774669694,1
T377Y,0.917415379,0.750555151,0
S378A,1.29484893,0.808828148,1
S378C,0.736823827,0.722673128,0
S378D,0.77445919,0.728483755,0
S378E,0.921567813,0.751196257,0
S378F,0.795639952,0.73175391,0
S378G,0.890728472,0.746434887,0
S378H,0.915918967,0.750324116,0
S378I,1.220728827,0.797384542,1
S378K,1.353783714,0.81792725,1
S378L,1.015788706,0.765743278,1
S378M,1.139418365,0.784830798,1
S378N,1.378121527,0.821684831,1
S378P,0.924794454,0.751694427,0
S378Q,1.417105997,0.82770375,1
S378R,1.113733037,0.78086517,1
S378T,0.962660527,0.757540673,0
S378V,0.971420288,0.758893116,0
S378W,0.812550515,0.734364778,0
S378Y,0.784300599,0.730003197,0
R379A,0.982850293,0.760657826,0
R379C,0.837701192,0.73824786,0
R379D,1.184634476,0.791811837,1
R379E,0.392438924,0.669502603,0
R379F,1.25386592,0.802500669,1
R379G,1.124635658,0.782548456,1
R379H,0.740596536,0.723255607,0
R379I,1.320365228,0.812767678,1
R379K,0.64580116,0.70861989,0
R379L,0.85827944,0.741424992,0
R379M,1.245431611,0.801198473,1
R379N,1.210109885,0.795745055,1
R379P,1.164683172,0.788731501,1
R379Q,0.911374741,0.749622521,0
R379S,0.906502776,0.748870325,0
R379T,0.993055417,0.762233423,0
R379V,1.51968836,0.843541721,1
R379W,0.490330467,0.684616346,0
R379Y,1.4949983,0.839729755,1
H380A,1.391748734,0.823788773,1
H380C,1.374040797,0.821054796,1
H380D,1.114891865,0.781044085,1
H380E,0.921976781,0.751259398,0
H380F,1.155311161,0.78728453,1
H380G,1.384271221,0.822634299,1
H380I,1.164825276,0.788753441,1
H380K,1.138452795,0.784681721,1
H380L,0.889946769,0.746314197,0
H380M,1.346850064,0.816856745,1
H380N,0.876182742,0.744189132,0
H380P,0.984549555,0.76092018,0
H380Q,1.033367957,0.768457386,1
H380R,0.736677144,0.722650482,0
H380S,1.368784377,0.820243243,1
H380T,1.184127372,0.791733544,1
H380V,1.07258593,0.774512356,1
H380W,1.78090135,0.883871108,1
H380Y,0.896552412,0.747334061,0
K381A,0.746033743,0.724095072,0
K381C,1.453214127,0.833278583,1
K381D,0.81389824,0.734572857,0
K381E,1.072490242,0.774497583,1
K381F,1.050834541,0.7711541,1
K381G,1.027945399,0.767620183,1
K381H,0.962779842,0.757559094,0
K381I,1.065210934,0.77337371,1
K381L,1.310456538,0.811237849,1
K381M,1.916445589,0.904798153,1
K381N,0.933179071,0.752988951,0
K381P,1.15550802,0.787314924,1
K381Q,0.846685834,0.739635024,0
K381R,0.922169841,0.751289205,0
K381S,1.262013444,0.803758587,1
K381T,1.10050926,0.778823515,1
K381V,0.921703275,0.751217171,0
K381W,0.689737924,0.715403407,0
K381Y,1.136522413,0.784383684,1
K382A,1.609332344,0.8573821,1
K382C,1.237459858,0.799967692,1
K382D,0.714722756,0.719260884,0
K382E,0.598261779,0.701280155,0
K382F,0.989798758,0.761730619,0
K382G,1.042422224,0.769855299,1
K382H,1.017225855,0.765965163,1
K382I,1.128936547,0.783212482,1
K382L,1.028383356,0.7676878,1
K382M,1.012686952,0.765264389,1
K382N,0.879189563,0.744653363,0
K382P,1.21633058,0.796705485,1
K382Q,1.207047528,0.795272249,1
K382R,0.961658238,0.757385927,0
K382S,1.033280382,0.768443865,1
K382T,0.829355802,0.736959393,0
K382V,1.448311923,0.832521718,1
K382W,1.390686312,0.823624743,1
K382Y,1.437756971,0.83089211,1
L383A,0.710289522,0.718576425,0
L383C,1.095787197,0.778094463,1
L383D,1.013209717,0.7653451,1
L383E,1.011424678,0.765069503,1
L383F,0.614991623,0.703863122,0
L383G,0.897378068,0.747461536,0
L383H,1.093782294,0.777784921,1
L383I,1.031511421,0.768170751,1
L383K,0.783037615,0.729808201,0
L383M,1.151735411,0.786732461,1
L383N,1.398246707,0.824792013,1
L383P,0.868402224,0.742987876,0
L383Q,0.909954644,0.749403268,0
L383R,0.920327698,0.751004792,0
L383S,0.911464731,0.749636414,0
L383T,1.142128306,0.785249193,1
L383V,1.242895221,0.800806873,1
L383W,1.05125438,0.77121892,1
L383Y,1.046323404,0.770457613,1
M384A,1.087271241,0.776779661,1
M384C,1.048167895,0.770742389,1
M384D,0.976694223,0.759707374,0
M384E,1.396801391,0.824568866,1
M384F,1.35567214,0.818218809,1
M384G,1.601315931,0.856144425,1
M384H,1.060379687,0.772627801,1
M384I,0.872244313,0.743581067,0
M384K,0.91786364,0.750624359,0
M384L,1.281591592,0.806781311,1
M384N,1.377935552,0.821656118,1
M384P,1.51272772,0.842467049,1
M384Q,1.429589145,0.829631057,1
M384R,0.99852497,0.763077882,0
M384S,0.620726026,0.704748472,0
M384T,0.708296603,0.718268732,0
M384V,0.836689804,0.738091709,0
M384W,1.252979629,0.802363832,1
M384Y,1.224445708,0.797958402,1
F385A,0.592287817,0.700357819,0
F385C,1.011004938,0.765004699,1
F385D,1.248256509,0.801634616,1
F385E,0.954702489,0.75631201,0
F385G,0.431552307,0.675541425,0
F385H,1.696195511,0.870793142,1
F385I,0.98497176,0.760985365,0
F385K,1.15442706,0.787148032,1
F385L,0.588544074,0.699779812,0
F385M,1.623507127,0.859570584,1
F385N,0.97736157,0.759810407,0
F385P,1.412614349,0.827010272,1
F385Q,1.109944134,0.780280191,1
F385R,0.707545384,0.71815275,0
F385S,0.688141164,0.715156879,0
F385T,0.522289773,0.68955063,0
F385V,0.895269243,0.747135949,0
F385W,1.213436724,0.796258695,1
F385Y,0.731676033,0.721878346,0
K386A,1.342046466,0.816115104,1
K386C,1.153227538,0.786962834,1
K386D,0.906721269,0.748904058,0
K386E,0.514636457,0.688369014,0
K386F,1.458920649,0.834159628,1
K386G,0.694353269,0.716115983,0
K386H,1.042859538,0.769922817,1
K386I,1.002368081,0.763671231,1
K386L,0.977893709,0.759892566,0
K386M,0.504457618,0.686797475,0
K386N,0.765580614,0.727112967,0
K386P,0.521116147,0.689369431,0
K386Q,0.877675331,0.744419577,0
K386R,0.847581024,0.739773234,0
K386S,1.491419784,0.839177258,1
K386T,0.851375828,0.740359125,0
K386V,0.826866763,0.736575103,0
K386W,1.286888812,0.807599163,1
K386Y,0.959249977,0.757014109,0
T387A,0.78140512,0.729556156,0
T387C,1.162982053,0.78846886,1
T387D,1.10492873,0.779505849,1
T387E,1.260646464,0.803547535,1
T387F,1.086307821,0.776630916,1
T387G,1.173473324,0.790088636,1
T387H,1.040708655,0.769590737,1
T387I,0.885587791,0.745641203,0
T387K,1.085832302,0.7765575,1
T387L,1.222492348,0.797656817,1
T387M,0.99737861,0.762900893,0
T387N,0.883291932,0.745286739,0
T387P,0.789465159,0.730800567,0
T387Q,1.026886097,0.767456634,1
T387R,0.880587061,0.744869127,0
T387S,0.824506281,0.736210662,0
T387V,1.428262619,0.829426251,1
T387W,1.088348968,0.776946055,1
T387Y,1.062802544,0.773001872,1
E388A,1.238938102,0.800195922,1
E388C,1.105490052,0.779592513,1
E388D,1.017744508,0.766045239,1
E388F,1.395991588,0.824443839,1
E388G,0.887611877,0.745953707,0
E388H,1.45032929,0.832833185,1
E388I,1.574588281,0.85201787,1
E388K,0.723442671,0.720607175,0
E388L,1.195767429,0.793530684,1
E388M,1.16686949,0.789069052,1
E388N,1.558262126,0.84949723,1
E388P,1.343181256,0.816290307,1
E388Q,0.953972469,0.7561993,0
E388R,1.148256704,0.786195374,1
E388S,1.315959503,0.812087467,1
E388T,1.500914316,0.840643145,1
E388V,1.077321872,0.775243551,1
E388W,1.295216173,0.808884847,1
E388Y,1.619739044,0.858988819,1
G389A,1.169207587,0.789430038,1
G389C,1.394444756,0.824205019,1
G389D,0.959516848,0.757055312,0
G389E,0.524010379,0.689816279,0
G389F,0.678715598,0.71370164,0
G389H,1.054661477,0.771744951,1
G389I,1.302350745,0.809986373,1
G389K,0.907150945,0.748970397,0
G389L,1.355021904,0.818118417,1
G389M,1.602261005,0.856290337,1
G389N,0.72523957,0.720884603,0
G389P,1.417469372,0.827759852,1
G389Q,1.386002611,0.822901613,1
G389R,0.839858473,0.738580929,0
G389S,0.701781594,0.717262862,0
G389T,1.313454156,0.811700659,1
G389V,0.594616752,0.70071739,0
G389W,0.785430717,0.730177679,0
G389Y,1.114550985,0.780991456,1
P390A,1.478114863,0.837123075,1
P390C,1.040420943,0.769546316,1
P390D,1.07274753,0.774537306,1
P390E,1.000880326,0.763441532,1
P390F,1.456028603,0.833713117,1
P390G,0.547189024,0.693394893,0
P390H,0.75433228,0.725376306,0
P390I,1.535476617,0.845979313,1
P390K,1.437232111,0.830811076,1
P390L,0.95411134,0.756220741,0
P390M,1.26560311,0.804312806,1
P390N,1.276233038,0.805953989,1
P390Q,1.011172526,0.765030573,1
P390R,1.23097756,0.798966872,1
P390S,0.449391359,0.678295645,0
P390T,0.956299424,0.756558565,0
P390V,1.560352039,0.849819897,1
P390W,1.085360085,0.776484593,1
P390Y,0.46393532,0.680541127,0
D391A,1.036380128,0.768922443,1
D391C,1.202961428,0.794641385,1
D391E,1.057978614,0.772257093,1
D391F,1.748360103,0.878846976,1
D391G,0.805633559,0.733296851,0
D391H,0.97970865,0.760172779,0
D391I,1.636036694,0.861505058,1
D391K,1.254453822,0.802591436,1
D391L,1.360023054,0.818890558,1
D391M,1.403210201,0.82555834,1
D391N,0.78252278,0.729728714,0
D391P,1.350949861,0.817489723,1
D391Q,0.82226081,0.735863977,0
D391R,1.247673203,0.801544558,1
D391S,1.434211461,0.830344709,1
D391T,1.021405358,0.766610448,1
D391V,1.267698782,0.804636362,1
D391W,1.587289112,0.853978786,1
D391Y,0.855120285,0.740937241,0
S392A,0.542344137,0.692646878,0
S392C,1.5250511,0.844369689,1
S392D,1.493991927,0.839574379,1
S392E,1.592429724,0.854772459,1
S392F,1.259044944,0.803300272,1
S392G,1.739032099,0.8774068,1
S392H,1.223101264,0.797750829,1
S392I,1.337678513,0.815440724,1
S392K,1.202886958,0.794629888,1
S392L,0.772713421,0.728214221,0
S392M,1.356258501,0.818309339,1
S392N,1.819035444,0.889758735,1
S392P,1.011378916,0.765062438,1
S392Q,1.172926588,0.790004224,1
S392R,1.309633744,0.811110815,1
S392T,0.838673881,0.738398036,0
S392V,1.289896553,0.808063536,1
S392W,1.508361061,0.841792868,1
S392Y,0.646343172,0.708703573,0
D393A,1.132786149,0.783806832,1
D393C,0.458007816,0.679625963,0
D393E,0.701935414,0.717286611,0
D393F,1.576764713,0.852353895,1
D393G,0.88927156,0.74620995,0
D393H,1.077643373,0.775293189,1
D393I,1.860546727,0.896167775,1
D393K,1.042796538,0.769913091,1
D393L,1.639006714,0.861963607,1
D393M,1.26964878,0.804937428,1
D393N,0.664517928,0.711509623,0
D393P,1.950753757,0.910095084,1
D393Q,1.104784281,0.779483547,1
D393R,1.52637433,0.844573986,1
D393S,1.664631782,0.865919932,1
D393T,1.358976243,0.818728938,1
D393V,1.182561185,0.791491736,1
D393W,1.58318021,0.853344401,1
D393Y,0.774151601,0.728436265,0
