variant,activity,activity_scaled,activity_binary
R2A,-6.21442089,0.001317227,0
R2C,-4.957010683,0.003537059,0
R2D,-4.7561848,0.004107013,0
R2E,-4.994739818,0.003438556,0
R2F,-4.997732639,0.003430852,0
R2G,-3.210683438,0.01252404,0
R2H,-4.473699479,0.00505566,0
R2I,-5.190617924,0.002966578,0
R2K,-4.447194169,0.005154575,0
R2L,-6.142240515,0.001399121,0
R2M,-4.771136919,0.004061791,0
R2N,-4.697229212,0.00428996,0
R2P,-6.382053032,0.001142124,0
R2Q,-4.880591561,0.003744645,0
R2S,-4.624617797,0.004525804,0
R2T,-5.480099724,0.002376516,0
R2V,-5.504274492,0.002332389,0
R2W,-3.476092342,0.010372652,0
R2Y,-4.545707474,0.004795931,0
C3A,-6.826287238,0.000765486,0
C3D,-4.520070261,0.00488692,0
C3E,-5.240160362,0.002857016,0
C3F,-5.222213073,0.002896272,0
C3G,-6.142299264,0.001399053,0
C3H,-6.022759247,0.001544019,0
C3I,-6.029417602,0.001535624,0
C3K,-5.788377356,0.001865606,0
C3L,-7.341724483,0.000451698,0
C3M,-5.168407839,0.00301693,0
C3N,-5.859620475,0.001762273,0
C3P,-7.45353217,0.000397207,0
C3Q,-5.687822864,0.002020417,0
C3R,-6.040302618,0.001521985,0
C3S,-5.47406724,0.002387643,0
C3T,-6.596026067,0.000946234,0
C3V,-6.709222932,0.000853773,0
C3W,-5.541349384,0.002266135,0
C3Y,-3.767196099,0.008426343,0
I4A,-5.11710788,0.003136237,0
I4C,-4.366154813,0.005468527,0
I4D,-4.062590676,0.006814541,0
I4E,-4.078052471,0.006738924,0
I4F,-4.371941587,0.005445519,0
I4G,-4.873593248,0.003764211,0
I4H,-5.001765842,0.003420495,0
I4K,-5.002025066,0.00341983,0
I4L,-4.708417612,0.004254664,0
I4M,-2.559979448,0.019820937,0
I4N,-3.333455748,0.011479581,0
I4P,-6.017165533,0.001551101,0
I4Q,-4.434215054,0.005203678,0
I4R,-6.383940008,0.001140266,0
I4S,-4.865385901,0.003787278,0
I4T,-3.985300185,0.007204933,0
I4V,-1.507833589,0.041400483,0
I4W,-3.707590822,0.00879354,0
I4Y,-4.556548629,0.004757938,0
G5A,-6.365976136,0.001158049,0
G5C,-6.009090356,0.001561373,0
G5D,-5.477769232,0.002380809,0
G5E,-4.376660296,0.005426826,0
G5F,-5.959548384,0.001625669,0
G5H,-6.383051017,0.001141141,0
G5I,-6.842073599,0.000754119,0
G5K,-6.173576665,0.001363064,0
G5L,-7.865530879,0.000229221,0
G5M,-4.860461056,0.003801182,0
G5N,-6.189004412,0.001345598,0
G5P,-7.54127393,0.000357307,0
G5Q,-5.954417136,0.001632456,0
G5R,-5.939386724,0.001652474,0
G5S,-6.978299334,0.00066103,0
G5T,-7.405985922,0.000419865,0
G5V,-5.847541071,0.001779436,0
G5W,-5.680095757,0.002032766,0
G5Y,-6.11455899,0.001431631,0
V6A,-4.321650388,0.00564859,0
V6C,-5.559296583,0.00223467,0
V6D,-4.984233079,0.003465728,0
V6E,-4.967243854,0.003510087,0
V6F,-4.014194937,0.007056533,0
V6G,-5.576110174,0.002205544,0
V6H,-6.374956577,0.001149132,0
V6I,-0.326297852,0.094257627,0
V6K,-5.946512601,0.001642958,0
V6L,-5.373995019,0.002579181,0
V6M,-4.664411478,0.004395084,0
V6N,-5.9250958,0.001671702,0
V6P,-8.297781799,9.76E-05,0
V6Q,-5.741992421,0.00193568,0
V6R,-7.734883637,0.000277394,0
V6S,-7.636770321,0.00031655,0
V6T,-7.048495453,0.000616386,0
V6W,-4.576602801,0.004688406,0
V6Y,-5.762111082,0.00190501,0
S7A,0.191272226,0.135054165,1
S7C,-3.384962993,0.01106718,0
S7D,-2.312395905,0.023583988,0
S7E,-1.200237953,0.051305338,0
S7F,-3.980282667,0.007231007,0
S7G,-0.923255077,0.062223594,0
S7H,-6.071823933,0.001483061,0
S7I,-4.060613672,0.006824269,0
S7K,-5.292680543,0.002744904,0
S7L,-1.373491827,0.045468065,0
S7M,-0.678031654,0.073803846,0
S7N,-0.178107278,0.10448448,0
S7P,-0.047971405,0.114373815,0
S7Q,1.282181479,0.287991812,1
S7R,-5.767935915,0.00189621,0
S7T,-0.73179391,0.071093943,0
S7V,-5.331672497,0.002664271,0
S7W,-4.644677563,0.004459458,0
S7Y,2.290745231,0.579695132,1
N8A,-5.794965474,0.001855835,0
N8C,-5.619018196,0.002132738,0
N8D,-2.891089686,0.01569893,0
N8E,-4.953658785,0.003545936,0
N8F,-5.848930638,0.001777455,0
N8G,-6.333988509,0.001190268,0
N8H,-6.413036837,0.001111929,0
N8I,-6.089978082,0.001461027,0
N8K,-5.062876398,0.003267061,0
N8L,-7.641113671,0.00031476,0
N8M,-4.746647337,0.004136105,0
N8P,-7.466140431,0.000391323,0
N8Q,-5.556815096,0.002238997,0
N8R,-7.352855491,0.000446082,0
N8S,-5.536176674,0.002275277,0
N8T,-4.149105465,0.006401662,0
N8V,-6.301553564,0.001223675,0
N8W,-4.784631926,0.004021376,0
N8Y,-5.261681533,0.002810582,0
R9A,-4.680571664,0.00434302,0
R9C,-4.782832149,0.004026745,0
R9D,-4.825032467,0.003902621,0
R9E,-4.827058066,0.003896754,0
R9F,-5.274683891,0.002782862,0
R9G,-3.881297157,0.007764369,0
R9H,-5.506513542,0.002328339,0
R9I,-5.151712188,0.003055294,0
R9K,-4.462749596,0.005096304,0
R9L,-6.515551417,0.001016521,0
R9M,-4.41803768,0.005265503,0
R9N,-5.523673307,0.002297511,0
R9P,-6.966947068,0.000668456,0
R9Q,-5.22928463,0.002880746,0
R9S,-5.707171612,0.001989784,0
R9T,-5.425775362,0.002478416,0
R9V,-5.484780964,0.002367913,0
R9W,-4.528853566,0.004855565,0
R9Y,-5.354151665,0.002618766,0
D10A,-6.977594085,0.00066149,0
D10C,-6.507281583,0.001023969,0
D10E,-5.739505074,0.001939501,0
D10F,-6.977015613,0.000661867,0
D10G,-5.866262606,0.001752897,0
D10H,-5.956296343,0.001629968,0
D10I,-7.1730723,0.000542312,0
D10K,-6.777761184,0.000801216,0
D10L,-8.15416196,0.000137067,0
D10M,-5.50302469,0.002334652,0
D10N,-5.778358514,0.001880552,0
D10P,-8.730690791,0,0
D10Q,-6.908846337,0.000707392,0
D10R,-8.230100808,0.000115733,0
D10S,-8.349861031,8.43E-05,0
D10T,-7.565743934,0.000346605,0
D10V,-6.415453635,0.0011096,0
D10W,-5.548769242,0.002253079,0
D10Y,-6.953138441,0.000677568,0
F11A,-6.387025872,0.001137234,0
F11C,-4.525256254,0.004868384,0
F11D,-5.437988134,0.002455172,0
F11E,-5.24921921,0.002837386,0
F11G,-6.412274716,0.001112664,0
F11H,-5.790122861,0.001863013,0
F11I,-4.396322524,0.00534959,0
F11K,-5.741616361,0.001936257,0
F11L,-5.796463198,0.00185362,0
F11M,-4.322321104,0.005645835,0
F11N,-5.501418021,0.002337565,0
F11P,-7.272986145,0.000487356,0
F11Q,-5.45158007,0.002429534,0
F11R,-7.029903435,0.000628,0
F11S,-4.813687632,0.003935633,0
F11T,-6.680601646,0.000876471,0
F11V,-4.994313375,0.003439655,0
F11W,-4.46126146,0.005101851,0
F11Y,-4.393085402,0.005362233,0
V12A,-4.383981946,0.005397942,0
V12C,-5.453674889,0.002425604,0
V12D,-5.37050212,0.00258611,0
V12E,-4.608316946,0.004580401,0
V12F,-5.656464166,0.002070945,0
V12G,-6.049382438,0.001510685,0
V12H,-5.814801676,0.001826683,0
V12I,-4.571887216,0.004704669,0
V12K,-5.965756594,0.001617491,0
V12L,-6.636773535,0.000912112,0
V12M,-3.680769033,0.00896379,0
V12N,-5.641137241,0.002096043,0
V12P,-7.323408222,0.000461034,0
V12Q,-5.516966615,0.002309516,0
V12R,-7.159523778,0.000550062,0
V12S,-6.714487461,0.000849647,0
V12T,-7.081853509,0.00059592,0
V12W,-4.871080104,0.00377126,0
V12Y,-5.557786367,0.002237302,0
E13A,-6.84210614,0.000754096,0
E13C,-5.368838752,0.002589415,0
E13D,-7.500080883,0.000375737,0
E13F,-5.437884327,0.002455369,0
E13G,-4.078305053,0.006737695,0
E13H,-5.772814465,0.001888866,0
E13I,-5.509760035,0.002322479,0
E13K,-4.99981669,0.003425496,0
E13L,-6.143092657,0.001398131,0
E13M,-4.981245755,0.003473491,0
E13N,-5.256483462,0.002821734,0
E13P,-7.329066808,0.000458137,0
E13Q,-5.443835237,0.002444113,0
E13R,-7.115874154,0.000575529,0
E13S,-6.940647314,0.000685887,0
E13T,-6.354954002,0.00116907,0
E13V,-4.731935725,0.004181357,0
E13W,-4.944765775,0.003569586,0
E13Y,-5.001157356,0.003422056,0
G14A,-4.809338425,0.003948358,0
G14C,-5.816624117,0.001824025,0
G14D,-4.445628921,0.005160473,0
G14E,-5.001905255,0.003420137,0
G14F,-5.2467472,0.00284273,0
G14H,-5.883967108,0.001728114,0
G14I,-5.628702918,0.002116602,0
G14K,-4.959379206,0.0035308,0
G14L,-7.000993929,0.000646358,0
G14M,-4.459174476,0.005109641,0
G14N,-5.526748269,0.002292025,0
G14P,-7.718555693,0.000283727,0
G14Q,-5.164601725,0.003025637,0
G14R,-7.445144449,0.00040115,0
G14S,-4.942381873,0.003575951,0
G14T,-6.071770306,0.001483127,0
G14V,-4.917500749,0.003643011,0
G14W,-4.829094281,0.003890864,0
G14Y,-5.685802448,0.002023639,0
M15A,-6.507908103,0.001023403,0
M15C,-5.51336106,0.002315993,0
M15D,-5.436291596,0.002458389,0
M15E,-5.555616603,0.00224109,0
M15F,-1.924336357,0.030948876,0
M15G,-6.704640945,0.000857377,0
M15H,-5.572817221,0.002211222,0
M15I,-3.119454065,0.013359792,0
M15K,-5.330326508,0.002667018,0
M15L,-5.514815375,0.002313379,0
M15N,-5.161671788,0.003032355,0
M15P,-6.946028425,0.000682294,0
M15Q,-5.52352252,0.00229778,0
M15R,-5.910779475,0.001691156,0
M15S,-6.831678029,0.00076159,0
M15T,-2.477745122,0.020999927,0
M15V,-3.507170568,0.01014565,0
M15W,-1.94286636,0.030550349,0
M15Y,-5.536104231,0.002275405,0
S16A,-4.252264378,0.005940644,0
S16C,-5.958419673,0.00162716,0
S16D,-6.090284309,0.001460658,0
S16E,-6.593202513,0.000948634,0
S16F,-6.437653446,0.001088396,0
S16G,-6.947183487,0.000681525,0
S16H,-4.553181518,0.004769707,0
S16I,-6.705055476,0.00085705,0
S16K,-6.195136373,0.001338708,0
S16L,-4.784751349,0.004021021,0
S16M,-4.919233813,0.003638303,0
S16N,-5.568615874,0.002218484,0
S16P,-6.312802004,0.001212004,0
S16Q,-6.053004772,0.001506197,0
S16R,-5.090586588,0.003199601,0
S16T,-0.85148606,0.065411516,0
S16V,-6.912744624,0.00070473,0
S16W,-5.780397013,0.001877502,0
S16Y,-5.517181781,0.00230913,0
G17A,-6.337731101,0.001186461,0
G17C,-5.909850584,0.001692425,0
G17D,-4.563627887,0.004733282,0
G17E,-6.573829422,0.000965231,0
G17F,-5.980548049,0.001598146,0
G17H,-6.168132186,0.001369273,0
G17I,-6.673857295,0.000881885,0
G17K,-5.794426655,0.001856633,0
G17L,-7.3067082,0.000469651,0
G17M,-4.852994722,0.003822353,0
G17N,-6.242494688,0.001286466,0
G17P,-7.819578676,0.00024567,0
G17Q,-5.782259742,0.00187472,0
G17R,-6.838258616,0.000756855,0
G17S,-5.929567497,0.001665665,0
G17T,-7.29767893,0.000474351,0
G17V,-5.314857166,0.002698777,0
G17W,-5.580764554,0.002197542,0
G17Y,-5.956802684,0.001629298,0
G18A,1.495932001,0.334028402,1
G18C,-5.62237416,0.002127134,0
G18D,-5.645524139,0.002088832,0
G18E,-3.961859385,0.007327525,0
G18F,-5.353466978,0.002620141,0
G18H,-5.263986607,0.002805649,0
G18I,-5.823305148,0.001814308,0
G18K,-5.922956569,0.001674597,0
G18L,-7.01948596,0.000634573,0
G18M,-4.162434852,0.006340222,0
G18N,-5.570673493,0.002214925,0
G18P,-7.049941378,0.000615489,0
G18Q,-5.67291353,0.002044303,0
G18R,-5.357777176,0.002611493,0
G18S,-6.772772406,0.000804958,0
G18T,-6.699541424,0.0008614,0
G18V,-7.092889218,0.000589253,0
G18W,-6.536049339,0.000998244,0
G18Y,-5.473605464,0.002388497,0
T19A,-3.809986489,0.008171933,0
T19C,-5.632717086,0.002109946,0
T19D,-5.726664446,0.001959335,0
T19E,-5.396018919,0.00253588,0
T19F,-5.251349779,0.002832787,0
T19G,-6.139860789,0.001401892,0
T19H,-6.097295868,0.001452224,0
T19I,-3.254374233,0.012142123,0
T19K,-5.571086376,0.002214211,0
T19L,-7.061531791,0.000608332,0
T19M,-4.912990238,0.003655293,0
T19N,-5.639450946,0.002098821,0
T19P,-7.286118609,0.000480412,0
T19Q,-5.609429019,0.002148821,0
T19R,-6.508255356,0.00102309,0
T19S,-6.523308463,0.001009574,0
T19V,-6.332946368,0.00119133,0
T19W,-4.865017506,0.003788316,0
T19Y,-5.451108897,0.002430419,0
W20A,-6.902990587,0.000711404,0
W20C,-5.70008907,0.002000949,0
W20D,-6.001069203,0.001571634,0
W20E,-6.144728653,0.00139623,0
W20F,-6.043239862,0.001518322,0
W20G,-6.131585861,0.001411561,0
W20H,-6.046380874,0.001514413,0
W20I,-6.444458718,0.001081961,0
W20K,-6.225759532,0.001304731,0
W20L,-7.771796185,0.000263339,0
W20M,-5.52508278,0.002294995,0
W20N,-5.786050559,0.001869068,0
W20P,-7.366552121,0.000439231,0
W20Q,-6.18917302,0.001345408,0
W20R,-4.888448844,0.003722791,0
W20S,-6.449565239,0.001077153,0
W20T,-6.768143025,0.000808442,0
W20V,-6.662005509,0.000891461,0
W20Y,-5.71993701,0.001969797,0
V21A,-5.05303884,0.003291324,0
V21C,-4.63855087,0.004479624,0
V21D,-5.394937665,0.002537991,0
V21E,-5.638316962,0.002100691,0
V21F,-4.363595688,0.005478731,0
V21G,-6.139935781,0.001401804,0
V21H,-6.115438526,0.001430589,0
V21I,0.516644285,0.169291772,1
V21K,-5.373250187,0.002580657,0
V21L,-0.860578001,0.064998832,0
V21M,-3.925638393,0.007520916,0
V21N,-5.427852998,0.002474448,0
V21P,-8.056139751,0.00016632,0
V21Q,-5.686695746,0.002022214,0
V21R,-7.499046251,0.000376207,0
V21S,-7.018082959,0.000635462,0
V21T,-6.789200997,0.000792684,0
V21W,-4.685862938,0.004326099,0
V21Y,-5.401858406,0.00252451,0
D22A,-6.29775341,0.001227638,0
D22C,-5.964787436,0.001618765,0
D22E,-3.783168408,0.008330496,0
D22F,-5.595737884,0.002171971,0
D22G,-5.199220245,0.002947283,0
D22H,-5.719523818,0.001970441,0
D22I,-6.503105219,0.001027746,0
D22K,-5.758409325,0.001910621,0
D22L,-7.257638307,0.000495553,0
D22M,-4.92059912,0.003634597,0
D22N,-5.015295704,0.003385962,0
D22P,-6.450251494,0.001076508,0
D22Q,-5.086334882,0.003209868,0
D22R,-6.996743219,0.000649089,0
D22S,-6.841278267,0.000754689,0
D22T,-6.677071357,0.000879302,0
D22V,-6.285008889,0.001241006,0
D22W,-5.369391895,0.002588316,0
D22Y,-4.29891279,0.005742753,0
V23A,-4.577478075,0.004685393,0
V23C,-5.934515872,0.001659006,0
V23D,-4.590647151,0.004640284,0
V23E,-5.909179741,0.001693342,0
V23F,-3.664895168,0.009066049,0
V23G,-6.51923632,0.001013216,0
V23H,-5.708052195,0.001988399,0
V23I,-1.497595533,0.041697313,0
V23K,-5.390227081,0.002547204,0
V23L,-5.929540134,0.001665702,0
V23M,-4.022105559,0.007016421,0
V23N,-5.687982892,0.002020162,0
V23P,-6.681689832,0.000875599,0
V23Q,-4.959881027,0.003529475,0
V23R,-6.871822211,0.000733034,0
V23S,-7.185588312,0.000535218,0
V23T,-3.920061823,0.007551124,0
V23W,-5.034067378,0.003338584,0
V23Y,-5.444546489,0.002442771,0
V24A,-4.778135016,0.004040786,0
V24C,-5.277692787,0.002776482,0
V24D,-4.998549223,0.003428752,0
V24E,-5.290308362,0.00274988,0
V24F,-4.891967405,0.003713043,0
V24G,-5.039763066,0.00332433,0
V24H,-5.020923649,0.003371693,0
V24I,-1.508688101,0.041375803,0
V24K,-4.903422198,0.003681472,0
V24L,-4.794158601,0.003993073,0
V24M,-4.118534711,0.006544736,0
V24N,-5.134119347,0.003096203,0
V24P,-5.958718101,0.001626766,0
V24Q,-4.868493489,0.003778528,0
V24R,-6.069099551,0.001486392,0
V24S,-6.465358291,0.001062388,0
V24T,-6.033131855,0.001530959,0
V24W,-4.442446242,0.005172486,0
V24Y,-5.142426667,0.003076824,0
L25A,-6.455082125,0.001071977,0
L25C,-5.53584641,0.002275862,0
L25D,-5.439713833,0.002451904,0
L25E,-5.353723718,0.002619625,0
L25F,-6.391420832,0.001132926,0
L25G,-5.960097527,0.001624945,0
L25H,-5.583952316,0.002192076,0
L25I,-4.531165699,0.004847343,0
L25K,-5.325454931,0.002676983,0
L25M,-4.685398597,0.004327582,0
L25N,-5.211408796,0.002920141,0
L25P,-7.803356942,0.000251603,0
L25Q,-5.679824947,0.0020332,0
L25R,-6.850042412,0.000748428,0
L25S,-5.042892406,0.003316523,0
L25T,-6.424486776,0.001100933,0
L25V,-4.46204489,0.00509893,0
L25W,-4.45794543,0.005114233,0
L25Y,-5.355755931,0.002615545,0
E26A,-6.338135189,0.001186051,0
E26C,-4.877048083,0.00375454,0
E26D,-4.643781901,0.004462401,0
E26F,-5.383949374,0.002559528,0
E26G,-4.299098245,0.005741979,0
E26H,-6.302759225,0.001222419,0
E26I,-5.955904299,0.001630487,0
E26K,-3.634181157,0.009267132,0
E26L,-6.707192879,0.000855368,0
E26M,-4.692627566,0.004304557,0
E26N,-6.008253281,0.001562441,0
E26P,-7.152697719,0.000553994,0
E26Q,-4.085443912,0.00670306,0
E26R,-6.339127317,0.001185044,0
E26S,-6.995591408,0.00064983,0
E26T,-6.865653258,0.000737371,0
E26V,-5.003966207,0.003414857,0
E26W,-4.618550476,0.004546053,0
E26Y,-5.811526713,0.001831469,0
H27A,-1.898256662,0.031518518,0
H27C,-4.648748949,0.004446105,0
H27D,-3.037750487,0.014154484,0
H27E,-4.333618442,0.005599621,0
H27F,-4.435387479,0.005199225,0
H27G,-2.104643929,0.027280062,0
H27I,-0.745582618,0.070415038,0
H27K,-3.713205638,0.008758299,0
H27L,-1.779342731,0.034250469,0
H27M,-2.431121347,0.021698834,0
H27N,-3.138023626,0.013185366,0
H27P,-5.221032559,0.002898871,0
H27Q,-3.766721816,0.008429205,0
H27R,-3.43086235,0.010711883,0
H27S,-2.498844382,0.020690989,0
H27T,-2.360036733,0.02280885,0
H27V,-0.531438189,0.081727202,0
H27W,-3.795398666,0.008257819,0
H27Y,-3.600649192,0.009491608,0
G28A,-0.134537933,0.107696593,0
G28C,-5.680552225,0.002032034,0
G28D,-4.863923218,0.003791402,0
G28E,-4.231341059,0.006031504,0
G28F,-5.589067645,0.002183329,0
G28H,-5.047844425,0.003304202,0
G28I,-6.738660593,0.000830893,0
G28K,-5.625693586,0.002121604,0
G28L,-7.535733673,0.000359755,0
G28M,-4.795540329,0.003988983,0
G28N,-4.432843289,0.005208894,0
G28P,-5.842901401,0.001786067,0
G28Q,-4.792510264,0.003997957,0
G28R,-5.081114797,0.003222514,0
G28S,-1.043739255,0.057215815,0
G28T,-2.93845053,0.015182922,0
G28V,-4.816996044,0.003925979,0
G28W,-4.846536275,0.003840755,0
G28Y,-5.596119274,0.002171323,0
G29A,-0.134004728,0.107736507,0
G29C,1.846115902,0.425870374,1
G29D,-3.617129562,0.00938063,0
G29E,-2.078917185,0.027775915,0
G29F,-0.030968001,0.115733092,0
G29H,-5.560917538,0.002231847,0
G29I,-5.501923786,0.002336647,0
G29K,-4.330377137,0.005612843,0
G29L,1.696399551,0.383863838,1
G29M,-2.293872,0.02389236,0
G29N,-4.508712074,0.004927752,0
G29P,-7.148816077,0.000556238,0
G29Q,-3.809422049,0.00817524,0
G29R,-6.810070591,0.000777293,0
G29S,1.317374485,0.295110342,1
G29T,1.769130611,0.403726216,1
G29V,-3.558580087,0.009780715,0
G29W,-0.548910036,0.08074005,0
G29Y,-0.610490855,0.077354554,0
C30A,-6.777591586,0.000801343,0
C30D,-5.841014408,0.00178877,0
C30E,-5.286720251,0.002757423,0
C30F,-5.243850207,0.002849005,0
C30G,-6.004578926,0.001567137,0
C30H,-5.188376132,0.002971625,0
C30I,-5.997500681,0.001576217,0
C30K,-5.345738959,0.002635713,0
C30L,-7.035792532,0.000624305,0
C30M,-4.658257727,0.004415064,0
C30N,-5.375646113,0.002575912,0
C30P,-7.004837904,0.000643896,0
C30Q,-5.266055424,0.002801229,0
C30R,-5.386229561,0.002555046,0
C30S,-4.466716109,0.005081545,0
C30T,-6.096596027,0.001453064,0
C30V,-6.38328496,0.001140911,0
C30W,-5.429606778,0.002471103,0
C30Y,-4.061216474,0.006821301,0
V31A,-4.172479902,0.006294294,0
V31C,-5.734221837,0.001947641,0
V31D,-5.222450942,0.002895748,0
V31E,-6.53544617,0.000998778,0
V31F,-5.032568541,0.003342345,0
V31G,-7.332999028,0.000456131,0
V31H,-5.895747895,0.001711791,0
V31I,-3.904622065,0.007635372,0
V31K,-5.616461389,0.002137016,0
V31L,-4.651806103,0.004436103,0
V31M,-4.988070567,0.003455781,0
V31N,-5.635380001,0.00210554,0
V31P,-7.285944768,0.000480503,0
V31Q,-5.795629681,0.001854853,0
V31R,-7.203810335,0.000524998,0
V31S,-3.173276582,0.012860345,0
V31T,-1.812180204,0.033473413,0
V31W,-5.096755642,0.003184758,0
V31Y,-5.957706934,0.001628102,0
T32A,-5.182108631,0.002985778,0
T32C,-6.564542633,0.000973266,0
T32D,-6.425607678,0.001099861,0
T32E,-5.820575262,0.001818273,0
T32F,-6.429763194,0.001095895,0
T32G,-7.006455175,0.000642862,0
T32H,-6.759599134,0.000814901,0
T32I,-5.721259976,0.001967736,0
T32K,-6.37427615,0.001149805,0
T32L,-7.773839669,0.000262571,0
T32M,-5.510957304,0.002320321,0
T32N,-6.538708201,0.000995893,0
T32P,-7.87616612,0.000225489,0
T32Q,-6.312576036,0.001212238,0
T32R,-7.596288032,0.000333499,0
T32S,-5.998044819,0.001575518,0
T32V,-7.196786611,0.000528922,0
T32W,-5.375034358,0.002577123,0
T32Y,-6.487162969,0.001042266,0
V33A,-4.335030598,0.005593869,0
V33C,-4.949265876,0.0035576,0
V33D,-5.297477275,0.002734867,0
V33E,-4.829913924,0.003888496,0
V33F,-5.407727513,0.002513128,0
V33G,-5.275375489,0.002781394,0
V33H,-5.283509753,0.002764187,0
V33I,-4.804112817,0.003963698,0
V33K,-5.567965137,0.002219611,0
V33L,-1.858065824,0.032416793,0
V33M,-1.372283784,0.045506387,0
V33N,-4.962681789,0.003522088,0
V33P,-5.995786082,0.001578423,0
V33Q,-5.559494671,0.002234324,0
V33R,-6.546723639,0.000988829,0
V33S,-6.305337122,0.001219739,0
V33T,-5.656338483,0.00207115,0
V33W,-5.03597279,0.00333381,0
V33Y,-5.012359115,0.00339343,0
M34A,-5.640431259,0.002097206,0
M34C,-4.724614551,0.00420405,0
M34D,-4.791444925,0.004001116,0
M34E,-5.362333125,0.002602379,0
M34F,-5.365431141,0.002596198,0
M34G,-5.8362583,0.001795598,0
M34H,-3.983698371,0.007213247,0
M34I,-5.115515089,0.00314001,0
M34K,-4.822900024,0.003908806,0
M34L,-2.915375887,0.01543221,0
M34N,-4.950616015,0.003554011,0
M34P,-5.778840411,0.00187983,0
M34Q,-4.922308799,0.003629962,0
M34R,-5.684832056,0.002025189,0
M34S,-4.981625515,0.003472503,0
M34T,-4.170721599,0.006302311,0
M34V,-4.86653696,0.003784035,0
M34W,-5.013665642,0.003390106,0
M34Y,-4.663911905,0.004396703,0
A35C,-3.145441016,0.013116319,0
A35D,-4.804700207,0.003961971,0
A35E,-6.996096902,0.000649505,0
A35F,-4.411203762,0.00529183,0
A35G,-0.418968349,0.088376054,0
A35H,-5.667819088,0.002052522,0
A35I,-5.266813869,0.00279961,0
A35K,-4.947601591,0.003562029,0
A35L,-6.224419658,0.001306203,0
A35M,-4.331463171,0.005608409,0
A35N,-4.833829548,0.0038772,0
A35P,-5.63569547,0.002105019,0
A35Q,-5.145249595,0.003070264,0
A35R,-6.259233177,0.001268408,0
A35S,-0.764796574,0.069479769,0
A35T,-3.143844723,0.013131149,0
A35V,-4.696475389,0.004292348,0
A35W,-3.642383648,0.009213011,0
A35Y,-4.520947439,0.00488378,0
Q36A,-2.115866063,0.027066523,0
Q36C,-2.049795003,0.028347985,0
Q36D,-3.017607554,0.014357418,0
Q36E,-0.192433256,0.103449325,0
Q36F,-2.067370439,0.028001356,0
Q36G,-4.252325627,0.00594038,0
Q36H,0.476725383,0.164664122,1
Q36I,-0.87910603,0.064165852,0
Q36K,0.122363756,0.128742094,1
Q36L,-4.040021682,0.006926383,0
Q36M,-0.461727475,0.085787019,0
Q36N,-2.724414226,0.017655731,0
Q36P,-1.721181352,0.035670945,0
Q36R,-0.654346399,0.07503013,0
Q36S,-2.221186359,0.025141357,0
Q36T,-1.22527832,0.050417731,0
Q36V,-3.912153143,0.007594166,0
Q36W,-1.153219894,0.05301419,0
Q36Y,-2.533153209,0.020198183,0
D37A,0.107510612,0.127420583,1
D37C,-4.228658303,0.00604325,0
D37E,-1.998245202,0.029389368,0
D37F,-3.210580162,0.012524957,0
D37G,0.635314667,0.183829714,1
D37H,-4.050401425,0.006874728,0
D37I,-4.626375903,0.004519952,0
D37K,-3.497477229,0.010215928,0
D37L,-2.140298971,0.026607309,0
D37M,-0.498727288,0.083607807,0
D37N,-0.691220292,0.073129692,0
D37P,-6.15825424,0.001380597,0
D37Q,-4.244463932,0.005974364,0
D37R,-1.03403232,0.057603963,0
D37S,-2.30747114,0.023665586,0
D37T,-3.9274335,0.007511217,0
D37V,-5.308253575,0.002712438,0
D37W,-3.913097576,0.007589013,0
D37Y,-2.643019258,0.018696674,0
K38A,-4.211241933,0.006120036,0
K38C,-4.719522561,0.004219901,0
K38D,-4.87645261,0.003756205,0
K38E,-4.236069945,0.006010854,0
K38F,-4.8983906,0.003695309,0
K38G,-6.512237511,0.001019501,0
K38H,-5.024129207,0.003363591,0
K38I,-5.3057358,0.002717663,0
K38L,-5.617218448,0.002135748,0
K38M,-3.643104105,0.009208272,0
K38N,-5.81211506,0.001830608,0
K38P,-7.117514724,0.000574558,0
K38Q,-5.069393375,0.003251079,0
K38R,-1.535200429,0.040617306,0
K38S,-6.897710714,0.000715035,0
K38T,-4.839279432,0.00386153,0
K38V,-5.256141516,0.002822469,0
K38W,-5.027073279,0.003356165,0
K38Y,-5.072723928,0.003242939,0
P39A,-6.87355167,0.000731821,0
P39C,-5.028040251,0.003353729,0
P39D,-5.144928648,0.003071009,0
P39E,-5.474447002,0.002386941,0
P39F,-4.966231637,0.003512747,0
P39G,-6.028327379,0.001536996,0
P39H,-6.178660893,0.001357288,0
P39I,-5.468825127,0.00239735,0
P39K,-4.831389135,0.003884237,0
P39L,-4.550831559,0.004777938,0
P39M,-4.521154624,0.004883039,0
P39N,-4.662811015,0.004400273,0
P39Q,-6.830460894,0.000762469,0
P39R,-6.467360242,0.001060528,0
P39S,-3.595425655,0.009527048,0
P39T,-6.448244608,0.001078395,0
P39V,-6.153132608,0.0013865,0
P39W,-4.556972595,0.004756458,0
P39Y,-4.952399785,0.003549275,0
T40A,-4.283115343,0.005809053,0
T40C,-4.706490095,0.004260725,0
T40D,-5.5938277,0.002175218,0
T40E,-5.650646994,0.002080439,0
T40F,-5.230916947,0.002877173,0
T40G,-6.223014102,0.001307748,0
T40H,-6.004512287,0.001567222,0
T40I,-4.847973753,0.003836652,0
T40K,-4.387035007,0.005385941,0
T40L,-6.884359312,0.000724277,0
T40M,-4.661261566,0.004405301,0
T40N,-5.728670488,0.001956225,0
T40P,-6.884856803,0.000723931,0
T40Q,-5.712434891,0.001981522,0
T40R,-6.328810456,0.001195551,0
T40S,-4.767993546,0.004071259,0
T40V,-6.068029086,0.001487703,0
T40W,-4.53154907,0.004845981,0
T40Y,-5.693222206,0.002011827,0
V41A,-4.935881859,0.003593358,0
V41C,-6.287294061,0.001238601,0
V41D,-5.463351412,0.002407524,0
V41E,-6.288478846,0.001237355,0
V41F,-1.245568693,0.049709712,0
V41G,-7.423025696,0.000411659,0
V41H,-6.052599667,0.001506699,0
V41I,-4.878491029,0.003750508,0
V41K,-5.850405041,0.001775354,0
V41L,-3.107672899,0.013471624,0
V41M,-3.703477053,0.008819447,0
V41N,-6.239457729,0.001289765,0
V41P,-7.632863149,0.000318166,0
V41Q,-5.901091115,0.001704431,0
V41R,-7.277556715,0.000484932,0
V41S,-7.119093041,0.000573625,0
V41T,-6.090769759,0.001460073,0
V41W,-5.390430129,0.002546806,0
V41Y,-4.868105629,0.003779619,0
D42A,-6.9421442,0.000684886,0
D42C,-5.686800501,0.002022047,0
D42E,-5.096216069,0.003186054,0
D42F,-5.330899503,0.002665848,0
D42G,-5.13522931,0.003093607,0
D42H,-6.239718891,0.001289481,0
D42I,-5.973198517,0.001607733,0
D42K,-5.458530947,0.002416515,0
D42L,-6.783804837,0.0007967,0
D42M,-4.389651061,0.005375678,0
D42N,-3.341799787,0.01141177,0
D42P,-7.47831096,0.000385692,0
D42Q,-5.973550108,0.001607273,0
D42R,-7.080408392,0.000596797,0
D42S,-7.06133519,0.000608452,0
D42T,-6.880310967,0.000727097,0
D42V,-5.581702901,0.002195931,0
D42W,-4.811397381,0.003942329,0
D42Y,-5.130277816,0.003105202,0
I43A,-6.143256002,0.001397941,0
I43C,-5.175528886,0.003000702,0
I43D,-5.036651317,0.003332111,0
I43E,-4.693347167,0.004302271,0
I43F,-3.978199036,0.007241861,0
I43G,-5.848685859,0.001777803,0
I43H,-4.189199427,0.006218555,0
I43K,-4.127856497,0.006500788,0
I43L,-1.043834723,0.05721201,0
I43M,-1.614503806,0.038429949,0
I43N,-4.583495945,0.004664729,0
I43P,-6.812265427,0.000775687,0
I43Q,-4.501380801,0.004954278,0
I43R,-5.569862594,0.002216327,0
I43S,-6.326552766,0.00119786,0
I43T,-3.781146665,0.00834257,0
I43V,-3.0813932,0.013724397,0
I43W,-4.182431365,0.006249109,0
I43Y,-5.143354901,0.003074665,0
E44A,-5.216186468,0.002909564,0
E44C,-5.689598517,0.002017588,0
E44D,-4.561566225,0.00474045,0
E44F,-5.802936657,0.001844072,0
E44G,-5.121271253,0.003126396,0
E44H,-6.386417985,0.001137831,0
E44I,-6.394264648,0.001130146,0
E44K,-4.559307378,0.004748315,0
E44L,-5.918478102,0.001680671,0
E44M,-4.368187684,0.005460434,0
E44N,-6.397934592,0.001126566,0
E44P,-6.913819506,0.000703998,0
E44Q,-4.713602254,0.004238401,0
E44R,-6.856095224,0.000744127,0
E44S,-7.439211583,0.000403953,0
E44T,-6.774171149,0.000803907,0
E44V,-5.640913896,0.002096411,0
E44W,-5.111946883,0.003148477,0
E44Y,-6.217287478,0.001314059,0
L45A,-6.056181533,0.001502271,0
L45C,-4.901164502,0.003687674,0
L45D,-4.371994113,0.005445311,0
L45E,-4.869508082,0.003775676,0
L45F,-5.61033536,0.002147297,0
L45G,-5.87153257,0.001745488,0
L45H,-4.608983369,0.004578157,0
L45I,-3.803600198,0.008209426,0
L45K,-5.140365294,0.003081622,0
L45M,-3.712323083,0.008763829,0
L45N,-4.048028383,0.006886505,0
L45P,-6.446488049,0.001080048,0
L45Q,-5.325178149,0.00267755,0
L45R,-6.637431361,0.000911569,0
L45S,-4.044877461,0.006902172,0
L45T,-5.513054523,0.002316545,0
L45V,-5.028697551,0.003352074,0
L45W,-4.766134632,0.004076868,0
L45Y,-4.504399691,0.004943339,0
V46A,-2.893360897,0.015673796,0
V46C,-4.857298911,0.003810135,0
V46D,-3.430070445,0.010717918,0
V46E,-2.936477496,0.015204082,0
V46F,-4.386586837,0.005387701,0
V46G,-3.671674867,0.009022237,0
V46H,-5.344414299,0.00263839,0
V46I,-3.567373931,0.009719583,0
V46K,-4.071333076,0.006771686,0
V46L,-5.660093546,0.00206504,0
V46M,-4.189760799,0.006216028,0
V46N,-5.157720139,0.003041438,0
V46P,-6.7689473,0.000807836,0
V46Q,-5.042762157,0.003316847,0
V46R,-5.997716687,0.001575939,0
V46S,-3.982111497,0.007221493,0
V46T,-1.247634217,0.049638194,0
V46W,-4.030506441,0.006974063,0
V46Y,-4.673704974,0.004365072,0
T47A,1.144613648,0.261773692,1
T47C,-5.206276513,0.002931542,0
T47D,-4.913330505,0.003654365,0
T47E,-4.393472606,0.005360719,0
T47F,-4.949195879,0.003557786,0
T47G,-0.077844503,0.112024172,0
T47H,-1.479043615,0.042240581,0
T47I,-2.431675754,0.02169039,0
T47K,-2.936775341,0.015200886,0
T47L,-1.457558841,0.042878525,0
T47M,0.582055696,0.177157024,1
T47N,-4.330062049,0.00561413,0
T47P,-7.167344473,0.00054558,0
T47Q,-4.141243492,0.006438168,0
T47R,-1.425739241,0.043840968,0
T47S,-2.126209144,0.026871176,0
T47V,-0.926133905,0.062098997,0
T47W,-4.406671438,0.005309358,0
T47Y,-2.020107905,0.028943161,0
T48A,-1.937091773,0.030673995,0
T48C,-4.461137026,0.005102315,0
T48D,-4.686988564,0.004322508,0
T48E,-4.938814166,0.003585496,0
T48F,-4.540842067,0.004813075,0
T48G,-5.845136798,0.00178287,0
T48H,-5.327378047,0.002673045,0
T48I,-4.429009579,0.005223497,0
T48K,-5.174535139,0.003002961,0
T48L,-4.521008144,0.004883563,0
T48M,-2.982425488,0.014718735,0
T48N,-4.947480952,0.00356235,0
T48P,-5.416869304,0.002495491,0
T48Q,-4.992864673,0.003443391,0
T48R,-5.297881935,0.002734022,0
T48S,-2.467038302,0.021158434,0
T48V,-2.254828515,0.024555439,0
T48W,-4.124713357,0.006515575,0
T48Y,-4.554785928,0.004764096,0
T49A,-2.735784638,0.017514936,0
T49C,-2.812135039,0.016597728,0
T49D,-4.029527089,0.006978988,0
T49E,-3.97536463,0.007256652,0
T49F,-4.250283824,0.005949188,0
T49G,-3.755356044,0.008498081,0
T49H,-3.927571559,0.007510471,0
T49I,0.985428612,0.234397256,1
T49K,-2.245734467,0.024712477,0
T49L,-3.355091702,0.011304554,0
T49M,0.955597916,0.229594663,1
T49N,-3.327307084,0.011529803,0
T49P,-7.436458453,0.000405258,0
T49Q,-4.404220758,0.005318859,0
T49R,0.917021325,0.223529463,1
T49S,0.92900318,0.225395975,1
T49V,0.793623289,0.205182282,1
T49W,-3.625579779,0.009324216,0
T49Y,-1.119211359,0.05428539,0
V50A,-0.402489241,0.089394517,0
V50C,-5.047659005,0.003304663,0
V50D,-5.127860418,0.003110878,0
V50E,-5.589019259,0.002183412,0
V50F,-2.889236488,0.015719467,0
V50G,-5.708024778,0.001988442,0
V50H,-6.08973657,0.001461319,0
V50I,-4.841899269,0.003854017,0
V50K,-5.457875432,0.00241774,0
V50L,-4.740177814,0.004155948,0
V50M,-4.426515808,0.005233016,0
V50N,-5.505787984,0.002329651,0
V50P,-8.065367568,0.000163481,0
V50Q,-5.402663223,0.002522946,0
V50R,-7.015691421,0.000636979,0
V50S,-7.168483977,0.000544929,0
V50T,-5.784984142,0.001870656,0
V50W,-4.777333751,0.004043186,0
V50Y,-5.742219945,0.00193533,0
S51A,-4.10522511,0.00660798,0
S51C,-4.562348493,0.004737729,0
S51D,-4.746832011,0.00413554,0
S51E,-4.587803146,0.004649991,0
S51F,-4.758715773,0.004099325,0
S51G,-3.479136219,0.010350202,0
S51H,-2.924223165,0.015336156,0
S51I,-5.26292396,0.002807922,0
S51K,-5.065969295,0.003259467,0
S51L,-5.142860933,0.003075814,0
S51M,-3.662147099,0.009083867,0
S51N,-4.534950705,0.004833911,0
S51P,-6.982587666,0.00065824,0
S51Q,-4.810806196,0.00394406,0
S51R,-5.339174894,0.002649005,0
S51T,-1.749108486,0.034981731,0
S51V,-5.126616542,0.003113802,0
S51W,-4.247668457,0.005960489,0
S51Y,-5.185471319,0.002978177,0
N52A,-6.221319055,0.001309613,0
N52C,-5.090784952,0.003199123,0
N52D,-3.814586232,0.008145032,0
N52E,-5.515135756,0.002312803,0
N52F,-5.716857305,0.001974603,0
N52G,-1.183895665,0.051892988,0
N52H,-2.249353635,0.024649862,0
N52I,-4.92982526,0.003609649,0
N52K,-5.824681227,0.001812313,0
N52L,-7.135026436,0.00056426,0
N52M,-4.431314345,0.005214713,0
N52P,-7.755643666,0.000269445,0
N52Q,-1.445468534,0.043241721,0
N52R,-6.518362596,0.001013999,0
N52S,-3.359822863,0.01126663,0
N52T,-6.525327733,0.001007772,0
N52V,-5.929159458,0.001666215,0
N52W,-4.073623811,0.0067605,0
N52Y,-3.229372498,0.012359256,0
M53A,-6.51703971,0.001015185,0
M53C,-3.949957701,0.007390536,0
M53D,-5.148109536,0.003063631,0
M53E,-5.595630256,0.002172154,0
M53F,-4.796236889,0.003986923,0
M53G,-6.958621483,0.00067394,0
M53H,-5.680615419,0.002031933,0
M53I,-5.674377539,0.002041947,0
M53K,-5.590710891,0.002180526,0
M53L,-0.146585511,0.106798671,0
M53N,-5.538128535,0.002271824,0
M53P,-7.154020067,0.000553231,0
M53Q,-5.666933872,0.002053953,0
M53R,-6.056303522,0.00150212,0
M53S,-6.848336521,0.000749644,0
M53T,-4.645600601,0.004456428,0
M53V,-5.152065131,0.003054478,0
M53W,-5.54064841,0.002267372,0
M53Y,-5.167539052,0.003018915,0
A54C,-5.987367866,0.001589293,0
A54D,-7.090143876,0.000590907,0
A54E,-5.87430431,0.001741602,0
A54F,-6.241979951,0.001287025,0
A54G,-6.456359983,0.00107078,0
A54H,-6.186787268,0.001348097,0
A54I,-6.210297944,0.001321796,0
A54K,-5.518082646,0.002307514,0
A54L,-7.300832603,0.000472706,0
A54M,-4.852900651,0.003822621,0
A54N,-5.754517332,0.001916536,0
A54P,-6.456025509,0.001071093,0
A54Q,-5.177347515,0.00299657,0
A54R,-7.335153704,0.000455034,0
A54S,-7.145789202,0.000557992,0
A54T,-4.840694733,0.00385747,0
A54V,-4.72121646,0.004214622,0
A54W,-5.188145222,0.002972146,0
A54Y,-5.856837652,0.001766214,0
E55A,-1.093031006,0.0552846,0
E55C,-0.503468288,0.083332589,0
E55D,-3.413199868,0.010847268,0
E55F,-5.112600307,0.003146925,0
E55G,-4.410044999,0.005296306,0
E55H,-3.03481001,0.014183932,0
E55I,-3.980430595,0.007230237,0
E55K,-2.298955212,0.023807344,0
E55L,-1.596802115,0.038907829,0
E55M,-2.693851666,0.01803972,0
E55N,-4.501648312,0.004953308,0
E55P,-4.166350265,0.006322282,0
E55Q,1.311225913,0.293854112,1
E55R,-4.177959442,0.006269375,0
E55S,-1.666770903,0.037052669,0
E55T,0.804149555,0.206686861,1
E55V,-0.768055966,0.069322346,0
E55W,-4.335329076,0.005592654,0
E55Y,-2.648594383,0.018623486,0
V56A,-3.359682155,0.011267756,0
V56C,-5.812895748,0.001829467,0
V56D,-5.456461113,0.002420385,0
V56E,-3.629041475,0.009301201,0
V56F,-5.511334319,0.002319641,0
V56G,-6.512485477,0.001019277,0
V56H,-5.760384879,0.001907625,0
V56I,-0.107482182,0.109740633,0
V56K,-4.801765871,0.003970606,0
V56L,-6.814073077,0.000774366,0
V56M,-4.256359052,0.005923016,0
V56N,-4.797744106,0.003982469,0
V56P,-7.03984835,0.000621769,0
V56Q,-5.385689565,0.002556106,0
V56R,-6.427127827,0.001098409,0
V56S,-7.208640891,0.000522311,0
V56T,-5.673204341,0.002043835,0
V56W,-4.583358513,0.0046652,0
V56Y,-5.674260915,0.002042134,0
R57A,-4.19396495,0.006197128,0
R57C,-6.063157091,0.001493679,0
R57D,-5.579516602,0.002199685,0
R57E,-5.466345136,0.002401955,0
R57F,-5.361456975,0.002604129,0
R57G,-3.938858964,0.007449766,0
R57H,-6.008633844,0.001561956,0
R57I,-5.2988423,0.002732016,0
R57K,-3.873535737,0.007807757,0
R57L,-6.797388312,0.00078662,0
R57M,-4.383742547,0.005398884,0
R57N,-5.91594301,0.001684117,0
R57P,-6.762655083,0.000812586,0
R57Q,-5.939736915,0.001652005,0
R57S,-6.761179372,0.000813703,0
R57T,-6.118190806,0.00142733,0
R57V,-6.279934271,0.001246363,0
R57W,-4.923114914,0.003627779,0
R57Y,-5.697516796,0.002005018,0
S58A,-1.955490157,0.030281765,0
S58C,-6.237682825,0.001291696,0
S58D,-3.269656624,0.012011241,0
S58E,-4.156977473,0.006365309,0
S58F,-5.093674551,0.003192163,0
S58G,-2.625109226,0.018933712,0
S58H,-2.598014573,0.019297948,0
S58I,-5.63197886,0.002111168,0
S58K,-6.312330753,0.001212491,0
S58L,-7.428509172,0.000409039,0
S58M,-5.525793583,0.002293727,0
S58N,-2.664333962,0.018418384,0
S58P,-6.859271231,0.000741877,0
S58Q,-3.490813579,0.010264515,0
S58R,-6.787600718,0.000793874,0
S58T,-2.691191653,0.018073527,0
S58V,-3.564603622,0.009738801,0
S58W,-5.552231744,0.002247009,0
S58Y,-5.472420639,0.002390688,0
Y59A,-5.92506882,0.001671739,0
Y59C,-4.519176422,0.004890122,0
Y59D,-5.301415849,0.00272665,0
Y59E,-5.329170933,0.002669379,0
Y59F,-1.982262191,0.029719879,0
Y59G,-6.502689772,0.001028123,0
Y59H,-4.742603751,0.004148497,0
Y59I,-5.681515701,0.002030491,0
Y59K,-5.488915618,0.002360338,0
Y59L,-6.442188358,0.001084105,0
Y59M,-4.459550333,0.005108237,0
Y59N,-4.626296524,0.004520216,0
Y59P,-6.605576254,0.00093815,0
Y59Q,-5.381373046,0.002564602,0
Y59R,-6.569619005,0.000968867,0
Y59S,-6.335020687,0.001189217,0
Y59T,-6.295407596,0.00123009,0
Y59V,-5.893424541,0.001714999,0
Y59W,-4.634471144,0.0044931,0
C60A,-6.557172164,0.00097968,0
C60D,-5.404119387,0.002520119,0
C60E,-5.569206157,0.002217463,0
C60F,-5.509363282,0.002323194,0
C60G,-6.012284307,0.001557303,0
C60H,-5.452428086,0.002427942,0
C60I,-5.555492397,0.002241307,0
C60K,-5.255176624,0.002824544,0
C60L,-6.532616949,0.001001287,0
C60M,-4.802341758,0.00396891,0
C60N,-5.40067945,0.002526802,0
C60P,-6.632285805,0.000915823,0
C60Q,-5.707104788,0.001989889,0
C60R,-3.78285327,0.008332377,0
C60S,-6.073498704,0.001481017,0
C60T,-5.979589766,0.001599393,0
C60V,-6.310601244,0.00121428,0
C60W,-5.636527745,0.002103644,0
C60Y,-3.631592254,0.009284278,0
Y61A,-6.117304434,0.001428379,0
Y61C,-3.503752609,0.010170377,0
Y61D,-4.970120341,0.00350254,0
Y61E,-4.944872903,0.0035693,0
Y61F,-2.561010784,0.019806574,0
Y61G,-5.310031531,0.002708754,0
Y61H,-4.00077401,0.007125092,0
Y61I,-4.254934356,0.005929144,0
Y61K,-4.928935755,0.003612048,0
Y61L,-2.318617632,0.023481299,0
Y61M,-3.613074529,0.009407819,0
Y61N,-4.172545045,0.006293998,0
Y61P,-7.749071909,0.000271949,0
Y61Q,-5.024097122,0.003363672,0
Y61R,-6.347595376,0.001176475,0
Y61S,-6.388907706,0.001135388,0
Y61T,-2.059618827,0.028153716,0
Y61V,-2.960541367,0.014947969,0
Y61W,-4.352832341,0.005521848,0
E62A,-2.646336293,0.018653095,0
E62C,-2.669669964,0.018349357,0
E62D,-0.790406084,0.068252396,0
E62F,-2.62999827,0.018868714,0
E62G,-4.256650323,0.005921764,0
E62H,-4.174925148,0.006283163,0
E62I,-3.743183909,0.008572447,0
E62K,-3.121568344,0.013339819,0
E62L,-6.072548102,0.001482177,0
E62M,-3.515790064,0.010083553,0
E62N,-3.873856068,0.007805962,0
E62P,-7.275914729,0.000485802,0
E62Q,-4.091307082,0.006674742,0
E62R,-5.989113424,0.001587034,0
E62S,-2.571168628,0.01966565,0
E62T,-4.89340829,0.003709058,0
E62V,-4.097848778,0.006643283,0
E62W,-4.09424667,0.006660588,0
E62Y,-3.423499649,0.010768118,0
A63C,-4.649037712,0.004445159,0
A63D,-4.685816608,0.004326247,0
A63E,-5.472060265,0.002391355,0
A63F,-4.567929711,0.004718359,0
A63G,-3.609304063,0.009433168,0
A63H,-4.944909247,0.003569204,0
A63I,-4.326735051,0.005627736,0
A63K,-4.529295134,0.004853994,0
A63L,-5.696333159,0.002006893,0
A63M,-3.682936124,0.008949916,0
A63N,-4.824931502,0.003902914,0
A63P,-6.95986363,0.00067312,0
A63Q,-4.578136321,0.004683129,0
A63R,-5.81972085,0.001819516,0
A63S,-3.534748178,0.009948272,0
A63T,-4.832057901,0.003882307,0
A63V,-3.461898312,0.010477966,0
A63W,-3.78964616,0.008291926,0
A63Y,-4.482940553,0.005021598,0
S64A,-1.190680925,0.051648189,0
S64C,-3.952961842,0.007374582,0
S64D,-3.652502893,0.009146666,0
S64E,-3.453390771,0.010541587,0
S64F,-1.199828796,0.05131997,0
S64G,-2.347396776,0.02301202,0
S64H,-0.190339449,0.103599977,0
S64I,-3.762718363,0.008453404,0
S64K,-1.86868869,0.032176931,0
S64L,-0.627678001,0.076435176,0
S64M,-3.264561472,0.012054723,0
S64N,0.380978347,0.154072722,1
S64P,-4.378075668,0.005421231,0
S64Q,-1.949915982,0.030400071,0
S64R,0.626843963,0.182751898,1
S64T,-2.07034669,0.027943075,0
S64V,-3.418665814,0.010805194,0
S64W,-3.803891266,0.008207713,0
S64Y,-2.198708774,0.025540515,0
I65A,-5.28984012,0.002750864,0
I65C,-5.262702838,0.002808395,0
I65D,-4.97783921,0.003482362,0
I65E,-5.617911474,0.002134589,0
I65F,-4.898756704,0.0036943,0
I65G,-6.282393285,0.001243765,0
I65H,-4.905823891,0.003674884,0
I65K,-4.225996012,0.006054928,0
I65L,0.345992194,0.150374628,1
I65M,-2.689821977,0.018090959,0
I65N,-5.299518507,0.002730605,0
I65P,-5.156373498,0.003044538,0
I65Q,-5.414297434,0.002500441,0
I65R,-6.483592994,0.00104554,0
I65S,-5.956037057,0.001630311,0
I65T,-3.727652467,0.008668253,0
I65V,-0.347328739,0.092889515,0
I65W,-4.702819406,0.004272291,0
I65Y,-5.431960555,0.002466619,0
S66A,-0.497350402,0.083687905,0
S66C,-4.589878195,0.004642907,0
S66D,-4.73616839,0.004168291,0
S66E,-4.023148684,0.007011148,0
S66F,-3.989789541,0.007181681,0
S66G,-3.935037632,0.007470264,0
S66H,-3.87231815,0.007814585,0
S66I,-2.108457872,0.027207303,0
S66K,-1.599176568,0.038843386,0
S66L,-2.632112753,0.01884067,0
S66M,-4.616655272,0.004552396,0
S66N,-3.851257452,0.007933604,0
S66P,-3.572513304,0.009684028,0
S66Q,-5.628722367,0.00211657,0
S66R,-2.597377455,0.019306595,0
S66T,-4.043572279,0.006908672,0
S66V,-1.50744291,0.041411771,0
S66W,-3.34722387,0.011367899,0
S66Y,-2.031868734,0.02870591,0
D67A,-2.443932284,0.021504537,0
D67C,-5.469495591,0.002396107,0
D67E,-1.582751253,0.039291346,0
D67F,-5.091984945,0.003196231,0
D67G,-3.962787254,0.007322635,0
D67H,-3.563262483,0.009748118,0
D67I,-5.758159689,0.001911,0
D67K,-4.971372873,0.003499258,0
D67L,-3.049562146,0.014036796,0
D67M,-3.853991059,0.007918057,0
D67N,-2.59927798,0.019280811,0
D67P,-8.22637019,0.000116755,0
D67Q,-4.50998037,0.004923176,0
D67R,-5.871377205,0.001745706,0
D67S,-3.00595587,0.014476105,0
D67T,-6.897864202,0.000714929,0
D67V,-4.003405386,0.0071116,0
D67W,-3.417700473,0.010812613,0
D67Y,-4.983309071,0.003468128,0
M68A,-3.01493884,0.014384518,0
M68C,-3.168607121,0.012902941,0
M68D,-4.253321101,0.00593609,0
M68E,-4.9377699,0.003588294,0
M68F,-4.353836385,0.005517812,0
M68G,-6.400499576,0.001124069,0
M68H,-5.244937332,0.002846649,0
M68I,-0.327010259,0.094210956,0
M68K,-4.660058689,0.004409208,0
M68L,-2.056754868,0.028210215,0
M68N,-5.382857373,0.002561678,0
M68P,-6.830287164,0.000762594,0
M68Q,-4.034554218,0.006953741,0
M68R,-4.77843363,0.004039892,0
M68S,-1.919825952,0.031046659,0
M68T,1.222459903,0.276302218,1
M68V,-0.570211558,0.079552584,0
M68W,-2.30321138,0.02373639,0
M68Y,-4.874230669,0.003762425,0
A69C,-0.111841136,0.109408722,0
A69D,-5.064023471,0.003264243,0
A69E,-4.131599425,0.006483221,0
A69F,-3.533143338,0.009959655,0
A69G,-2.475068706,0.021039439,0
A69H,-2.116854757,0.027047789,0
A69I,-1.564452314,0.039796448,0
A69K,-4.079100112,0.006733829,0
A69L,-0.893628335,0.063520398,0
A69M,-2.211217077,0.025317625,0
A69N,-3.380542087,0.011102002,0
A69P,-6.505942517,0.001025179,0
A69Q,0.154412892,0.131640341,1
A69R,-0.272542785,0.097846525,0
A69S,-2.127486756,0.026847144,0
A69T,-1.407593599,0.044399396,0
A69V,1.185438029,0.269294991,1
A69W,-2.933689092,0.015234036,0
A69Y,-3.028519968,0.014247127,0
S70A,-4.338654632,0.005579135,0
S70C,-4.550934301,0.004777578,0
S70D,-5.067118754,0.003256649,0
S70E,-5.629553825,0.00211519,0
S70F,-5.04878062,0.003301878,0
S70G,-6.171901989,0.001364972,0
S70H,-5.423853726,0.002482091,0
S70I,-4.391171226,0.005369723,0
S70K,-5.477611413,0.0023811,0
S70L,-4.713350212,0.00423919,0
S70M,-4.911482286,0.003659407,0
S70N,-4.460974828,0.00510292,0
S70P,-5.273770906,0.0027848,0
S70Q,-5.064036097,0.003264212,0
S70R,-6.817370697,0.000771961,0
S70T,-2.613674008,0.019086603,0
S70V,-2.742362352,0.017433993,0
S70W,-4.247456101,0.005961407,0
S70Y,-5.121939715,0.003124818,0
D71A,-3.081943462,0.013719057,0
D71C,-5.1880721,0.00297231,0
D71E,-1.163343108,0.052641547,0
D71F,-5.410945315,0.002506907,0
D71G,-4.406146262,0.005311393,0
D71H,-4.386290639,0.005388865,0
D71I,-4.779410762,0.004036968,0
D71K,-4.835295331,0.00387298,0
D71L,-3.111872958,0.013431651,0
D71M,-3.731601239,0.008643797,0
D71N,-3.31935619,0.011595062,0
D71P,-7.127649686,0.000568583,0
D71Q,-4.451208095,0.005139478,0
D71R,-5.924169236,0.001672955,0
D71S,-4.864991201,0.00378839,0
D71T,-5.241046461,0.00285509,0
D71V,-4.56993468,0.004711419,0
D71W,-4.446014154,0.005159021,0
D71Y,-6.586827061,0.000954071,0
S72A,-2.323850032,0.02339528,0
S72C,-4.696346707,0.004292756,0
S72D,-5.24171279,0.002853643,0
S72E,-5.648359603,0.002084183,0
S72F,-5.466011315,0.002402575,0
S72G,-3.126451735,0.013293799,0
S72H,-4.971926437,0.003497809,0
S72I,-5.428981432,0.002472295,0
S72K,-5.611039038,0.002146113,0
S72L,-6.858575555,0.000742369,0
S72M,-5.125657289,0.003116058,0
S72N,-3.693029011,0.008885577,0
S72P,-6.595891468,0.000946348,0
S72Q,-5.216402589,0.002909086,0
S72R,-6.603423987,0.000939967,0
S72T,-4.154407114,0.006377157,0
S72V,-6.208292791,0.001324022,0
S72W,-5.290208038,0.002750091,0
S72Y,-5.445112053,0.002441704,0
R73A,-4.503588428,0.004946276,0
R73C,-3.550513598,0.009837119,0
R73D,-4.235964981,0.006011311,0
R73E,-3.907864172,0.007617607,0
R73F,-4.407052059,0.005307884,0
R73G,-4.988150157,0.003455575,0
R73H,-3.325700551,0.01154296,0
R73I,-4.707491922,0.004257574,0
R73K,-0.859545043,0.065045587,0
R73L,-4.995890575,0.003435592,0
R73M,-3.242946119,0.012240906,0
R73N,-4.445980829,0.005159147,0
R73P,-5.523685724,0.002297488,0
R73Q,-4.496438541,0.004972237,0
R73S,-4.282931391,0.005809829,0
R73T,-4.562447889,0.004737384,0
R73V,-4.585736891,0.004657055,0
R73W,-3.784644493,0.008321692,0
R73Y,-4.257782592,0.005916899,0
C74A,-5.697391306,0.002005217,0
C74D,-4.724524768,0.004204329,0
C74E,-4.939554821,0.003583512,0
C74F,-5.786201133,0.001868844,0
C74G,-5.320616342,0.002686913,0
C74H,-5.577624108,0.002202939,0
C74I,-5.488045893,0.00236193,0
C74K,-4.918186067,0.003641149,0
C74L,-6.609189215,0.000935106,0
C74M,-4.322561629,0.005644848,0
C74N,-4.964735455,0.003516681,0
C74P,-7.030259786,0.000627776,0
C74Q,-4.854623635,0.003817725,0
C74R,-4.863825036,0.003791679,0
C74S,-5.205948764,0.002932271,0
C74T,-6.182946495,0.001352434,0
C74V,-5.38236602,0.002562645,0
C74W,-4.236301543,0.006009844,0
C74Y,-4.180443934,0.006258108,0
P75A,-6.348254557,0.00117581,0
P75C,-5.31919244,0.002689842,0
P75D,-4.832093579,0.003882204,0
P75E,-5.101097775,0.003174349,0
P75F,-5.227551799,0.002884543,0
P75G,-6.021010715,0.001546229,0
P75H,-6.303565749,0.00122158,0
P75I,-5.841077836,0.001788679,0
P75K,-5.359143714,0.002608756,0
P75L,-4.472622646,0.005059643,0
P75M,-4.447316641,0.005154114,0
P75N,-5.298244256,0.002733265,0
P75Q,-6.620660576,0.00092549,0
P75R,-6.881456057,0.000726298,0
P75S,-4.287096158,0.005792277,0
P75T,-6.306801655,0.001218218,0
P75V,-5.971807553,0.001609553,0
P75W,-4.621384047,0.004536586,0
P75Y,-5.527745083,0.002290249,0
T76A,-1.258844125,0.049251834,0
T76C,-4.415294123,0.005276057,0
T76D,-4.297901304,0.005746976,0
T76E,-4.798838924,0.003979236,0
T76F,-5.122368244,0.003123807,0
T76G,-4.871568377,0.003769889,0
T76H,-5.64491513,0.002089832,0
T76I,-4.632664423,0.00449908,0
T76K,-5.702172127,0.00199766,0
T76L,-6.475048628,0.001053408,0
T76M,-4.488350892,0.005001757,0
T76N,-5.693721905,0.002011034,0
T76P,-6.272193033,0.001254569,0
T76Q,-4.833107454,0.003879281,0
T76R,-5.742467038,0.001934951,0
T76S,-0.6917109,0.073104732,0
T76V,-4.911444792,0.003659509,0
T76W,-4.034521577,0.006953905,0
T76Y,-5.219943084,0.002901272,0
Q77A,-4.608714613,0.004579062,0
Q77C,-5.522332878,0.002299906,0
Q77D,-5.389530898,0.002548568,0
Q77E,-2.987192619,0.014669259,0
Q77F,-5.434915654,0.002461001,0
Q77G,-4.376853015,0.005426064,0
Q77H,-5.241304618,0.002854529,0
Q77I,-5.727055393,0.001958729,0
Q77K,-5.504451094,0.002332069,0
Q77L,-6.939780834,0.000686466,0
Q77M,-3.568283563,0.009713281,0
Q77N,-3.72634109,0.00867639,0
Q77P,-8.226950566,0.000116596,0
Q77R,-5.599065824,0.002166324,0
Q77S,-5.148217208,0.003063381,0
Q77T,-6.994164906,0.000650749,0
Q77V,-5.901346038,0.001704081,0
Q77W,-4.700991986,0.004278059,0
Q77Y,-5.442380981,0.00244686,0
G78A,-7.034412852,0.000625169,0
G78C,-5.683651782,0.002027074,0
G78D,-5.276509343,0.00277899,0
G78E,-5.771268471,0.001891191,0
G78F,-6.010193001,0.001559967,0
G78H,-6.423918632,0.001101477,0
G78I,-6.326582568,0.00119783,0
G78K,-5.734290559,0.001947535,0
G78L,-7.338627209,0.000453269,0
G78M,-5.23392426,0.002870601,0
G78N,-6.248013309,0.001280489,0
G78P,-7.651349486,0.000310562,0
G78Q,-6.209920943,0.001322214,0
G78R,-6.325117352,0.00119933,0
G78S,-5.185098542,0.002979019,0
G78T,-7.023974192,0.000631735,0
G78V,-6.346882553,0.001177195,0
G78W,-5.430974448,0.002468497,0
G78Y,-5.721609014,0.001967193,0
E79A,-3.089396593,0.013646928,0
E79C,-3.239797464,0.01226826,0
E79D,0.336593137,0.149396321,1
E79F,-3.516653682,0.010077352,0
E79G,-3.724271899,0.008689243,0
E79H,-3.678864458,0.008976,0
E79I,-2.981291456,0.014730529,0
E79K,-3.218741714,0.012452727,0
E79L,-5.003055528,0.003417189,0
E79M,-2.635334525,0.018798021,0
E79N,-3.289887545,0.011840097,0
E79P,-2.890674206,0.015703532,0
E79Q,-3.499638739,0.010200216,0
E79R,-4.226168046,0.006054172,0
E79S,-3.612784033,0.009409769,0
E79T,-3.106028274,0.013487308,0
E79V,-3.820923204,0.008108111,0
E79W,-2.660380225,0.018469695,0
E79Y,-4.059312115,0.00683068,0
A80C,-3.745416088,0.008558763,0
A80D,-5.722479542,0.001965838,0
A80E,-4.187249974,0.006227341,0
A80F,-3.290797943,0.011832452,0
A80G,-0.19712073,0.103112848,0
A80H,-4.060670853,0.006823987,0
A80I,-3.132362367,0.013238306,0
A80K,-2.781066427,0.016965112,0
A80L,-4.799834411,0.003976299,0
A80M,-2.708410758,0.017855784,0
A80N,-3.516728524,0.010076814,0
A80P,-2.07453829,0.027861197,0
A80Q,-3.744359355,0.008565238,0
A80R,-4.609474497,0.004576504,0
A80S,-5.799105408,0.001849718,0
A80T,-4.103903877,0.00661429,0
A80V,-3.605788816,0.009456862,0
A80W,-3.228080064,0.012370583,0
A80Y,-3.285173367,0.011879763,0
Y81A,-2.869010101,0.015945344,0
Y81C,-3.826496624,0.008075772,0
Y81D,-2.8589205,0.016059208,0
Y81E,-3.059686909,0.01393668,0
Y81F,-3.818935824,0.008119673,0
Y81G,-1.767046561,0.034546023,0
Y81H,-0.972836934,0.060112026,0
Y81I,-2.900128407,0.015599138,0
Y81K,-3.629374465,0.00929899,0
Y81L,-0.224713966,0.101154148,0
Y81M,-3.101746162,0.013528229,0
Y81N,-2.48922785,0.020831235,0
Y81P,-5.130907358,0.003103726,0
Y81Q,-3.814405322,0.008146089,0
Y81R,-4.144309118,0.006423909,0
Y81S,-3.045856099,0.014073618,0
Y81T,-0.96217853,0.060559838,0
Y81V,-2.777865655,0.017003413,0
Y81W,-4.314607905,0.005677597,0
L82A,-6.217096885,0.001314269,0
L82C,-3.978835848,0.007238542,0
L82D,-4.437162657,0.005192488,0
L82E,-4.977505465,0.003483232,0
L82F,-3.684148197,0.008942166,0
L82G,-5.849798964,0.001776217,0
L82H,-2.338034553,0.023163656,0
L82I,-0.11449248,0.109207326,0
L82K,-4.458205517,0.005113261,0
L82M,-4.587249547,0.004651883,0
L82N,-5.01792909,0.003379279,0
L82P,-6.235376532,0.001294209,0
L82Q,-5.757987019,0.001911262,0
L82R,-6.923142162,0.000697666,0
L82S,-4.377618732,0.005423037,0
L82T,-5.177439123,0.002996362,0
L82V,-5.366971946,0.002593129,0
L82W,-4.553741217,0.004767749,0
L82Y,-5.506053264,0.002329171,0
D83A,0.172505363,0.133305125,1
D83C,-5.43954792,0.002452218,0
D83E,-0.9000688,0.06323622,0
D83F,-5.136466315,0.003090717,0
D83G,0.527918671,0.170622127,1
D83H,-3.565413124,0.009733181,0
D83I,-2.029841214,0.028746674,0
D83K,-5.059081878,0.0032764,0
D83L,-1.57680965,0.039454649,0
D83M,-3.578691353,0.009641454,0
D83N,-2.322737804,0.023413539,0
D83P,-1.289929832,0.04819601,0
D83Q,-1.619145433,0.038305609,0
D83R,-5.35554335,0.002615972,0
D83S,-2.30998825,0.023623845,0
D83T,-1.44358365,0.043298618,0
D83V,-1.857543188,0.03242864,0
D83W,-4.447531184,0.005153306,0
D83Y,-3.509298865,0.010130283,0
K84A,-2.778779587,0.016992468,0
K84C,-3.637145787,0.009247536,0
K84D,-4.712587631,0.004241579,0
K84E,-3.741128632,0.008585066,0
K84F,-3.729960523,0.008653951,0
K84G,-2.154563208,0.026342788,0
K84H,-1.566314015,0.039744766,0
K84I,-3.94500386,0.007416916,0
K84L,-3.910234649,0.007604643,0
K84M,-2.189899864,0.025698648,0
K84N,-2.005372119,0.029243168,0
K84P,-2.160521251,0.026233072,0
K84Q,-1.361540663,0.045848604,0
K84R,-0.324688301,0.094363156,0
K84S,-2.543309387,0.020054535,0
K84T,-4.365580748,0.005470814,0
K84V,-2.929130532,0.015283131,0
K84W,-3.879477483,0.007774521,0
K84Y,-3.50762613,0.010142359,0
Q85A,-4.902840258,0.00368307,0
Q85C,-2.900374565,0.01559643,0
Q85D,-4.779538589,0.004036586,0
Q85E,-4.2264631,0.006052877,0
Q85F,-5.326291766,0.002675269,0
Q85G,-3.846396246,0.007961323,0
Q85H,-3.255575295,0.012131786,0
Q85I,-5.934994037,0.001658364,0
Q85K,-4.574782452,0.004694678,0
Q85L,-3.542678292,0.009892209,0
Q85M,0.023422496,0.120190312,1
Q85N,-3.61108402,0.009421193,0
Q85P,-7.574723606,0.000342723,0
Q85R,-4.259059514,0.005911418,0
Q85S,-3.256424757,0.012124481,0
Q85T,-5.070213097,0.003249074,0
Q85V,-1.041320621,0.057312284,0
Q85W,-4.305901207,0.005713654,0
Q85Y,-4.750835591,0.004123306,0
S86A,-0.450562563,0.086455662,0
S86C,-4.580030096,0.004676619,0
S86D,-3.318570644,0.011601529,0
S86E,-2.593723069,0.019356269,0
S86F,-4.479113266,0.005035679,0
S86G,-1.316431961,0.047313659,0
S86H,-3.733085913,0.00863462,0
S86I,-0.11840998,0.108910429,0
S86K,-3.839036983,0.008003465,0
S86L,-1.151492183,0.05307805,0
S86M,-3.577733769,0.009648041,0
S86N,-4.090492832,0.006678668,0
S86P,-1.088442303,0.05546161,0
S86Q,0.226487957,0.138398254,1
S86R,0.548539888,0.173082451,1
S86T,-2.688430307,0.018108688,0
S86V,-4.348645096,0.005538709,0
S86W,-3.871937838,0.007816719,0
S86Y,-2.944605878,0.015117093,0
D87A,-5.054421902,0.003287903,0
D87C,-4.866979741,0.003782788,0
D87E,-1.712549669,0.035886679,0
D87F,-4.919537325,0.003637479,0
D87G,-2.982716506,0.01471571,0
D87H,-4.741046712,0.004153278,0
D87I,-5.140994389,0.003080157,0
D87K,-4.315701019,0.005673085,0
D87L,-6.180108913,0.001355646,0
D87M,-3.666876531,0.009053224,0
D87N,-2.092495607,0.027513105,0
D87P,-7.480660986,0.00038461,0
D87Q,-4.061024839,0.006822245,0
D87R,-5.409222558,0.002510236,0
D87S,-0.88070808,0.064094328,0
D87T,-5.646036147,0.002087992,0
D87V,-5.046398923,0.003307794,0
D87W,-4.332929363,0.005602429,0
D87Y,-5.350536653,0.002626036,0
T88A,-1.558018188,0.039975575,0
T88C,-3.646570479,0.009185504,0
T88D,-3.69571905,0.008868505,0
T88E,-1.35052976,0.046202005,0
T88F,-3.431266927,0.010708801,0
T88G,-4.72544075,0.004201483,0
T88H,-2.769439629,0.017104646,0
T88I,-0.595377847,0.078172082,0
T88K,-1.918958956,0.03106549,0
T88L,-1.744072425,0.035105032,0
T88M,-2.218675207,0.025185642,0
T88N,0.579318176,0.176820657,1
T88P,-0.27467732,0.097701451,0
T88Q,-1.947344426,0.030454805,0
T88R,-2.445803201,0.021476306,0
T88S,-0.028604267,0.115923324,0
T88V,-4.038068257,0.006936146,0
T88W,-2.396476545,0.022232997,0
T88Y,-0.595844313,0.078146721,0
Q89A,-0.79617142,0.067979075,0
Q89C,-3.123717364,0.013319548,0
Q89D,-3.037311391,0.014158878,0
Q89E,-1.49916355,0.041651715,0
Q89F,-4.251269092,0.005944936,0
Q89G,-4.992596587,0.003444082,0
Q89H,-3.586469028,0.009588116,0
Q89I,-5.126659748,0.0031137,0
Q89K,-4.810413028,0.003945211,0
Q89L,-2.471017798,0.021099383,0
Q89M,-3.483780296,0.010316042,0
Q89N,-3.540790786,0.009905525,0
Q89P,-6.1717964,0.001365092,0
Q89R,-3.687222999,0.008922534,0
Q89S,-4.160289849,0.006350071,0
Q89T,-4.858013542,0.00380811,0
Q89V,-4.53793283,0.004823353,0
Q89W,-2.97298801,0.014817165,0
Q89Y,-3.848635912,0.00794854,0
Y90A,-4.737735161,0.004163463,0
Y90C,-3.417606245,0.010813337,0
Y90D,-3.618625575,0.009370618,0
Y90E,-4.224928043,0.006059618,0
Y90F,-4.472511358,0.005060055,0
Y90G,-4.837321742,0.003867152,0
Y90H,-3.737422483,0.008607866,0
Y90I,-4.374702812,0.005434573,0
Y90K,-4.405511528,0.005313853,0
Y90L,-5.010454022,0.003398283,0
Y90M,-3.422901146,0.010772701,0
Y90N,-3.364245303,0.011231292,0
Y90P,-5.374835195,0.002577517,0
Y90Q,-4.593468223,0.004630674,0
Y90R,-4.670104916,0.004376675,0
Y90S,-4.799975441,0.003975883,0
Y90T,-4.66614462,0.004389473,0
Y90V,-4.528846458,0.00485559,0
Y90W,-3.596253134,0.009521425,0
V91A,-2.144360309,0.026531728,0
V91C,-2.685139585,0.018150677,0
V91D,-4.185686402,0.006234397,0
V91E,-4.512020332,0.004915826,0
V91F,-0.807016202,0.067467901,0
V91G,-5.671826622,0.002046054,0
V91H,-2.774301108,0.017046166,0
V91I,0.083498925,0.125312787,1
V91K,-3.114233981,0.013409231,0
V91L,-0.645256563,0.075506121,0
V91M,-2.990704891,0.014632912,0
V91N,-2.933173621,0.01523958,0
V91P,-7.054500619,0.000612667,0
V91Q,-5.224769221,0.002890651,0
V91R,-6.256075578,0.001271798,0
V91S,-4.631634677,0.004502491,0
V91T,-3.159111322,0.012989991,0
V91W,-4.070970777,0.006773457,0
V91Y,-4.777418941,0.004042931,0
C92A,-5.921783547,0.001676186,0
C92D,-4.911980778,0.003658046,0
C92E,-4.538501736,0.004821342,0
C92F,-4.764116691,0.004082965,0
C92G,-5.089700906,0.003201737,0
C92H,-4.921229955,0.003632886,0
C92I,-5.308334003,0.002712271,0
C92K,-4.601160838,0.004604565,0
C92L,-6.092792926,0.001457636,0
C92M,-4.009951389,0.007078142,0
C92N,-4.910215071,0.003662868,0
C92P,-6.825898071,0.000765768,0
C92Q,-4.314128016,0.005679578,0
C92R,-4.178013974,0.006269128,0
C92S,-4.622072647,0.004534288,0
C92T,-6.108309387,0.001439058,0
C92V,-5.761908756,0.001905316,0
C92W,-3.614599673,0.009397584,0
C92Y,-3.519285824,0.010058474,0
K93A,-3.340713555,0.011420576,0
K93C,-3.287404715,0.011860972,0
K93D,-4.705578099,0.004263596,0
K93E,-3.195195232,0.012662229,0
K93F,-4.084798871,0.006706183,0
K93G,-2.080676626,0.027741722,0
K93H,-3.857039322,0.007900756,0
K93I,-4.314635832,0.005677481,0
K93L,-6.052383665,0.001506966,0
K93M,-4.062027945,0.006817309,0
K93N,-4.236908925,0.006007197,0
K93P,-7.696833525,0.000292265,0
K93Q,-1.406905656,0.044420706,0
K93R,-4.815859052,0.003929295,0
K93S,-5.548768774,0.00225308,0
K93T,-3.394068354,0.010995796,0
K93V,-5.460401118,0.002413023,0
K93W,-3.323474687,0.011561213,0
K93Y,-4.723688502,0.004206928,0
R94A,-2.037881152,0.028585367,0
R94C,-4.012415526,0.007065587,0
R94D,-3.745601329,0.008557628,0
R94E,-2.361263275,0.02278923,0
R94F,-4.14646292,0.00641391,0
R94G,-2.985996377,0.014681659,0
R94H,-4.425343621,0.005237496,0
R94I,-4.999918226,0.003425236,0
R94K,-3.106843946,0.013479527,0
R94L,-3.414783472,0.010835062,0
R94M,-3.799170959,0.008235526,0
R94N,-4.441006923,0.005177928,0
R94P,-6.197827305,0.001335693,0
R94Q,-4.648276933,0.004447651,0
R94S,-0.546048949,0.080900883,0
R94T,-3.49108847,0.010262507,0
R94V,-2.990312546,0.014636968,0
R94W,-2.94606266,0.015101554,0
R94Y,-3.804009805,0.008207016,0
T95A,0.110938251,0.12772434,1
T95C,-2.960846312,0.014944751,0
T95D,-3.804008915,0.008207021,0
T95E,-3.574472823,0.009670505,0
T95F,-4.40426385,0.005318692,0
T95G,-4.401132066,0.005330857,0
T95H,-3.670326448,0.009030934,0
T95I,-3.570443534,0.009698331,0
T95K,-2.503950605,0.0206169,0
T95L,-3.727863509,0.008666944,0
T95M,-2.845472462,0.016212216,0
T95N,-1.19231302,0.051589478,0
T95P,-6.855587734,0.000744487,0
T95Q,-2.576811059,0.019587798,0
T95R,-2.483093398,0.020921189,0
T95S,-2.104717704,0.027278653,0
T95V,-3.71519986,0.008745816,0
T95W,-3.718029804,0.00872813,0
T95Y,-3.074704443,0.013789471,0
L96A,-5.953455955,0.00163373,0
L96C,-5.503026737,0.002334649,0
L96D,-4.890347388,0.003717528,0
L96E,-4.617520647,0.004549499,0
L96F,-1.853765396,0.032514399,0
L96G,-5.695460021,0.002008276,0
L96H,-5.411289881,0.002506242,0
L96I,-4.5041298,0.004944316,0
L96K,-4.81892834,0.003920351,0
L96M,-2.697349306,0.017995362,0
L96N,-4.592009876,0.00463564,0
L96P,-6.101317047,0.001447405,0
L96Q,-5.093988572,0.003191408,0
L96R,-6.227270563,0.001303073,0
L96S,-4.605215611,0.004590858,0
L96T,-5.8887354,0.001721491,0
L96V,-2.137762923,0.026654613,0
L96W,-3.538559136,0.009921291,0
L96Y,-3.040083402,0.014131163,0
V97A,-4.349742819,0.005534284,0
V97C,-4.868955297,0.00377723,0
V97D,-5.56285833,0.002228471,0
V97E,-5.087306609,0.003207519,0
V97F,-5.190855705,0.002966043,0
V97G,-6.051629803,0.0015079,0
V97H,-5.571335276,0.002213781,0
V97I,-2.418087144,0.021898295,0
V97K,-6.202837033,0.001330096,0
V97L,-5.779568197,0.001878742,0
V97M,-4.448364782,0.005150168,0
V97N,-4.540086166,0.004815743,0
V97P,-6.081485659,0.0014713,0
V97Q,-4.98736688,0.003457603,0
V97R,-6.666167631,0.000888089,0
V97S,-5.458810151,0.002415994,0
V97T,-2.825575294,0.016441233,0
V97W,-4.971689995,0.003498428,0
V97Y,-5.556571075,0.002239423,0
D98A,-5.174077738,0.003004002,0
D98C,-5.191017992,0.002965678,0
D98E,-3.030729759,0.014224894,0
D98F,-4.859913426,0.003802731,0
D98G,-3.918707218,0.00755848,0
D98H,-5.169240443,0.003015028,0
D98I,-5.186974707,0.002974784,0
D98K,-4.838845053,0.003862776,0
D98L,-6.166373762,0.001371283,0
D98M,-4.170979973,0.006301132,0
D98N,-4.229226297,0.006040761,0
D98P,-6.158510368,0.001380303,0
D98Q,-5.120103454,0.003129153,0
D98R,-6.124445817,0.001419948,0
D98S,-6.03692137,0.001526211,0
D98T,-5.879134575,0.001734848,0
D98V,-5.397222305,0.002533533,0
D98W,-4.026682389,0.006993314,0
D98Y,-6.346377487,0.001177705,0
R99A,-5.384777693,0.002557899,0
R99C,-4.98091656,0.003474347,0
R99D,-5.065029256,0.003261774,0
R99E,-5.054595681,0.003287474,0
R99F,-5.044618861,0.003312223,0
R99G,-4.641591206,0.004469606,0
R99H,-5.01884968,0.003376945,0
R99I,-6.281333802,0.001244883,0
R99K,-4.765102345,0.004079986,0
R99L,-6.176243856,0.001360031,0
R99M,-4.44863767,0.005149141,0
R99N,-5.229429773,0.002880428,0
R99P,-6.067311355,0.001488582,0
R99Q,-5.065252331,0.003261226,0
R99S,-4.840877924,0.003856944,0
R99T,-5.293460929,0.002743269,0
R99V,-5.542809542,0.002263561,0
R99W,-4.242958385,0.005980893,0
R99Y,-4.487975822,0.00500313,0
G100A,-5.313262093,0.002702071,0
G100C,-6.006142945,0.001565137,0
G100D,-4.485375005,0.005012661,0
G100E,-5.959273257,0.001626033,0
G100F,-5.488918781,0.002360333,0
G100H,-5.689234737,0.002018168,0
G100I,-5.846333976,0.001781159,0
G100K,-5.742261678,0.001935266,0
G100L,-6.922433049,0.000698146,0
G100M,-4.954473498,0.003543776,0
G100N,-5.609635168,0.002148474,0
G100P,-6.554640687,0.00098189,0
G100Q,-5.399240756,0.002529601,0
G100R,-6.140955147,0.001400617,0
G100S,-5.39306879,0.002541642,0
G100T,-6.523851947,0.001009089,0
G100V,-5.14254272,0.003076554,0
G100W,-5.131992588,0.003101182,0
G100Y,-5.81167109,0.001831257,0
W101A,-6.810137017,0.000777244,0
W101C,-7.92982114,0.00020707,0
W101D,-5.914126205,0.001686591,0
W101E,-5.666395916,0.002054823,0
W101F,-5.951930197,0.001635754,0
W101G,-5.976604807,0.001603284,0
W101H,-5.739517481,0.001939482,0
W101I,-6.33374362,0.001190517,0
W101K,-6.18118312,0.001354429,0
W101L,-7.962172816,0.000196292,0
W101M,-4.934430176,0.003597257,0
W101N,-6.130022509,0.001413394,0
W101P,-6.820108812,0.000769969,0
W101Q,-6.312207177,0.001212619,0
W101R,-5.24309654,0.00285064,0
W101S,-6.633144327,0.000915112,0
W101T,-6.808863384,0.000778177,0
W101V,-6.586855007,0.000954047,0
W101Y,-5.906470805,0.001697049,0
G102A,-4.75096525,0.00412291,0
G102C,-5.666352221,0.002054894,0
G102D,-5.084975074,0.003213158,0
G102E,-4.835657193,0.003871938,0
G102F,-5.681052365,0.002031233,0
G102H,-5.843533309,0.001785162,0
G102I,-6.407775926,0.00111701,0
G102K,-6.327210008,0.001197188,0
G102L,-7.395415284,0.000425004,0
G102M,-5.126798589,0.003113374,0
G102N,-5.963309303,0.001620711,0
G102P,-6.842715254,0.00075366,0
G102Q,-6.117313435,0.001428368,0
G102R,-4.415854912,0.005273899,0
G102S,-5.420837842,0.002487869,0
G102T,-6.790366694,0.000791819,0
G102V,-6.403680721,0.001120978,0
G102W,-5.506514208,0.002328338,0
G102Y,-5.686484638,0.002022551,0
N103A,-6.619325028,0.000926606,0
N103C,-5.705483708,0.00199244,0
N103D,-4.688978004,0.004316167,0
N103E,-5.989314381,0.001586774,0
N103F,-5.420199708,0.002489093,0
N103G,-6.750206527,0.000822046,0
N103H,-5.658672933,0.00206735,0
N103I,-5.880095582,0.001733507,0
N103K,-5.38704499,0.002553444,0
N103L,-7.101325648,0.00058419,0
N103M,-4.989041061,0.003453269,0
N103P,-6.747809849,0.000823877,0
N103Q,-6.154620846,0.001384782,0
N103R,-6.717623423,0.000847196,0
N103S,-3.394511271,0.010992335,0
N103T,-6.118533898,0.001426925,0
N103V,-6.524715827,0.001008318,0
N103W,-4.981170042,0.003473688,0
N103Y,-5.576361644,0.002205111,0
G104A,-4.814529465,0.003933175,0
G104C,-6.158478754,0.001380339,0
G104D,-4.243707717,0.005977642,0
G104E,-5.954416161,0.001632457,0
G104F,-5.72702451,0.001958777,0
G104H,-5.633437065,0.002108754,0
G104I,-5.98347468,0.001594342,0
G104K,-5.820056188,0.001819028,0
G104L,-6.436657197,0.001089341,0
G104M,-4.427377928,0.005229723,0
G104N,-5.779734838,0.001878492,0
G104P,-6.247932443,0.001280576,0
G104Q,-5.533095425,0.002280738,0
G104R,-6.159721548,0.00137891,0
G104S,-4.239148122,0.005997448,0
G104T,-6.477033579,0.001051576,0
G104V,-4.6630879,0.004399375,0
G104W,-5.074653618,0.003238231,0
G104Y,-5.67378026,0.002042908,0
C105A,-6.198012843,0.001335485,0
C105D,-5.52734777,0.002290957,0
C105E,-5.729584538,0.001954809,0
C105F,-4.458662793,0.005111552,0
C105G,-5.673188092,0.002043861,0
C105H,-5.797693292,0.001851802,0
C105I,-5.879452246,0.001734405,0
C105K,-5.82392276,0.001813412,0
C105L,-6.842827918,0.000753579,0
C105M,-4.444124238,0.005166149,0
C105N,-5.622728446,0.002126543,0
C105P,-6.064303748,0.00149227,0
C105Q,-5.771766084,0.001890442,0
C105R,-4.988725663,0.003454085,0
C105S,-5.928690357,0.001666848,0
C105T,-6.461746826,0.00106575,0
C105V,-6.380182424,0.001143968,0
C105W,-4.028262324,0.006985354,0
C105Y,-4.664241183,0.004395636,0
G106A,-0.031245095,0.115710812,0
G106C,-5.731572786,0.001951733,0
G106D,-6.062978459,0.001493898,0
G106E,-5.106285396,0.003161953,0
G106F,-2.610632284,0.019127476,0
G106H,-5.679181452,0.002034231,0
G106I,-3.633673364,0.009270493,0
G106K,-6.533720783,0.001000308,0
G106L,-4.576453861,0.004688919,0
G106M,-4.729711314,0.00418824,0
G106N,-6.095460213,0.001454428,0
G106P,-5.61171478,0.002144978,0
G106Q,-6.097758788,0.001451668,0
G106R,-6.061496416,0.001495721,0
G106S,-7.240995561,0.00050454,0
G106T,-6.961747786,0.000671877,0
G106V,-2.165003381,0.026150833,0
G106W,-4.727847934,0.004194014,0
G106Y,-5.754331362,0.001916819,0
L107A,-6.105178285,0.001442791,0
L107C,-5.750379931,0.001922841,0
L107D,-5.953925438,0.001633108,0
L107E,-5.788901662,0.001864827,0
L107F,-4.105061655,0.006608761,0
L107G,-6.507733791,0.001023561,0
L107H,-5.519835605,0.002304373,0
L107I,-6.364346538,0.001159673,0
L107K,-6.142949153,0.001398297,0
L107M,-5.195047973,0.002956627,0
L107N,-6.149915362,0.001390218,0
L107P,-3.430260186,0.010716471,0
L107Q,-6.229152669,0.001301011,0
L107R,-5.573232849,0.002210505,0
L107S,-6.937029447,0.000688309,0
L107T,-6.881032851,0.000726593,0
L107V,-6.394888014,0.001129537,0
L107W,-4.938508945,0.003586313,0
L107Y,-5.625696495,0.002121599,0
F108A,-6.294384996,0.00123116,0
F108C,-4.603089138,0.004598042,0
F108D,-6.016911974,0.001551422,0
F108E,-5.920341465,0.001678141,0
F108G,-6.436156616,0.001089816,0
F108H,-5.577559861,0.002203049,0
F108I,-5.349263025,0.002628602,0
F108K,-5.942885773,0.001647795,0
F108L,-4.789812716,0.004005961,0
F108M,-5.204798837,0.002934832,0
F108N,-5.741773019,0.001936017,0
F108P,-6.425792005,0.001099685,0
F108Q,-5.72659354,0.001959445,0
F108R,-7.017117851,0.000636074,0
F108S,-4.622978768,0.004531266,0
F108T,-6.67613162,0.000880056,0
F108V,-5.729663349,0.001954687,0
F108W,-4.864987133,0.003788402,0
F108Y,-4.794989776,0.003990612,0
G109A,-5.68243056,0.002029027,0
G109C,-5.383620622,0.002560175,0
G109D,-3.821048013,0.008107385,0
G109E,-5.705454099,0.001992486,0
G109F,-5.342595406,0.002642071,0
G109H,-5.345671974,0.002635848,0
G109I,-5.746547019,0.001928699,0
G109K,-5.787475148,0.001866948,0
G109L,-6.420178279,0.00110506,0
G109M,-4.745401917,0.004139918,0
G109N,-5.911439147,0.001690255,0
G109P,-6.811178934,0.000776482,0
G109Q,-5.631461574,0.002112026,0
G109R,-7.12938366,0.000567565,0
G109S,-5.496069776,0.002347283,0
G109T,-6.950714192,0.000679177,0
G109V,-5.388025166,0.00255152,0
G109W,-4.921184105,0.003633011,0
G109Y,-5.516867987,0.002309693,0
K110A,-6.342513593,0.001181611,0
K110C,-5.509934008,0.002322165,0
K110D,-5.756663439,0.001913272,0
K110E,-4.464150184,0.005091088,0
K110F,-5.591579312,0.002179046,0
K110G,-6.248944181,0.001279483,0
K110H,-4.290520079,0.005777886,0
K110I,-5.778047074,0.001881018,0
K110L,-6.937683453,0.000687871,0
K110M,-4.799931273,0.003976013,0
K110N,-5.152661356,0.003053101,0
K110P,-6.95936019,0.000673452,0
K110Q,-5.438582034,0.002454047,0
K110R,-4.933098274,0.003600837,0
K110S,-6.256056224,0.001271819,0
K110T,-6.284939754,0.001241079,0
K110V,-6.095016133,0.001454962,0
K110W,-4.57184765,0.004704806,0
K110Y,-5.758475287,0.001910521,0
G111A,-6.849574976,0.000748761,0
G111C,-5.700913934,0.001999646,0
G111D,-5.73381787,0.001948264,0
G111E,-5.047936494,0.003303974,0
G111F,-5.823016641,0.001814727,0
G111H,-6.343634716,0.001180477,0
G111I,-6.537087159,0.000997326,0
G111K,-5.913340413,0.001687662,0
G111L,-7.322185168,0.000461662,0
G111M,-5.303370934,0.00272258,0
G111N,-6.289654387,0.00123612,0
G111P,-7.107588379,0.000580451,0
G111Q,-6.200202269,0.001333037,0
G111R,-5.408887211,0.002510884,0
G111S,-6.532483841,0.001001405,0
G111T,-7.014520142,0.000637723,0
G111V,-7.711434284,0.000286512,0
G111W,-7.210431061,0.000521317,0
G111Y,-6.009515885,0.00156083,0
S112A,-2.37141405,0.022627492,0
S112C,-2.085992738,0.02763866,0
S112D,-3.586651652,0.009586867,0
S112E,-1.826971185,0.03312914,0
S112F,-4.195849106,0.006188676,0
S112G,-3.303197542,0.011728803,0
S112H,-4.900422835,0.003689714,0
S112I,-5.854185965,0.001769977,0
S112K,-5.695283966,0.002008556,0
S112L,-6.847451417,0.000750275,0
S112M,-4.497272804,0.004969201,0
S112N,-2.907865777,0.01551421,0
S112P,-6.688143633,0.000870446,0
S112Q,-5.031038928,0.003346186,0
S112R,-6.531783708,0.001002026,0
S112T,-0.303531264,0.095761305,0
S112V,-2.363174043,0.022758698,0
S112W,-4.490139862,0.004995213,0
S112Y,-4.813103159,0.003937341,0
L113A,-7.08001786,0.000597034,0
L113C,-6.072728019,0.001481958,0
L113D,-5.974049886,0.00160662,0
L113E,-6.265195511,0.001262026,0
L113F,-6.420131953,0.001105105,0
L113G,-7.201591944,0.000526236,0
L113H,-4.950203597,0.003555107,0
L113I,-2.801360933,0.016724236,0
L113K,-6.343778587,0.001180331,0
L113M,-0.768112737,0.069319607,0
L113N,-6.015332753,0.001553427,0
L113P,-7.069249541,0.000603597,0
L113Q,-3.904288334,0.007637203,0
L113R,-7.53241688,0.000361225,0
L113S,-5.45902087,0.0024156,0
L113T,-6.085084536,0.001466939,0
L113V,-4.21010184,0.006125094,0
L113W,-4.931405316,0.003605393,0
L113Y,-6.296626927,0.001228815,0
V114A,-3.604003514,0.009468917,0
V114C,-5.598800427,0.002166774,0
V114D,-5.30466683,0.002719885,0
V114E,-3.521889091,0.010039837,0
V114F,-4.797891486,0.003982033,0
V114G,-6.08086132,0.001472058,0
V114H,-5.275580898,0.002780959,0
V114I,-3.601202299,0.009487863,0
V114K,-5.987883912,0.001588625,0
V114L,-2.175655453,0.025956408,0
V114M,-4.763109741,0.004086011,0
V114N,-5.39161237,0.002544491,0
V114P,-6.33697661,0.001187228,0
V114Q,-5.67127928,0.002046936,0
V114R,-6.826001708,0.000765693,0
V114S,-4.499524997,0.004961014,0
V114T,-3.306227828,0.011703608,0
V114W,-5.563251758,0.002227788,0
V114Y,-5.43722706,0.002456615,0
T115A,-4.425279266,0.005237743,0
T115C,-4.856797572,0.003811556,0
T115D,-5.119562305,0.003130432,0
T115E,-4.922360999,0.003629821,0
T115F,-5.436840619,0.002457348,0
T115G,-5.463981633,0.002406351,0
T115H,-4.665437925,0.00439176,0
T115I,-4.282951614,0.005809744,0
T115K,-4.830788075,0.003885972,0
T115L,-6.354433922,0.001169592,0
T115M,-4.170946227,0.006301286,0
T115N,-5.273033291,0.002786367,0
T115P,-5.940853563,0.001650511,0
T115Q,-4.828669511,0.003892092,0
T115R,-4.730603902,0.004185477,0
T115S,-2.202657264,0.025469947,0
T115V,-5.725287045,0.001961473,0
T115W,-4.199963306,0.006170258,0
T115Y,-5.078805987,0.003228123,0
C116A,-5.93855564,0.001653587,0
C116D,-5.078026908,0.003230017,0
C116E,-5.784220485,0.001871795,0
C116F,-5.02398763,0.003363948,0
C116G,-5.783269083,0.001873213,0
C116H,-4.578900287,0.004680502,0
C116I,-5.704879434,0.001993391,0
C116K,-5.577938694,0.002202397,0
C116L,-6.566290589,0.00097175,0
C116M,-4.433617594,0.005205949,0
C116N,-5.168920746,0.003015759,0
C116P,-5.687639441,0.002020709,0
C116Q,-5.258258359,0.002817921,0
C116R,-5.251401607,0.002832675,0
C116S,-5.320826267,0.002686482,0
C116T,-5.50554299,0.002330094,0
C116V,-5.273002609,0.002786432,0
C116W,-5.13795554,0.00308724,0
C116Y,-3.597859676,0.009510518,0
A117C,-5.891707612,0.001717374,0
A117D,-5.976589793,0.001603303,0
A117E,-5.523956938,0.002297004,0
A117F,-5.476612241,0.002382943,0
A117G,-0.279885172,0.097348398,0
A117H,-5.324361028,0.002679225,0
A117I,-5.124273071,0.003119317,0
A117K,-4.343014542,0.005561458,0
A117L,-6.932250852,0.000691519,0
A117M,-4.016321824,0.007045727,0
A117N,-5.058116834,0.003278779,0
A117P,-4.807852281,0.003952715,0
A117Q,-5.341937515,0.002643403,0
A117R,-6.78380397,0.000796701,0
A117S,-6.957855491,0.000674446,0
A117T,-3.705188018,0.008808663,0
A117V,-1.389611269,0.044959771,0
A117W,-4.893917128,0.003707651,0
A117Y,-5.520029222,0.002304027,0
K118A,-2.064119804,0.028065149,0
K118C,-4.876110685,0.003757162,0
K118D,-4.931510818,0.003605109,0
K118E,-3.379148936,0.011112998,0
K118F,-4.804536671,0.003962452,0
K118G,-5.509282687,0.002323339,0
K118H,-5.170088215,0.003013093,0
K118I,-5.51589832,0.002311433,0
K118L,-2.630769269,0.018858484,0
K118M,-3.155817765,0.013020317,0
K118N,-1.095174161,0.055202121,0
K118P,-5.855939786,0.001767488,0
K118Q,-1.480296953,0.042203658,0
K118R,0.966820893,0.231389865,1
K118S,-5.996898413,0.001576992,0
K118T,-4.954052941,0.003544891,0
K118V,-5.690436906,0.002016254,0
K118W,-4.877106504,0.003754376,0
K118Y,-4.973169527,0.003494556,0
F119A,-5.02697778,0.003356405,0
F119C,-4.970700622,0.003501019,0
F119D,-4.775086217,0.004049925,0
F119E,-5.479467912,0.002377679,0
F119G,-5.485835606,0.002365979,0
F119H,-4.441809714,0.005174892,0
F119I,-5.083003823,0.003217933,0
F119K,-5.214187127,0.002913986,0
F119L,-4.303608374,0.005723185,0
F119M,-4.444798884,0.005163604,0
F119N,-4.819767517,0.003917909,0
F119P,-5.367249316,0.002592577,0
F119Q,-4.917048309,0.003644241,0
F119R,-5.985984958,0.001591085,0
F119S,-4.919783368,0.003636811,0
F119T,-5.463499173,0.002407249,0
F119V,-4.879688821,0.003747163,0
F119W,-1.819488041,0.033302876,0
F119Y,-3.722200486,0.008702129,0
T120A,-1.302715541,0.047768304,0
T120C,-3.279922353,0.011924098,0
T120D,-4.850776444,0.003828664,0
T120E,-2.304838426,0.023709321,0
T120F,-4.937919676,0.003587893,0
T120G,-0.134374105,0.107708855,0
T120H,-0.827493839,0.066513093,0
T120I,-3.729301907,0.00865803,0
T120K,-3.987143786,0.007195376,0
T120L,-1.946813807,0.030466111,0
T120M,-0.141200541,0.107199093,0
T120N,-2.027281502,0.028798218,0
T120P,-7.429991162,0.000408332,0
T120Q,-4.082559235,0.006717035,0
T120R,-1.545244876,0.040333563,0
T120S,-3.927699164,0.007509782,0
T120V,-1.746748261,0.035039465,0
T120W,-3.494150059,0.01024016,0
T120Y,-3.688423232,0.008914882,0
C121A,-6.023680362,0.001542855,0
C121D,-6.100827455,0.001447991,0
C121E,-5.492570313,0.002353661,0
C121F,-4.568543489,0.004716233,0
C121G,-5.79422721,0.001856928,0
C121H,-5.91474062,0.001685754,0
C121I,-6.429099088,0.001096528,0
C121K,-5.91987333,0.001678776,0
C121L,-7.272237501,0.000487754,0
C121M,-5.162322489,0.003030862,0
C121N,-6.021704021,0.001545353,0
C121P,-6.711373197,0.000852086,0
C121Q,-5.954397426,0.001632482,0
C121R,-4.956321389,0.003538883,0
C121S,-6.111483209,0.001435282,0
C121T,-6.368240901,0.001155795,0
C121V,-6.271266023,0.001255555,0
C121W,-5.041679211,0.003319548,0
C121Y,-5.062086422,0.003269004,0
S122A,0.036311937,0.121271441,1
S122C,-4.684299036,0.004331094,0
S122D,-3.142226628,0.013146198,0
S122E,-1.533453967,0.040666843,0
S122F,-2.760562874,0.017211935,0
S122G,-2.985304205,0.014688839,0
S122H,-1.694112327,0.036351835,0
S122I,-4.068027273,0.006787861,0
S122K,-5.267385418,0.002798391,0
S122L,-1.510342109,0.041328075,0
S122M,-3.280186786,0.011921862,0
S122N,-3.263294596,0.012065558,0
S122P,-4.092880004,0.006667165,0
S122Q,-3.895437998,0.007685915,0
S122R,-2.322421692,0.023418731,0
S122T,-3.488615426,0.010280592,0
S122V,-0.174017701,0.104781872,0
S122W,-1.322602185,0.047110546,0
S122Y,-0.901885116,0.063156306,0
K123A,-3.684559447,0.008939538,0
K123C,-4.668050204,0.00438331,0
K123D,-4.546704798,0.004792424,0
K123E,-3.858676812,0.007891477,0
K123F,-4.370937789,0.005449503,0
K123G,-4.890307045,0.00371764,0
K123H,-0.965104752,0.060436563,0
K123I,-6.17386779,0.001362733,0
K123L,-6.145289006,0.001395579,0
K123M,-0.664726784,0.074490216,0
K123N,-4.62788376,0.004514939,0
K123P,-6.921871651,0.000698526,0
K123Q,-1.095715537,0.055181305,0
K123R,-1.408849315,0.044360525,0
K123S,-2.775754627,0.01702872,0
K123T,-5.105777921,0.003163164,0
K123V,-5.949454975,0.001639042,0
K123W,-3.554466791,0.009809437,0
K123Y,-5.397976185,0.002532064,0
K124A,-2.070314658,0.027943701,0
K124C,-2.912538904,0.015463136,0
K124D,-4.677742845,0.004352092,0
K124E,-2.216929309,0.025216478,0
K124F,-5.271365631,0.002789912,0
K124G,-5.242575416,0.00285177,0
K124H,0.685556085,0.190354192,1
K124I,-1.526692609,0.040859191,0
K124L,-2.600836986,0.019259686,0
K124M,-1.624374825,0.038166003,0
K124N,-2.654267795,0.018549298,0
K124P,-6.755563039,0.000817966,0
K124Q,-0.776742161,0.068904548,0
K124R,-3.543688242,0.009885091,0
K124S,-2.220316136,0.025156695,0
K124T,-2.477056287,0.021010089,0
K124V,-2.651282002,0.018588305,0
K124W,-3.652483977,0.009146789,0
K124Y,-5.068472112,0.003253334,0
M125A,-6.314283716,0.001210473,0
M125C,-4.13447399,0.006469761,0
M125D,-5.082944075,0.003218077,0
M125E,-5.515831342,0.002311554,0
M125F,-2.899608785,0.015604858,0
M125G,-6.250286156,0.001278034,0
M125H,-5.163865315,0.003027324,0
M125I,-3.179533061,0.012803487,0
M125K,-4.661631065,0.004404101,0
M125L,-3.193848198,0.012674318,0
M125N,-4.842366134,0.00385268,0
M125P,-6.632709441,0.000915472,0
M125Q,-5.800332809,0.001847908,0
M125R,-5.975590991,0.001604607,0
M125S,-6.716257647,0.000848263,0
M125T,-3.841155889,0.007991309,0
M125V,-4.137092169,0.006457524,0
M125W,-4.755340117,0.004109582,0
M125Y,-5.197056489,0.002952126,0
T126A,-3.280516673,0.011919072,0
T126C,-2.640499323,0.018729848,0
T126D,-1.210464557,0.050940973,0
T126E,-2.396434897,0.022233647,0
T126F,-4.889033941,0.003721168,0
T126G,-1.080654812,0.055763305,0
T126H,-5.977671856,0.001601892,0
T126I,-0.03835177,0.115140854,0
T126K,-5.218477524,0.002904504,0
T126L,-2.448896845,0.021429705,0
T126M,-3.215576599,0.01248069,0
T126N,-2.330869999,0.023280364,0
T126P,-7.015754465,0.000636939,0
T126Q,-2.78171877,0.016957317,0
T126R,-4.433090522,0.005207954,0
T126S,-1.844997402,0.032714308,0
T126V,-1.707343988,0.036017411,0
T126W,-3.627927613,0.009308601,0
T126Y,-5.329558252,0.002668587,0
G127A,-3.211645081,0.012515509,0
G127C,-5.94816018,0.001640764,0
G127D,-6.043029734,0.001518583,0
G127E,-4.524057188,0.004872664,0
G127F,-5.876261464,0.001738863,0
G127H,-6.378855472,0.001145277,0
G127I,-6.456427278,0.001070717,0
G127K,-6.001824103,0.001570666,0
G127L,-7.257559563,0.000495595,0
G127M,-4.838352813,0.00386419,0
G127N,-6.057227851,0.001500979,0
G127P,-7.476518488,0.000386519,0
G127Q,-6.279536394,0.001246783,0
G127R,-5.051619135,0.003294839,0
G127S,-7.057861179,0.000610592,0
G127T,-7.040740513,0.000621212,0
G127V,-7.848440562,0.000235278,0
G127W,-6.793273021,0.000789664,0
G127Y,-5.94565896,0.001644095,0
K128A,-4.04527689,0.006900184,0
K128C,-1.10160735,0.054955273,0
K128D,-5.329227086,0.002669264,0
K128E,-1.884366324,0.031826145,0
K128F,-3.884706066,0.007745386,0
K128G,-5.777299878,0.001882137,0
K128H,-4.075567578,0.006751022,0
K128I,-5.918212507,0.001681031,0
K128L,-0.787601577,0.068385746,0
K128M,-1.542186895,0.040419738,0
K128N,-6.649119089,0.000901963,0
K128P,-7.774560228,0.000262301,0
K128Q,-0.914966831,0.062583703,0
K128R,0.184172426,0.134389799,1
K128S,-4.444553434,0.00516453,0
K128T,-2.859193448,0.016056117,0
K128V,-5.922418907,0.001675325,0
K128W,-2.673056922,0.018305675,0
K128Y,-4.175863393,0.006278896,0
S129A,-0.999588217,0.059002539,0
S129C,-3.618753089,0.009369766,0
S129D,-3.65004989,0.009162706,0
S129E,-3.243677294,0.012234562,0
S129F,-4.49257548,0.004986317,0
S129G,-3.92812162,0.007507502,0
S129H,-5.762328623,0.00190468,0
S129I,-4.066434866,0.006795665,0
S129K,-4.624543153,0.004526053,0
S129L,-1.002671984,0.05887596,0
S129M,-1.988836585,0.029583484,0
S129N,-1.503441695,0.041527558,0
S129P,-6.854942346,0.000744945,0
S129Q,-2.337194368,0.023177313,0
S129R,-5.441953788,0.002447667,0
S129T,-3.555523464,0.009802051,0
S129V,-1.184892497,0.051856952,0
S129W,-4.343804256,0.005558262,0
S129Y,-5.454576274,0.002423914,0
I130A,-5.016007324,0.003384155,0
I130C,-5.411211702,0.002506393,0
I130D,-5.223332037,0.00289381,0
I130E,-5.153667704,0.003050778,0
I130F,-4.07830027,0.006737718,0
I130G,-5.794412132,0.001856654,0
I130H,-5.675449002,0.002040224,0
I130K,-5.345999333,0.002635187,0
I130L,-4.488454215,0.005001379,0
I130M,-3.40972378,0.010874109,0
I130N,-5.22911852,0.00288111,0
I130P,-4.070170364,0.006777371,0
I130Q,-5.177392582,0.002996468,0
I130R,-6.646803748,0.00090386,0
I130S,-5.027942525,0.003353975,0
I130T,-4.940607292,0.003580696,0
I130V,-2.833998236,0.016343899,0
I130W,-4.482065035,0.005024816,0
I130Y,-4.897576265,0.003697553,0
Q131A,-3.239173988,0.012273684,0
Q131C,-4.892373948,0.003711918,0
Q131D,-5.511005206,0.002320234,0
Q131E,-2.902147226,0.015576935,0
Q131F,-4.211475508,0.006119,0
Q131G,-4.865614278,0.003786634,0
Q131H,-5.016522698,0.003382847,0
Q131I,-5.472058263,0.002391359,0
Q131K,-3.956666341,0.007354954,0
Q131L,-2.576798783,0.019587967,0
Q131M,-4.009777696,0.007079028,0
Q131N,-5.548634605,0.002253315,0
Q131P,-6.803409864,0.000782181,0
Q131R,-4.199950661,0.006170314,0
Q131S,-5.524543539,0.002295957,0
Q131T,-1.959563944,0.030195591,0
Q131V,-5.573898474,0.002209356,0
Q131W,-1.209991916,0.050957756,0
Q131Y,-5.158006938,0.003040778,0
P132A,-1.276407085,0.048652515,0
P132C,-5.086258345,0.003210053,0
P132D,-1.235751183,0.050051044,0
P132E,-3.630762597,0.009289779,0
P132F,-3.012786571,0.01440641,0
P132G,-5.993164909,0.001581801,0
P132H,-5.135777983,0.003092325,0
P132I,-4.013573968,0.007059692,0
P132K,-5.048076919,0.003303625,0
P132L,0.89512174,0.220157787,1
P132M,-3.41393514,0.010841599,0
P132N,-2.96972079,0.014851392,0
P132Q,-1.42374354,0.043902042,0
P132R,-5.458463977,0.002416641,0
P132S,-0.934288656,0.061747403,0
P132T,-3.954460023,0.007366638,0
P132V,-5.407198989,0.002514151,0
P132W,-4.256367274,0.005922981,0
P132Y,-0.951933832,0.060993397,0
E133A,-5.800342597,0.001847893,0
E133C,-4.992852599,0.003443422,0
E133D,-4.649019071,0.00444522,0
E133F,-5.1141692,0.003143201,0
E133G,-5.252049542,0.002831278,0
E133H,-5.749160792,0.001924703,0
E133I,-5.25402473,0.002827023,0
E133K,-4.002844695,0.007114473,0
E133L,-6.278280017,0.001248113,0
E133M,-4.532115255,0.00484397,0
E133N,-5.266782133,0.002799678,0
E133P,-6.667544846,0.000886976,0
E133Q,-4.784731215,0.004021081,0
E133R,-6.890205263,0.00072022,0
E133S,-6.269469193,0.001257468,0
E133T,-6.300901674,0.001224354,0
E133V,-5.647260042,0.002085985,0
E133W,-4.9072178,0.003671066,0
E133Y,-4.951016821,0.003552947,0
N134A,-5.892670096,0.001716042,0
N134C,-4.850659119,0.003828998,0
N134D,-4.154168252,0.006378259,0
N134E,-5.258522625,0.002817354,0
N134F,-5.044202755,0.003313259,0
N134G,-5.925279759,0.001671453,0
N134H,-5.344259648,0.002638703,0
N134I,-3.916236611,0.007571913,0
N134K,-4.920436459,0.003635039,0
N134L,-6.127207366,0.001416699,0
N134M,-4.20045513,0.00616806,0
N134P,-6.460408031,0.001066998,0
N134Q,-5.382370027,0.002562637,0
N134R,-6.01903258,0.001548734,0
N134S,-4.847280024,0.003838631,0
N134T,-5.702847797,0.001996594,0
N134V,-5.749678469,0.001923912,0
N134W,-4.423125738,0.005245984,0
N134Y,-4.454342051,0.005127721,0
L135A,-5.655948409,0.002071785,0
L135C,-4.911734502,0.003658718,0
L135D,-5.159344351,0.003037701,0
L135E,-4.988289027,0.003455215,0
L135F,-2.946986078,0.015091713,0
L135G,-5.902843659,0.001702023,0
L135H,-5.668293566,0.002051755,0
L135I,-5.88014175,0.001733443,0
L135K,-5.551057525,0.002249066,0
L135M,0.567983137,0.175434664,1
L135N,-5.191325122,0.002964987,0
L135P,-3.683927515,0.008943577,0
L135Q,-4.577836879,0.004684159,0
L135R,-5.121863406,0.003124998,0
L135S,-6.418218322,0.001106942,0
L135T,-5.911416285,0.001690287,0
L135V,-4.875036182,0.003760169,0
L135W,-4.498899823,0.004963285,0
L135Y,-5.105356631,0.003164169,0
E136A,-2.780293679,0.016974351,0
E136C,-0.715053844,0.07192693,0
E136D,-1.135022048,0.053690676,0
E136F,-4.78304203,0.004026118,0
E136G,-2.73628541,0.017508761,0
E136H,-5.658197362,0.002068123,0
E136I,-5.469296274,0.002396476,0
E136K,-3.35724385,0.011287288,0
E136L,-3.636975891,0.009248658,0
E136M,-4.380211236,0.005412799,0
E136N,-4.266400969,0.005879997,0
E136P,-6.679118627,0.000877659,0
E136Q,-5.129455368,0.003107132,0
E136R,-6.704636421,0.00085738,0
E136S,-0.219513076,0.101520472,0
E136T,0.47606185,0.164588278,1
E136V,-3.114261586,0.013408969,0
E136W,-1.43238374,0.043638236,0
E136Y,-3.571382786,0.009691838,0
Y137A,-6.021141083,0.001546065,0
Y137C,-3.442913218,0.010620458,0
Y137D,-4.485576459,0.005011923,0
Y137E,-5.393033107,0.002541712,0
Y137F,-0.305247775,0.095647104,0
Y137G,-5.975405337,0.001604849,0
Y137H,-3.657168445,0.009116233,0
Y137I,-5.477254819,0.002381758,0
Y137K,-5.417368029,0.002494532,0
Y137L,-6.395625229,0.001128817,0
Y137M,-4.127948133,0.006500357,0
Y137N,-4.597246976,0.004617831,0
Y137P,-6.356361399,0.001167658,0
Y137Q,-5.536591668,0.002274542,0
Y137R,-6.530603645,0.001003075,0
Y137S,-5.918834428,0.001680187,0
Y137T,-6.069868563,0.001485451,0
Y137V,-5.091492388,0.003197418,0
Y137W,-4.010119513,0.007077285,0
R138A,-2.351010821,0.022953747,0
R138C,-4.680112379,0.004344492,0
R138D,-4.291370574,0.005774316,0
R138E,-3.437061485,0.010664757,0
R138F,-1.344296497,0.046403264,0
R138G,-3.875340614,0.007797647,0
R138H,-0.499403015,0.083568525,0
R138I,-0.673494052,0.07403722,0
R138K,-2.171529747,0.026031542,0
R138L,-0.737457915,0.070814283,0
R138M,-3.792386344,0.008275662,0
R138N,-4.089020296,0.006685773,0
R138P,-6.165969193,0.001371746,0
R138Q,-0.183451038,0.104097153,0
R138S,-3.781903768,0.008338046,0
R138T,-3.218570515,0.012454238,0
R138V,-0.419807623,0.088324495,0
R138W,-3.731993274,0.008641373,0
R138Y,-3.724468332,0.008688022,0
I139A,-5.435511033,0.002459871,0
I139C,-4.604703159,0.004592589,0
I139D,-4.281978467,0.005813852,0
I139E,-4.890222556,0.003717874,0
I139F,-4.34556464,0.005551144,0
I139G,-5.901283278,0.001704167,0
I139H,-4.978627376,0.003480307,0
I139K,-4.087053401,0.006695275,0
I139L,0.199164681,0.135796552,1
I139M,-2.928587991,0.015288984,0
I139N,-5.263826657,0.002805991,0
I139P,-6.153390601,0.001386202,0
I139Q,-4.8712972,0.003770651,0
I139R,-5.262483746,0.002808864,0
I139S,-6.069423053,0.001485996,0
I139T,-4.06853039,0.006785397,0
I139V,-0.491612749,0.08402251,0
I139W,-3.842799302,0.007981893,0
I139Y,-4.324305237,0.005637693,0
M140A,-0.419523624,0.088341938,0
M140C,-5.188345565,0.002971694,0
M140D,-2.707927697,0.017861857,0
M140E,0.052974969,0.12268348,1
M140F,-2.962477124,0.014927551,0
M140G,0.125920709,0.129060587,1
M140H,-0.586383665,0.078662697,0
M140I,-3.39614849,0.010979551,0
M140K,-4.044366926,0.006904714,0
M140L,0.363875814,0.152253751,1
M140N,-0.372220258,0.091295821,0
M140P,-6.912979463,0.00070457,0
M140Q,-5.175071835,0.003001741,0
M140R,-3.478022459,0.010358411,0
M140S,-2.199402394,0.025528104,0
M140T,-2.6554011,0.018534513,0
M140V,-3.118409912,0.013369667,0
M140W,-3.240880381,0.012258846,0
M140Y,-0.512234623,0.082826075,0
L141A,-6.049948319,0.001509983,0
L141C,-4.374043617,0.005437184,0
L141D,-4.778144448,0.004040758,0
L141E,-4.791830997,0.003999971,0
L141F,-4.954520944,0.003543651,0
L141G,-6.168399181,0.001368968,0
L141H,-5.879121231,0.001734867,0
L141I,-4.834355464,0.003875685,0
L141K,-5.399418212,0.002529256,0
L141M,-4.463133531,0.005094873,0
L141N,-4.962510876,0.003522539,0
L141P,-3.758346506,0.008479906,0
L141Q,-4.566567457,0.00472308,0
L141R,-6.712541287,0.000851171,0
L141S,-6.595305288,0.000946846,0
L141T,-6.485049069,0.001044204,0
L141V,-5.653995777,0.002074969,0
L141W,-4.409486842,0.005298463,0
L141Y,-5.655908194,0.002071851,0
S142A,-0.897967206,0.063328811,0
S142C,-5.39953915,0.00252902,0
S142D,-4.895335384,0.003703734,0
S142E,-4.854063386,0.003819316,0
S142F,-5.258112176,0.002818235,0
S142G,-0.51418626,0.082713729,0
S142H,-5.469324701,0.002396424,0
S142I,-5.889768945,0.001720058,0
S142K,-5.97594906,0.001604139,0
S142L,-4.667554319,0.004384913,0
S142M,-4.571535249,0.004705885,0
S142N,-1.632717545,0.037944328,0
S142P,-5.205278599,0.002933763,0
S142Q,-5.143538977,0.003074237,0
S142R,-6.876679318,0.000729632,0
S142T,-2.302233064,0.023752681,0
S142V,-5.882585422,0.001730037,0
S142W,-4.326465181,0.005628841,0
S142Y,-5.16862786,0.003016427,0
V143A,-4.006249796,0.007097043,0
V143C,-5.778674172,0.001880079,0
V143D,-5.36513887,0.002596781,0
V143E,-5.011014855,0.003396853,0
V143F,-5.443851448,0.002444083,0
V143G,-6.129410163,0.001414112,0
V143H,-5.076346523,0.003234107,0
V143I,-5.122324257,0.003123911,0
V143K,-5.60988749,0.00214805,0
V143L,-2.528786944,0.02026025,0
V143M,-3.628091928,0.009307509,0
V143N,-5.089149014,0.003203069,0
V143P,-6.802025825,0.0007832,0
V143Q,-5.443074799,0.002445549,0
V143R,-7.27363919,0.00048701,0
V143S,-6.628706891,0.000918791,0
V143T,-6.206743381,0.001325745,0
V143W,-5.371681611,0.002583768,0
V143Y,-4.759579381,0.004096705,0
H144A,-6.063501591,0.001493256,0
H144C,-4.525861045,0.004866227,0
H144D,-5.264778323,0.002803957,0
H144E,-4.744950838,0.0041413,0
H144F,-4.640951725,0.004471712,0
H144G,-5.56807145,0.002219427,0
H144I,-5.138583004,0.003085776,0
H144K,-4.788691303,0.004009293,0
H144L,-5.011070456,0.003396712,0
H144M,-4.646553819,0.0044533,0
H144N,-4.559837846,0.004746467,0
H144P,-6.51721195,0.001015031,0
H144Q,-4.588169648,0.004648739,0
H144R,-4.507633105,0.004931647,0
H144S,-6.0691627,0.001486315,0
H144T,-6.376219397,0.001147882,0
H144V,-5.195439302,0.00295575,0
H144W,-4.180798796,0.0062565,0
H144Y,-3.807512777,0.008186436,0
G145A,-4.662613417,0.004400913,0
G145C,-5.897204058,0.001709782,0
G145D,-5.227315197,0.002885062,0
G145E,-5.615593219,0.00213847,0
G145F,-5.384526796,0.002558392,0
G145H,-5.596318074,0.002170986,0
G145I,-5.535808108,0.00227593,0
G145K,-5.015646741,0.003385071,0
G145L,-6.143307047,0.001397881,0
G145M,-4.057705327,0.006838603,0
G145N,-4.857057463,0.00381082,0
G145P,-6.166587177,0.001371039,0
G145Q,-4.910681363,0.003661594,0
G145R,-5.009658371,0.003400311,0
G145S,-3.03459442,0.014186094,0
G145T,-5.786909598,0.001867789,0
G145V,-5.037751761,0.003329357,0
G145W,-4.468270686,0.005075772,0
G145Y,-5.491683888,0.002355279,0
S146A,-4.185898557,0.006233439,0
S146C,0.358430409,0.151679106,1
S146D,-5.015264496,0.003386042,0
S146E,-4.372953483,0.005441505,0
S146F,0.795474699,0.205446119,1
S146G,1.294665601,0.290497139,1
S146H,-0.110442256,0.10951513,0
S146I,-3.8983208,0.007670016,0
S146K,-3.609548278,0.009431524,0
S146L,-5.506712022,0.002327981,0
S146M,-1.04846083,0.057027956,0
S146N,-2.466825669,0.021161594,0
S146P,-4.227158163,0.006049827,0
S146Q,0.205409221,0.136386816,1
S146R,-5.807926743,0.001836741,0
S146T,-1.132271688,0.053793662,0
S146V,-4.880663098,0.003744445,0
S146W,-2.68617259,0.018137486,0
S146Y,-4.222630046,0.006069723,0
Q147A,-3.527117112,0.010002512,0
Q147C,-1.424780258,0.043870305,0
Q147D,-2.343926773,0.023068107,0
Q147E,-0.817893868,0.066959022,0
Q147F,-1.918188287,0.031082238,0
Q147G,-0.302212201,0.095849155,0
Q147H,-4.695152901,0.004296541,0
Q147I,-3.837612394,0.008011647,0
Q147K,-0.830687019,0.066365422,0
Q147L,-0.464787076,0.085604688,0
Q147M,-1.489970301,0.041919762,0
Q147N,-4.474344528,0.005053275,0
Q147P,1.486850231,0.331930546,1
Q147R,0.157472331,0.131920392,1
Q147S,-2.584843719,0.019477491,0
Q147T,-5.269512445,0.002793857,0
Q147V,-5.243846318,0.002849014,0
Q147W,-1.436578342,0.043510733,0
Q147Y,1.136661416,0.260333214,1
H148A,-1.661348798,0.037193237,0
H148C,0.206552182,0.136495131,1
H148D,-1.528493032,0.040807884,0
H148E,0.831623505,0.210665982,1
H148F,-0.449333522,0.086529583,0
H148G,-2.908603486,0.015506136,0
H148I,-2.273751594,0.024231825,0
H148K,-3.095345404,0.013589624,0
H148L,-1.754660757,0.03484629,0
H148M,-3.538062825,0.009924801,0
H148N,-1.476734639,0.042308686,0
H148P,-1.969143976,0.029993899,0
H148Q,-0.597156366,0.078075429,0
H148R,-2.946305692,0.015098963,0
H148S,-2.755760979,0.017270249,0
H148T,-1.12841289,0.053938485,0
H148V,-0.02611507,0.11612399,0
H148W,-2.02352517,0.028874025,0
H148Y,0.879748388,0.217821285,1
S149A,-3.829947652,0.008055811,0
S149C,-2.041785653,0.028507355,0
S149D,-1.06649471,0.05631607,0
S149E,-5.207969606,0.002927776,0
S149F,0.010111661,0.11908393,1
S149G,-1.544662069,0.040349973,0
S149H,-2.446178024,0.021470655,0
S149I,-1.31179246,0.047466957,0
S149K,-5.137725275,0.003087777,0
S149L,-1.952839237,0.030337971,0
S149M,-0.569053049,0.079616716,0
S149N,-4.737462389,0.004164303,0
S149P,0.304154451,0.146068456,1
S149Q,-0.211890509,0.10205976,0
S149R,-3.835928225,0.008021331,0
S149T,-2.052732987,0.028289747,0
S149V,-0.735994852,0.070886416,0
S149W,0.468805291,0.1637611,1
S149Y,-4.489030561,0.00499927,0
G150A,1.051429061,0.245382595,1
G150C,-3.861631744,0.007874759,0
G150D,1.228178909,0.277400793,1
G150E,1.721607279,0.390634819,1
G150F,-3.70209573,0.008828162,0
G150H,-1.332092496,0.046799832,0
G150I,-2.569629743,0.019686936,0
G150K,-2.138473963,0.026641342,0
G150L,-1.176352591,0.052166481,0
G150M,-0.814981616,0.067094887,0
G150N,-0.062860692,0.113196629,0
G150P,-3.431707739,0.010705444,0
G150Q,1.383427189,0.308948898,1
G150R,-3.095225767,0.013590774,0
G150S,-3.547038902,0.009861513,0
G150T,-0.488364437,0.084212533,0
G150V,-5.182805808,0.0029842,0
G150W,0.047314106,0.122201943,1
G150Y,-4.580589833,0.004674697,0
M151A,-1.841461321,0.032795275,0
M151C,-1.162162346,0.052684877,0
M151D,-2.953980514,0.015017373,0
M151E,-2.993125742,0.01460791,0
M151F,-4.187253368,0.006227326,0
M151G,0.812627251,0.207906633,1
M151H,-2.496298052,0.020728034,0
M151I,-2.631807918,0.018844711,0
M151K,-3.538487808,0.009921796,0
M151L,-0.96670683,0.060369178,0
M151N,-2.836335495,0.016316991,0
M151P,-2.638340335,0.018758316,0
M151Q,-3.835651464,0.008022924,0
M151R,-1.878895615,0.031948119,0
M151S,-0.723879245,0.071486573,0
M151T,-2.935111877,0.015218745,0
M151V,-0.262715958,0.098517182,0
M151W,-3.328676824,0.011518596,0
M151Y,1.001596127,0.23704194,1
I152A,1.111549997,0.255836271,1
I152C,-3.457269609,0.010512534,0
I152D,-3.908969485,0.007611559,0
I152E,-3.399313043,0.010954883,0
I152F,-1.444992431,0.043256086,0
I152G,-5.098239147,0.003181198,0
I152H,-1.32172424,0.047139394,0
I152K,-4.159000597,0.006355998,0
I152L,-3.142211664,0.013146337,0
I152M,-3.538012729,0.009925155,0
I152N,0.361050802,0.151955361,1
I152P,-3.272013141,0.011991182,0
I152Q,-2.016750384,0.029011248,0
I152R,-2.747183561,0.017374898,0
I152S,0.490444557,0.166240115,1
I152T,-1.393901782,0.044825433,0
I152V,-2.856112903,0.016091034,0
I152W,-1.803796296,0.033670129,0
I152Y,1.180329896,0.268342202,1
V153A,-2.376243352,0.022550942,0
V153C,-4.039722375,0.006927878,0
V153D,-1.994269448,0.029471241,0
V153E,-4.295818928,0.00575568,0
V153F,-3.551463194,0.009830462,0
V153G,-4.302937248,0.005725978,0
V153H,-2.435973432,0.021625042,0
V153I,-1.584168574,0.039252491,0
V153K,-4.109303658,0.006588538,0
V153L,0.49726993,0.167029781,1
V153M,-3.357658503,0.011283964,0
V153N,-1.432749852,0.043627092,0
V153P,-2.943933567,0.015124269,0
V153Q,-4.10889306,0.006590493,0
V153R,-3.364526555,0.011229048,0
V153S,-2.49250478,0.02078334,0
V153T,-2.991484845,0.014624852,0
V153W,-1.014310815,0.058400651,0
V153Y,-3.768796221,0.008416693,0
N154A,-4.8552008,0.003816086,0
N154C,-5.184140749,0.002981182,0
N154D,-0.128780511,0.108128357,0
N154E,-1.752513093,0.034898618,0
N154F,-5.106555022,0.00316131,0
N154G,-4.705001921,0.004265411,0
N154H,-2.241262953,0.024790057,0
N154I,-5.328685728,0.00267037,0
N154K,-3.312862097,0.011648632,0
N154L,-5.309285837,0.002710299,0
N154M,-3.625150511,0.009327074,0
N154P,-4.729247045,0.004189678,0
N154Q,-2.889474565,0.015716828,0
N154R,-4.341866804,0.005566107,0
N154S,-1.397358523,0.044717491,0
N154T,-2.827858774,0.016414789,0
N154V,-5.301274045,0.002726945,0
N154W,-3.837271294,0.008013608,0
N154Y,-4.263017122,0.00589446,0
D155A,-2.416772287,0.021918516,0
D155C,-5.448829354,0.002434703,0
D155E,-2.998990237,0.014547518,0
D155F,-5.084993018,0.003213114,0
D155G,-3.021401917,0.014318974,0
D155H,-0.478300163,0.084804009,0
D155I,-3.157056568,0.013008902,0
D155K,-5.1289185,0.003108392,0
D155L,-6.181780259,0.001353754,0
D155M,-3.561668883,0.0097592,0
D155N,-3.440560554,0.010638247,0
D155P,-5.632702073,0.002109971,0
D155Q,-0.156055117,0.106098132,0
D155R,-4.851724113,0.003825967,0
D155S,-2.396628869,0.02223062,0
D155T,-6.228571334,0.001301647,0
D155V,-3.60565693,0.009457752,0
D155W,-4.549835675,0.00478143,0
D155Y,-2.770853632,0.017087616,0
T156A,-1.933554068,0.03074999,0
T156C,-5.224346462,0.00289158,0
T156D,-3.419996586,0.010794974,0
T156E,-3.454682335,0.010531905,0
T156F,-5.2170353,0.002907688,0
T156G,-5.727533159,0.001957988,0
T156H,-5.294104932,0.00274192,0
T156I,-2.214920319,0.025252005,0
T156K,-0.674318928,0.073994741,0
T156L,-5.582505137,0.002194556,0
T156M,-3.160054124,0.012981322,0
T156N,-4.600729108,0.004606026,0
T156P,-2.317019789,0.023507629,0
T156Q,-3.413950449,0.010841481,0
T156R,-2.013134446,0.029084752,0
T156S,-2.728212881,0.01760857,0
T156V,-4.541416924,0.004811046,0
T156W,-4.165593986,0.006325743,0
T156Y,-5.972377856,0.001608807,0
G157A,-1.523103047,0.040961674,0
G157C,-4.603256726,0.004597475,0
G157D,-5.041083686,0.003321033,0
G157E,-0.271506402,0.09791704,0
G157F,-4.287716097,0.005789669,0
G157H,-3.186101754,0.012744057,0
G157I,-0.720874839,0.07163618,0
G157K,-2.169598539,0.026066785,0
G157L,-5.462205507,0.002409659,0
G157M,-3.968735526,0.007291357,0
G157N,-4.793544803,0.003994891,0
G157P,-1.31632141,0.047317306,0
G157Q,-3.26811567,0.012024375,0
G157R,-3.194907467,0.012664811,0
G157S,-1.575795679,0.039482585,0
G157T,-3.43303124,0.010695372,0
G157V,-0.574057315,0.079340063,0
G157W,-4.67538279,0.004359674,0
G157Y,-4.87167469,0.003769591,0
Y158A,-2.197181199,0.025567868,0
Y158C,-1.566298802,0.039745188,0
Y158D,-2.556989093,0.019862643,0
Y158E,-4.97413803,0.003492024,0
Y158F,-3.236426495,0.012297612,0
Y158G,-1.959611172,0.030194593,0
Y158H,-2.714555784,0.017778705,0
Y158I,-4.59895735,0.004612029,0
Y158K,-5.140932635,0.003080301,0
Y158L,1.599212114,0.358838365,1
Y158M,-4.522008033,0.004879986,0
Y158N,-2.009974554,0.029149137,0
Y158P,-3.735159671,0.008621816,0
Y158Q,-4.971171635,0.003499785,0
Y158R,-1.55831192,0.03996738,0
Y158S,-1.51043086,0.041325515,0
Y158T,-2.910195122,0.015488731,0
Y158V,-3.947668799,0.007402713,0
Y158W,-3.020568045,0.014327414,0
E159A,-2.122586451,0.026939438,0
E159C,-4.966079191,0.003513147,0
E159D,0.405156704,0.156681325,1
E159F,-4.462714069,0.005096436,0
E159G,-1.958969711,0.030208146,0
E159H,-3.347514192,0.011365555,0
E159I,-4.817578756,0.003924281,0
E159K,-3.326080059,0.01153985,0
E159L,-0.541227232,0.081172653,0
E159M,-3.782165046,0.008336486,0
E159N,-4.963988883,0.003518646,0
E159P,-4.141501969,0.006436964,0
E159Q,0.27610341,0.143250434,1
E159R,-4.839451899,0.003861035,0
E159S,-5.266976944,0.002799262,0
E159T,-3.379452005,0.011110605,0
E159V,-4.988366863,0.003455014,0
E159W,-3.744405232,0.008564957,0
E159Y,-5.104289008,0.003166718,0
T160A,1.474475085,0.329093106,1
T160C,-0.915627521,0.062554921,0
T160D,1.806272755,0.414262364,1
T160E,-2.082526315,0.027705819,0
T160F,-2.949776033,0.015062017,0
T160G,-5.241390595,0.002854343,0
T160H,2.522625069,0.680821833,1
T160I,-1.72786448,0.035504795,0
T160K,0.722924973,0.195356506,1
T160L,-1.842984335,0.032760378,0
T160M,-1.32609799,0.046995855,0
T160N,-4.028060719,0.006986369,0
T160P,-4.401723418,0.005328558,0
T160Q,-4.471052137,0.005065458,0
T160R,-2.408799184,0.022041531,0
T160S,0.686189397,0.190437894,1
T160V,2.234078086,0.557356113,1
T160W,-0.565561383,0.079810317,0
T160Y,-2.738199738,0.017485174,0
D161A,-1.49872363,0.041664503,0
D161C,-4.663413902,0.004398318,0
D161E,1.57716934,0.353393156,1
D161F,-0.843881484,0.06575869,0
D161G,-1.284954431,0.048363474,0
D161H,-1.450290203,0.043096512,0
D161I,-4.506318351,0.004936398,0
D161K,-5.034423639,0.003337691,0
D161L,0.262145809,0.14186853,1
D161M,-2.42762026,0.021752234,0
D161N,-0.357787079,0.092216563,0
D161P,-3.278856195,0.01193312,0
D161Q,-3.266061541,0.012041905,0
D161R,-1.356734091,0.046002542,0
D161S,-1.269073844,0.048901868,0
D161T,-1.249614617,0.049569719,0
D161V,-3.649345517,0.009167317,0
D161W,-3.934497889,0.007473164,0
D161Y,-2.755484121,0.017273618,0
E162A,-1.287652518,0.048272589,0
E162C,-3.74897988,0.008536958,0
E162D,-2.445381155,0.021482672,0
E162F,-4.776630063,0.004045295,0
E162G,-1.053175114,0.056841,0
E162H,-3.069742884,0.013837938,0
E162I,-4.52159049,0.00488148,0
E162K,-3.368362075,0.011198494,0
E162L,-3.593168603,0.009542401,0
E162M,-3.587009033,0.009584424,0
E162N,-5.033028105,0.003341191,0
E162P,-1.601936347,0.038768619,0
E162Q,-2.81287778,0.016589042,0
E162R,-4.655337377,0.004424576,0
E162S,-1.443228394,0.04330935,0
E162T,-4.261910467,0.005899197,0
E162V,-6.22513077,0.001305421,0
E162W,-3.923534633,0.007532298,0
E162Y,-5.33869458,0.00264998,0
N163A,0.151575116,0.131381111,1
N163C,-4.112418304,0.006573728,0
N163D,-0.428996698,0.087761939,0
N163E,-4.288400785,0.00578679,0
N163F,-3.305343073,0.011710959,0
N163G,-1.441990775,0.043346759,0
N163H,-1.247518696,0.049642191,0
N163I,-4.469638102,0.005070699,0
N163K,-4.326758629,0.005627639,0
N163L,-5.47737557,0.002381535,0
N163M,-2.942067471,0.015144206,0
N163P,-1.841780587,0.032787956,0
N163Q,-2.389246914,0.022346092,0
N163R,-5.54361567,0.00226214,0
N163S,-1.599766238,0.038827399,0
N163T,-2.415611536,0.021936383,0
N163V,-4.727928909,0.004193763,0
N163W,-3.801186252,0.008223641,0
N163Y,-2.511133758,0.020513118,0
R164A,-5.929788759,0.001665367,0
R164C,-0.513044999,0.082779408,0
R164D,-4.673982573,0.004364178,0
R164E,-2.969216916,0.014856677,0
R164F,-4.906008169,0.003674379,0
R164G,-3.908218944,0.007615665,0
R164H,-1.52018393,0.041045204,0
R164I,-3.895089049,0.007687842,0
R164K,-0.608424784,0.077465812,0
R164L,-3.910730082,0.007601936,0
R164M,-1.584868658,0.039233313,0
R164N,-3.88678821,0.007733813,0
R164P,-6.402854669,0.00112178,0
R164Q,-5.665417108,0.002056407,0
R164S,-3.655697598,0.009125817,0
R164T,-3.132616738,0.013235922,0
R164V,-2.878244759,0.015841824,0
R164W,-4.624084524,0.00452758,0
R164Y,-5.517216081,0.002309068,0
A165C,-2.335212573,0.023209556,0
A165D,-3.224391467,0.012402966,0
A165E,-2.028012637,0.028783486,0
A165F,-4.909992059,0.003663477,0
A165G,-4.311568885,0.005690157,0
A165H,-3.231273582,0.012342613,0
A165I,-3.830863851,0.00805052,0
A165K,-2.653664322,0.018557175,0
A165L,-3.041602651,0.014115996,0
A165M,-4.336368355,0.005588426,0
A165N,-5.685356131,0.002024352,0
A165P,-1.731669996,0.03541053,0
A165Q,-2.918312661,0.01540026,0
A165R,-0.500928925,0.083479888,0
A165S,-1.053897618,0.056812402,0
A165T,-4.815717048,0.003929709,0
A165V,-2.431680747,0.021690314,0
A165W,-2.173984839,0.025986806,0
A165Y,-3.325541079,0.011544267,0
K166A,0.205197114,0.136366725,1
K166C,-3.632919943,0.009275481,0
K166D,-1.388799934,0.044985219,0
K166E,0.163551041,0.132478581,1
K166F,-2.483042933,0.02092193,0
K166G,-0.967737127,0.060325881,0
K166H,-4.12650135,0.006507159,0
K166I,-2.427314501,0.021756903,0
K166L,-2.495260358,0.020743149,0
K166M,-4.091918683,0.006671795,0
K166N,-1.986939274,0.029622783,0
K166P,-1.159115107,0.052796865,0
K166Q,0.168034909,0.132891831,1
K166R,-0.880450852,0.064105807,0
K166S,0.492101121,0.166431429,1
K166T,-0.07992053,0.111862685,0
K166V,-4.953647892,0.003545965,0
K166W,-0.264335088,0.098406366,0
K166Y,-4.747404748,0.004133787,0
V167A,-1.245311594,0.049718621,0
V167C,-2.840728865,0.016266529,0
V167D,-4.938627173,0.003585997,0
V167E,-5.169483531,0.003014473,0
V167F,-2.623324292,0.018957497,0
V167G,-6.073033971,0.001481584,0
V167H,-5.357720962,0.002611605,0
V167I,-1.252824644,0.049458928,0
V167K,-5.307355554,0.002714301,0
V167L,-2.890011956,0.01571087,0
V167M,-4.068118252,0.006787415,0
V167N,-4.935579063,0.003594171,0
V167P,-5.946667495,0.001642751,0
V167Q,-4.995286392,0.003437148,0
V167R,-6.632027236,0.000916037,0
V167S,-6.706776462,0.000855696,0
V167T,-5.910045898,0.001692158,0
V167W,-3.439750997,0.010644375,0
V167Y,-5.412535982,0.002503837,0
E168A,-5.296985639,0.002735894,0
E168C,-5.230632152,0.002877796,0
E168D,0.6790364,0.189494645,1
E168F,-4.343137498,0.005560961,0
E168G,-4.544387875,0.004800575,0
E168H,-5.186864703,0.002975033,0
E168I,-3.404638541,0.010913491,0
E168K,-4.32855602,0.005620285,0
E168L,-6.894733071,0.000717089,0
E168M,-4.435144489,0.005200147,0
E168N,-5.53835493,0.002271423,0
E168P,-6.758283069,0.000815899,0
E168Q,-4.869565276,0.003775515,0
E168R,-6.807206412,0.000779392,0
E168S,-1.673264179,0.036885024,0
E168T,-5.325146625,0.002677615,0
E168V,-5.414407593,0.002500229,0
E168W,-3.037519146,0.014156799,0
E168Y,-0.383963638,0.090553437,0
V169A,-4.694852661,0.004297493,0
V169C,-5.511672374,0.002319032,0
V169D,-3.428148059,0.010732581,0
V169E,-5.905048855,0.001698997,0
V169F,-5.040283413,0.003323031,0
V169G,-7.085453803,0.000593739,0
V169H,-5.054609124,0.00328744,0
V169I,-2.361645534,0.022783119,0
V169K,-4.779556855,0.004036531,0
V169L,-2.104264706,0.027287307,0
V169M,-3.849520368,0.007943498,0
V169N,-5.015411669,0.003385668,0
V169P,-6.372836044,0.001151232,0
V169Q,-5.207117859,0.00292967,0
V169R,-6.805840666,0.000780395,0
V169S,-6.386737323,0.001137517,0
V169T,-6.028967519,0.001536191,0
V169W,-4.955363182,0.00354142,0
V169Y,-4.955898235,0.003540003,0
T170A,-3.799077453,0.008236078,0
T170C,-5.529035367,0.002287952,0
T170D,-5.56956669,0.002216839,0
T170E,-5.833393696,0.001799721,0
T170F,-5.569522285,0.002216916,0
T170G,-6.358098062,0.001165918,0
T170H,-5.443108362,0.002445486,0
T170I,-5.95798143,0.001627739,0
T170K,-4.751538371,0.004121162,0
T170L,-6.74508443,0.000825962,0
T170M,-3.615427773,0.009392031,0
T170N,-5.677333087,0.002037197,0
T170P,-6.045553309,0.001515442,0
T170Q,-5.694543459,0.00200973,0
T170R,-5.664728997,0.002057521,0
T170S,-6.099179735,0.001449964,0
T170V,-6.224405979,0.001306218,0
T170W,-5.266907956,0.002799409,0
T170Y,-5.573808591,0.002209511,0
P171A,-6.145976842,0.001394781,0
P171C,-5.569609078,0.002216766,0
P171D,-5.665729279,0.002055902,0
P171E,-5.507348124,0.002326831,0
P171F,-5.393533248,0.002540734,0
P171G,-2.870414456,0.015929558,0
P171H,-6.433159704,0.001092662,0
P171I,-5.785521159,0.001869856,0
P171K,-5.676330453,0.002038807,0
P171L,-5.283255558,0.002764724,0
P171M,-4.279399285,0.005824755,0
P171N,-4.579996327,0.004676735,0
P171Q,-6.359435649,0.001164579,0
P171R,-7.493120662,0.000378904,0
P171S,-3.411947955,0.010856927,0
P171T,-4.664934776,0.004393389,0
P171V,-6.33665386,0.001187556,0
P171W,-4.657282581,0.004418238,0
P171Y,-5.63085317,0.002113034,0
N172A,-5.346737984,0.002633695,0
N172C,-3.894749454,0.007689718,0
N172D,-3.242675294,0.012243257,0
N172E,-5.548639242,0.002253307,0
N172F,-4.405271766,0.005314783,0
N172G,-5.68794236,0.002020226,0
N172H,-0.537687516,0.081372743,0
N172I,-4.494026583,0.004981023,0
N172K,-4.563003843,0.004735451,0
N172L,-1.229034685,0.050285903,0
N172M,-3.919728239,0.007552935,0
N172P,-6.314264755,0.001210493,0
N172Q,-4.92119732,0.003632975,0
N172R,-6.170549004,0.001366514,0
N172S,-3.77795292,0.008361677,0
N172T,-5.374198017,0.002578779,0
N172V,-5.086957884,0.003208362,0
N172W,-3.301096935,0.0117463,0
N172Y,-0.873421382,0.064420285,0
S173A,-1.464087322,0.04268367,0
S173C,-5.20613973,0.002931846,0
S173D,-5.170770014,0.003011538,0
S173E,-5.423086536,0.00248356,0
S173F,-5.540580882,0.002267491,0
S173G,-5.642904576,0.002093136,0
S173H,-5.440360959,0.002450679,0
S173I,-5.774725014,0.001885997,0
S173K,-5.736042777,0.001944832,0
S173L,-3.813684759,0.008150298,0
S173M,-4.442526564,0.005172183,0
S173N,-5.219102475,0.002903126,0
S173P,-4.11719765,0.006551063,0
S173Q,-5.390917496,0.002545851,0
S173R,-6.006914083,0.001564151,0
S173T,-5.168626333,0.003016431,0
S173V,-6.207299812,0.001325126,0
S173W,-4.179549549,0.006262162,0
S173Y,-5.467682057,0.002399472,0
P174A,-5.489245307,0.002359735,0
P174C,-4.667260776,0.004385862,0
P174D,-4.90905076,0.00366605,0
P174E,-4.709770876,0.004250414,0
P174F,-4.733496503,0.004176535,0
P174G,-5.754529215,0.001916518,0
P174H,-5.446799055,0.002438525,0
P174I,-5.072156731,0.003244324,0
P174K,-5.065443426,0.003260757,0
P174L,-4.59713582,0.004618209,0
P174M,-4.478718884,0.005037132,0
P174N,-5.110675464,0.003151499,0
P174Q,-6.081415242,0.001471386,0
P174R,-6.451011927,0.001075793,0
P174S,-4.747924354,0.004132198,0
P174T,-5.268743071,0.002795496,0
P174V,-5.535074122,0.00227723,0
P174W,-4.174605382,0.006284617,0
P174Y,-4.904343368,0.003678944,0
R175A,-5.288130051,0.002754457,0
R175C,-4.827484732,0.003895519,0
R175D,-4.816351164,0.003927859,0
R175E,-4.402667668,0.005324889,0
R175F,-4.794853014,0.003991017,0
R175G,-3.588562838,0.009573806,0
R175H,-4.480004429,0.005032397,0
R175I,-5.586536218,0.002187654,0
R175K,-4.387811343,0.005382894,0
R175L,-5.938926985,0.00165309,0
R175M,-4.073402369,0.00676158,0
R175N,-5.04466821,0.0033121,0
R175P,-5.401419669,0.002525362,0
R175Q,-4.661744566,0.004403733,0
R175S,-5.182983066,0.0029838,0
R175T,-5.703519903,0.001995534,0
R175V,-4.752107656,0.004119426,0
R175W,-4.153491368,0.006381383,0
R175Y,-4.225665849,0.006056377,0
A176C,-3.34594396,0.011378236,0
A176D,-4.590404495,0.004641111,0
A176E,-3.548873428,0.009848626,0
A176F,-3.839724982,0.007999516,0
A176G,-0.003994408,0.117922536,0
A176H,-5.147211942,0.003065711,0
A176I,-4.679745058,0.004345669,0
A176K,-4.657740095,0.004416749,0
A176L,-5.542762387,0.002263644,0
A176M,-3.929205959,0.007501652,0
A176N,-4.512328328,0.004914717,0
A176P,-6.110475644,0.00143648,0
A176Q,-5.179851584,0.002990889,0
A176R,-5.851731259,0.001773466,0
A176S,-6.095064568,0.001454903,0
A176T,-4.745606906,0.00413929,0
A176V,-4.402154765,0.005326881,0
A176W,-3.359363276,0.011270308,0
A176Y,-4.158985344,0.006356068,0
E177A,-5.032638356,0.003342169,0
E177C,-4.496063574,0.004973602,0
E177D,-3.974402237,0.00726168,0
E177F,-5.004976178,0.003412272,0
E177G,-3.995523831,0.007152086,0
E177H,-4.878482177,0.003750532,0
E177I,-5.165771779,0.003022958,0
E177K,-3.985092753,0.007206009,0
E177L,-6.075370897,0.001478735,0
E177M,-4.221527357,0.006074577,0
E177N,-4.949544938,0.003556858,0
E177P,-5.601314808,0.002162515,0
E177Q,-4.312017694,0.005688301,0
E177R,-5.856189178,0.001767134,0
E177S,-5.974409919,0.00160615,0
E177T,-5.77720893,0.001882273,0
E177V,-5.424757016,0.002480363,0
E177W,-4.132964976,0.006476823,0
E177Y,-5.043941579,0.003313909,0
A178C,-5.171676505,0.003009471,0
A178D,-5.253729513,0.002827658,0
A178E,-5.764486405,0.001901417,0
A178F,-5.319771097,0.002688652,0
A178G,-6.393119791,0.001131264,0
A178H,-5.475228506,0.002385498,0
A178I,-5.713163371,0.001980381,0
A178K,-4.706261098,0.004261446,0
A178L,-2.959581668,0.014958101,0
A178M,-4.286956566,0.005792865,0
A178N,-5.121896137,0.003124921,0
A178P,-3.503148924,0.01017475,0
A178Q,-5.442553802,0.002446533,0
A178R,-6.010057811,0.001560139,0
A178S,-4.107027013,0.006599384,0
A178T,-3.04197037,0.014112328,0
A178V,-1.488148976,0.041973069,0
A178W,-4.41977996,0.005258812,0
A178Y,-5.363340657,0.002600368,0
T179A,-0.938726857,0.061556883,0
T179C,-1.357541405,0.045976651,0
T179D,-1.516679061,0.041145719,0
T179E,-3.791976431,0.008278093,0
T179F,-1.490199684,0.041913053,0
T179G,-5.595762276,0.00217193,0
T179H,-3.199727954,0.012621634,0
T179I,-2.479370727,0.020975964,0
T179K,-2.175394602,0.025961152,0
T179L,-4.456230756,0.005120647,0
T179M,-4.221932366,0.006072794,0
T179N,-1.189295285,0.051698087,0
T179P,-6.690046,0.000868931,0
T179Q,-4.054027096,0.006856773,0
T179R,-2.158225374,0.026275297,0
T179S,-4.185512117,0.006235183,0
T179V,-4.5289907,0.004855077,0
T179W,-3.644424526,0.009199593,0
T179Y,-4.553995434,0.00476686,0
L180A,-5.433497509,0.002463696,0
L180C,-4.569938039,0.004711407,0
L180D,-4.806495319,0.003956697,0
L180E,-5.242403356,0.002852144,0
L180F,-6.818387693,0.000771221,0
L180G,-5.742371406,0.001935098,0
L180H,-4.943663578,0.003572528,0
L180I,-3.200552497,0.012614263,0
L180K,-4.832697336,0.003880463,0
L180M,-3.722722226,0.008698882,0
L180N,-4.522293581,0.004878965,0
L180P,-5.788824044,0.001864942,0
L180Q,-4.940801583,0.003580176,0
L180R,-6.085894408,0.00146596,0
L180S,-3.221195443,0.012431092,0
L180T,-5.764663388,0.001901149,0
L180V,-4.258328675,0.005914555,0
L180W,-4.270585907,0.005862157,0
L180Y,-4.787923182,0.004011577,0
G181A,-2.34711736,0.023016531,0
G181C,-4.615317409,0.004556879,0
G181D,-3.686311851,0.008928347,0
G181E,0.525218591,0.170302576,1
G181F,-5.110408364,0.003152134,0
G181H,-5.224411992,0.002891436,0
G181I,-4.717330559,0.004226741,0
G181K,-4.601894284,0.004602083,0
G181L,-3.82434561,0.008088238,0
G181M,-3.584827883,0.009599347,0
G181N,-1.64552758,0.037606436,0
G181P,-4.163114106,0.006337106,0
G181Q,-3.88179695,0.007761583,0
G181R,-4.471972366,0.00506205,0
G181S,-1.53573851,0.040602056,0
G181T,-4.294733881,0.005760221,0
G181V,-3.95696118,0.007353395,0
G181W,-4.116671901,0.006553553,0
G181Y,-4.924922612,0.003622886,0
G182A,-2.471289072,0.021095363,0
G182C,-2.910887182,0.015481169,0
G182D,-2.349044456,0.022985435,0
G182E,-4.762333504,0.00408836,0
G182F,-2.655781546,0.018529553,0
G182H,-4.864183199,0.003790669,0
G182I,-4.567081767,0.004721297,0
G182K,-4.285812749,0.005797681,0
G182L,-1.747691679,0.035016376,0
G182M,-3.453768884,0.010538752,0
G182N,-2.191916513,0.025662361,0
G182P,-5.017656641,0.00337997,0
G182Q,-0.755161196,0.069947229,0
G182R,-4.222721201,0.006069322,0
G182S,0.332692821,0.148992221,1
G182T,-2.295559339,0.023864106,0
G182V,-5.269071584,0.002794796,0
G182W,-4.240467203,0.005991712,0
G182Y,-4.319770616,0.005656319,0
F183A,-5.353917667,0.002619236,0
F183C,-3.915350518,0.007576736,0
F183D,-4.652822596,0.004432782,0
F183E,-4.819322367,0.003919204,0
F183G,-5.884711881,0.001727078,0
F183H,-4.715328441,0.004232999,0
F183I,-3.92185179,0.007541415,0
F183K,-4.554196445,0.004766157,0
F183L,-4.7217292,0.004213025,0
F183M,-3.744395981,0.008565014,0
F183N,-4.560841376,0.004742973,0
F183P,-6.023552703,0.001543016,0
F183Q,-4.213056885,0.00611199,0
F183R,-5.550577053,0.002249908,0
F183S,-4.435833749,0.00519753,0
F183T,-5.48486459,0.00236776,0
F183V,-3.326610509,0.011535506,0
F183W,-4.363358844,0.005479676,0
F183Y,-4.194669577,0.006193966,0
G184A,-5.754768369,0.001916154,0
G184C,-5.256924172,0.002820787,0
G184D,-5.522168972,0.002300199,0
G184E,-3.862372729,0.007870572,0
G184F,-5.220136174,0.002900846,0
G184H,-5.269579404,0.002793714,0
G184I,-5.73141126,0.001951983,0
G184K,-5.173814866,0.0030046,0
G184L,-6.528728529,0.001004742,0
G184M,-4.020317045,0.007025471,0
G184N,-5.125422357,0.003116611,0
G184P,-5.827107977,0.001808798,0
G184Q,-5.077920324,0.003230276,0
G184R,-4.374023397,0.005437264,0
G184S,-6.613316722,0.000931637,0
G184T,-5.84132544,0.001788324,0
G184V,-5.981133179,0.001597385,0
G184W,-4.882926289,0.003738139,0
G184Y,-5.191115269,0.002965459,0
S185A,-1.031962217,0.057687079,0
S185C,-3.402944563,0.01092664,0
S185D,-2.923958575,0.01533902,0
S185E,-3.157240222,0.013007211,0
S185F,1.363219157,0.304647693,1
S185G,-2.439762699,0.021567586,0
S185H,-2.529165177,0.020254866,0
S185I,-0.234796426,0.10044774,0
S185K,-4.727641839,0.004194653,0
S185L,-1.223870584,0.050467224,0
S185M,-3.344996934,0.011385891,0
S185N,-0.793746887,0.068093884,0
S185P,-5.663909933,0.002058848,0
S185Q,-0.501258063,0.083460781,0
S185R,-3.794688638,0.008262021,0
S185T,-1.18849142,0.051727057,0
S185V,-2.324289798,0.023388065,0
S185W,-4.232066022,0.006028334,0
S185Y,-0.314544529,0.095030942,0
L186A,-6.513895931,0.001018009,0
L186C,-5.586711507,0.002187354,0
L186D,-5.828493513,0.001806794,0
L186E,-5.403557365,0.00252121,0
L186F,-4.183895687,0.006242486,0
L186G,-6.334683226,0.00118956,0
L186H,-5.827820849,0.001807766,0
L186I,-2.308422276,0.023649805,0
L186K,-5.569260122,0.002217369,0
L186M,-1.713382643,0.035865804,0
L186N,-6.057940466,0.0015001,0
L186P,-6.818982279,0.000770788,0
L186Q,-5.52567021,0.002293947,0
L186R,-6.698837895,0.000861957,0
L186S,-4.093831804,0.006662584,0
L186T,-6.572650832,0.000966248,0
L186V,-5.61507088,0.002139346,0
L186W,-4.834250339,0.003875988,0
L186Y,-5.933630251,0.001660196,0
G187A,-2.838685993,0.016289974,0
G187C,-4.625336101,0.004523412,0
G187D,-3.059231847,0.013941165,0
G187E,-2.828508202,0.016407276,0
G187F,-3.696464738,0.008863778,0
G187H,-4.769743944,0.004065984,0
G187I,-3.810697073,0.008167772,0
G187K,-2.38195961,0.022460664,0
G187L,0.948736103,0.228503924,1
G187M,-0.578409318,0.079100247,0
G187N,-1.200646392,0.051290736,0
G187P,-5.937657149,0.001654791,0
G187Q,-2.755160076,0.017277561,0
G187R,-5.790263302,0.001862805,0
G187S,-4.947946488,0.003561111,0
G187T,-2.41473142,0.02194994,0
G187V,-0.579459975,0.07904246,0
G187W,-3.52027185,0.010051411,0
G187Y,-1.396298333,0.044750569,0
L188A,-5.328245871,0.00267127,0
L188C,-5.042635212,0.003317164,0
L188D,-4.156355247,0.006368175,0
L188E,-4.743598435,0.004145445,0
L188F,-2.982489695,0.014718067,0
L188G,-5.638649494,0.002100142,0
L188H,-3.867642452,0.007840859,0
L188I,-1.866532767,0.032225469,0
L188K,-5.082343041,0.003219535,0
L188M,-2.196167237,0.02558604,0
L188N,-4.695028033,0.004296937,0
L188P,-4.667624186,0.004384687,0
L188Q,-5.702143419,0.001997705,0
L188R,-5.765242584,0.001900274,0
L188S,-5.994929373,0.001579527,0
L188T,-6.225713576,0.001304782,0
L188V,-2.095191954,0.027461211,0
L188W,-4.263253127,0.00589345,0
L188Y,-5.06011833,0.003273847,0
D189A,-5.009952662,0.003399561,0
D189C,-5.091274301,0.003197943,0
D189E,-2.782193913,0.016951641,0
D189F,-5.423556679,0.00248266,0
D189G,-4.090538074,0.00667845,0
D189H,-5.224232763,0.00289183,0
D189I,-5.955983639,0.001630382,0
D189K,-5.37590913,0.002575392,0
D189L,-6.63286193,0.000915346,0
D189M,-4.5491215,0.004783935,0
D189N,-3.641514268,0.009218733,0
D189P,-5.838480167,0.001792405,0
D189Q,-5.051752213,0.00329451,0
D189R,-6.310262659,0.001214631,0
D189S,-3.465366109,0.010452141,0
D189T,-5.546208595,0.002257577,0
D189V,-5.265003984,0.002803475,0
D189W,-4.372509587,0.005443266,0
D189Y,-5.525067864,0.002295021,0
C190A,-5.886545161,0.00172453,0
C190D,-4.97805564,0.003481797,0
C190E,-5.151857716,0.003054958,0
C190F,-4.245354748,0.005970504,0
C190G,-4.719537661,0.004219854,0
C190H,-5.189589795,0.002968892,0
C190I,-5.502156098,0.002336226,0
C190K,-4.658149651,0.004415416,0
C190L,-6.126210709,0.001417871,0
C190M,-4.476570775,0.005045053,0
C190N,-4.881047969,0.003743372,0
C190P,-5.927712145,0.001668168,0
C190Q,-4.976088369,0.003486929,0
C190R,-4.966733062,0.003511429,0
C190S,-4.280234963,0.00582122,0
C190T,-5.724516964,0.00196267,0
C190V,-5.755912432,0.001914414,0
C190W,-4.263123005,0.005894006,0
C190Y,-4.417962332,0.005265793,0
E191A,-4.965096448,0.003515732,0
E191C,-4.483587508,0.005019222,0
E191D,-4.056757317,0.006843281,0
E191F,-5.07315281,0.003241892,0
E191G,-4.435128867,0.005200207,0
E191H,-4.943641382,0.003572587,0
E191I,-4.109223468,0.00658892,0
E191K,-4.026078655,0.006996357,0
E191L,-5.785374739,0.001870074,0
E191M,-4.196588888,0.00618536,0
E191N,-4.856726915,0.003811757,0
E191P,-5.649906093,0.002081651,0
E191Q,-4.532321955,0.004843236,0
E191R,-5.532207623,0.002282314,0
E191S,-3.801241791,0.008223313,0
E191T,-5.783101553,0.001873463,0
E191V,-5.387868739,0.002551827,0
E191W,-4.471109155,0.005065247,0
E191Y,-5.403507925,0.002521306,0
P192A,-0.647710381,0.075377331,0
P192C,-1.123057562,0.054140116,0
P192D,-4.760151913,0.004094969,0
P192E,-4.789902108,0.004005696,0
P192F,-5.023481624,0.003365226,0
P192G,-5.524994409,0.002295152,0
P192H,-5.768023642,0.001896077,0
P192I,-5.079798891,0.00322571,0
P192K,-4.406115086,0.005311514,0
P192L,-5.449921299,0.00243265,0
P192M,-4.102662225,0.006620226,0
P192N,-4.917969899,0.003641736,0
P192Q,-5.635623706,0.002105138,0
P192R,-6.5268085,0.001006452,0
P192S,-1.246370597,0.049681934,0
P192T,-1.54485782,0.04034446,0
P192V,-4.859824999,0.003802982,0
P192W,-4.310782818,0.005693411,0
P192Y,-4.862926222,0.003794216,0
R193A,-4.954899124,0.003542649,0
R193C,-4.827553435,0.00389532,0
R193D,-4.086115768,0.006699809,0
R193E,-4.559377953,0.004748069,0
R193F,-3.280570546,0.011918617,0
R193G,-3.612310795,0.009412948,0
R193H,-3.051928154,0.014013338,0
R193I,-4.858327456,0.003807221,0
R193K,-0.285971074,0.096937431,0
R193L,-5.580531719,0.002197941,0
R193M,-4.060388911,0.006825375,0
R193N,-1.826483247,0.033140441,0
R193P,-5.356467858,0.002614117,0
R193Q,-3.405000973,0.010910679,0
R193S,-3.371733344,0.011171704,0
R193T,0.131744391,0.129583744,1
R193V,-5.451752646,0.00242921,0
R193W,-3.353895178,0.011314166,0
R193Y,-3.932155406,0.007485761,0
T194A,1.449968751,0.323545479,1
T194C,0.635924416,0.183907544,1
T194D,-3.826363011,0.008076546,0
T194E,-4.193953777,0.006197178,0
T194F,-3.756048313,0.00849387,0
T194G,-4.670665774,0.004374865,0
T194H,-0.002206597,0.118069104,0
T194I,-0.01758717,0.116814096,0
T194K,3.03295847,0.969866951,1
T194L,-1.483474126,0.042110203,0
T194M,-3.267792995,0.012027127,0
T194N,-0.261487463,0.098601346,0
T194P,-3.347176012,0.011368285,0
T194Q,-0.891693989,0.063605996,0
T194R,3.056463102,0.985802191,1
T194S,-0.791763365,0.068187952,0
T194V,-1.568248409,0.039691138,0
T194W,-2.897829768,0.015624457,0
T194Y,1.101695635,0.25409283,1
G195A,0.233945726,0.139116978,1
G195C,-3.429950195,0.010718834,0
G195D,-1.89160671,0.031665424,0
G195E,-4.969868599,0.0035032,0
G195F,-4.981032228,0.003474046,0
G195H,-5.083064845,0.003217785,0
G195I,-3.495073948,0.010233426,0
G195K,-4.489479652,0.004997627,0
G195L,-4.206303105,0.006141979,0
G195M,-3.636593024,0.009251186,0
G195N,-3.977615643,0.007244903,0
G195P,-5.823060159,0.001814664,0
G195Q,-4.379071059,0.005417299,0
G195R,-6.294392386,0.001231152,0
G195S,-0.886597657,0.06383207,0
G195T,-3.714847521,0.00874802,0
G195V,-5.999062617,0.00157421,0
G195W,-4.317827113,0.00566432,0
G195Y,-3.91928177,0.007555359,0
L196A,-2.465383494,0.021183037,0
L196C,-2.276999932,0.024176699,0
L196D,-5.283324342,0.002764579,0
L196E,-4.962452303,0.003522693,0
L196F,1.022862785,0.240566181,1
L196G,-5.918999286,0.001679963,0
L196H,-3.323577303,0.011560371,0
L196I,1.017867925,0.239733775,1
L196K,-4.672768041,0.004368089,0
L196M,-3.646400145,0.009186622,0
L196N,-3.954950095,0.007364041,0
L196P,-1.641565064,0.037710635,0
L196Q,-4.570362242,0.00470994,0
L196R,-4.352424983,0.005523486,0
L196S,-2.897404168,0.01562915,0
L196T,-2.05855327,0.028174724,0
L196V,1.030263851,0.241804899,1
L196W,-4.048668839,0.006883325,0
L196Y,-2.727404645,0.017618594,0
D197A,-5.629540845,0.002115211,0
D197C,-4.850764818,0.003828697,0
D197E,-4.463422738,0.005093796,0
D197F,-4.588241942,0.004648492,0
D197G,-3.207106495,0.012555823,0
D197H,-4.457890111,0.00511444,0
D197I,-4.503926757,0.004945051,0
D197K,-4.856715116,0.00381179,0
D197L,-1.354889735,0.046061747,0
D197M,-2.908529921,0.015506941,0
D197N,-3.722421564,0.008700753,0
D197P,-6.604816265,0.000938791,0
D197Q,-5.006745316,0.003407748,0
D197R,-5.723188366,0.001964735,0
D197S,-5.491768707,0.002355124,0
D197T,-5.640827135,0.002096554,0
D197V,-4.942087475,0.003576738,0
D197W,-3.828247006,0.008065642,0
D197Y,-5.314311124,0.002699904,0
F198A,-6.291740603,0.001233931,0
F198C,-5.171649012,0.003009534,0
F198D,-5.231257208,0.002876429,0
F198E,-5.433581842,0.002463536,0
F198G,-6.501936138,0.001028806,0
F198H,-5.872974382,0.001743466,0
F198I,-3.931874136,0.007487275,0
F198K,-5.208378161,0.002926868,0
F198L,-0.748309233,0.070281556,0
F198M,-4.424599238,0.005240344,0
F198N,-5.438904857,0.002453435,0
F198P,-6.006505711,0.001564673,0
F198Q,-5.264473852,0.002804608,0
F198R,-6.881476208,0.000726284,0
F198S,-4.747415528,0.004133754,0
F198T,-4.466096038,0.00508385,0
F198V,-5.416394195,0.002496405,0
F198W,-4.781060382,0.004032036,0
F198Y,-4.52698954,0.004862203,0
S199A,-0.301694341,0.095883667,0
S199C,-4.968310397,0.003507287,0
S199D,-1.335394329,0.046692208,0
S199E,-0.877610561,0.064232689,0
S199F,-1.08683362,0.055523798,0
S199G,-3.982753657,0.007218155,0
S199H,-5.256488311,0.002821723,0
S199I,-3.479453548,0.010347865,0
S199K,-5.197335173,0.002951502,0
S199L,-3.653374218,0.009140975,0
S199M,-1.224692313,0.050438328,0
S199N,-5.052866935,0.00329175,0
S199P,-4.599996401,0.004608508,0
S199Q,-3.322707308,0.011567513,0
S199R,-4.547070388,0.004791139,0
S199T,-0.553988917,0.080455331,0
S199V,-4.243603718,0.005978093,0
S199W,-4.849066486,0.003833536,0
S199Y,-4.80582612,0.003958663,0
D200A,-2.719780246,0.017713431,0
D200C,-5.625040245,0.002122692,0
D200E,-0.772603087,0.06910332,0
D200F,-5.70212729,0.00199773,0
D200G,-2.351157716,0.022951382,0
D200H,-4.918206245,0.003641094,0
D200I,-6.00998391,0.001560234,0
D200K,-5.564085474,0.002226339,0
D200L,-7.344533482,0.000450277,0
D200M,-3.463356474,0.0104671,0
D200N,-1.471155616,0.042473695,0
D200P,-7.517107531,0.000368055,0
D200Q,-5.941400222,0.00164978,0
D200R,-6.640254851,0.000909241,0
D200S,-2.57628783,0.019595005,0
D200T,-6.84238812,0.000753894,0
D200V,-6.278667757,0.001247702,0
D200W,-4.90378296,0.003680482,0
D200Y,-3.84009756,0.007997378,0
L201A,-3.192872543,0.012683081,0
L201C,-5.123566384,0.003120982,0
L201D,-5.404017843,0.002520316,0
L201E,-5.31095619,0.00270684,0
L201F,-1.17989456,0.05203788,0
L201G,-6.355902024,0.001168119,0
L201H,-4.235494871,0.006013361,0
L201I,0.777784064,0.202938877,1
L201K,-5.597449681,0.002169065,0
L201M,-1.871916037,0.032104407,0
L201N,-4.077230981,0.006742921,0
L201P,-4.943349157,0.003573367,0
L201Q,-1.559759292,0.039927024,0
L201R,-4.924362732,0.003624401,0
L201S,-4.720516353,0.004216803,0
L201T,-3.102897004,0.01351722,0
L201V,1.25385858,0.282387687,1
L201W,-4.795261948,0.003989807,0
L201Y,-0.421536405,0.088218385,0
Y202A,-4.602852523,0.004598842,0
Y202C,-3.023779508,0.014294936,0
Y202D,-4.586374649,0.004654874,0
Y202E,-4.567476683,0.004719928,0
Y202F,-3.356262012,0.011295162,0
Y202G,-5.488790936,0.002360567,0
Y202H,-2.727208663,0.017621026,0
Y202I,-3.479716583,0.010345927,0
Y202K,-4.475397315,0.005049386,0
Y202L,-4.700871309,0.004278441,0
Y202M,-3.156961209,0.013009781,0
Y202N,-3.97637858,0.007251357,0
Y202P,-5.853190573,0.001771391,0
Y202Q,-4.800152361,0.003975361,0
Y202R,-6.009466845,0.001560893,0
Y202S,-6.01707829,0.001551211,0
Y202T,-2.554162977,0.019902137,0
Y202V,-0.970808241,0.060197007,0
Y202W,-4.13545063,0.006465194,0
Y203A,-2.554683874,0.019894852,0
Y203C,-3.3441422,0.011392804,0
Y203D,-3.37551304,0.011141744,0
Y203E,-3.885982751,0.007738288,0
Y203F,-3.942758368,0.007428904,0
Y203G,-5.585033472,0.002190224,0
Y203H,-3.680719461,0.008964107,0
Y203I,-3.240004108,0.012266463,0
Y203K,-4.685871885,0.004326071,0
Y203L,-4.286237334,0.005795893,0
Y203M,-3.950100846,0.007389775,0
Y203N,-3.699832976,0.008842458,0
Y203P,-6.050935837,0.001508759,0
Y203Q,-4.303765041,0.005722533,0
Y203R,-5.927945904,0.001667852,0
Y203S,-4.901038916,0.00368802,0
Y203T,-4.150417106,0.006395591,0
Y203V,-5.120112846,0.003129131,0
Y203W,-4.475439148,0.005049231,0
L204A,-3.8739486,0.007805444,0
L204C,-4.940344263,0.003581399,0
L204D,-4.864682552,0.003789261,0
L204E,-4.800827375,0.003973371,0
L204F,-4.00163723,0.007120663,0
L204G,-5.654181335,0.002074666,0
L204H,-5.21258993,0.002917523,0
L204I,-5.206796755,0.002930384,0
L204K,-4.700407227,0.004279907,0
L204M,-5.44092608,0.00244961,0
L204N,-4.499849518,0.004959836,0
L204P,-4.425748362,0.005235949,0
L204Q,-4.501766548,0.004952879,0
L204R,-5.212905228,0.002916824,0
L204S,-6.249351901,0.001279043,0
L204T,-5.617839485,0.002134709,0
L204V,-4.852041764,0.003825063,0
L204W,-4.301287588,0.005732848,0
L204Y,-4.605247688,0.00459075,0
T205A,-1.407030742,0.044416831,0
T205C,-3.641628655,0.00921798,0
T205D,-3.413412588,0.010845628,0
T205E,-2.222646522,0.025115642,0
T205F,-3.901376543,0.007653197,0
T205G,-0.812499664,0.067210894,0
T205H,-0.081784276,0.111717908,0
T205I,-0.403504947,0.089331406,0
T205K,-2.306097857,0.023688389,0
T205L,-5.769846104,0.001893331,0
T205M,-1.233664778,0.050123884,0
T205N,-3.990387383,0.00717859,0
T205P,-5.836029852,0.001795926,0
T205Q,-1.727736109,0.03550798,0
T205R,-2.846786801,0.016197199,0
T205S,0.726458848,0.195836301,1
T205V,-0.449041476,0.086547158,0
T205W,-3.365088198,0.011224569,0
T205Y,-4.386613478,0.005387597,0
M206A,-5.469482492,0.002396131,0
M206C,-5.270166224,0.002792465,0
M206D,-4.581596791,0.004671241,0
M206E,-4.974031038,0.003492303,0
M206F,-5.163821411,0.003027425,0
M206G,-6.196711958,0.001336942,0
M206H,-4.921655554,0.003631733,0
M206I,-1.768835016,0.034502879,0
M206K,-3.656581494,0.009120056,0
M206L,-2.566055342,0.019736465,0
M206N,-4.983392742,0.00346791,0
M206P,-4.999697693,0.003425802,0
M206Q,-4.853180241,0.003821826,0
M206R,-5.641277047,0.002095813,0
M206S,-5.38785785,0.002551849,0
M206T,-3.441269661,0.010632882,0
M206V,-0.418884388,0.088381214,0
M206W,-4.828220721,0.00389339,0
M206Y,-5.445129057,0.002441672,0
N207A,-2.208966893,0.025357579,0
N207C,-3.967640394,0.007297106,0
N207D,-1.464974684,0.042657253,0
N207E,-1.596882759,0.038905638,0
N207F,-4.885031283,0.003732282,0
N207G,-1.49986079,0.041631455,0
N207H,-1.140341884,0.053492033,0
N207I,-2.3572232,0.02285392,0
N207K,-2.311691271,0.023595646,0
N207L,-3.051682076,0.014015776,0
N207M,-2.426285177,0.021772631,0
N207P,-4.682407269,0.004337143,0
N207Q,-4.872450131,0.003767416,0
N207R,-5.212460275,0.00291781,0
N207S,-1.223460735,0.050481642,0
N207T,-1.528942623,0.040795082,0
N207V,0.086541745,0.125577955,1
N207W,-4.332372591,0.005604699,0
N207Y,-3.48431332,0.010312128,0
N208A,0.251192213,0.140793367,1
N208C,-5.480016385,0.00237667,0
N208D,-3.504838135,0.010162518,0
N208E,-4.20818554,0.006133607,0
N208F,-5.106682033,0.003161007,0
N208G,-3.102427385,0.013521711,0
N208H,-3.922799286,0.007536281,0
N208I,-5.332366792,0.002662855,0
N208K,-1.824373432,0.03318935,0
N208L,-2.348647788,0.022991832,0
N208M,-2.749110837,0.01735133,0
N208P,-3.926593047,0.007515756,0
N208Q,-0.674644631,0.073977975,0
N208R,-2.120259909,0.026983367,0
N208S,0.442160686,0.160759308,1
N208T,1.205463651,0.273062959,1
N208V,-2.916776206,0.015416968,0
N208W,-4.209039363,0.006129812,0
N208Y,-5.063297895,0.003266026,0
K209A,-6.192087061,0.00134213,0
K209C,-5.168622258,0.00301644,0
K209D,-5.418927684,0.002491535,0
K209E,-4.399807896,0.005336008,0
K209F,-5.126652777,0.003113716,0
K209G,-5.983867067,0.001593832,0
K209H,-5.899757835,0.001706265,0
K209I,-5.977713883,0.001601837,0
K209L,-7.400419755,0.000422566,0
K209M,-5.169756082,0.003013851,0
K209N,-5.246918403,0.00284236,0
K209P,-6.823999924,0.000767143,0
K209Q,-4.591413544,0.004637671,0
K209R,-3.568953594,0.009708641,0
K209S,-5.376299883,0.002574619,0
K209T,-5.054692958,0.003287233,0
K209V,-5.592317425,0.002177789,0
K209W,-4.976505126,0.003485841,0
K209Y,-5.665488228,0.002056292,0
H210A,-5.795318621,0.001855313,0
H210C,-5.502089592,0.002336347,0
H210D,-4.883133779,0.003737561,0
H210E,-4.540538763,0.004814145,0
H210F,-4.345189138,0.005552661,0
H210G,-5.823535377,0.001813974,0
H210I,-5.36830062,0.002590485,0
H210K,-5.484448457,0.002368524,0
H210L,-4.839983607,0.003859509,0
H210M,-3.649447599,0.009166648,0
H210N,-3.190206624,0.012707056,0
H210P,-5.930125514,0.001664913,0
H210Q,-0.363569414,0.091846582,0
H210R,-3.464062737,0.01046184,0
H210S,-5.706763102,0.001990426,0
H210T,-5.717960865,0.00197288,0
H210V,-1.775750711,0.034336547,0
H210W,-2.985657532,0.014685173,0
H210Y,-0.963222151,0.060515844,0
W211A,-5.650729594,0.002080304,0
W211C,-4.928726034,0.003612613,0
W211D,-4.814862388,0.003932203,0
W211E,-4.852229161,0.00382453,0
W211F,-3.348615374,0.011356671,0
W211G,-5.354163255,0.002618742,0
W211H,-5.034739362,0.0033369,0
W211I,-5.032886791,0.003341546,0
W211K,-5.0703478,0.003248744,0
W211L,-5.591898501,0.002178503,0
W211M,-4.209757673,0.006126622,0
W211N,-4.807783068,0.003952918,0
W211P,-5.634753167,0.002106577,0
W211Q,-4.742495707,0.004148828,0
W211R,-4.620781751,0.004538597,0
W211S,-6.035972439,0.001527398,0
W211T,-5.419066352,0.002491269,0
W211V,-5.559294563,0.002234673,0
W211Y,-3.522368817,0.010036407,0
L212A,-5.315486105,0.002697479,0
L212C,-5.122421917,0.003123681,0
L212D,-4.874903901,0.003760539,0
L212E,-5.098271509,0.00318112,0
L212F,-5.652655209,0.002077157,0
L212G,-6.080758481,0.001472183,0
L212H,-5.341203043,0.002644891,0
L212I,-3.673829443,0.009008356,0
L212K,-5.187363428,0.002973908,0
L212M,-3.3526353,0.011324294,0
L212N,-5.275720998,0.002780661,0
L212P,-6.593140639,0.000948687,0
L212Q,-5.304719234,0.002719776,0
L212R,-6.438839192,0.001087273,0
L212S,-4.116211674,0.006555733,0
L212T,-5.866409349,0.00175269,0
L212V,-3.755580114,0.008496718,0
L212W,-3.702184834,0.0088276,0
L212Y,-5.411092002,0.002506624,0
V213A,-4.223142444,0.006067468,0
V213C,-5.154303629,0.00304931,0
V213D,-4.79416099,0.003993066,0
V213E,-5.114953592,0.003141341,0
V213F,-5.153007644,0.003052301,0
V213G,-5.00850157,0.003403263,0
V213H,-5.034637111,0.003337156,0
V213I,-3.956207512,0.007357383,0
V213K,-4.652965973,0.004432313,0
V213L,-5.225804151,0.002888378,0
V213M,-3.892789585,0.00770055,0
V213N,-4.789197519,0.004007789,0
V213P,-5.977250045,0.001602442,0
V213Q,-5.25150408,0.002832454,0
V213R,-6.588277365,0.000952832,0
V213S,-6.183225769,0.001352118,0
V213T,-5.81622459,0.001824607,0
V213W,-5.176339476,0.002998859,0
V213Y,-4.993143748,0.003442671,0
H214A,-4.980480147,0.003475483,0
H214C,-5.212733686,0.002917204,0
H214D,-4.541556016,0.004810555,0
H214E,-4.94233297,0.003576082,0
H214F,-4.758899759,0.004098767,0
H214G,-6.127169955,0.001416743,0
H214I,-5.442892112,0.002445894,0
H214K,-4.990920494,0.00344841,0
H214L,-5.445208405,0.002441523,0
H214M,-3.916816715,0.007568757,0
H214N,-3.965422621,0.007308761,0
H214P,-6.550972201,0.000985101,0
H214Q,-4.816041018,0.003928764,0
H214R,-4.593723441,0.004629806,0
H214S,-6.62335208,0.000923245,0
H214T,-6.001196485,0.001571471,0
H214V,-6.058687517,0.001499179,0
H214W,-4.540560965,0.004814067,0
H214Y,-3.440598597,0.010637959,0
K215A,-3.176857434,0.012827773,0
K215C,-4.030691859,0.006973131,0
K215D,-4.149593593,0.006399402,0
K215E,-2.861156065,0.01603391,0
K215F,-4.977286694,0.003483802,0
K215G,-5.471963529,0.002391535,0
K215H,-2.107519022,0.027225195,0
K215I,-3.578889777,0.00964009,0
K215L,-6.072656566,0.001482045,0
K215M,-3.21982862,0.012443139,0
K215N,-2.565750267,0.019740698,0
K215P,-0.629239232,0.076352203,0
K215Q,-0.004818842,0.117855008,0
K215R,-1.357017977,0.045993436,0
K215S,-4.120386737,0.006535982,0
K215T,-3.203014291,0.012592281,0
K215V,-5.072458909,0.003243586,0
K215W,-2.670374153,0.018340266,0
K215Y,-0.930481622,0.061911297,0
E216A,-5.943397277,0.001647112,0
E216C,-4.881484714,0.003742155,0
E216D,-3.139163871,0.013174729,0
E216F,-5.401341679,0.002525514,0
E216G,-5.103879122,0.003167697,0
E216H,-5.670494843,0.002048201,0
E216I,-5.661505705,0.002062747,0
E216K,-3.61358666,0.009404381,0
E216L,-6.661271668,0.000892057,0
E216M,-4.761796895,0.004089985,0
E216N,-5.302651682,0.002724076,0
E216P,-5.903463665,0.001701172,0
E216Q,-5.153151563,0.003051969,0
E216R,-6.500982897,0.00102967,0
E216S,-6.057925426,0.001500119,0
E216T,-6.086630874,0.001465069,0
E216V,-4.061270371,0.006821036,0
E216W,-4.710544661,0.004247985,0
E216Y,-5.587564698,0.002185896,0
W217A,-5.949536879,0.001638933,0
W217C,-3.959534351,0.007339794,0
W217D,-4.874752768,0.003760962,0
W217E,-5.368130176,0.002590824,0
W217F,-4.995504898,0.003436585,0
W217G,-6.054880042,0.001503878,0
W217H,-5.168741482,0.003016168,0
W217I,-5.181872061,0.002986313,0
W217K,-5.128167846,0.003110155,0
W217L,-6.859519913,0.000741701,0
W217M,-4.474320266,0.005053365,0
W217N,-4.661373539,0.004404937,0
W217P,-6.322484045,0.001202031,0
W217Q,-5.379865262,0.002567575,0
W217R,-4.318775858,0.005660413,0
W217S,-5.67374208,0.002042969,0
W217T,-5.982899743,0.001595089,0
W217V,-5.9816044,0.001596772,0
W217Y,-5.33550188,0.002656469,0
F218A,-5.923150231,0.001674335,0
F218C,-5.204804418,0.002934819,0
F218D,-4.893329507,0.003709275,0
F218E,-5.220347664,0.00290038,0
F218G,-6.994273478,0.000650679,0
F218H,-5.012572283,0.003392887,0
F218I,-4.236489341,0.006009025,0
F218K,-4.937550951,0.003588881,0
F218L,-3.935236444,0.007469196,0
F218M,-4.543679715,0.004803069,0
F218N,-4.863620542,0.003792256,0
F218P,-5.738028214,0.001941774,0
F218Q,-5.27672008,0.002778543,0
F218R,-6.401339059,0.001123253,0
F218S,-5.25548287,0.002823885,0
F218T,-5.979741898,0.001599195,0
F218V,-4.698431465,0.004286155,0
F218W,-4.9807005,0.003474909,0
F218Y,-4.292440352,0.005769829,0
H219A,-2.378987676,0.022507556,0
H219C,-4.697701023,0.004288466,0
H219D,-4.927225693,0.003616663,0
H219E,-5.086307123,0.003209935,0
H219F,-0.542650205,0.081092354,0
H219G,-5.93073395,0.001664093,0
H219I,-2.386744268,0.022385374,0
H219K,-4.851535667,0.003826503,0
H219L,0.364376054,0.152306649,1
H219M,-3.245975941,0.01221464,0
H219N,-2.795408368,0.016794536,0
H219P,-6.415904623,0.001109166,0
H219Q,-1.009587095,0.058593097,0
H219R,-3.130757163,0.013253354,0
H219S,-4.035091794,0.006951047,0
H219T,-3.896182243,0.007681808,0
H219V,-2.850173809,0.016158563,0
H219W,-1.740901366,0.035182892,0
H219Y,-2.692802183,0.018053051,0
D220A,-5.422749398,0.002484206,0
D220C,-5.04163187,0.003319666,0
D220E,-3.993839304,0.007160768,0
D220F,-5.085568595,0.003211721,0
D220G,-3.951120357,0.007384357,0
D220H,-5.086056439,0.003210541,0
D220I,-5.216728442,0.002908366,0
D220K,-4.925953939,0.003620098,0
D220L,-6.158442792,0.00138038,0
D220M,-4.358120715,0.005500623,0
D220N,-3.360381757,0.011262158,0
D220P,-6.231483298,0.00129846,0
D220Q,-4.690401019,0.004311636,0
D220R,-6.242425048,0.001286541,0
D220S,-6.539964907,0.000994782,0
D220T,-6.001098798,0.001571596,0
D220V,-5.488101808,0.002361828,0
D220W,-4.064822909,0.006803574,0
D220Y,-5.09549377,0.003187789,0
I221A,-5.988709211,0.001587557,0
I221C,-5.384447117,0.002558549,0
I221D,-5.689389839,0.002017921,0
I221E,-5.419011657,0.002491374,0
I221F,-4.053669433,0.006858542,0
I221G,-6.588899687,0.000952301,0
I221H,-5.122484069,0.003123534,0
I221K,-4.654695664,0.004426668,0
I221L,-2.425971902,0.02177742,0
I221M,-0.763150834,0.069559392,0
I221N,-4.601424123,0.004603674,0
I221P,-6.497412753,0.001032913,0
I221Q,-4.721422978,0.004213978,0
I221R,-7.042293128,0.000620244,0
I221S,-6.039419849,0.001523087,0
I221T,-3.215362426,0.012482584,0
I221V,-2.610248146,0.019132644,0
I221W,-4.794513733,0.003992021,0
I221Y,-5.580248736,0.002198427,0
P222A,-3.227700929,0.012373908,0
P222C,-4.317408132,0.005666046,0
P222D,-4.181940778,0.006251329,0
P222E,-4.416621833,0.005270947,0
P222F,-4.394732314,0.005355797,0
P222G,-5.316568126,0.002695247,0
P222H,-4.436737392,0.005194101,0
P222I,-4.362064102,0.005484847,0
P222K,-4.664722615,0.004394076,0
P222L,-3.901189991,0.007654223,0
P222M,-3.371965045,0.011169866,0
P222N,-4.46038808,0.005105109,0
P222Q,-5.929995725,0.001665088,0
P222R,-6.077499122,0.001476144,0
P222S,-3.888352643,0.007725129,0
P222T,-3.64325823,0.009207259,0
P222V,-4.163394733,0.006335819,0
P222W,-4.011995609,0.007067725,0
P222Y,-4.511546536,0.004917532,0
L223A,-4.703160039,0.004271216,0
L223C,-4.185543687,0.006235041,0
L223D,-4.203184274,0.006155875,0
L223E,-4.419976042,0.005258059,0
L223F,-5.827167738,0.001808711,0
L223G,-5.38236654,0.002562644,0
L223H,-4.489194649,0.00499867,0
L223I,-4.006203822,0.007097278,0
L223K,-4.499904324,0.004959637,0
L223M,-3.407225878,0.010893436,0
L223N,-4.281908436,0.005814148,0
L223P,-4.999957026,0.003425136,0
L223Q,-4.694831316,0.004297561,0
L223R,-5.002900035,0.003417588,0
L223S,-3.031181208,0.014220356,0
L223T,-4.680967872,0.004341751,0
L223V,-3.501679425,0.010185404,0
L223W,-3.780046881,0.008349145,0
L223Y,-4.608613476,0.004579402,0
P224A,-5.500584815,0.002339076,0
P224C,-5.075231837,0.003236822,0
P224D,-5.08350497,0.003216718,0
P224E,-4.733031699,0.00417797,0
P224F,-4.888205728,0.003723465,0
P224G,-5.791925724,0.001860338,0
P224H,-5.812142889,0.001830567,0
P224I,-5.158879508,0.00303877,0
P224K,-4.612923481,0.00456491,0
P224L,-4.725143551,0.004202406,0
P224M,-4.115686971,0.006558219,0
P224N,-5.135382671,0.003093249,0
P224Q,-5.038945148,0.003326374,0
P224R,-6.354294156,0.001169733,0
P224S,-3.66539174,0.009062833,0
P224T,-5.675561403,0.002040043,0
P224V,-5.736051087,0.001944819,0
P224W,-4.372657872,0.005442677,0
P224Y,-4.575450615,0.004692375,0
W225A,-5.17953888,0.002991598,0
W225C,-5.245143316,0.002846203,0
W225D,-5.115716762,0.003139532,0
W225E,-5.63450299,0.00210699,0
W225F,-2.840469747,0.0162695,0
W225G,-6.660292335,0.000892852,0
W225H,-5.283483739,0.002764242,0
W225I,-5.537073404,0.00227369,0
W225K,-5.436718271,0.00245758,0
W225L,-5.791296463,0.001861271,0
W225M,-5.101024526,0.003174524,0
W225N,-4.578425604,0.004682134,0
W225P,-5.723937558,0.00196357,0
W225Q,-4.783096881,0.004025955,0
W225R,-5.320422805,0.002687311,0
W225S,-6.346129888,0.001177955,0
W225T,-5.991059881,0.001584518,0
W225V,-6.085631687,0.001466277,0
W225Y,-1.728513416,0.035488703,0
H226A,-1.519041347,0.041077945,0
H226C,0.535515161,0.171524378,1
H226D,-2.887403773,0.015739804,0
H226E,-4.253559989,0.005935061,0
H226F,-3.984742305,0.007207828,0
H226G,-5.995015877,0.001579415,0
H226I,1.457453498,0.325229856,1
H226K,-5.004938076,0.003412369,0
H226L,-3.189836336,0.012710389,0
H226M,-3.586154967,0.009590264,0
H226N,-3.136510521,0.013199495,0
H226P,-6.193111961,0.001340979,0
H226Q,-1.903498429,0.031403197,0
H226R,-3.729694581,0.008655597,0
H226S,-3.131571594,0.013245717,0
H226T,-2.24728509,0.024685631,0
H226V,-0.660884716,0.0746896,0
H226W,-4.386723094,0.005387166,0
H226Y,-2.293640696,0.023896235,0
A227C,-4.987867801,0.003456306,0
A227D,-3.476643993,0.01036858,0
A227E,-5.274518333,0.002783213,0
A227F,-2.155853732,0.026318985,0
A227G,-2.296282773,0.023852002,0
A227H,-4.466509992,0.005082311,0
A227I,-4.433649775,0.005205827,0
A227K,-4.500585959,0.004957162,0
A227L,-3.540628458,0.009906671,0
A227M,-0.38743753,0.090334983,0
A227N,-4.306208243,0.005712378,0
A227P,-1.135116328,0.053687149,0
A227Q,-3.16669796,0.012920397,0
A227R,-2.750335504,0.01733637,0
A227S,-0.374116866,0.091175513,0
A227T,0.3420608,0.149964651,1
A227V,-2.844052031,0.016228461,0
A227W,-4.589931099,0.004642726,0
A227Y,-4.408154152,0.005303618,0
G228A,-4.326814045,0.005627412,0
G228C,-4.997380986,0.003431756,0
G228D,-4.692496771,0.004304973,0
G228E,-2.891224254,0.01569744,0
G228F,-0.916743963,0.062506315,0
G228H,-3.97477668,0.007259723,0
G228I,-4.770617325,0.004063355,0
G228K,-4.448417107,0.005149971,0
G228L,-3.137639883,0.013188948,0
G228M,-4.46254787,0.005097055,0
G228N,-2.813919844,0.016576862,0
G228P,-1.957911045,0.030230526,0
G228Q,-4.912348351,0.003657043,0
G228R,-3.995555669,0.007151922,0
G228S,-5.620639738,0.002130029,0
G228T,-5.115078475,0.003141045,0
G228V,-7.775965952,0.000261774,0
G228W,-7.144169962,0.000558932,0
G228Y,-4.354435307,0.005515406,0
A229C,-5.394457875,0.002538928,0
A229D,-1.135284484,0.05368086,0
A229E,-3.281464439,0.011911061,0
A229F,-5.262056473,0.002809779,0
A229G,-0.754833004,0.069963206,0
A229H,-5.076779562,0.003233052,0
A229I,-1.965021698,0.030080522,0
A229K,-2.997328161,0.014564609,0
A229L,-1.702182492,0.036147501,0
A229M,-3.602731207,0.009477518,0
A229N,-5.013577906,0.003390329,0
A229P,-0.908443768,0.062868577,0
A229Q,-2.060334025,0.028139624,0
A229R,-3.367083891,0.011208667,0
A229S,-1.969954741,0.029976891,0
A229T,-1.958964201,0.030208262,0
A229V,-2.033812254,0.02866689,0
A229W,-4.220028905,0.00608118,0
A229Y,-3.634150419,0.009267335,0
D230A,-3.827518075,0.008069859,0
D230C,-5.626172566,0.002120807,0
D230E,-0.828238536,0.066478624,0
D230F,-1.213045998,0.050849406,0
D230G,-1.698019197,0.036252771,0
D230H,-3.169847231,0.012891615,0
D230I,-1.538846462,0.040514082,0
D230K,-3.984605405,0.007208538,0
D230L,-1.397814261,0.044703279,0
D230M,-3.044065653,0.014091442,0
D230N,-1.406814657,0.044423526,0
D230P,-1.889974735,0.03170158,0
D230Q,-4.988315408,0.003455147,0
D230R,-0.682957633,0.073551327,0
D230S,-1.013957285,0.058415032,0
D230T,-2.820737051,0.016497401,0
D230V,-1.137691875,0.053590893,0
D230W,-1.857740052,0.032424177,0
D230Y,-3.924714742,0.007525911,0
T231A,-2.777118846,0.017012361,0
T231C,-5.473573787,0.002388555,0
T231D,-2.052192465,0.028300453,0
T231E,-2.498020263,0.020702971,0
T231F,-4.17355492,0.006289398,0
T231G,-2.273376571,0.024238197,0
T231H,-4.349925596,0.005533547,0
T231I,-2.838020554,0.016297618,0
T231K,-4.260648289,0.005904604,0
T231L,0.70163001,0.192490027,1
T231M,-4.087417509,0.006693515,0
T231N,-0.669602045,0.074237977,0
T231P,-3.05678073,0.013965345,0
T231Q,-3.108330936,0.013465354,0
T231R,-2.973593704,0.014810829,0
T231S,-0.531712032,0.081711637,0
T231V,-2.112676634,0.027127044,0
T231W,-4.680020156,0.004344787,0
T231Y,-4.182173089,0.006250278,0
G232A,-1.695519966,0.036316111,0
G232C,-5.811020869,0.001832209,0
G232D,-2.096286973,0.027440164,0
G232E,-1.421177113,0.043980707,0
G232F,-2.476281102,0.021021531,0
G232H,-3.236057665,0.012300828,0
G232I,-3.984617975,0.007208473,0
G232K,-2.733505453,0.01754307,0
G232L,-0.066107492,0.112941538,0
G232M,-2.365122229,0.022727609,0
G232N,-0.739798034,0.07069906,0
G232P,-3.169622709,0.012893665,0
G232Q,-1.984171216,0.02968021,0
G232R,0.297964194,0.14544186,1
G232S,-1.646184739,0.037589183,0
G232T,1.098949004,0.253609013,1
G232V,0.380359441,0.15400652,1
G232W,-5.394408946,0.002539023,0
G232Y,-3.268000087,0.012025361,0
T233A,-0.879134508,0.06416458,0
T233C,-4.119041411,0.00654234,0
T233D,-4.172879878,0.006292472,0
T233E,-4.388863447,0.005378766,0
T233F,-3.040913534,0.014122874,0
T233G,-0.991133183,0.059350983,0
T233H,-1.083130629,0.055667213,0
T233I,-2.382658116,0.022449657,0
T233K,-0.961474427,0.060589537,0
T233L,-0.851076483,0.065430168,0
T233M,-2.565597079,0.019742823,0
T233N,1.263564444,0.284295764,1
T233P,-1.413406281,0.044219747,0
T233Q,-4.448532647,0.005149536,0
T233R,-2.785015557,0.016917974,0
T233S,-2.92611424,0.015315701,0
T233V,-1.631779555,0.037969187,0
T233W,-3.038552301,0.014146464,0
T233Y,-0.208216695,0.102320697,0
P234A,-1.637594644,0.03781533,0
P234C,-4.463222613,0.005094541,0
P234D,-2.219076332,0.025178563,0
P234E,-3.617569231,0.009377687,0
P234F,-1.368156026,0.045637574,0
P234G,-1.043094245,0.057241526,0
P234H,0.84113106,0.212060729,1
P234I,-3.265264834,0.012048711,0
P234K,-1.27420505,0.048727258,0
P234L,0.527908388,0.170620909,1
P234M,-3.05862848,0.013947113,0
P234N,-2.324492401,0.023384742,0
P234Q,-1.023202238,0.058040117,0
P234R,-2.291236192,0.023936561,0
P234S,-0.612809431,0.077229888,0
P234T,-1.909703829,0.031267217,0
P234V,0.198188522,0.135704512,1
P234W,-1.72524404,0.03556985,0
P234Y,-3.062664809,0.013907368,0
H235A,-6.093282637,0.001457046,0
H235C,-4.761594012,0.004090599,0
H235D,-4.57562377,0.004691778,0
H235E,-4.889033648,0.003721169,0
H235F,-3.512897232,0.010104352,0
H235G,-1.198584073,0.051364508,0
H235I,-4.583331231,0.004665293,0
H235K,-4.326981805,0.005626726,0
H235L,-2.195825383,0.02559217,0
H235M,0.132572908,0.129658343,1
H235N,0.289623918,0.144601872,1
H235P,-5.328713596,0.002670313,0
H235Q,-2.217759488,0.025201811,0
H235R,-0.808154629,0.067414463,0
H235S,-4.516484863,0.004899775,0
H235T,-3.539206534,0.009916715,0
H235V,-1.075503439,0.05596377,0
H235W,-3.592821514,0.009544765,0
H235Y,-2.692476012,0.018057196,0
W236A,-7.072030308,0.000601898,0
W236C,-5.793730327,0.001857664,0
W236D,-6.125020874,0.001419271,0
W236E,-6.186835601,0.001348042,0
W236F,-4.70391417,0.004268838,0
W236G,-6.824837691,0.000766536,0
W236H,-6.038966294,0.001523654,0
W236I,-6.387116499,0.001137145,0
W236K,-6.034356248,0.001529423,0
W236L,-7.449975311,0.000398877,0
W236M,-5.057766749,0.003279643,0
W236N,-5.887612291,0.001723049,0
W236P,-7.021769591,0.000633128,0
W236Q,-5.825874021,0.001810584,0
W236R,-4.830025727,0.003888173,0
W236S,-6.027656017,0.001537841,0
W236T,-6.888680957,0.000721276,0
W236V,-7.303569695,0.000471281,0
W236Y,-5.822201892,0.00181591,0
N237A,-4.620851228,0.004538365,0
N237C,-3.964929421,0.007311356,0
N237D,-2.173525523,0.02599517,0
N237E,-2.390878017,0.022320527,0
N237F,-3.323442009,0.011561482,0
N237G,-4.942974899,0.003574367,0
N237H,0.638697077,0.184261865,1
N237I,-1.635718653,0.037864898,0
N237K,0.900979195,0.221054597,1
N237L,-4.242699302,0.005982017,0
N237M,-0.94341991,0.061356059,0
N237P,-5.69247766,0.00201301,0
N237Q,0.570668104,0.175761985,1
N237R,-0.599127586,0.077968443,0
N237S,-2.497506713,0.020710442,0
N237T,-3.904722055,0.007634824,0
N237V,-4.607573439,0.004582906,0
N237W,0.40384311,0.156538475,1
N237Y,-0.517877335,0.082501667,0
N238A,-5.557691686,0.002237467,0
N238C,-3.809867649,0.00817263,0
N238D,-1.784605354,0.034124743,0
N238E,-4.86026022,0.00380175,0
N238F,-4.703742668,0.004269379,0
N238G,-2.837110358,0.016308079,0
N238H,-3.541124198,0.009903172,0
N238I,-4.696310848,0.00429287,0
N238K,-2.885319751,0.01576296,0
N238L,-1.745677049,0.035065699,0
N238M,-4.180181038,0.006259299,0
N238P,-5.8451076,0.001782911,0
N238Q,-3.581583476,0.009621587,0
N238R,-4.320454063,0.005653508,0
N238S,-3.691419452,0.008895808,0
N238T,-5.498266252,0.002343287,0
N238V,-4.864212979,0.003790585,0
N238W,-4.697385263,0.004289466,0
N238Y,-4.135814324,0.006463494,0
K239A,-4.988772484,0.003453964,0
K239C,-4.940583896,0.003580758,0
K239D,-4.915281954,0.003649048,0
K239E,-3.52426337,0.010022869,0
K239F,-4.74170806,0.004151246,0
K239G,-6.020388783,0.001547017,0
K239H,-4.459081403,0.005109988,0
K239I,-3.477452815,0.010362612,0
K239L,-5.749264446,0.001924544,0
K239M,-3.727645077,0.008668299,0
K239N,-3.948781932,0.007396789,0
K239P,-4.043246766,0.006910293,0
K239Q,-3.187575009,0.012730765,0
K239R,-0.433042408,0.087515394,0
K239S,-6.319517766,0.001205079,0
K239T,-4.814557899,0.003933092,0
K239V,-5.442842944,0.002445987,0
K239W,-4.624044152,0.004527715,0
K239Y,-4.944212776,0.003571062,0
E240A,-2.283150242,0.024072665,0
E240C,-4.243914983,0.005976744,0
E240D,-2.266198429,0.024360487,0
E240F,-3.912625846,0.007591587,0
E240G,0.568119762,0.175451305,1
E240H,-0.539394272,0.081276204,0
E240I,-2.884422723,0.015772938,0
E240K,-1.044959631,0.0571672,0
E240L,-0.99376108,0.059242465,0
E240M,0.744534838,0.198308951,1
E240N,0.078017811,0.124836541,1
E240P,-5.129417327,0.003107221,0
E240Q,-3.932858551,0.007481978,0
E240R,-5.288185367,0.002754341,0
E240S,-5.842270563,0.00178697,0
E240T,-5.442269882,0.002447069,0
E240V,-0.440277812,0.087076189,0
E240W,-3.889522922,0.007718639,0
E240Y,-0.342644754,0.093192496,0
A241C,-3.921028374,0.00754588,0
A241D,-3.800929771,0.008225152,0
A241E,-4.264678132,0.005887356,0
A241F,-0.909979073,0.062801411,0
A241G,-5.08764491,0.003206701,0
A241H,-1.861932305,0.032329284,0
A241I,-2.319194844,0.023471794,0
A241K,-0.55298138,0.080511733,0
A241L,0.089309032,0.125819598,1
A241M,-2.778874026,0.016991337,0
A241N,-2.723520288,0.017666847,0
A241P,-5.202890775,0.002939085,0
A241Q,-4.452074277,0.005136226,0
A241R,-2.535549008,0.020164206,0
A241S,-0.71832488,0.071763403,0
A241T,-1.399990917,0.044635463,0
A241V,-2.894692053,0.015659083,0
A241W,-1.502567954,0.041552885,0
A241Y,-3.304560435,0.011717465,0
L242A,-6.716568165,0.00084802,0
L242C,-5.550378293,0.002250256,0
L242D,-5.223098825,0.002894323,0
L242E,-5.697972886,0.002004296,0
L242F,-5.2980872,0.002733593,0
L242G,-7.067851403,0.000604453,0
L242H,-5.810511214,0.001832955,0
L242I,-5.457624486,0.00241821,0
L242K,-6.030342936,0.001534461,0
L242M,-2.940536683,0.01516058,0
L242N,-5.969845159,0.001612124,0
L242P,-6.9632113,0.000670913,0
L242Q,-5.875002943,0.001740624,0
L242R,-7.264409466,0.000491926,0
L242S,-5.133153182,0.003098464,0
L242T,-6.75523999,0.000818211,0
L242V,-5.552354784,0.002246794,0
L242W,-4.847655368,0.00383756,0
L242Y,-5.567359751,0.00222066,0
V243A,-4.024923004,0.007002188,0
V243C,-0.625960561,0.076526554,0
V243D,-5.413081426,0.002502785,0
V243E,-4.608548344,0.004579622,0
V243F,-4.491970015,0.004988527,0
V243G,-6.627517157,0.000919779,0
V243H,-5.620159069,0.002130831,0
V243I,-3.983277398,0.007215434,0
V243K,-4.863241818,0.003793325,0
V243L,-2.15436307,0.026346482,0
V243M,-3.864724873,0.007857296,0
V243N,-5.306284404,0.002716524,0
V243P,-6.956249628,0.000675508,0
V243Q,-5.671616367,0.002046393,0
V243R,-6.998492425,0.000647964,0
V243S,-6.622127955,0.000924265,0
V243T,-3.685922188,0.008930834,0
V243W,-4.464194767,0.005090922,0
V243Y,-5.442637494,0.002446375,0
E244A,-3.927350757,0.007511664,0
E244C,-5.706951816,0.001990129,0
E244D,-3.190699104,0.012702623,0
E244F,-3.978101904,0.007242367,0
E244G,-5.010675664,0.003397718,0
E244H,-4.570561948,0.004709249,0
E244I,-2.270239147,0.024291573,0
E244K,-3.700324843,0.008839348,0
E244L,-4.191370642,0.006208784,0
E244M,-0.652508086,0.075126152,0
E244N,-2.07253292,0.02790034,0
E244P,-7.622170375,0.000322608,0
E244Q,-1.712235921,0.035894545,0
E244R,-3.225273301,0.012395217,0
E244S,-2.934622152,0.015224006,0
E244T,-2.690551769,0.018081669,0
E244V,-5.305082077,0.002719022,0
E244W,-5.275214847,0.002781735,0
E244Y,-5.932159007,0.001662175,0
F245A,-6.3400949,0.001184062,0
F245C,-4.246311206,0.005966362,0
F245D,-5.292751893,0.002744755,0
F245E,-5.150367915,0.003058402,0
F245G,-6.892488344,0.00071864,0
F245H,-5.418657205,0.002492055,0
F245I,-2.579861351,0.019545838,0
F245K,-5.602723623,0.002160132,0
F245L,-4.885577913,0.003730762,0
F245M,-4.460687003,0.005103994,0
F245N,-5.236424007,0.002865148,0
F245P,-6.232774474,0.001297049,0
F245Q,-5.277931191,0.002775978,0
F245R,-6.47126782,0.001056904,0
F245S,-4.513322796,0.004911138,0
F245T,-5.913276633,0.001687749,0
F245V,-6.094985206,0.001454999,0
F245W,-4.802447049,0.0039686,0
F245Y,-4.190403772,0.006213134,0
K246A,-6.070072334,0.001485202,0
K246C,-1.06368897,0.056426243,0
K246D,-4.106678287,0.006601047,0
K246E,-3.217947509,0.012459738,0
K246F,-4.917088038,0.003644133,0
K246G,-1.76696567,0.034547976,0
K246H,-2.057234861,0.028200738,0
K246I,-4.602801798,0.004599013,0
K246L,-6.213323398,0.001318442,0
K246M,-3.850568011,0.007937529,0
K246N,-4.634846033,0.00449186,0
K246P,-5.579158049,0.002200301,0
K246Q,-1.601358513,0.038784262,0
K246R,-2.19479187,0.02561071,0
K246S,-3.955966067,0.007358661,0
K246T,-3.626247131,0.009319775,0
K246V,-5.650108875,0.00208132,0
K246W,-4.348307007,0.005540072,0
K246Y,-5.111876432,0.003148644,0
D247A,-1.620282643,0.038275207,0
D247C,-4.527905978,0.004858939,0
D247E,-2.28439716,0.024051627,0
D247F,-4.227031063,0.006050385,0
D247G,-3.921503513,0.007543303,0
D247H,-5.177984186,0.002995125,0
D247I,-5.455015632,0.002423091,0
D247K,-5.702623534,0.001996947,0
D247L,-4.95686762,0.003537438,0
D247M,-1.733780015,0.03535837,0
D247N,-5.080841058,0.003223179,0
D247P,-4.816833985,0.003926452,0
D247Q,-1.822501187,0.033232811,0
D247R,-6.739726546,0.000830073,0
D247S,-4.81579209,0.00392949,0
D247T,-4.20181544,0.006161984,0
D247V,-5.11712605,0.003136194,0
D247W,-4.468795317,0.005073825,0
D247Y,-5.345127518,0.002636948,0
A248C,-4.585720612,0.004657111,0
A248D,-4.689778833,0.004313617,0
A248E,-5.373585132,0.002579994,0
A248F,-3.349503246,0.011349512,0
A248G,-2.243212527,0.024756203,0
A248H,-3.721756421,0.008704894,0
A248I,-0.488473794,0.084206129,0
A248K,-3.69862057,0.008850126,0
A248L,-5.352904135,0.002621273,0
A248M,-2.892041199,0.015688395,0
A248N,-4.194187512,0.006196129,0
A248P,-1.889640221,0.031708996,0
A248Q,-3.817465167,0.008128238,0
A248R,-4.231829991,0.006029366,0
A248S,-2.808525064,0.016640011,0
A248T,-3.351133531,0.011336379,0
A248V,0.302976099,0.145948973,1
A248W,-3.569539793,0.009704584,0
A248Y,-4.272206811,0.005855261,0
H249A,-5.089847269,0.003201384,0
H249C,-4.523014838,0.004876387,0
H249D,-5.270279853,0.002792223,0
H249E,-5.07552392,0.00323611,0
H249F,-4.611639556,0.004569222,0
H249G,-5.721621307,0.001967173,0
H249I,-5.264277803,0.002805027,0
H249K,-4.795070712,0.003990373,0
H249L,-5.174453305,0.003003148,0
H249M,-4.147289772,0.006410075,0
H249N,-6.956102844,0.000675605,0
H249P,-5.996013566,0.001578131,0
H249Q,-5.273998271,0.002784317,0
H249R,-4.613782275,0.004562027,0
H249S,-4.035363893,0.006949683,0
H249T,-6.262352017,0.001265066,0
H249V,-5.812093012,0.00183064,0
H249W,-4.255986509,0.005924618,0
H249Y,-3.885490745,0.007741023,0
A250C,-5.251768828,0.002831883,0
A250D,-6.41789443,0.001107253,0
A250E,-5.794698681,0.00185623,0
A250F,-5.143849385,0.003073516,0
A250G,-6.88827085,0.000721561,0
A250H,-5.491699119,0.002355251,0
A250I,-5.523758678,0.002297358,0
A250K,-5.165818983,0.00302285,0
A250L,-6.488859709,0.001040713,0
A250M,-4.66528737,0.004392248,0
A250N,-5.18696486,0.002974807,0
A250P,-4.388343528,0.005380806,0
A250Q,-5.313856279,0.002700843,0
A250R,-6.5024358,0.001028353,0
A250S,-4.136382311,0.00646084,0
A250T,-4.392050064,0.005366283,0
A250V,-4.489477977,0.004997633,0
A250W,-4.756780549,0.004105202,0
A250Y,-5.084996265,0.003213106,0
K251A,-4.44527274,0.005161816,0
K251C,-4.978103317,0.003481673,0
K251D,-5.285999607,0.00275894,0
K251E,0.729079762,0.196192904,1
K251F,-4.669681353,0.004378042,0
K251G,-6.473079292,0.001055228,0
K251H,-4.811211048,0.003942875,0
K251I,-5.869168618,0.001748808,0
K251L,-6.71797153,0.000846925,0
K251M,-5.376514164,0.002574195,0
K251N,-6.933857162,0.000690439,0
K251P,-5.991353945,0.001584138,0
K251Q,-1.972925915,0.029914644,0
K251R,-5.244994092,0.002846526,0
K251S,-6.178386254,0.001357599,0
K251T,-5.123122174,0.003122029,0
K251V,-5.295415438,0.002739177,0
K251W,-5.936681861,0.001656099,0
K251Y,-5.471503076,0.002392387,0
R252A,-6.105475829,0.001442435,0
R252C,-5.325322612,0.002677254,0
R252D,-5.116864211,0.003136814,0
R252E,-5.146906208,0.00306642,0
R252F,-5.16220046,0.003031142,0
R252G,-5.587829396,0.002185444,0
R252H,-4.499308391,0.004961801,0
R252I,-4.834129693,0.003876336,0
R252K,-0.309887105,0.095339126,0
R252L,-6.322795346,0.001201712,0
R252M,-5.21298959,0.002916637,0
R252N,-5.458751599,0.002416103,0
R252P,-6.179901995,0.001355881,0
R252Q,-5.26492543,0.002803643,0
R252S,-4.966462155,0.003512141,0
R252T,-5.939042254,0.001652936,0
R252V,-5.688333033,0.002019604,0
R252W,-5.09238883,0.003195258,0
R252Y,-4.552406737,0.004772419,0
Q253A,-4.063816312,0.006808518,0
Q253C,-3.106910024,0.013478897,0
Q253D,-3.616823894,0.009382677,0
Q253E,-3.063431262,0.013899833,0
Q253F,-3.409918575,0.010872603,0
Q253G,-4.599236203,0.004611084,0
Q253H,-4.918147042,0.003641255,0
Q253I,-4.691744074,0.004307365,0
Q253K,-5.410639417,0.002507498,0
Q253L,-5.457088326,0.002419212,0
Q253M,0.054431756,0.122807706,1
Q253N,-4.068579787,0.006785155,0
Q253P,-5.781482678,0.00187588,0
Q253R,-4.136135088,0.006461995,0
Q253S,-1.611714204,0.038504869,0
Q253T,-4.567031521,0.004721471,0
Q253V,-4.527383864,0.004860798,0
Q253W,-1.281381917,0.048484076,0
Q253Y,-3.407827194,0.01088878,0
T254A,-2.989579694,0.014644546,0
T254C,-4.460178122,0.005105893,0
T254D,-4.785666502,0.004018294,0
T254E,-4.066340488,0.006796128,0
T254F,-2.67788123,0.018243632,0
T254G,-5.992927751,0.001582107,0
T254H,-3.144816054,0.013122123,0
T254I,-0.061322729,0.113317663,0
T254K,-4.834494908,0.003875284,0
T254L,-2.501530881,0.020651976,0
T254M,-3.605206401,0.009460793,0
T254N,-3.388181048,0.0110419,0
T254P,-5.742499782,0.001934901,0
T254Q,-2.232900464,0.02493579,0
T254R,-6.080514804,0.001472479,0
T254S,0.148433275,0.131094699,1
T254V,-2.164105122,0.026167294,0
T254W,-4.108783603,0.006591014,0
T254Y,-4.704897663,0.004265739,0
V255A,-4.539662451,0.00481724,0
V255C,-3.759736894,0.008471469,0
V255D,-5.601640469,0.002161964,0
V255E,-5.845208846,0.001782767,0
V255F,-0.700778006,0.072644973,0
V255G,-4.97428281,0.003491645,0
V255H,-5.791397752,0.001861121,0
V255I,0.589701254,0.178099841,1
V255K,-5.215577387,0.00291091,0
V255L,-1.779763115,0.034240409,0
V255M,-4.143884579,0.006425882,0
V255N,-5.299994792,0.002729612,0
V255P,-3.884441348,0.007746858,0
V255Q,-5.087553702,0.003206922,0
V255R,-7.421469397,0.000412404,0
V255S,-7.09024775,0.000590844,0
V255T,-6.298531398,0.001226826,0
V255W,-5.061841521,0.003269606,0
V255Y,-6.183058906,0.001352307,0
V256A,-3.7395749,0.008594618,0
V256C,-4.003262083,0.007112334,0
V256D,-4.540301017,0.004814985,0
V256E,0.099604423,0.126722684,1
V256F,-0.970026338,0.060229792,0
V256G,-2.357789619,0.02284484,0
V256H,-2.910309622,0.01548748,0
V256I,1.567007148,0.350910679,1
V256K,-4.787132356,0.00401393,0
V256L,-5.095929301,0.003186743,0
V256M,-4.338275982,0.005580673,0
V256N,-5.237765791,0.002862225,0
V256P,-5.717701366,0.001973285,0
V256Q,0.07788755,0.124825245,1
V256R,-5.050584654,0.003297403,0
V256S,-3.946824325,0.007407211,0
V256T,-4.939895859,0.003582599,0
V256W,-0.236445031,0.100332703,0
V256Y,-5.313154223,0.002702294,0
V257A,-3.467093861,0.010439297,0
V257C,-2.260713188,0.024454347,0
V257D,-5.336953252,0.002653517,0
V257E,-6.216954876,0.001314426,0
V257F,-4.52979382,0.00485222,0
V257G,-5.682626807,0.002028713,0
V257H,-4.323473505,0.005641105,0
V257I,-1.008762828,0.058626743,0
V257K,-4.995843205,0.003435714,0
V257L,-3.232442585,0.01233239,0
V257M,-3.794763826,0.008261576,0
V257N,-4.236667245,0.00600825,0
V257P,-5.561559405,0.00223073,0
V257Q,-5.265214793,0.002803024,0
V257R,-6.860319625,0.000741135,0
V257S,-4.179645784,0.006261726,0
V257T,-3.71773037,0.00873,0
V257W,-3.651806355,0.009151218,0
V257Y,-4.914377912,0.00365151,0
L258A,-3.637712731,0.009243793,0
L258C,-4.55768667,0.004753966,0
L258D,-4.484760412,0.005014916,0
L258E,-5.522806113,0.00229906,0
L258F,-4.867157987,0.003782286,0
L258G,-6.313262139,0.001211529,0
L258H,-4.70996317,0.00424981,0
L258I,-5.950691907,0.001637398,0
L258K,-5.667124549,0.002053644,0
L258M,-1.811246943,0.033495254,0
L258N,-4.447784778,0.005152351,0
L258P,-4.359972319,0.00549321,0
L258Q,-5.900501224,0.001705242,0
L258R,-4.646951701,0.004451995,0
L258S,-5.754248052,0.001916946,0
L258T,-5.570228122,0.002215695,0
L258V,-5.673006306,0.002044154,0
L258W,-4.874690194,0.003761138,0
L258Y,-4.574261979,0.004696473,0
G259A,-0.558131669,0.080223832,0
G259C,-5.147437823,0.003065188,0
G259D,-4.639844321,0.00447536,0
G259E,-4.422828177,0.005247123,0
G259F,-4.38977853,0.005375179,0
G259H,-4.203157404,0.006155995,0
G259I,-4.994376239,0.003439493,0
G259K,-4.759749583,0.004096189,0
G259L,-5.705558236,0.001992322,0
G259M,-4.27606167,0.005838892,0
G259N,-4.420101756,0.005257577,0
G259P,-3.128838595,0.013271362,0
G259Q,-4.38176374,0.005406678,0
G259R,-4.680061956,0.004344653,0
G259S,-5.682527294,0.002028873,0
G259T,-5.011420987,0.003395819,0
G259V,-6.663428863,0.000890307,0
G259W,-7.343427099,0.000450836,0
G259Y,-4.582314835,0.004668778,0
S260A,-5.162903332,0.00302953,0
S260C,-4.014555767,0.007054699,0
S260D,-3.936492741,0.007462452,0
S260E,-4.718353533,0.004223548,0
S260F,-3.202568059,0.012596262,0
S260G,-4.384122692,0.005397388,0
S260H,-3.283070148,0.011897501,0
S260I,-6.358398306,0.001165617,0
S260K,-4.23313513,0.006023662,0
S260L,-4.581423241,0.004671836,0
S260M,-3.482521636,0.010325289,0
S260N,-0.470321929,0.085275829,0
S260P,-3.760928531,0.008464244,0
S260Q,-3.554552156,0.00980884,0
S260R,-5.50860064,0.00232457,0
S260T,-2.87668696,0.01585924,0
S260V,-4.150338125,0.006395956,0
S260W,-4.205217716,0.006146812,0
S260Y,-3.832300279,0.00804223,0
Q261A,-4.855013998,0.003816617,0
Q261C,-4.008823396,0.007083897,0
Q261D,-4.184537152,0.006239587,0
Q261E,-4.760494371,0.004093931,0
Q261F,-3.978972302,0.007237831,0
Q261G,-5.012618493,0.00339277,0
Q261H,-7.346323738,0.000449372,0
Q261I,-4.463708949,0.00509273,0
Q261K,-5.741002527,0.0019372,0
Q261L,-5.317506543,0.002693313,0
Q261M,-4.001205177,0.00712288,0
Q261N,-4.549622488,0.004782178,0
Q261P,-4.577979395,0.004683669,0
Q261R,-4.32180067,0.005647973,0
Q261S,-4.77041878,0.004063952,0
Q261T,-4.986902448,0.003458806,0
Q261V,-4.337446816,0.005584042,0
Q261W,-4.291725445,0.005772827,0
Q261Y,-3.917171893,0.007566825,0
E262A,-4.461870932,0.005099578,0
E262C,-4.521313085,0.004882472,0
E262D,-4.919780682,0.003636818,0
E262F,-4.833599006,0.003877865,0
E262G,-4.587111092,0.004652356,0
E262H,-4.774701427,0.004051079,0
E262I,-4.663776699,0.004397141,0
E262K,-3.672770495,0.009015176,0
E262L,-5.891285595,0.001717958,0
E262M,-3.648201382,0.009174811,0
E262N,-4.679024584,0.004347979,0
E262P,-5.858287131,0.001764161,0
E262Q,-5.023370685,0.003365506,0
E262R,-5.519858703,0.002304332,0
E262S,-5.316615938,0.002695149,0
E262T,-5.417916803,0.002493477,0
E262V,-4.097787167,0.006643578,0
E262W,-4.017190773,0.007041317,0
E262Y,-4.798148025,0.003981276,0
G263A,-5.031942194,0.003343917,0
G263C,-4.552244294,0.004772988,0
G263D,-4.820117369,0.003916892,0
G263E,-3.728285365,0.008664329,0
G263F,-4.149601696,0.006399365,0
G263H,-4.297937524,0.005746825,0
G263I,-4.728361545,0.004192421,0
G263K,-4.173884677,0.006287897,0
G263L,-5.527205667,0.00229121,0
G263M,-3.588666665,0.009573097,0
G263N,-4.201143487,0.006164984,0
G263P,-4.915454424,0.003648578,0
G263Q,-4.149433992,0.006400141,0
G263R,-4.345057521,0.005553194,0
G263S,-4.785585149,0.004018536,0
G263T,-4.493592488,0.004982606,0
G263V,-7.081509629,0.000596129,0
G263W,-4.043256888,0.006910243,0
G263Y,-4.686753385,0.004323258,0
A264C,-4.494037426,0.004980984,0
A264D,-4.473465384,0.005056526,0
A264E,-4.629187913,0.004510608,0
A264F,-3.945157422,0.007416097,0
A264G,-5.074194243,0.003239351,0
A264H,-4.381075542,0.00540939,0
A264I,-4.474587701,0.005052377,0
A264K,-3.789713012,0.008291529,0
A264L,-4.756599973,0.004105751,0
A264M,-3.270096596,0.012007493,0
A264N,-3.958252346,0.007346567,0
A264P,-5.504319223,0.002332308,0
A264Q,-3.913269858,0.007588074,0
A264R,-2.00244837,0.029303058,0
A264S,-3.501267932,0.010188389,0
A264T,-3.843195934,0.007979623,0
A264V,-3.357633784,0.011284162,0
A264W,-3.324922982,0.011549333,0
A264Y,-4.414832502,0.005277835,0
V265A,-1.566499593,0.039739618,0
V265C,-1.191983124,0.05160134,0
V265D,-2.032665283,0.028689912,0
V265E,-1.875280272,0.03202898,0
V265F,-3.319076019,0.011597368,0
V265G,-1.932769131,0.030766877,0
V265H,-1.837467738,0.032886956,0
V265I,-0.090463779,0.111046138,0
V265K,-1.677486648,0.036776412,0
V265L,-1.544984261,0.0403409,0
V265M,-1.928753838,0.030853404,0
V265N,-1.864101607,0.03228029,0
V265P,-2.117270601,0.027039914,0
V265Q,-1.697858751,0.036256834,0
V265R,-3.145505921,0.013115716,0
V265S,-2.573646521,0.019631424,0
V265T,-1.26062741,0.049190648,0
V265W,-1.554826992,0.040064716,0
V265Y,-2.30448675,0.023715169,0
H266A,-1.028805696,0.057814043,0
H266C,-0.749036557,0.070245993,0
H266D,-1.066898974,0.056300214,0
H266E,-0.735313567,0.070920031,0
H266F,-0.713422823,0.072008608,0
H266G,-0.711940815,0.072082904,0
H266I,-0.699739971,0.072697462,0
H266K,-0.71873944,0.071742704,0
H266L,-0.09738111,0.110513642,0
H266M,-0.693259452,0.073026006,0
H266N,-5.638926209,0.002099686,0
H266P,-1.645790865,0.037599523,0
H266Q,0.514709582,0.169064525,1
H266R,-0.847244082,0.065604951,0
H266S,-0.80494537,0.067565214,0
H266T,-0.73812797,0.070781271,0
H266V,-0.600064274,0.077917656,0
H266W,-0.64473054,0.075533758,0
H266Y,-1.117988975,0.054331642,0
T267A,-2.069279893,0.027963951,0
T267C,-3.902749224,0.007645653,0
T267D,-2.750157071,0.017338549,0
T267E,-4.039484816,0.006929065,0
T267F,-3.164770811,0.01293804,0
T267G,-4.927145182,0.00361688,0
T267H,-2.419250163,0.021880424,0
T267I,-2.514191717,0.020469093,0
T267K,-0.643013638,0.075624034,0
T267L,-2.776050945,0.017025165,0
T267M,-2.523981571,0.020328777,0
T267N,0.203385902,0.136195283,1
T267P,-3.961885364,0.007327388,0
T267Q,-4.018588045,0.00703423,0
T267R,-0.549911176,0.080683847,0
T267S,-3.216601782,0.012471626,0
T267V,-4.958640774,0.00353275,0
T267W,-4.054081797,0.006856502,0
T267Y,-3.882888949,0.007755499,0
A268C,-4.066829939,0.006793728,0
A268D,-5.813279763,0.001828906,0
A268E,-4.601196619,0.004604444,0
A268F,-3.334253432,0.011473082,0
A268G,-5.744869367,0.001931268,0
A268H,-3.45967713,0.010494541,0
A268I,-4.018290853,0.007035737,0
A268K,-3.745598684,0.008557644,0
A268L,-4.409062481,0.005300104,0
A268M,-3.314436647,0.011635622,0
A268N,-4.006386194,0.007096346,0
A268P,-3.819597425,0.008115822,0
A268Q,-3.327052791,0.011531884,0
A268R,-4.138032338,0.006453136,0
A268S,-3.336837834,0.011452048,0
A268T,-3.119525205,0.01335912,0
A268V,-4.702794051,0.004272371,0
A268W,-3.583544755,0.009608137,0
A268Y,-4.223140841,0.006067475,0
L269A,-4.296669518,0.005752123,0
L269C,-3.836055552,0.008020599,0
L269D,-3.920921221,0.007546461,0
L269E,-4.558394691,0.004751497,0
L269F,-2.696567568,0.018005267,0
L269G,-5.138225874,0.003086609,0
L269H,-3.724271649,0.008689245,0
L269I,-3.643636,0.009204775,0
L269K,-3.955042918,0.00736355,0
L269M,-3.36888901,0.011194302,0
L269N,-4.243167607,0.005979985,0
L269P,-3.026716811,0.014265294,0
L269Q,-4.024091727,0.007006384,0
L269R,-3.310386248,0.011669119,0
L269S,-4.759904099,0.004095721,0
L269T,-4.18129068,0.006254272,0
L269V,-5.255302057,0.002824274,0
L269W,-3.479352273,0.010348611,0
L269Y,-4.076350036,0.00674721,0
A270C,-1.750907412,0.034937791,0
A270D,-4.299163003,0.005741708,0
A270E,-1.857407352,0.032431719,0
A270F,-1.701435678,0.036166362,0
A270G,-2.711137554,0.017821541,0
A270H,-1.389975854,0.04494834,0
A270I,-1.544830216,0.040345238,0
A270K,-1.25827054,0.049271531,0
A270L,-1.315592639,0.047341356,0
A270M,-1.19565388,0.051469505,0
A270N,-1.396183236,0.044754162,0
A270P,-1.78074164,0.034217004,0
A270Q,-0.819521743,0.066883196,0
A270R,-2.115899957,0.027065881,0
A270S,-2.382072302,0.022458888,0
A270T,-0.332084112,0.093879225,0
A270V,0.25919501,0.141578087,1
A270W,-1.15232645,0.053047204,0
A270Y,-0.958911585,0.060697762,0
G271A,-5.47314938,0.00238934,0
G271C,-4.625804133,0.004521855,0
G271D,-4.695812734,0.004294449,0
G271E,-4.67637207,0.004356494,0
G271F,-4.14823191,0.006405708,0
G271H,-3.743232786,0.008572147,0
G271I,-4.426028044,0.00523488,0
G271K,-4.357886898,0.00550156,0
G271L,-4.66497832,0.004393248,0
G271M,-4.058618384,0.0068341,0
G271N,-3.894953092,0.007688593,0
G271P,-4.284496725,0.005803226,0
G271Q,-3.761962446,0.008457981,0
G271R,-3.926585553,0.007515797,0
G271S,-4.576898435,0.004687388,0
G271T,-4.302224984,0.005728943,0
G271V,-6.686871092,0.00087146,0
G271W,-4.861191481,0.003799117,0
G271Y,-4.008625945,0.007084904,0
A272C,-3.384439142,0.011071301,0
A272D,-3.450317027,0.010564666,0
A272E,-4.328376582,0.005621019,0
A272F,-3.677287496,0.008986121,0
A272G,-4.54276107,0.004806306,0
A272H,-3.592880066,0.009544366,0
A272I,-4.35732357,0.005503817,0
A272K,-3.665696544,0.00906086,0
A272L,-4.858199768,0.003807583,0
A272M,-3.11404149,0.013411057,0
A272N,-2.558182474,0.019845989,0
A272P,-3.209999929,0.012530108,0
A272Q,-3.480144837,0.010342774,0
A272R,-4.772591087,0.004057418,0
A272S,-3.018326514,0.014350126,0
A272T,-2.986250597,0.014679023,0
A272V,-3.989537566,0.007182984,0
A272W,-3.204137115,0.012582267,0
A272Y,-3.993717054,0.007161398,0
L273A,-4.614792224,0.004558639,0
L273C,-3.326125244,0.01153948,0
L273D,-3.971783868,0.007275378,0
L273E,-4.848148558,0.003836153,0
L273F,-2.659628992,0.01847946,0
L273G,-5.718054453,0.001972734,0
L273H,-3.688736581,0.008912885,0
L273I,-2.957163955,0.014983658,0
L273K,-4.039845949,0.006927261,0
L273M,-1.417756838,0.04408576,0
L273N,-3.772570217,0.008393975,0
L273P,-3.060801359,0.013925703,0
L273Q,-2.563499702,0.019771952,0
L273R,-3.228176073,0.012369741,0
L273S,-4.767574679,0.004072523,0
L273T,-2.24595598,0.02470864,0
L273V,-1.13794554,0.053581422,0
L273W,-4.1773458,0.006272161,0
L273Y,-2.804143627,0.016691471,0
E274A,-4.952984051,0.003547725,0
E274C,-5.142509897,0.00307663,0
E274D,-2.624266034,0.018944944,0
E274F,-4.278338619,0.005829244,0
E274G,-5.226094228,0.002887741,0
E274H,-4.530094706,0.00485115,0
E274I,-5.066108942,0.003259125,0
E274K,-5.170538042,0.003012067,0
E274L,-5.716943146,0.001974469,0
E274M,-2.948580552,0.015074734,0
E274N,-5.025550231,0.003360004,0
E274P,-4.734139902,0.004174548,0
E274Q,-3.204572304,0.012578388,0
E274R,-6.095875995,0.001453928,0
E274S,-4.259979345,0.005907472,0
E274T,-2.087201982,0.027615269,0
E274V,-4.430761761,0.005216818,0
E274W,-5.043324068,0.003315447,0
E274Y,-4.918286126,0.003640877,0
A275C,-6.292143357,0.001233508,0
A275D,-6.026760176,0.00153897,0
A275E,-6.720863327,0.00084467,0
A275F,-5.563972276,0.002226536,0
A275G,-0.991031809,0.059355174,0
A275H,-5.245949452,0.002844457,0
A275I,-5.455005817,0.00242311,0
A275K,-5.692725956,0.002012615,0
A275L,-6.166354954,0.001371305,0
A275M,-4.685078217,0.004328605,0
A275N,-5.416279611,0.002496625,0
A275P,-5.733099459,0.001949374,0
A275Q,-5.720481531,0.001968949,0
A275R,-7.184583925,0.000535785,0
A275S,-4.369880745,0.005453702,0
A275T,-0.124020515,0.108486624,0
A275V,-0.756031671,0.06990487,0
A275W,-5.173388107,0.003005572,0
A275Y,-5.713297191,0.001980171,0
E276A,-4.156380007,0.006368061,0
E276C,-1.52207423,0.040991094,0
E276D,-2.126099926,0.026873232,0
E276F,-3.134572958,0.013217609,0
E276G,-5.909761017,0.001692547,0
E276H,-3.686413062,0.008927701,0
E276I,-3.585992059,0.009591379,0
E276K,-3.620848118,0.009355764,0
E276L,-5.746287926,0.001929095,0
E276M,-1.773739403,0.03438484,0
E276N,-5.316674711,0.002695028,0
E276P,-5.564067348,0.002226371,0
E276Q,-4.940314117,0.00358148,0
E276R,-6.745841696,0.000825382,0
E276S,-5.49345498,0.002352047,0
E276T,-2.478696596,0.020985898,0
E276V,-1.423239534,0.04391748,0
E276W,-3.389764866,0.011029478,0
E276Y,-0.739008763,0.070737901,0
M277A,-5.426879934,0.002476306,0
M277C,-4.854651886,0.003817645,0
M277D,-2.715009643,0.017773025,0
M277E,-4.819639776,0.003918281,0
M277F,-2.44982747,0.021415706,0
M277G,-4.126823937,0.006505642,0
M277H,-4.583953099,0.004663162,0
M277I,-0.364091319,0.091813261,0
M277K,-2.411066687,0.022006477,0
M277L,-1.91877276,0.031069536,0
M277N,-1.488838203,0.041952889,0
M277P,-4.720512418,0.004216815,0
M277Q,-4.974311018,0.003491572,0
M277R,-4.322332161,0.00564579,0
M277S,-2.776026802,0.017025455,0
M277T,-1.831118404,0.033033242,0
M277V,-3.688242476,0.008916034,0
M277W,-4.363146167,0.005480525,0
M277Y,-4.72651627,0.004198144,0
D278A,0.721602713,0.195177284,1
D278C,-3.349775065,0.011347321,0
D278E,-0.177527151,0.104526615,0
D278F,0.14933902,0.131177203,1
D278G,-1.021085727,0.058125737,0
D278H,0.930013806,0.225554119,1
D278I,1.415391583,0.315876623,1
D278K,-0.176032398,0.104635259,0
D278L,-0.952154448,0.060984028,0
D278M,-3.196543579,0.01265014,0
D278N,-0.962121144,0.060562258,0
D278P,-4.162597884,0.006339474,0
D278Q,0.107872923,0.127452657,1
D278R,-2.212105224,0.025301872,0
D278S,1.651718215,0.372148994,1
D278T,-0.617754574,0.076964665,0
D278V,-4.131147861,0.006485338,0
D278W,-4.508676497,0.00492788,0
D278Y,-4.32131764,0.005649958,0
G279A,-1.876656081,0.031998185,0
G279C,-5.761210775,0.001906373,0
G279D,-1.012708264,0.058465869,0
G279E,-1.383333638,0.045157049,0
G279F,-4.306302036,0.005711989,0
G279H,-4.097826113,0.006643392,0
G279I,-5.814229208,0.001827519,0
G279K,-2.989029924,0.014650234,0
G279L,-6.348495468,0.001175568,0
G279M,-3.790342371,0.008287791,0
G279N,-2.153146195,0.026368949,0
G279P,-6.389405501,0.0011349,0
G279Q,-2.996383969,0.014574327,0
G279R,-3.741521566,0.008582652,0
G279S,-0.930748683,0.061899786,0
G279T,-5.685107317,0.002024749,0
G279V,-5.762755942,0.001904034,0
G279W,-5.11076183,0.003151293,0
G279Y,-3.695787668,0.00886807,0
A280C,-4.12343063,0.006521619,0
A280D,-3.089090288,0.013649885,0
A280E,-3.958644554,0.007344494,0
A280F,-5.36262383,0.002601799,0
A280G,-0.852215717,0.0653783,0
A280H,1.075546296,0.249523787,1
A280I,-4.133159101,0.006475914,0
A280K,-4.920104409,0.00363594,0
A280L,-1.139649486,0.053517846,0
A280M,-3.870831569,0.007822929,0
A280N,0.046194055,0.122106891,1
A280P,-0.06612349,0.112940283,0
A280Q,-2.051943392,0.028305387,0
A280R,-0.239483641,0.100121017,0
A280S,-0.42772833,0.087839375,0
A280T,-0.380469052,0.090773724,0
A280V,-0.910964677,0.062758331,0
A280W,-1.674671395,0.036848792,0
A280Y,-0.671614737,0.074134091,0
K281A,0.001046776,0.118336288,1
K281C,-4.768601536,0.004069426,0
K281D,2.171920575,0.533840996,1
K281E,-1.304834777,0.047697777,0
K281F,0.506293852,0.168079562,1
K281G,-2.85790206,0.016070745,0
K281H,-2.5808249,0.019532602,0
K281I,1.001869093,0.237086846,1
K281L,-4.103196271,0.006617672,0
K281M,0.801447197,0.20629955,1
K281N,-1.519004606,0.041078998,0
K281P,-6.04558921,0.001515397,0
K281Q,0.111620233,0.127784863,1
K281R,1.87454805,0.434352085,1
K281S,0.970455303,0.231974216,1
K281T,-0.87046527,0.064552991,0
K281V,-0.207179984,0.102394451,0
K281W,-3.867010401,0.007844417,0
K281Y,-3.788944523,0.008296095,0
G282A,-0.697975005,0.072786795,0
G282C,-0.970575383,0.060206769,0
G282D,-5.570662505,0.002214944,0
G282E,-3.665631523,0.009061281,0
G282F,-3.998485762,0.007136845,0
G282H,-3.620331311,0.009359216,0
G282I,-2.825960522,0.016436769,0
G282K,-4.58072842,0.004674221,0
G282L,-4.23449105,0.006017741,0
G282M,-2.893449414,0.015672817,0
G282N,-5.190351787,0.002967177,0
G282P,-4.026171463,0.006995889,0
G282Q,-5.234505719,0.002869332,0
G282R,-4.386942447,0.005386305,0
G282S,-6.16789007,0.00136955,0
G282T,-5.829088767,0.001805933,0
G282V,-1.947885407,0.030443282,0
G282W,-4.615737404,0.004555471,0
G282Y,-2.779509554,0.016983731,0
K283A,-0.525633802,0.082057802,0
K283C,-3.802327541,0.008216917,0
K283D,-3.10512737,0.013495907,0
K283E,1.125024051,0.258239465,1
K283F,2.334053907,0.597369501,1
K283G,-2.593033089,0.019365662,0
K283H,-0.486422386,0.084326346,0
K283I,-3.456035886,0.010521767,0
K283L,-3.021432245,0.014318667,0
K283M,2.000335961,0.473948484,1
K283N,1.074886751,0.249409613,1
K283P,-6.653394905,0.000898468,0
K283Q,-4.272759051,0.005852913,0
K283R,-2.739884801,0.017464437,0
K283S,-0.443924617,0.086855654,0
K283T,1.229612008,0.277676763,1
K283V,-2.400907464,0.022163962,0
K283W,-2.214451215,0.025260308,0
K283Y,-3.010646128,0.014428214,0
L284A,-6.036776589,0.001526392,0
L284C,-2.783771292,0.016932812,0
L284D,-5.457386392,0.002418655,0
L284E,-5.274066539,0.002784172,0
L284F,-1.056397281,0.056713569,0
L284G,-7.003048356,0.000645041,0
L284H,-5.276028371,0.00278001,0
L284I,-3.905070469,0.007632913,0
L284K,-5.364141924,0.002598769,0
L284M,-2.893946718,0.015667319,0
L284N,-4.376567892,0.005427191,0
L284P,-4.0960146,0.006652089,0
L284Q,-4.484374759,0.005016332,0
L284R,-6.287769515,0.001238101,0
L284S,-6.045526238,0.001515475,0
L284T,-4.597125794,0.004618243,0
L284V,-1.005255854,0.058770108,0
L284W,-2.12459503,0.02690157,0
L284Y,-4.844086402,0.003847756,0
F285A,-5.534179389,0.002278816,0
F285C,-4.777277434,0.004043355,0
F285D,-4.308915885,0.005701144,0
F285E,-5.454654273,0.002423768,0
F285G,-2.653938484,0.018553596,0
F285H,-3.704001039,0.008816143,0
F285I,-4.437519165,0.005191136,0
F285K,-5.154776715,0.003048219,0
F285L,-3.610787397,0.009423188,0
F285M,-4.470202697,0.005068606,0
F285N,-4.980884842,0.003474429,0
F285P,-4.558798315,0.00475009,0
F285Q,-5.117163039,0.003136107,0
F285R,-6.501501622,0.0010292,0
F285S,-2.783188659,0.016939765,0
F285T,-5.736870862,0.001943556,0
F285V,-3.652591994,0.009146084,0
F285W,-1.966888444,0.030041265,0
F285Y,-3.62957691,0.009297646,0
S286A,-2.332165345,0.023259221,0
S286C,-2.534937932,0.020172867,0
S286D,-5.185004669,0.002979231,0
S286E,-0.281479314,0.097240581,0
S286F,-2.687332657,0.018122683,0
S286G,-1.147644188,0.053220555,0
S286H,-3.42801207,0.010733619,0
S286I,-5.312373133,0.002703908,0
S286K,-3.749771348,0.008532123,0
S286L,-4.164634997,0.006330135,0
S286M,-3.920762221,0.007547324,0
S286N,-5.094558189,0.003190038,0
S286P,-2.705269021,0.017895319,0
S286Q,-3.253281246,0.012151537,0
S286R,-0.177724151,0.104512305,0
S286T,-2.484067772,0.020906875,0
S286V,-5.8883395,0.00172204,0
S286W,-1.797577884,0.033816775,0
S286Y,-4.659559398,0.004410831,0
G287A,0.302244618,0.145874851,1
G287C,-1.341334483,0.046499206,0
G287D,-3.356874045,0.011290253,0
G287E,-6.001849925,0.001570633,0
G287F,-4.33771948,0.005582934,0
G287H,-5.603976259,0.002158015,0
G287I,-4.131522164,0.006483583,0
G287K,-5.812238391,0.001830428,0
G287L,-5.97790944,0.001601582,0
G287M,-4.868072793,0.003779712,0
G287N,-6.143505615,0.001397651,0
G287P,-5.660933588,0.002063676,0
G287Q,-5.403400383,0.002521515,0
G287R,-6.369486424,0.001154557,0
G287S,0.080380835,0.125041639,1
G287T,-0.662675441,0.074596604,0
G287V,-0.34218885,0.093222038,0
G287W,-4.835462929,0.003872497,0
G287Y,-5.509668098,0.002322644,0
H288A,-4.837868031,0.003865582,0
H288C,-5.657138976,0.002069846,0
H288D,-4.821310233,0.003913424,0
H288E,-5.34134749,0.002644599,0
H288F,-5.514967914,0.002313105,0
H288G,-3.935688231,0.00746677,0
H288I,-5.157698318,0.003041488,0
H288K,-5.707009774,0.001990038,0
H288L,-6.209601985,0.001322568,0
H288M,-4.21128021,0.006119866,0
H288N,-6.74297944,0.000827576,0
H288P,-7.616642414,0.000324918,0
H288Q,-5.046087212,0.003308569,0
H288R,-3.823439997,0.008093492,0
H288S,-6.519985471,0.001012546,0
H288T,-6.736039675,0.000832911,0
H288V,-5.882420081,0.001730267,0
H288W,-4.925945377,0.003620121,0
H288Y,-4.579353681,0.004678943,0
L289A,-6.437853734,0.001088207,0
L289C,-5.878422536,0.001735843,0
L289D,-5.684014863,0.002026494,0
L289E,-5.422533324,0.002484619,0
L289F,-4.898337536,0.003695455,0
L289G,-6.848201933,0.00074974,0
L289H,-5.452299349,0.002428184,0
L289I,-1.255574076,0.04936423,0
L289K,-6.184833086,0.001350302,0
L289M,-3.55920759,0.00977634,0
L289N,-5.912634453,0.001688624,0
L289P,-6.474461719,0.00105395,0
L289Q,-5.756533118,0.00191347,0
L289R,-7.058936682,0.000609929,0
L289S,-5.115436013,0.003140197,0
L289T,-6.533136385,0.001000826,0
L289V,-4.558355708,0.004751633,0
L289W,-4.972201146,0.00349709,0
L289Y,-6.510616438,0.00102096,0
K290A,-5.219293326,0.002902705,0
K290C,-5.034833896,0.003336663,0
K290D,-5.769370459,0.001894048,0
K290E,-4.408225601,0.005303341,0
K290F,-5.343039154,0.002641172,0
K290G,-5.319602663,0.002688998,0
K290H,-4.986470929,0.003459924,0
K290I,-5.045967534,0.003308867,0
K290L,-4.900045819,0.003690751,0
K290M,-4.894119582,0.003707092,0
K290N,-5.160678534,0.003034636,0
K290P,-1.473543312,0.042402997,0
K290Q,-4.863504062,0.003792585,0
K290R,-2.008318686,0.029182933,0
K290S,-3.532349119,0.009965293,0
K290T,-3.467443886,0.010436697,0
K290V,-6.05400969,0.001504954,0
K290W,-4.259265899,0.005910532,0
K290Y,-5.392824913,0.002542119,0
C291A,-6.891437452,0.000719367,0
C291D,-5.901407067,0.001703997,0
C291E,-6.064550626,0.001491967,0
C291F,-6.43788495,0.001088177,0
C291G,-7.24499642,0.00050237,0
C291H,-6.179174968,0.001356705,0
C291I,-6.29869497,0.001226655,0
C291K,-5.790337072,0.001862695,0
C291L,-7.453004241,0.000397455,0
C291M,-5.795094866,0.001855644,0
C291N,-5.712870579,0.001980839,0
C291P,-6.79160775,0.000790898,0
C291Q,-6.11831293,0.001427186,0
C291R,-5.256801061,0.002821051,0
C291S,-5.394095849,0.002539635,0
C291T,-6.83774971,0.00075722,0
C291V,-6.914258678,0.000703698,0
C291W,-6.498511187,0.001031914,0
C291Y,-4.75538227,0.004109454,0
R292A,-5.736437224,0.001944224,0
R292C,-4.737706163,0.004163553,0
R292D,-5.859584031,0.001762325,0
R292E,-5.931244866,0.001663405,0
R292F,-5.786550586,0.001868324,0
R292G,-6.744017161,0.00082678,0
R292H,0.92465006,0.22471606,1
R292I,-5.561619373,0.002230626,0
R292K,-5.348008035,0.002631132,0
R292L,-7.563547649,0.000347558,0
R292M,-5.083897005,0.003215768,0
R292N,-5.459650823,0.002414424,0
R292P,-6.675582734,0.000880497,0
R292Q,-4.269809861,0.005865461,0
R292S,-5.677654493,0.002036681,0
R292T,-4.925381426,0.003621646,0
R292V,-4.566527323,0.004723219,0
R292W,-5.943302578,0.001647239,0
R292Y,-5.377138593,0.00257296,0
L293A,-6.214253861,0.001317412,0
L293C,-6.277357824,0.001249089,0
L293D,-5.768632592,0.001895159,0
L293E,-5.807412852,0.001837495,0
L293F,-4.052951867,0.006862093,0
L293G,-7.100827866,0.000584488,0
L293H,-6.187211398,0.001347618,0
L293I,-1.087641602,0.055492555,0
L293K,-5.7051979,0.00199289,0
L293M,-4.978348321,0.003481035,0
L293N,-5.972626083,0.001608482,0
L293P,-4.743881239,0.004144578,0
L293Q,-4.041886615,0.006917075,0
L293R,-6.110777758,0.001436121,0
L293S,-6.871288996,0.000733408,0
L293T,-6.272068426,0.001254702,0
L293V,-3.888148105,0.007726264,0
L293W,-5.822536335,0.001815424,0
L293Y,-5.955371887,0.001631191,0
K294A,-5.780221138,0.001877765,0
K294C,-5.438697988,0.002453827,0
K294D,-5.705624044,0.001992219,0
K294E,-3.063569135,0.013898478,0
K294F,-5.657544738,0.002069185,0
K294G,-6.386616561,0.001137636,0
K294H,-5.42003537,0.002489409,0
K294I,-5.862264553,0.001758535,0
K294L,-7.000498855,0.000646676,0
K294M,-5.06303953,0.00326666,0
K294N,-4.787080766,0.004014083,0
K294P,-6.219167742,0.001311984,0
K294Q,-5.339712417,0.002647914,0
K294R,-5.543578605,0.002262206,0
K294S,-6.219271962,0.001311869,0
K294T,-6.730810658,0.000836949,0
K294V,-6.42629847,0.001099201,0
K294W,-5.186981401,0.002974769,0
K294Y,-5.474413168,0.002387004,0
M295A,-4.853306576,0.003821467,0
M295C,-3.393099736,0.011003368,0
M295D,-3.950358348,0.007388406,0
M295E,-5.119991975,0.003129417,0
M295F,-1.499575642,0.041639739,0
M295G,-5.923795126,0.001673462,0
M295H,-3.999611164,0.007131062,0
M295I,-4.607276432,0.004583907,0
M295K,-3.422069661,0.010779073,0
M295L,-3.526501317,0.010006901,0
M295N,-3.795203602,0.008258973,0
M295P,-5.668626491,0.002051217,0
M295Q,-4.900946709,0.003688273,0
M295R,-5.357748866,0.002611549,0
M295S,-4.809584211,0.003947638,0
M295T,-4.163828628,0.00633383,0
M295V,-3.963615845,0.00731827,0
M295W,-3.709386487,0.008782255,0
M295Y,-3.296286213,0.011786466,0
D296A,-2.11860113,0.02701473,0
D296C,-3.613338294,0.009406048,0
D296E,-3.060318673,0.013930456,0
D296F,-3.815284771,0.008140954,0
D296G,-3.492117176,0.010254993,0
D296H,-1.712793441,0.035880568,0
D296I,-4.819654855,0.003918237,0
D296K,-4.495816349,0.004974502,0
D296L,-4.674021645,0.004364052,0
D296M,-3.68648597,0.008927236,0
D296N,-1.02018168,0.058162347,0
D296P,-5.896161819,0.00171122,0
D296Q,-2.510410535,0.020523544,0
D296R,-5.72551283,0.001961123,0
D296S,-2.304526655,0.023714506,0
D296T,-2.805183808,0.01667924,0
D296V,-4.329711015,0.005615564,0
D296W,-4.085041521,0.006705008,0
D296Y,-5.888504475,0.001721811,0
K297A,-2.2049684,0.025428731,0
K297C,-6.04153603,0.001520445,0
K297D,-5.489190644,0.002359835,0
K297E,-4.15414362,0.006378373,0
K297F,-5.811495376,0.001831514,0
K297G,-5.818006188,0.001822011,0
K297H,-3.080139025,0.013736576,0
K297I,-4.920172038,0.003635756,0
K297L,-7.689776714,0.000295066,0
K297M,-4.124441075,0.006516857,0
K297N,-3.840526993,0.007994915,0
K297P,-6.996493052,0.00064925,0
K297Q,-4.564006528,0.004731967,0
K297R,-1.814120663,0.033428046,0
K297S,-6.175781693,0.001360557,0
K297T,-6.11849231,0.001426974,0
K297V,-6.79269013,0.000790095,0
K297W,-6.061182457,0.001496107,0
K297Y,-4.548876887,0.004784794,0
L298A,-6.655896571,0.000896428,0
L298C,-6.161702715,0.001376635,0
L298D,-6.173887745,0.00136271,0
L298E,-6.060936169,0.00149641,0
L298F,-3.248585984,0.012192058,0
L298G,-7.727517398,0.000280243,0
L298H,-5.991626489,0.001583786,0
L298I,-3.203870932,0.01258464,0
L298K,-5.932107243,0.001662245,0
L298M,-3.61489105,0.00939563,0
L298N,-5.889151281,0.001720914,0
L298P,-4.922344035,0.003629867,0
L298Q,-6.455452456,0.00107163,0
L298R,-5.936906796,0.001655797,0
L298S,-7.597835925,0.000332842,0
L298T,-6.764122651,0.000811476,0
L298V,-5.585195103,0.002189948,0
L298W,-5.553327165,0.002245092,0
L298Y,-4.643689819,0.004462704,0
R299A,-6.489915738,0.001039748,0
R299C,-5.853027755,0.001771623,0
R299D,-5.873904936,0.001742162,0
R299E,-6.229567755,0.001300556,0
R299F,-5.769778199,0.001893434,0
R299G,-4.698117013,0.00428715,0
R299H,-4.65132733,0.004437668,0
R299I,-5.460724294,0.002412421,0
R299K,-4.443897568,0.005167005,0
R299L,-7.051170152,0.000614728,0
R299M,-5.11697277,0.003136557,0
R299N,-5.957469576,0.001628416,0
R299P,-6.000052767,0.001572938,0
R299Q,-5.75899825,0.001909727,0
R299S,-6.097833999,0.001451578,0
R299T,-5.761015461,0.001906669,0
R299V,-6.320841095,0.001203719,0
R299W,-5.388078665,0.002551415,0
R299Y,-5.737108846,0.001943189,0
L300A,-5.922729982,0.001674904,0
L300C,-6.061359185,0.001495889,0
L300D,-5.564310639,0.002225948,0
L300E,-5.81453129,0.001827078,0
L300F,-6.305075008,0.001220011,0
L300G,-7.084618054,0.000594245,0
L300H,-5.235333987,0.002867525,0
L300I,-3.658650049,0.00910659,0
L300K,-5.568718872,0.002218306,0
L300M,-4.393299768,0.005361395,0
L300N,-5.769226364,0.001894265,0
L300P,-6.197510895,0.001336047,0
L300Q,-5.32508178,0.002677747,0
L300R,-6.761734681,0.000813283,0
L300S,-4.09323378,0.006665462,0
L300T,-6.642090382,0.00090773,0
L300V,-1.218938223,0.050641015,0
L300W,-4.046884769,0.006892187,0
L300Y,-5.636776996,0.002103232,0
K301A,-6.426445206,0.001099061,0
K301C,-5.508788135,0.002324232,0
K301D,-4.979575664,0.003477837,0
K301E,-2.8083826,0.016641681,0
K301F,-4.061196257,0.006821401,0
K301G,-6.691832673,0.00086751,0
K301H,-2.186506135,0.025759829,0
K301I,-3.591996923,0.009550381,0
K301L,-4.945352029,0.003568023,0
K301M,-1.773944869,0.034379903,0
K301N,-5.643886516,0.002091522,0
K301P,-6.931614676,0.000691947,0
K301Q,-2.999985471,0.014537294,0
K301R,-1.752754723,0.034892727,0
K301S,-5.412648753,0.002503619,0
K301T,-5.36933467,0.002588429,0
K301V,-4.49499242,0.004977503,0
K301W,-3.652500566,0.009146681,0
K301Y,-3.110242004,0.013447159,0
G302A,-6.9733002,0.000664293,0
G302C,-7.564926997,0.000346959,0
G302D,-4.205666403,0.006144814,0
G302E,-4.984521222,0.003464981,0
G302F,-5.154860621,0.003048025,0
G302H,-6.038775645,0.001523892,0
G302I,-4.99767836,0.003430991,0
G302K,-5.818754684,0.001820921,0
G302L,-5.777035757,0.001882533,0
G302M,-4.516837157,0.00489851,0
G302N,-6.007274086,0.001563692,0
G302P,-7.489616965,0.000380504,0
G302Q,-6.174861918,0.001361602,0
G302R,-7.238213429,0.000506052,0
G302S,-3.932188006,0.007485586,0
G302T,-7.059942311,0.00060931,0
G302V,-5.776814944,0.001882863,0
G302W,-4.871403242,0.003770353,0
G302Y,-6.025872437,0.001540089,0
V303A,-1.757821836,0.034769411,0
V303C,-6.204612473,0.001328117,0
V303D,-6.226156311,0.001304296,0
V303E,-5.432852495,0.002464923,0
V303F,-4.045281701,0.00690016,0
V303G,-5.912887249,0.00168828,0
V303H,-5.883574102,0.001728661,0
V303I,-2.58209397,0.019515182,0
V303K,-6.163925597,0.001374086,0
V303L,-4.644343016,0.004460557,0
V303M,0.13186558,0.129594653,1
V303N,-6.028401561,0.001536903,0
V303P,-7.365113974,0.000439947,0
V303Q,-4.84857238,0.003834944,0
V303R,-4.434372383,0.005203081,0
V303S,-2.302393268,0.023750012,0
V303T,-1.893069106,0.03163306,0
V303W,-5.762292082,0.001904736,0
V303Y,-5.560373636,0.002232794,0
S304A,-3.038505689,0.01414693,0
S304C,-5.711760119,0.001982579,0
S304D,-4.647641175,0.004449734,0
S304E,-5.785392138,0.001870049,0
S304F,0.336889285,0.149427048,1
S304G,-6.933598276,0.000690613,0
S304H,-2.895164791,0.015653862,0
S304I,-5.916413687,0.001683477,0
S304K,-5.35651436,0.002614024,0
S304L,-3.363030676,0.011240987,0
S304M,-1.642503997,0.037685919,0
S304N,-5.443074994,0.002445549,0
S304P,-4.064989223,0.006802758,0
S304Q,-4.147832087,0.006407561,0
S304R,-6.72636003,0.000840397,0
S304T,1.398218426,0.312135566,1
S304V,-1.962872747,0.030125778,0
S304W,-4.05875757,0.006833413,0
S304Y,0.371517612,0.153063844,1
Y305A,-6.649285318,0.000901827,0
Y305C,-4.748930272,0.004129124,0
Y305D,-6.050966726,0.001508721,0
Y305E,-6.582829134,0.000957493,0
Y305F,-5.360370036,0.002606302,0
Y305G,-7.014959653,0.000637444,0
Y305H,-4.033311692,0.006959973,0
Y305I,-6.881407031,0.000726332,0
Y305K,-6.41549374,0.001109562,0
Y305L,-7.735651974,0.000277098,0
Y305M,-5.53090771,0.002284623,0
Y305N,-5.648017589,0.002084744,0
Y305P,-6.866151117,0.00073702,0
Y305Q,-4.752955322,0.004116842,0
Y305R,-7.523004779,0.000365416,0
Y305S,-7.092455823,0.000589514,0
Y305T,-6.767919724,0.00080861,0
Y305V,-7.408852834,0.000418477,0
Y305W,-5.711199641,0.001983458,0
S306A,-0.04892767,0.114297845,0
S306C,-4.550915762,0.004777643,0
S306D,-5.295572592,0.002738848,0
S306E,-5.855432294,0.001768208,0
S306F,-3.610702095,0.009423761,0
S306G,0.001219469,0.118350487,1
S306H,0.229437612,0.138682076,1
S306I,-4.799760302,0.003976517,0
S306K,-4.922351013,0.003629848,0
S306L,-6.044971058,0.001516166,0
S306M,-3.369682204,0.011187996,0
S306N,1.038392223,0.243172687,1
S306P,-4.229538063,0.006039396,0
S306Q,-2.606976485,0.019176714,0
S306R,-2.707715924,0.017864521,0
S306T,-2.972880541,0.01481829,0
S306V,-0.417430904,0.088470582,0
S306W,-5.12741307,0.003111929,0
S306Y,-0.28170431,0.097225374,0
L307A,0.772839567,0.202243588,1
L307C,-2.693570999,0.018043284,0
L307D,-3.961748609,0.007328109,0
L307E,-0.763472753,0.06954381,0
L307F,1.912834102,0.446040678,1
L307G,-0.878809167,0.064179114,0
L307H,-5.358304594,0.002610436,0
L307I,-0.260543089,0.098666093,0
L307K,-4.031932073,0.006966899,0
L307M,0.930638773,0.22565197,1
L307N,-3.454933264,0.010530025,0
L307P,-0.115506728,0.109130381,0
L307Q,-1.084706633,0.05560613,0
L307R,0.196737525,0.135567814,1
L307S,0.566717252,0.175280552,1
L307T,-1.547862179,0.040259952,0
L307V,-0.259574859,0.09873252,0
L307W,0.23265716,0.13899253,1
L307Y,-1.370157367,0.045573921,0
C308A,-5.900092167,0.001705805,0
C308D,-5.309685215,0.002709471,0
C308E,-5.381356318,0.002564635,0
C308F,-4.38602639,0.005389903,0
C308G,-5.698550655,0.002003382,0
C308H,-4.809127218,0.003948977,0
C308I,-5.616406328,0.002137108,0
C308K,-5.396565785,0.002534813,0
C308L,-6.304459755,0.001220651,0
C308M,-4.10874506,0.006591198,0
C308N,-5.1054356,0.003163981,0
C308P,-5.742135256,0.00193546,0
C308Q,-5.096972123,0.003184238,0
C308R,-5.281808301,0.002767779,0
C308S,-4.318352537,0.005662156,0
C308T,-5.901651778,0.001703661,0
C308V,-6.163203534,0.001374914,0
C308W,-5.526397846,0.002292649,0
C308Y,-4.881172865,0.003743024,0
T309A,-2.587910999,0.019435532,0
T309C,-3.799591186,0.008233046,0
T309D,-3.012528665,0.014409035,0
T309E,-4.853664966,0.003820448,0
T309F,-3.460767705,0.0104864,0
T309G,-2.687647119,0.018118672,0
T309H,-4.637305716,0.004483733,0
T309I,-2.040214055,0.02853873,0
T309K,-1.385759917,0.0450807,0
T309L,-1.961605463,0.030152498,0
T309M,-2.31535742,0.023535053,0
T309N,-0.311106471,0.095258344,0
T309P,-3.028149713,0.014250856,0
T309Q,-3.675877875,0.008995179,0
T309R,0.109797575,0.127623173,1
T309S,-2.558489081,0.019841712,0
T309V,-1.701020436,0.036176853,0
T309W,-3.009944386,0.014435369,0
T309Y,-4.106989534,0.006599563,0
A310C,-0.891935408,0.063595307,0
A310D,0.176776598,0.1337012,1
A310E,-2.151775699,0.026394276,0
A310F,-5.394786964,0.002538285,0
A310G,2.066060842,0.496052548,1
A310H,-3.164353591,0.012941863,0
A310I,-6.164878268,0.001372995,0
A310K,-0.903098299,0.063102985,0
A310L,-4.838671188,0.003863276,0
A310M,0.368241808,0.152716056,1
A310N,-2.749443388,0.017347267,0
A310P,-6.749390017,0.000822669,0
A310Q,-1.466462567,0.042612995,0
A310R,-3.326036073,0.011540211,0
A310S,-0.034264171,0.115468338,0
A310T,-3.596991921,0.009516408,0
A310V,-3.888786698,0.007722721,0
A310W,-2.025760844,0.028828883,0
A310Y,-0.337649151,0.09351672,0
A311C,-2.798066857,0.016763104,0
A311D,-2.66756468,0.01837656,0
A311E,-3.25044934,0.012175961,0
A311F,-1.392494254,0.044869459,0
A311G,-1.9280204,0.030869235,0
A311H,-3.4796643,0.010346312,0
A311I,-3.13316424,0.013230795,0
A311K,-1.910669135,0.031246116,0
A311L,-0.310204258,0.095318109,0
A311M,-1.612187111,0.038492158,0
A311N,-4.428261352,0.005226351,0
A311P,-2.318798554,0.023478319,0
A311Q,-0.620226911,0.076832406,0
A311R,-2.897766974,0.015625149,0
A311S,-2.383611163,0.022434648,0
A311T,-1.754444643,0.034851552,0
A311V,-3.580156159,0.009631387,0
A311W,-0.099970816,0.110314942,0
A311Y,0.778124716,0.202986867,1
F312A,-5.567025484,0.002221239,0
F312C,-3.817419959,0.008128502,0
F312D,-5.046869013,0.003306626,0
F312E,-5.042909406,0.00331648,0
F312G,-5.957476483,0.001628407,0
F312H,-5.706651056,0.001990603,0
F312I,-3.856778603,0.007902234,0
F312K,-4.746610276,0.004136218,0
F312L,-4.480475034,0.005030665,0
F312M,-4.263485836,0.005892454,0
F312N,-5.056664166,0.003282364,0
F312P,-6.090911785,0.001459902,0
F312Q,-4.99905995,0.00342744,0
F312R,-5.761299746,0.001906238,0
F312S,-3.90951629,0.007608569,0
F312T,-5.505835179,0.002329566,0
F312V,-4.06558324,0.006799843,0
F312W,-4.390053596,0.005374101,0
F312Y,-4.471574855,0.005063522,0
T313A,1.918383851,0.447760884,1
T313C,-0.09439934,0.110742865,0
T313D,-4.9941911,0.00343997,0
T313E,-3.851897552,0.007929961,0
T313F,-4.647661619,0.004449667,0
T313G,-1.86657298,0.032224563,0
T313H,-3.422672192,0.010774455,0
T313I,-1.407718953,0.044395514,0
T313K,-4.041546222,0.006918773,0
T313L,-4.71969521,0.004219362,0
T313M,-0.76392755,0.069521802,0
T313N,-5.204270244,0.00293601,0
T313P,-5.459167704,0.002415326,0
T313Q,-1.014062482,0.058410753,0
T313R,-2.799433656,0.016746966,0
T313S,-0.200426453,0.102876212,0
T313V,1.332712147,0.298267455,1
T313W,-2.609326972,0.019145042,0
T313Y,-5.524128084,0.002296698,0
F314A,-6.112833486,0.001433679,0
F314C,-5.494206971,0.002350676,0
F314D,-6.064481271,0.001492052,0
F314E,-5.124130938,0.003119652,0
F314G,-6.391632935,0.001132718,0
F314H,-5.730780276,0.001952959,0
F314I,-3.47570797,0.01037549,0
F314K,-5.563305914,0.002227694,0
F314L,0.791337143,0.204856958,1
F314M,-4.583495143,0.004664731,0
F314N,-5.161427308,0.003032916,0
F314P,-6.065550111,0.001490741,0
F314Q,-5.546372438,0.002257289,0
F314R,-6.865377129,0.000737565,0
F314S,-3.895394862,0.007686154,0
F314T,-4.916873486,0.003644717,0
F314V,-5.794412358,0.001856654,0
F314W,-1.57316209,0.039555235,0
F314Y,-4.202275723,0.006159929,0
T315A,0.012672812,0.119296017,1
T315C,0.255739788,0.141238749,1
T315D,-1.302095299,0.047788965,0
T315E,-1.261739579,0.049152527,0
T315F,-2.850204529,0.016158213,0
T315G,-2.305057948,0.023705671,0
T315H,-3.47402004,0.010387963,0
T315I,2.675125285,0.75676052,1
T315K,-3.2248155,0.012399239,0
T315L,-0.543125876,0.08106553,0
T315M,2.276538418,0.574011916,1
T315N,-0.46916178,0.085344656,0
T315P,-3.266461613,0.012038489,0
T315Q,-2.87971617,0.01582539,0
T315R,-1.605571293,0.038670361,0
T315S,0.142674428,0.130571336,1
T315V,-0.402993129,0.089363203,0
T315W,-4.812583378,0.003938861,0
T315Y,0.94612209,0.228089768,1
K316A,-2.72934119,0.017594586,0
K316C,-2.858724489,0.016061428,0
K316D,-5.368700382,0.00258969,0
K316E,-2.647233767,0.018641322,0
K316F,-5.116337586,0.003138061,0
K316G,-5.845773382,0.00178196,0
K316H,0.141309402,0.130447589,1
K316I,-5.961406576,0.001623218,0
K316L,-6.257428648,0.001270345,0
K316M,-2.777192057,0.017011484,0
K316N,-5.890693064,0.001718778,0
K316P,-6.134044625,0.001408682,0
K316Q,-4.113255399,0.006569753,0
K316R,-2.191684569,0.025666532,0
K316S,-6.584027347,0.000956467,0
K316T,-4.268418276,0.005871391,0
K316V,-6.60852248,0.000935667,0
K316W,-3.133686202,0.013225908,0
K316Y,-4.929246435,0.00361121,0
V317A,-3.309308365,0.011678049,0
V317C,-5.7426103,0.001934731,0
V317D,-1.042553059,0.057263107,0
V317E,-2.200398005,0.025510301,0
V317F,-1.173999753,0.052252083,0
V317G,-7.596475018,0.000333419,0
V317H,-5.530528503,0.002285297,0
V317I,-1.865114174,0.032257446,0
V317K,-5.110348342,0.003152276,0
V317L,-5.008075117,0.003404351,0
V317M,-4.139256235,0.006447427,0
V317N,-2.541757169,0.020076424,0
V317P,-0.991146289,0.059350442,0
V317Q,-3.961308022,0.007330433,0
V317R,-6.435414095,0.00109052,0
V317S,-1.908340643,0.031297038,0
V317T,-4.667921776,0.004383725,0
V317W,-5.448150703,0.00243598,0
V317Y,-5.190360318,0.002967158,0
P318A,-6.430903201,0.001094809,0
P318C,-6.084869965,0.001467199,0
P318D,-5.713853,0.001979301,0
P318E,-6.131323547,0.001411868,0
P318F,-5.127669034,0.003111327,0
P318G,-6.892164234,0.000718864,0
P318H,-6.261663572,0.001265803,0
P318I,-5.791212075,0.001861397,0
P318K,-5.5819567,0.002195496,0
P318L,-4.205200862,0.006146887,0
P318M,-4.830368074,0.003887184,0
P318N,-5.301276336,0.002726941,0
P318Q,-8.023574169,0.000176487,0
P318R,-7.412279058,0.000416823,0
P318S,-4.942720288,0.003575047,0
P318T,-6.76499615,0.000810816,0
P318V,-7.010674379,0.00064017,0
P318W,-5.24711776,0.002841929,0
P318Y,-5.686969306,0.002021778,0
A319C,-4.462273094,0.005098079,0
A319D,-4.887267014,0.00372607,0
A319E,-5.972605959,0.001608508,0
A319F,-5.822190629,0.001815926,0
A319G,-6.509784651,0.00102171,0
A319H,-6.056784821,0.001501526,0
A319I,-6.022819684,0.001543942,0
A319K,-5.403258412,0.00252179,0
A319L,-7.321427514,0.000462051,0
A319M,-4.52120539,0.004882857,0
A319N,-5.48873517,0.002360669,0
A319P,-5.059256564,0.00327597,0
A319Q,-5.347458634,0.002632241,0
A319R,-6.096216786,0.001453519,0
A319S,-1.903690211,0.031398986,0
A319T,-2.262049264,0.024431452,0
A319V,-0.759510662,0.069735829,0
A319W,-4.931850602,0.003604194,0
A319Y,-5.213533266,0.002915433,0
E320A,-2.586395944,0.019456246,0
E320C,-6.338506254,0.001185674,0
E320D,-5.890173355,0.001719498,0
E320F,-6.180562349,0.001355132,0
E320G,-5.058353521,0.003278196,0
E320H,-5.434122757,0.002462508,0
E320I,-6.084045999,0.001468197,0
E320K,-3.065462313,0.013879886,0
E320L,-6.172418379,0.001364383,0
E320M,-4.899169777,0.003693163,0
E320N,-5.259055883,0.00281621,0
E320P,-6.516246623,0.001015897,0
E320Q,-4.906819968,0.003672155,0
E320R,-4.583091304,0.004666115,0
E320S,-3.684519452,0.008939793,0
E320T,-3.213942775,0.012495148,0
E320V,-3.125751275,0.01330039,0
E320W,-4.84263923,0.003851898,0
E320Y,-6.278382858,0.001248004,0
T321A,-4.35136768,0.00552774,0
T321C,-4.629013468,0.004511187,0
T321D,-5.123952105,0.003120073,0
T321E,-5.439569818,0.002452176,0
T321F,-5.444463942,0.002442927,0
T321G,-5.514857208,0.002313303,0
T321H,-5.682401368,0.002029074,0
T321I,-4.669470947,0.004378721,0
T321K,-5.253744693,0.002827626,0
T321L,-6.546843845,0.000988723,0
T321M,-4.64667707,0.004452896,0
T321N,-5.377130514,0.002572976,0
T321P,-6.377948609,0.001146173,0
T321Q,-5.647673541,0.002085307,0
T321R,-5.626133445,0.002120873,0
T321S,-5.321323533,0.00268546,0
T321V,-5.97876649,0.001600465,0
T321W,-4.494316297,0.004979967,0
T321Y,-5.062016515,0.003269176,0
L322A,-5.849930256,0.00177603,0
L322C,-5.716624994,0.001974966,0
L322D,-5.448457588,0.002435402,0
L322E,-5.585890055,0.002188759,0
L322F,-2.722681096,0.017677289,0
L322G,-6.971344866,0.000665573,0
L322H,-5.71987399,0.001969896,0
L322I,-3.060485135,0.013928817,0
L322K,-5.763013142,0.001903645,0
L322M,-2.335874888,0.023198775,0
L322N,-5.197905517,0.002950225,0
L322P,-4.003993817,0.007108586,0
L322Q,-4.046028937,0.006896443,0
L322R,-6.070582744,0.001484578,0
L322S,-6.510210569,0.001021326,0
L322T,-6.686630939,0.000871652,0
L322V,-4.222544462,0.006070099,0
L322W,-5.022920904,0.003366643,0
L322Y,-4.151262107,0.006391683,0
H323A,-5.7544837,0.001916587,0
H323C,-3.519017177,0.010060399,0
H323D,-4.670158428,0.004376502,0
H323E,-4.918135543,0.003641286,0
H323F,-4.452444473,0.005134837,0
H323G,-3.49285448,0.010249611,0
H323I,-5.423721859,0.002482344,0
H323K,-5.342920406,0.002641413,0
H323L,-5.417328736,0.002494607,0
H323M,-3.821996558,0.008101873,0
H323N,-5.33524762,0.002656986,0
H323P,-5.596490111,0.002170694,0
H323Q,-3.308027887,0.011688667,0
H323R,-2.529499701,0.020250106,0
H323S,-5.895961839,0.001711496,0
H323T,-5.024443845,0.003362796,0
H323V,-5.84024673,0.00178987,0
H323W,-3.314809011,0.011632547,0
H323Y,-3.970794482,0.007280561,0
G324A,-3.773095763,0.008390817,0
G324C,-4.994380972,0.00343948,0
G324D,-4.196385097,0.006186273,0
G324E,-3.634315298,0.009266245,0
G324F,-4.420973437,0.005254232,0
G324H,-4.040431012,0.006924339,0
G324I,-5.033745356,0.003339392,0
G324K,-4.505023728,0.00494108,0
G324L,-5.893731434,0.001714575,0
G324M,-3.563386653,0.009747255,0
G324N,-4.048062698,0.006886335,0
G324P,-4.445999595,0.005159076,0
G324Q,-4.236322983,0.00600975,0
G324R,-4.46868027,0.005074252,0
G324S,-3.160745745,0.012974967,0
G324T,-4.724958055,0.004202983,0
G324V,-5.678294147,0.002035654,0
G324W,-4.51028622,0.004922074,0
G324Y,-4.522239296,0.004879159,0
T325A,-4.284287274,0.00580411,0
T325C,-4.28344525,0.005807661,0
T325D,-4.740262308,0.004155688,0
T325E,-4.21211893,0.006116147,0
T325F,-4.340618627,0.005571166,0
T325G,-4.525617327,0.004867096,0
T325H,-5.05585847,0.003284353,0
T325I,-4.766567245,0.004075562,0
T325K,-4.311836772,0.005689049,0
T325L,-5.82979638,0.001804911,0
T325M,-4.469712671,0.005070422,0
T325N,-5.369586293,0.002587929,0
T325P,-5.967978822,0.001614572,0
T325Q,-4.686837857,0.004322988,0
T325R,-5.830227695,0.001804288,0
T325S,-1.74572631,0.035064492,0
T325V,-5.125831569,0.003115648,0
T325W,-3.955091113,0.007363294,0
T325Y,-4.329281282,0.00561732,0
V326A,-1.084620144,0.05560948,0
V326C,-4.255999609,0.005924561,0
V326D,-4.815947887,0.003929036,0
V326E,-5.161685791,0.003032323,0
V326F,-4.968898126,0.003505745,0
V326G,-6.369756582,0.001154288,0
V326H,-4.954688477,0.003543207,0
V326I,-1.836033672,0.03291994,0
V326K,-5.094676207,0.003189754,0
V326L,-0.392390935,0.090024399,0
V326M,-4.174921813,0.006283178,0
V326N,-5.255964574,0.002822849,0
V326P,-5.715683738,0.001976437,0
V326Q,-5.083464622,0.003216816,0
V326R,-6.390679092,0.001133652,0
V326S,-6.450410613,0.001076358,0
V326T,-5.061892655,0.00326948,0
V326W,-4.909233,0.003665552,0
V326Y,-4.995942405,0.003435458,0
T327A,-4.295895991,0.005755358,0
T327C,-5.492949176,0.002352969,0
T327D,-5.684933205,0.002025027,0
T327E,-5.607532961,0.002152014,0
T327F,-4.131820313,0.006482186,0
T327G,-4.836535827,0.003869411,0
T327H,-5.234437484,0.00286948,0
T327I,-4.454921838,0.005125548,0
T327K,-4.808355579,0.003951239,0
T327L,-6.345569058,0.001178521,0
T327M,-5.2866185,0.002757637,0
T327N,-5.601462304,0.002162265,0
T327P,-4.886792794,0.003727387,0
T327Q,-4.980606631,0.003475153,0
T327R,-6.727973253,0.000839146,0
T327S,-3.110985784,0.013440084,0
T327V,-6.703624496,0.000858177,0
T327W,-1.456625592,0.042906452,0
T327Y,-5.861387437,0.001759775,0
V328A,-4.340103289,0.005573256,0
V328C,-5.471611595,0.002392186,0
V328D,-5.504194658,0.002332534,0
V328E,-3.859688178,0.007885751,0
V328F,-5.082773361,0.003218491,0
V328G,-6.335724258,0.001188501,0
V328H,-4.851252707,0.003827308,0
V328I,-0.316243031,0.094918799,0
V328K,-5.525374851,0.002294473,0
V328L,-4.572834366,0.004701398,0
V328M,-2.986041415,0.014681192,0
V328N,-4.883302246,0.003737092,0
V328P,-6.077055348,0.001476684,0
V328Q,-5.151277468,0.003056299,0
V328R,-6.119275228,0.001426048,0
V328S,-6.734307982,0.000834247,0
V328T,-2.308868526,0.023642404,0
V328W,-4.994797411,0.003438407,0
V328Y,-4.285356654,0.005799602,0
E329A,-3.367823818,0.011202777,0
E329C,-3.919467197,0.007554352,0
E329D,-0.959154506,0.060687495,0
E329F,-4.057948685,0.006837402,0
E329G,-2.834632071,0.016336598,0
E329H,-3.349076813,0.01135295,0
E329I,-3.616226587,0.009386678,0
E329K,-4.999123804,0.003427276,0
E329L,-5.734608247,0.001947044,0
E329M,-3.292338592,0.011819525,0
E329N,-3.715361162,0.008744807,0
E329P,-4.516537872,0.004899585,0
E329Q,-4.141955538,0.006434853,0
E329R,-5.845872919,0.001781818,0
E329S,-4.252821113,0.005938244,0
E329T,-2.185888295,0.025770982,0
E329V,-3.863059787,0.007866692,0
E329W,-3.623288864,0.009339478,0
E329Y,-3.098323015,0.013561029,0
V330A,-2.97595927,0.014786106,0
V330C,-5.204311962,0.002935917,0
V330D,-4.704959419,0.004265545,0
V330E,-4.498562185,0.004964512,0
V330F,-4.521429661,0.004882055,0
V330G,-5.574799573,0.002207802,0
V330H,-3.571432261,0.009691496,0
V330I,-2.827777258,0.016415733,0
V330K,-4.224820203,0.006060092,0
V330L,-0.75797997,0.069810153,0
V330M,-3.302516966,0.011734469,0
V330N,-4.404719287,0.005316925,0
V330P,-5.01902208,0.003376508,0
V330Q,-4.929200225,0.003611334,0
V330R,-5.875476084,0.001739962,0
V330S,-5.812288092,0.001830355,0
V330T,-5.027390251,0.003355366,0
V330W,-4.168244819,0.006313619,0
V330Y,-4.176633666,0.006275396,0
Q331A,-3.752026269,0.008518362,0
Q331C,-3.838281231,0.008007805,0
Q331D,-4.06249381,0.006815018,0
Q331E,-1.829297651,0.03307531,0
Q331F,-3.86660156,0.007846719,0
Q331G,-3.437248033,0.010663342,0
Q331H,-4.922556124,0.003629292,0
Q331I,-1.705352545,0.036067548,0
Q331K,-2.846218809,0.016203687,0
Q331L,-4.728214155,0.004192878,0
Q331M,-0.760239301,0.069700476,0
Q331N,-3.441792575,0.010628928,0
Q331P,-5.197018729,0.00295221,0
Q331R,-3.83492358,0.008027113,0
Q331S,-1.485766038,0.042042916,0
Q331T,-3.784502285,0.00832254,0
Q331V,-4.511083718,0.004919199,0
Q331W,-4.581001154,0.004673285,0
Q331Y,-4.73953278,0.004157931,0
Y332A,-5.530829686,0.002284761,0
Y332C,-4.871533003,0.003769989,0
Y332D,-4.84544961,0.003843859,0
Y332E,-5.781178746,0.001876334,0
Y332F,-5.882098111,0.001730716,0
Y332G,-5.860085398,0.001761615,0
Y332H,-4.133029921,0.006476519,0
Y332I,-6.012443579,0.001557101,0
Y332K,-5.309160314,0.002710559,0
Y332L,-6.885304435,0.00072362,0
Y332M,-5.057774582,0.003279624,0
Y332N,-4.396056427,0.005350628,0
Y332P,-5.646568146,0.00208712,0
Y332Q,-5.100247782,0.003176384,0
Y332R,-6.424827213,0.001100607,0
Y332S,-6.863784775,0.000738688,0
Y332T,-5.393127407,0.002541528,0
Y332V,-6.172614318,0.00136416,0
Y332W,-5.676830812,0.002038003,0
A333C,-2.714780844,0.017775888,0
A333D,-5.602571386,0.002160389,0
A333E,-1.321599144,0.047143505,0
A333F,-3.269569624,0.012011982,0
A333G,0.529358775,0.170792806,1
A333H,-2.329832233,0.023297317,0
A333I,-3.429281919,0.01072393,0
A333K,-4.36058414,0.005490763,0
A333L,-2.34374214,0.023071096,0
A333M,-3.255794237,0.012129903,0
A333N,-4.908058199,0.003668765,0
A333P,-3.667618209,0.009048427,0
A333Q,-5.180981884,0.002988329,0
A333R,-2.058359144,0.028178553,0
A333S,-0.538895051,0.08130443,0
A333T,-0.756976915,0.069858901,0
A333V,-0.144982254,0.106917731,0
A333W,-4.125167336,0.006513437,0
A333Y,-2.300874417,0.023775323,0
G334A,-6.91053146,0.00070624,0
G334C,-5.853868695,0.001770428,0
G334D,-5.536870931,0.002274048,0
G334E,-4.193359995,0.006199844,0
G334F,-5.811593038,0.001831372,0
G334H,-1.771230445,0.034445175,0
G334I,-5.499864474,0.002340384,0
G334K,-5.050517038,0.003297571,0
G334L,-7.147305956,0.000557113,0
G334M,-4.845280399,0.003844342,0
G334N,-5.519108449,0.002305676,0
G334P,-5.719657438,0.001970233,0
G334Q,-5.47147288,0.002392443,0
G334R,-5.243778344,0.002849161,0
G334S,-6.927271699,0.000694874,0
G334T,-5.508037678,0.002325586,0
G334V,-6.651731545,0.000899826,0
G334W,-6.262513223,0.001264894,0
G334Y,-5.117255336,0.003135888,0
T335A,-0.104285825,0.109984657,0
T335C,-0.639115826,0.075829383,0
T335D,-0.643988284,0.075572773,0
T335E,0.156079216,0.131792797,1
T335F,-0.665445332,0.074452985,0
T335G,-0.570825071,0.079518643,0
T335H,-0.977364056,0.059922818,0
T335I,-0.774325084,0.069020555,0
T335K,-0.971845599,0.060153538,0
T335L,-0.816644204,0.067017289,0
T335M,-0.874900795,0.064353973,0
T335N,-1.503628278,0.041522152,0
T335P,-0.659095597,0.074782628,0
T335Q,-0.831188152,0.066342277,0
T335R,-1.584748608,0.039236601,0
T335S,-0.513999716,0.082724461,0
T335V,-1.060696111,0.056544,0
T335W,-0.588899162,0.078525173,0
T335Y,-0.593698054,0.07826348,0
D336A,-2.069073293,0.027967996,0
D336C,-2.50685882,0.02057482,0
D336E,-2.44649375,0.021465896,0
D336F,-2.023701368,0.028870465,0
D336G,-2.536974246,0.02014402,0
D336H,-2.573251726,0.019636873,0
D336I,-2.781956676,0.016954475,0
D336K,-2.109338264,0.027190534,0
D336L,-2.138596095,0.026639063,0
D336M,-2.145613751,0.026508444,0
D336N,-2.07968939,0.027760903,0
D336P,-2.080852036,0.027738315,0
D336Q,-2.183350434,0.025816847,0
D336R,-2.310728548,0.023611583,0
D336S,-2.139630793,0.026619765,0
D336T,-2.160233421,0.026238362,0
D336V,-2.238706397,0.02483452,0
D336W,-2.086514879,0.027628557,0
D336Y,-3.542677456,0.009892215,0
G337A,-1.083671653,0.055646236,0
G337C,-2.985960391,0.014682032,0
G337D,-2.847184056,0.016192663,0
G337E,-3.833768215,0.008033768,0
G337F,-2.387949156,0.022366453,0
G337H,-2.378989209,0.022507532,0
G337I,-2.544673622,0.020035317,0
G337K,-2.622660648,0.018966348,0
G337L,-3.260662473,0.012088101,0
G337M,-2.476043273,0.021025043,0
G337N,-2.924865773,0.015329202,0
G337P,-2.521099481,0.020369987,0
G337Q,-2.91287691,0.015459448,0
G337R,-3.398462175,0.01096151,0
G337S,-3.342003891,0.011410116,0
G337T,-2.697952059,0.017987729,0
G337V,-5.920656051,0.001677714,0
G337W,-2.580911257,0.019531416,0
G337Y,-2.642305877,0.01870606,0
P338A,-6.752223072,0.000820508,0
P338C,-5.667003569,0.00205384,0
P338D,-5.270389971,0.002791988,0
P338E,-5.285540279,0.002759907,0
P338F,-5.491976756,0.002354744,0
P338G,-6.374914231,0.001149174,0
P338H,-6.804452058,0.000781415,0
P338I,-5.547973177,0.002254477,0
P338K,-5.76998788,0.001893118,0
P338L,-4.197743527,0.006180188,0
P338M,-4.524122229,0.004872432,0
P338N,-5.708239524,0.001988105,0
P338Q,-6.298937685,0.001226402,0
P338R,-7.572128975,0.000343842,0
P338S,-4.99793402,0.003430334,0
P338T,-6.440409599,0.001085787,0
P338V,-5.874255484,0.001741671,0
P338W,-4.970301423,0.003502065,0
P338Y,-5.523666347,0.002297523,0
C339A,-6.543637917,0.000991544,0
C339D,-5.197770743,0.002950526,0
C339E,-5.233918937,0.002870612,0
C339F,-5.411707043,0.002505436,0
C339G,-5.331128652,0.00266538,0
C339H,-5.444706356,0.002442469,0
C339I,-5.897146442,0.001709862,0
C339K,-5.443774326,0.002444228,0
C339L,-6.962622866,0.0006713,0
C339M,-4.725692693,0.004200701,0
C339N,-5.232192066,0.002874385,0
C339P,-5.782214485,0.001874787,0
C339Q,-5.480478223,0.00237582,0
C339R,-5.356970862,0.002613109,0
C339S,-6.127982274,0.001415789,0
C339T,-5.940098353,0.001651522,0
C339V,-6.703363992,0.000858383,0
C339W,-4.844786545,0.003845754,0
C339Y,-3.557146564,0.009790715,0
K340A,-6.227383167,0.00130295,0
K340C,-5.173354095,0.003005649,0
K340D,-5.135317348,0.003093401,0
K340E,-4.618467373,0.004546331,0
K340F,-5.515632494,0.002311911,0
K340G,-5.949591697,0.00163886,0
K340H,-5.051299204,0.003295632,0
K340I,-5.443898697,0.002443993,0
K340L,-6.748251896,0.000823539,0
K340M,-4.385780893,0.005390868,0
K340N,-5.354351709,0.002618364,0
K340P,-6.603891966,0.000939572,0
K340Q,-5.996762821,0.001577166,0
K340R,-1.584879242,0.039233023,0
K340S,-6.700740686,0.000860453,0
K340T,-6.020860349,0.00154642,0
K340V,-6.386321934,0.001137925,0
K340W,-4.710597025,0.00424782,0
K340Y,-5.247825316,0.002840398,0
I341A,-4.909997231,0.003663463,0
I341C,-4.66082015,0.004406734,0
I341D,-4.602516329,0.004599978,0
I341E,-4.776334206,0.004046182,0
I341F,-4.81587234,0.003929256,0
I341G,-5.423526739,0.002482717,0
I341H,-4.672056043,0.004370383,0
I341K,-5.534856478,0.002277616,0
I341L,-6.473253895,0.001055067,0
I341M,-4.585284799,0.004658602,0
I341N,-3.366672677,0.011211942,0
I341P,-5.181461334,0.002987243,0
I341Q,-4.663874186,0.004396825,0
I341R,-6.375502526,0.001148591,0
I341S,-5.836615269,0.001795084,0
I341T,-4.162198516,0.006341306,0
I341V,-3.043995918,0.014092136,0
I341W,-3.687658171,0.008919759,0
I341Y,-5.30495443,0.002719287,0
P342A,-2.640131133,0.0187347,0
P342C,-4.477600898,0.005041253,0
P342D,-4.539534624,0.004817691,0
P342E,-5.193762765,0.002959511,0
P342F,-4.854150723,0.003819068,0
P342G,-5.720461479,0.00196898,0
P342H,-5.053381554,0.003290476,0
P342I,-5.756010619,0.001914264,0
P342K,-4.916360104,0.003646113,0
P342L,-4.333044906,0.005601958,0
P342M,-4.279660609,0.005823649,0
P342N,-4.685215956,0.004328165,0
P342Q,-3.365834346,0.011218621,0
P342R,-5.255387062,0.002824091,0
P342S,-4.027543124,0.006988976,0
P342T,-5.791421812,0.001861085,0
P342V,-5.112977265,0.00314603,0
P342W,-3.58789076,0.009578397,0
P342Y,-5.355391322,0.002616277,0
V343A,-1.408463039,0.044372479,0
V343C,-0.715996765,0.071879753,0
V343D,-5.493978579,0.002351092,0
V343E,-5.913463283,0.001687494,0
V343F,-5.075422078,0.003236358,0
V343G,-7.887163124,0.000221658,0
V343H,-5.557949089,0.002237018,0
V343I,-0.768685853,0.069291964,0
V343K,-5.134939956,0.003094284,0
V343L,-4.007220921,0.007092079,0
V343M,-4.287276094,0.00579152,0
V343N,-5.581067829,0.002197021,0
V343P,-5.200045413,0.002945438,0
V343Q,-4.892627464,0.003711217,0
V343R,-7.029948536,0.000627971,0
V343S,-7.172941225,0.000542387,0
V343T,-5.643349641,0.002092404,0
V343W,-3.842025235,0.007986327,0
V343Y,-6.070091789,0.001485178,0
Q344A,-1.276388037,0.048653161,0
Q344C,-1.29738299,0.047946228,0
Q344D,-2.064838383,0.028051035,0
Q344E,-2.208887913,0.025358983,0
Q344F,-2.709291599,0.017844716,0
Q344G,-0.745395075,0.070424229,0
Q344H,0.879084344,0.217720921,1
Q344I,0.271010433,0.142744642,1
Q344K,3.077087213,1,1
Q344L,-1.196296762,0.05144645,0
Q344M,-0.227387527,0.100966349,0
Q344N,-0.439197314,0.087141638,0
Q344P,-6.368261216,0.001155775,0
Q344R,-1.375382199,0.045408162,0
Q344S,0.224786245,0.138234775,1
Q344T,-0.863379485,0.064872196,0
Q344V,0.109563227,0.127602399,1
Q344W,-2.68146325,0.0181977,0
Q344Y,-3.267031945,0.012033621,0
M345A,-5.302273634,0.002724863,0
M345C,-2.325626659,0.023366144,0
M345D,-3.540954725,0.009904368,0
M345E,-4.733825143,0.00417552,0
M345F,-0.62581771,0.076534159,0
M345G,-3.863916896,0.007861854,0
M345H,-2.535535978,0.020164391,0
M345I,1.215063303,0.274887833,1
M345K,-5.065664526,0.003260215,0
M345L,0.809647408,0.207477076,1
M345N,-4.37406506,0.005437099,0
M345P,-3.125374582,0.013303936,0
M345Q,-3.041577611,0.014116246,0
M345R,-5.604690861,0.002156808,0
M345S,-6.071015868,0.001484049,0
M345T,-4.183686833,0.00624343,0
M345V,0.18533548,0.134498408,1
M345W,-5.666049824,0.002055383,0
M345Y,-3.657677819,0.009112917,0
A346C,-2.732518639,0.017555264,0
A346D,-3.841441416,0.007989672,0
A346E,-6.541222877,0.000993672,0
A346F,-0.945004875,0.061288383,0
A346G,1.512129602,0.337802928,1
A346H,-0.811703925,0.067248129,0
A346I,-3.181827039,0.012782702,0
A346K,-2.613569235,0.019088009,0
A346L,-3.102733865,0.01351878,0
A346M,1.235254215,0.278765943,1
A346N,-3.010220847,0.01443255,0
A346P,-4.665755471,0.004390732,0
A346Q,-4.556044592,0.004759698,0
A346R,-1.419101498,0.044044429,0
A346S,-2.18793578,0.025734038,0
A346T,-1.160521649,0.052745144,0
A346V,-3.028361114,0.014248727,0
A346W,2.002679794,0.47471955,1
A346Y,-0.688463764,0.073270086,0
V347A,-3.712894068,0.008760251,0
V347C,-5.084407019,0.003214533,0
V347D,-2.670041434,0.018344561,0
V347E,-2.379808077,0.022494602,0
V347F,-2.583776959,0.019492105,0
V347G,-3.672759869,0.009015244,0
V347H,-4.113411218,0.006569013,0
V347I,-1.94664642,0.030469678,0
V347K,-4.45685199,0.005118322,0
V347L,-1.276349009,0.048654485,0
V347M,-1.79446154,0.033890504,0
V347N,-1.62656478,0.03810769,0
V347P,0.935207893,0.226368644,1
V347Q,-1.99913693,0.029371036,0
V347R,-3.14037645,0.013163426,0
V347S,-5.575936568,0.002205843,0
V347T,-2.463461913,0.021211642,0
V347W,-1.808921628,0.033549735,0
V347Y,-2.721432458,0.017692837,0
D348A,-4.848974933,0.003833797,0
D348C,-5.406081954,0.002516314,0
D348E,-0.521448282,0.082297022,0
D348F,-5.428018726,0.002474132,0
D348G,-0.049165485,0.114278959,0
D348H,-3.281697733,0.01190909,0
D348I,-5.51582092,0.002311572,0
D348K,-4.358090604,0.005500744,0
D348L,-6.229173863,0.001300987,0
D348M,-3.472534776,0.010398951,0
D348N,-1.192745683,0.051573925,0
D348P,-6.494067494,0.001035958,0
D348Q,-4.721840865,0.004212677,0
D348R,-6.397486861,0.001127002,0
D348S,0.901397705,0.221118813,1
D348T,-0.571059266,0.07950569,0
D348V,-4.773947927,0.004053342,0
D348W,-2.818741222,0.016520625,0
D348Y,-4.669548365,0.004378471,0
M349A,1.324592215,0.296591863,1
M349C,-2.427303442,0.021757072,0
M349D,-1.420156821,0.044012019,0
M349E,2.285120028,0.577438161,1
M349F,0.434207964,0.159874041,1
M349G,0.041360496,0.121697539,1
M349H,2.441040621,0.643374367,1
M349I,0.261668923,0.14182155,1
M349K,-1.62189329,0.038232188,0
M349L,-1.868949812,0.032171057,0
M349N,-5.505275698,0.002330577,0
M349P,2.368695465,0.611893734,1
M349Q,-1.708038646,0.035999939,0
M349R,0.577504873,0.176598203,1
M349S,1.721454097,0.390593315,1
M349T,2.305286339,0.585570324,1
M349V,1.535551711,0.343336475,1
M349W,0.072104523,0.12432477,1
M349Y,-2.210264405,0.025334533,0
Q350A,-1.45433989,0.042974926,0
Q350C,-6.051634616,0.001507894,0
Q350D,-2.391293904,0.022314013,0
Q350E,-1.747910786,0.035011016,0
Q350F,-2.027701978,0.028789745,0
Q350G,0.375498829,0.153487588,1
Q350H,0.142618179,0.130566235,1
Q350I,2.683087139,0.760949971,1
Q350K,1.211306977,0.274172317,1
Q350L,-0.045868487,0.114541059,0
Q350M,-0.329270423,0.094063041,0
Q350N,0.607632173,0.180330705,1
Q350P,-0.382845532,0.090623861,0
Q350R,1.842131447,0.424695052,1
Q350S,-2.816234505,0.01654984,0
Q350T,-2.015988907,0.029026711,0
Q350V,-1.289179553,0.048221227,0
Q350W,-4.972709442,0.00349576,0
Q350Y,1.124314366,0.258112327,1
T351A,0.31897627,0.147579737,1
T351C,-5.150645056,0.003057761,0
T351D,-4.482141471,0.005024535,0
T351E,-4.595725305,0.004622999,0
T351F,-2.34068714,0.023120593,0
T351G,-0.775540667,0.068962189,0
T351H,-4.874212093,0.003762477,0
T351I,-2.226550462,0.025047017,0
T351K,-2.758967251,0.017231291,0
T351L,0.404913171,0.156654832,1
T351M,-1.232096567,0.050178701,0
T351N,0.269291471,0.142574332,1
T351P,-4.169654233,0.006307182,0
T351Q,1.014834801,0.239229702,1
T351R,1.352048461,0.302295782,1
T351S,-1.926648871,0.030898861,0
T351V,0.495073158,0.166775216,1
T351W,-3.410385384,0.010868995,0
T351Y,0.592528247,0.178449721,1
L352A,-1.368747761,0.045618744,0
L352C,-5.712272331,0.001981776,0
L352D,-0.595795631,0.078149367,0
L352E,-0.729435244,0.071210726,0
L352F,-2.40511429,0.022098615,0
L352G,-1.332236211,0.046795143,0
L352H,2.509025099,0.674431413,1
L352I,-1.793045039,0.03392407,0
L352K,-0.368823479,0.091511685,0
L352M,-0.827941242,0.066492382,0
L352N,1.674916167,0.378185891,1
L352P,1.355815613,0.303086895,1
L352Q,-0.286867672,0.096877032,0
L352R,-0.469027811,0.085352607,0
L352S,1.463946246,0.326698087,1
L352T,-0.137117929,0.107503671,0
L352V,-0.468867891,0.0853621,0
L352W,-1.542204427,0.040419244,0
L352Y,0.743751374,0.198201136,1
T353A,1.997362436,0.472972064,1
T353C,-4.387057273,0.005385854,0
T353D,-1.688597006,0.03649214,0
T353E,-5.794356293,0.001856737,0
T353F,1.208319924,0.273604662,1
T353G,0.316484042,0.147324534,1
T353H,-4.470231349,0.0050685,0
T353I,0.705801668,0.193048239,1
T353K,-3.07519406,0.013784698,0
T353L,-3.52594918,0.010010838,0
T353M,-0.523015625,0.082207361,0
T353N,1.322149454,0.296089629,1
T353P,-5.325384463,0.002677127,0
T353Q,0.832427444,0.210783563,1
T353R,0.758003109,0.200171549,1
T353S,-0.00604455,0.117754685,0
T353V,-0.40042114,0.089523156,0
T353W,-3.709753759,0.008779948,0
T353Y,-3.08934049,0.013647469,0
P354A,0.847905625,0.213060172,1
P354C,-4.283163568,0.005808849,0
P354D,-2.951254457,0.015046304,0
P354E,-6.190165944,0.001344291,0
P354F,-4.457464773,0.00511603,0
P354G,-0.099548229,0.110347341,0
P354H,-1.332467819,0.046787586,0
P354I,-2.184751115,0.025791524,0
P354K,0.005048886,0.11866579,1
P354L,-5.29863065,0.002732458,0
P354M,-0.376578092,0.091019626,0
P354N,0.245495107,0.140237381,1
P354Q,0.525193205,0.170299574,1
P354R,2.734394843,0.788509312,1
P354S,-1.174797745,0.052223034,0
P354T,0.221619528,0.137931071,1
P354V,-0.999713134,0.058997406,0
P354W,-4.182133072,0.006250459,0
P354Y,-2.072828161,0.027894574,0
V355A,1.932496604,0.452165213,1
V355C,-2.209939389,0.025340304,0
V355D,-4.456080017,0.005121211,0
V355E,-2.650306656,0.018601065,0
V355F,-4.677668472,0.004352331,0
V355G,-0.466502046,0.085502656,0
V355H,-2.13825991,0.026645337,0
V355I,1.168303191,0.266112209,1
V355K,-2.469759465,0.021118037,0
V355L,-0.543692107,0.08103361,0
V355M,-2.035657776,0.028629885,0
V355N,-4.183020079,0.006246446,0
V355P,-6.51886817,0.001013546,0
V355Q,-3.748825819,0.0085379,0
V355R,-3.802785875,0.008214218,0
V355S,1.318319883,0.295303974,1
V355T,-1.528595158,0.040804976,0
V355W,-1.87234119,0.032094866,0
V355Y,-0.070916435,0.112564768,0
G356A,-6.747430421,0.000824167,0
G356C,-6.199134602,0.00133423,0
G356D,-6.135545926,0.001406927,0
G356E,-5.846743866,0.001780574,0
G356F,-5.376183859,0.002574848,0
G356H,-5.80814953,0.001836415,0
G356I,-6.264415741,0.001262859,0
G356K,-6.154648738,0.00138475,0
G356L,-6.89624217,0.000716047,0
G356M,-5.463368726,0.002407492,0
G356N,-5.777867717,0.001881286,0
G356P,-6.547711194,0.000987961,0
G356Q,-6.163588476,0.001374472,0
G356R,-4.977262276,0.003483866,0
G356S,-7.180886497,0.000537876,0
G356T,-6.843513986,0.000753088,0
G356V,-6.778634716,0.000800562,0
G356W,-5.727802654,0.00195757,0
G356Y,-5.768762185,0.001894964,0
R357A,-6.652170874,0.000899467,0
R357C,-6.100357859,0.001448553,0
R357D,-5.373552911,0.002580058,0
R357E,-5.84808492,0.00177866,0
R357F,-5.371324103,0.002584478,0
R357G,-5.045884114,0.003309075,0
R357H,-5.640121436,0.002097716,0
R357I,-5.836551841,0.001795176,0
R357K,-4.121351717,0.006531425,0
R357L,-6.919655653,0.000700029,0
R357M,-6.367094671,0.001156935,0
R357N,-5.643874217,0.002091542,0
R357P,-6.606906231,0.000937028,0
R357Q,-5.802181136,0.001845184,0
R357S,-5.7476833,0.001926961,0
R357T,-7.113832008,0.00057674,0
R357V,-6.676338143,0.00087989,0
R357W,-4.449452923,0.005146074,0
R357Y,-5.064777567,0.003262391,0
L358A,-4.112843277,0.006571709,0
L358C,-3.502330651,0.010180681,0
L358D,-4.851924534,0.003825397,0
L358E,-5.35395714,0.002619156,0
L358F,-3.716827894,0.008735637,0
L358G,-6.280980424,0.001245257,0
L358H,-5.238764017,0.002860052,0
L358I,-5.159331556,0.003037731,0
L358K,-5.083530174,0.003216657,0
L358M,-6.216547564,0.001314876,0
L358N,-3.854633361,0.007914408,0
L358P,-3.503805492,0.010169994,0
L358Q,-4.660976202,0.004406227,0
L358R,-4.011201504,0.00707177,0
L358S,-1.575233063,0.039498094,0
L358T,-4.200720256,0.006166875,0
L358V,-1.955587141,0.03027971,0
L358W,-4.058016857,0.006837066,0
L358Y,-3.985397668,0.007204428,0
I359A,-4.448241801,0.005150631,0
I359C,-5.282727332,0.002765838,0
I359D,-5.225711599,0.002888581,0
I359E,-5.374645187,0.002577894,0
I359F,-5.07613113,0.003234631,0
I359G,-6.017328384,0.001550894,0
I359H,-4.554993602,0.00476337,0
I359K,-3.539729854,0.009913017,0
I359L,-6.132398513,0.001410609,0
I359M,-3.463366287,0.010467027,0
I359N,-5.64167815,0.002095153,0
I359P,-5.174338775,0.003003408,0
I359Q,-5.015272194,0.003386022,0
I359R,-4.903478099,0.003681318,0
I359S,-6.588974666,0.000952237,0
I359T,-3.856485178,0.007903898,0
I359V,-2.425351406,0.021786908,0
I359W,-5.298473501,0.002732786,0
I359Y,-5.048451226,0.003302696,0
T360A,-4.418134658,0.005265131,0
T360C,-5.942485236,0.00164833,0
T360D,-5.902941175,0.001701889,0
T360E,-5.834170532,0.001798602,0
T360F,-5.821234,0.001817316,0
T360G,-6.615485573,0.000929818,0
T360H,-5.715398891,0.001976882,0
T360I,-4.090452587,0.006678862,0
T360K,-5.336321504,0.002654801,0
T360L,-6.956284843,0.000675485,0
T360M,-5.040441252,0.003322637,0
T360N,-5.556043415,0.002240344,0
T360P,-5.408236509,0.002512143,0
T360Q,-5.424084337,0.00248165,0
T360R,-7.106312185,0.000581212,0
T360S,-4.013460178,0.00706027,0
T360V,-6.29700597,0.001228419,0
T360W,-5.011083345,0.003396679,0
T360Y,-5.953447944,0.00163374,0
A361C,-5.851586581,0.001773672,0
A361D,-6.544158786,0.000991085,0
A361E,-6.04269163,0.001519005,0
A361F,-5.129392636,0.003107279,0
A361G,-4.566591574,0.004722996,0
A361H,-6.092633617,0.001457827,0
A361I,-5.577006689,0.002204001,0
A361K,-5.54175553,0.002265419,0
A361L,-7.126253005,0.000569404,0
A361M,-4.551054853,0.004777155,0
A361N,-5.817433793,0.001822845,0
A361P,-5.075341291,0.003236555,0
A361Q,-5.601011628,0.002163028,0
A361R,-7.518161655,0.000367583,0
A361S,-6.571789481,0.000966991,0
A361T,-4.004810897,0.007104403,0
A361V,-5.018461178,0.00337793,0
A361W,-5.152428931,0.003053638,0
A361Y,-4.296586981,0.005752468,0
N362A,-6.958223926,0.000674202,0
N362C,-5.643203943,0.002092644,0
N362D,-4.533256548,0.004839919,0
N362E,-6.336502203,0.00118771,0
N362F,-5.690043876,0.00201688,0
N362G,-5.72259217,0.001965662,0
N362H,-4.670543675,0.004375259,0
N362I,-5.007544501,0.003405706,0
N362K,-4.526022462,0.004865651,0
N362L,-7.070064569,0.000603099,0
N362M,-4.207901397,0.00613487,0
N362P,-6.041740654,0.00152019,0
N362Q,-4.791779844,0.004000123,0
N362R,-7.270363555,0.000488751,0
N362S,-5.150591548,0.003057885,0
N362T,-5.276358245,0.00277931,0
N362V,-6.675018214,0.000880951,0
N362W,-5.287629902,0.002755509,0
N362Y,-4.822183335,0.003910887,0
P363A,-2.843420501,0.016235688,0
P363C,-5.897257981,0.001709708,0
P363D,-6.090823058,0.001460008,0
P363E,-5.646698904,0.002086905,0
P363F,-5.771252751,0.001891214,0
P363G,-6.902149356,0.000711981,0
P363H,-8.36609777,8.02E-05,0
P363I,-6.236551482,0.001292928,0
P363K,-5.476337396,0.00238345,0
P363L,-4.592931629,0.0046325,0
P363M,-4.807432286,0.003953947,0
P363N,-5.542611345,0.00226391,0
P363Q,-5.561729646,0.002230434,0
P363R,-7.24585337,0.000501906,0
P363S,-5.528349012,0.002289174,0
P363T,-7.321038727,0.000462251,0
P363V,-7.105531942,0.000581677,0
P363W,-5.847356209,0.0017797,0
P363Y,-6.089847007,0.001461185,0
V364A,-4.690199428,0.004312278,0
V364C,-1.393478055,0.044838682,0
V364D,-6.92837251,0.000694131,0
V364E,-7.121505419,0.0005722,0
V364F,-1.013253418,0.058443675,0
V364G,-6.273725463,0.001252941,0
V364H,-5.642328862,0.002094082,0
V364I,-1.1279098,0.053957395,0
V364K,-6.492964078,0.001036964,0
V364L,-4.659885957,0.004409769,0
V364M,-2.175493486,0.025959354,0
V364N,-5.871898853,0.001744974,0
V364P,-6.502197686,0.001028569,0
V364Q,-5.446433901,0.002439213,0
V364R,-7.40060618,0.000422476,0
V364S,-7.822360533,0.000244659,0
V364T,-7.466395324,0.000391205,0
V364W,-5.469886049,0.002395383,0
V364Y,-3.011251887,0.01442204,0
I365A,-6.052189018,0.001507207,0
I365C,-5.328485453,0.00267078,0
I365D,-5.372970096,0.002581213,0
I365E,-5.55081168,0.002249497,0
I365F,-5.822579273,0.001815362,0
I365G,-6.706147058,0.000856191,0
I365H,-4.457961524,0.005114173,0
I365K,-5.708087274,0.001988344,0
I365L,-3.448287464,0.010579931,0
I365M,-2.434287726,0.02165065,0
I365N,-3.721109559,0.008708923,0
I365P,-5.359908015,0.002607227,0
I365Q,-5.212576018,0.002917554,0
I365R,-6.784619588,0.000796093,0
I365S,-5.550538176,0.002249976,0
I365T,-4.564409483,0.004730568,0
I365V,-0.425079587,0.088001307,0
I365W,-4.455672706,0.005122736,0
I365Y,-5.552137355,0.002247174,0
T366A,0.700419275,0.192328319,1
T366C,-3.900839633,0.007656149,0
T366D,-5.846083989,0.001781516,0
T366E,-5.880540818,0.001732886,0
T366F,-4.526151813,0.00486519,0
T366G,-5.789765816,0.001863543,0
T366H,-3.641932187,0.009215982,0
T366I,-4.339213871,0.005576865,0
T366K,-5.658035858,0.002068386,0
T366L,-3.79606659,0.008253867,0
T366M,-1.573594437,0.039543299,0
T366N,-5.109030083,0.003155413,0
T366P,-0.61812509,0.07694483,0
T366Q,-5.735667623,0.00194541,0
T366R,-4.116895393,0.006552494,0
T366S,-2.152490774,0.026381058,0
T366V,-3.905244433,0.007631959,0
T366W,-5.338702462,0.002649964,0
T366Y,-5.642593949,0.002093646,0
E367A,-4.520324829,0.004886009,0
E367C,-3.509653579,0.010127724,0
E367D,-0.829689299,0.066411527,0
E367F,-6.696087161,0.000864134,0
E367G,-3.694189354,0.008878209,0
E367H,-5.869432053,0.001748438,0
E367I,-6.731999133,0.00083603,0
E367K,-3.989124537,0.007185121,0
E367L,-6.417252462,0.00110787,0
E367M,-5.071840007,0.003245098,0
E367N,-6.342169041,0.00118196,0
E367P,-7.24744144,0.000501047,0
E367Q,-5.123507488,0.003121121,0
E367R,-7.070745499,0.000602683,0
E367S,-2.649780177,0.018607956,0
E367T,-6.160639663,0.001377856,0
E367V,-5.621138679,0.002129196,0
E367W,-5.39192896,0.002543872,0
E367Y,-6.659126538,0.000893799,0
S368A,-0.147318485,0.106744283,0
S368C,-0.712764172,0.072041618,0
S368D,-5.37403391,0.002579104,0
S368E,-5.700164472,0.00200083,0
S368F,-2.258555452,0.024491366,0
S368G,-0.551317431,0.080604968,0
S368H,-3.747164112,0.008548061,0
S368I,-2.861183835,0.016033596,0
S368K,-5.025586421,0.003359913,0
S368L,-5.596515309,0.002170651,0
S368M,-2.966485183,0.014885364,0
S368N,1.042900402,0.243934622,1
S368P,-0.759322132,0.069744979,0
S368Q,-4.644354981,0.004460518,0
S368R,-3.082359889,0.013715017,0
S368T,-2.967157116,0.014878302,0
S368V,-1.625882698,0.038125842,0
S368W,-0.117718061,0.108962809,0
S368Y,-3.444379124,0.010609389,0
T369A,-2.690525518,0.018082003,0
T369C,-3.241062522,0.012257263,0
T369D,0.683343853,0.190062099,1
T369E,-5.420901761,0.002487747,0
T369F,-2.435124187,0.021637939,0
T369G,-0.989444612,0.059420817,0
T369H,-4.990111279,0.003450502,0
T369I,0.482175876,0.165288455,1
T369K,-4.1028327,0.00661941,0
T369L,-2.578872782,0.019559427,0
T369M,-3.515829221,0.010083272,0
T369N,-0.095957709,0.110623007,0
T369P,-4.145742601,0.006417253,0
T369Q,-4.0703731,0.006776379,0
T369R,-6.081614147,0.001471144,0
T369S,-1.685740736,0.036565012,0
T369V,0.251574614,0.140830765,1
T369W,-0.4545128,0.086218499,0
T369Y,-3.750071143,0.008530292,0
E370A,-4.321899406,0.005647567,0
E370C,-4.73393834,0.00417517,0
E370D,-0.188272518,0.10374891,0
E370F,-4.568366552,0.004716846,0
E370G,-3.971996082,0.007274267,0
E370H,-3.268824766,0.01201833,0
E370I,-4.985384028,0.003462742,0
E370K,-3.30894689,0.011681046,0
E370L,-5.188459106,0.002971438,0
E370M,-2.576496481,0.019592131,0
E370N,-4.472627218,0.005059626,0
E370P,-3.79355376,0.008268742,0
E370Q,-4.94146745,0.003578395,0
E370R,-5.76603862,0.001899072,0
E370S,-2.602920576,0.019231488,0
E370T,-5.189576351,0.002968922,0
E370V,-5.205370993,0.002933558,0
E370W,-4.460722045,0.005103863,0
E370Y,-5.013241667,0.003391184,0
N371A,-4.618832241,0.004545111,0
N371C,-4.778473218,0.004039774,0
N371D,-2.191777447,0.025664862,0
N371E,-2.23963393,0.024818379,0
N371F,-1.723364036,0.035616596,0
N371G,-1.425469564,0.043849216,0
N371H,0.81011835,0.207544905,1
N371I,-4.411561721,0.005290448,0
N371K,-3.30781647,0.011690421,0
N371L,-0.231348941,0.100688726,0
N371M,-4.069886958,0.006778757,0
N371P,-5.097727545,0.003182425,0
N371Q,-4.559690953,0.004746979,0
N371R,-3.445155443,0.010603531,0
N371S,-1.345924899,0.046350602,0
N371T,-2.750990049,0.01732838,0
N371V,-5.379517174,0.002568262,0
N371W,-4.265676621,0.00588309,0
N371Y,-4.770584834,0.004063453,0
S372A,-1.039312917,0.057392486,0
S372C,-1.392466049,0.044870342,0
S372D,-5.414689952,0.002499685,0
S372E,-5.150791609,0.003057422,0
S372F,-6.069967909,0.00148533,0
S372G,-1.298437095,0.047911005,0
S372H,-4.584057008,0.004662806,0
S372I,-5.260543354,0.00281302,0
S372K,-4.808774313,0.003950012,0
S372L,-4.685067236,0.00432864,0
S372M,-3.923373346,0.007533172,0
S372N,-4.55688253,0.004756772,0
S372P,-2.710067306,0.017834973,0
S372Q,-5.288536186,0.002753603,0
S372R,-6.733705334,0.000834712,0
S372T,-4.638983307,0.004478198,0
S372V,-6.660583108,0.000892616,0
S372W,-4.996368034,0.003434362,0
S372Y,-5.33457701,0.002658351,0
K373A,-0.559578203,0.080143155,0
K373C,-4.186527917,0.006230598,0
K373D,-3.941657971,0.007434785,0
K373E,-0.767766571,0.069336309,0
K373F,-2.412929173,0.021977726,0
K373G,-1.614093149,0.038440969,0
K373H,-3.622377421,0.009345556,0
K373I,-1.103763943,0.054872768,0
K373L,0.528996906,0.170749902,1
K373M,1.816355403,0.417169641,1
K373N,-0.169979367,0.105076366,0
K373P,-2.203249636,0.025459376,0
K373Q,-4.250502779,0.005948243,0
K373R,1.208101318,0.273563165,1
K373S,-5.065442437,0.00326076,0
K373T,-4.347452939,0.005543518,0
K373V,0.38728218,0.154748635,1
K373W,-5.279877791,0.002771858,0
K373Y,-2.317601351,0.023498042,0
M374A,-1.856931173,0.032442518,0
M374C,-2.72153583,0.017691549,0
M374D,-5.62795552,0.002117843,0
M374E,-6.218640454,0.001312565,0
M374F,-5.342654274,0.002641952,0
M374G,-1.938955498,0.030634035,0
M374H,-5.460051389,0.002413676,0
M374I,-3.475014528,0.010380613,0
M374K,-5.251106798,0.002833311,0
M374L,-1.430588012,0.043692934,0
M374N,-2.483797903,0.020910839,0
M374P,-6.517477573,0.001014793,0
M374Q,-5.261105295,0.002811816,0
M374R,-4.225646611,0.006056462,0
M374S,-1.965672362,0.030066833,0
M374T,-2.213702569,0.025273565,0
M374V,-4.077504414,0.00674159,0
M374W,-5.417077295,0.002495091,0
M374Y,-5.657380135,0.002069453,0
M375A,-1.587777876,0.039153716,0
M375C,-4.006578898,0.00709536,0
M375D,-4.638689467,0.004479167,0
M375E,-0.40227317,0.089407949,0
M375F,0.532512301,0.171167154,1
M375G,-3.436027371,0.010672605,0
M375H,-3.781463501,0.008340676,0
M375I,-3.321017799,0.011581394,0
M375K,-4.234193406,0.00601904,0
M375L,0.669719222,0.188273003,1
M375N,-4.286152206,0.005796251,0
M375P,-6.547150044,0.000988454,0
M375Q,-5.178527515,0.002993892,0
M375R,-5.691075327,0.002015239,0
M375S,-0.989115011,0.059434458,0
M375T,-4.728574305,0.004191762,0
M375V,-4.612721095,0.004565589,0
M375W,-3.294791644,0.011798971,0
M375Y,-0.645906201,0.075472003,0
L376A,-6.808481256,0.000778457,0
L376C,-6.318167735,0.001206469,0
L376D,-6.033291131,0.001530759,0
L376E,-5.871418062,0.001745649,0
L376F,-5.841997122,0.001787362,0
L376G,-6.812868151,0.000775247,0
L376H,-5.997336005,0.001576429,0
L376I,-5.296970808,0.002735925,0
L376K,-5.203992068,0.00293663,0
L376M,-4.763815132,0.004083877,0
L376N,-5.511729396,0.00231893,0
L376P,-7.050721461,0.000615006,0
L376Q,-6.08274066,0.001469778,0
L376R,-7.232506953,0.000509164,0
L376S,-4.729219122,0.004189764,0
L376T,-6.756311218,0.000817397,0
L376V,-1.173501018,0.052270246,0
L376W,-4.512102985,0.004915528,0
L376Y,-6.296266448,0.001229192,0
E377A,-7.122310994,0.000571725,0
E377C,-5.938489975,0.001653675,0
E377D,-5.360955816,0.002605131,0
E377F,-6.017414751,0.001550785,0
E377G,-3.875241336,0.007798203,0
E377H,-5.986738764,0.001590108,0
E377I,-6.223752083,0.001306936,0
E377K,-4.763887687,0.004083658,0
E377L,-7.096348806,0.000587173,0
E377M,-5.375407619,0.002576384,0
E377N,-6.032526344,0.001531718,0
E377P,-6.811744952,0.000776068,0
E377Q,-4.924941443,0.003622836,0
E377R,-7.507749369,0.000372266,0
E377S,-7.328451318,0.000458452,0
E377T,-6.521822606,0.001010902,0
E377V,-6.011337173,0.001558509,0
E377W,-5.793756021,0.001857626,0
E377Y,-6.065782686,0.001490456,0
L378A,-6.064746933,0.001491726,0
L378C,-5.891168007,0.001718121,0
L378D,-5.410882997,0.002507027,0
L378E,-5.168265983,0.003017254,0
L378F,-3.643629377,0.009204819,0
L378G,-5.548238441,0.002254011,0
L378H,-4.789803303,0.004005989,0
L378I,-1.76938336,0.034489661,0
L378K,-5.52597311,0.002293407,0
L378M,-4.47539896,0.005049379,0
L378N,-5.582628199,0.002194345,0
L378P,-5.263695758,0.002806271,0
L378Q,-6.153049488,0.001386595,0
L378R,-6.54259287,0.000992464,0
L378S,-6.835563721,0.000758791,0
L378T,-6.541150874,0.000993736,0
L378V,-3.616770144,0.009383037,0
L378W,-4.635134653,0.004490906,0
L378Y,-5.364635432,0.002597785,0
D379A,-6.407880163,0.001116909,0
D379C,-6.676824923,0.000879499,0
D379E,-6.050698533,0.001509053,0
D379F,-6.544405413,0.000990868,0
D379G,-5.018171496,0.003378664,0
D379H,-6.139763303,0.001402005,0
D379I,-6.63627696,0.000912522,0
D379K,-6.239561159,0.001289652,0
D379L,-7.689379212,0.000295224,0
D379M,-5.705546143,0.001992341,0
D379N,-4.482335806,0.005023821,0
D379P,-6.583755262,0.0009567,0
D379Q,-6.149766118,0.00139039,0
D379R,-7.763152016,0.000266598,0
D379S,-7.396387398,0.00042453,0
D379T,-6.732649101,0.000835528,0
D379V,-5.36129135,0.00260446,0
D379W,-6.179373066,0.00135648,0
D379Y,-6.521689801,0.001011021,0
P380A,-6.2250297,0.001305532,0
P380C,-4.67053958,0.004375272,0
P380D,-4.716447638,0.0042295,0
P380E,-4.159139233,0.00635536,0
P380F,-3.325710102,0.011542881,0
P380G,-6.859185554,0.000741937,0
P380H,-5.686821507,0.002022013,0
P380I,-3.575588708,0.009662812,0
P380K,-3.412973883,0.010849011,0
P380L,-4.499673301,0.004960476,0
P380M,-3.446981075,0.010589769,0
P380N,-3.372199562,0.011168005,0
P380Q,-6.851161823,0.000747631,0
P380R,-7.074250691,0.000600543,0
P380S,-3.881536557,0.007763034,0
P380T,-6.775819184,0.000802671,0
P380V,-6.022170589,0.001544763,0
P380W,-5.139965162,0.003082554,0
P380Y,-3.978695363,0.007239274,0
P381A,-6.609155907,0.000935134,0
P381C,-6.053679204,0.001505363,0
P381D,-5.926410916,0.001669925,0
P381E,-6.395172456,0.001129259,0
P381F,-5.890072283,0.001719638,0
P381G,-7.138122267,0.000562452,0
P381H,-5.985183984,0.001592124,0
P381I,-6.511404142,0.001020251,0
P381K,-6.179079382,0.001356813,0
P381L,-4.438874849,0.005185998,0
P381M,-5.511862019,0.002318691,0
P381N,-6.023077962,0.001543616,0
P381Q,-6.858309031,0.000742558,0
P381R,-6.853402713,0.000746038,0
P381S,-6.11896671,0.001426413,0
P381T,-5.857193311,0.00176571,0
P381V,-7.697285182,0.000292086,0
P381W,-5.750185465,0.001923138,0
P381Y,-6.342385979,0.00118174,0
F382A,-5.949490816,0.001638994,0
F382C,-4.655964867,0.00442253,0
F382D,-5.719326748,0.001970749,0
F382E,-5.727050345,0.001958737,0
F382G,-6.925906247,0.000695796,0
F382H,-5.201959406,0.002941163,0
F382I,-4.507021084,0.004933858,0
F382K,-5.488916442,0.002360337,0
F382L,-4.168521401,0.006312355,0
F382M,-4.994697545,0.003438665,0
F382N,-5.402172618,0.002523899,0
F382P,-5.720926832,0.001968255,0
F382Q,-4.516987226,0.004897972,0
F382R,-6.327484586,0.001196907,0
F382S,-5.123125296,0.003122022,0
F382T,-5.829369061,0.001805528,0
F382V,-5.420344394,0.002488816,0
F382W,-5.275546761,0.002781031,0
F382Y,-4.96038054,0.003528156,0
G383A,-7.026543601,0.000630115,0
G383C,-6.091451352,0.001459251,0
G383D,-5.544407282,0.002260746,0
G383E,-4.710074667,0.00424946,0
G383F,-5.775645078,0.001884617,0
G383H,-5.154712126,0.003048368,0
G383I,-5.637171162,0.002102582,0
G383K,-4.778435057,0.004039888,0
G383L,-7.241555186,0.000504236,0
G383M,-5.181988711,0.002986049,0
G383N,-5.010696622,0.003397664,0
G383P,-6.552306131,0.000983933,0
G383Q,-5.359888003,0.002607267,0
G383R,-5.413375146,0.002502219,0
G383S,-7.243090024,0.000503403,0
G383T,-6.699227074,0.000861649,0
G383V,-7.551025755,0.00035302,0
G383W,-7.456365914,0.000395881,0
G383Y,-5.790589975,0.00186232,0
D384A,-5.65089785,0.002080029,0
D384C,-5.118699934,0.003132471,0
D384E,-3.606518803,0.009451937,0
D384F,-3.582431806,0.009615767,0
D384G,-4.791037828,0.004002324,0
D384H,-5.172610367,0.003007343,0
D384I,-3.160745373,0.01297497,0
D384K,-3.372345993,0.011166843,0
D384L,-4.779941731,0.00403538,0
D384M,-2.991582477,0.014623844,0
D384N,-1.551001486,0.040171835,0
D384P,-5.170468386,0.003012226,0
D384Q,-4.580579905,0.004674731,0
D384R,-5.926125169,0.001670311,0
D384S,-5.585404966,0.002189589,0
D384T,-4.207140274,0.006138254,0
D384V,-4.192890085,0.006201955,0
D384W,-3.585288566,0.009596193,0
D384Y,-4.142802474,0.006430913,0
S385A,-2.956567172,0.014989972,0
S385C,-2.800917205,0.016729466,0
S385D,-2.974517294,0.014801171,0
S385E,-3.642150537,0.009214545,0
S385F,-4.026727026,0.006993089,0
S385G,-3.227692573,0.012373981,0
S385H,-3.241504206,0.012253425,0
S385I,-3.975963953,0.007253522,0
S385K,-3.830173549,0.008054506,0
S385L,-5.045439835,0.00331018,0
S385M,-2.807789605,0.016648638,0
S385N,-3.536556716,0.009935459,0
S385P,-2.474203572,0.021052227,0
S385Q,-3.100245802,0.013542596,0
S385R,-3.264373989,0.012056326,0
S385T,-4.854160536,0.00381904,0
S385V,-3.197553605,0.012641092,0
S385W,-2.871907453,0.015912793,0
S385Y,-4.67371825,0.004365029,0
Y386A,-4.26378876,0.005891158,0
Y386C,-1.589292663,0.039112334,0
Y386D,-4.547730279,0.00478882,0
Y386E,-5.305353495,0.002718458,0
Y386F,-0.621718935,0.0767527,0
Y386G,-6.43566122,0.001090286,0
Y386H,-2.580427081,0.019538066,0
Y386I,-0.900317685,0.063225263,0
Y386K,-3.807168241,0.008188458,0
Y386L,-2.575804238,0.019601668,0
Y386M,-2.318247359,0.023487398,0
Y386N,-3.924505821,0.007527042,0
Y386P,-6.486150279,0.001043194,0
Y386Q,-4.491451309,0.004990421,0
Y386R,-6.503825843,0.001027094,0
Y386S,-3.692931448,0.008886197,0
Y386T,-2.005621583,0.029238063,0
Y386V,-1.941561684,0.030578242,0
Y386W,-4.508328022,0.004929138,0
I387A,-6.286343749,0.001239601,0
I387C,-5.428892906,0.002472464,0
I387D,-4.831566658,0.003883725,0
I387E,-5.635620956,0.002105142,0
I387F,-1.538159278,0.040533517,0
I387G,-6.295164709,0.001230344,0
I387H,-5.930259806,0.001664732,0
I387K,-5.683446298,0.002027403,0
I387L,-6.214018103,0.001317673,0
I387M,-3.946214749,0.00741046,0
I387N,-3.336816287,0.011452223,0
I387P,-6.96544199,0.000669445,0
I387Q,-5.226188577,0.002887534,0
I387R,-6.720103805,0.000845262,0
I387S,-4.784532854,0.004021672,0
I387T,-4.356674923,0.005506418,0
I387V,-1.747140392,0.035029866,0
I387W,-4.901571879,0.003686555,0
I387Y,-4.800788197,0.003973486,0
V388A,-3.601442485,0.009486237,0
V388C,0.07683506,0.124734011,1
V388D,-5.464174301,0.002405992,0
V388E,-6.499078387,0.001031399,0
V388F,-2.565146423,0.019749079,0
V388G,-5.561655115,0.002230564,0
V388H,-1.2075107,0.051045952,0
V388I,-1.977218252,0.029824945,0
V388K,-5.404182432,0.002519997,0
V388L,-1.154410502,0.052970227,0
V388M,-1.629537274,0.03802868,0
V388N,-3.261619619,0.012079899,0
V388P,-6.952327455,0.000678106,0
V388Q,-2.635326198,0.018798131,0
V388R,-7.522603761,0.000365595,0
V388S,-0.422153908,0.088180514,0
V388T,-4.567963299,0.004718243,0
V388W,-6.021983619,0.001544999,0
V388Y,-5.041012302,0.003321212,0
I389A,-4.469483281,0.005071273,0
I389C,-2.346278602,0.023030079,0
I389D,-4.417577927,0.005267271,0
I389E,-5.191216824,0.002965231,0
I389F,-4.229345447,0.006040239,0
I389G,-5.344429023,0.00263836,0
I389H,-3.794889378,0.008260833,0
I389K,-4.451410608,0.005138718,0
I389L,-2.988806157,0.01465255,0
I389M,-3.570336572,0.009699071,0
I389N,-4.970814831,0.00350072,0
I389P,-4.222030178,0.006072363,0
I389Q,-3.81358157,0.008150901,0
I389R,-5.566408445,0.002222309,0
I389S,-5.151671063,0.003055389,0
I389T,-3.364169671,0.011231895,0
I389V,-3.442565363,0.010623086,0
I389W,-3.521152085,0.01004511,0
I389Y,-4.007570179,0.007090295,0
G390A,-6.002062099,0.001570361,0
G390C,-5.969228435,0.001612932,0
G390D,-5.649090509,0.002082986,0
G390E,-4.64468623,0.00445943,0
G390F,-5.756755344,0.001913133,0
G390H,-5.678075687,0.002036005,0
G390I,-5.870921131,0.001746346,0
G390K,-5.574454739,0.002208397,0
G390L,-6.642393923,0.000907481,0
G390M,-4.794323081,0.003992586,0
G390N,-5.600881429,0.002163248,0
G390P,-6.390654264,0.001133676,0
G390Q,-5.859276791,0.00176276,0
G390R,-4.989148015,0.003452993,0
G390S,-6.971237144,0.000665643,0
G390T,-6.311491484,0.001213359,0
G390V,-6.538594883,0.000995993,0
G390W,-5.366447204,0.002594174,0
G390Y,-5.466840377,0.002401035,0
V391A,-1.673405003,0.036881397,0
V391C,0.996737044,0.236243973,1
V391D,-1.692876926,0.036383216,0
V391E,-1.331011073,0.046835135,0
V391F,0.807411137,0.20715529,1
V391G,1.048597424,0.244900898,1
V391H,1.215539336,0.274978642,1
V391I,-0.606204959,0.077585528,0
V391K,1.852550702,0.427775358,1
V391L,1.276058475,0.286770942,1
V391M,0.879728416,0.217818266,1
V391N,-0.567159379,0.079721656,0
V391P,-3.855520221,0.007909373,0
V391Q,-2.419644388,0.02187437,0
V391R,1.998544667,0.473360034,1
V391S,-3.24803523,0.01219682,0
V391T,-4.092694206,0.00666806,0
V391W,1.397389192,0.311956048,1
V391Y,-4.414377895,0.005279586,0
G392A,-0.031120243,0.11572085,0
G392C,-5.526558476,0.002292363,0
G392D,-4.903094524,0.003682371,0
G392E,-4.135047975,0.006467076,0
G392F,-3.598680438,0.00950495,0
G392H,-4.195770626,0.006189028,0
G392I,-5.690037092,0.00201689,0
G392K,-1.444047957,0.043284596,0
G392L,-3.87762644,0.00778486,0
G392M,-3.793882845,0.008266793,0
G392N,-3.134604989,0.01321731,0
G392P,-2.500066822,0.020673228,0
G392Q,-0.811566926,0.067254542,0
G392R,-2.001034453,0.029332064,0
G392S,-3.150908067,0.013065654,0
G392T,-6.219899925,0.001311177,0
G392V,-6.676551671,0.000879719,0
G392W,-2.765517118,0.017151974,0
G392Y,-3.691639813,0.008894406,0
D393A,-1.580599996,0.039350395,0
D393C,-3.973634518,0.007265694,0
D393E,-0.23784124,0.10023538,0
D393F,-2.809160929,0.016632555,0
D393G,-2.609726242,0.019139667,0
D393H,0.024609756,0.120289493,1
D393I,-3.9916233,0.007172204,0
D393K,-5.749129931,0.00192475,0
D393L,-6.279693411,0.001246617,0
D393M,-1.118284659,0.05432045,0
D393N,-0.374996134,0.091119792,0
D393P,-0.252160602,0.099242667,0
D393Q,-4.530394266,0.004850085,0
D393R,-6.636331646,0.000912477,0
D393S,-2.298603838,0.023813211,0
D393T,-3.637182072,0.009247296,0
D393V,-0.699818863,0.072693471,0
D393W,-1.601949347,0.038768267,0
D393Y,-0.808019318,0.067420813,0
K394A,-3.689046604,0.00891091,0
K394C,-5.734673967,0.001946943,0
K394D,-5.377535733,0.002572175,0
K394E,-2.787339946,0.01689029,0
K394F,-5.67198104,0.002045805,0
K394G,-5.217017663,0.002907727,0
K394H,-3.209322701,0.012536122,0
K394I,-2.722822911,0.017675524,0
K394L,-4.318913591,0.005659846,0
K394M,-3.698444348,0.008851241,0
K394N,-3.17320451,0.012861001,0
K394P,-4.861368,0.003798618,0
K394Q,-5.110230183,0.003152558,0
K394R,-1.33647401,0.046657069,0
K394S,-2.850124681,0.016159123,0
K394T,-3.312976391,0.011647687,0
K394V,-1.235582201,0.05005694,0
K394W,-5.608392886,0.002150566,0
K394Y,-5.321298559,0.002685511,0
K395A,-4.615161973,0.0045574,0
K395C,-4.319508241,0.005657398,0
K395D,-5.881053068,0.001732172,0
K395E,-4.191101951,0.006209993,0
K395F,-4.505704186,0.004938619,0
K395G,-6.593913207,0.00094803,0
K395H,-4.492760214,0.004985642,0
K395I,-4.835082464,0.003873592,0
K395L,-1.134335537,0.053716364,0
K395M,-2.323282838,0.02340459,0
K395N,-5.406714319,0.002515089,0
K395P,-4.861766831,0.003797491,0
K395Q,-4.7579889,0.004101532,0
K395R,-0.714844132,0.071937427,0
K395S,-3.642673536,0.009211104,0
K395T,-3.954757631,0.007365061,0
K395V,-3.826054946,0.008078331,0
K395W,-4.56681396,0.004722225,0
K395Y,-5.537990443,0.002272068,0
I396A,-0.958764296,0.060703987,0
I396C,-2.495253137,0.020743254,0
I396D,-5.472486186,0.002390567,0
I396E,-5.591806556,0.002178659,0
I396F,-5.537458556,0.002273009,0
I396G,-7.034714291,0.00062498,0
I396H,-5.785672941,0.00186963,0
I396K,-4.089330757,0.006684275,0
I396L,-1.154086204,0.052982198,0
I396M,-1.818057251,0.033336197,0
I396N,-3.917135416,0.007567023,0
I396P,-6.66226089,0.000891254,0
I396Q,-4.102807021,0.006619533,0
I396R,-3.591496813,0.009553789,0
I396S,-2.233363264,0.024927702,0
I396T,0.106507002,0.12733178,1
I396V,-1.949402652,0.030410989,0
I396W,-4.735185589,0.004171321,0
I396Y,-5.891997284,0.001716973,0
T397A,0.861776677,0.215121253,1
T397C,-2.817503187,0.016535048,0
T397D,-4.074819574,0.006754667,0
T397E,-2.027175508,0.028800355,0
T397F,-2.926617857,0.015310259,0
T397G,-1.490027409,0.041918092,0
T397H,-3.215546193,0.012480959,0
T397I,1.2836534,0.288286072,1
T397K,-3.696552675,0.008863221,0
T397L,0.361033896,0.151953577,1
T397M,-0.674755223,0.073972283,0
T397N,-0.251358676,0.099298002,0
T397P,-4.917854438,0.00364205,0
T397Q,-3.123585454,0.013320791,0
T397R,-2.730635365,0.01757856,0
T397S,0.988085984,0.234829917,1
T397V,-1.343882356,0.046416666,0
T397W,-5.577060595,0.002203908,0
T397Y,-2.669898678,0.018346404,0
H398A,-5.630115745,0.002114257,0
H398C,-4.753938187,0.004113849,0
H398D,-5.321687289,0.002684713,0
H398E,1.113263014,0.256140556,1
H398F,-3.586400872,0.009588582,0
H398G,-7.364144085,0.000440431,0
H398I,-5.612320118,0.002143961,0
H398K,-5.250252842,0.002835154,0
H398L,-5.101332994,0.003173786,0
H398M,-2.974760002,0.014798635,0
H398N,-4.46253418,0.005097106,0
H398P,-5.438279615,0.00245462,0
H398Q,-0.364993883,0.091755665,0
H398R,-1.808544236,0.033558585,0
H398S,-6.285986875,0.001239976,0
H398T,-2.065484559,0.028038349,0
H398V,-5.368863983,0.002589365,0
H398W,-1.388347707,0.04499941,0
H398Y,0.401356476,0.156268417,1
H399A,-5.251289717,0.002832917,0
H399C,-2.609538263,0.019142197,0
H399D,0.394889021,0.155568202,1
H399E,-5.055281368,0.003285779,0
H399F,-4.954515843,0.003543664,0
H399G,-0.044335854,0.114663101,0
H399I,-5.803287356,0.001843556,0
H399K,-3.866870755,0.007845203,0
H399L,-4.086184777,0.006699475,0
H399M,-1.41831987,0.044068449,0
H399N,0.61746997,0.181566499,1
H399P,-0.179574373,0.104377999,0
H399Q,0.921005912,0.224148456,1
H399R,-4.008334014,0.007086395,0
H399S,-1.276924493,0.04863497,0
H399T,-3.910057788,0.007605609,0
H399V,-3.065178691,0.013882669,0
H399W,0.151954545,0.131415742,1
H399Y,-2.920830413,0.015372921,0
W400A,-4.783268137,0.004025444,0
W400C,-3.29741217,0.011777053,0
W400D,-4.031225181,0.00697045,0
W400E,-4.477825143,0.005040426,0
W400F,-3.804555853,0.008203805,0
W400G,-4.225822894,0.006055688,0
W400H,-3.569798182,0.009702796,0
W400I,-4.178727788,0.006265889,0
W400K,-4.579802291,0.004677402,0
W400L,-5.388844856,0.002549913,0
W400M,-4.037904507,0.006936965,0
W400N,-4.084798021,0.006706187,0
W400P,-4.661640988,0.004404069,0
W400Q,-4.803040776,0.003966852,0
W400R,-4.709102384,0.004252513,0
W400S,-4.771026787,0.004062123,0
W400T,-4.664039804,0.004396289,0
W400V,-2.101308624,0.027343849,0
W400Y,-3.736623511,0.008612789,0
H401A,-4.076045617,0.006748693,0
H401C,-3.972054842,0.00727396,0
H401D,-3.743190612,0.008572406,0
H401E,-2.428476961,0.021739155,0
H401F,-2.860456838,0.016041818,0
H401G,-6.371456345,0.001152601,0
H401I,-3.590090705,0.009563377,0
H401K,-2.901078234,0.015588688,0
H401L,-4.798517,0.003980186,0
H401M,-3.276368621,0.011954195,0
H401N,-6.218488877,0.001312733,0
H401P,-5.509185674,0.002323514,0
H401Q,-2.791437932,0.016841589,0
H401R,-4.364230002,0.0054762,0
H401S,-2.657962951,0.018501135,0
H401T,-5.659657956,0.002065748,0
H401V,-5.425343368,0.002479242,0
H401W,-1.815252048,0.033401623,0
H401Y,-2.739964744,0.017463454,0
R402A,-4.540108101,0.004815666,0
R402C,-4.528742574,0.00485596,0
R402D,-5.04775351,0.003304428,0
R402E,-5.968652882,0.001613687,0
R402F,-4.361663429,0.005486448,0
R402G,-4.226597639,0.006052287,0
R402H,-4.407016973,0.00530802,0
R402I,-5.520366766,0.002303422,0
R402K,-4.08217355,0.006718905,0
R402L,-6.910052502,0.000706568,0
R402M,-6.010322002,0.001559803,0
R402N,-4.504552746,0.004942785,0
R402P,-4.881712396,0.00374152,0
R402Q,-5.673061755,0.002044064,0
R402S,-6.887642202,0.000721997,0
R402T,-5.182484116,0.002984928,0
R402V,-6.739786306,0.000830028,0
R402W,-5.436411641,0.002458162,0
R402Y,-4.274089322,0.005847262,0
S403A,-1.165843126,0.052549921,0
S403C,-5.00830847,0.003403756,0
S403D,-0.468979399,0.085355481,0
S403E,-2.57801618,0.01957121,0
S403F,1.496933102,0.334260462,1
S403G,-3.49292163,0.010249121,0
S403H,-1.180309136,0.052022848,0
S403I,2.298663913,0.582887253,1
S403K,-4.599833858,0.004609059,0
S403L,-0.175335577,0.104685945,0
S403M,1.585232452,0.355375336,1
S403N,-1.136532909,0.053634186,0
S403P,-4.059069749,0.006831874,0
S403Q,-3.909233159,0.007610117,0
S403R,-1.905618738,0.031356668,0
S403T,0.430392139,0.159451008,1
S403V,-0.776291139,0.06892618,0
S403W,0.191704752,0.135094745,1
S403Y,1.21540258,0.274952552,1
G404A,-4.805874551,0.00395852,0
G404C,-6.17272951,0.001364029,0
G404D,-4.279497167,0.005824341,0
G404E,-6.478364458,0.001050349,0
G404F,-4.644458981,0.004460176,0
G404H,-4.564657681,0.004729706,0
G404I,-5.481137624,0.002374606,0
G404K,-5.781379382,0.001876034,0
G404L,-6.750748245,0.000821633,0
G404M,-4.959777494,0.003529748,0
G404N,-5.270055486,0.0027927,0
G404P,-6.122876317,0.001421798,0
G404Q,-5.190836079,0.002966087,0
G404R,-7.475337873,0.000387063,0
G404S,-5.644965568,0.002089749,0
G404T,-6.049355363,0.001510719,0
G404V,-5.61561523,0.002138433,0
G404W,-5.590698141,0.002180548,0
G404Y,-5.167151968,0.0030198,0
S405A,-7.00372285,0.00064461,0
S405C,-5.324574009,0.002678788,0
S405D,-5.617570284,0.002135159,0
S405E,-6.156940879,0.001382109,0
S405F,-5.018824484,0.003377009,0
S405G,-4.784408618,0.004022042,0
S405H,-5.516325928,0.002310666,0
S405I,-5.231538548,0.002875813,0
S405K,-5.504506768,0.002331969,0
S405L,-6.868494031,0.000735371,0
S405M,-5.336136832,0.002655177,0
S405N,-5.202136257,0.002940769,0
S405P,-5.94456239,0.001645557,0
S405Q,-5.272506695,0.002787486,0
S405R,-6.13551006,0.001406969,0
S405T,-2.381151648,0.022473403,0
S405V,-7.187340484,0.000534229,0
S405W,-6.161413957,0.001376967,0
S405Y,-4.9203103,0.003635381,0
T406A,-4.266741622,0.005878542,0
T406C,-5.855877645,0.001767576,0
T406D,-5.298563624,0.002732598,0
T406E,-5.669100722,0.002050451,0
T406F,-2.519049545,0.020399348,0
T406G,-7.487607489,0.000381423,0
T406H,-5.403163979,0.002521974,0
T406I,-3.735890402,0.008617309,0
T406K,-4.784762882,0.004020986,0
T406L,-6.732651384,0.000835526,0
T406M,-3.998406311,0.007137253,0
T406N,-3.02510719,0.01428153,0
T406P,-6.150953038,0.001389018,0
T406Q,-3.913565171,0.007586464,0
T406R,-6.898324849,0.000714612,0
T406S,-3.57936783,0.009636804,0
T406V,-2.903624524,0.015560707,0
T406W,-4.762133641,0.004088965,0
T406Y,-5.993042895,0.001581959,0
I407A,-5.936134144,0.001656834,0
I407C,-5.591134106,0.002179805,0
I407D,-5.396786621,0.002534383,0
I407E,-5.713655894,0.001979609,0
I407F,-4.8553922,0.003815543,0
I407G,-6.700335286,0.000860773,0
I407H,-5.908829037,0.001693821,0
I407K,-4.774819434,0.004050725,0
I407L,-4.772781844,0.004056845,0
I407M,-4.037375274,0.006939612,0
I407N,-5.697556999,0.002004954,0
I407P,-5.55931517,0.002234637,0
I407Q,-5.925971699,0.001670518,0
I407R,-7.062103211,0.00060798,0
I407S,-6.142942413,0.001398305,0
I407T,-4.158711647,0.006357327,0
I407V,-4.425180582,0.00523812,0
I407W,-4.368318652,0.005459913,0
I407Y,-5.217909597,0.002905758,0
G408A,-5.010569164,0.003397989,0
G408C,-5.078542285,0.003228764,0
G408D,-5.411880403,0.002505102,0
G408E,-4.823689309,0.003906516,0
G408F,-5.184995088,0.002979252,0
G408H,-4.166325645,0.006322395,0
G408I,-5.764444765,0.00190148,0
G408K,-3.920741322,0.007547437,0
G408L,-5.774931197,0.001885688,0
G408M,-4.470452346,0.00506768,0
G408N,-4.311689289,0.005689659,0
G408P,-5.077406797,0.003231526,0
G408Q,-4.243916085,0.005976739,0
G408R,-5.082921659,0.003218132,0
G408S,-6.252116592,0.00127606,0
G408T,-5.267551544,0.002798036,0
G408V,-7.441044687,0.000403086,0
G408W,-5.164266968,0.003026404,0
G408Y,-4.973995684,0.003492396,0
K409A,0.055508217,0.122899581,1
K409C,-3.626183696,0.009320197,0
K409D,-4.996347543,0.003434415,0
K409E,-3.436474023,0.010669214,0
K409F,-3.135227331,0.013211489,0
K409G,-6.639259976,0.000910061,0
K409H,-1.726573358,0.035536834,0
K409I,-6.121019786,0.001423988,0
K409L,-4.722163262,0.004211673,0
K409M,-2.914231542,0.015444677,0
K409N,-5.795353431,0.001855261,0
K409P,-6.647789575,0.000903052,0
K409Q,-1.940589361,0.030599046,0
K409R,0.18221021,0.13420676,1
K409S,-4.443738262,0.005167606,0
K409T,-4.642536979,0.004466494,0
K409V,-6.600132221,0.000942752,0
K409W,-4.915122674,0.003649482,0
K409Y,-3.945926566,0.007411996,0
A410C,-5.660906397,0.00206372,0
A410D,-5.3838499,0.002559724,0
A410E,-6.10548738,0.001442422,0
A410F,-4.437224024,0.005192255,0
A410G,-6.851311552,0.000747525,0
A410H,-5.419265974,0.002490886,0
A410I,-4.470174273,0.005068711,0
A410K,-4.693839825,0.004300707,0
A410L,-6.543156237,0.000991968,0
A410M,-3.892194553,0.007703842,0
A410N,-5.142939951,0.00307563,0
A410P,-5.726745728,0.001959209,0
A410Q,-5.285639716,0.002759698,0
A410R,-6.732631063,0.000835542,0
A410S,-5.095762327,0.003187144,0
A410T,-4.69144564,0.004308314,0
A410V,-3.755055481,0.00849991,0
A410W,-3.956329178,0.007356739,0
A410Y,-4.274209422,0.005846752,0
F411A,-5.538996497,0.002270289,0
F411C,-4.700765499,0.004278775,0
F411D,-4.520419468,0.00488567,0
F411E,-4.743942361,0.004144391,0
F411G,-6.251762871,0.001276441,0
F411H,-5.136211121,0.003091313,0
F411I,-3.852198437,0.007928249,0
F411K,-4.283261845,0.005808435,0
F411L,-4.532581391,0.004842315,0
F411M,-4.364978923,0.005473213,0
F411N,-3.993691996,0.007161527,0
F411P,-5.763805626,0.001902446,0
F411Q,-4.795958522,0.003987746,0
F411R,-5.566736652,0.00222174,0
F411S,-4.691151257,0.00430925,0
F411T,-5.634624187,0.00210679,0
F411V,-5.052586448,0.003292444,0
F411W,-4.594474531,0.004627251,0
F411Y,-3.277322066,0.011946113,0
E412A,-4.693315949,0.00430237,0
E412C,-4.283812627,0.005806111,0
E412D,-4.815928119,0.003929093,0
E412F,-3.712654079,0.008761755,0
E412G,-3.631010714,0.009288134,0
E412H,-3.30289728,0.011731303,0
E412I,-4.858274721,0.00380737,0
E412K,-3.176067471,0.012834951,0
E412L,-4.31624068,0.005670859,0
E412M,-3.605516623,0.009458699,0
E412N,-4.223146053,0.006067452,0
E412P,-4.676079711,0.004357434,0
E412Q,-2.739280385,0.017471873,0
E412R,-6.646906621,0.000903775,0
E412S,-2.547820308,0.019991057,0
E412T,-4.592813358,0.004632903,0
E412V,-2.721899407,0.017687021,0
E412W,-3.613249727,0.009406642,0
E412Y,-3.197434077,0.012642162,0
A413C,-4.481928295,0.005025319,0
A413D,-6.110262162,0.001436734,0
A413E,-3.500174729,0.010196324,0
A413F,-1.174479312,0.052234624,0
A413G,-5.862788351,0.001757796,0
A413H,-1.583606627,0.039267892,0
A413I,-5.255636067,0.002823556,0
A413K,-2.971858176,0.014828992,0
A413L,-0.751561663,0.070122663,0
A413M,-2.590383592,0.019401772,0
A413N,-5.07603341,0.003234869,0
A413P,-6.573791746,0.000965263,0
A413Q,-0.61443751,0.077142469,0
A413R,-5.309683899,0.002709474,0
A413S,-1.212991038,0.050851354,0
A413T,0.486271672,0.165759167,1
A413V,-2.907492426,0.015518297,0
A413W,-3.431418472,0.010707647,0
A413Y,-2.473991959,0.021055356,0
T414A,-4.165531275,0.006326031,0
T414C,-4.921062275,0.003633341,0
T414D,-5.690176754,0.002016668,0
T414E,-6.270437514,0.001256437,0
T414F,-5.072239172,0.003244123,0
T414G,-6.983931549,0.000657367,0
T414H,-5.791325543,0.001861228,0
T414I,-4.499670379,0.004960486,0
T414K,-6.371555541,0.001152502,0
T414L,-6.779882804,0.000799629,0
T414M,-5.316985103,0.002694388,0
T414N,-5.355525722,0.002616007,0
T414P,-6.836246363,0.0007583,0
T414Q,-4.777352876,0.004043129,0
T414R,-7.220741526,0.000515618,0
T414S,-5.922962339,0.001674589,0
T414V,-5.946017272,0.001643618,0
T414W,-4.706819373,0.004259689,0
T414Y,-4.710765061,0.004247293,0
V415A,-4.579380409,0.004678852,0
V415C,-3.575703418,0.009662022,0
V415D,-4.198967101,0.006174713,0
V415E,-4.077601377,0.006741118,0
V415F,-2.390982145,0.022318895,0
V415G,-5.384680279,0.002558091,0
V415H,-3.627615165,0.009310677,0
V415I,-4.262100222,0.005898384,0
V415K,-3.481274695,0.010334459,0
V415L,-1.093764667,0.055256352,0
V415M,-0.955180019,0.060855684,0
V415N,-2.981068982,0.014732843,0
V415P,-4.964200391,0.003518089,0
V415Q,-3.353702102,0.011315717,0
V415R,-5.798730601,0.001850271,0
V415S,-5.173368821,0.003005616,0
V415T,-4.415832876,0.005273983,0
V415W,-2.733115819,0.017547883,0
V415Y,-3.250564516,0.012174967,0
R416A,-5.039018081,0.003326192,0
R416C,-5.526727527,0.002292062,0
R416D,-5.429516665,0.002471274,0
R416E,-5.38332005,0.002560767,0
R416F,-4.926703917,0.003618072,0
R416G,-4.477280508,0.005042435,0
R416H,-4.045236729,0.006900384,0
R416I,-6.331220048,0.00119309,0
R416K,-0.804681334,0.067577632,0
R416L,-5.751736253,0.001920772,0
R416M,-4.017989539,0.007037265,0
R416N,-5.455422912,0.002422329,0
R416P,-4.739793593,0.004157129,0
R416Q,-5.454243104,0.002424539,0
R416S,-4.361645187,0.005486521,0
R416T,-4.592736968,0.004633163,0
R416V,-6.016359062,0.001552124,0
R416W,-4.314968907,0.005676106,0
R416Y,-4.350912547,0.005529572,0
G417A,-5.273372566,0.002785646,0
G417C,-5.258911006,0.002816521,0
G417D,-4.957691931,0.003535258,0
G417E,-5.661837254,0.002062209,0
G417F,-4.862066632,0.003796644,0
G417H,-4.46520943,0.005087146,0
G417I,-4.542168498,0.004808395,0
G417K,-4.834237837,0.003876024,0
G417L,-6.428969494,0.001096652,0
G417M,-4.241418369,0.005987579,0
G417N,-5.171412031,0.003010074,0
G417P,-5.941706986,0.00164937,0
G417Q,-4.378835411,0.00541823,0
G417R,-6.463588213,0.001064035,0
G417S,-4.582893092,0.004666795,0
G417T,-4.958070987,0.003534256,0
G417V,-5.713266341,0.001980219,0
G417W,-5.426274121,0.002477463,0
G417Y,-5.126058365,0.003115115,0
A418C,-5.047642794,0.003304703,0
A418D,-3.665258719,0.009063694,0
A418E,-5.337576305,0.002652251,0
A418F,-5.085744714,0.003211295,0
A418G,-6.225711176,0.001304784,0
A418H,-5.028200222,0.003353326,0
A418I,-3.717894676,0.008728974,0
A418K,-4.918952303,0.003639067,0
A418L,-6.378759393,0.001145372,0
A418M,-4.129062284,0.006495124,0
A418N,-4.53934587,0.004818358,0
A418P,-3.812642487,0.00815639,0
A418Q,-4.857348038,0.003809996,0
A418R,-6.87512414,0.00073072,0
A418S,-6.486291129,0.001043065,0
A418T,-4.868075063,0.003779705,0
A418V,-2.682271028,0.018187358,0
A418W,-4.213667451,0.006109286,0
A418Y,-5.00126602,0.003421777,0
K419A,-4.783952736,0.004023401,0
K419C,-2.858729532,0.01606137,0
K419D,-3.659293099,0.009102407,0
K419E,-3.221981109,0.012424172,0
K419F,-3.103028592,0.013515961,0
K419G,-6.702114432,0.000859368,0
K419H,-2.500072608,0.020673144,0
K419I,-3.956823314,0.007354124,0
K419L,-5.704362534,0.001994206,0
K419M,-3.584605938,0.009600867,0
K419N,-6.835740272,0.000758664,0
K419P,-3.94735143,0.007404403,0
K419Q,-1.643793151,0.03765201,0
K419R,0.304113798,0.146064333,1
K419S,-5.086123718,0.003210378,0
K419T,-3.417796885,0.010811872,0
K419V,-3.421381419,0.010784349,0
K419W,-3.822727439,0.008097629,0
K419Y,-4.191755289,0.006207055,0
R420A,-5.471457351,0.002392472,0
R420C,-4.723738226,0.004206774,0
R420D,-4.200604821,0.006167391,0
R420E,-5.200324378,0.002944815,0
R420F,-4.679938106,0.00434505,0
R420G,-4.717992943,0.004224673,0
R420H,-3.880896679,0.007766602,0
R420I,-5.58919249,0.002183116,0
R420K,-3.47544814,0.01037741,0
R420L,-5.696470189,0.002006676,0
R420M,-4.145455307,0.006418586,0
R420N,-4.450328873,0.005142782,0
R420P,-4.537624325,0.004824444,0
R420Q,-4.811427502,0.003942241,0
R420S,-5.620851201,0.002129675,0
R420T,-4.837122418,0.003867725,0
R420V,-6.105840026,0.001442001,0
R420W,-4.666602753,0.00438799,0
R420Y,-3.974173007,0.007262878,0
M421A,-6.017166665,0.001551099,0
M421C,-5.299122065,0.002731433,0
M421D,-4.450007505,0.005143989,0
M421E,-4.859193588,0.003804768,0
M421F,-3.2396576,0.012269477,0
M421G,-6.236446647,0.001293042,0
M421H,-3.943932923,0.007422631,0
M421I,-4.278624923,0.005828032,0
M421K,-5.087846293,0.003206215,0
M421L,-2.527153211,0.020283523,0
M421N,-5.437458761,0.002456176,0
M421P,-5.436065685,0.002458818,0
M421Q,-5.054758663,0.003287071,0
M421R,-5.863646229,0.001756585,0
M421S,-6.663043166,0.00089062,0
M421T,-4.412647218,0.005286259,0
M421V,-2.723431116,0.017667957,0
M421W,-4.770181609,0.004064666,0
M421Y,-3.964423635,0.007314017,0
A422C,-2.93450898,0.015225223,0
A422D,-3.702605245,0.008824947,0
A422E,-6.897418442,0.000715237,0
A422F,-5.698488986,0.002003479,0
A422G,-5.981744396,0.00159659,0
A422H,-4.657901146,0.004416224,0
A422I,0.862040427,0.215160635,1
A422K,-4.055762888,0.006848192,0
A422L,-0.136418698,0.107555923,0
A422M,-0.41520488,0.088607625,0
A422N,-3.10608208,0.013486795,0
A422P,-5.764739101,0.001901035,0
A422Q,-3.42305664,0.01077151,0
A422R,-5.182031258,0.002985953,0
A422S,-4.984748746,0.00346439,0
A422T,-2.734287828,0.017533407,0
A422V,0.156797115,0.131858533,1
A422W,-1.553956073,0.040089078,0
A422Y,-3.213367425,0.012500244,0
V423A,-2.202223117,0.025477696,0
V423C,-4.697692925,0.004288492,0
V423D,-4.90004514,0.003690753,0
V423E,-4.916326774,0.003646204,0
V423F,-3.398087771,0.010964428,0
V423G,-5.942251245,0.001648643,0
V423H,-3.80407978,0.008206604,0
V423I,-0.653152005,0.075092504,0
V423K,-2.659814838,0.018477044,0
V423L,0.476392744,0.164626096,1
V423M,-1.177065623,0.052140567,0
V423N,-3.62646026,0.009318357,0
V423P,-5.298679233,0.002732357,0
V423Q,-1.327252459,0.04695804,0
V423R,-6.298146153,0.001227228,0
V423S,-2.330132746,0.023292407,0
V423T,-3.85190901,0.007929895,0
V423W,-4.052154784,0.006866039,0
V423Y,-3.839773958,0.007999235,0
L424A,-6.229475277,0.001300657,0
L424C,-4.904751626,0.003677824,0
L424D,-5.640460467,0.002097158,0
L424E,-5.596243126,0.002171113,0
L424F,-4.194694443,0.006193854,0
L424G,-7.220529161,0.000515735,0
L424H,-5.524021982,0.002296888,0
L424I,-5.31684293,0.002694681,0
L424K,-5.917767739,0.001681636,0
L424M,-2.86821807,0.015954253,0
L424N,-5.099013946,0.00317934,0
L424P,-4.357110856,0.00550467,0
L424Q,-4.69387332,0.004300601,0
L424R,-5.691672979,0.002014288,0
L424S,-6.640043758,0.000909415,0
L424T,-5.783113928,0.001873445,0
L424V,-6.912430997,0.000704944,0
L424W,-4.851067615,0.003827835,0
L424Y,-5.832415785,0.001801131,0
G425A,-3.48057646,0.010339597,0
G425C,-5.304161598,0.002720935,0
G425D,-5.034070011,0.003338578,0
G425E,-4.597189911,0.004618025,0
G425F,-4.881115529,0.003743184,0
G425H,-4.967328724,0.003509864,0
G425I,-4.830805633,0.003885921,0
G425K,-5.688099737,0.002019976,0
G425L,-6.980674609,0.000659484,0
G425M,-4.796537355,0.003986035,0
G425N,-5.646547198,0.002087154,0
G425P,-6.23328046,0.001296496,0
G425Q,-5.380411422,0.002566498,0
G425R,-4.973675611,0.003493233,0
G425S,-6.716176037,0.000848327,0
G425T,-5.634697966,0.002106668,0
G425V,-8.065401902,0.00016347,0
G425W,-7.078088132,0.000598207,0
G425Y,-4.887978782,0.003724095,0
D426A,-3.225435441,0.012393792,0
D426C,-2.994110065,0.014597757,0
D426E,-1.393871645,0.044826375,0
D426F,-1.549129889,0.040224345,0
D426G,-3.013998949,0.014394074,0
D426H,-0.004859278,0.117851697,0
D426I,-4.052469912,0.006864479,0
D426K,0.176093423,0.13363777,1
D426L,-5.132701228,0.003099522,0
D426M,-1.443486755,0.043301545,0
D426N,0.909814863,0.222414296,1
D426P,-1.60780519,0.038610097,0
D426Q,-1.180944014,0.051999837,0
D426R,-6.380761457,0.001143397,0
D426S,-1.965660558,0.030067081,0
D426T,-0.134480893,0.107700862,0
D426V,-2.606317213,0.019185607,0
D426W,-1.269422655,0.048889979,0
D426Y,-4.494292906,0.004980052,0
T427A,-1.453103208,0.04301202,0
T427C,-3.66865948,0.009041697,0
T427D,-5.491572092,0.002355483,0
T427E,-5.190844258,0.002966069,0
T427F,-2.898543247,0.015616594,0
T427G,-2.403277094,0.02212713,0
T427H,-5.292381159,0.002745532,0
T427I,-3.777166726,0.008366387,0
T427K,-1.696943364,0.036280024,0
T427L,-5.336505874,0.002654427,0
T427M,-2.39576888,0.022244042,0
T427N,-4.63501864,0.004491289,0
T427P,-5.650449409,0.002080762,0
T427Q,-4.590051512,0.004642315,0
T427R,-0.988374122,0.059465131,0
T427S,-1.266204918,0.048999766,0
T427V,-1.59469546,0.038965092,0
T427W,-3.502922917,0.010176388,0
T427Y,-5.359617383,0.002607808,0
A428C,-6.39568752,0.001128756,0
A428D,-5.13204537,0.003101059,0
A428E,-6.875072961,0.000730756,0
A428F,-2.509201285,0.020540988,0
A428G,-7.283975892,0.000481541,0
A428H,-5.879635835,0.001734149,0
A428I,-6.154902112,0.001384458,0
A428K,-4.783348334,0.004025204,0
A428L,-7.430006455,0.000408325,0
A428M,-5.230259607,0.002878611,0
A428N,-6.140382064,0.001401285,0
A428P,-5.251684815,0.002832064,0
A428Q,-5.65307851,0.002076466,0
A428R,-7.021157994,0.000633515,0
A428S,-4.454045417,0.005128832,0
A428T,-4.784835146,0.004020771,0
A428V,-3.107038711,0.01347767,0
A428W,-5.227536642,0.002884577,0
A428Y,-5.665569199,0.002056161,0
W429A,-6.935412456,0.000689394,0
W429C,-5.283189277,0.002764864,0
W429D,-5.854393949,0.001769682,0
W429E,-6.081543196,0.00147123,0
W429F,-6.153940828,0.001385567,0
W429G,-5.736945486,0.001943441,0
W429H,-5.067922649,0.00325468,0
W429I,-5.571300475,0.002213841,0
W429K,-6.558717548,0.000978332,0
W429L,-5.899497942,0.001706623,0
W429M,-4.87260641,0.003766977,0
W429N,-5.24291442,0.002851035,0
W429P,-6.078708785,0.001474673,0
W429Q,-6.476067441,0.001052467,0
W429R,-4.975169946,0.003489327,0
W429S,-7.453751832,0.000397104,0
W429T,-7.056815397,0.000611237,0
W429V,-6.268468495,0.001258534,0
W429Y,-6.638868862,0.000910383,0
D430A,-5.429817738,0.002470701,0
D430C,-4.959194917,0.003531286,0
D430E,-5.152616711,0.003053204,0
D430F,-5.347839847,0.002631471,0
D430G,-5.852488502,0.001772389,0
D430H,-4.232042171,0.006028438,0
D430I,-5.772920843,0.001888707,0
D430K,-5.564552001,0.002225529,0
D430L,-7.942348928,0.000202868,0
D430M,-4.115284656,0.006560126,0
D430N,-2.501644952,0.020650322,0
D430P,-6.234799611,0.001294838,0
D430Q,-5.148732072,0.003062189,0
D430R,-6.664002923,0.000889842,0
D430S,-5.41248286,0.002503939,0
D430T,-5.451362824,0.002429942,0
D430V,-6.199034294,0.001334343,0
D430W,-4.387050912,0.005385879,0
D430Y,-5.702867287,0.001996563,0
F431A,-5.462699089,0.002408739,0
F431C,-2.093174698,0.027500026,0
F431D,-4.71815832,0.004224157,0
F431E,-4.307867638,0.005705491,0
F431G,-6.359432463,0.001164582,0
F431H,-5.502139584,0.002336256,0
F431I,-2.633716037,0.018819434,0
F431K,-5.302132986,0.002725156,0
F431L,-2.5935872,0.019358118,0
F431M,-2.824183535,0.016457371,0
F431N,-3.949814211,0.007391299,0
F431P,-4.878717071,0.003749876,0
F431Q,-3.580417941,0.009629589,0
F431R,-5.438611419,0.002453991,0
F431S,-3.426596359,0.010744431,0
F431T,-4.121698584,0.006529788,0
F431V,-2.213083618,0.02528453,0
F431W,-3.822353633,0.008099799,0
F431Y,-4.53121837,0.004847156,0
G432A,-1.564207075,0.039803261,0
G432C,-3.611604503,0.009417694,0
G432D,-3.556825099,0.009792959,0
G432E,-2.486668177,0.020868723,0
G432F,-4.01825174,0.007035935,0
G432H,-0.623143344,0.076676682,0
G432I,-5.714622627,0.001978096,0
G432K,-5.170224384,0.003012783,0
G432L,-6.846152741,0.000751202,0
G432M,-2.669848444,0.018347052,0
G432N,-1.390395912,0.044935174,0
G432P,-5.393858239,0.002540099,0
G432Q,-3.048701496,0.014045339,0
G432R,-1.695214086,0.036323871,0
G432S,0.321201605,0.147807983,1
G432T,-0.322158691,0.094529246,0
G432V,-4.754333757,0.004112644,0
G432W,-3.397311375,0.01097048,0
G432Y,-4.158247578,0.006359462,0
S433A,-7.1159986,0.000575456,0
S433C,-6.60813969,0.000935989,0
S433D,-5.821451719,0.001816999,0
S433E,-6.592442128,0.000949281,0
S433F,-6.087712848,0.001463762,0
S433G,-7.469801927,0.000389624,0
S433H,-6.110194263,0.001436815,0
S433I,-6.745763512,0.000825442,0
S433K,-6.422172125,0.001103149,0
S433L,-4.504700076,0.004942251,0
S433M,-5.547839842,0.002254711,0
S433N,-6.265683173,0.001261505,0
S433P,-4.624116633,0.004527473,0
S433Q,-6.224398029,0.001306226,0
S433R,-7.807846281,0.000249954,0
S433T,-2.670189177,0.018342654,0
S433V,-7.432165973,0.000407297,0
S433W,-6.140133899,0.001401574,0
S433Y,-6.63608673,0.000912679,0
V434A,-2.982160766,0.014721487,0
V434C,-2.833414031,0.016350632,0
V434D,-3.147639037,0.013095926,0
V434E,-3.446082301,0.010596542,0
V434F,-0.878329428,0.064200552,0
V434G,-3.836770469,0.008016487,0
V434H,-2.964342132,0.014907906,0
V434I,-1.734299757,0.035345534,0
V434K,-3.539475654,0.009914813,0
V434L,-1.513135539,0.041247591,0
V434M,-2.364763862,0.022733325,0
V434N,-3.650364446,0.009160647,0
V434P,-2.472884611,0.021071737,0
V434Q,-2.773035706,0.017061369,0
V434R,-5.71603938,0.001975881,0
V434S,-5.437445222,0.002456201,0
V434T,-5.472104113,0.002391274,0
V434W,-1.943758636,0.030531288,0
V434Y,-3.626322981,0.009319271,0
G435A,-0.873551328,0.064414457,0
G435C,-5.320457329,0.00268724,0
G435D,-6.244354152,0.001284449,0
G435E,-4.315081425,0.005675642,0
G435F,-4.3740708,0.005437077,0
G435H,-3.162964408,0.0129546,0
G435I,-5.637854415,0.002101454,0
G435K,-1.180031242,0.052032924,0
G435L,-6.103052131,0.00144533,0
G435M,-2.337987234,0.023164425,0
G435N,-1.015478953,0.058353158,0
G435P,-5.898728711,0.001707682,0
G435Q,-2.152540733,0.026380135,0
G435R,-1.515356436,0.041183713,0
G435S,-4.397694557,0.005344239,0
G435T,-3.411861752,0.010857593,0
G435V,-4.122431395,0.00652633,0
G435W,-2.02809239,0.02878188,0
G435Y,-1.826137534,0.03314845,0
G436A,-2.41899766,0.021884303,0
G436C,-8.284302234,0.000101177,0
G436D,-4.143591766,0.006427243,0
G436E,-6.451799202,0.001075054,0
G436F,-4.881261991,0.003742776,0
G436H,-6.116541515,0.001429282,0
G436I,-5.961986439,0.001622453,0
G436K,-5.332369693,0.002662849,0
G436L,-7.674559181,0.000301153,0
G436M,-4.242187955,0.005984237,0
G436N,-4.260378593,0.00590576,0
G436P,-7.312328929,0.00046674,0
G436Q,-6.372931494,0.001151138,0
G436R,-7.389364058,0.000427963,0
G436S,-0.617514242,0.076977534,0
G436T,-5.847735654,0.001779159,0
G436V,-6.533831861,0.001000209,0
G436W,-5.994712327,0.001579806,0
G436Y,-4.77919145,0.004037624,0
V437A,-2.309076979,0.023638948,0
V437C,-2.89160748,0.015693196,0
V437D,-4.405924614,0.005312252,0
V437E,-4.311740463,0.005689448,0
V437F,-1.224147598,0.050457481,0
V437G,-5.458073027,0.002417371,0
V437H,-3.312661564,0.01165029,0
V437I,-1.027503034,0.057866521,0
V437K,-5.376361834,0.002574496,0
V437L,0.640172103,0.184450638,1
V437M,1.131490116,0.259400728,1
V437N,-4.200297145,0.006168766,0
V437P,-6.68101398,0.00087614,0
V437Q,-3.722352455,0.008701183,0
V437R,-7.083041196,0.0005952,0
V437S,-5.730512545,0.001953373,0
V437T,-4.787320505,0.00401337,0
V437W,-4.983844878,0.003466736,0
V437Y,-4.167261472,0.006318114,0
F438A,-3.84895641,0.007946713,0
F438C,-2.691196008,0.018073471,0
F438D,-6.209531787,0.001322646,0
F438E,-5.601133898,0.002162821,0
F438G,-7.154906169,0.00055272,0
F438H,-5.99131485,0.001584189,0
F438I,-0.581074147,0.07895376,0
F438K,-3.034196022,0.014190089,0
F438L,0.986218308,0.234525748,1
F438M,-3.371494162,0.011173603,0
F438N,-5.673608501,0.002043184,0
F438P,-6.489066576,0.001040524,0
F438Q,-3.957506244,0.007350511,0
F438R,-6.315632742,0.001209081,0
F438S,-3.886519166,0.007735308,0
F438T,-6.13248535,0.001410507,0
F438V,-2.915611125,0.015429648,0
F438W,-4.625088773,0.004524236,0
F438Y,-5.525969563,0.002293413,0
N439A,0.08609927,0.125539361,1
N439C,0.326744798,0.148378064,1
N439D,-0.719224836,0.071718476,0
N439E,-2.50663129,0.020578109,0
N439F,-1.156417919,0.052896185,0
N439G,0.356607638,0.151487236,1
N439H,-0.550852877,0.080631017,0
N439I,-2.157914848,0.026281013,0
N439K,1.35859579,0.303672067,1
N439L,-0.386815675,0.09037405,0
N439M,-2.847420457,0.016189964,0
N439P,-6.21923354,0.001311911,0
N439Q,-1.413641957,0.044212479,0
N439R,-1.361564024,0.045847857,0
N439S,0.555402389,0.173909047,1
N439T,-1.751764834,0.034916868,0
N439V,-1.153397,0.053007648,0
N439W,-3.168415705,0.01290469,0
N439Y,0.762300037,0.200769461,1
S440A,-5.41374347,0.002501509,0
S440C,-4.721179498,0.004214737,0
S440D,-4.984033218,0.003466247,0
S440E,-5.229710166,0.002879814,0
S440F,-5.794328427,0.001856778,0
S440G,-6.820656358,0.000769571,0
S440H,-4.910829105,0.00366119,0
S440I,-5.798937079,0.001849966,0
S440K,-5.946536138,0.001642926,0
S440L,-4.764207458,0.004082691,0
S440M,-4.418493536,0.005263752,0
S440N,-5.415912566,0.002497331,0
S440P,-4.764702312,0.004081195,0
S440Q,-5.211894725,0.002919063,0
S440R,-6.003445154,0.001568589,0
S440T,-4.405256786,0.005314841,0
S440V,-6.057286282,0.001500907,0
S440W,-4.375726802,0.005430519,0
S440Y,-4.651846602,0.00443597,0
L441A,-5.82028843,0.00181869,0
L441C,-5.323349468,0.0026813,0
L441D,-5.039727251,0.00332442,0
L441E,-4.798141186,0.003981296,0
L441F,-2.377076733,0.022537758,0
L441G,-6.748136869,0.000823627,0
L441H,-4.972496001,0.003496318,0
L441I,-5.353507337,0.00262006,0
L441K,-5.306379517,0.002716327,0
L441M,-2.295252125,0.023869248,0
L441N,-4.833383717,0.003878485,0
L441P,-3.143337358,0.013135866,0
L441Q,-4.097179258,0.006646496,0
L441R,-6.221544008,0.001309366,0
L441S,-6.717907344,0.000846975,0
L441T,-6.213618043,0.001318116,0
L441V,-2.211813653,0.025307042,0
L441W,-4.420332454,0.005256691,0
L441Y,-3.585633957,0.009593829,0
G442A,-1.239137356,0.049933052,0
G442C,-5.563768994,0.002226889,0
G442D,-4.984991352,0.003463761,0
G442E,-4.34207455,0.005565265,0
G442F,-4.332297133,0.005605007,0
G442H,-4.675399478,0.00435962,0
G442I,-3.776754837,0.008368855,0
G442K,-3.968577412,0.007292187,0
G442L,-4.525397611,0.00486788,0
G442M,-2.830687938,0.016382085,0
G442N,-3.782058211,0.008337124,0
G442P,-5.400233826,0.002527668,0
G442Q,-4.378827547,0.005418261,0
G442R,-2.09213056,0.027520138,0
G442S,-5.013194561,0.003391304,0
G442T,-4.247362801,0.005961811,0
G442V,-2.082265713,0.027710875,0
G442W,-3.883045621,0.007754627,0
G442Y,-4.990203386,0.003450264,0
K443A,-1.731245083,0.035421043,0
K443C,-3.329088009,0.011515234,0
K443D,-1.638712913,0.037785814,0
K443E,-1.253835474,0.049424091,0
K443F,-1.948068543,0.030439383,0
K443G,-2.921727806,0.015363188,0
K443H,-0.017040368,0.116858485,0
K443I,-0.960494537,0.060630894,0
K443L,-0.773455188,0.069062352,0
K443M,1.505954212,0.336358877,1
K443N,-0.057510817,0.113618207,0
K443P,-2.467431532,0.021152591,0
K443Q,0.309731867,0.146635326,1
K443R,-0.326541065,0.094241691,0
K443S,-0.241935275,0.099950548,0
K443T,-0.53998257,0.081242954,0
K443V,-2.448270751,0.021439128,0
K443W,-2.029250209,0.028758567,0
K443Y,-1.434458229,0.043575132,0
G444A,0.805830086,0.206928087,1
G444C,-2.289951713,0.023958131,0
G444D,-1.467031882,0.042596072,0
G444E,-1.362791121,0.04580864,0
G444F,-2.559468277,0.01982806,0
G444H,-1.560957511,0.039893645,0
G444I,-1.216744035,0.050718518,0
G444K,-1.157920219,0.052840842,0
G444L,-1.685500858,0.036571139,0
G444M,-1.166907525,0.052510959,0
G444N,-1.003208281,0.058853974,0
G444P,-3.004926821,0.014486634,0
G444Q,-1.786908379,0.034069866,0
G444R,-5.728401082,0.001956643,0
G444S,-1.175258529,0.052206268,0
G444T,0.940107386,0.227139663,1
G444V,-0.214607525,0.101867207,0
G444W,-1.558253861,0.039969,0
G444Y,-2.712009508,0.017810604,0
I445A,-5.037464091,0.003330077,0
I445C,-2.08375533,0.027681989,0
I445D,-3.650750162,0.009158124,0
I445E,-3.653489615,0.009140221,0
I445F,-4.851981266,0.003825235,0
I445G,-6.509634728,0.001021845,0
I445H,-4.384223075,0.005396994,0
I445K,-3.721978568,0.008703511,0
I445L,-1.519676822,0.041059732,0
I445M,-2.41493528,0.021946799,0
I445N,-3.65076723,0.009158012,0
I445P,-3.708338113,0.008788842,0
I445Q,-3.710043406,0.00877813,0
I445R,-6.48696302,0.00104245,0
I445S,-4.288720522,0.005785445,0
I445T,-3.40146725,0.010938121,0
I445V,-2.105884793,0.027256369,0
I445W,-3.584269291,0.009603172,0
I445Y,-3.825800862,0.008079803,0
H446A,-5.09871536,0.003180056,0
H446C,-5.810065394,0.001833607,0
H446D,-4.891006745,0.003715702,0
H446E,-5.749412184,0.001924319,0
H446F,-3.9370428,0.007459501,0
H446G,-6.352285914,0.001171751,0
H446I,-5.605234867,0.00215589,0
H446K,-4.790838658,0.004002915,0
H446L,-4.714317503,0.004236162,0
H446M,-4.425657975,0.005236295,0
H446N,-4.40004773,0.005335075,0
H446P,-4.531301545,0.00484686,0
H446Q,-4.504492369,0.004943003,0
H446R,-4.570198543,0.004710506,0
H446S,-6.60678756,0.000937128,0
H446T,-7.23464424,0.000507997,0
H446V,-3.885260405,0.007742303,0
H446W,-4.363345083,0.005479731,0
H446Y,-3.476763309,0.0103677,0
Q447A,-0.067578039,0.112826191,0
Q447C,1.098872401,0.253595533,1
Q447D,-3.716921731,0.008735051,0
Q447E,-3.458277312,0.010504999,0
Q447F,-2.205794217,0.02541402,0
Q447G,-0.17950624,0.104382941,0
Q447H,-1.390573161,0.044929619,0
Q447I,-0.317459247,0.094838579,0
Q447K,-6.040830814,0.001521325,0
Q447L,-3.28481075,0.011882819,0
Q447M,0.486290108,0.165761289,1
Q447N,-2.182217133,0.025837355,0
Q447P,-4.79506362,0.003990394,0
Q447R,-4.768329471,0.004070246,0
Q447S,-1.190678999,0.051648259,0
Q447T,-4.339778039,0.005574575,0
Q447V,-0.686134908,0.073388908,0
Q447W,-2.564536831,0.019757543,0
Q447Y,-2.591393845,0.019387996,0
I448A,-4.124960064,0.006514413,0
I448C,-4.333094629,0.005601756,0
I448D,-3.790839489,0.008284839,0
I448E,-3.667224507,0.009050973,0
I448F,-5.919063362,0.001679876,0
I448G,-5.104421017,0.003166403,0
I448H,-4.309612169,0.005698259,0
I448K,-4.539011966,0.004819538,0
I448L,-5.990733185,0.00158494,0
I448M,-3.196569737,0.012649906,0
I448N,-4.155813212,0.006370673,0
I448P,-6.638593636,0.00091061,0
I448Q,-4.668973166,0.004380329,0
I448R,-5.403603587,0.00252112,0
I448S,-4.573603102,0.004698745,0
I448T,-4.868758322,0.003777783,0
I448V,-1.404676282,0.044489833,0
I448W,-4.317693023,0.005664872,0
I448Y,-5.175191603,0.003001468,0
F449A,-5.226370294,0.002887135,0
F449C,-3.437485665,0.01066154,0
F449D,-3.308663859,0.011683392,0
F449E,-3.390999327,0.011019806,0
F449G,-4.222099281,0.006072059,0
F449H,-3.847251644,0.007956439,0
F449I,-5.028528296,0.0033525,0
F449K,-4.303714105,0.005722745,0
F449L,-5.041573491,0.003319811,0
F449M,-3.491824153,0.010257133,0
F449N,-4.196283987,0.006186726,0
F449P,-5.589509101,0.002182576,0
F449Q,-3.559472704,0.009774492,0
F449R,-5.609070411,0.002149425,0
F449S,-4.291605115,0.005773332,0
F449T,-4.192613633,0.006203197,0
F449V,-4.367959828,0.00546134,0
F449W,-3.434216808,0.010686357,0
F449Y,-3.862965819,0.007867223,0
G450A,-5.439756815,0.002451822,0
G450C,-4.373874344,0.005437855,0
G450D,-5.330465589,0.002666734,0
G450E,-5.505817605,0.002329597,0
G450F,-4.539335251,0.004818396,0
G450H,-5.348156291,0.002630833,0
G450I,-5.256563567,0.002821562,0
G450K,-4.022215878,0.007015863,0
G450L,-6.748590058,0.00082328,0
G450M,-3.742590553,0.008576089,0
G450N,-4.534140694,0.004836783,0
G450P,-5.068076759,0.003254302,0
G450Q,-4.222974463,0.006068207,0
G450R,-5.239397552,0.002858674,0
G450S,-5.375001045,0.002577189,0
G450T,-5.10547757,0.003163881,0
G450V,-5.196668094,0.002952996,0
G450W,-3.554838563,0.009806838,0
G450Y,-4.822972347,0.003908596,0
A451C,-1.900986152,0.031458416,0
A451D,-1.303981195,0.047726172,0
A451E,1.577518412,0.35347874,1
A451F,-4.279611206,0.005823858,0
A451G,-2.963933711,0.014912206,0
A451H,-2.050890608,0.028326254,0
A451I,-1.926939883,0.030892572,0
A451K,-1.024946828,0.057969637,0
A451L,-5.171041576,0.003010919,0
A451M,-0.286905191,0.096874506,0
A451N,-2.651173401,0.018589726,0
A451P,-0.433186175,0.087506645,0
A451Q,-7.155735126,0.000552242,0
A451R,-3.061697787,0.01391688,0
A451S,0.027520849,0.120533023,1
A451T,0.206315328,0.136472678,1
A451V,1.872595208,0.433764164,1
A451W,-0.808461421,0.06740007,0
A451Y,-1.22177359,0.050541039,0
A452C,-3.865468939,0.007853101,0
A452D,-4.505313712,0.004940031,0
A452E,-5.009419089,0.003400922,0
A452F,-4.324309587,0.005637675,0
A452G,-5.086680659,0.003209032,0
A452H,-5.482771504,0.002371603,0
A452I,-4.404163283,0.005319082,0
A452K,-4.578261114,0.0046827,0
A452L,-5.737426157,0.001942701,0
A452M,-3.636337405,0.009252875,0
A452N,-4.124878894,0.006514795,0
A452P,-6.757415043,0.000816558,0
A452Q,-3.791147355,0.008283012,0
A452R,-5.968926134,0.001613329,0
A452S,-4.196574849,0.006185423,0
A452T,-3.893765111,0.007695157,0
A452V,-4.605831301,0.004588781,0
A452W,-4.125663085,0.006511103,0
A452Y,-3.945239299,0.00741566,0
F453A,-5.150894306,0.003057185,0
F453C,-3.937415978,0.0074575,0
F453D,-4.973925161,0.00349258,0
F453E,-3.735345811,0.008620668,0
F453G,-6.464058717,0.001063597,0
F453H,-3.219790911,0.012443472,0
F453I,-3.490120092,0.010269585,0
F453K,-3.559430111,0.009774789,0
F453L,-4.275812504,0.005839949,0
F453M,-4.106910605,0.006599939,0
F453N,-3.270536731,0.012003746,0
F453P,-3.316786054,0.011616235,0
F453Q,-3.339564272,0.011429899,0
F453R,-5.168088653,0.003017659,0
F453S,-3.877169542,0.007787414,0
F453T,-3.325243826,0.011546703,0
F453V,-3.615250214,0.009393221,0
F453W,-3.746556165,0.008551781,0
F453Y,-3.130863932,0.013252352,0
K454A,-4.824205854,0.003905018,0
K454C,-3.496485254,0.010223147,0
K454D,-3.700515864,0.008838141,0
K454E,-3.175783007,0.012837537,0
K454F,-3.652297928,0.009148005,0
K454G,-5.266172415,0.002800979,0
K454H,-3.874393754,0.007802949,0
K454I,-2.925648489,0.015320737,0
K454L,-5.229593867,0.002880069,0
K454M,-3.111568634,0.013434543,0
K454N,-4.521435597,0.004882034,0
K454P,-4.06029425,0.006825842,0
K454Q,-5.135310959,0.003093416,0
K454R,-1.719463233,0.035713783,0
K454S,-3.929992093,0.007497413,0
K454T,-2.855917428,0.016093252,0
K454V,-2.954709975,0.015009641,0
K454W,-2.686887369,0.018128363,0
K454Y,-4.132991401,0.0064767,0
S455A,-0.958254291,0.060725549,0
S455C,-0.947480516,0.061182825,0
S455D,-0.793592231,0.068101214,0
S455E,-1.026634942,0.057901519,0
S455F,-1.436200193,0.043522212,0
S455G,-0.987450866,0.059503377,0
S455H,-1.322532148,0.047112847,0
S455I,-1.83226651,0.033006742,0
S455K,-0.930469556,0.061911817,0
S455L,-0.109937725,0.109553533,0
S455M,-0.833798098,0.066221863,0
S455N,-0.826252857,0.066570571,0
S455P,-1.519078278,0.041076886,0
S455Q,-1.113407604,0.054505337,0
S455R,-1.20556304,0.051115288,0
S455T,-0.444273055,0.086834612,0
S455V,-0.596545037,0.078108638,0
S455W,-1.179198135,0.052063141,0
S455Y,-2.799914513,0.016741292,0
L456A,-5.678017866,0.002036098,0
L456C,-4.6494227,0.004443899,0
L456D,-4.093823143,0.006662625,0
L456E,-4.211175814,0.006120329,0
L456F,-2.926552612,0.015310964,0
L456G,-5.897381567,0.001709538,0
L456H,-3.901189368,0.007654226,0
L456I,-2.890998877,0.015699936,0
L456K,-4.314093085,0.005679723,0
L456M,-1.970772298,0.02995975,0
L456N,-4.763108991,0.004086013,0
L456P,-4.121568353,0.006530403,0
L456Q,-4.107896958,0.006595237,0
L456R,-4.575870561,0.004690928,0
L456S,-5.497672337,0.002344367,0
L456T,-5.003566891,0.003415879,0
L456V,-3.350749424,0.011339472,0
L456W,-4.749908569,0.004126136,0
L456Y,-3.981028284,0.007227126,0
F457A,-3.24429904,0.012229171,0
F457C,-3.611391407,0.009419127,0
F457D,-3.459938767,0.010492587,0
F457E,-3.832025957,0.008043813,0
F457G,-6.333312279,0.001190957,0
F457H,-4.512970077,0.004912407,0
F457I,-3.274219067,0.011972435,0
F457K,-3.372640675,0.011164505,0
F457L,-2.848799197,0.016174232,0
F457M,-2.863039413,0.016012628,0
F457N,-4.120462704,0.006535623,0
F457P,-3.493340922,0.010246061,0
F457Q,-3.981433814,0.007225017,0
F457R,-4.939410567,0.003583899,0
F457S,-2.70025489,0.017958595,0
F457T,-4.1218228,0.006529202,0
F457V,-4.150198587,0.006396602,0
F457W,-3.407337835,0.010892569,0
F457Y,-3.501570898,0.010186191,0
G458A,-3.976190793,0.007252337,0
G458C,-3.756710382,0.008489845,0
G458D,-3.931822439,0.007487554,0
G458E,-3.239108069,0.012274258,0
G458F,-3.392771816,0.011005933,0
G458H,-4.048469168,0.006884316,0
G458I,-4.957210877,0.00353653,0
G458K,-4.783441573,0.004024926,0
G458L,-6.077805622,0.001475771,0
G458M,-3.96608698,0.007305268,0
G458N,-3.869879262,0.007828279,0
G458P,-3.741459934,0.008583031,0
G458Q,-1.749688414,0.03496756,0
G458R,-4.476122796,0.005046707,0
G458S,-2.332456905,0.023254464,0
G458T,-5.32256324,0.002682914,0
G458V,-7.201834891,0.0005261,0
G458W,-3.672062927,0.009019735,0
G458Y,-4.178003027,0.006269178,0
G459A,-3.798292138,0.008240714,0
G459C,-4.671753656,0.004371357,0
G459D,-4.727016709,0.004196592,0
G459E,-3.950233411,0.00738907,0
G459F,-4.967204061,0.003510192,0
G459H,-2.775412051,0.01703283,0
G459I,-5.621830595,0.002128041,0
G459K,-2.536383174,0.020152389,0
G459L,-5.926065751,0.001670391,0
G459M,-2.78805532,0.016881778,0
G459N,-3.601087965,0.009488637,0
G459P,-4.995160861,0.003437471,0
G459Q,-0.799266581,0.067832791,0
G459R,-1.290920564,0.048162733,0
G459S,-3.938273315,0.007452904,0
G459T,-5.705104581,0.001993037,0
G459V,-5.506364715,0.002328608,0
G459W,-4.138566599,0.006450643,0
G459Y,-2.472908905,0.021071378,0
M460A,-4.435143963,0.005200149,0
M460C,-3.445457817,0.010601251,0
M460D,-2.804521077,0.016687032,0
M460E,-3.883236843,0.007753562,0
M460F,-2.800301607,0.016736726,0
M460G,-5.048289085,0.003303098,0
M460H,-2.76830571,0.017118314,0
M460I,-0.029028947,0.115889123,0
M460K,-4.365419671,0.005471456,0
M460L,-3.183743454,0.012765363,0
M460N,-3.912998979,0.007589551,0
M460P,-2.798693557,0.016755702,0
M460Q,-3.601050009,0.009488894,0
M460R,-3.468350087,0.010429968,0
M460S,-4.258880623,0.005912186,0
M460T,-2.597764552,0.019301341,0
M460V,-2.596762811,0.019314941,0
M460W,-3.54322081,0.009888385,0
M460Y,-2.383123995,0.022442319,0
S461A,-4.942135668,0.003576609,0
S461C,-3.765297228,0.008437809,0
S461D,-3.699504538,0.008844534,0
S461E,-5.639773041,0.00209829,0
S461F,-2.99690784,0.014568935,0
S461G,-3.074244979,0.013793953,0
S461H,-1.412993265,0.044232488,0
S461I,-3.144485113,0.013125197,0
S461K,-3.873067509,0.007810382,0
S461L,-5.111180811,0.003150297,0
S461M,-3.440198769,0.010640985,0
S461N,-1.242906453,0.049802043,0
S461P,-2.602373504,0.019238888,0
S461Q,-3.494060405,0.010240814,0
S461R,-2.742625907,0.017430757,0
S461T,-2.03395081,0.02866411,0
S461V,-5.681774533,0.002030077,0
S461W,-3.178597036,0.012811978,0
S461Y,-3.22323023,0.012413178,0
W462A,-4.698842151,0.004284855,0
W462C,-3.95983769,0.007338192,0
W462D,-4.248562163,0.005956625,0
W462E,-5.919321978,0.001679525,0
W462F,-3.030909809,0.014223084,0
W462G,-4.83460877,0.003874956,0
W462H,-3.838257208,0.008007943,0
W462I,-4.47766644,0.005041011,0
W462K,-4.046346875,0.006894861,0
W462L,-3.795467234,0.008257413,0
W462M,-4.724057259,0.004205782,0
W462N,-4.999011792,0.003427564,0
W462P,-4.097869735,0.006643182,0
W462Q,-4.177696736,0.006270568,0
W462R,-2.426951307,0.021762452,0
W462S,-4.636800768,0.0044854,0
W462T,-3.240005062,0.012266455,0
W462V,-4.313069331,0.005683953,0
W462Y,-2.299713455,0.023794688,0
F463A,-3.869025429,0.007833079,0
F463C,-2.023228925,0.028880012,0
F463D,-3.128379912,0.013275671,0
F463E,-4.297205008,0.005749885,0
F463G,-2.871547789,0.01591683,0
F463H,-3.198001813,0.012637078,0
F463I,-1.86159499,0.032336909,0
F463K,-5.351548976,0.002623998,0
F463L,0.840296576,0.211937942,1
F463M,-2.095053463,0.027463874,0
F463N,-3.882391577,0.00775827,0
F463P,-4.2016363,0.006162783,0
F463Q,-3.93374772,0.007477196,0
F463R,-5.096458435,0.003185472,0
F463S,-3.702862488,0.008823323,0
F463T,-5.606610891,0.002153568,0
F463V,-0.258411384,0.098812401,0
F463W,-0.995805088,0.059158195,0
F463Y,-0.789143304,0.068312407,0
S464A,-4.512297607,0.004914827,0
S464C,-4.467196037,0.005079762,0
S464D,-4.869802332,0.003774849,0
S464E,-5.341532622,0.002644223,0
S464F,-4.713730883,0.004237998,0
S464G,-4.527910557,0.004858922,0
S464H,-3.171227805,0.012879017,0
S464I,-5.729944556,0.001954252,0
S464K,-4.379375974,0.005416096,0
S464L,-3.749117126,0.00853612,0
S464M,-4.249771152,0.005951402,0
S464N,-4.006647976,0.007095007,0
S464P,-4.121758419,0.006529506,0
S464Q,-1.904206124,0.03138766,0
S464R,-3.889549092,0.007718494,0
S464T,-3.38081751,0.01109983,0
S464V,-6.782409302,0.000797741,0
S464W,-2.79636475,0.016783222,0
S464Y,-4.118080279,0.006546886,0
Q465A,-5.843067901,0.001785828,0
Q465C,-5.746862757,0.001928216,0
Q465D,-4.406915311,0.005308414,0
Q465E,-4.1693296,0.006308664,0
Q465F,-4.513613233,0.004910093,0
Q465G,-6.328812338,0.001195549,0
Q465H,-4.305512582,0.005715268,0
Q465I,-6.306356816,0.00121868,0
Q465K,-2.563914824,0.019766184,0
Q465L,-5.760051596,0.00190813,0
Q465M,-4.990453779,0.003449616,0
Q465N,-5.271337095,0.002789973,0
Q465P,-4.929506275,0.003610509,0
Q465R,-2.444981415,0.021488702,0
Q465S,-4.857198537,0.00381042,0
Q465T,-4.689726904,0.004313782,0
Q465V,-6.765386236,0.000810522,0
Q465W,-4.332454308,0.005604366,0
Q465Y,-5.762762899,0.001904023,0
I466A,-2.481790054,0.02094035,0
I466C,-1.817091333,0.033358711,0
I466D,-3.373967525,0.011153985,0
I466E,-2.833544133,0.016349132,0
I466F,-1.049975974,0.056967803,0
I466G,-5.650963025,0.002079923,0
I466H,-3.875034892,0.007799359,0
I466K,-4.223554174,0.006065657,0
I466L,-4.054706061,0.006853415,0
I466M,-3.638533292,0.009238378,0
I466N,-3.529557692,0.009985133,0
I466P,-3.228470745,0.012367158,0
I466Q,-3.361934295,0.011249745,0
I466R,-6.500118722,0.001030454,0
I466S,-4.670911011,0.004374074,0
I466T,-2.828502435,0.016407343,0
I466V,0.305309558,0.146185678,1
I466W,-2.980551109,0.014738233,0
I466Y,-2.910811733,0.015481993,0
L467A,-2.926177393,0.015315019,0
L467C,-4.997165369,0.003432311,0
L467D,-4.674280846,0.004363218,0
L467E,-4.423445323,0.00524476,0
L467F,-3.058935444,0.013944087,0
L467G,-1.876565105,0.03200022,0
L467H,-3.145001955,0.013120396,0
L467I,-2.096463024,0.027436782,0
L467K,-4.79455681,0.003991894,0
L467M,-1.52314817,0.040960384,0
L467N,-5.065277612,0.003261164,0
L467P,-3.347913529,0.011362333,0
L467Q,-5.075583565,0.003235965,0
L467R,-5.146148374,0.003068178,0
L467S,-5.251102576,0.00283332,0
L467T,-3.375260267,0.011143745,0
L467V,-0.095925179,0.110625507,0
L467W,-5.029441142,0.003350203,0
L467Y,-4.378100166,0.005421134,0
I468A,-1.07462662,0.055997963,0
I468C,-2.610737981,0.019126054,0
I468D,-5.316972751,0.002694413,0
I468E,-4.626772077,0.004518635,0
I468F,-3.585219545,0.009596666,0
I468G,-1.3615355,0.045848769,0
I468H,-3.020893012,0.014324124,0
I468K,-5.918037105,0.00168127,0
I468L,-1.51692185,0.041138748,0
I468M,-0.445734241,0.086746427,0
I468N,-5.008433895,0.003403435,0
I468P,-3.071483845,0.013820912,0
I468Q,-4.390465306,0.005372488,0
I468R,-6.135140382,0.001407401,0
I468S,-1.01082669,0.058542535,0
I468T,-2.175717897,0.025955273,0
I468V,-1.996591686,0.029423391,0
I468W,-2.810306545,0.016619131,0
I468Y,-5.096864963,0.003184496,0
G469A,-1.960044747,0.030185436,0
G469C,-2.120682929,0.026975374,0
G469D,-3.476395416,0.010370415,0
G469E,-4.414798155,0.005277967,0
G469F,-4.030188327,0.006975662,0
G469H,-3.564625685,0.009738648,0
G469I,-3.950219752,0.007389143,0
G469K,-4.396833279,0.005347597,0
G469L,-6.461229079,0.001066233,0
G469M,-2.042773875,0.028487643,0
G469N,-5.406618172,0.002515275,0
G469P,-4.450088678,0.005143684,0
G469Q,-4.609362588,0.00457688,0
G469R,-6.310721904,0.001214155,0
G469S,-0.534439529,0.081556776,0
G469T,-3.252106553,0.012161662,0
G469V,-2.968164893,0.014867718,0
G469W,-4.553394863,0.004768961,0
G469Y,-5.105081235,0.003164827,0
T470A,1.242363266,0.280144363,1
T470C,1.675267304,0.378278016,1
T470D,-1.778624271,0.034267669,0
T470E,-5.554721212,0.002242654,0
T470F,1.456209746,0.324949354,1
T470G,-0.168774471,0.105164393,0
T470H,-1.484351972,0.042084418,0
T470I,-3.413017617,0.010848674,0
T470K,-0.606589438,0.077564779,0
T470L,-1.163948386,0.052619349,0
T470M,-0.341139286,0.093290085,0
T470N,-2.113148972,0.027118073,0
T470P,-5.197492407,0.00295115,0
T470Q,-3.275743955,0.011959492,0
T470R,-5.944232862,0.001645997,0
T470S,-1.955544239,0.030280619,0
T470V,2.1572785,0.528447567,1
T470W,-3.750936166,0.008525012,0
T470Y,-1.01613211,0.058326619,0
L471A,-3.938322881,0.007452638,0
L471C,-4.300264104,0.005737115,0
L471D,-3.002956198,0.014506816,0
L471E,-2.895213018,0.015653329,0
L471F,-1.068793175,0.056225976,0
L471G,-1.577226031,0.039443183,0
L471H,-3.404423388,0.01091516,0
L471I,-2.839004782,0.016286313,0
L471K,-3.934989389,0.007470523,0
L471M,-2.725845386,0.017637949,0
L471N,-2.812181984,0.016597179,0
L471P,-3.128108371,0.013278222,0
L471Q,-2.420767083,0.021857137,0
L471R,-3.995338821,0.007153039,0
L471S,-2.668185827,0.01836853,0
L471T,-2.459936676,0.021264219,0
L471V,-3.469662294,0.010420232,0
L471W,-3.153863637,0.013038343,0
L471Y,-2.299351095,0.023800735,0
L472A,-1.918909615,0.031066562,0
L472C,-1.717235576,0.035769402,0
L472D,-4.782579176,0.0040275,0
L472E,-3.061964028,0.01391426,0
L472F,-2.475501865,0.021033039,0
L472G,-4.860105848,0.003802187,0
L472H,-5.482267662,0.002372529,0
L472I,0.357701705,0.151602371,1
L472K,-4.230338385,0.006035892,0
L472M,-2.492576467,0.020782293,0
L472N,-3.970606015,0.007281548,0
L472P,-3.308511516,0.011684655,0
L472Q,-4.659888949,0.00440976,0
L472R,-6.636891468,0.000912015,0
L472S,-3.425458392,0.010753129,0
L472T,-0.821064521,0.066811413,0
L472V,-0.949134624,0.061112397,0
L472W,-4.15036192,0.006395846,0
L472Y,-4.345397619,0.005551819,0
V473A,-2.740065104,0.01746222,0
V473C,-2.736611468,0.017504741,0
V473D,-5.518355183,0.002307026,0
V473E,-5.253580804,0.002827979,0
V473F,-3.141594842,0.013152078,0
V473G,-5.239956511,0.002857459,0
V473H,-4.815765571,0.003929567,0
V473I,-0.256951013,0.098912757,0
V473K,-5.714883371,0.001977689,0
V473L,-0.884905731,0.0639073,0
V473M,-1.049809874,0.056974394,0
V473N,-5.188747734,0.002970788,0
V473P,-5.961595248,0.001622969,0
V473Q,-5.162849934,0.003029652,0
V473R,-7.863035492,0.000230101,0
V473S,-7.213436421,0.000519652,0
V473T,-4.066037496,0.006797614,0
V473W,-4.40178732,0.005328309,0
V473Y,-4.772469752,0.004057783,0
W474A,-6.360063538,0.001163951,0
W474C,-4.15020703,0.006396563,0
W474D,-4.550541003,0.004778956,0
W474E,-5.510429119,0.002321272,0
W474F,-3.794503982,0.008263114,0
W474G,-5.466060255,0.002402484,0
W474H,-5.334349623,0.002658814,0
W474I,-6.204468801,0.001328277,0
W474K,-5.458777998,0.002416054,0
W474L,-6.336128662,0.00118809,0
W474M,-3.066344663,0.013871229,0
W474N,-5.717473995,0.00197364,0
W474P,-5.539761401,0.002268938,0
W474Q,-4.659781243,0.00441011,0
W474R,-5.833059331,0.001800203,0
W474S,-6.354191154,0.001169836,0
W474T,-5.289623275,0.002751319,0
W474V,-4.738534745,0.004161002,0
W474Y,-2.1334309,0.026735609,0
L475A,-2.013164075,0.029084149,0
L475C,-3.275024183,0.0119656,0
L475D,-3.393916578,0.010996982,0
L475E,-3.98704505,0.007195887,0
L475F,-0.588244974,0.078560915,0
L475G,-4.804625219,0.003962191,0
L475H,-4.020287122,0.007025622,0
L475I,-3.689891623,0.008905529,0
L475K,-3.445239838,0.010602895,0
L475M,-1.519622485,0.041061289,0
L475N,-3.476712551,0.010368074,0
L475P,-4.756062337,0.004107386,0
L475Q,-3.196895799,0.012646984,0
L475R,-5.460730565,0.002412409,0
L475S,-3.756299891,0.008492341,0
L475T,-3.562523892,0.009753253,0
L475V,-3.193032097,0.012681648,0
L475W,-0.828260023,0.06647763,0
L475Y,-2.230389481,0.024979714,0
G476A,-2.55134185,0.019941639,0
G476C,-6.632997955,0.000915233,0
G476D,-4.580177374,0.004676114,0
G476E,-5.247212401,0.002841724,0
G476F,-4.821710223,0.003912262,0
G476H,-4.937454131,0.003589141,0
G476I,-5.93960229,0.001652186,0
G476K,-5.442168116,0.002447262,0
G476L,-6.81976678,0.000770217,0
G476M,-4.516760636,0.004898785,0
G476N,-4.781143792,0.004031787,0
G476P,-6.306076753,0.001218971,0
G476Q,-5.24901824,0.00283782,0
G476R,-7.381179796,0.000431985,0
G476S,-4.516818709,0.004898577,0
G476T,-6.218051984,0.001313215,0
G476V,-5.474252546,0.002387301,0
G476W,-5.037262395,0.003330582,0
G476Y,-5.207672874,0.002928436,0
L477A,-4.849512424,0.003832265,0
L477C,-1.428685883,0.043750947,0
L477D,-3.825532696,0.008081356,0
L477E,-5.719123994,0.001971065,0
L477F,-1.204993395,0.051135585,0
L477G,-5.104153808,0.003167041,0
L477H,-4.000625444,0.007125855,0
L477I,-1.279100423,0.048561251,0
L477K,-4.511339754,0.004918277,0
L477M,-1.837203223,0.032893037,0
L477N,-3.810887364,0.008166658,0
L477P,-6.494374542,0.001035678,0
L477Q,-4.600681652,0.004606187,0
L477R,-5.395167464,0.002537542,0
L477S,-3.735621202,0.008618969,0
L477T,-2.486058405,0.020877663,0
L477V,-0.069470082,0.112677955,0
L477W,-3.873256339,0.007809324,0
L477Y,-5.194335023,0.002958227,0
N478A,-6.106385254,0.001441351,0
N478C,-4.08060443,0.006726521,0
N478D,-4.278453359,0.005828758,0
N478E,-5.297936243,0.002733908,0
N478F,-4.221254289,0.00607578,0
N478G,-2.598686806,0.019288828,0
N478H,-2.818319483,0.016525537,0
N478I,-4.183991425,0.006242053,0
N478K,-2.918673228,0.015396342,0
N478L,-7.155064391,0.000552628,0
N478M,-3.296051507,0.011788429,0
N478P,-5.171257587,0.003010426,0
N478Q,-1.846228692,0.032686162,0
N478R,-4.751088914,0.004122533,0
N478S,-3.941101617,0.007437761,0
N478T,-4.93745075,0.00358915,0
N478V,-6.946384896,0.000682057,0
N478W,-4.444060267,0.005166391,0
N478Y,-4.318677569,0.005660818,0
T479A,-1.087341994,0.055504138,0
T479C,-4.06123508,0.00682121,0
T479D,-4.516724511,0.004898915,0
T479E,-5.129534955,0.003106945,0
T479F,-3.8565621,0.007903462,0
T479G,-3.402850987,0.010927367,0
T479H,-2.108492813,0.027206637,0
T479I,-3.739273364,0.008596473,0
T479K,-3.032188208,0.014210239,0
T479L,-3.441253642,0.010633003,0
T479M,-0.854401705,0.065278891,0
T479N,-3.363399096,0.011238045,0
T479P,-5.878238587,0.001736099,0
T479Q,-4.633546616,0.004496159,0
T479R,-6.312429413,0.001212389,0
T479S,0.751413783,0.199258104,1
T479V,-3.751424682,0.008522031,0
T479W,-3.878775435,0.00777844,0
T479Y,-3.222963725,0.012415523,0
K480A,-0.976700893,0.059950498,0
K480C,-3.309221571,0.011678769,0
K480D,-5.066561509,0.003258015,0
K480E,-1.992639584,0.029504869,0
K480F,-4.644690236,0.004459417,0
K480G,-1.529076876,0.04079126,0
K480H,-1.552208253,0.040138013,0
K480I,-4.238471602,0.006000391,0
K480L,-4.326259187,0.005629685,0
K480M,-3.090209398,0.013639084,0
K480N,-1.036570778,0.057502206,0
K480P,-4.831162574,0.003884891,0
K480Q,-3.301064516,0.01174657,0
K480R,-0.162586099,0.105617659,0
K480S,-1.938482883,0.030644164,0
K480T,-0.585387835,0.078717206,0
K480V,-1.257912019,0.049283846,0
K480W,-2.482352595,0.020932078,0
K480Y,-1.960216668,0.030181806,0
N481A,-2.574167103,0.019624241,0
N481C,-4.000022259,0.007128951,0
N481D,-1.851072155,0.032575675,0
N481E,-3.569274288,0.009706421,0
N481F,-4.373472312,0.005439448,0
N481G,-3.217165147,0.012466648,0
N481H,-2.995851012,0.014579815,0
N481I,-3.823415254,0.008093636,0
N481K,-2.472438672,0.021078338,0
N481L,-5.401349867,0.002525498,0
N481M,-2.363677861,0.022750654,0
N481P,-3.50440372,0.010165662,0
N481Q,-4.375949571,0.005429638,0
N481R,-6.042462602,0.00151929,0
N481S,-0.618356088,0.076932466,0
N481T,-4.236827311,0.006007552,0
N481V,-3.790751854,0.00828536,0
N481W,-2.861289743,0.016032399,0
N481Y,-3.718242258,0.008726804,0
G482A,-0.239127588,0.100145799,0
G482C,-1.52148568,0.041007934,0
G482D,-2.129719954,0.026805187,0
G482E,-4.690924064,0.004309972,0
G482F,-2.500044182,0.020673557,0
G482H,-2.843614519,0.016233467,0
G482I,-3.346374133,0.011374761,0
G482K,-2.46885356,0.021131477,0
G482L,-0.956794645,0.060787302,0
G482M,-2.113025993,0.027120408,0
G482N,-2.130842555,0.02678412,0
G482P,-2.288787154,0.023977703,0
G482Q,-3.128865786,0.013271106,0
G482R,-2.517636348,0.020419614,0
G482S,-2.733527414,0.017542798,0
G482T,-4.199116803,0.006174043,0
G482V,-4.103678507,0.006615367,0
G482W,-2.464758053,0.021192344,0
G482Y,-2.437593203,0.021600463,0
S483A,-2.993526599,0.014603775,0
S483C,-0.512193124,0.082828466,0
S483D,-3.021620259,0.014316765,0
S483E,-1.722124982,0.035647438,0
S483F,-1.720385255,0.035690788,0
S483G,-3.325558024,0.011544128,0
S483H,-1.204938771,0.051137532,0
S483I,-3.268551552,0.012020659,0
S483K,-1.447491262,0.043180746,0
S483L,-3.682971445,0.00894969,0
S483M,-3.138995165,0.013176302,0
S483N,-2.817186085,0.016538744,0
S483P,-3.576476997,0.009656693,0
S483Q,-0.367955362,0.091566935,0
S483R,-0.260689005,0.098656086,0
S483T,-1.320164742,0.047190679,0
S483V,-4.791028794,0.004002351,0
S483W,-3.571041528,0.009694197,0
S483Y,-1.540587639,0.040464879,0
I484A,-2.85144671,0.016144066,0
I484C,-2.652139336,0.018577097,0
I484D,-2.836477591,0.016315356,0
I484E,-2.487998414,0.020849233,0
I484F,-2.949937877,0.015060296,0
I484G,-2.555984972,0.019876666,0
I484H,-3.106267396,0.013485027,0
I484K,-2.327783114,0.023330827,0
I484L,-0.117523304,0.108977557,0
I484M,-1.759505779,0.034728526,0
I484N,-3.990909621,0.007175891,0
I484P,-4.876176756,0.003756977,0
I484Q,-2.848196806,0.016181104,0
I484R,-4.888690138,0.003722121,0
I484S,-4.539809858,0.004816719,0
I484T,-0.361408556,0.09198467,0
I484V,0.079971093,0.125006052,1
I484W,-3.193069395,0.012681313,0
I484Y,-3.282473565,0.011902538,0
S485A,-1.945482201,0.030494501,0
S485C,-1.080647803,0.055763577,0
S485D,-4.941848202,0.003577377,0
S485E,-3.865133683,0.007854991,0
S485F,-3.056598113,0.013967149,0
S485G,-2.250685572,0.024626857,0
S485H,-4.416927931,0.00526977,0
S485I,-3.909216979,0.007610206,0
S485K,-4.639376276,0.004476902,0
S485L,-5.448730187,0.00243489,0
S485M,-2.508306011,0.020553912,0
S485N,-4.61034158,0.004573586,0
S485P,-3.78787377,0.008302462,0
S485Q,-3.754060362,0.008505967,0
S485R,-5.395390737,0.002537106,0
S485T,-0.183761728,0.104074677,0
S485V,-5.813193905,0.001829031,0
S485W,-3.700889953,0.008835777,0
S485Y,-6.533161033,0.001000804,0
L486A,-2.03531312,0.028636792,0
L486C,-2.009912106,0.029150411,0
L486D,-4.214714555,0.006104651,0
L486E,-4.559509351,0.004747612,0
L486F,-0.61336338,0.077200133,0
L486G,-3.035525823,0.014176758,0
L486H,-4.587417855,0.004651308,0
L486I,-1.199940073,0.05131599,0
L486K,-4.314842326,0.005676629,0
L486M,-4.056607463,0.006844021,0
L486N,-5.029598783,0.003349807,0
L486P,-3.579248284,0.009637625,0
L486Q,-4.56301383,0.004735416,0
L486R,-6.406029607,0.001118701,0
L486S,-5.809737736,0.001834087,0
L486T,-5.786944018,0.001867738,0
L486V,-1.001190456,0.058936738,0
L486W,-2.602300865,0.01923987,0
L486Y,-4.917792531,0.003642218,0
T487A,-0.468935722,0.085358074,0
T487C,-1.797678742,0.033814392,0
T487D,-3.168326491,0.012905505,0
T487E,-4.312435838,0.005686571,0
T487F,-4.346676457,0.005546653,0
T487G,-1.874436044,0.032047892,0
T487H,-3.494247695,0.010239448,0
T487I,-2.651103297,0.018590643,0
T487K,-2.564827195,0.019753511,0
T487L,-4.151231489,0.006391824,0
T487M,-2.606163769,0.019187677,0
T487N,-4.495324921,0.004976292,0
T487P,-2.894519209,0.015660993,0
T487Q,-3.346693975,0.011372177,0
T487R,-4.946424083,0.003565165,0
T487S,-3.671846474,0.00902113,0
T487V,-1.695948388,0.036305246,0
T487W,-3.166367541,0.01292342,0
T487Y,-3.398653758,0.010960017,0
C488A,-2.080132501,0.027752292,0
C488D,-1.717201922,0.035770243,0
C488E,-2.523756904,0.020331987,0
C488F,-1.630390326,0.038006036,0
C488G,-3.442008645,0.010627294,0
C488H,-2.741734839,0.017441699,0
C488I,0.487845936,0.165940446,1
C488K,-3.73149247,0.00864447,0
C488L,1.636319183,0.368194913,1
C488M,0.140692361,0.130391689,1
C488N,-4.312188289,0.005687595,0
C488P,-5.488116685,0.0023618,0
C488Q,-2.155319924,0.026328829,0
C488R,-4.805094051,0.003960813,0
C488S,-1.300375699,0.047846293,0
C488T,-1.965886583,0.030062328,0
C488V,-5.171776776,0.003009242,0
C488W,-1.743493816,0.035119226,0
C488Y,-1.097483472,0.055113384,0
L489A,-0.920255777,0.062353669,0
L489C,-0.364738539,0.091771955,0
L489D,-1.351517807,0.046170183,0
L489E,-1.705978266,0.036051787,0
L489F,-0.955176398,0.060855837,0
L489G,-3.866558723,0.007846961,0
L489H,-2.216692989,0.025220654,0
L489I,-0.29670131,0.096217053,0
L489K,-3.985552872,0.007203623,0
L489M,-0.237218419,0.100278782,0
L489N,-3.193131739,0.012680753,0
L489P,-4.152883793,0.006384189,0
L489Q,-1.937669845,0.030661595,0
L489R,-2.754012989,0.017291525,0
L489S,-2.796992874,0.016775795,0
L489T,-0.584456643,0.078768211,0
L489V,1.559604456,0.349113286,1
L489W,-0.903978301,0.063064335,0
L489Y,-1.294133568,0.048054969,0
A490C,-1.269089307,0.048901341,0
A490D,-5.833850127,0.001799064,0
A490E,-0.729113824,0.071226655,0
A490F,-0.006021155,0.117756599,0
A490G,-1.3257493,0.047007283,0
A490H,-1.614937886,0.038418304,0
A490I,0.255572745,0.141222364,1
A490K,-0.605760127,0.07760954,0
A490L,-0.835285641,0.06615333,0
A490M,-0.603559339,0.077728447,0
A490N,-1.016072744,0.058329031,0
A490P,-3.602636379,0.009478159,0
A490Q,-1.760892257,0.034694899,0
A490R,-3.453303606,0.010542241,0
A490S,1.416995153,0.316228228,1
A490T,-1.35327123,0.046113764,0
A490V,-0.016322657,0.116916772,0
A490W,-0.786819348,0.068422986,0
A490Y,-0.649743321,0.075270796,0
L491A,-1.822733243,0.033227421,0
L491C,-2.836908664,0.016310399,0
L491D,-1.757769096,0.034770692,0
L491E,-1.939921551,0.030613342,0
L491F,-3.152105251,0.013054585,0
L491G,-2.243990093,0.024742713,0
L491H,-2.174102183,0.02598467,0
L491I,-1.24026705,0.04989375,0
L491K,-1.969632717,0.029983645,0
L491M,-1.437027641,0.043497098,0
L491N,-3.612729211,0.009410138,0
L491P,-3.270286792,0.012005874,0
L491Q,-3.023634656,0.014296399,0
L491R,-2.88168437,0.015803435,0
L491S,-2.700049266,0.017961194,0
L491T,-1.960467133,0.030176518,0
L491V,0.663198752,0.187422737,1
L491W,-2.188173211,0.025729757,0
L491Y,-2.210410836,0.025331933,0
G492A,-0.46711649,0.08546613,0
G492C,-5.690063063,0.002016849,0
G492D,-3.921516141,0.007543235,0
G492E,-6.35182691,0.001172213,0
G492F,-5.925048366,0.001671766,0
G492H,-3.916961091,0.007567971,0
G492I,-5.136175597,0.003091396,0
G492K,-4.449484909,0.005145954,0
G492L,-7.211735891,0.000520593,0
G492M,-4.287029861,0.005792556,0
G492N,-4.146201573,0.006415123,0
G492P,-5.414566487,0.002499923,0
G492Q,-4.885248845,0.003731677,0
G492R,-4.201514555,0.006163327,0
G492S,-6.675126558,0.000880864,0
G492T,-6.420932601,0.001104337,0
G492V,-7.857788793,0.000231956,0
G492W,-7.788936321,0.000256933,0
G492Y,-5.637322121,0.002102332,0
G493A,1.998281371,0.473273601,1
G493C,-1.374113653,0.045448351,0
G493D,-3.005106013,0.0144848,0
G493E,-3.535661768,0.009941797,0
G493F,-3.554289473,0.009810677,0
G493H,-3.025760246,0.014274941,0
G493I,-3.355583944,0.011300603,0
G493K,-1.357177158,0.04598833,0
G493L,-2.503381952,0.020625138,0
G493M,0.039473981,0.121538143,1
G493N,-3.96362799,0.007318206,0
G493P,-2.423905105,0.021809041,0
G493Q,-2.421550039,0.021845127,0
G493R,-2.466330899,0.021168948,0
G493S,-1.071344487,0.056126139,0
G493T,-4.569897288,0.004711548,0
G493V,-0.716515058,0.071853835,0
G493W,-2.268950368,0.024313532,0
G493Y,-4.381278348,0.005408591,0
V494A,-0.101802439,0.110174623,0
V494C,-2.152209123,0.026386263,0
V494D,-1.456238191,0.04291805,0
V494E,-1.743273264,0.035124638,0
V494F,-0.891252459,0.063625551,0
V494G,-5.11901963,0.003131715,0
V494H,-1.758707907,0.034747892,0
V494I,-0.967684871,0.060328076,0
V494K,-1.755143811,0.034834531,0
V494L,1.309037883,0.293408359,1
V494M,0.41597998,0.157863289,1
V494N,-1.930215347,0.030821881,0
V494P,-5.421178629,0.002487216,0
V494Q,-1.460889878,0.042778994,0
V494R,-5.333236508,0.002661082,0
V494S,-1.641792524,0.037704646,0
V494T,-2.03573094,0.028628419,0
V494W,-1.323448152,0.047082766,0
V494Y,-1.297749,0.047933994,0
M495A,-4.40034791,0.005333907,0
M495C,-3.228058728,0.01237077,0
M495D,-1.95766995,0.030235625,0
M495E,-1.914718676,0.031157751,0
M495F,-3.973591072,0.007265921,0
M495G,-4.109812354,0.006586117,0
M495H,-1.615449383,0.038404586,0
M495I,-0.916634688,0.062511071,0
M495K,-2.674932316,0.018281532,0
M495L,-1.214763619,0.050788571,0
M495N,-4.128480758,0.006497855,0
M495P,-6.360739447,0.001163275,0
M495Q,-3.280076904,0.011922791,0
M495R,-7.029017029,0.000628557,0
M495S,-2.850691636,0.016152664,0
M495T,-0.781551911,0.068674283,0
M495V,0.68997844,0.190939445,1
M495W,-3.441059391,0.010634473,0
M495Y,-3.507343733,0.010144399,0
I496A,-4.481923087,0.005025338,0
I496C,-2.195618713,0.025595876,0
I496D,-4.74647233,0.00413664,0
I496E,-4.651685457,0.004436497,0
I496F,-0.744699271,0.070458337,0
I496G,-6.677608995,0.00087887,0
I496H,-3.367841921,0.011202633,0
I496K,-3.478246053,0.010356763,0
I496L,-1.051288152,0.056915759,0
I496M,-4.235736114,0.006012309,0
I496N,-3.028568927,0.014246634,0
I496P,-5.029437844,0.003350212,0
I496Q,-4.250347577,0.005948913,0
I496R,-5.400986068,0.002526205,0
I496S,-6.884059346,0.000724486,0
I496T,-4.701978544,0.004274944,0
I496V,-1.978205208,0.029804357,0
I496W,-3.222943453,0.012415701,0
I496Y,-3.335667433,0.011461569,0
F497A,-6.046868482,0.001513807,0
F497C,-4.292894878,0.005767924,0
F497D,-3.497025539,0.010219215,0
F497E,-3.636891152,0.009249217,0
F497G,-6.265769261,0.001261413,0
F497H,-2.988868731,0.014651903,0
F497I,-3.426208896,0.010747392,0
F497K,-3.879122272,0.007776504,0
F497L,-5.09364181,0.003192242,0
F497M,-3.48279755,0.010323261,0
F497N,-3.483282178,0.0103197,0
F497P,-4.542841929,0.004806021,0
F497Q,-3.673385254,0.009011216,0
F497R,-5.571695126,0.002213159,0
F497S,-4.60766034,0.004582613,0
F497T,-4.742836247,0.004147783,0
F497V,-3.78478643,0.008320846,0
F497W,-3.364312082,0.011230759,0
F497Y,-2.04772809,0.028389028,0
L498A,-6.508957788,0.001022456,0
L498C,-5.395992372,0.002535932,0
L498D,-4.190018019,0.00621487,0
L498E,-4.407356662,0.005306705,0
L498F,-4.154152497,0.006378332,0
L498G,-6.606314528,0.000937527,0
L498H,-3.53401467,0.009953473,0
L498I,-6.846715813,0.0007508,0
L498K,-4.772912674,0.004056452,0
L498M,-3.837540063,0.008012063,0
L498N,-4.542725654,0.004806431,0
L498P,-3.610426437,0.009425615,0
L498Q,-4.627880092,0.004514951,0
L498R,-6.353074919,0.001170958,0
L498S,-6.551105109,0.000984984,0
L498T,-6.257758475,0.00126999,0
L498V,-6.83411403,0.000759835,0
L498W,-5.022453775,0.003367823,0
L498Y,-4.444620099,0.005164278,0
S499A,-0.411511454,0.088835474,0
S499C,-3.014266081,0.014391357,0
S499D,-3.241899624,0.012249991,0
S499E,-3.522343549,0.010036587,0
S499F,-2.823388485,0.016466597,0
S499G,-5.109698465,0.003153822,0
S499H,-3.465427994,0.010451681,0
S499I,-4.198057654,0.006178782,0
S499K,-3.042910983,0.014102948,0
S499L,-5.740458059,0.001938036,0
S499M,-3.497742108,0.010214002,0
S499N,-3.852182631,0.007928339,0
S499P,-5.279798323,0.002772026,0
S499Q,-3.255140152,0.01213553,0
S499R,-5.393981282,0.002539859,0
S499T,-1.674465429,0.036854093,0
S499V,-5.015668934,0.003385014,0
S499W,-2.613525016,0.019088603,0
S499Y,-3.591183638,0.009555924,0
T500A,-2.772195962,0.017071465,0
T500C,-2.794241183,0.016808355,0
T500D,-4.068422144,0.006785927,0
T500E,-4.690555273,0.004311146,0
T500F,-3.972773623,0.007270197,0
T500G,-6.112449749,0.001434134,0
T500H,-2.388986364,0.022350178,0
T500I,-3.866270113,0.007848586,0
T500K,-1.007149763,0.058692641,0
T500L,-5.748763487,0.00192531,0
T500M,-3.071772301,0.013818093,0
T500N,-4.197618669,0.006180748,0
T500P,-4.439661335,0.00518302,0
T500Q,-3.0718287,0.013817542,0
T500R,-2.850976278,0.016149423,0
T500S,0.188549196,0.13479897,1
T500V,-5.860360898,0.001761226,0
T500W,-2.597536852,0.019304431,0
T500Y,-2.3056531,0.023695779,0
A501C,-1.717585322,0.035760664,0
A501D,-6.314401136,0.001210352,0
A501E,-3.313314725,0.011644891,0
A501F,-2.864862812,0.015992051,0
A501G,-5.074521239,0.003238554,0
A501H,-4.036282999,0.00694508,0
A501I,-3.285632326,0.011875895,0
A501K,-2.027928235,0.028785187,0
A501L,-5.312999863,0.002702613,0
A501M,-2.001292087,0.029326776,0
A501N,-2.968783559,0.014861224,0
A501P,-5.622616807,0.002126729,0
A501Q,-3.283668031,0.011892456,0
A501R,-5.062395505,0.003268244,0
A501S,-0.140200786,0.107273599,0
A501T,-0.076754969,0.112109016,0
A501V,-0.593703699,0.078263172,0
A501W,-2.956339698,0.01499238,0
A501Y,-3.159193083,0.012989239,0
V502A,-1.953338754,0.030327372,0
V502C,-5.155394282,0.003046795,0
V502D,-3.234911487,0.012310826,0
V502E,-4.059203554,0.006831215,0
V502F,-4.028878825,0.00698225,0
V502G,-4.049628351,0.006878563,0
V502H,-3.721862737,0.008704232,0
V502I,-3.624131989,0.009333858,0
V502K,-3.771490787,0.008400467,0
V502L,-4.051767214,0.006867959,0
V502M,-3.09699664,0.013573759,0
V502N,-3.366126785,0.011216291,0
V502P,-3.227373813,0.012376777,0
V502Q,-3.519558545,0.01005652,0
V502R,-5.346438319,0.0026343,0
V502S,-5.381663315,0.00256403,0
V502T,-4.124183766,0.006518069,0
V502W,-3.342474555,0.011406303,0
V502Y,-3.788902773,0.008296343,0
S503A,-4.752299443,0.004118841,0
S503C,-4.20051736,0.006167781,0
S503D,-3.241732279,0.012251444,0
S503E,-3.51548526,0.010085742,0
S503F,-3.386237579,0.011057161,0
S503G,-4.95655187,0.003538273,0
S503H,-4.906148117,0.003673996,0
S503I,-5.599930788,0.002164858,0
S503K,-4.19551128,0.00619019,0
S503L,-5.961440529,0.001623173,0
S503M,-2.188427005,0.025725182,0
S503N,-2.791172282,0.016844742,0
S503P,-4.488467555,0.00500133,0
S503Q,-1.416236672,0.044132532,0
S503R,-5.828340686,0.001807015,0
S503T,-2.414418065,0.021954768,0
S503V,-5.242820558,0.002851239,0
S503W,-4.361445499,0.005487319,0
S503Y,-0.565862073,0.079793627,0
A504C,-3.312268705,0.011653539,0
A504D,-4.124618995,0.006516019,0
A504E,-4.20439139,0.006150493,0
A504F,-3.005763347,0.014478075,0
A504G,-3.15021533,0.013072063,0
A504H,-3.877944343,0.007783083,0
A504I,-3.254534111,0.012140747,0
A504K,-3.464614877,0.01045773,0
A504L,-4.120379829,0.006536015,0
A504M,-3.104927429,0.013497817,0
A504N,-2.782596757,0.01694683,0
A504P,-4.530229321,0.004850671,0
A504Q,-3.457718106,0.01050918,0
A504R,-5.785379892,0.001870067,0
A504S,-2.89976546,0.015603134,0
A504T,-2.708796568,0.017850935,0
A504V,-2.856492796,0.016086724,0
A504W,-2.907975268,0.015513011,0
A504Y,-3.048286155,0.014049463,0
